
> Javdex@0.6.2 pretest
> npm run check:actress-boundaries && npm run check:media-asset-store-boundaries && npm run check:metadata-source-boundaries && npm run check:classification-entity-boundaries && npm run check:agent-platform-boundaries && npm run lint && npm run check:css-architecture && npm run check:ui-controls


> Javdex@0.6.2 check:actress-boundaries
> node scripts/check-actress-boundaries.mjs

Domain IPC, shared types, and process dependency boundaries are valid.

> Javdex@0.6.2 check:media-asset-store-boundaries
> node scripts/check-media-asset-store-boundaries.mjs

MediaAssetStore implementation boundaries are valid.

> Javdex@0.6.2 check:metadata-source-boundaries
> node scripts/check-metadata-source-boundaries.mjs

Video metadata source boundaries are valid.

> Javdex@0.6.2 check:classification-entity-boundaries
> node scripts/check-classification-entity-boundaries.mjs

Classification entity storage and routing boundaries are valid.

> Javdex@0.6.2 check:agent-platform-boundaries
> node scripts/check-agent-platform-boundaries.mjs

Agent platform boundaries OK

> Javdex@0.6.2 lint
> npm run lint:ts && npm run lint:css


> Javdex@0.6.2 lint:ts
> eslint "src/**/*.{ts,tsx}" "electron.vite.config.ts"


> Javdex@0.6.2 lint:css
> stylelint "src/renderer/src/**/*.module.css" --allow-empty-input


> Javdex@0.6.2 check:css-architecture
> node scripts/check-css-architecture.mjs

CSS architecture checks passed.
┌─────────────────────────────────┬────────┐
│ (index)                         │ Values │
├─────────────────────────────────┼────────┤
│ cssFileCount                    │ 90     │
│ globalClassCount                │ 1155   │
│ crossFileDuplicateClassCount    │ 143    │
│ descendantSelectorCount         │ 803    │
│ importantDeclarationCount       │ 12     │
│ hardcodedColorDeclarationCount  │ 166    │
│ globalStateClassCount           │ 88     │
│ rawButtonClassOccurrenceCount   │ 3      │
│ classNameBehaviorInferenceCount │ 0      │
└─────────────────────────────────┴────────┘

> Javdex@0.6.2 check:ui-controls
> node scripts/check-ui-controls.mjs

UI control checks passed: shared Switch / Checkbox only.

> Javdex@0.6.2 test
> npm run typecheck && npm run test:packaging && node scripts/run-electron-tests.mjs


> Javdex@0.6.2 typecheck
> npm run typecheck:node && npm run typecheck:web


> Javdex@0.6.2 typecheck:node
> tsc --noEmit -p tsconfig.node.json --composite false


> Javdex@0.6.2 typecheck:web
> tsc --noEmit -p tsconfig.web.json --composite false && tsc --noEmit -p tsconfig.browser.json


> Javdex@0.6.2 test:packaging
> node --test scripts/packaging-runtime.test.mjs

TAP version 13
# Subtest: pruneBetterSqlitePrebuilds retains only the current platform and arch
ok 1 - pruneBetterSqlitePrebuilds retains only the current platform and arch
  ---
  duration_ms: 1.668792
  type: 'test'
  ...
# Subtest: pruneBetterSqliteBuildFiles removes sources but preserves runtime files
ok 2 - pruneBetterSqliteBuildFiles removes sources but preserves runtime files
  ---
  duration_ms: 1.545959
  type: 'test'
  ...
# Subtest: better-sqlite3 prebuild selection covers every configured packaging platform
ok 3 - better-sqlite3 prebuild selection covers every configured packaging platform
  ---
  duration_ms: 0.088083
  type: 'test'
  ...
# Subtest: pruneElectronFrameworkLocales keeps English and Chinese locale variants
ok 4 - pruneElectronFrameworkLocales keeps English and Chinese locale variants
  ---
  duration_ms: 2.314375
  type: 'test'
  ...
# Subtest: mac packaging selects a node-gyp compatible Python unless the caller chose one
ok 5 - mac packaging selects a node-gyp compatible Python unless the caller chose one
  ---
  duration_ms: 0.1245
  type: 'test'
  ...
# Subtest: packaged runtime smoke runs only for a host-compatible macOS executable
ok 6 - packaged runtime smoke runs only for a host-compatible macOS executable
  ---
  duration_ms: 0.349458
  type: 'test'
  ...
# Subtest: packaging retains the complete Cheerio runtime dependency chain
ok 7 - packaging retains the complete Cheerio runtime dependency chain
  ---
  duration_ms: 0.21125
  type: 'test'
  ...
# Subtest: mac packaging explicitly enables ad-hoc signing before invoking its custom signer
ok 8 - mac packaging explicitly enables ad-hoc signing before invoking its custom signer
  ---
  duration_ms: 0.085
  type: 'test'
  ...
1..8
# tests 8
# suites 0
# pass 8
# fail 0
# cancelled 0
# skipped 0
# todo 0
# duration_ms 78.34275
▶ createAgentBrowserSchema
  ✔ exposes strict bounded vertical scroll branches without enabling input actions (0.98075ms)
  ✔ explains the evaluate restrictions and their supported alternatives before invocation (0.104958ms)
✔ createAgentBrowserSchema (1.484708ms)
▶ AgentConfiguration
  ✔ projects code-owned tools and permissions while injecting workload compaction (1.627084ms)
  ✔ binds metadata collection to the curator workload and explicit staging capabilities (0.242209ms)
  ✔ registers playlist import as an independent least-privilege use case (0.46575ms)
✔ AgentConfiguration (3.272458ms)
▶ AgentExecution
  ✔ runs the persistence hook before the runtime can commit its bootstrap observation (7.960333ms)
  ✔ opens one runtime session and delegates ten operations without a loop or second queue (4.381583ms)
  ✔ authorizes and records Pi native tools without persisting their output (2.217625ms)
  ✔ fails closed when a Pi native tool lacks a frozen capability grant (1.328167ms)
  ✔ restores a normal checkpoint without reading ExecutionHistory (1.47925ms)
  ✔ rebuilds only for typed checkpoint corruption and only once per generation (1.87375ms)
  ✔ releases runtime resources without closing the durable run (1.405459ms)
  ✔ closes a durable run after its runtime was already released (3.043791ms)
✔ AgentExecution (24.869916ms)
✔ preserves newer product log references when aborting after a domain-only state update (1.749584ms)
✔ preserves append-only plugin history during checkpoint recovery: success (29.017334ms)
✔ preserves append-only plugin history during checkpoint recovery: hash-failure (9.364416ms)
✔ preserves append-only plugin history during checkpoint recovery: rebuild-failure (10.197792ms)
✔ preserves append-only plugin history during checkpoint recovery: unreconciled-tool (10.069625ms)
▶ AgentRunStore
  ✔ returns every durable non-closed run so each use case can apply its recovery policy (7.098958ms)
  ✔ persists a frozen config without serializing credentials or functions (1.37825ms)
  ✔ encrypts recovery payloads and fails closed on integrity damage (2.6385ms)
  ✔ accepts an idempotent operation once and settles only named command ids (0.872125ms)
  ✔ keeps repeated product events from the same operation in append order (0.62725ms)
  ✔ does not overwrite a terminal runtime fault when the runtime subsequently settles (2.312625ms)
  ✔ allows one rebuild attempt per recovery generation (1.476292ms)
  ✔ records artifact refs in the product journal and fails closed on damaged refs (6.231459ms)
✔ AgentRunStore (23.61775ms)
▶ Agent product journal pagination
  ✔ reads the last cursor through the run/seq index without parsing any payload in a 100k journal (189.574667ms)
  ✔ pages with a strict size cap and no cross-run, duplicate or skipped events despite sequence gaps (48.444459ms)
✔ Agent product journal pagination (238.1205ms)
▶ Agent recovery enumeration
  ✔ filters use case and status before parsing, lazily loads one product, and releases temporary ID pages (141.7265ms)
  ✔ keeps the original recovery order across pages while timestamps change and excludes runs created mid-iteration (127.061833ms)
  ✔ drops the temporary snapshot if an owned payload cannot be parsed (2.56425ms)
✔ Agent recovery enumeration (271.44125ms)
▶ cache affinity
  ✔ is stable, role-separated and does not expose source identifiers (2.073875ms)
✔ cache affinity (2.5805ms)
▶ resolveEffectiveMaxTokens
  ✔ uses the model maximum when the preset limit is zero (0.366584ms)
  ✔ uses the lower positive limit (0.050875ms)
  ✔ rejects invalid limits instead of forwarding zero to the provider (1.221625ms)
  ✔ restores a zero sentinel as one frozen positive provider limit (0.156458ms)
  ✔ resolves live models only by workload (0.525833ms)
✔ resolveEffectiveMaxTokens (3.054125ms)
▶ ModelInvocation
  ✔ uses injected frozen verifier access and forwards preset limits and cancellation (0.99725ms)
✔ ModelInvocation (1.408167ms)
▶ ModelManagementModule
  ✔ builds the migration backup from a strict non-secret provider whitelist (0.71275ms)
  ✔ migrates released settings once and then reads the same v2 revision (10.504ms)
  ✔ fails closed for an invalid v2 document (0.340791ms)
  ✔ fails closed for malformed nested v2 data and embedding catalog entries (2.407958ms)
  ✔ saving a provider never changes workload assignments (5.866333ms)
  ✔ refreshes protocol-derived model metadata when a connection contract changes (3.361583ms)
  ✔ never exposes credentials or Base URL query secrets in renderer snapshots (5.269417ms)
  ✔ changing the default affects inherited workloads but preserves an explicit plugin model (8.739ms)
  ✔ freezes the workload context limit into resolved model access (3.537458ms)
  ✔ rejects removing an in-use model and reports the exact workload (6.397542ms)
  ✔ restores the previous credential when configuration persistence fails (1.217667ms)
  ✔ does not touch credentials or storage on a stale revision (2.741ms)
  ✔ keeps discovery ephemeral and reset removes manual overrides (8.58775ms)
  ✔ rejects non-tool Agent models and unsupported long cache (4.875792ms)
✔ ModelManagementModule (65.557834ms)
▶ ToolHost
  ✔ records capability denials before failing closed (22.052541ms)
  ✔ requires a one-use approval permit for install effects (4.949417ms)
  ✔ stores only bounded hashes for tool output and errors (2.139ms)
  ✔ approves only the selected request when multiple approvals are pending (2.44425ms)
  ✔ keeps only the latest pending approval for single-card product flows (4.011709ms)
  ✔ revokes a persisted approval when the continuation dispatch fails (4.0555ms)
  ✔ discards pending and approved permits during terminal cleanup (3.44775ms)
  ✔ binds an approval permit to mutable domain scope as well as visible tool args (2.311792ms)
  ✔ serializes calls sharing a resource without scheduling batches (32.803625ms)
  ✔ marks interrupted writes uncertain and blocks callbacks after waiting or terminal state (1.953417ms)
  ✔ does not start an unkeyed handler when its signal is already aborted (1.217042ms)
  ✔ enforces deadlines even when a handler ignores AbortSignal (22.313666ms)
  ✔ does not let a late handler result overwrite an uncertain timeout (23.66075ms)
  ✔ keeps the resource locked until a timed-out non-cooperative handler really settles (65.446208ms)
  ✔ keeps a queued cancellation from letting a third call bypass the active resource holder (12.653625ms)
✔ ToolHost (207.020333ms)
▶ PiRuntime contract
  ✔ allows workspace reads and dev notes but keeps host-owned facts read-only (2.034417ms)
  ✔ loads only frozen workspace Skills and exposes the selected Pi native file tools (2406.967834ms)
  ✔ rejects a workspace Skill that differs from the frozen run configuration (5.374834ms)
  ✔ keeps one long-lived session for ten turns with controlled resources and stable affinity (43.44025ms)
  ✔ keeps the run healthy when Pi recovers from a transient provider error (29.8115ms)
  ✔ emits one terminal runtime fault after provider retries are exhausted (26.107917ms)
  ✔ does not turn a user-cancelled provider retry into a runtime fault (6.959041ms)
  ✔ exposes only the resolved custom allowlist and crosses the durable tool-result barrier (11.409209ms)
  ✔ releases the runtime after durable persistence fails during a tool call (10.856458ms)
  ✔ honors a terminating control result even when the domain tool reports failure (10.43975ms)
  ✔ starts a new turn when a follow-up is dispatched after a terminating handoff settled (12.182167ms)
  ✔ does not compact or inject a host recovery prompt after a length stop (8.072416ms)
  ✔ does not start a host continuation after the model-turn budget stops the operation (9.930959ms)
  ✔ enforces the configured per-operation model-turn budget (16.705875ms)
✔ PiRuntime contract (2601.172ms)
✔ counts the same all-gender avatar targets without projecting profiles or joining works (15.464583ms)
✔ pages a fixed target set and bounds labels after live insert, delete and rename (188.392125ms)
✔ handles empty sets and connection closure without recreating a database (10.559375ms)
✔ rolls back the temporary table if snapshot population fails (11.896375ms)
✔ returns only target identity in ID order without counting works with all path and gender semantics (21.024667ms)
✔ matches the complete renderer gallery order across source, ratio and nullable-position boundaries (48.130791ms)
✔ returns empty versus missing actors and validates finite safe page bounds (12.239083ms)
✔ keeps count and ordered page together while another connection removes a display source (13.14675ms)
✔ returns profile counts and the global first picture without loading complete works or gallery rows (29.111708ms)
✔ keeps profile fields, physical/display counts and first picture on one read snapshot (10.595459ms)
✔ locates a stable photo after reordering, before paging and within the requested actor/source scope (12.99025ms)
✔ matches merge gender and owned search semantics while paging by full name (32.236584ms)
✔ counts each visible video once across overlapping libraries and excludes hidden/archived/orphaned videos (21.494917ms)
✔ counts only returned candidates, excluding lookahead, and skips counts for an empty page (14.672459ms)
✔ keeps candidate rows and counts on the same snapshot when another connection writes (15.84625ms)
✔ bounds labels/avatars and validates inputs and missing keep actors (17.471375ms)
✔ pages narrow labels from 10000 actors without catalog statistics or profile data (187.741ms)
✔ preserves owned-name search matching and includes all genders (12.99725ms)
✔ sorts full names before shortening labels and bounds escaped JSON payloads (16.253833ms)
✔ rejects invalid limits, offsets and overlong search before reading (11.409625ms)
✔ bounds labels containing embedded NUL without losing the valid prefix (13.827084ms)
✔ keeps a full page below512KiB even with worst-case JSON escaping (14.074875ms)
✔ reads current picker identity by ID without hydrating actor works or profile (21.581583ms)
▶ actressRepo actress name ownership
  ✔ changes the main-name row and ownership together when an actress is renamed (16.215833ms)
  ✔ keeps ownership while another name type still declares the same normalized name (13.312084ms)
  ✔ rolls back the complete manual edit when any declared name has another owner (12.4765ms)
  ✔ rolls back profile changes and compensates new avatar files when the database write fails (16.512334ms)
✔ actressRepo actress name ownership (59.227917ms)
▶ actressRepo.listActresses
  ✔ excludes migrated pending names from search and exact identity lookup (12.371083ms)
  ✔ does not match a replaced main name that is not kept as an explicit alias (11.594209ms)
  ✔ matches main name, alias, and typed names (11.904792ms)
  ✔ treats SQL LIKE metacharacters as literal search text (13.141708ms)
  ✔ ignores stored names that are not visible name types (14.482459ms)
  ✔ sorts by video count descending by default (15.7465ms)
  ✔ projects only videos that remain reachable through an active visible library membership (11.2895ms)
✔ actressRepo.listActresses (90.81225ms)
▶ actressRepo.listActressPage
  ✔ returns a stable slice with the total number of matching actresses (8.971ms)
  ✔ pages an explicit renderer-session actress subset with complete totals (9.101333ms)
  ✔ returns the cumulative status of every actress with per-status counts (13.488208ms)
  ✔ filters by each status while keeping the counts of the unfiltered scope (10.173792ms)
  ✔ combines the status filter with search, gender and sort (9.375083ms)
  ✔ counts statuses within the current search and gender scope (7.846417ms)
  ✔ treats a missing status as all statuses (8.310708ms)
  ✔ keeps avatar file health outside the pure database query (10.191833ms)
  ✔ does not derive avatar fingerprints during a database list query (12.010417ms)
  ✔ returns minimal avatar path candidates without inspecting files (7.700083ms)
✔ actressRepo.listActressPage (97.777583ms)
▶ actressRepo.clearActressMetadataRecord
  ✔ clears scraped profile fields while keeping main name and video links (11.901541ms)
  ✔ clears non-name metadata without claiming a migrated pending main name (10.790291ms)
  ✔ resets every cumulative state to unscraped and drops the success time (13.220417ms)
  ✔ keeps related links when clearing actress metadata (11.792208ms)
✔ actressRepo.clearActressMetadataRecord (47.802917ms)
▶ actress related links
  ✔ stores related links on an actress and returns them on detail (12.421667ms)
  ✔ unions related links on merge with the keeper first (12.856ms)
✔ actress related links (25.363708ms)
▶ actressRepo.deleteUnlinkedActresses
  ✔ deletes every selected unlinked actress and returns its stored assets for cleanup (9.018291ms)
  ✔ rejects the whole batch when any selected actress still has a linked video (12.5525ms)
✔ actressRepo.deleteUnlinkedActresses (21.6335ms)
▶ actressRepo.mergeActresses
  ✔ merges videos, aliases, and gallery into the keeper (13.999417ms)
  ✔ rejects merging actresses with different genders (11.121541ms)
  ✔ can adopt the merged actress main name (10.000083ms)
  ✔ rolls back the whole merge when final main-name reconstruction fails (11.072708ms)
  ✔ rolls back the whole merge when alias reconstruction fails (12.581125ms)
  ✔ rejects the whole merge when any resulting name belongs to a third actress (12.078333ms)
  ✔ rejects the whole merge when the selected final main name belongs to a third actress (9.857375ms)
  ✔ resolves a migrated pending name claimed only by the two merged actresses (9.631791ms)
  ✔ preserves existing aliases without reapplying scraped-value heuristics (10.041416ms)
  ✔ deletes unusable keeper avatar assets after adopting the merged actress avatar (11.426917ms)
  ✔ keeps 未刮削 when merging 未刮削 into 未刮削 (12.11325ms)
  ✔ keeps 刮削失败 when merging 刮削失败 into 未刮削 (13.604375ms)
  ✔ keeps 刮削成功 when merging 刮削成功 into 未刮削 (8.796625ms)
  ✔ keeps 刮削失败 when merging 未刮削 into 刮削失败 (10.571875ms)
  ✔ keeps 刮削失败 when merging 刮削失败 into 刮削失败 (9.887333ms)
  ✔ keeps 刮削成功 when merging 刮削成功 into 刮削失败 (14.019166ms)
  ✔ keeps 刮削成功 when merging 未刮削 into 刮削成功 (14.554542ms)
  ✔ keeps 刮削成功 when merging 刮削失败 into 刮削成功 (12.7885ms)
  ✔ keeps 刮削成功 when merging 刮削成功 into 刮削成功 (10.939542ms)
  ✔ keeps the newer success time when the keeper succeeded more recently (11.092666ms)
  ✔ ignores a success time left on a record that is not scraped successfully (14.407334ms)
✔ actressRepo.mergeActresses (245.213625ms)
▶ actressRepo.listActressesForBatchScrape
  ✔ filters by scope and missing fields (10.024792ms)
  ✔ filters actresses by cumulative scrape status (10.887209ms)
  ✔ combines gender and scrape status filters (12.075291ms)
  ✔ matches actresses missing any selected profile field (11.733709ms)
  ✔ limits batch targets to the explicitly selected actress ids (12.32375ms)
✔ actressRepo.listActressesForBatchScrape (57.188959ms)
▶ actressRepo.resolveEffectiveActressScrapeFields
  ✔ fillEmpty keeps only currently missing fields (10.302292ms)
  ✔ fillEmpty treats broken avatar files as missing without mutating during planning (11.168667ms)
✔ actressRepo.resolveEffectiveActressScrapeFields (21.539167ms)
▶ actressRepo.clearBrokenActressAvatarIfNeeded
  ✔ includes broken avatars in batch missing-avatar targets (10.875125ms)
  ✔ clears broken avatar source and crop while keeping a usable display avatar (9.711917ms)
✔ actressRepo.clearBrokenActressAvatarIfNeeded (20.649666ms)
▶ actressRepo.getActressAvatarSourceInfo
  ✔ uses a legacy display avatar as the source without renderer fetch (8.719792ms)
  ✔ prefers the saved original source after an avatar bundle is created (14.820292ms)
✔ actressRepo.getActressAvatarSourceInfo (23.605334ms)
▶ actressRepo.setActressAvatarBundle
  ✔ persists avatar source, display, and crop; recrops without replacing the source (19.7715ms)
  ✔ adopts recognized legacy image bytes when native dimension probing is unavailable (11.436166ms)
  ✔ repairs an existing source whose stored extension does not match its bytes (24.109583ms)
  ✔ rejects invalid display bytes before writing the avatar bundle (12.885583ms)
  ✔ keeps source paths distinct for equal-length Chinese names with identical bytes (14.245167ms)
✔ actressRepo.setActressAvatarBundle (82.596875ms)
▶ actressRepo cumulative scrape status
  ✔ keeps an actress created by video scraping unscraped and exposes the status in detail (16.387291ms)
✔ actressRepo cumulative scrape status (16.455542ms)
▶ actressRepo cumulative scrape status maintenance invariants
  ✔ keeps 未刮削 and its success time through manual maintenance (15.438125ms)
  ✔ keeps 刮削成功 and its success time through manual maintenance (11.857042ms)
  ✔ keeps 刮削失败 and its success time through manual maintenance (14.93925ms)
✔ actressRepo cumulative scrape status maintenance invariants (42.358083ms)
▶ actressRepo.upsertActressFromScrape avatar adopt
  ✔ adopts a downloaded avatar into source+display+crop and drops the temp path (10.179458ms)
  ✔ gives equal-length Chinese names distinct avatar files from the same download bytes (13.12225ms)
  ✔ does not replace an existing usable avatar (13.979208ms)
✔ actressRepo.upsertActressFromScrape avatar adopt (37.380459ms)
▶ actressRepo.backfillActressGalleryAssetDimensions
  ✔ probes stored local files and fills missing gallery dimensions (12.228458ms)
✔ actressRepo.backfillActressGalleryAssetDimensions (12.278458ms)
▶ actressRepo query purity
  ✔ does not change database rows or stored resources when listing and reading details (13.552458ms)
✔ actressRepo query purity (13.589084ms)
▶ actressRepo.posterPath
  ✔ clears the poster when the referenced gallery image is deleted (14.037417ms)
✔ actressRepo.posterPath (14.074208ms)
▶ actressRepo.replaceActressGalleryAssets
  ✔ keeps local paths that remain in the replaced asset set (11.886083ms)
✔ actressRepo.replaceActressGalleryAssets (11.923792ms)
▶ actressRepo.recordActressScrapeFailure
  ✔ records failure without writing a success time or changing profile fields (9.845875ms)
✔ actressRepo.recordActressScrapeFailure (9.883875ms)
▶ actressRepo.markActressScrapeSucceeded
  ✔ promotes an unscraped actress and stamps the missing success time (12.971ms)
  ✔ promotes a failed actress and stamps the missing success time (13.143042ms)
  ✔ keeps an existing success time instead of restamping it (13.024333ms)
  ✔ stamps a success time over a blank stored time (11.09575ms)
  ✔ rejects marking an actress that does not exist (11.76825ms)
✔ actressRepo.markActressScrapeSucceeded (62.448417ms)
▶ actressRepo.applyActressScrapeResult
  ✔ keeps every selected field plan aligned with the replace database result (31.715875ms)
  ✔ keeps every selected field plan aligned with the fillEmpty database result (14.50725ms)
  ✔ keeps every selected field plan aligned with the replaceIfPresent database result (12.9815ms)
  ✔ does not backfill gallery metadata while building a read-only plan (9.200958ms)
  ✔ plans and applies a fillEmpty avatar over a broken stored path consistently (14.401083ms)
  ✔ previews replace clears without changing the actress or deleting assets (10.604083ms)
  ✔ does not claim a scrape was applied when every returned alias is unusable (11.667084ms)
  ✔ rolls back profile data and cumulative success when gallery persistence fails (12.469ms)
  ✔ skips invalid downloaded avatars while applying other profile fields (13.909709ms)
  ✔ replace keeps manual crop when scraped avatar bytes match existing source (18.564333ms)
  ✔ replace adopts a new avatar when scraped bytes differ from existing source (17.895375ms)
  ✔ replace clears an existing avatar when the source returns no avatar (8.918375ms)
  ✔ replace preserves an existing avatar when a returned avatar fails to download (9.594167ms)
  ✔ fillEmpty preserves existing measurement values while filling missing ones (10.295167ms)
  ✔ replaceIfPresent updates existing profile values while preserving null scrape results (9.164083ms)
  ✔ replace clears every selected non-avatar field when the matched source returns no values (9.868ms)
  ✔ replaceIfPresent rejects all fields when every returned alias conflicts (14.993208ms)
  ✔ fillEmpty does not report success when measurements only repeat a filled component (14.486375ms)
  ✔ rejects the whole scraped result when any alias has another owner (16.106708ms)
  ✔ treats canonically equivalent scraped aliases as conflicts (11.356417ms)
✔ actressRepo.applyActressScrapeResult (273.226208ms)
✔ pages female test choices by full name and retains owned alias search without wide data (86.01275ms)
✔ resolves the complete current runtime identity rather than its shortened display label (8.685625ms)
✔ pages the same visible works once across libraries with stable date ties and narrow cards (84.686375ms)
✔ distinguishes missing and empty actors and rejects unbounded or invalid page arguments (13.462708ms)
✔ keeps count and cards on the same read snapshot during an external visibility change (12.10275ms)
✔ reads complete profile metadata without querying any associated works (12.384792ms)
✔ filters covers before counting and paging, retaining the old truthy-path semantics (24.192416ms)
▶ AgentMetadataDraftRepo
  ✔ keeps one ready draft per target and returns superseded staging paths (7.331792ms)
  ✔ advances review revisions and stores an idempotent terminal outcome (4.075625ms)
  ✔ fails closed when a stored draft uses an unsupported adapter version (4.907167ms)
✔ AgentMetadataDraftRepo (16.75175ms)
✔ detects local writes, external commits and connection replacement without changing schema (15.423083ms)
▶ home discovery repo
  ✔ returns one bounded status summary for every visible media library (13.7225ms)
  ✔ uses membership time for recent additions and deduplicates shared videos (10.24375ms)
  ✔ keeps a discovery batch stable until the seed changes (12.132292ms)
  ✔ does not recommend a membership that has no playable resource in an eligible library (8.473833ms)
  ✔ does not recommend a local-only membership whose media-library root is disabled (4.416333ms)
  ✔ excludes managed resources owned by pending-removal or archived roots (8.552042ms)
  ✔ keeps rootless external links and active-root local or STRM resources eligible (5.900542ms)
  ✔ does not accept a managed resource whose root belongs to another library (5.523833ms)
  ✔ binds a shared recommendation to the source membership that has its playable resource (7.664125ms)
  ✔ searches globally without duplicates and honors an explicit library filter (8.620958ms)
  ✔ excludes libraries disabled for home discovery (5.956667ms)
  ✔ matches global ranking across cursor wrap, equal keys and hidden shared memberships (8471.796625ms)
  ✔ keeps large recent and discovery loads bounded and index-backed (52.545792ms)
  ✔ paginates a large global search without duplicates or per-row queries (61.068917ms)
✔ home discovery repo (8677.645541ms)
▶ libraryCleanup
  ✔ collects actress hints from a video (17.09025ms)
  ✔ prunes stub actresses after video links are removed (13.883792ms)
  ✔ does not prune an actress with meaningful profile data (11.129167ms)
  ✔ deletes tags that are no longer linked to any video (12.097042ms)
✔ libraryCleanup (55.138709ms)
▶ library membership repo
  ✔ creates an idempotent explicit membership with a stable discovery key (13.859417ms)
  ✔ removes only the selected library membership (5.992542ms)
  ✔ rejects archived or missing libraries (7.828625ms)
  ✔ recognizes only visible memberships in an active library surface (5.038917ms)
  ✔ does not automatically remove a resource-less membership referenced by a playlist (7.827458ms)
✔ library membership repo (41.353167ms)
▶ libraryScanRepo latest snapshot
  ✔ keeps a valid summary pinned to its run when its audit is NULL (19.136833ms)
  ✔ falls back for malformed summary by timestamp then id, excluding NULL bodies without a status filter (10.434916ms)
  ✔ updates the pending path after a rename without rewriting the original scan audit (12.967667ms)
  ✔ returns summary, audit, and unrecognized files only from the requested library (9.322417ms)
  ✔ transactionally settles scan runs abandoned by the previous process (12.606208ms)
  ✔ releases archive and root-migration busy gates after restart recovery (15.108875ms)
  ✔ returns an empty snapshot before the first run and rejects an unknown library (10.894292ms)
✔ libraryScanRepo latest snapshot (91.297708ms)
✔ reads a scoped audit header without loading audit JSON or pending path arrays (27.994958ms)
✔ keeps summary failure semantics and rejects oversized summary/header payloads (17.589958ms)
✔ keeps header summary, audit availability and unrecognized count in one WAL snapshot (14.524084ms)
▶ finishLibraryScanRun unrecognized replacement transaction
  ✔ finishes with 40000 replacement root IDs without exceeding SQLite bind limits (30.018041ms)
  ✔ deduplicates replacement roots and skips incoming files outside the selected roots (27.42925ms)
  ✔ clears selected roots when there are no matching incoming files and preserves other roots (22.430167ms)
  ✔ does not replace files for absent root targets (12.693ms)
  ✔ does not replace files for empty root targets (13.038417ms)
  ✔ failed run never replaces preexisting unrecognized rows (18.912458ms)
  ✔ cancelled run never replaces preexisting unrecognized rows (10.356292ms)
  ✔ rolls back run, state and all original unrecognized rows when a duplicate normalized path fails insertion (12.03925ms)
✔ finishLibraryScanRun unrecognized replacement transaction (147.451917ms)
✔ does not hold a writer lock during audit stringify before the deferred transaction’s first SQL statement (15.986834ms)
✔ does not delete another library’s unrecognized rows even when its root ID is in the replacement set (15.503583ms)
▶ mediaLibraryRepo
  ✔ creates a library, typed config, and canonical root projection atomically (18.91975ms)
  ✔ projects pending scan counts once per library without multiplying across roots (11.797333ms)
  ✔ keeps library and config revisions independent and rejects stale writes (10.592459ms)
  ✔ rejects same, parent, child, and realpath-alias roots across active libraries (12.855583ms)
  ✔ lets disabled roots release paths and revalidates them before enabling (13.744292ms)
  ✔ preserves continuity-owned root identities while allowing empty roots to rebind (16.174542ms)
  ✔ rejects archived-library restore when any continuity-owned root changed identity (20.978791ms)
  ✔ rejects ordinary edits while a root is pending removal or archived (13.304ms)
  ✔ requires explicit migration or cleanup before changing a root-owned path (16.848958ms)
  ✔ archives roots atomically, releases their paths, and rechecks on restore (19.619459ms)
  ✔ scopes local and STRM source identity while disabled and archived roots release paths (30.37875ms)
  ✔ protects the default library and refuses to archive pending root cleanup (12.172166ms)
  ✔ requires a non-default library to be archived before preview or permanent deletion (16.804709ms)
  ✔ deletes roots and non-default libraries using the current library revision (10.169125ms)
  ✔ blocks archiving and deletion while root cleanup is active (11.096708ms)
  ✔ blocks archiving and deletion while a scan run is active (10.809625ms)
  ✔ rejects a deletion preview made stale by global video lifecycle changes (20.227625ms)
  ✔ invalidates deletion impact when another library changes the exclusive-video count (13.704375ms)
  ✔ previews all owned data and permanently deletes only database ownership (18.764709ms)
  ✔ returns a frozen scan snapshot containing only active roots (12.725416ms)
  ✔ projects independently configured automatic scan state in stable library order (14.184458ms)
  ✔ accepts offline absolute roots but rejects relative paths and files (15.158875ms)
  ✔ does not let direct disabled-root deletion cascade diagnostic records (9.920542ms)
  ✔ atomically freezes the filesystem identity when an offline root first comes online (14.56975ms)
  ✔ rejects scan-time identity binding for an identity-less root with resource ownership (10.897875ms)
  ✔ rejects scan-time identity binding for an identity-less root with pending ownership (10.62825ms)
  ✔ rejects scan-time identity binding for an identity-less root with unrecognized ownership (10.205208ms)
  ✔ rejects activation of an identity-less disabled root with owned resources (12.237167ms)
  ✔ rejects restore of an identity-less archived root with owned resources (13.435917ms)
  ✔ rejects a newly-online alias of another active root without partially binding it (11.2385ms)
✔ mediaLibraryRepo (435.560417ms)
▶ media-library root migration repo
  ✔ previews and atomically migrates root-owned state without touching disk or global videos (20.871084ms)
  ✔ uses the shared availability-aware promotion rule within the source library and video (24.329292ms)
  ✔ rejects stale previews and rolls the entire migration back (16.086375ms)
  ✔ rejects resource or pending changes made after preview even when library revisions are unchanged (14.5645ms)
  ✔ moves terminal cleanup history to the replacement root during preview-confirmed migration (20.506667ms)
  ✔ rejects a stale migration preview when terminal cleanup history changes (10.691166ms)
  ✔ rolls back every dataset when a late migration write fails (14.650708ms)
  ✔ fails closed while either library has an active scan or cleanup job (6.642875ms)
  ✔ treats a failed legacy cleanup waiting marker as active work in preview and commit (5.417166ms)
  ✔ rejects target resource conflicts before mutation (7.479792ms)
  ✔ rejects target unrecognized-file conflicts before mutation (4.9285ms)
  ✔ rejects target pending-scan path conflicts during preview (3.364916ms)
  ✔ moves a disabled root without enabling it in the target library (6.634ms)
✔ media-library root migration repo (157.383709ms)
▶ database schema
  ✔ adds STRM source identity without changing existing resource identity or link deduplication (10.104417ms)
  ✔ allows duplicate codes while enforcing complete video business identity (6.895458ms)
  ✔ upgrades video identity without changing ids, resources, or site sources (12.143666ms)
  ✔ leaves a v10 database untouched when normalized business identities conflict (1.117625ms)
  ✔ migrates legacy classification text into stable entities and retires legacy storage (20.218542ms)
  ✔ retires v8 text storage without changing video metadata, entity ids, or child resources (38.499583ms)
  ✔ stores classification profiles, hierarchy, roles, links, and video references (6.997375ms)
  ✔ rolls back the complete classification migration when entity creation fails (2.428083ms)
  ✔ rolls back classification entities when retiring legacy storage fails (4.963708ms)
  ✔ migrates uncontested names to ownership and preserves cross-actress collisions for review (17.60875ms)
  ✔ rolls back name ownership data and schema version when migration fails (13.076209ms)
  ✔ creates the current schema and records user_version (9.188ms)
  ✔ migrates v6 video files to local resources without losing data (13.854292ms)
  ✔ migrates released v1 inline video files and removes the obsolete write constraint (17.826166ms)
  ✔ rejects databases newer than the supported schema version (0.545583ms)
  ✔ upgrades v1 actresses table with avatar source columns (6.500542ms)
  ✔ upgrades v2 actress names to one current primary name without removing visible names (10.611833ms)
  ✔ leaves current-version databases unchanged (0.6385ms)
  ✔ classifies v3 actresses only when a success time has actual profile evidence (13.858333ms)
  ✔ keeps the migrated classification unchanged when migration is run again (5.325709ms)
  ✔ rolls back the whole actress status migration when classification fails (0.933625ms)
✔ database schema (214.605417ms)
▶ V14 unreleased feature consolidation migration
  ✔ creates a fresh database with one active default media library (13.235416ms)
  ✔ upgrades released V13 data while keeping playlist import sessions out of the schema (7.960584ms)
  ✔ scopes pending path identity to each library in the final V14 schema (6.199292ms)
  ✔ enforces one primary per membership while archived sources can be adopted by another library (6.495916ms)
  ✔ rolls back V14 when released source paths normalize to the same identity (1.58025ms)
✔ V14 unreleased feature consolidation migration (36.442709ms)
▶ V15 local NFO import migration
  ✔ creates fresh V15 databases with automatic import enabled and identity constraints (12.694375ms)
  ✔ upgrades V14 rows, preserves the default, and enforces minimal pending identity snapshots (2.467625ms)
  ✔ rolls the migration back and leaves user_version at V14 on schema conflict (0.875209ms)
✔ V15 local NFO import migration (16.954666ms)
✔ adds the cleanup queue and later indexes when upgrading V15 and preserves old business data and damaged diagnostic state (17.615416ms)
✔ rolls back both DDL and version when V16 fails after table creation, then upgrades on retry (8.956708ms)
✔ upgrades V16 without changing any business rows or other schema and matches the current fresh tag index (25.260792ms)
✔ rolls back index DDL and version after drop failure, then retries (10.10525ms)
✔ rolls back index DDL and version after create failure, then retries (7.900125ms)
✔ adds V18 to a complete V17 schema without rewriting any legacy data or relationships (41.113417ms)
✔ rolls back executed V18 DDL and version, preserves foreign_keys=0, then retries (34.405708ms)
✔ rolls back executed V18 DDL and version, preserves foreign_keys=1, then retries (28.792625ms)
✔ upgrades a structurally restored V15 through cleanup, tag index and V18 without losing legacy rows (22.165625ms)
▶ getLibraryOverviewStats
  ✔ returns aggregate library counts (19.852291ms)
  ✔ counts actress cumulative status from scraped_status, not last_scraped_at (8.812875ms)
✔ getLibraryOverviewStats (29.216417ms)
✔ scopes scan identities and groups while returning only requested IDs from a large catalog (71.369875ms)
▶ pending resource identity repository
  ✔ persists the minimum conflict snapshot while exposing only safe presentation fields (14.444625ms)
  ✔ upserts one conflict per library path and enforces revision when deleting (8.306375ms)
  ✔ rejects paths outside the root, equal identities, and malformed STRM snapshots (8.363667ms)
  ✔ removes missing conflicts only under roots proven accessible by a safe scan (10.213042ms)
✔ pending resource identity repository (42.045833ms)
✔ matches old group order and global exact path counts without hydrating unrelated groups or resource DTOs (25.119209ms)
✔ handles empty targets and empty paths while preserving zero-resource groups and library isolation (16.087166ms)
✔ keeps selected group metadata and path counts in one snapshot across an external write (18.386209ms)
✔ drives selected groups by primary key and resources by the scoped group index (12.845416ms)
✔ releases the transaction and connection when resource statement preparation fails (14.385625ms)
✔ pages10k scan decisions in legacy order, scopes active libraries and exposes no resource snapshots (87.912ms)
▶ pendingScanRepo media-library scope
  ✔ keeps same-code groups and resource lookups isolated between libraries (16.481209ms)
  ✔ allows the same normalized path in different libraries while deduplicating inside each library (17.655167ms)
  ✔ rejects a root or group that belongs to another library (13.0065ms)
  ✔ increments revision on upsert and rejects a stale resolution atomically (12.89825ms)
  ✔ can assign the same global video in two libraries without crossing resources (12.210125ms)
  ✔ reconciles only selected roots in the selected library and bumps surviving groups (18.435584ms)
  ✔ refreshes a changed STRM snapshot and forces the caller to review the new revision (14.529042ms)
  ✔ moves an already-pending path to the new same-library code without leaving an empty group (12.232125ms)
  ✔ rolls back resources, memberships, and videos if final group deletion fails (14.882292ms)
✔ pendingScanRepo media-library scope (133.186417ms)
✔ counts a large pending inbox without decoding its snapshots and follows deletions (138.005667ms)
✔ pages a 10k inbox without materializing snapshots, locates deep links and clamps deleted pages (119.807875ms)
▶ playlistRepo
  ✔ paginates and filters identically to the full playlist without losing zero-resource rows (58.004667ms)
  ✔ limits a large playlist before returning card details (179.685792ms)
  ✔ keeps metadata out of subsequent video-page queries (16.4475ms)
  ✔ creates playlists with required name and optional fields (16.022792ms)
  ✔ adds videos once per playlist and lists detail videos (10.175167ms)
  ✔ keeps playlist references visible across hidden, archived and missing memberships (14.002916ms)
  ✔ updates playlist metadata and custom cover (10.83625ms)
  ✔ reports video membership and removes videos (10.578083ms)
  ✔ allows one video in multiple playlists without duplicates in one playlist (10.514667ms)
  ✔ rejects blank playlist names (10.278625ms)
  ✔ stores related links on create and update (12.29225ms)
✔ playlistRepo (349.641ms)
✔ opens a separate read-only WAL connection with matching SQL functions and no migration (12.781584ms)
✔ keeps a read snapshot while the writer commits and observes it on the next transaction (10.638416ms)
✔ rejects missing, old, newer and non-WAL catalogs without initializing or migrating them (3.07025ms)
✔ does not publish an unsuccessfully initialized writer and permits a subsequent valid initialization (10.18275ms)
✔ publishes sealed entries with run/state/unrecognized updates and exposes header/body/permissions (24.18775ms)
✔ rolls back every finish write when late publication fails, then retries the same sealed audit (17.925708ms)
✔ rejects wrong scope, collecting manifests and metadata mismatches without partial writes (17.771292ms)
✔ rejects persisted run mismatches, incompatible completion status and oversized metadata before changing data (12.629875ms)
✔ publishes failed audit without replacing previous unrecognized files (12.754ms)
✔ publishes cancelled audit without replacing previous unrecognized files (15.077541ms)
✔ abandons interrupted collecting/sealed audits while preserving published history and all entries, idempotently (12.422792ms)
✔ abandons already-terminal unexposed manifests even when no interrupted runs remain (11.876666ms)
✔ rolls back recovery run/state/manifest changes on abandonment failure and succeeds on retry (12.968166ms)
✔ publishes the actual writer after stable upserts and an NFO revision through the production finish transaction (14.695708ms)
✔ keeps exact-run and latest non-NULL policies distinct, scoped and deterministically ordered (14.487958ms)
✔ does not silently filter empty, malformed, or nonterminal legacy audit bodies (9.366625ms)
✔ projects only requested fields and counts raw UTF-8 bytes including NUL (9.684666ms)
✔ binds literal run IDs and leaves snapshot ownership with the reader transaction (16.10575ms)
✔ selects only published entries, scopes exact reads, and orders mixed formats by the same timestamp/id (15.360125ms)
✔ reconstructs all five ordered arrays and counts stored UTF-8 payload without hydrating identity/bytes (16.758042ms)
✔ throws for inconsistent new metadata, embedded sections, invalid final audits, and mismatched file keys (20.286916ms)
✔ keeps standalone multi-query body reconstruction on one snapshot during concurrent run deletion (14.101333ms)
✔ rejects duplicate metadata root keys even when JSON.parse would keep a valid final value (15.628958ms)
✔ accepts collecting revisions and ordered section entries with exact byte accounting (7.279208ms)
✔ rejects invalid sections, JSON, identities, byte metadata and duplicate file keys (5.615583ms)
✔ does not mix legacy JSON audits with the new manifest or start from terminal runs (3.583417ms)
✔ enforces sealed immutability and permits publication only with a terminal completed run (4.216959ms)
✔ rolls back run completion and audit publication together on a later failure (5.15025ms)
✔ retains interrupted audit entries for abandoned cleanup and does not permit late writes (9.573417ms)
✔ allows deleting whole runs or a library to cascade without permitting partial published deletion (9.8845ms)
✔ keeps entry identity stable while collecting and preserves every terminal publication outcome (7.2505ms)
✔ upserts exact file paths with stable ordinals, appends other sections and preserves UTF-8 bytes (13.889667ms)
✔ rolls back the entire batch including earlier upserts after a later SQL failure (8.593583ms)
✔ participates in caller transactions and uses savepoints for recoverable batch errors (7.684958ms)
✔ patches NFO in place without inserting missing files or losing the primary audit outcome (11.620666ms)
✔ seals final metadata atomically, keeps the run running, and does not publish or permit late writes (8.280334ms)
✔ seals unchanged metadata without a forbidden no-op metadata update (7.304125ms)
✔ guards scope, running status and legacy JSON and snapshots scope against caller mutation (8.254833ms)
✔ rejects malformed metadata and section shapes without writing anything (25.548917ms)
✔ enforces item, normalized batch and reserved single-page budgets without truncation (15.75925ms)
✔ writes and patches all sections, seals, finishes through the actual repository, and reads compatibility output (9.164417ms)
✔ rejects raw oversized stored entries before selecting their JSON for an NFO patch (20.686291ms)
✔ reads only detached NFO values and distinguishes missing files from absent NFO (10.530875ms)
✔ rejects invalid raw NFO values instead of treating them as absent (9.459458ms)
✔ checks NFO read scope and lifecycle even for missing paths (7.351959ms)
✔ rejects oversized raw rows before projecting any NFO JSON (12.985209ms)
▶ scoped video catalog repo
  ✔ keeps list resources and membership time inside one library (7.97825ms)
  ✔ loads detail from the injected database and projects only the active library resources (8.399459ms)
  ✔ deduplicates global results and selects the newest eligible membership (5.227917ms)
  ✔ interprets the none resource filter within the selected scope (6.664542ms)
  ✔ treats an archived media-library scope as unavailable (6.33375ms)
  ✔ rejects invalid scope ids before building SQL (6.314041ms)
  ✔ keeps fixed actor and tag filters unique across shared and hidden memberships (9.54325ms)
  ✔ normalizes a single active library and serves no-count pages with identical ordering (15.950667ms)
  ✔ uses bounded indexed queries for a large scoped page (28.622666ms)
✔ scoped video catalog repo (96.373708ms)
{"sourceIterationPlans":[[{"id":4,"parent":0,"notused":156,"detail":"SEARCH video_resources USING INTEGER PRIMARY KEY (rowid>? AND rowid<?)"}],[{"id":4,"parent":0,"notused":156,"detail":"SEARCH video_resources USING INTEGER PRIMARY KEY (rowid>? AND rowid<?)"}]]}
✔ iterates source-managed resources in order while deleting, with bounded reads and rollback (27.138041ms)
▶ tagRepo.pruneUnusedTags
  ✔ deletes tags with no video links and keeps tags still used by a video (13.463833ms)
✔ tagRepo.pruneUnusedTags (14.025208ms)
▶ tagRepo selected labels
  ✔ looks up only selected IDs through the tag primary key and omits deleted IDs (15.502167ms)
  ✔ bounds display labels and JSON bytes without changing full stored names (11.316333ms)
  ✔ rejects invalid or oversized requests and does no SQL work for an empty selection (7.002458ms)
✔ tagRepo selected labels (34.002292ms)
▶ tagRepo manual candidates
  ✔ pages alphabetically without counts and retains hidden/manual-only associations (23.213708ms)
  ✔ preserves Unicode/literal substring matching and searches beyond display truncation (9.999ms)
  ✔ uses tag-key existence checks under skewed statistics and validates its work limits (13.614375ms)
✔ tagRepo manual candidates (46.99525ms)
▶ tagRepo active catalog projection
  ✔ matches manual association and visibility semantics before and after statistics maintenance (33.795292ms)
  ✔ deduplicates shared memberships and preserves manual origin and zero-count tags (9.045333ms)
  ✔ counts only videos that can be opened through the active visible catalog (9.883583ms)
✔ tagRepo active catalog projection (52.858041ms)
▶ tagRepo filter candidates
  ✔ paginates names before counts and matches global visibility counts with shared and archived members (14.157916ms)
  ✔ keeps Unicode literal search, bounded labels and page-only count parameters (43.406417ms)
✔ tagRepo filter candidates (57.657709ms)
▶ video lifecycle repo
  ✔ removes only one library membership and replays the same operation idempotently (9.87ms)
  ✔ moves one external resource and keeps each library primary isolated (3.795709ms)
  ✔ promotes an available source fallback by kind and add time without crossing ownership scope (10.671709ms)
  ✔ rejects moving a local or STRM-managed source without transferring its root (5.380333ms)
  ✔ treats archived source libraries as read-only (6.300084ms)
  ✔ rejects a stale preview and globally deletes only after a fresh explicit preview (11.13875ms)
  ✔ invalidates a global-delete preview when any displayed relationship changes (8.252333ms)
✔ video lifecycle repo (56.057333ms)
▶ videoRepo.scrapeStatus
  ✔ does not downgrade an already scraped video when a later scrape fails (14.951667ms)
  ✔ can manually mark an unscraped or failed video as scraped (9.957416ms)
✔ videoRepo.scrapeStatus (25.806208ms)
▶ videoRepo.listVideos
  ✔ rejects attempts to restore classification text storage through generic updates (14.323333ms)
  ✔ sorts and paginates videos (9.716209ms)
  ✔ sorts facet videos by release date desc with missing dates last (10.442375ms)
  ✔ filters by status, year and facet fields (9.228834ms)
  ✔ applies multi-tag AND filters (9.188208ms)
  ✔ filters resource kinds with OR semantics and treats no-resource as zero rows (10.251708ms)
  ✔ projects resource count and primary-first deduplicated resource kinds (10.56325ms)
  ✔ searches videos by actress alias (9.400667ms)
  ✔ preserves SQL LIKE pattern matching in the video search actress branch (9.697958ms)
  ✔ excludes migrated pending actress names from video search (11.849667ms)
✔ videoRepo.listVideos (105.186583ms)
▶ videoRepo.getVideoDetail
  ✔ lists female cast before male cast (9.049208ms)
  ✔ includes external rating stats (11.598083ms)
✔ videoRepo.getVideoDetail (20.71975ms)
▶ videoRepo.setPrimaryVideoResource
  ✔ automatically marks the first resource as primary (8.839542ms)
  ✔ keeps the current primary when a requested primary insert is a duplicate (7.823333ms)
  ✔ marks one resource as primary and clears the previous primary (7.789375ms)
✔ videoRepo.setPrimaryVideoResource (24.545ms)
▶ videoRepo.posterPath
  ✔ clears the poster when the referenced sample is deleted (8.483042ms)
✔ videoRepo.posterPath (8.528375ms)
▶ videoRepo.listVideosForBatchScrape
  ✔ filters by scrape status (8.635833ms)
  ✔ can constrain batch targets to explicit selected video ids (11.527166ms)
  ✔ filters missing fields by stored path or link, not file health (7.875292ms)
✔ videoRepo.listVideosForBatchScrape (28.129459ms)
▶ videoRepo tags by origin
  ✔ orders scraped tags before manual tags in detail (8.420625ms)
  ✔ editVideoRecord only replaces scraped tags (10.635208ms)
  ✔ editVideoRecord drops unused scraped tags while keeping tags still used elsewhere (8.487625ms)
  ✔ clearVideoMetadataRecord deletes unused scraped tags and keeps manual tags (13.488166ms)
  ✔ editVideoRecord replaces female and male cast separately (9.705708ms)
  ✔ removeManualVideoTag only removes manual tags (8.442375ms)
  ✔ removeManualVideoTag keeps tag when scraped associations remain (9.306584ms)
  ✔ promotes scraped tag to manual when adding the same name (8.752458ms)
✔ videoRepo tags by origin (77.421625ms)
▶ classification IPC contract
  ✔ registers every command and forwards typed arguments to the public services (1.760833ms)
✔ classification IPC contract (2.310458ms)
▶ IPC path guards
  ✔ rejects a rename that contains a path component (0.469792ms)
  ✔ authorizes only files under the selected active root (1.114042ms)
  ✔ rejects a path when the persisted root has been replaced (0.634292ms)
  ✔ rejects a file that escapes a configured root through a symbolic link (1.364208ms)
✔ IPC path guards (3.998334ms)
▶ IPC sender security
  ✔ accepts the configured main window and main frame (1.180334ms)
  ✔ rejects another webContents, a child frame, and an untrusted URL (0.579666ms)
  ✔ matches dev origins but requires the exact production file (0.206792ms)
✔ IPC sender security (2.865667ms)
▶ media-library IPC schemas
  ✔ accepts the complete default config sent by the create wizard, including local NFO import (1.902916ms)
  ✔ accepts boolean local NFO settings on update and rejects malformed values on both paths (0.918583ms)
  ✔ accepts exact management commands and rejects loose object shapes (1.233167ms)
  ✔ rejects invalid ids and revisions on every optimistic command shape (0.376583ms)
  ✔ strictly validates home discovery and global-search inputs (0.470041ms)
✔ media-library IPC schemas (5.410375ms)
▶ media-library IPC handlers
  ✔ registers the complete contract and forwards validated arguments (0.354375ms)
  ✔ rejects malformed calls before a dependency is invoked (0.276708ms)
  ✔ preserves root continuity domain errors across validated IPC handlers (0.173667ms)
✔ media-library IPC handlers (0.880667ms)
▶ NFO export IPC schemas
  ✔ accepts the complete closed plan request and rejects missing or extra state (1.962084ms)
✔ NFO export IPC schemas (2.534625ms)
▶ playlist import renderer lifecycle
  ✔ binds every recreated renderer once and cancels only on full navigation or loss (0.823875ms)
  ✔ cancels a non-terminal foreground import when its renderer disconnects (1.495042ms)
  ✔ leaves terminal imports untouched (0.22375ms)
✔ playlist import renderer lifecycle (3.387667ms)
▶ scan latest IPC handler
  ✔ validates libraryId and forwards the scoped latest snapshot (1.938291ms)
✔ scan latest IPC handler (2.506875ms)
✔ bounds the combined audit presence request and validates its library (1.74975ms)
✔ bounds scan pages and validates scoped detail and anchor inputs (0.797375ms)
✔ routes audit header/page through the async reader with trusted budgets and strict scope (1.289542ms)
✔ routes combined view pages with trusted budgets and preserves query and result fields (1.952416ms)
✔ accepts every combined tab/outcome/filter, canonicalizable locales and strict failed anchors (2.016166ms)
✔ rejects invalid combined queries, locales, anchors, snapshots and argument counts (4.090709ms)
✔ propagates combined reader errors instead of falling back to another snapshot or raw page (0.332042ms)
✔ rejects invalid reveal paths before permission lookup and retains strict IPC arguments (0.328333ms)
✔ does not access or reveal an unauthorized audit path (0.111625ms)
✔ returns a handled verification error when the permission reader rejects (0.077917ms)
✔ awaits permission and asynchronous access before revealing the original path exactly once (0.113459ms)
✔ returns fileMissing on asynchronous access failure without revealing (0.097666ms)
▶ scrape IPC schemas
  ✔ strictly validates media-library-scoped video batch scrape commands (3.395959ms)
  ✔ validates the optional media-library scope on single-video scrape commands (0.43ms)
✔ scrape IPC schemas (4.655584ms)
✔ bounds pending scrape pages and details at the IPC boundary (0.933791ms)
✔ bounds audit pending presence lookups (2.387625ms)
✔ validates token and safe nonnegative avatar snapshot cursor (0.349334ms)
✔ validates manual tag candidate bounds and existing-tag identities (3.326209ms)
✔ bounds selected tag label IPC requests before repository access (0.829333ms)
▶ typed IPC adapter
  ✔ does not expose the legacy unreviewed video deletion command (0.429583ms)
  ✔ forwards command arguments and returns the application result (0.552791ms)
  ✔ rejects malformed arguments before invoking the application handler (0.528458ms)
  ✔ accepts link-resource updates without an import-only target (0.592834ms)
  ✔ only accepts metadata retention when removing a last video resource (0.175625ms)
  ✔ accepts one exact plugin approval decision and rejects malformed decisions (0.621792ms)
  ✔ accepts only explicit plugin continuation kinds (0.297625ms)
  ✔ accepts only typed plugin user responses with request-bound actions (0.78125ms)
  ✔ accepts plugin history clearing only without renderer-supplied run ids (0.060417ms)
  ✔ accepts unrecoverable plugin-session discard only without renderer-supplied run ids (0.036916ms)
  ✔ keeps legacy model limits out of the generic settings mutation contract (0.281208ms)
  ✔ validates playlist import start and identity controls at the IPC boundary (0.504208ms)
  ✔ requires the path-removal impact revision at the settings boundary (0.123875ms)
  ✔ accepts only the structured model-management command vocabulary (0.422792ms)
  ✔ serializes successful results and thrown errors (0.592083ms)
  ✔ sends the contracted event payload unchanged (0.053292ms)
✔ typed IPC adapter (6.685833ms)
✔ bounds actress conflict summary pages and keeps detail identities exact (0.18025ms)
✔ validates bounded actress picker requests (0.144625ms)
✔ validates narrow actress identity IDs (0.06475ms)
✔ validates merge candidate paging and keep identity (0.143916ms)
✔ accepts only zero arguments for avatar crop count (0.023167ms)
✔ accepts only zero arguments for avatar crop target enumeration (0.02175ms)
✔ validates plugin actress test picker bounds and identities (0.115875ms)
✔ validates actress works page bounds and rejects unexpected filter fields (0.126791ms)
✔ validates metadata IDs and the optional cover-only actor works filter (0.08525ms)
✔ validates bounded actress gallery pages (0.266167ms)
✔ validates a profile header identity without optional wide-data flags (0.07025ms)
✔ validates the optional local photo source filter (0.047167ms)
▶ video query IPC schemas
  ✔ accepts and normalizes a complete list query at every VideoQuery boundary (1.927291ms)
  ✔ rejects malformed fields consistently for lists and global search (1.956375ms)
  ✔ strictly validates catalog scopes and video detail identifiers (0.574875ms)
✔ video query IPC schemas (4.862042ms)
▶ main window asset paths
  ✔ resolves preload and renderer from the app root when appMain is emitted as a chunk (0.748458ms)
✔ main window asset paths (1.427542ms)
▶ LocalNfoSourceAdapter
  ✔ reads its own exported samples with a separate background (portable-v1) (11.503208ms)
  ✔ reads its own exported samples with a separate background (jellyfin-current) (4.862333ms)
  ✔ reads its own exported samples with a separate background (emby-kodi-conservative) (3.397334ms)
  ✔ reads its own exported samples with a separate background (plex-nfo-1.43.1+) (1.642208ms)
  ✔ reads its own exported samples with a separate background (infuse-current) (2.455875ms)
  ✔ keeps explicit and discovered samples scoped to their video in a shared directory (1.994666ms)
  ✔ collects one candidate per physical NFO with local asset capabilities and no paths (4.087416ms)
  ✔ uses explicit gender, then existing actor gender, then dialect default (0.993625ms)
  ✔ keeps actress avatar positions aligned after gender field projection (2.153542ms)
  ✔ reads legacy and Kodi actor filenames and follows explicit references for repeated spaces (2.464917ms)
  ✔ treats no sidecar as a quiet no-match and excludes mismatched NFO identity (0.594625ms)
✔ LocalNfoSourceAdapter (37.19175ms)
▶ videoMetadataCandidateStager
  ✔ stages remote and managed-root assets without persisting host paths (7.418292ms)
✔ videoMetadataCandidateStager (7.765292ms)
▶ WebScraperSourceAdapter
  ✔ passes the stored code to legacy plugins unchanged while comparing normalized identities (1.380208ms)
  ✔ collects exact candidates with declared remote assets and source evidence (1.034291ms)
✔ WebScraperSourceAdapter (3.0425ms)
▶ VideoMetadataSourceRegistry
  ✔ resolves stable source ids while preserving legacy plugin-name lookup (0.154875ms)
✔ VideoMetadataSourceRegistry (0.212125ms)
✔ exports oriented/cropped artwork with the shipped Electron codec and encrypted asset store (446.640791ms)
▶ NfoExportModule
  ✔ inspects each plan anchor once and reuses the returned canonical directory (7.966792ms)
  ﹣ accepts alternate Windows path spellings for the same physical export directory (0.095042ms) # Windows path aliases are case-insensitive
  ✔ reads selected images linearly and isolates assets that fail or change after planning (406.045583ms)
  ✔ shares identical actor avatars across videos and removes references to conflicting content (42.652875ms)
  ✔ plans without writing and applies an exact-stem NFO plus portable cover (21.397458ms)
  ✔ keeps the default skip policy and rejects a changed target under replace (10.258291ms)
  ✔ marks every planned file stale when source metadata changes (2.0575ms)
  ✔ exports a local STRM source anchor and counts resources without anchors separately (1.267208ms)
  ✔ terminates only between files and leaves completed atomic writes intact (10.062459ms)
  ✔ isolates an image conversion failure from the NFO write (9.418417ms)
  ✔ reports an atomic write failure per item and continues later files (2.566792ms)
  ✔ exports samples as separate attachments and reads them back without background images (54.6695ms)
  ✔ marks colliding sanitized actor avatar targets and omits ambiguous NFO references (17.828708ms)
  ✔ treats case, Unicode and space-to-underscore actor targets as collisions (1.804667ms)
  ✔ makes Windows device actor names portable before planning their target (1.071208ms)
  ✔ keeps unreadable selected images as unavailable plan items without blocking NFO (11.5875ms)
  ✔ warns about requested missing artwork, avatars, and populated fields omitted by a profile (1.288542ms)
  ✔ uses the video stem itself for Infuse cover output and local reference (18.966958ms)
  ✔ plans each physical resource, deduplicates identical targets, and warns only on same-directory identity collisions (3.2235ms)
  ✔ reports real read-only directory failures without leaving temporary files (2.710417ms)
  ✔ rejects a sample-directory symlink introduced after planning (17.405292ms)
  ✔ does not fingerprint a nested export target through a pre-existing symlink (2.052167ms)
  ✔ revalidates a skip target parent before following a newly introduced symlink (18.793417ms)
  ✔ creates consumer-readable sidecars and preserves an existing target mode on replace (18.255709ms)
✔ NfoExportModule (685.003083ms)
▶ NFO export profiles
  ✔ renders all public profiles as valid movie XML without database identities (11.786667ms)
  ✔ applies profile-specific conservative fields and keeps background separate from samples (0.52425ms)
  ✔ canonicalizes and deduplicates Plex rating source aliases (1.045917ms)
  ✔ reports populated fields that the selected profile cannot represent (0.112042ms)
✔ NFO export profiles (14.284292ms)
▶ SqliteNfoExportRepository
  ✔ projects exportable metadata while excluding personal rating and watch state (21.603792ms)
✔ SqliteNfoExportRepository (21.933ms)
▶ NFO export renderer diagnostics
  ✔ redacts POSIX and Windows absolute paths while preserving the reason (0.926084ms)
✔ NFO export renderer diagnostics (1.281083ms)
▶ NfoExportTaskController
  ✔ keeps planning leases until an asynchronous plan settles, including disposal and failures (1.502584ms)
  ✔ holds both leases from plan through apply and releases them at terminal state (3.867625ms)
  ✔ releases leases when a plan is discarded or planning fails (0.209541ms)
  ✔ requests termination and waits for apply before process disposal releases leases (0.575542ms)
  ✔ does not acquire an asset lease when another maintenance task owns the gate (0.107041ms)
✔ NfoExportTaskController (6.919125ms)
▶ NFO export main-window guard
  ✔ binds recreated windows and disposes a foreground task when their renderer is lost (0.448208ms)
  ✔ prevents navigation while a plan or task owns the foreground (0.098958ms)
  ✔ keeps the window open during a running export but allows the coordinated quit path (0.061708ms)
  ✔ releases a held preview plan and allows navigation instead of treating it as a running task (0.0555ms)
✔ NFO export main-window guard (1.063292ms)
▶ NFO artifact codec
  ✔ accepts the four synthetic third-party dialect fixtures (4.30375ms)
  ✔ round-trips five canonical Javdex fixtures with stable UTF-8 and LF output (5.872042ms)
  ✔ normalizes the MDC dialect and prefers structured ratings over its scalar duplicate (0.731291ms)
  ✔ normalizes MDCx, Javinizer, and JavSP field variants (0.693042ms)
  ✔ reports unknown legal tags and remote artwork without retaining remote URLs as assets (0.336375ms)
  ✔ rejects DTD, entities, oversized input, excessive depth, node count, and field size (14.379333ms)
✔ NFO artifact codec (27.151084ms)
▶ NFO sidecar locator
  ✔ prefers exact stem and reports a differing movie.nfo without exposing either path (6.295ms)
  ✔ uses movie.nfo only for one anchor or one logical code and rejects mixed directories (0.858875ms)
  ✔ deduplicates physical sidecars and rejects symlink escapes at issue and read time (13.266ms)
✔ NFO sidecar locator (20.837083ms)
▶ parseCode
  ✔ parses standard codes (1.329708ms)
  ✔ parses 規格品番 ADV-R and ADV-SR (0.072667ms)
  ✔ does not mis-parse ADV-R0484 as R0-484 (0.056334ms)
  ✔ parses FC2 and Heyzo (0.04625ms)
  ✔ parses DMM h_ prefix (0.042583ms)
  ✔ parses date-based uncensored ids (0.0345ms)
  ✔ extracts code after @ in filename (0.043708ms)
  ✔ returns null for noise-only names (0.04375ms)
  ✔ rejects no-hyphen and short-prefix patterns (0.074416ms)
✔ parseCode (2.425667ms)
✔ matches original find by object identity for posix paths and both alias modes (2.7065ms)
✔ preserves the earliest parent, alias and duplicate root for posix (0.106083ms)
✔ matches original find by object identity for win32 paths and both alias modes (1.514125ms)
✔ preserves the earliest parent, alias and duplicate root for win32 (0.076959ms)
✔ matches UNC and namespace paths without expanding the old predicate (0.300583ms)
✔ keeps relative-root fallback and validation short circuit behavior (0.603375ms)
✔ does not introduce whitespace or NUL validation (0.072834ms)
✔ matches deterministic mixed path cases including Windows lexical edge forms (78.652541ms)
✔ checks only ancestor candidates instead of testing every unrelated root (2.545583ms)
▶ libraryScanAuditStore
  ✔ uses the latest non-NULL database body and never falls back to disk on missing or malformed persisted audit (49.026792ms)
  ✔ atomically replaces and restores the complete latest audit (4.683792ms)
  ✔ fails closed for malformed audit documents (0.463792ms)
  ✔ reads schema 2 NFO dispositions while retaining schema 1 compatibility (0.957333ms)
✔ libraryScanAuditStore (55.580584ms)
▶ ScanCoordinator
  ✔ coalesces display progress while preserving per-file callbacks and the final event (29.099125ms)
  ✔ flushes pending progress before a failure without delaying the failure event (0.514708ms)
  ✔ binds an offline-created root identity and refreshes the frozen snapshot before scanning (1.727583ms)
  ✔ persists matching complete audit details with the latest summary (0.928209ms)
  ✔ publishes scan lifecycle events for every trigger (0.898708ms)
  ✔ uses one frozen configuration snapshot for the complete run (0.185959ms)
  ✔ reconciles resource identity pending rows only under roots proven safe after traversal (0.461583ms)
  ✔ preserves offline roots and removes only missing local resources under accessible roots (0.726333ms)
  ✔ aborts cleanup when a local path cannot be audited (0.690042ms)
  ✔ treats a root that becomes unreadable after traversal as offline (0.478041ms)
  ✔ rechecks the frozen root identity immediately before cleanup writes (0.381208ms)
  ✔ does not run cleanup after cancellation and releases the mutual-exclusion lease (0.436583ms)
  ✔ keeps resources after a coordinator-level failure (0.298667ms)
  ✔ skips every destructive cleanup after a file processing failure (0.228167ms)
  ✔ replaces the unrecognized-file snapshot after every safe completed scan (0.268833ms)
  ✔ completes safe cleanup with errors when failures are isolated to STRM files (0.289375ms)
  ✔ consumes deferred path cleanup only after a successful uncancelled scan (0.195542ms)
  ✔ keeps deferred path cleanup queued after a partial folder scan (0.229833ms)
  ✔ allows a full cleanup-only scan after the final configured folder was removed (0.139834ms)
  ✔ removes many non-primary resources without reading sibling resource lists (2.7625ms)
  ✔ consumes cleanup references lazily and closes iteration on a path failure (0.232667ms)
  ✔ preserves all three cleanup audit sequences above the argument limit (405.338583ms)
  ✔ removes resource-less memberships after deferred cleanup on a safe full scan (0.224917ms)
  ✔ persists a sanitized failed summary without running destructive cleanup (0.18275ms)
  ✔ rolls back resource cleanup and keeps pending roots when auto-delete fails (0.182375ms)
  ✔ keeps pending roots when the cleanup transaction cannot commit (0.21325ms)
  ✔ rejects duplicate scans and scans blocked by resource maintenance (9.549ms)
✔ ScanCoordinator (458.142958ms)
✔ reads pending audit summaries with only referenced groups and all exact pending paths (0.172083ms)
✔ skips the pending audit DB reader for no-files (0.086209ms)
✔ skips the pending audit DB reader for non-pending (2.579042ms)
✔ skips the pending audit DB reader for pending-without-group (2.694833ms)
✔ keeps original first root for cleanup and unrecognized summary with parent-first (0.641084ms)
✔ keeps original first root for cleanup and unrecognized summary with child-first (0.088041ms)
✔ uses the early realPath alias for cleanup but only configured paths for summary (0.1385ms)
✔ does not try a later matching root after cleanup-present authorization fails (0.125375ms)
✔ does not try a later matching root after cleanup-missing authorization fails (0.066417ms)
✔ does not try a later matching root after summary authorization fails (0.067542ms)
✔ reauthorizes the first matching root for unknown pending paths without inspecting unmatched paths or falling back (0.111958ms)
▶ scanFolders
  ✔ rejects an archived library atomically when manual import resumes after probing (14.40375ms)
  ✔ rejects manual import when the root is physically replaced while duration probing is suspended (9.969542ms)
Scan error for /var/folders/h4/zxrt6zwx6dv1n16kwxzltqgh0000gn/T/javdex-scan-Zok0Vx/scan-replaced-root/RACE-003.mp4 Error: 只能操作身份有效的启用媒体库根目录内文件
    at rejectManagedRootFile (/Users/nut/Project/JavdexLabs/Javdex/src/main/services/mediaLibraryRootFileGuard.ts:32:9)
    at requireCurrentRootIdentity (/Users/nut/Project/JavdexLabs/Javdex/src/main/services/mediaLibraryRootFileGuard.ts:86:5)
    at assertRootFile (/Users/nut/Project/JavdexLabs/Javdex/src/main/services/mediaLibraryRootFileGuard.ts:98:27)
    at assertMediaLibraryRootFile (/Users/nut/Project/JavdexLabs/Javdex/src/main/services/mediaLibraryRootFileGuard.ts:170:3)
    at authorizeMediaLibraryRootFile (/Users/nut/Project/JavdexLabs/Javdex/src/main/services/mediaLibraryRootFileGuard.ts:230:3)
    at authorizeFileWrite (/Users/nut/Project/JavdexLabs/Javdex/src/main/scanner/scanner.ts:680:7)
    at scanFolders (/Users/nut/Project/JavdexLabs/Javdex/src/main/scanner/scanner.ts:1195:7)
    at async TestContext.<anonymous> (/Users/nut/Project/JavdexLabs/Javdex/src/main/scanner/scanner.test.ts:447:20)
    at async Test.run (node:internal/test_runner/test:1332:7)
    at async Suite.processPendingSubtests (node:internal/test_runner/test:911:7)
  ✔ keeps scan state unchanged when a frozen root is physically replaced during probing (21.39725ms)
Scan error for /var/folders/h4/zxrt6zwx6dv1n16kwxzltqgh0000gn/T/javdex-scan-Kw7TMA/rename-import-replaced-root/RACE-004.mp4 Error: 只能操作身份有效的启用媒体库根目录内文件
    at rejectManagedRootFile (/Users/nut/Project/JavdexLabs/Javdex/src/main/services/mediaLibraryRootFileGuard.ts:32:9)
    at requireCurrentRootIdentity (/Users/nut/Project/JavdexLabs/Javdex/src/main/services/mediaLibraryRootFileGuard.ts:86:5)
    at assertRootFile (/Users/nut/Project/JavdexLabs/Javdex/src/main/services/mediaLibraryRootFileGuard.ts:98:27)
    at assertMediaLibraryRootFile (/Users/nut/Project/JavdexLabs/Javdex/src/main/services/mediaLibraryRootFileGuard.ts:170:3)
    at authorizeMediaLibraryRootFile (/Users/nut/Project/JavdexLabs/Javdex/src/main/services/mediaLibraryRootFileGuard.ts:230:3)
    at authorizeFileWrite (/Users/nut/Project/JavdexLabs/Javdex/src/main/scanner/scanner.ts:680:7)
    at scanFolders (/Users/nut/Project/JavdexLabs/Javdex/src/main/scanner/scanner.ts:1125:9)
    at async renameAndImport (/Users/nut/Project/JavdexLabs/Javdex/src/main/scanner/scanner.ts:1527:20)
    at async TestContext.<anonymous> (/Users/nut/Project/JavdexLabs/Javdex/src/main/scanner/scanner.test.ts:536:19)
    at async Test.run (node:internal/test_runner/test:1332:7)
  ✔ does not commit or rename a replacement-root file when rename-import resumes after probing (16.618584ms)
  ✔ rejects a disabled target root at the resource transaction boundary (8.838375ms)
  ✔ reuses archived local and STRM source paths without crossing library ownership (17.395542ms)
  ✔ imports mixed local and STRM resources into one video and keeps the local file primary (17.040333ms)
  ✔ chooses the scan primary independently of directory entry order (10.177542ms)
  ✔ reselects the primary when scanning into an existing resource-less video (10.689875ms)
  ✔ keeps mixed local and STRM resources in one masked pending group (11.775958ms)
  ✔ rejects a stale pending STRM assignment, refreshes its snapshot, then accepts it (13.349417ms)
  ✔ removes an invalidated STRM snapshot from the pending group on a later scan (11.632166ms)
  ✔ syncs a changed STRM target in place while preserving primary and user-maintained fields (11.666083ms)
  ✔ isolates invalid STRM files and retries them without replacing a bound target (21.967542ms)
  ✔ relocates STRM only when the complete filename and target identify one missing source (17.212792ms)
  ✔ loads STRM candidates once per scan across imports, moves and pending writes (260.037708ms)
  ✔ relocates a bound STRM after its video code has been corrected (14.680375ms)
  ✔ holds new resources for confirmation when several videos already use the code (8.865958ms)
  ✔ keeps an already-pending path out of relocation and refreshes its pending snapshot (8.421458ms)
  ✔ holds a same-scan multi-file code together when automatic assignment is disabled (9.76325ms)
  ✔ does not let an invalid STRM force a valid same-code video into confirmation (10.626666ms)
  ✔ persists a pending scan group across database reopen and assigns it atomically (13.788666ms)
  ✔ rolls back every scan assignment when final pending-group deletion fails (13.227333ms)
  ✔ imports one unambiguous file normally when automatic assignment is disabled (15.221375ms)
  ✔ holds a new resource that matches one existing video when automatic assignment is disabled (10.06875ms)
  ✔ promotes the available resource when assigning into an existing video without a primary (13.984041ms)
  ✔ normalizes a manual code and attaches to an existing case-insensitive identity (109.852125ms)
  ✔ aborts when a nested directory cannot be audited (7.848375ms)
  ✔ imports a symbolic-link video by its link path and file name (12.003916ms)
  ✔ does not follow symbolic-link directories (9.660292ms)
  ✔ silently skips a broken symbolic-link video (9.178708ms)
  ✔ leaves missing-resource cleanup to the high-level scan coordinator (15.646834ms)
  ✔ keeps distinct symbolic-link paths that point to the same target (16.157542ms)
  ✔ keeps a resource under an unavailable root when the same code appears online (14.933125ms)
  ✔ relocates one same-code video by a unique file-size match without requiring the old name (13.117917ms)
  ✔ uses full file name and size to relocate safely when several videos share a code (10.85325ms)
  ✔ does not relocate when full file name and size match more than one duplicate-code video (10.630458ms)
  ✔ treats a new file normally when an old same-code path cannot be audited (19.523875ms)
  ✔ keeps an unrecognized rename and only rediscovers the renamed file (17.92625ms)
  ✔ uses the scan same-code pending flow when automatic merging is disabled (17.095458ms)
  ✔ renames and discovers the code without a manual code or target (15.518709ms)
  ✔ renames and imports an unrecognized STRM as a source-managed link (12.131417ms)
  ✔ imports recognized videos and reports unrecognized files (12.826667ms)
  ✔ reuses scanned directory entries when checking a directory without NFO files (63.8925ms)
  ✔ refreshes a changed local identity snapshot on rescan before user confirmation (14.474291ms)
  ✔ refreshes a changed strm identity snapshot on rescan before user confirmation (12.292459ms)
  ✔ uses NFO identity only for newly discovered resources when automatic import is enabled (19.658292ms)
  ✔ yields between immediately resolved NFO batches so abort runs without losing committed audits or primaries (109.046458ms)
  ✔ yields while delivering final audits but drains every committed entry and reports cancellation (101.211292ms)
  ✔ yields inside one committed NFO batch and retains imported audits for all its anchors (74.250333ms)
  ✔ yields between completed primary selections and still settles every committed resource after abort (102.243042ms)
  ✔ handles cancellation during the only or first NFO application and preserves committed file audits (25.519875ms)
  ✔ aggregates first-discovery NFO candidates once per video after all resources are assigned (14.236542ms)
  ✔ does not count an existing pending resource identity as a new same-code file (11.764875ms)
  ✔ keeps distinct local NFO candidates in the existing confirmation workflow (17.521875ms)
  ✔ persists a filename/NFO identity conflict without creating formal library records (10.96525ms)
  ✔ persists only a masked STRM target projection for an NFO identity conflict (8.265792ms)
  ✔ keeps a valid filename import when its NFO is invalid and records only a secondary warning (13.7085ms)
  ✔ uses NFO identity across libraries but never overwrites a globally scraped-success video (15.725583ms)
  ✔ applies local NFO with fill-empty semantics for new and failed videos (20.225917ms)
  ✔ reattaches a scanned file to an existing no-resource video without replacing metadata (8.947ms)
  ✔ yields while scanning large batches (123.584459ms)
  ✔ collects a very large root without overflowing call arguments before cancellation (1678.154125ms)
  ✔ stops when cancelled (76.856542ms)
  ✔ skips new imports shorter than 30 minutes (13.143042ms)
  ✔ skips short files before unrecognized handling (9.783667ms)
  ✔ stores probed duration on import (10.439916ms)
  ✔ refreshes duration when the file changes on rescan (13.424708ms)
  ✔ skips duration probe on rescan when file is unchanged (14.768375ms)
  ✔ emits one final audit outcome for every processed file (12.05775ms)
✔ scanFolders (3516.630625ms)
✔ matches final legacy callbacks on equivalent fresh catalogs including merged NFO and repeated paths (73.445584ms)
✔ commits singleton audit deliveries while the next duration probe is held, outside a database transaction (19.748542ms)
✔ timer cancellation preserves already committed entries and stops incremental delivery (22.977083ms)
✔ rejects mutually exclusive sinks before database, directory, probe or callback work (8.357833ms)
✔ propagates recordFile sink failure without converting it to processing_failure (17.604875ms)
✔ propagates readFileNfo sink failure without converting it to processing_failure (14.120334ms)
✔ propagates patchNfo sink failure without converting it to processing_failure (13.219916ms)
✔ treats a missing NFO patch target after a successful read as fatal (13.28875ms)
✔ rejects recordFile resolved thenables without late unhandled rejection (18.700917ms)
✔ rejects recordFile rejected thenables without late unhandled rejection (15.593542ms)
✔ rejects readFileNfo resolved thenables without late unhandled rejection (14.888083ms)
✔ rejects readFileNfo rejected thenables without late unhandled rejection (12.622417ms)
✔ rejects patchNfo resolved thenables without late unhandled rejection (14.492458ms)
✔ rejects patchNfo rejected thenables without late unhandled rejection (17.243542ms)
✔ atomically rolls back STRM target-update on native audit INSERT failure and retries with committed visibility (20.776541ms)
✔ atomically rolls back STRM relocation on native audit INSERT failure and retries with committed visibility (33.802333ms)
✔ rolls back invalid STRM pending deletion on native audit failure and retries with one committed failure (15.694125ms)
✔ rolls back local new-video business rows with native audit failure and retries atomically (35.352792ms)
✔ rolls back local existing-video business rows with native audit failure and retries atomically (20.882042ms)
✔ rolls back local must-confirm business rows with native audit failure and retries atomically (23.83ms)
✔ rolls back local relocation business rows with native audit failure and retries atomically (21.468375ms)
✔ rolls back local identity-create on native audit failure and commits retry with matching pending state (18.463583ms)
✔ rolls back local identity-refresh on native audit failure and commits retry with matching pending state (16.667917ms)
✔ rolls back local pending-refresh on native audit failure and commits retry with matching pending state (19.991416ms)
✔ rolls back strm identity-create on native audit failure and commits retry with matching pending state (20.592042ms)
✔ rolls back strm identity-refresh on native audit failure and commits retry with matching pending state (15.620583ms)
✔ rolls back strm pending-refresh on native audit failure and commits retry with matching pending state (17.079583ms)
▶ STRM parser
  ✔ matches the STRM extension without case sensitivity (0.812875ms)
  ✔ accepts one HTTP target after BOM, blank lines, comments, and Kodi properties (1.49175ms)
  ✔ normalizes supported HTTP, Magnet, and ED2K targets through the resource contract (0.64125ms)
  ✔ rejects empty, multiple-target, invalid UTF-8, and unsupported-protocol content (0.356ms)
  ✔ accepts exactly 1 MiB and rejects larger input without truncation (1.22875ms)
✔ STRM parser (5.451792ms)
✔ matches unique missing sources and retains filename, target, root and uncertainty rules (1.088125ms)
✔ incrementally tracks same-scan insertions and target/path changes, but invalidates unknown writes (0.194042ms)
✔ does not acknowledge unrelated writes or a failed mutation as a complete cache update (0.169458ms)
✔ retains the cache for known pending writes but cannot hide an intervening external write (0.084084ms)
✔ examines one matching candidate per lookup in a 10000-resource relocation (72.614625ms)
✔ examines one matching candidate per lookup in a 20000-resource relocation (117.620333ms)
✔ examines one matching candidate per lookup in a 300382-resource relocation (2004.616417ms)
✔ examines one matching candidate per lookup in a 600764-resource relocation (4101.207625ms)
✔ indexes target keys as well as filenames when many directories use the same filename (77.759916ms)
▶ videoDuration
  ✔ resolves configured minutes to seconds (0.816625ms)
  ✔ treats unknown duration as not below minimum (0.126125ms)
  ✔ flags durations shorter than threshold (0.084125ms)
  ✔ prefers scraped duration over primary resource duration (0.096291ms)
  ✔ uses primary resource duration when scraped duration is missing (0.102375ms)
  ✔ returns null when both durations are missing (0.065667ms)
  ✔ only refreshes stored local resource duration when probe value changed (0.076292ms)
  ✔ only probes when duration is missing or file fingerprint changed (0.134625ms)
✔ videoDuration (2.463917ms)
▶ actressScraperManager
  ✔ returns a pending outcome without partially applying a conflicting profile (121.210916ms)
  ✔ clears the selected avatar in replace mode when the matched source has no avatar (104.5075ms)
  ✔ promotes an unscraped actress to scrape success when a profile field is applied (102.901125ms)
  ✔ records a failed scrape without a success time when no profile matches (116.436709ms)
  ✔ records a failed scrape without a success time when the source throws (83.087667ms)
  ✔ records failure in replace-if-present mode when a matched profile has no selected value (96.025417ms)
  ✔ promotes a previously failed actress when a later scrape applies valid data (89.930125ms)
  ✔ skips fill-empty scraping without changing cumulative status when no selected field is missing (49.109584ms)
  ✔ skips fillEmpty when a matched profile has no new values for remaining empty fields (96.106875ms)
  ✔ still fails fillEmpty when a matched profile has no usable field values (107.1945ms)
  ✔ keeps cumulative success and its timestamp when a later scrape fails (95.023084ms)
  ✔ lets Gfriends try stored aliases after the main name without enabling global alias search (50.344125ms)
  ✔ applies successful field sources when another source fails (159.793167ms)
  ✔ preserves a field in replace mode when its composite source fails (170.69025ms)
  ✔ clears a field in replace mode when its composite source matched with no value (167.311834ms)
  ✔ records failure when every configured composite source fails (149.728125ms)
  ✔ warns when a composite avatar source cannot download its result (181.480167ms)
  ✔ preserves the existing gallery when every returned image is unusable (108.178875ms)
✔ actressScraperManager (2050.519833ms)
▶ bundled video candidate plugins
  ✔ normalizes year-month values through the documented sandbox helper (56.388208ms)
  ✔ JavDB fetches every first-page exact match and never falls back to a fuzzy item (40.094792ms)
  ✔ JavDB fails the complete scrape when any exact-match detail fails (52.99075ms)
  ✔ JavLibrary returns all exact cards and ignores title containment or first-item fallback (54.798417ms)
✔ bundled video candidate plugins (205.010625ms)
▶ isCloudflareChallengeText
  ✔ trusts the official cf-mitigated challenge response header signal (0.916083ms)
  ✔ detects classic JS challenge interstitial markers (0.141875ms)
  ✔ ignores passive challenge-platform scripts on normal JavDB detail pages (0.56275ms)
  ✔ detects managed challenge markers (0.043541ms)
  ✔ detects body copy only with Cloudflare co-signals (0.089042ms)
  ✔ detects turnstile-only shells but not embedded widgets on content pages (0.094375ms)
  ✔ does not treat normal pages, helper copy, or vague phrases as Cloudflare (0.193208ms)
✔ isCloudflareChallengeText (2.472583ms)
▶ buildPluginRegistry
  ✔ lets user scrapers override bundled names (0.332625ms)
✔ buildPluginRegistry (0.6565ms)
▶ runCompositeFieldGroups
  ✔ groups fields, picks, and merges across plugins (0.642959ms)
  ✔ aborts on the first plugin error when policy is abort (0.263083ms)
  ✔ collects per-plugin warnings and continues when policy is collect (0.097583ms)
  ✔ throws when every grouped source fails under collect policy (0.101958ms)
  ✔ returns a null result when every plugin yields no match (0.076458ms)
✔ runCompositeFieldGroups (1.296375ms)
▶ configuredScraperService
  ✔ normalizes legacy settings without a service config and drops an unusable MetaTube default (12.417125ms)
  ✔ normalizes origins and path prefixes while rejecting unsafe base URLs (0.599583ms)
  ✔ stores only public configuration in settings and requires acknowledgement for remote HTTP tokens (1.285167ms)
  ✔ blocks clearing while MetaTube is referenced and clears address plus token otherwise (2.382458ms)
  ✔ keeps bearer credentials on the configured origin and preserves a base path (1.303916ms)
  ✔ snapshots the address, proxy choice, and token for an in-flight scrape (1.37ms)
  ✔ rejects cross-origin redirects before sending credentials to the target (0.825875ms)
  ✔ rejects HTTPS downgrade redirects (0.629667ms)
  ✔ classifies authentication, rate-limit, server, malformed, and oversized responses (1.020334ms)
  ✔ tests draft configuration without persisting its token (0.492375ms)
✔ configuredScraperService (23.095042ms)
▶ Gfriends bundled actress plugin
  ✔ prefers the main name and selects its last quality-ordered avatar candidate (44.149167ms)
  ✔ uses the first exact alias only when the main name has no candidate (40.421792ms)
  ✔ does not return a fuzzy name match (44.49875ms)
  ✔ uses the current jsDelivr namespace when the primary index is unavailable (41.25875ms)
  ✔ reserves Gfriends as a built-in actress plugin name (0.123291ms)
✔ Gfriends bundled actress plugin (171.098125ms)
▶ MetaTube bundled video plugin
  ✔ keeps exact providers in search order and maps the documented fields (63.388875ms)
  ✔ returns no candidates for search 404 or fuzzy-only search results (102.152875ms)
  ✔ rejects a detail whose exact code differs from its search item (45.891625ms)
  ✔ rejects too many exact providers before requesting details (41.195791ms)
  ✔ fails the entire scrape if one exact detail request fails (49.255667ms)
[scraper:MetaTube] MetaTube 样张超过 40 张，已截断
  ✔ caps public sample proxy URLs at forty without putting credentials in them (49.14925ms)
  ✔ rejects incompatible known fields and caps detail concurrency at four (99.292167ms)
✔ MetaTube bundled video plugin (451.4985ms)
▶ MetaTube service integration
  ✔ runs connection checks and the bundled worker against a local fake HTTP service (97.7005ms)
✔ MetaTube service integration (98.14875ms)
▶ action network capture
  ✔ keeps http(s) query strings and strips credentials (0.923ms)
  ✔ redacts credential-bearing query values before exposing recent requests (0.516375ms)
  ✔ omits sensitive post bodies (0.328791ms)
  ✔ records only an active action window and does not label search (1.325292ms)
  ✔ keeps the newest requests when the action window overflows (0.381708ms)
✔ action network capture (4.229ms)
▶ browser evaluate policy
  ✔ allows forbidden API names inside diagnostic strings, comments and regular expressions (2.901292ms)
  ✔ still rejects executable references and computed access to forbidden APIs (0.387542ms)
  ✔ rejects credential, storage and sensitive form access (0.291ms)
  ✔ rejects live-page mutation and computed property access (0.324958ms)
  ✔ rejects destructuring aliases that recover live-realm capabilities (0.276959ms)
  ✔ names the forbidden API and points markup reads to html (2.242208ms)
  ✔ uses one normalized evaluator and drains timeout cleanup before rejecting (3.456084ms)
✔ browser evaluate policy (10.592084ms)
▶ ScrapeBrowserHost leases
  ✔ reuses the same owner and rejects a competing owner immediately (0.833834ms)
  ✔ freezes proxy and stops the helper as soon as a scrape lease is released (0.559584ms)
  ✔ closes the active helper session with the main window and remains reusable (0.14025ms)
  ✔ presents the helper through the lease without exposing it as a plugin browser action (0.119667ms)
  ✔ invalidates all lease actions when its operation signal is cancelled (0.132ms)
  ✔ terminates the helper when an in-flight Playwright action is cancelled (0.584167ms)
  ✔ terminates the helper before reporting an evaluate timeout (505.063541ms)
  ✔ keeps oversized ARIA complete for the artifact layer (1.62975ms)
  ✔ sends cancel, ignores a late response and kills a non-cooperative helper after 500ms (1044.421958ms)
  ✔ keeps one click successful while transient post-action observation recovers (0.654083ms)
  ✔ blocks a disallowed main-frame navigation before an agent action sends it (0.250041ms)
  ✔ returns bounded scroll metrics and invalidates refs without changing the document revision (0.298125ms)
  ✔ extracts a host-owned load-more availability signal with the candidate snapshot (0.186875ms)
  ✔ returns the host-owned terminal proof result with the candidate snapshot (0.076417ms)
  ✔ returns pending after a successful action but makes explicit snapshot pending retryable (0.235625ms)
  ✔ classifies a failed state action with a changed revision as uncertain without replaying it (0.101ms)
  ✔ keeps selector uniqueness failures as ordinary action failures (0.052542ms)
  ✔ reports zero matches separately from multiple matches (0.082625ms)
✔ ScrapeBrowserHost leases (1556.144209ms)
▶ normalizeNetworkUrl
  ✔ strips hash and lowercases host (0.393917ms)
  ✔ returns null for invalid URLs (0.064916ms)
✔ normalizeNetworkUrl (0.801042ms)
▶ networkUrlPathKey
  ✔ drops search and hash (0.067209ms)
✔ networkUrlPathKey (0.115375ms)
▶ isImageNetworkResource
  ✔ accepts Image resource type (0.084375ms)
  ✔ accepts image mime types (0.04025ms)
  ✔ rejects non-images and error statuses (0.055ms)
✔ isImageNetworkResource (0.250375ms)
▶ hasImageMagicBytes
  ✔ detects jpeg and rejects html (0.117ms)
✔ hasImageMagicBytes (0.161917ms)
▶ ImageBodyLruCache
  ✔ returns exact and aliased URLs (0.195708ms)
  ✔ matches unique path when query differs (0.124208ms)
  ✔ does not path-match when multiple distinct bodies share a path (0.159333ms)
  ✔ evicts oldest entries by count (0.103084ms)
  ✔ clears all state (0.074209ms)
✔ ImageBodyLruCache (0.725917ms)
▶ prioritizeInspectLinks
  ✔ keeps a main result card when more than maxLinks navigation links precede it (0.948375ms)
  ✔ preserves DOM order within priority groups and deduplicates after prioritizing (1.091208ms)
✔ prioritizeInspectLinks (2.808ms)
▶ selectInspectLocaleLinks
  ✔ keeps locale anchors in document order and always allows an empty result (0.169875ms)
  ✔ caps locale anchors without mixing them back into content ranking (0.108833ms)
✔ selectInspectLocaleLinks (0.415167ms)
▶ selectInspectScriptSrcs
  ✔ keeps document order, deduplicates, and allows an empty result (0.158583ms)
✔ selectInspectScriptSrcs (0.242875ms)
▶ inspectLinkRawHref
  ✔ omits rawHref when the HTML attribute already matches the resolved href (0.119709ms)
  ✔ keeps protocol-relative and path-only attributes that cheerio will see (0.092958ms)
✔ inspectLinkRawHref (0.333125ms)
▶ ScrapeBrowserFramedSocket
  ✔ rejects the wrong token, parent pid, protocol version or CDP port (0.618917ms)
  ✔ round-trips authenticated hello frames and native Buffers (5.286917ms)
  ✔ rejects an oversized incoming frame before allocating its body (1.448459ms)
✔ ScrapeBrowserFramedSocket (7.869416ms)
▶ scrape browser readiness
  ✔ does not resolve an intermediate verification page even when it has matching content (0.347292ms)
  ✔ does not accept selectors found on a verification page (0.051416ms)
✔ scrape browser readiness (0.785833ms)
▶ ScrapeBrowserWaitBudget
  ✔ does not consume the page timeout while Cloudflare verification is active (0.114083ms)
  ✔ still enforces the page timeout while no challenge is active (0.045834ms)
  ✔ caps manual verification independently from the page timeout (0.037458ms)
  ✔ accumulates the verification cap across repeated challenge periods (0.047084ms)
✔ ScrapeBrowserWaitBudget (0.33775ms)
✔ buildScrapeUserAgent drops Electron and app product tokens (0.479459ms)
✔ derivePlatformFromOsToken maps Windows, macOS and Linux (0.144125ms)
✔ resetScrapeUaProfileCache clears memoized profile (0.075833ms)
▶ scraperManager plugin availability gates
  ✔ publishes the built-in local NFO source as runnable but not editable or exportable (3.105208ms)
  ✔ lists MetaTube for configuration but excludes it from executable names until configured (2.291416ms)
  ✔ rejects unconfigured service plugins as new composite field sources (4.529042ms)
✔ scraperManager plugin availability gates (10.433333ms)
▶ scraperPluginSandbox
  ✔ loads cheerio/slim so packaged scrapers do not need undici (47.330042ms)
  ✔ terminates a non-returning plugin worker when the caller aborts (30.253541ms)
  ✔ does not report an aborted run as settled while a started host RPC is still running (114.499375ms)
  ✔ serves repeated persistent fetchBuffer calls from the plugin resource cache (54.360167ms)
✔ scraperPluginSandbox (247.469041ms)
▶ scraperPluginService
  ✔ describes bundled video scraper fields from shipped manifests (7.476833ms)
  ✔ describes bundled actress scraper fields from shipped manifests (3.719584ms)
  ✔ drops unknown actress supported field ids from packages (45.170333ms)
  ✔ lists bundled plugins shipped with the app (2.032ms)
  ✔ reads bundled plugin packages for export and AI debug (1.113083ms)
  ✔ keeps MetaTube visible but unavailable until configured (0.69275ms)
  ✔ rejects a user package that tries to declare a trusted service binding (0.414667ms)
  ✔ does not assign a standalone delay to composite scrapers (1.43375ms)
  ✔ imports and executes a custom video plugin through the BaseScraper adapter (83.459958ms)
  ✔ normalizes video ratings to valid 5-point records only (0.8605ms)
  ✔ reads an installed custom plugin package for AI debugging (45.158708ms)
  ✔ imports and executes a custom actress plugin through the BaseActressScraper adapter (79.299ms)
  ✔ rejects custom plugins that reuse a built-in name (1.908208ms)
  ✔ renames legacy user plugins that override built-in names to -custom (10.124833ms)
  ✔ preserves settings for a legacy user plugin named after retired JAV8 (2.257083ms)
  ✔ uses -custom-2 when -custom is already taken (2.031375ms)
  ✔ keeps bundled plugins visible after rejecting a same-name custom install (0.772ms)
  ✔ rejects duplicate custom plugin names (43.351458ms)
  ✔ atomically replaces a user plugin without leaving staging or backup directories (90.2265ms)
  ✔ rejects plugin names that collide after filename sanitization (48.669625ms)
  ✔ rejects packages without kind (0.519917ms)
  ✔ exports packages with kind (40.524417ms)
✔ scraperPluginService (513.002917ms)
▶ ScraperResourceCache
  ✔ reuses a fresh plugin resource without another network request (4.4875ms)
  ✔ reuses a fresh plugin resource after the cache is recreated (4.106417ms)
  ✔ revalidates an expired resource with its ETag and retains a 304 body (1.543834ms)
  ✔ returns an expired resource when revalidation fails and stale fallback is enabled (1.054791ms)
  ✔ rejects a resource larger than the host entry quota (1.120916ms)
  ✔ rejects writes beyond the host quota for one plugin (1.53975ms)
  ✔ enforces the plugin quota across concurrent resource commits (1.023ms)
✔ ScraperResourceCache (15.74175ms)
▶ trusted scraper service sandbox bridge
  ✔ exposes service methods only to a trusted binding while keeping the token in main (97.906917ms)
  ✔ fails before starting a trusted worker when the service is not configured (2.040667ms)
✔ trusted scraper service sandbox bridge (100.865041ms)
▶ scraperManager.scrapeVideo
  ✔ uses the built-in local NFO source for manual, composite, and default runs without network fallback (37.922833ms)
  ✔ treats a missing local NFO as a normal no-match without marking scrape failure (9.073416ms)
  ✔ uses only the effective composite field sources to classify a quiet local NFO no-match (61.930458ms)
  ✔ delivers actress avatars to the merged cast positions across local and web composite sources (118.985292ms)
  ✔ persists exact multi-candidate results without selecting or applying one by default (104.723917ms)
  ✔ stages every declared candidate image even when the field was not selected (114.679625ms)
  ✔ confirms a candidate from the local snapshot without visiting the remote site again (113.358375ms)
  ✔ discards pending candidates, cleans staging, and preserves cumulative success (97.466792ms)
  ✔ replaces pending staging and removes the replacement after a later unique success (299.935375ms)
  ✔ startup cleanup removes only old unreferenced video staging directories (107.424125ms)
  ✔ filters exact-code mismatches and conservatively deduplicates normalized source urls (118.185333ms)
  ✔ rejects an invalid candidate array atomically and preserves an older pending decision (184.558209ms)
  ✔ keeps the old pending snapshot and staging when a valid replacement fails mid-transaction (199.000959ms)
  ✔ returns every exact-code exclusion warning when no candidate remains (81.095208ms)
  ✔ applies the only exact candidate after exclusions without creating pending state (99.480333ms)
  ✔ normalizes a year-month release date to the first day of that month (103.141333ms)
  ✔ keeps a unique candidate pending when applying it would duplicate a business identity (109.952833ms)
  ✔ rolls back a conflict merge and candidate apply when pending deletion fails (94.482208ms)
  ✔ returns director candidates before writes and applies an explicit choice on retry (134.852125ms)
  ✔ keeps an ambiguous director during batch-style scraping and applies safe fields (107.036334ms)
  ✔ reports a matched result as skipped when no selected value can be applied (258.23875ms)
  ✔ stores composite source links and ratings under their actual field plugins (441.80825ms)
  ✔ persists and confirms composite candidates independently per source (578.199167ms)
  ✔ ignores unsupported fields before validating and applying the selected plugin result (500.081042ms)
  ✔ still rejects a malformed field when the plugin declares it as supported (492.363458ms)
  ✔ preserves a composite field when its source does not match but another source succeeds (611.065708ms)
downloadCover failed: TEST-001 https://cover.example/broken.jpg response is not a usable image
  ✔ applies text data but preserves an old cover when the returned image is unusable (524.178959ms)
downloadSamples failed: TEST-001 1 https://sample.example/two.jpg response is not a usable image
  ✔ discards the whole sample set when any sample download fails but still applies text (555.1155ms)
  ✔ compensates downloaded assets when the apply phase throws after downloads commit (671.565458ms)
  ✔ discards a downloaded cast avatar when the actress already has a usable avatar (610.377ms)
✔ scraperManager.scrapeVideo (7541.92525ms)
▶ Xslist bundled actress plugin
  ✔ treats the site anonymous image as no avatar (51.199917ms)
  ✔ keeps a real profile avatar (55.486375ms)
✔ Xslist bundled actress plugin (107.127875ms)
▶ actress batch scrape persistence lifecycle
  ✔ persists one stable job id and advances pending targets across restart (282.395667ms)
  ✔ loads a legacy task without tri-state fields using a stable fallback job id (104.062958ms)
  ✔ clears a cancelled task file without deleting its completed pending result (190.200583ms)
  ✔ persists only a canonical status and the start-time target snapshot (204.45ms)
  ✔ recovers a paused checkpoint after an application restart cache reset (97.895541ms)
  ✔ normalizes a legacy scraped paused job without rewriting progress (113.172584ms)
  ✔ normalizes an omitted scrapeStatus to all while preserving the snapshot (111.333167ms)
  ✔ marks an unknown status job unrecoverable without falling back to all (100.352875ms)
  ✔ blocks resume for an unknown status job but still allows discard (92.49375ms)
  ✔ resumes from the saved snapshot without re-applying current filters (144.692417ms)
  ✔ resumes a normalized legacy scraped job with unified scrape result semantics (161.644292ms)
✔ actress batch scrape persistence lifecycle (1603.77525ms)
▶ actressBatchScrapeTargets status normalization
  ✔ keeps the four canonical cumulative-status scopes (0.566542ms)
  ✔ normalizes the legacy scraped scope to 刮削成功 (0.074292ms)
  ✔ normalizes an omitted scope to 全部 (0.075125ms)
  ✔ rejects an unknown scope instead of widening the batch (0.226709ms)
  ✔ reports unknown scopes without throwing for persisted job snapshots (0.589916ms)
  ✔ never produces the legacy scope in a normalized request (0.104583ms)
✔ actressBatchScrapeTargets status normalization (2.055292ms)
▶ reconcilePersistedActressBatchJob
  ✔ rewrites scraped to success and omitted to all without touching progress (0.151ms)
  ✔ keeps unrecognized scopes unrecoverable and does not widen to all (0.133958ms)
✔ reconcilePersistedActressBatchJob (0.370541ms)
▶ actressBatchScrapeTargets resolution
  ✔ resolves each canonical cumulative-status scope (9.789333ms)
  ✔ resolves the legacy scraped scope as 刮削成功 and an omitted scope as 全部 (7.168959ms)
  ✔ intersects gender, cumulative status and missing fields (7.680333ms)
  ✔ treats explicit ids as the whole target set, ignoring the other filters (6.754375ms)
  ✔ deduplicates explicit ids and drops ids without a stored actress (7.182125ms)
  ✔ treats an empty explicit id list as zero targets (6.716125ms)
✔ actressBatchScrapeTargets resolution (45.444125ms)
▶ actressBatchScrapeTargets estimate and start
  ✔ estimates the count the start would resolve from the same request (8.69025ms)
  ✔ resolves targets again on start, so the total may differ from an earlier estimate (6.61475ms)
  ✔ freezes target ids, display names and total when the batch starts (7.957125ms)
✔ actressBatchScrapeTargets estimate and start (23.349917ms)
▶ ActressIdentityConflictWorkflow
  ✔ inspects live ownership even when the name is not yet in a review group (12.1205ms)
  ✔ summarizes the same aggregated name groups returned by the review list (11.126209ms)
  ✔ keeps summary counts exact for mixed, multi-result, and multi-conflict groups (46.384667ms)
  ✔ lists pending name ownership without inventing a pending scrape (8.99325ms)
  ✔ rejects an unsupported pending name type instead of silently reclassifying it (10.288583ms)
  ✔ rejects a pending-name-ownership decision when the shown claim row changed (9.400833ms)
  ✔ assigns pending name ownership without creating or applying scrape data (12.591875ms)
  ✔ edits one pending name claim and resolves both resulting unique owners (11.69575ms)
  ✔ moves an edited pending name claim into another normalized-name group (13.010833ms)
  ✔ merges actresses directly from pending name ownership (10.420291ms)
  ✔ removes an illegal pending name without persisting a blacklist (31.771625ms)
  ✔ reassigns the only pending scrape to the explicit keeper after a merge (15.271459ms)
  ✔ keeps a usable keeper avatar while clearing its missing source and crop state (11.167209ms)
  ✔ uses the explicitly selected pending actress as keeper and the other current main name (16.834166ms)
  ✔ rejects merging when both actresses own pending scrape snapshots (31.737416ms)
  ✔ does not treat another conflict between the same actress pair as a merge blocker (11.01875ms)
  ✔ rejects the whole workbench merge when a resulting name belongs to a third actress (10.126959ms)
  ✔ rejects the whole merge when the pending scrape also conflicts with a third actress (10.257833ms)
  ✔ rejects merging a persisted name claimed by a third actress pending scrape (21.525958ms)
  ✔ returns stale without merging when either actress changed after confirmation was shown (9.617375ms)
  ✔ rolls back the actress merge when pending reassociation fails (20.764875ms)
  ✔ edits only the selected conflicting name and applies the unlocked scrape atomically (16.534208ms)
  ✔ moves only the edited item when its new name conflicts in another dynamic group (12.800833ms)
  ✔ moves an edited name into a group claimed by another naturally unlocked pending result (24.274667ms)
  ✔ transfers complete ownership to the pending actress only with a replacement main name (17.965083ms)
  ✔ previews and applies an assigned conflicting alias in a fill-empty alias collection (16.519666ms)
  ✔ keeps earlier ownership decisions in the final fill-empty alias preview and apply (14.67475ms)
  ✔ validates and removes every legacy claimant when assigning to the pending actress (11.644792ms)
  ✔ assigns a whole conflict group to an existing actress while applying profiles to original targets (14.2305ms)
  ✔ keeps confirmed ownership when the chosen existing actress is also a replace candidate (10.191416ms)
  ✔ removes an illegal normalized name from the whole group and applies unlocked profiles (14.648333ms)
  ✔ requires a valid replacement for every main-name claimant before illegal-name removal (31.926708ms)
  ✔ validates illegal-name replacement main names against the live conflict snapshot (9.867042ms)
  ✔ does not reconcile newly active conflicts while rejecting a stale illegal-name decision (8.778083ms)
  ✔ removes only the current illegal group and does not remember a blacklist rule (20.370333ms)
  ✔ applies a result when its other recorded conflict has already become inactive (10.543125ms)
  ✔ rolls back illegal-name handling when name deletion fails (23.907333ms)
  ✔ rolls back illegal-name handling when main replacement fails (11.227625ms)
  ✔ rolls back illegal-name handling when profile application fails (9.612709ms)
  ✔ rolls back illegal-name handling when pending cleanup fails (14.233375ms)
  ✔ keeps the whole illegal-name group pending when any resource preparation fails (22.363042ms)
  ✔ requires a replacement when assigning a current main name to a third existing actress (10.295875ms)
  ✔ finishes name-only results and preserves the original fill-empty update mode (14.5555ms)
  ✔ promotes staged resources when a name edit unlocks a pending scrape (19.110958ms)
  ✔ keeps a naturally unlocked result pending until the user explicitly applies it (31.202375ms)
  ✔ returns a stale outcome without writes when an involved actress changed (10.629041ms)
  ✔ rolls back every profile and promoted resource when a group apply fails (12.918125ms)
  ✔ freezes the complete scrape when one selected name belongs to another actress (8.93725ms)
  ✔ applies a complete result when equivalent names only belong to the target actress (29.326458ms)
  ✔ atomically replaces one actress current snapshot and removes its old staged resources (17.18025ms)
  ✔ rolls back a conflict-free apply when removing the previous snapshot fails (20.352125ms)
  ✔ does not delete an existing same-url gallery file when a later apply rolls back (13.226834ms)
  ✔ discards only the selected wrong match, records cumulative failure, and cleans staging (10.863125ms)
  ✔ startup cleanup removes only old unreferenced staging directories (10.929167ms)
  ✔ deleting a target actress also removes its staged pending resources (9.783584ms)
  ✔ removes prepared formal resources when profile application rolls back (9.786625ms)
✔ ActressIdentityConflictWorkflow (883.708166ms)
✔ reuses maintenance only until local writes, schema changes or external commits (28.0815ms)
✔ does not publish rolled-back maintenance or skip checks inside a caller transaction (8.101375ms)
✔ retries failed maintenance and invalidates after reopening the same catalog (10.36ms)
✔ does not publish a maintenance stamp if an external commit occurs during the check (8.890875ms)
✔ rechecks earlier candidates after a later candidate introduces a new conflict (8.760083ms)
✔ bounds a 10k legacy-claim queue without hydrating candidates after maintenance (69.438584ms)
✔ does not hydrate unrelated candidate results for a selected name group (9.54175ms)
✔ sorts full conflict names before truncating display captions and preserves exact anchors (9.057459ms)
✔ keeps legacy equal-caption order across pages and clamps missing anchors in a nonempty queue (10.340708ms)
✔ bounds name normalization when merged actors have many third pending conflicts (14.439083ms)
Failed to clean deleted actress asset: avatar_sources/alpha.jpg Error: file is locked
    at deleteStoredAsset (/Users/nut/Project/JavdexLabs/Javdex/src/main/services/actressMaintenanceService.test.ts:122:61)
    at Object.deleteActresses (/Users/nut/Project/JavdexLabs/Javdex/src/main/services/actressMaintenanceService.ts:87:11)
    at TestContext.<anonymous> (/Users/nut/Project/JavdexLabs/Javdex/src/main/services/actressMaintenanceService.test.ts:126:28)
    at Test.runInAsyncScope (node:async_hooks:227:14)
    at Test.run (node:internal/test_runner/test:1325:25)
    at Suite.processPendingSubtests (node:internal/test_runner/test:911:18)
    at Test.postRun (node:internal/test_runner/test:1465:19)
    at Test.run (node:internal/test_runner/test:1390:12)
    at async Suite.processPendingSubtests (node:internal/test_runner/test:911:7)
▶ actressMaintenanceService.importGalleryImage
  ✔ runs legacy dimension repair as part of the explicit gallery write flow (1.888917ms)
✔ actressMaintenanceService.importGalleryImage (2.555875ms)
▶ actressMaintenanceService.deleteActresses
  ✔ deletes the complete batch and cleans stored resources (20.851ms)
  ✔ rejects the whole batch when an actress is linked to a video (9.90375ms)
  ✔ reports resource cleanup failures after the database transaction commits (10.944208ms)
  ✔ rolls back the complete batch when a later record fails to delete (8.880375ms)
  ✔ previews current linked-actress and affected-video counts (9.670458ms)
  ✔ explicitly unlinks videos, deletes a mixed batch, and preserves video records and files (11.078583ms)
  ✔ rolls back removed video links when a later actress delete fails (9.260791ms)
  ✔ removes only the deleted actress ownership and pending result (12.937583ms)
  ✔ rejects an unknown delete mode instead of falling through to a destructive path (22.681625ms)
✔ actressMaintenanceService.deleteActresses (116.698458ms)
▶ actressQueryService.listActresses
  ✔ returns a stable page and the full matching total from the real database (15.314917ms)
  ✔ reuses one exact avatar-filter snapshot across subsequent pages (0.211417ms)
  ✔ refreshes the avatar-filter snapshot whenever the first page reloads (0.17725ms)
  ✔ inspects avatar health and fingerprints outside the database repository (14.991291ms)
✔ actressQueryService.listActresses (31.506792ms)
▶ actressQueryService.listFaceScanManifest
  ✔ exposes the dedicated minimal manifest through the query seam (0.18375ms)
✔ actressQueryService.listFaceScanManifest (0.238667ms)
✔ delegates avatar count without reading the legacy list or inspecting images (0.118625ms)
▶ actressScrapeQueue.start target resolution
  ✔ scrapes exactly the targets the estimate reported for the same request (5167.694541ms)
  ✔ starts a legacy scraped request against 刮削成功 targets (640.388209ms)
  ✔ starts explicitly selected actresses regardless of the other filters (615.357792ms)
  ✔ starts no target for an empty explicit id list (447.947084ms)
  ✔ refuses to start a request with an unknown cumulative-status scope (437.974084ms)
✔ actressScrapeQueue.start target resolution (7310.334958ms)
▶ AgentMetadataActivityTimeline
  ✔ projects streaming reasoning into one bounded completed turn (0.614542ms)
  ✔ retains up to 64,000 reasoning characters and reports overflow (5.418291ms)
  ✔ uses semantic browser actions while retaining safe completion summaries (0.797042ms)
  ✔ keeps direct metadata submission distinct from browser inspection (0.056542ms)
  ✔ describes playlist page checkpoints as result-producing actions (0.155667ms)
  ✔ describes browser scroll without exposing tool arguments (0.047917ms)
  ✔ retains earlier reasoning across browser-heavy runs (2.438875ms)
✔ AgentMetadataActivityTimeline (10.054833ms)
✔ uses the indexed journal cursor without loading history for a metadata snapshot (1.033917ms)
▶ Agent metadata browser URL policy
  ✔ allows a public hostname when a system proxy maps it to the RFC 2544 fake-IP range (1.58375ms)
  ✔ still rejects direct benchmark-range IPs and hostnames resolving to private networks (1.27625ms)
  ✔ keeps identity query parameters while removing credentials and fragments from display URLs (0.413333ms)
✔ Agent metadata browser URL policy (3.68775ms)
▶ Agent metadata browser evidence binding
  ✔ accepts a production artifact only for its captured document and view (1.428709ms)
  ✔ rejects incomplete, tampered, and corrupt segmented production artifacts (4.407583ms)
✔ Agent metadata browser evidence binding (5.936792ms)
▶ AgentMetadataDraftService
  ✔ rejects a preview when a staged resource no longer matches its manifest (18.16975ms)
  ✔ rechecks staged resource bytes when applying an already reviewed draft (10.793709ms)
  ✔ cleans newly staged resources when persistence fails (10.764083ms)
  ✔ routes actress name ownership conflicts to the existing pending workflow (19.75075ms)
  ✔ routes duplicate video business identities to the existing pending workflow (13.254458ms)
  ✔ requires explicit user confirmation when actress names do not match (11.820417ms)
✔ AgentMetadataDraftService (85.095833ms)
▶ app release service
  ✔ parses and compares stable release versions numerically (0.8905ms)
  ✔ accepts only trusted published GitHub releases (0.095ms)
  ✔ validates cached update state before exposing it to the renderer (0.140166ms)
✔ app release service (1.4745ms)
▶ asset byte cache
  ✔ separates variants and invalidates all variants of only the changed asset (0.834708ms)
  ✔ checks every file identity field and isolates callers from cached mutable buffers (0.407084ms)
  ✔ enforces the entry cap while retaining recently read and replaced entries (0.419542ms)
  ✔ enforces the 96MiB byte cap and skips oversized entries without flushing other images (22.030375ms)
✔ asset byte cache (24.371917ms)
▶ image asset inspection cache
  ✔ loads an unchanged image once and reloads it when its file signature changes (0.161041ms)
  ✔ reloads an image after explicit asset invalidation (0.101417ms)
  ✔ evicts the least recently used inspection after reaching capacity (0.296167ms)
✔ image asset inspection cache (0.651209ms)
✔ retries after the first scrypt failure (110.294083ms)
✔ retries after the first importKey failure (91.46925ms)
✔ keeps the new cache when a pre-reset KDF later succeeds (98.367625ms)
✔ keeps the new cache when a pre-reset KDF later fails (95.029667ms)
✔ waits for cold key derivation on cancellation and never starts decryption (60.751167ms)
✔ reads the existing AVPK format through synchronous and asynchronous crypto (70.569084ms)
✔ coalesces cold key derivation and never uses synchronous crypto in the async reader (103.528125ms)
✔ rejects invalid or tampered encrypted bodies without returning plaintext (51.442375ms)
✔ waits for an active native job before discarding its cancelled result (52.760416ms)
▶ assetLocationMigration
  ✔ moves plain and encrypted files including alias store (88.405542ms)
  ✔ maps default path setting when relocating back to userData (23.950917ms)
  ✔ allows relocating back to default when only empty asset subfolders remain (13.3265ms)
  ✔ rolls back copied files without touching the active root (11.229166ms)
  ✔ rejects migration while the configured source root is unavailable (8.810959ms)
  ✔ rejects targets nested inside the active media root (16.3675ms)
  ✔ rejects a target that resolves to the source through a symlinked parent (8.215084ms)
  ✔ rejects a differently-cased path that resolves to the same directory (9.776917ms)
  ✔ resumes when the target contains matching files from an interrupted copy (12.74675ms)
  ✔ preserves pre-existing matching copies when a resumed migration rolls back (12.379834ms)
  ✔ keeps source files when the prepared target disappears before commit (11.443167ms)
  ✔ preserves a copied target that was replaced before a failed commit rolls back (21.539041ms)
  ✔ rejects an interrupted target whose file contents do not match the source (15.460916ms)
  ✔ rejects directory symlinks without reading or deleting files outside the asset root (13.263959ms)
  ✔ rejects a symlinked asset root without touching its external target (9.146458ms)
✔ assetLocationMigration (277.171125ms)
▶ assetMigration opaque paths
  ✔ encrypts to opaque paths and restores readable paths on decrypt (95.160125ms)
✔ assetMigration opaque paths (95.678583ms)
✔ reads legacy without rewriting and migrates on mutation preserving all entries (70.548167ms)
✔ does not reread a warm map or append unchanged values; reloads deletions (83.065042ms)
✔ preserves a legacy file when snapshot rename fails (56.955792ms)
✔ recovers an interrupted tail and truncates it before retry (72.453834ms)
✔ rejects corrupted complete ciphertext and preserves it on attempted mutation (63.26425ms)
✔ rejects missing or incomplete first snapshots (55.240458ms)
✔ reloads the actual committed record after an uncertain fsync failure (53.009666ms)
✔ compacts after sustained updates and reloads the latest values (30579.804333ms)
✔ preserves the appended result when compaction rename fails (140.888125ms)
✔ invalidates the cached map after external replacement (56.980042ms)
▶ assetPathNaming
  ✔ builds readable bases with seed and url hash (1.032541ms)
  ✔ sanitizes non-ascii seeds and truncates overly long values (0.310917ms)
  ✔ keeps equal-length Chinese actress names on distinct asset seeds (0.229084ms)
  ✔ scopes asset seeds by actress id when provided (0.144125ms)
  ✔ keeps actress id prefix when the readable label is long (0.124542ms)
  ✔ builds distinct gallery paths for equal-length Chinese names and the same url (0.11ms)
  ✔ builds opaque bases without embedding seed text (0.106583ms)
  ✔ detects opaque encrypted filenames (0.132084ms)
  ✔ derives stable opaque names from plaintext relative paths (0.140833ms)
✔ assetPathNaming (3.308417ms)
▶ AutomaticScanScheduler
  ✔ runs every due library in stable order from independent persisted state (1.447625ms)
  ✔ runs an already-enabled library with no scan history after the startup delay (0.175041ms)
  ✔ calculates each library due time from its own interval and last finished time (0.218625ms)
  ✔ waits one full interval after a library is newly enabled (0.25475ms)
  ✔ skips disabled, rootless and not-yet-due libraries (0.140125ms)
  ✔ runs a due rootless library when it still has deferred cleanup work (0.109875ms)
  ✔ defers while maintenance is busy and rechecks on the next poll (0.123959ms)
  ✔ isolates one library failure and continues the serial due queue (0.329917ms)
  ✔ keeps startup, resume, and every due library globally serial (0.299208ms)
  ✔ uses the resume delay and clears all scheduled work on stop (0.19275ms)
✔ AutomaticScanScheduler (4.082167ms)
▶ AvatarAutoCropMediator
  ✔ resolves automatic crop requests and rejects stale replies (1.95675ms)
  ✔ fails pending automatic crop requests after renderer disconnects (0.117459ms)
  ✔ times out automatic crop requests without accepting a late response (1.629875ms)
  ✔ owns the crop batch token until matching end or disconnect (0.101958ms)
  ✔ rejects a second begin while a crop batch is active (0.174458ms)
✔ AvatarAutoCropMediator (4.459ms)
✔ creates one lazy snapshot per batch and disposes only its owning token (0.140167ms)
✔ retries failed snapshot creation without poisoning the batch and clears on reinitialization (0.088292ms)
✔ settles disconnected requests despite cleanup failure and retries before allowing another snapshot (0.278541ms)
✔ writes the definition once and keeps total checkpoint bytes near-linear (38194.657834ms)
ℹ {"targets":[1000,2000],"totalWrittenBytes":[409049,822049],"definitionWritesPerJob":1}
✔ reads legacy checkpoints and migrates on the next save without losing targets (14.925584ms)
✔ preserves the last checkpoint when write fails and retries safely (25.8945ms)
✔ preserves the last checkpoint when sync fails and retries safely (26.045541ms)
✔ preserves the last checkpoint when rename fails and retries safely (32.881583ms)
✔ keeps the old definition on failed replacement and prunes unused manifests after commit (52.172167ms)
✔ refuses missing, tampered or mismatched manifests instead of treating the job as absent (17.999667ms)
✔ stops the queue on checkpoint failure and resumes from the durable cursor without skipping work (34.771583ms)
✔ rejects damaged cursor and total fields without deleting the checkpoint (18.49525ms)
✔ reloads actual disk state and retains the manifest after replace directory-sync failure (21.54075ms)
✔ reloads actual disk state and retains the manifest after clear directory-sync failure (17.124875ms)
✔ does not report committed saves or clears as failed when manifest cleanup cannot enumerate (21.548917ms)
✔ executes real read-only tag queries and observes writes through the worker cache (222.715917ms)
✔ rejects a changed catalog version at worker startup without migration (380.412458ms)
✔ settles in-flight initialization and queued requests when disposed (423.964542ms)
✔ executes all classification cover pages on the readonly worker and observes committed writes (1107.958ms)
✔ rejects image initialization against an incompatible schema without rewriting it (406.078875ms)
✔ reads bounded audit pages in the real worker, isolates operations and observes audit replacement (485.879291ms)
✔ reads audit headers on the real worker without building an index from the audit body (429.937041ms)
✔ reads combined views in the real worker, upgrades raw pages and rebuilds after writes and failures (521.936166ms)
✔ keeps missing-body pending pages available and rejects a superseded summary on the real worker (665.79ms)
✔ checks latest audit paths on the real worker and rejects invalid later entries after a match (540.803959ms)
✔ counts merged subscribers toward capacity, normalizes keys, and clones each successful result (4.078542ms)
✔ serializes different revisions and keeps a folded expanding query valid in the payload (0.248583ms)
✔ rejects old generation on identity change and waits for termination (5.437459ms)
✔ rejects old generation on path change and waits for termination (0.37225ms)
✔ removes queued aborts but retains an executing slot after all subscribers abort (0.401292ms)
✔ one subscriber abort does not cancel another or retain its signal listener (0.436541ms)
✔ rejects all accepted on startup timeout, without retry or overlapping workers (16.321125ms)
✔ rejects all accepted on query timeout, without retry or overlapping workers (15.743458ms)
✔ rejects all accepted on exit, without retry or overlapping workers (0.627208ms)
✔ rejects all accepted on error, without retry or overlapping workers (0.359875ms)
✔ rejects all accepted on protocol error, without retry or overlapping workers (0.196708ms)
✔ dispose closes admission immediately and waits for a running termination (0.179958ms)
✔ fails closed if termination rejects and rejects requests waiting for replacement (0.244666ms)
✔ rejects invalid queries before creating a worker and contains factory/post failures (0.227292ms)
✔ bounds subscribers while termination is pending and supersedes a waiting generation (0.394666ms)
✔ does not launch work after repeated queued cancellations before ready (0.655542ms)
✔ contains unexpected messages and dispose drains an already-started replacement barrier (0.047708ms)
✔ expires waiting subscribers and frees capacity while native termination remains pending (1.17225ms)
✔ keeps independent waiting deadlines for coalesced subscribers and clears them at execution (0.110458ms)
✔ never executes a page whose only subscriber expired before ready (0.059917ms)
✔ shares admission across tag/image requests, keys entity kinds separately and copies caller inputs (0.304625ms)
✔ retains the executing image slot after cancellation and retires it before switching databases (0.434625ms)
✔ validates image requests before allocating a reader (0.299791ms)
✔ shares audit admission with tag/image work, coalesces snapshots and copies audit budgets (0.857209ms)
✔ rejects invalid audit requests before allocation and removes an aborted queued audit (0.386166ms)
✔ copies view anchors before allocation, coalesces defaults, and shares capacity with raw/header/tag requests (16.27675ms)
✔ rejects invalid combined views without a worker and drops canceled queued view requests (0.435625ms)
✔ shares bounded admission for audit path checks and delivers false without mixing page results (0.471417ms)
▶ CheckpointedSequentialBatchQueue
  ✔ persists checkpoints, pauses, and resumes from the next index (1.662083ms)
  ✔ discards a paused job without running (0.315584ms)
  ✔ cancels a running job and clears the checkpoint (2.776042ms)
  ✔ recycles the scrape browser after each configured target interval (6.969583ms)
  ✔ rejects an invalid run plan without leaving a resumable checkpoint (0.395958ms)
  ✔ discards a corrupt checkpoint when run planning throws (0.146542ms)
✔ CheckpointedSequentialBatchQueue (12.785542ms)
▶ classificationDeletionService
  ✔ previews and deletes a director while recalculating links and preserving videos/resources (395.315292ms)
  ✔ deletes an unlinked director with a zero impact (430.45025ms)
  ✔ rolls back director unlinking and skips image cleanup when deletion fails (470.131208ms)
  ✔ previews and deletes a series while recalculating videos and detaching direct children (516.011291ms)
  ✔ deletes an unlinked childless series with a zero impact (405.701208ms)
  ✔ rolls back series relations and reports image cleanup failure only after commit (431.885208ms)
✔ classificationDeletionService (2650.1765ms)
▶ classification director query and maintenance services
  ✔ keeps real same-name directors as separate stable identities and exposes candidate differences (405.506875ms)
  ✔ maintains the complete profile without changing identity or video relations (455.973292ms)
  ✔ validates calendar dates and career ranges transactionally (367.902917ms)
  ✔ searches aliases and supports only count or update sorting in both directions (485.363959ms)
✔ classification director query and maintenance services (1715.4225ms)
✔ matches all candidate fields/order and deduplicates dual-role organization links before LIMIT (1072.65275ms)
✔ holds count and candidate rows in the same snapshot across a cover removal (464.299167ms)
✔ rejects unsafe entity IDs, unsupported page flags and excessive pages (461.247334ms)
▶ classificationImageService
  ✔ imports local and remote images as owned assets and cleans a replaced image after commit (528.518958ms)
  ✔ copies an associated video cover instead of adopting the video asset (500.855292ms)
  ✔ stores a director portrait and compensates its replacement when the database update fails (485.824583ms)
  ✔ keeps the stored image when a remote download fails (396.91ms)
  ✔ cleans the latest replaced image when a remote update finishes after another edit (425.24925ms)
  ✔ commits replacement and reports a post-commit cleanup failure (457.595584ms)
✔ classificationImageService (2795.856875ms)
✔ matches every old list field and global ordering over pages, aliases, roles and cover boundaries (1226.868291ms)
✔ keeps count and page in one read snapshot across another connection changing the role (433.005666ms)
✔ validates page boundaries in the service and typed IPC without changing complete-list APIs (542.727709ms)
▶ classification organization query and maintenance services
  ✔ shares one organization profile across role lists and searches its aliases (459.595791ms)
  ✔ sorts only by video count or update time in either direction (428.79275ms)
  ✔ treats SQL LIKE metacharacters in organization searches as literal text (494.499125ms)
  ✔ keeps stable identity and video links when editing the complete profile (612.098167ms)
  ✔ rejects parent cycles without partially changing the profile (476.100542ms)
  ✔ creates an organization inline, registers the role, and retains zero-video roles (369.771458ms)
  ✔ rolls back profile fields when a name is owned by another organization (364.924ms)
✔ classification organization query and maintenance services (3206.432041ms)
▶ classification series query and maintenance services
  ✔ maintains a stable complete profile and projects its local video coverage (542.120667ms)
  ✔ enforces normalized name ownership inside the owner scope only (521.498958ms)
  ✔ preflights every name when moving to another owner scope and rolls back on conflict (573.739875ms)
  ✔ rejects self and descendant parents without partially changing the series (439.956125ms)
  ✔ searches aliases, identifies same-name candidates, and sorts in either direction (419.6025ms)
  ✔ creates an unowned series inline and validates lifecycle years (404.93775ms)
✔ classification series query and maintenance services (2902.441542ms)
▶ directorMergeService
  ✔ merges source data into an explicit target while preserving target conflicts (573.723292ms)
  ✔ adopts the source portrait only when the target has no formal portrait (487.532208ms)
  ✔ rolls back target fields and video relations when the database transaction fails (426.578292ms)
  ✔ commits the merge and reports source portrait cleanup failure (313.391666ms)
  ✔ rejects using the same director as target and source (395.827459ms)
✔ directorMergeService (2197.631541ms)
▶ external link service
  ✔ accepts only bounded HTTP and HTTPS links (0.682166ms)
✔ external link service (0.984833ms)
▶ legacy media-library settings bootstrap
  ✔ keeps native V14 config defaults when a fresh database has no legacy evidence (6.306041ms)
  ✔ imports roots, cleanup work, and typed configuration into the default library once (4.261458ms)
  ✔ freezes an online legacy cleanup root identity before making the work active (10.959125ms)
  ✔ keeps parent and child legacy paths but enables only the first non-overlapping set (17.339666ms)
  ✔ keeps realpath aliases but enables only one physical legacy root (22.647792ms)
  ✔ keeps app-level scraper and cover preferences after import and repeated startup cleanup (3.645417ms)
  ✔ keeps inferred roots and links source-managed resources to the deepest matching root (3.347125ms)
  ✔ imports the last scan summary and its managed unrecognized-file snapshot (3.859542ms)
  ✔ preserves a standalone unrecognized snapshot through a synthetic legacy scan run (3.293042ms)
  ✔ keeps an older safe snapshot separate from a newer failed scan summary (3.080917ms)
  ✔ retries JSON cleanup without importing database rows twice (3.181833ms)
  ✔ rolls back every database change and skips JSON cleanup when import fails (3.072584ms)
✔ legacy media-library settings bootstrap (85.644834ms)
▶ LibraryCurator lifecycle
  ✔ releases its own runs without disposing the application AgentExecution (0.8005ms)
✔ LibraryCurator lifecycle (1.108458ms)
✔ uses the indexed journal cursor for a curator snapshot (0.439459ms)
▶ libraryPathCleanupService
  ✔ previews only resources owned by the selected library and root (548.966458ms)
  ✔ previews and safely cleans a disabled root including pending and diagnostic rows (289.357875ms)
  ✔ confirms with the current revision and queues an identity snapshot without deleting data (326.94375ms)
  ✔ rejects a confirmation when scan-owned resources changed after preview without a revision bump (491.027417ms)
  ✔ removes and promotes resources only inside the confirmed library and root (504.74725ms)
  ✔ lets a cleanup-only scan consume the last removed root without touching another library (570.895875ms)
  ✔ recovers an offline legacy cleanup intent when a later full scan sees the root online (410.975042ms)
  ✔ keeps an overlapping legacy cleanup root waiting during a later full scan (338.090375ms)
  ✔ keeps an overlapping parent legacy cleanup root waiting during a later full scan (401.777959ms)
  ✔ keeps a realpath-alias legacy cleanup root waiting across libraries (373.99525ms)
  ✔ fails closed when a confirmed root is offline (480.552958ms)
  ✔ fails closed when the path now resolves to a replacement directory (399.173834ms)
  ✔ cancels a failed removal into a disabled, archiveable root without deleting records (369.1705ms)
  ✔ completes a confirmed cleanup after an unrelated library configuration edit (376.864667ms)
  ✔ rolls back resource removal, promotion, root state, and job completion together (493.951792ms)
✔ libraryPathCleanupService (6377.692417ms)
▶ normalizeTranslationOutput
  ✔ strips fenced and quoted model output (0.476416ms)
✔ normalizeTranslationOutput (1.094417ms)
▶ MediaAssetStore
  ✔ coalesces encrypted thumbnails, isolates size variants and preserves original preview bytes (134.031ms)
  ✔ checks plain and decrypted image pixels before caching and recovers after replacement (106.241208ms)
  ✔ retains cancelled active slots until file read settles (90.9475ms)
  ✔ retains cancelled active slots until file close settles (95.843584ms)
  ✔ retains cancelled active slots until file metadata settles (86.690458ms)
  ✔ rejects oversized plain and encrypted files before opening or decrypting them (56.813084ms)
  ✔ does not merge a post-invalidation request into the old pending read (28.222417ms)
  ✔ shares a cold encrypted read and decryption across concurrent requests without sharing cancellation (71.998625ms)
  ✔ does not return cached bytes when cancelled while the hot-path stat is pending (32.902667ms)
  ✔ does not reuse the same relative cache key after the asset root changes (42.903ms)
  ✔ rejects a changed file during reading without caching its old bytes (48.882875ms)
  ✔ serves hot plaintext and encrypted images without rereading or decrypting their bytes (94.034667ms)
  ✔ reloads replaced files even with restored mtime and rejects deleted files before using cache (61.941959ms)
  ✔ does not repopulate explicitly invalidated cache from a pending read (30.096416ms)
  ✔ retains read slots while cancelled encrypted requests wait for native crypto completion (115.05975ms)
  ✔ cancels queued reads before opening files and keeps active slots until reads settle (83.464292ms)
downloadAvatar failed: Bad Avatar https://example.test/avatar.html response is not a usable image
Failed to delete media asset: covers/TEST-002_7fb725db.jpg Error: file is locked
    at FailingCleanupStore.delete (/Users/nut/Project/JavdexLabs/Javdex/src/main/services/mediaAssetStore.test.ts:936:15)
    at FailingCleanupStore.deleteImmediateBestEffort (/Users/nut/Project/JavdexLabs/Javdex/src/main/services/mediaAssetStore.ts:449:12)
    at FailingCleanupStore.finishCoordinatedChange (/Users/nut/Project/JavdexLabs/Javdex/src/main/services/mediaAssetStore.ts:561:52)
    at <anonymous> (/Users/nut/Project/JavdexLabs/Javdex/src/main/services/mediaAssetStore.ts:527:14)
    at AsyncLocalStorage.run (node:internal/async_local_storage/async_context_frame:63:14)
    at FailingCleanupStore.runCoordinatedChange (/Users/nut/Project/JavdexLabs/Javdex/src/main/services/mediaAssetStore.ts:504:31)
    at FailingCleanupStore.coordinateDatabaseChange (/Users/nut/Project/JavdexLabs/Javdex/src/main/services/mediaAssetStore.ts:465:17)
    at <anonymous> (/Users/nut/Project/JavdexLabs/Javdex/src/main/services/mediaAssetStore.test.ts:941:37)
    at getActual (node:assert:611:5)
    at strict.doesNotThrow (node:assert:779:32)
  ✔ serves plain and encrypted images asynchronously without synchronous file reads (125.307833ms)
  ✔ reads plain and encrypted images and reports a stable plaintext fingerprint (98.753625ms)
  ✔ rejects stored paths that escape the media root (6.600125ms)
  ✔ exposes bootstrap and layout paths under the media root (35.372666ms)
  ✔ encrypts a stored plain asset and lists it under stable subdirectories (117.984625ms)
  ✔ decrypts a stored encrypted asset back to its plain relative path (126.613792ms)
  ✔ compensates newly-created resources when the database operation fails (46.212417ms)
  ✔ compensates newly imported cover and sample files when a database operation fails (45.120667ms)
  ✔ compensates newly imported playlist covers when a database operation fails (41.950458ms)
  ✔ compensates async downloads when the database operation fails (46.749583ms)
  ✔ rejects unusable local image imports instead of storing them (5.543042ms)
  ✔ rejects unusable avatar downloads instead of storing them (4.824334ms)
  ✔ keeps an existing download when replacing the same URL later rolls back (46.145208ms)
  ✔ keeps an existing avatar source when importing the same bytes later rolls back (62.675541ms)
  ✔ deletes obsolete resources only after the database operation succeeds (41.895208ms)
  ✔ uses distinct paths for avatar display replacements created in the same millisecond (46.066959ms)
  ✔ discards newly created resources marked obsolete in the same coordinated change (40.004083ms)
  ✔ promotes nested created resources so a parent rollback can compensate them (34.018ms)
  ✔ defers nested obsolete deletes of pre-existing files until the parent commits (46.8475ms)
  ✔ keeps nested obsolete pre-existing files when the parent rolls back (51.031917ms)
  ✔ does not leak nested create-then-obsolete files when the parent rolls back (46.903708ms)
  ✔ runInCoordinatedChange joins an active parent instead of nesting (39.953166ms)
  ✔ keeps isolated coordinated creates when an outer parent later rolls back (33.5235ms)
  ✔ keeps independent root work when an awaited outer coordinated change fails (47.044459ms)
  ✔ keeps relocation exclusive with coordinated and direct media mutations (33.336833ms)
  ✔ keeps relocation exclusive with a stable read lease (9.997834ms)
  ✔ keeps caller registrations off an un-awaited nested async coordinated change (49.999875ms)
  ✔ does not turn a post-commit cleanup failure into a database failure (50.832208ms)
✔ MediaAssetStore (2563.55225ms)
✔ reads empty, exact-budget and multi-chunk files without using readFile (24.385917ms)
✔ rejects oversize before reading and closes the opened handle (16.05475ms)
✔ rejects grow during reading and closes the handle (19.843833ms)
✔ rejects truncate during reading and closes the handle (21.470041ms)
✔ rejects cancel during reading and closes the handle (15.964333ms)
✔ rejects io-error during reading and closes the handle (6.147584ms)
✔ does not open an already cancelled request (16.117334ms)
✔ closes the handle on cancel-after-open before allocating body bytes (16.770333ms)
✔ closes the handle on stat-error before allocating body bytes (15.040125ms)
✔ closes the handle on directory before allocating body bytes (13.529833ms)
✔ reads PNG/WebP metadata and never follows TIFF offsets outside its chunk (0.959125ms)
✔ inspects all served formats without decoding pixels (22.428042ms)
✔ rejects a tiny encoded image with an oversized canvas and accepts the exact boundary (1.392625ms)
✔ rejects corrupt and unsupported image headers (11.280625ms)
✔ inspects the single-frame canvas of real animated GIF and WebP inputs (2.291417ms)
✔ waits for metadata completion when cancelled and destroys the reader (0.808417ms)
✔ shares a read while one consumer cancels and preserves independent result buffers (1.096708ms)
✔ drains the last cancelled consumer without deleting a newer flight under the same key (0.211917ms)
✔ fans out failures and permits a fresh attempt (0.105083ms)
✔ aborts the underlying work only after all consumers cancel and drains the final slot (0.131792ms)
✔ defaults to four active reads and 256 queued requests with reusable cancellation capacity (3.43125ms)
✔ bounds active and queued reads, removes cancelled work and releases capacity after failures (0.18225ms)
✔ does not free an active slot before an aborted reader actually settles (0.095041ms)
✔ preserves aspect ratio, respects orientation and does not enlarge small images (29.806ms)
✔ makes a single static thumbnail from an animated image (2.240541ms)
✔ retains two decode slots until native work settles after cancellation (4.579666ms)
▶ media-library service
  ✔ validates an explicitly configured create-time video scraper before persistence (1.208667ms)
  ✔ allows unrelated config edits with a stale stored scraper but validates explicit changes (0.106334ms)
  ✔ runs the root-migration commit through the shared resource-maintenance gate (0.076ms)
  ✔ runs every root mutation through the scan-shared maintenance gate (0.15925ms)
  ✔ preserves root continuity validation errors through service mutation gates (0.088916ms)
  ✔ serializes library and config lifecycle mutations with resource writes (0.08025ms)
  ✔ cannot archive through the service while an asynchronous resource write owns the gate (0.121167ms)
✔ media-library service (2.439208ms)
▶ mediaProtocol
  ✔ forwards a finite variant and rejects invalid size without reading (21.376083ms)
  ✔ returns 413 for oversized images with an empty HEAD body (1.001792ms)
  ✔ awaits the image reader and forwards cancellation while serving GET and HEAD (0.318958ms)
  ✔ skips reads for preflight and forbidden paths, and distinguishes busy from missing (0.393167ms)
  ✔ resolves media URLs under the asset root (0.05575ms)
  ✔ rejects path traversal outside the asset root (0.029ms)
✔ mediaProtocol (23.636417ms)
▶ organizationDeletionService
  ✔ removes only the selected role and recalculates its linked videos at execution time (350.59175ms)
  ✔ rejects removing the final role and leaves all relations unchanged (438.332834ms)
  ✔ blocks role removal and full deletion when they would rewrite a pending video (455.007208ms)
  ✔ fully deletes an organization and detaches every supported relation after a fresh preview (561.435458ms)
  ✔ rejects full deletion when owned series names conflict in the unowned scope (467.648ms)
  ✔ rolls back full deletion relations and skips image cleanup when deletion fails (337.864875ms)
  ✔ commits full deletion while reporting post-commit image cleanup failures (360.024ms)
✔ organizationDeletionService (2971.766083ms)
▶ organizationMergeService
  ✔ merges cross-role records and transfers role-specific videos, children, and series (445.273417ms)
  ✔ adopts the source brand image only when the target has none (413.321625ms)
  ✔ preflights publisher transfer business identity collisions before writing (407.956959ms)
  ✔ blocks a merge that would rewrite a pending video relation (449.825916ms)
  ✔ rejects a series name collision in the target scope without changing any relation (453.0485ms)
  ✔ rejects merging an ancestor into a deep descendant (354.988833ms)
  ✔ collapses a direct source-to-target hierarchy and transfers source siblings (387.124209ms)
  ✔ rolls back the profile and every relation when the transaction fails (380.060416ms)
  ✔ commits the merge and reports a brand image cleanup failure (449.581625ms)
  ✔ rejects using the same organization as target and source (374.252208ms)
✔ organizationMergeService (4116.228083ms)
▶ pending resource identity service
  ✔ uses the persisted choice, assigns the resource atomically, and applies only a matching current NFO (414.939333ms)
  ✔ completes resource ownership but does not apply metadata when the current NFO no longer matches (442.851167ms)
  ✔ finishes resource ownership when the current NFO cannot be inspected safely (435.664125ms)
  ✔ keeps the identity pending and creates no formal record when the source fingerprint is stale (427.042125ms)
  ✔ rechecks a STRM target snapshot and leaves the conflict intact when it changes (389.85975ms)
✔ pending resource identity service (2110.9785ms)
▶ PlayerService
  ✔ opens and reveals a local resource through system file operations (0.898917ms)
  ✔ opens a STRM target externally but reveals its local source file (0.095958ms)
  ✔ opens the primary direct resource with the system URL handler (0.087709ms)
  ✔ reports a system open failure and does not try another resource (0.135834ms)
  ✔ hands Magnet resources to the registered system protocol handler (0.059375ms)
  ✔ rejects every playback and reveal entry point before reading an archived or missing library (0.062334ms)
  ✔ opens and reveals only resources that belong to the selected library (6.058834ms)
✔ PlayerService (7.814333ms)
▶ playlist import browser navigation guard
  ✔ requires DOM-backed terminal reasons to carry a selector and pass host verification (0.969416ms)
  ✔ accepts known-total terminal evidence only when the checkpoint declares a total (0.072833ms)
  ✔ accepts a virtual first window only after a settled host-owned reset to the top (0.057583ms)
  ✔ revalidates terminal or link evidence in the final dynamic window before sealing (0.073959ms)
  ✔ alternates virtual scrolling with frozen load-more actions before sealing (0.045ms)
  ✔ defers bottom-only advance validation until a virtual page reaches its terminal view (0.043625ms)
  ✔ waits for a quiet window after every asynchronous load-more change (0.050834ms)
  ✔ restarts the quiet window when a temporary dynamic expansion rolls back (0.0385ms)
  ✔ classifies foreground retry failures without treating them as restart recovery (0.218ms)
✔ playlist import browser navigation guard (2.004208ms)
▶ playlist importer browser guidance
  ✔ prefers structured reads while leaving page semantics and interaction to the agent (0.413292ms)
  ✔ hands page semantics to the agent and prioritizes user-only blockers (0.122917ms)
  ✔ extracts a first-page playlist name only from reliable page evidence (0.101833ms)
  ✔ requires every newly opened static page to be inspected and checkpointed before advancing again (0.066084ms)
  ✔ distinguishes checkpoint evidence from status artifacts and explains terminal selectors (0.094042ms)
✔ playlist importer browser guidance (1.406459ms)
▶ PlaylistImportModule interface
  ✔ returns an initial browser handoff projected during the first agent dispatch (7.00525ms)
  ✔ persists the import job before the run driver can project bootstrap observations (4.469708ms)
  ✔ returns immediately after accepting one run and replays the same start idempotently (4.606792ms)
  ✔ allows only one foreground import session at a time (4.729875ms)
  ✔ rejects invalid start targets before creating an Agent run (3.652459ms)
  ✔ includes write options in the idempotent frozen input (4.162042ms)
  ✔ rejects one idempotency key reused for different frozen input (3.714084ms)
  ✔ cancels pre-apply work without creating an empty playlist (4.69525ms)
  ✔ preserves a retryable recovery failure when apply invalidates after identity review (8.425042ms)
  ✔ retries a recoverable apply error after the target library becomes active again (5.751625ms)
  ✔ dispatches a same-session retry for a retryable discovery checkpoint (4.489583ms)
  ✔ clears a missing page checkpoint before dispatching a same-session retry (4.481292ms)
  ✔ coalesces concurrent retries with the same idempotency key before recovery side effects (4.103958ms)
  ✔ keeps discovery retry state in the foreground session instead of the durable product journal (4.785583ms)
  ✔ applies a foreground retry atomically without reserving a durable retry result (5.388667ms)
  ✔ discards a browser session when driver creation fails before persistence (3.932792ms)
✔ PlaylistImportModule interface (79.089875ms)
▶ PlaylistImportRepository
  ✔ keeps all import staging in the current SQLite connection only (6.523459ms)
  ✔ rejects credential-bearing source and detail URLs before staging them (0.704375ms)
  ✔ removes sensitive detail URL credentials and requires explicit user identity handling (7.453541ms)
  ✔ accepts a checkpoint after a source redirects between www and apex host variants (3.884708ms)
  ✔ fails an empty external list without creating an empty playlist (3.957667ms)
  ✔ fails discovery when the frozen run exceeds its wall-clock safety budget (3.458708ms)
  ✔ checkpoints every page before atomically creating/reusing videos and a new playlist (6.106667ms)
  ✔ assigns stable unique page order when numbered pagination rediscoveries overlap (4.397541ms)
  ✔ fails self-referential and A-to-B-to-A static pagination as PAGINATION_LOOP (4.799083ms)
  ✔ keeps legal duplicate pages when their concrete pagination frontiers differ (4.74425ms)
  ✔ fails a sealed dynamic page whose next URL only loops to an existing frontier (4.688584ms)
  ✔ keeps a declared page-total mismatch retryable and accepts a corrected checkpoint (4.276875ms)
  ✔ rejects a conflicting nonterminal page before sealing it and completes after correction (5.127042ms)
  ✔ restarts from the source when only the terminal page proves earlier totals wrong (9.332916ms)
  ✔ uses the first-page Agent suggestion when the user leaves the new playlist name empty (4.520875ms)
  ✔ keeps existing playlist links and deduplicates the source playlist URL when enabled (4.144209ms)
  ✔ falls back to the existing host-and-date name when the Agent returns no name (4.52825ms)
  ✔ does not let an Agent suggestion rename an append target (4.513916ms)
  ✔ skips unmatched items and omits detail links when both write options are disabled (4.63575ms)
  ✔ reuses a unique code match created after an auto-create-disabled preview (5.400291ms)
  ✔ persists target-library and target-playlist failures instead of leaving apply retry loops (8.14825ms)
  ✔ counts external convergence separately from videos already present before apply (7.107666ms)
  ✔ keeps multiple global code matches in the detail phase even when one is in the target library (4.302417ms)
  ✔ reuses a unique exact code discovered only on the detail page (5.116333ms)
  ✔ sends conflicting list and detail codes to user review without discarding list candidates (5.4045ms)
  ✔ rejects a stale direct-code decision when a duplicate appears before apply (4.777125ms)
  ✔ reopens identity resolution when another video claims the detail URL before apply (6.363584ms)
  ✔ returns target-library tiebreaks to identity review when memberships become stale (4.847541ms)
  ✔ persists an unexpected transactional apply failure and retries it atomically (5.323458ms)
  ✔ lets a unique strong detail match override the target library preference (4.565458ms)
  ✔ uses a canonical www detail link as a strong owner signal without duplicating it (4.8625ms)
  ✔ requires user review when independent strong detail signals conflict (5.581125ms)
  ✔ keeps a source owner outside the code candidates and blocks target-library tiebreaking (4.354792ms)
  ✔ invalidates the preview when a new source owner appears before apply (6.349417ms)
  ✔ treats source external-code and source-URL evidence as independent signals (6.281042ms)
  ✔ does not use the target library when complete business identity contradicts known candidates (4.921125ms)
  ✔ waits for the user when detail signals leave multiple cross-library candidates (5.581ms)
  ✔ replays an identical page checkpoint and makes changed content recoverable (5.037ms)
  ✔ makes a changed replay of a dynamic operation recoverable without duplicating the batch (4.82775ms)
  ✔ rolls a changed sealed dynamic page back with downstream frontiers and orphan items (64.169667ms)
  ✔ rejects a playlist name submitted after the first logical page (4.041292ms)
  ✔ persists and resumes a browser handoff without losing the current list frontier (4.631583ms)
  ✔ fails an expired browser handoff before persisting a resume checkpoint (4.248458ms)
  ✔ checkpoints overlapping virtual windows before sealing a continuous list (5.667125ms)
  ✔ persists host-owned load-more batches and seals only after the control disappears (5.048291ms)
  ✔ persists load-more no-progress and fails instead of retrying the same action (4.240333ms)
  ✔ fails the run instead of truncating a source that declares totals above the safety budget (4.702167ms)
  ✔ fails and rolls back a dynamic window above the per-batch candidate budget (5.251208ms)
✔ PlaylistImportRepository (304.220666ms)
▶ PlaylistImportAgentRunDriver scripted browser integration
  ✔ dispatches the conversation before the agent opens the frozen source page (7.393458ms)
  ✔ hands an initial challenge to the user through the agent browser tool (4.927ms)
  ✔ requires the domain advance tool to claim a pending page before checkpointing it (9.608125ms)
  ✔ lets the agent choose how to return to frozen work after a handoff (5.1585ms)
  ✔ lets the agent hand a login page to the user immediately (3.842166ms)
  ✔ pauses for human verification when host-owned detail navigation hits a challenge (4.597875ms)
  ✔ replays a committed static page checkpoint after its response is lost (5.804625ms)
  ✔ replays a committed detail checkpoint after its response is lost (6.362417ms)
  ✔ restarts the changed dynamic page from its inbound frontier on product retry (6.126791ms)
  ✔ restarts a dynamic page with corrected declared totals after one product retry (9.867459ms)
  ✔ records an evidence-backed unsupported pagination report as an explicit terminal error (4.644291ms)
  ✔ requires a page checkpoint before advancing away from the current list page (4.951083ms)
  ✔ keeps a missing page checkpoint agent-correctable instead of locking the tool host (4.662625ms)
  ✔ does not expose status artifacts as eligible page-checkpoint evidence (3.747ms)
  ✔ inspects an automatic login redirect but still rejects a checkpoint from it (3.898125ms)
  ✔ checkpoints a finite recycled virtual list without gaps and binds evidence to every view (7.302208ms)
  ✔ normalizes a one-based stable position attribute into a continuous virtual list (6.844125ms)
  ✔ backtracks to the last anchor and halves the step when variable heights skip a window (8.069792ms)
  ✔ combines virtual scrolling with host-owned load-more and checkpoints the expanded window (1006.76275ms)
  ✔ retries a stalled virtual window once, then fails when it still cannot progress (4.79475ms)
✔ PlaylistImportAgentRunDriver scripted browser integration (1120.250667ms)
▶ playlistImportRecoverableToolFailure
  ✔ keeps only same-session timeout and changed-source failures retryable (0.145625ms)
✔ playlistImportRecoverableToolFailure (0.173667ms)
▶ PlaylistImporter ToolPack
  ✔ exposes static-page, virtual-window and detail checkpoints through one least-privilege pack (0.839875ms)
  ✔ lets the agent inspect and operate the same-site browser (0.256291ms)
  ✔ binds every declaration to a production handler (0.208666ms)
  ✔ accepts one optional page-evidenced name on the page checkpoint (0.077333ms)
  ✔ requires a mechanically verifiable terminal contract (0.182708ms)
  ✔ describes static pagination as navigation followed by a new page checkpoint (0.107041ms)
  ✔ makes checkpoint evidence eligibility and terminal selector semantics explicit (0.227875ms)
✔ PlaylistImporter ToolPack (2.364167ms)
▶ playlistService media asset seam
  ✔ creates a playlist cover through MediaAssetStore and cleans it on delete (439.379042ms)
  ✔ deletes the previous cover only after a successful cover replacement (477.058542ms)
✔ playlistService media asset seam (916.866875ms)
▶ PluginBrowserCapabilityModule
  ✔ uses action-specific result budgets (0.527708ms)
  ✔ inlines complete small page-fact sections instead of keeping an oversized snapshot (30.641625ms)
  ✔ omits an oversized page-fact section as a whole and never returns a prefix (25.248666ms)
  ✔ returns an omitted artifact section through bounded cursor pages (74.706458ms)
  ✔ keeps every omitted delta section readable from the same artifact (34.8895ms)
  ✔ returns valid artifact sections and a catalog recovery action for an unknown section (29.00825ms)
  ✔ rejects read-section paths outside the browser artifact directory (2.964875ms)
  ✔ keeps a small localeLinks section when snapshot and content links are omitted (45.89175ms)
  ✔ hides oversized artifact string segments behind read-section pagination (41.095959ms)
  ✔ returns every captured page-fact item when the complete observation fits (21.638625ms)
  ✔ keeps the hard transport limit even when the page has unusually many fact sections (458.313708ms)
  ✔ marks evidence incomplete only when the complete page evidence was actually capped (22.951709ms)
  ✔ returns occurrence-aware ARIA and top-level page-fact deltas for one document (28.972791ms)
  ✔ treats a scroll view revision as a full observation and invalidates prior refs (34.955667ms)
  ✔ records a newly appeared pageFacts section after fill without throwing (25.067333ms)
  ✔ falls back explicitly to the artifact when a complete delta exceeds its budget (47.922083ms)
  ✔ isolates baselines by session and resets them when a lease is released (39.623667ms)
  ✔ unwraps evaluate values that were unnecessarily JSON-stringified (20.262334ms)
  ✔ keeps a successful action pending result successful and compact (18.006458ms)
  ✔ redacts typed text from the stored artifact (28.789125ms)
✔ PluginBrowserCapabilityModule (1032.43375ms)
▶ PluginDeveloper approval and lifecycle stability
  ✔ restores a legacy run with newly-invalid field ids as a repairable workspace (136.581209ms)
  ✔ clears every durable plugin-development history without touching other Agent use cases (47.092125ms)
  ✔ refuses to clear history while a plugin-development operation is running (0.46525ms)
  ✔ discards unrecoverable plugin-development history without touching recoverable runs (81.615166ms)
  ✔ waits for a slow terminal release before an immediate continuation reopens the run (1.37125ms)
  ✔ materializes a terminal workspace before lazy continuation projects native file tools (152.757834ms)
  ✔ projects Pi native file tools into the durable product timeline (130.223917ms)
  ✔ records exactly one domain error when a runtime fault transitions the run to failed (0.283042ms)
  ✔ surfaces an unpersistable runtime fault and resolves the active operation (0.357916ms)
  ✔ publishes the reduced active context immediately after Pi compaction (0.370875ms)
  ✔ keeps a transient invalid workspace recoverable and resyncs after a valid rewrite (149.789583ms)
  ✔ streams provider reasoning and answer while persisting each only once per completed turn (72.327625ms)
  ✔ bounds one displayed reasoning block and reports the original character count (1.857125ms)
  ✔ revokes an approved permit when Pi rejects the approval continuation (0.271916ms)
  ✔ does not consume an approval while the operation that emitted waiting_user is still settling (0.118291ms)
  ✔ binds a typed choice to the exact request without treating it as user feedback (531.228708ms)
  ✔ resumes a typed browser interaction without turning completion into defect feedback (0.161625ms)
  ✔ keeps a mechanically ready artifact waiting for user after Pi settles (139.447125ms)
  ✔ requires real feedback before continuing a mechanically ready artifact (160.332084ms)
  ✔ keeps readiness for dev-notes edits but invalidates it for package edits (182.010792ms)
  ✔ does not run hidden production execution when Pi settles without a current artifact (158.107417ms)
  ✔ projects a model-turn limit into waiting_user/working without running a hidden check (156.863291ms)
  ✔ allows installation only for the exact full production execution artifact (0.408125ms)
  ✔ marks the session completed only after the accepted artifact is installed (0.2655ms)
  ✔ adopts the installed display name when install renames to avoid a conflict (156.796708ms)
  ✔ persists the renamed installed package onto settled product state (150.388083ms)
  ✔ releases only PluginDeveloper-owned runs during application disposal (0.261416ms)
✔ PluginDeveloper approval and lifecycle stability (2412.81075ms)
✔ uses the indexed journal cursor for active and persisted plugin snapshots (0.413416ms)
✔ preserves incremental logs across stale-runtime cancellation, cold snapshot, restore and export (1460.356708ms)
✔ keeps the migrated work log reference when runtime reopen fails during recovery (346.675166ms)
✔ retries closed workspaces with intact or corrupted state without rewriting diagnostic data (406.917416ms)
✔ serializes cleanup admission and drains safely: {"initial":"clear","fail":false,"dispose":true} (264.002667ms)
✔ serializes cleanup admission and drains safely: {"initial":"discard","fail":true,"dispose":true} (353.99875ms)
✔ serializes cleanup admission and drains safely: {"initial":"clear","fail":true,"dispose":false} (390.020083ms)
▶ PluginExecutionModule
  ✔ passes only the typed actress runtime identity and preserves production facts (16.985917ms)
  ✔ records rejected production results without adding semantic issue classifications (14.625459ms)
  ✔ does not accept undefined or runtime-only output as a material production result (16.651041ms)
  ✔ does not accept a video source link without any material scraped field (12.387875ms)
  ✔ treats a full empty contract return as unmatched targets, not a broken shape (0.157083ms)
✔ PluginExecutionModule (61.368167ms)
▶ PluginRunAcceptanceModule
  ✔ accepts an exact full production artifact without judging content or manifest coverage (1.8675ms)
  ✔ keeps readiness when only the plugin display name changes (0.139708ms)
  ✔ rejects targeted, stale package, stale target, stale runtime, and failed execution artifacts (0.620084ms)
  ✔ never accepts a vacuous full execution with no session targets or cases (0.094708ms)
  ✔ treats a successful proper-subset run as wrong_scope, not execution_failed (0.074417ms)
  ✔ keeps execution_failed when a targeted subset itself failed (0.0675ms)
✔ PluginRunAcceptanceModule (3.357458ms)
▶ PluginWorkspaceModule
  ✔ starts create mode without a requested or predeclared field set (0.934417ms)
  ✔ materializes a Pi-native file workspace and rebuilds a normalized package (106.241625ms)
  ✔ treats workspace files as authoritative and changes the artifact hash after an edit (121.871583ms)
  ✔ keeps Pi dev notes outside the plugin artifact and preserves them across instruction refreshes (183.103416ms)
  ✔ atomically records completed execution facts and the current acceptance projection (145.595042ms)
  ✔ updates current acceptance without overwriting the latest execution facts (151.362541ms)
  ✔ does not reinterpret a removed workspace field declaration as all fields (144.784ms)
  ✔ refreshes v4 host resources without overwriting the draft or decisions (214.454792ms)
  ✔ preserves same-kind legacy targets only when current input has none (237.445791ms)
  ✔ keeps current instruction resources frozen when the workspace is reopened (150.082917ms)
  ✔ preserves an older frozen instruction set while restoring an existing run (147.802875ms)
✔ PluginWorkspaceModule (1604.451084ms)
✔ awaits asynchronous removal without recursively deleting through the synchronous API (22.192375ms)
▶ PluginDevInstructionModule
  ✔ keeps the system prompt limited to identity, workspace and host boundaries (0.490791ms)
  ✔ makes javdex-plugin-dev the only owner of the development workflow (2.843834ms)
  ✔ orders page-level search and detail code checkpoints for video and actress skills (0.510375ms)
  ✔ generates isolated result contracts and workflow examples for each plugin kind (0.364959ms)
  ✔ marks field documentation as a query table rather than an implementation checklist (0.09225ms)
  ✔ preserves a resolved choice and reassesses the remaining blocker (0.055875ms)
  ✔ resumes a completed browser handoff from the interrupted location (0.02975ms)
  ✔ uses the host initial dry-run in debug mode without requesting a duplicate run (0.094917ms)
  ✔ starts create from the Skill instead of a five-file reading ritual (0.085167ms)
  ✔ generates stable v1 resources for identical inputs (0.372167ms)
  ✔ applies user feedback without manufacturing an extra development round (0.042125ms)
  ✔ treats the resume button as continuation rather than new defect feedback (0.0435ms)
  ✔ exposes only dry-run, typed user input and the browser adapter tools (0.099083ms)
✔ PluginDevInstructionModule (5.591916ms)
▶ PluginDeveloper v1 tool executor
  ✔ rejects removed domain tools (152.898416ms)
  ✔ rejects URL-shaped targets without replacing the initial dry-run state (119.469917ms)
  ✔ preserves the prior latest facts while the workspace is temporarily invalid (153.94525ms)
  ✔ adopts the first legal explicit targets immediately and exposes runtime facts (166.944792ms)
  ✔ emits adopted targets before the production runner settles (149.855916ms)
  ✔ replaces session targets after a full unmatched execution (158.085584ms)
  ✔ keeps later explicit targets targeted when the last full run was not an empty miss (150.212041ms)
  ✔ uses later explicit targets only for targeted diagnostics (146.550292ms)
  ✔ treats explicit targets that cover the session set as a full run (132.920291ms)
  ✔ allows the fourth and tenth real executions without an attempt limit (224.982542ms)
  ✔ reads an artifact section without acquiring the live browser lease (138.133041ms)
  ✔ maps bounded scroll arguments to the shared browser command (143.926542ms)
  ✔ terminates on browser busy without replacing the initial dry-run state (147.037208ms)
  ✔ does not replace the initial dry-run state when Cloudflare interrupts the run (141.129334ms)
  ✔ preserves the prior latest facts when a real execution is cancelled (134.618625ms)
✔ PluginDeveloper v1 tool executor (2261.817042ms)
▶ plugin developer Cloudflare handoff
  ✔ retains the browser only for browser interaction handoff requests (0.340458ms)
  ✔ recognizes the typed browser challenge signal (0.073083ms)
  ✔ turns browser action=open challenge into an immediate waiting_user handoff (137.549041ms)
  ✔ presents the helper and creates a typed login handoff without running a Playwright action (128.276584ms)
  ✔ returns typed recovery errors for uncertain actions and pending explicit observations (130.701167ms)
✔ plugin developer Cloudflare handoff (397.419125ms)
▶ PluginDeveloper ToolPack v1
  ✔ matches the compact Pi-native schema in stable order (0.775708ms)
  ✔ classifies dry-run, browser reads/interactions and secret typing explicitly (0.075625ms)
  ✔ governs every remaining host capability through permission, abort and ledger (7.901292ms)
✔ PluginDeveloper ToolPack v1 (9.105792ms)
▶ pluginDevAgent workLog
  ✔ records full tool detail and builds an exportable timeline (18.989917ms)
  ✔ never exports a failed terminal state without an error event (0.230375ms)
✔ pluginDevAgent workLog (19.56ms)
✔ migrates a legacy log once, preserves message/event order, and reads only its committed journal interval (16.067959ms)
✔ rolls back journal appends when product state commit fails and retries without duplicates (1.856334ms)
✔ rejects changed legacy prefixes, shrinking histories, missing rows and malformed references without rewriting data (0.647167ms)
✔ keeps logical state+journal writes linear for 1k, 10k and 100k log entries (4695.419708ms)
ℹ {"results":[{"entries":1000,"stateBytes":110786,"journalBytes":131780},{"entries":10000,"stateBytes":1127788,"journalBytes":1337780},{"entries":100000,"stateBytes":11477790,"journalBytes":13577780}],"scope":"In-memory SQLite logical JSON bytes; outer transaction amortizes test setup. Not WAL/device bytes, fsync latency, UI or cold recovery memory acceptance."}
▶ pluginDevCodeEdit
  ✔ replace_snippet swaps a unique fragment (0.896375ms)
  ✔ replace_snippet rejects non-unique oldText (0.156791ms)
  ✔ replace_snippet picks match nearest nearLine (0.263ms)
  ✔ replace_function can replace a top-level helper (0.405875ms)
  ✔ replace_function rejects re-declaring helper inside parseActress block (0.302875ms)
  ✔ listTopLevelFunctions returns names with line ranges (0.989875ms)
  ✔ findDuplicateTopLevelBindings detects duplicate function names (0.054375ms)
✔ pluginDevCodeEdit (3.600958ms)
▶ pluginDevPageFormat
  ✔ formats definition lists and dom regions for prompts (0.49825ms)
  ✔ formats inspect locale anchors without treating them as a language API (0.062167ms)
  ✔ includes link region markers (0.091583ms)
  ✔ builds full page insight prompt (0.203208ms)
  ✔ keeps forms and prioritized links when raw DOM regions are very large (0.418041ms)
✔ pluginDevPageFormat (1.776459ms)
▶ pluginDevService
  ✔ preserves an explicit empty supportedFields list for an undiscovered create draft (7.270875ms)
  ✔ rejects parse result keys used as supportedFields instead of silently dropping them (7.384292ms)
  ✔ wraps generated bare parseVideo functions before dry-run (72.076833ms)
  ✔ reports unrecognized raw result keys before normalization without suggestions (57.409667ms)
  ✔ preserves every normalized video candidate during dry-run (59.33125ms)
  ✔ rejects a video result whose code does not match the requested target (60.922ms)
  ✔ wraps generated bare parseActress functions before dry-run (64.8ms)
  ✔ reports legal manifest field ids even when the compatibility projection accepts an empty declaration (64.031042ms)
  ✔ coerces actress numeric and date strings during dry-run (68.958292ms)
  ✔ returns actress identity facts without adding a semantic target rejection (66.89525ms)
✔ pluginDevService (530.086958ms)
✔ coalesces a large burst and flushes the final value without leaking a timer (3.207667ms)
✔ limits continuous progress to ten updates per second plus the final flush (0.463333ms)
✔ replaces pending progress with an immediate state and can publish the next state (0.11875ms)
✔ normalizeProxyUrl accepts common proxy schemes (0.959708ms)
✔ normalizeProxyUrl rejects empty and invalid values (0.166583ms)
▶ public HTTP fetch
  ✔ rejects private literals and hostnames resolving to private addresses (3.174708ms)
  ✔ connects to the validated address while preserving the logical host (22.462375ms)
  ✔ validates redirect destinations and caps streamed response bytes (0.714667ms)
  ✔ applies one timeout budget to URL validation and the request (31.802917ms)
  ✔ closes a pending SOCKS connection when the request deadline expires (62.737041ms)
✔ public HTTP fetch (121.558542ms)
▶ resourceLessVideoCleanupService
  ✔ deletes only zero-resource videos and removes their relations and owned images (577.320583ms)
  ✔ protects zero-resource videos while any playlist still references them (399.817166ms)
  ✔ counts and cleans assets only after the final guarded delete succeeds (450.903083ms)
✔ resourceLessVideoCleanupService (1428.522625ms)
✔ matches legacy raw pages, filtered views, header and compatibility readers for published entries (506.057209ms)
✔ keeps all unpublished states unavailable and preserves source, index and page budgets (439.6445ms)
✔ rejects published metadata with wrong identities or embedded collections instead of silently overriding it (643.838458ms)
✔ reuses one index and releases it before changes, revision failures and disposal (0.791667ms)
✔ expires an idle index, resets the deadline on use and cancels expiry on disposal (0.269583ms)
✔ upgrades raw to combined views with one live index, then reuses it for both operations (0.36475ms)
✔ matches legacy validation and folded path membership across all permitted sources (454.08675ms)
✔ uses the latest non-null run, ignores summary identity and allows indexed unrecognized paths without parsing bad audit (422.492708ms)
✔ never parses the complete body in JavaScript and validates later entries after an early path match (526.135917ms)
✔ keeps authorization on one WAL snapshot when a writer replaces the audit during entry validation (317.818875ms)
✔ fails closed on duplicate known fields and object strings instead of object entries (356.791792ms)
✔ checks the trusted source cap before parsing json JSON (305.90575ms)
✔ checks the trusted source cap before parsing entries JSON (373.431833ms)
✔ matches the legacy permission oracle for published entries and ignores unpublished manifests (358.80025ms)
✔ rejects invalid entry metadata, hidden collections, duplicate identity and mismatched published identity (555.845459ms)
✔ validates every entry after a match and checks file key identity without weakening legacy validators (482.019083ms)
✔ streams published entries in ordinal order with small JS parses and one WAL snapshot (706.163125ms)
✔ pages every section with stable ordinal, filtered totals and independent results (419.102709ms)
✔ holds an immutable copied snapshot across writer changes and leaves main schema/data unchanged (404.995333ms)
✔ rejects source/index/page budget overflows without truncation and can rebuild after failure (334.281667ms)
✔ rejects wrong scope, mismatched versions/identity, malformed collections and non-object entries (458.99025ms)
✔ copies all collections from one read snapshot when the writer commits during construction (266.683667ms)
✔ matches every historical view field/order across combined filters, Unicode search and pages (976.523083ms)
✔ locates failed-view anchors, clamps shrink/overflow, and keeps copied pending-path state (819.59775ms)
✔ rejects invalid view inputs and oversized output without mutating the source (784.987958ms)
✔ reuses one bounded search result across pages and restores read-only mode after TEMP exhaustion (912.927083ms)
✔ preserves pending paths without an audit body only for the exact current summary (1040.888708ms)
✔ does not hide corrupt or over-budget audit bodies behind unrecognized-only fallback (999.961625ms)
▶ ScrapeJobController
  ✔ flushes and detaches UI progress on rejection before accepting another batch (4.731958ms)
  ✔ coalesces video UI progress while preserving checkpoints and done delivery (22.614958ms)
  ✔ coalesces video UI progress while preserving checkpoints and paused delivery (19.424541ms)
  ✔ coalesces video UI progress while preserving checkpoints and cancelled delivery (15.27075ms)
  ✔ coalesces actress UI progress while preserving checkpoints and done delivery (14.379125ms)
  ✔ coalesces actress UI progress while preserving checkpoints and paused delivery (16.182042ms)
  ✔ coalesces actress UI progress while preserving checkpoints and cancelled delivery (15.285125ms)
  ✔ preserves media-library scope through batch count and start orchestration (0.338291ms)
  ✔ rejects a single-video scrape outside the requesting active media library (0.258208ms)
  ✔ forwards an explicit director choice and returns structured classification outcomes (0.097583ms)
  ✔ serializes single video and actress scrape runs (0.078583ms)
  ✔ pauses an interrupted persisted job during initialization (0.07675ms)
  ✔ recovers an on-disk running checkpoint as paused after restart (74.378084ms)
  ✔ publishes progress and supports pause, resume, and discard for persisted batches (0.9065ms)
  ✔ prevents starting a scrape batch while automatic crop owns the batch lock (0.111ms)
✔ ScrapeJobController (185.008834ms)
▶ ScraperDelayController
  ✔ starts the next same-site interval after the previous access finishes (21.370083ms)
✔ ScraperDelayController (21.688458ms)
▶ ScraperPluginCatalog
  ✔ restores the configured default after deleting a selected plugin (0.910917ms)
✔ ScraperPluginCatalog (1.342667ms)
▶ ScraperServiceConfiguration
  ✔ keeps scraper service IPC policy behind one application boundary (0.863125ms)
✔ ScraperServiceConfiguration (1.187666ms)
▶ SequentialBatchQueue
  ✔ counts success, pending, and failure as disjoint processed outcomes (1.651166ms)
  ✔ pauses after the current target and resumes from checkpoint (0.254958ms)
✔ SequentialBatchQueue (2.283792ms)
▶ seriesMergeService
  ✔ merges an explicit source into the target and transfers videos and direct children (475.799792ms)
  ✔ adopts the source cover only when the target has no formal cover (361.592583ms)
  ✔ rejects a merged name collision in the final owner scope without changing relations (362.692875ms)
  ✔ rejects a merge that would move an ancestor branch below its descendant (460.008666ms)
  ✔ collapses a direct source-to-target hierarchy without making the target its own parent (487.287666ms)
  ✔ rolls back profile, video, and child changes when the database transaction fails (461.590916ms)
  ✔ commits the merge and reports an obsolete source cover cleanup failure (436.215708ms)
  ✔ rejects using the same series as target and source (402.384208ms)
✔ seriesMergeService (3448.3445ms)
✔ reuses canonical query pages, isolates caller mutations, and invalidates local and external writes (446.109417ms)
✔ bypasses cached pages inside transactions and never publishes data that is rolled back (326.710291ms)
✔ evicts least recently used pages and validates raw search before cache lookup (289.889542ms)
✔ evicts by serialized byte budget before eight large pages accumulate (604.77ms)
✔ observes an external commit during a read and refreshes on the next call (480.687542ms)
✔ does not cache a failed read and allows the same query to retry (453.545083ms)
✔ separates connections even when their revision counters match (902.775042ms)
✔ binds a separate cache and repository to a readonly connection, without using the writer getter (263.221208ms)
▶ videoBatchScrapeQueue feedback
  ✔ identifies scoped and global target sets in batch status text (0.346916ms)
  ✔ preserves and revalidates the original library scope when resuming a checkpoint (0.67575ms)
  ✔ revalidates every frozen scoped target immediately before scraping (0.105625ms)
  ✔ formats success, skip, and partial-warning outcomes distinctly (0.194625ms)
  ✔ counts a persisted multi-candidate result as pending instead of success or failure (0.048959ms)
✔ videoBatchScrapeQueue feedback (1.79ms)
▶ video lifecycle service
  ✔ cleans app-owned and pending assets while never receiving source media paths (1.160791ms)
  ✔ retries cleanup safely when the repository replays an idempotent result (0.112833ms)
  ✔ deletes managed source files before committing the global video record (0.1025ms)
✔ video lifecycle service (1.752417ms)
Staged video file remains queued for deletion: /var/folders/h4/zxrt6zwx6dv1n16kwxzltqgh0000gn/T/javdex-video-maintenance-policy-0xUVRx/media-root/IPX-535.mp4.javdex-delete-5ac72fe0-1b6e-4e26-9caf-55538cb044e2 Error: file is busy
    at unlinkSync (/Users/nut/Project/JavdexLabs/Javdex/src/main/services/videoMaintenanceService.test.ts:1053:15)
    at finalizeStagedLocalFiles (/Users/nut/Project/JavdexLabs/Javdex/src/main/services/videoMaintenanceService.ts:389:9)
    at withStagedLocalFileDeletion (/Users/nut/Project/JavdexLabs/Javdex/src/main/services/videoMaintenanceService.ts:414:7)
    at <anonymous> (/Users/nut/Project/JavdexLabs/Javdex/src/main/services/videoMaintenanceService.ts:486:7)
    at <anonymous> (/Users/nut/Project/JavdexLabs/Javdex/src/main/services/mediaAssetStore.ts:506:24)
    at AsyncLocalStorage.run (node:internal/async_local_storage/async_context_frame:63:14)
    at MediaAssetStore.runCoordinatedChange (/Users/nut/Project/JavdexLabs/Javdex/src/main/services/mediaAssetStore.ts:504:31)
    at MediaAssetStore.coordinateDatabaseChange (/Users/nut/Project/JavdexLabs/Javdex/src/main/services/mediaAssetStore.ts:465:17)
    at MediaAssetStore.runInCoordinatedChange (/Users/nut/Project/JavdexLabs/Javdex/src/main/services/mediaAssetStore.ts:475:17)
    at removeResource (/Users/nut/Project/JavdexLabs/Javdex/src/main/services/videoMaintenanceService.ts:468:5)
Staged video file remains queued for deletion: /var/folders/h4/zxrt6zwx6dv1n16kwxzltqgh0000gn/T/javdex-video-maintenance-policy-wfF1E4/media-root/IPX-535.mp4.javdex-delete-e70b348a-c0bc-4ab0-80b9-c50747493650 Error: 只能操作身份有效的启用媒体库根目录内文件
    at rejectManagedRootFile (/Users/nut/Project/JavdexLabs/Javdex/src/main/services/mediaLibraryRootFileGuard.ts:32:9)
    at requireCurrentRootIdentity (/Users/nut/Project/JavdexLabs/Javdex/src/main/services/mediaLibraryRootFileGuard.ts:86:5)
    at assertRootFile (/Users/nut/Project/JavdexLabs/Javdex/src/main/services/mediaLibraryRootFileGuard.ts:98:27)
    at assertMediaLibraryRootDeletionTarget (/Users/nut/Project/JavdexLabs/Javdex/src/main/services/mediaLibraryRootFileGuard.ts:182:3)
    at assertDeletionAllowed (/Users/nut/Project/JavdexLabs/Javdex/src/main/services/videoMaintenanceService.ts:484:9)
    at finalizeStagedLocalFiles (/Users/nut/Project/JavdexLabs/Javdex/src/main/services/videoMaintenanceService.ts:388:9)
    at withStagedLocalFileDeletion (/Users/nut/Project/JavdexLabs/Javdex/src/main/services/videoMaintenanceService.ts:414:7)
    at <anonymous> (/Users/nut/Project/JavdexLabs/Javdex/src/main/services/videoMaintenanceService.ts:486:7)
    at <anonymous> (/Users/nut/Project/JavdexLabs/Javdex/src/main/services/mediaAssetStore.ts:506:24)
    at AsyncLocalStorage.run (node:internal/async_local_storage/async_context_frame:63:14)
Failed to recover pending local file deletion: /var/folders/h4/zxrt6zwx6dv1n16kwxzltqgh0000gn/T/javdex-video-maintenance-policy-83FvAo/offline-volume/movie.mp4.javdex-delete-interrupted Error: 暂存文件所在存储当前不可用
    at recoverPendingLocalFileDeletions (/Users/nut/Project/JavdexLabs/Javdex/src/main/services/pendingLocalFileDeletionService.ts:48:46)
    at TestContext.<anonymous> (/Users/nut/Project/JavdexLabs/Javdex/src/main/services/videoMaintenanceService.test.ts:1243:22)
    at Test.runInAsyncScope (node:async_hooks:227:14)
    at Test.run (node:internal/test_runner/test:1325:25)
    at Suite.processPendingSubtests (node:internal/test_runner/test:911:18)
    at Test.postRun (node:internal/test_runner/test:1465:19)
    at Test.run (node:internal/test_runner/test:1390:12)
    at async Suite.processPendingSubtests (node:internal/test_runner/test:911:7)
Failed to recover pending local file deletion: /var/folders/h4/zxrt6zwx6dv1n16kwxzltqgh0000gn/T/javdex-video-maintenance-policy-313UOg/media-root/IPX-535.mp4.javdex-delete-before-rename Error: 原文件所在存储当前不可用
    at recoverPendingLocalFileDeletions (/Users/nut/Project/JavdexLabs/Javdex/src/main/services/pendingLocalFileDeletionService.ts:40:19)
    at TestContext.<anonymous> (/Users/nut/Project/JavdexLabs/Javdex/src/main/services/videoMaintenanceService.test.ts:1289:22)
    at Test.runInAsyncScope (node:async_hooks:227:14)
    at Test.run (node:internal/test_runner/test:1325:25)
    at Suite.processPendingSubtests (node:internal/test_runner/test:911:18)
    at Test.postRun (node:internal/test_runner/test:1465:19)
    at Test.run (node:internal/test_runner/test:1390:12)
    at async Suite.processPendingSubtests (node:internal/test_runner/test:911:7)
Failed to recover pending local file deletion: /var/folders/h4/zxrt6zwx6dv1n16kwxzltqgh0000gn/T/javdex-video-maintenance-policy-iewGh2/media-root/missing.mp4.javdex-delete-missing Error: 暂存文件和原文件均不存在
    at recoverPendingLocalFileDeletions (/Users/nut/Project/JavdexLabs/Javdex/src/main/services/pendingLocalFileDeletionService.ts:40:19)
    at TestContext.<anonymous> (/Users/nut/Project/JavdexLabs/Javdex/src/main/services/videoMaintenanceService.test.ts:1321:22)
    at Test.runInAsyncScope (node:async_hooks:227:14)
    at Test.run (node:internal/test_runner/test:1325:25)
    at Suite.processPendingSubtests (node:internal/test_runner/test:911:18)
    at Test.postRun (node:internal/test_runner/test:1465:19)
    at Test.run (node:internal/test_runner/test:1390:12)
    at async Suite.processPendingSubtests (node:internal/test_runner/test:911:7)
▶ VideoMaintenanceService
  ✔ creates and reuses organization identities while editing video metadata (525.845416ms)
  ✔ rolls back video fields when organization assignment fails (455.194917ms)
  ✔ creates or appends HTTP resources without scraping and keeps one primary resource (543.300625ms)
  ✔ normalizes a manually entered code before attaching a resource (446.40275ms)
  ✔ attaches a normalized link to an existing legacy lowercase code (510.832542ms)
  ✔ reports the owning video when a normalized HTTP resource already exists (369.084875ms)
  ✔ imports Magnet and ED2K resources and deduplicates their protocol identities (331.702042ms)
  ✔ keeps STRM targets read-only while editing metadata and safely deletes the source file (329.470542ms)
  ✔ restores a staged STRM source and rolls back removal when primary promotion fails (338.330209ms)
  ✔ refuses to remove an active-root STRM source after the root path is replaced (408.994542ms)
  ✔ edits metadata, status, rating, poster, and manual tags (319.85725ms)
  ✔ attaches the exact selected long-name tag, promotes scraped origin, and rejects deleted selections (335.305625ms)
  ✔ rolls back tag creation or origin promotion when updating the video fails (327.981041ms)
  ✔ imports and deletes a local sample in the temporary media directory (434.8065ms)
  ✔ switches the primary resource and deletes only the selected local resource (376.643583ms)
  ✔ restores a staged local file and rolls back resource removal when promotion fails (369.236208ms)
  ✔ sets any resource as primary and promotes deterministic fallbacks after removal (428.098ms)
  ✔ does not promote an inaccessible local resource over an available web link (277.886167ms)
  ✔ requires an explicit decision when manually removing the last resource (428.7385ms)
  ✔ never turns last-resource removal into a global deletion (348.221917ms)
  ✔ rejects every resource mutation for missing or archived media libraries (288.099083ms)
  ✔ updates only the display label of a local resource (255.978542ms)
  ✔ removes a symbolic-link resource without deleting its target file (250.727416ms)
  ✔ refuses to remove a disabled-root resource after the root path is replaced (268.021791ms)
  ✔ rejects local source deletion for every non-active root state before staging (283.057667ms)
  ✔ rejects physical source deletion when the resource has no root ownership (234.006458ms)
  ✔ skips unmanaged source files when deleting a video globally (310.965333ms)
  ✔ corrects an imported code (272.872708ms)
  ✔ persists a committed cleanup task when resource-file deletion must be retried (321.220333ms)
  ✔ revalidates the root identity before unlinking an already staged source (285.071375ms)
  ✔ does not delete resource records when the file storage cannot be audited (237.638792ms)
  ✔ adopts an interrupted prepared task when resource removal is retried (336.969792ms)
  ✔ does not adopt a prepared resource-removal task when the original path was replaced (311.02ms)
  ✔ restores an interrupted pre-commit file staging task (324.974458ms)
  ✔ keeps a cleanup task queued while its original storage is unavailable (336.96475ms)
  ✔ finishes cleanup after a storage remount changes its device id (302.240458ms)
  ✔ retains a pre-rename prepared task when another device occupies the original path (287.691209ms)
  ✔ retains prepared state and database records when both file paths are missing (329.028375ms)
  ✔ keeps the prepared task when storage disappears during resource-removal rollback (346.951209ms)
  ✔ clears scraped metadata and relations but keeps manual tags (307.014166ms)
  ✔ corrects to an already used code without implicitly merging videos (338.08925ms)
  ✔ explicitly merges same-code videos while preserving the chosen id and primary resource (398.817708ms)
  ✔ unions manual tags but keeps the retained scraped-tag field as a whole (360.243042ms)
  ✔ unions cast, playlists, sources, and ratings while preserving retained conflicts and scrape history (365.975708ms)
  ✔ merges cover, poster, and sample fields as whole sets and reclaims only unused media (179.841958ms)
  ✔ rejects a merge whose combined identity belongs to a third video (111.014834ms)
  ✔ rolls back an ordinary merge when deleting the source record fails (71.90525ms)
  ✔ rejects merging videos with different normalized codes (58.380958ms)
  ✔ uses the normal availability-aware promotion rule when neither merged video has a primary (66.274917ms)
  ✔ splits a non-primary resource into a metadata-empty pending-identity video (57.328833ms)
  ✔ blocks primary splitting and rolls back a failed non-primary split (61.188083ms)
  ✔ locks metadata while a video scrape result is pending but still allows resource splitting (67.883125ms)
  ✔ requires confirmation before correcting a pending video and clears staging atomically (70.363292ms)
  ✔ rolls back the whole edit when it would create a complete business identity conflict (75.904375ms)
  ✔ stores related links on a video and returns them on detail (80.260083ms)
  ✔ rejects invalid related links and keeps the previous list (85.260625ms)
  ✔ keeps related links when clearing scraped metadata (96.343ms)
  ✔ allows related-link edits while a video scrape result is pending (100.88525ms)
  ✔ unions related links on merge with the retained video first (80.908292ms)
  ✔ leaves related links on the original video when splitting a resource (84.472166ms)
✔ VideoMaintenanceService (16612.734291ms)
▶ VideoQueryService
  ✔ lists videos and reads their detail without mutating library state (481.161041ms)
  ✔ redacts external resource locators in detail projections until explicitly requested (463.355041ms)
  ✔ projects a STRM source path while keeping its complete target main-process only (491.258541ms)
✔ VideoQueryService (1436.297792ms)
▶ VideoResourceLinkService
  ✔ tests a direct link and returns Content-Length when available (0.764209ms)
  ✔ returns a non-throwing failure without echoing a sensitive query (0.13025ms)
  ✔ routes checks through the hardened public HEAD transport (0.075375ms)
✔ VideoResourceLinkService (1.307625ms)
▶ videoScrapeApplyService.resolveEffectiveScrapeFields
  ✔ fillEmpty keeps only empty scalar fields (674.007584ms)
  ✔ fillEmpty evaluates female and male cast independently (641.366375ms)
  ✔ replaceIfPresent keeps all selected fields regardless of current values (598.244667ms)
  ✔ fillEmpty includes cast fields when video has no performers (435.78875ms)
✔ videoScrapeApplyService.resolveEffectiveScrapeFields (2350.040459ms)
▶ videoScrapeApplyService.planVideoScrapeResult update matrix
  ✔ title follows fillEmpty semantics for every current and scraped value state (465.60575ms)
  ✔ title follows replaceIfPresent semantics for every current and scraped value state (453.96825ms)
  ✔ title follows replace semantics for every current and scraped value state (468.035875ms)
  ✔ summary follows fillEmpty semantics for every current and scraped value state (453.104583ms)
  ✔ summary follows replaceIfPresent semantics for every current and scraped value state (474.869542ms)
  ✔ summary follows replace semantics for every current and scraped value state (470.9205ms)
  ✔ cover follows fillEmpty semantics for every current and scraped value state (491.957708ms)
  ✔ cover follows replaceIfPresent semantics for every current and scraped value state (428.02325ms)
  ✔ cover follows replace semantics for every current and scraped value state (391.950291ms)
  ✔ releaseDate follows fillEmpty semantics for every current and scraped value state (496.809ms)
  ✔ releaseDate follows replaceIfPresent semantics for every current and scraped value state (475.174042ms)
  ✔ releaseDate follows replace semantics for every current and scraped value state (385.872ms)
  ✔ maker follows fillEmpty semantics for every current and scraped value state (375.632125ms)
  ✔ maker follows replaceIfPresent semantics for every current and scraped value state (412.489041ms)
  ✔ maker follows replace semantics for every current and scraped value state (416.7875ms)
  ✔ publisher follows fillEmpty semantics for every current and scraped value state (371.862375ms)
  ✔ publisher follows replaceIfPresent semantics for every current and scraped value state (353.977209ms)
  ✔ publisher follows replace semantics for every current and scraped value state (330.945334ms)
  ✔ series follows fillEmpty semantics for every current and scraped value state (426.220959ms)
  ✔ series follows replaceIfPresent semantics for every current and scraped value state (432.777833ms)
  ✔ series follows replace semantics for every current and scraped value state (415.139541ms)
  ✔ director follows fillEmpty semantics for every current and scraped value state (393.821333ms)
  ✔ director follows replaceIfPresent semantics for every current and scraped value state (428.78ms)
  ✔ director follows replace semantics for every current and scraped value state (407.99125ms)
  ✔ duration follows fillEmpty semantics for every current and scraped value state (363.060542ms)
  ✔ duration follows replaceIfPresent semantics for every current and scraped value state (347.874625ms)
  ✔ duration follows replace semantics for every current and scraped value state (432.680209ms)
  ✔ actressesFemale follows fillEmpty semantics for every current and scraped value state (426.540208ms)
  ✔ actressesFemale follows replaceIfPresent semantics for every current and scraped value state (405.677916ms)
  ✔ actressesFemale follows replace semantics for every current and scraped value state (121.597583ms)
  ✔ actressesMale follows fillEmpty semantics for every current and scraped value state (98.4975ms)
  ✔ actressesMale follows replaceIfPresent semantics for every current and scraped value state (61.754792ms)
  ✔ actressesMale follows replace semantics for every current and scraped value state (63.848667ms)
  ✔ tags follows fillEmpty semantics for every current and scraped value state (77.80725ms)
  ✔ tags follows replaceIfPresent semantics for every current and scraped value state (70.13075ms)
  ✔ tags follows replace semantics for every current and scraped value state (79.800959ms)
  ✔ source follows fillEmpty semantics for every current and scraped value state (81.313292ms)
  ✔ source follows replaceIfPresent semantics for every current and scraped value state (95.41925ms)
  ✔ source follows replace semantics for every current and scraped value state (105.721375ms)
  ✔ rating follows fillEmpty semantics for every current and scraped value state (111.525125ms)
  ✔ rating follows replaceIfPresent semantics for every current and scraped value state (125.998875ms)
  ✔ rating follows replace semantics for every current and scraped value state (88.280708ms)
  ✔ samples follows fillEmpty semantics for every current and scraped value state (96.392708ms)
  ✔ samples follows replaceIfPresent semantics for every current and scraped value state (59.132458ms)
  ✔ samples follows replace semantics for every current and scraped value state (73.907084ms)
✔ videoScrapeApplyService.planVideoScrapeResult update matrix (13611.448916ms)
▶ videoScrapeApplyService.applyScrapeResult
  ✔ builds a read-only plan before applying field changes (79.207417ms)
  ✔ applies scalar fields consistently across the three update modes (124.340583ms)
  ✔ does not record a successful scrape when no selected field can be written (122.722333ms)
  ✔ clears only the selected source site metadata in replace mode (76.755875ms)
  ✔ preserves existing cover and warns when a returned image is unavailable (81.733166ms)
  ✔ keeps the complete old sample set when any returned sample is unavailable (76.806542ms)
  ✔ replaces selected relation sets while preserving manual tags and the other cast gender (66.59225ms)
  ✔ keeps a committed scrape successful when post-commit library cleanup fails (63.788958ms)
  ✔ does not roll back scraped tags when orphan-tag cleanup fails after commit (80.891333ms)
  ✔ reuses the unique name owner for canonically equivalent scraped cast names (111.942625ms)
  ✔ does not create or link an actress for a migrated pending cast name (111.725041ms)
  ✔ replaceIfPresent updates existing scalars when scrape has values and keeps null scrape values (111.97875ms)
  ✔ stores external stats under ratingSourceName when provided (108.829125ms)
  ✔ leaves downloaded cast avatars untouched for application-layer adoption (139.474541ms)
✔ videoScrapeApplyService.applyScrapeResult (1357.597584ms)
▶ videoScrapeApplyService classification entity resolution
  ✔ preserves entity update semantics across fillEmpty, replaceIfPresent, and replace (146.874833ms)
  ✔ matches main names, aliases, and normalized equivalents without overwriting profiles (138.468583ms)
  ✔ creates only basic entities, reuses one organization across roles, and leaves series unowned (148.030708ms)
  ✔ rolls back scalar writes and newly created entities when a classification assignment fails (156.084916ms)
  ✔ keeps the current director when its alias is one of multiple candidates without updating the video (146.598209ms)
  ✔ pauses a single scrape for director choice and applies the selected candidate on retry (121.056792ms)
  ✔ preserves an ambiguous director in batch mode while applying safe fields with an actionable warning (105.906375ms)
  ✔ reports an invalid classification name structurally while applying safe fields (142.967041ms)
  ✔ treats same-name series in different owner scopes as ambiguous and never infers an owner (155.037083ms)
✔ videoScrapeApplyService classification entity resolution (1261.612792ms)
▶ videoScrapeApplyService.resolveVideoBatchTargets
  ✔ keeps active media-library batch targets inside their membership scope (114.806ms)
  ✔ returns no targets for an archived media-library scope while preserving global compatibility (140.427041ms)
  ✔ excludes videos that already have a pending scrape decision (124.467459ms)
  ✔ filters by videos missing any selected metadata field (125.966375ms)
  ✔ combines status and missing-field filters (121.013375ms)
  ✔ treats a stored cover path as present even when the file is unreadable (121.05825ms)
✔ videoScrapeApplyService.resolveVideoBatchTargets (748.151292ms)
▶ videoScrapeApplyService tags emptiness
  ✔ fillEmpty ignores manual tags when deciding whether tags are empty (132.818917ms)
✔ videoScrapeApplyService tags emptiness (132.969667ms)
▶ llmSecretStore
  ✔ persists encrypted values and reports a degraded Linux-style backend (22.034167ms)
  ✔ removes a provider secret without affecting the remaining entries (28.601ms)
  ✔ does not treat an unreadable secret path as an empty store (6.794084ms)
✔ llmSecretStore (57.848292ms)
▶ scraperServiceSecretStore
  ✔ persists an encrypted MetaTube token without exposing plaintext (17.628875ms)
  ✔ clears the token and rejects unavailable encryption (28.399458ms)
✔ scraperServiceSecretStore (46.380292ms)
▶ settingsStore avatar composition defaults
  ✔ uses the relaxed face-centered composition for settings without legacy values (12.670209ms)
  ✔ keeps legacy presets and explicit user values during migration (18.963958ms)
✔ settingsStore avatar composition defaults (32.101042ms)
▶ settingsStore video card preferences
  ✔ keeps resource type badges disabled for new and existing users by default (8.364333ms)
  ✔ preserves an explicit resource type badge preference (8.000917ms)
  ✔ defaults video cards to portrait and preserves an explicit landscape preference (19.096125ms)
✔ settingsStore video card preferences (35.658584ms)
▶ settingsStore NFO export preferences
  ✔ uses safe defaults and normalizes remembered selections without persisting overwrite (22.824ms)
✔ settingsStore NFO export preferences (22.911083ms)
▶ settingsStore plugin developer model-turn budget
  ✔ retires the old implicit step limit instead of carrying 24 into the new setting (14.088166ms)
  ✔ defaults to unlimited and preserves an explicit zero limit (22.983167ms)
  ✔ persists a positive limit through the settings interface (14.483ms)
  ✔ stops rewriting legacy model fields after schema v2 exists (35.921541ms)
  ✔ does not resurrect legacy model fields when the v2 document is unreadable (23.308584ms)
✔ settingsStore plugin developer model-turn budget (111.068167ms)
▶ settingsStore deferred library path cleanup
  ✔ normalizes unique non-empty roots and preserves them across cache resets (14.448042ms)
✔ settingsStore deferred library path cleanup (14.506666ms)
▶ settingsStore persistence
  ✔ does not update the cache when the settings file cannot be replaced (25.147667ms)
✔ settingsStore persistence (25.180875ms)
▶ settingsStore recovery
  ✔ backs up malformed JSON, writes defaults, and exposes one recovery notice (21.095542ms)
  ✔ does not replace a settings path that fails with an I/O error (15.170209ms)
✔ settingsStore recovery (36.345708ms)
▶ settingsStore LLM secret migration
  ✔ moves legacy API keys out of settings.json without exposing them publicly (25.781709ms)
  ✔ keeps the original plaintext file and blocks later writes when migration fails (14.004916ms)
✔ settingsStore LLM secret migration (39.940042ms)
▶ settingsStore scan cleanup defaults
  ✔ keeps automatic deletion disabled and has no summary for new and existing users (14.661583ms)
  ✔ preserves an explicit automatic deletion preference (9.919458ms)
  ✔ normalizes and sanitizes the persisted latest scan summary (12.993042ms)
  ✔ normalizes the retired unrecognized-file snapshot for migration (12.164583ms)
✔ settingsStore scan cleanup defaults (49.962834ms)
▶ settingsStore automatic scan defaults
  ✔ keeps automatic scans disabled and defaults to one hour (14.512083ms)
  ✔ accepts only supported automatic scan intervals (29.378583ms)
✔ settingsStore automatic scan defaults (44.098166ms)
▶ settingsStore retired actress scrapers
  ✔ rewrites the retired idol archive default to Xslist (11.850292ms)
  ✔ rewrites composite actress field mappings that pointed at the idol archive (19.351792ms)
✔ settingsStore retired actress scrapers (31.314167ms)
▶ settingsStore retired video scrapers
  ✔ rewrites the retired JAV8 default to JavDB (26.17325ms)
  ✔ rewrites JAV8 composite mappings and removes its delay (20.916625ms)
✔ settingsStore retired video scrapers (47.347667ms)
▶ settingsStore privacy mode
  ✔ defaults to disabled with every image scope selected (17.872708ms)
  ✔ keeps valid unique scopes and discards unknown values (16.738083ms)
  ✔ keeps samples and actress galleries independently selectable (13.517125ms)
  ✔ allows all privacy scopes to be cleared explicitly (21.329416ms)
✔ settingsStore privacy mode (69.921208ms)
▶ close-to-tray setting
  ✔ defaults off and persists an explicit choice across reloads (42.580625ms)
  ✔ does not enable tray hiding from malformed legacy values (14.421708ms)
✔ close-to-tray setting (57.366792ms)
▶ Web read-only catalog scope
  ✔ rechecks image authorization after async work when hidden changes (472.499834ms)
  ✔ rechecks image authorization after async work when archived changes (388.303833ms)
  ✔ rechecks image authorization after async work when cover changes (288.455166ms)
  ✔ rechecks image authorization after async work when cast changes (339.672083ms)
  ✔ rechecks image authorization after async work when sample changes (317.390208ms)
  ✔ reads only the authorized image path before and after serving, without full details (301.955125ms)
  ✔ forwards thumbnail size through the real catalog while preserving original requests (333.053375ms)
  ✔ forwards the caller signal to the async Store and drops a cancelled result (295.799791ms)
  ✔ filters archived/hidden memberships for lists, details, images, and media (329.001167ms)
  ✔ describes local resources without exposing their directory (368.022292ms)
  ✔ uses the cover rather than the background for browse, detail and image requests (315.905542ms)
  ✔ queries with parameters, paginates stably and filters clear membership scopes (903.051333ms)
  ✔ uses stable desktop discovery and respects library home participation (644.918917ms)
  ✔ exposes cast display metadata and only serves avatars linked to visible videos (336.853333ms)
  ✔ downloads non-playable files and exposes only supported external links (356.618084ms)
  ✔ resolves only authorized files and refuses symlink escapes and disabled roots (353.514875ms)
✔ Web read-only catalog scope (6346.33675ms)
▶ Desktop-approved browser pairing
  ✔ requires an open window, a desktop decision and a separate secret, consumes only once (1.118459ms)
  ✔ expires requests, bounds polling, rejection, restart and approvals (0.157125ms)
  ✔ bounds the total pending requests (0.220125ms)
✔ Desktop-approved browser pairing (1.830875ms)
▶ Remembered browser lifecycle
  ✔ persists only remembered hashes, retains authorization over restart and revokes individual devices (222.546666ms)
✔ Remembered browser lifecycle (222.61975ms)
▶ Pairing HTTP boundary
  ✔ binds exchange to a private cookie, keeps approval desktop-only and remembers across server restarts (260.650542ms)
✔ Pairing HTTP boundary (260.797333ms)
▶ Device record recovery
  ✔ keeps valid sessions usable during activity write failures and retries persistence (232.024291ms)
  ✔ keeps disk and memory consistent after failed revoke, clear, rename and create (77.802625ms)
  ✔ resets a damaged snapshot without parsing it or retaining old authorization (33.161542ms)
  ✔ restores remaining pairing time from server and retains approval on issuance failure (0.165ms)
✔ Device record recovery (343.351833ms)
▶ Per-device streaming revocation
  ✔ interrupts the revoked stream while another browser finishes its stream (60.28725ms)
✔ Per-device streaming revocation (60.573209ms)
✔ keeps the running service on staging failure and restores it after publish failure (114.851084ms)
✔ preserves remembered devices on runtime server errors, including failed state persistence (6.129959ms)
▶ Web authentication and streaming
  ✔ keeps image responses private and reports read queue overload as 503 (6.196875ms)
  ✔ forwards finite thumbnail sizes and rejects invalid sizes before image work (3.667542ms)
  ✔ reports oversized images as 413 without caching or a HEAD body (7.619167ms)
  ✔ rechecks an expired session after image work while the connection remains open (45.301208ms)
  ✔ cancels pending image work on logout and never sends its completed bytes (42.75575ms)
  ✔ cancels pending image work on disconnect and never sends its completed bytes (43.343917ms)
  ✔ stores salted password hashes and enforces minimum length (118.380667ms)
  ✔ requires a session for catalog, artwork, and video, with no credential data in failures (14.178041ms)
  ✔ serves brand and favicon PNGs without login with the correct MIME and bytes (10.609833ms)
  ✔ rejects bad credentials; issues HttpOnly SameSite cookies on login (94.802083ms)
  ✔ blocks cross-origin, missing-origin POSTs, DNS rebinding, and desktop mutation routes (13.919292ms)
  ✔ streams byte ranges, suffixes and HEAD; rejects invalid or multiple ranges (12.324916ms)
  ✔ downloads authenticated resources as attachments (3.89225ms)
  ✔ logout invalidates the cookie; desktop revocation invalidates all browsers (45.889041ms)
✔ Web authentication and streaming (601.562958ms)
▶ Session lifetimes and request limits
  ✔ expires idle and absolute sessions and limits attempts (0.169875ms)
  ✔ accepts only local peer ranges and handles byte-range edge cases (0.128ms)
✔ Session lifetimes and request limits (0.349667ms)
▶ actress face scan cache
  ✔ reuses a result only while the avatar fingerprint is unchanged (0.355208ms)
  ✔ filters only cached no-face avatars and ignores missing or unscanned entries (0.6125ms)
  ✔ combines a minimal full-library manifest with current session results (0.085292ms)
✔ actress face scan cache (1.429417ms)
▶ actress face scan cache identity
  ✔ only changes when a current row has no reusable result (0.376333ms)
✔ actress face scan cache identity (0.691333ms)
▶ actress face detection outcome mapping
  ✔ maps the detector zero-face message to the no-face domain state (0.441875ms)
✔ actress face detection outcome mapping (0.801458ms)
▶ actress face scan queue
  ✔ reports total detection failure without confusing partial or empty results with failure (0.603375ms)
  ✔ reuses cached face statuses and does not invoke detection for them (0.542459ms)
  ✔ finishes the current target before honoring cancellation (0.12925ms)
  ✔ does not cache detector failures so a later run can retry them (0.078125ms)
✔ actress face scan queue (1.818834ms)
▶ actress face scan session
  ✔ notifies remounted consumers when an earlier scan finishes (0.390084ms)
✔ actress face scan session (0.937791ms)
▶ avatar auto-crop geometry
  ✔ rejects invalid boxes and clamps valid detector bounds (0.900875ms)
  ✔ merges overlapping tiled detections and preserves the strongest result (0.108375ms)
  ✔ requires an explicit choice when two faces have similar prominence (0.14775ms)
  ✔ accepts mid-confidence faces only when the presence floor is used (0.047583ms)
  ✔ maps ROI landmarks back to full-image normalized coordinates (0.057666ms)
  ✔ uses the hair component attached to the face for visible head bounds (1.190083ms)
✔ avatar auto-crop geometry (3.105875ms)
✔ requests CORS before loading a media avatar so its bitmap can cross the Worker boundary (0.693417ms)
✔ keeps only recent log previews after 100000 entries while counting omissions (27.059583ms)
✔ bounds oversized fields without splitting surrogate pairs or mutating prior state (0.639708ms)
▶ avatar composition preview cache
  ✔ persists and restores the complete normalized face analysis (0.712208ms)
✔ avatar composition preview cache (1.078583ms)
▶ ActressAvatarEditor
  ✔ keeps rendering when the current avatar enters crop editing (57.988875ms)
  ✔ keeps rendering when a legacy avatar without its original enters crop editing (16.085542ms)
✔ ActressAvatarEditor (74.551958ms)
✔ pages associated covers without loading an actress detail or accumulating tiles (9.758417ms)
✔ does not replace a user-selected source tab when the first cover page arrives late (2.477541ms)
✔ pages photo sources with global labels and retries without fetching complete metadata (7.254041ms)
✔ keeps local selection when the user opens a file picker before photos arrive (1.634667ms)
▶ ActressDeleteModal confirmation model
  ✔ uses ordinary deletion only when the current impact has no video links (0.539042ms)
  ✔ requires the dedicated acknowledgement action and explains resource preservation (0.072541ms)
  ✔ does not let the dedicated high-risk action bypass the safe path (0.039709ms)
✔ ActressDeleteModal confirmation model (1.050208ms)
✔ bounds grid and preview windows, crosses both page edges and preserves one history entry (232.248292ms)
✔ retains the current photo on page failure, retries, and discards a response after close (34.640875ms)
✔ refreshes by stable ID after reorder and closes a removed preview without selecting its replacement (47.329709ms)
✔ deletes the last photo on a page and refreshes imported photos through the actual panel callbacks (38.307583ms)
▶ ActressProfileMeta scrape record
  ✔ hides scrape record for successful actresses and keeps attention states (1.144083ms)
  ✔ offers the manual success mark only for unscraped and failed records (0.087666ms)
✔ ActressProfileMeta scrape record (1.603084ms)
▶ Button
  ✔ loads its CSS Module and preserves native button semantics (3.250542ms)
✔ Button (3.559625ms)
▶ ClassificationDeleteModal
  ✔ shows associated video and child impacts before confirming deletion (9.658291ms)
  ✔ allows a zero-impact deletion and keeps a failed confirmation open with refreshed impact (5.421917ms)
  ✔ does not report or re-preview a completed deletion when page cleanup fails (0.973458ms)
✔ ClassificationDeleteModal (16.825125ms)
✔ loads only the video source and retains the chosen original across 60/60/5 and error retry (165.882333ms)
✔ clamps a shrunken last page and ignores a response after an entity switch (7.046375ms)
✔ does not close or refresh a new entity editor when an old save settles (5.053375ms)
✔ does not replace a chosen video cover with a late URL preview after switching sources (4.924375ms)
▶ classification picker
  ✔ keeps candidates hidden until the field is used (3.612375ms)
  ✔ shows candidates once the user types (1.357042ms)
  ✔ walks candidates with the arrow keys and commits with Enter (1.188625ms)
  ✔ shows candidates once the field is focused (0.269709ms)
  ✔ shows candidates on focus even when the field is empty (0.654834ms)
  ✔ does not commit a candidate with Enter until one is active (0.291125ms)
  ✔ closes candidates on Escape without letting the dialog see the key (0.261ms)
  ✔ closes candidates when focus leaves the field (0.517041ms)
  ✔ keeps candidates open when the pointer is in the list (0.314167ms)
  ✔ closes candidates after picking one with the pointer (0.273416ms)
  ✔ hides the create hint when the typed name already exists (0.212666ms)
✔ classification picker (9.547375ms)
▶ video detail library context layout
  ✔ shares the compact detail header row with the back action (3.573083ms)
  ✔ keeps membership badges on one bounded line (0.681458ms)
✔ video detail library context layout (4.633125ms)
▶ DirectorScrapeChoiceModal
  ✔ requires an explicit candidate and submits its stable director id (5.362208ms)
✔ DirectorScrapeChoiceModal (5.68425ms)
▶ DisplayModeProvider
  ✔ loads and exposes the application-wide cover mode (23.632958ms)
✔ DisplayModeProvider (24.236541ms)
▶ form hint styles
  ✔ keeps entity-edit and settings field hints muted and caption-sized (3.231875ms)
  ✔ routes entity-edit helper copy through EditFormField instead of a bare hint class (0.512375ms)
✔ form hint styles (4.200958ms)
▶ image preview history marker
  ✔ preserves router state when adding a unique preview marker (0.812334ms)
  ✔ reads only valid image preview markers (0.078625ms)
✔ image preview history marker (1.253916ms)
✔ uses a 320 thumbnail for actress cards (141.213209ms)
✔ uses thumbnails for local video gallery tiles and original preview sources (113.99975ms)
✔ uses thumbnails for local actress gallery tiles and original preview sources (3.371541ms)
▶ LegacyLibraryRedirect
  ✔ preserves the settings return context while replacing a legacy video URL (69.748625ms)
✔ LegacyLibraryRedirect (70.175583ms)
▶ MediaLibraryCreateModal
  ✔ validates in place and exposes a keyboard-submit four-step flow (185.386875ms)
  ✔ deduplicates selected roots, submits independent config, and returns root errors to their step (6.556208ms)
✔ MediaLibraryCreateModal (192.53625ms)
▶ MediaLibraryCreateModal control style
  ✔ keeps all workflow steps at one viewport-safe dialog height (3.343167ms)
  ✔ reserves a visible gutter for the left edge of the focus ring (0.7145ms)
✔ MediaLibraryCreateModal control style (4.450708ms)
▶ MediaLibraryNav name style
  ✔ keeps visible library names on one ellipsized line (2.6715ms)
  ✔ presents media libraries as one compact navigation surface (1.742125ms)
  ✔ keeps global navigation unlabeled in the visible sidebar (0.382ms)
✔ MediaLibraryNav name style (5.24275ms)
✔ pages40 candidates and preserves selection and name plan across pages and search (628.744708ms)
✔ retries page failures without losing the selected merge plan (93.983084ms)
✔ ignores old page responses while a changed search is debouncing (422.9875ms)
✔ locks a captured merge against duplicate submission and retains plan on failure (163.541208ms)
✔ resets session on keep identity change and ignores old page and merge completion (155.105834ms)
✔ resets the name plan only when choosing a different merge candidate or clearing selection (90.860459ms)
▶ OrganizationDeleteModal
  ✔ previews and removes only the selected role (9.409459ms)
  ✔ blocks removing the final role and directs the user to full deletion (4.148833ms)
  ✔ shows both role counts and hierarchy impacts for a full deletion (1.121584ms)
✔ OrganizationDeleteModal (15.388167ms)
▶ OrganizationMergeModal interaction
  ✔ selects a cross-role source and submits the explicit source-to-target direction (144.580541ms)
  ✔ keeps the modal open and shows an actionable error when the merge is rejected (4.184667ms)
✔ OrganizationMergeModal interaction (149.231625ms)
▶ recent text input style contract
  ✔ uses the shared text-input treatment for every recent text-like input (2.020334ms)
✔ recent text input style contract (2.345083ms)
▶ Switch
  ✔ loads its CSS Module and preserves native checkbox semantics (2.723834ms)
✔ Switch (3.069709ms)
✔ loads on open only, pages without full catalog reads and preserves cross-page selection (54.015667ms)
✔ debounces and resets search, rejecting stale page/search responses (271.806792ms)
✔ shows failure with explicit retry and enforces 100 selections while allowing removal (1.374583ms)
✔ unmounts candidates with the actual parent popover and ignores late responses on reopen (2.52525ms)
▶ VideoDeleteImpact
  ✔ shows every affected domain without a duplicate source-file section (2.486584ms)
  ✔ names the current library when previewing a membership removal (0.235ms)
✔ VideoDeleteImpact (3.075792ms)
▶ video primary metadata classification navigation
  ✔ dispatches entity-backed organizations by stable id (0.795291ms)
  ✔ does not expose a name-only organization route (0.047667ms)
  ✔ uses only the stable director id (0.051834ms)
  ✔ uses only the stable series id (0.053709ms)
✔ video primary metadata classification navigation (1.312625ms)
▶ video detail resource actions
  ✔ shows copy and external-open actions instead of play for link resources (4.671333ms)
  ✔ keeps the play action for local resources (0.616041ms)
  ✔ shows actual link kind, STRM hosting, masked target, and source path together (1.563709ms)
  ✔ exposes the cross-library move command for both links and root-managed resources (1.6975ms)
✔ video detail resource actions (8.991958ms)
▶ VideoLibraryMembershipBadges
  ✔ puts the active resource scope first and names the other memberships accessibly (3.414417ms)
  ✔ bounds the visible badges and exposes hidden library names in the overflow title (0.402917ms)
✔ VideoLibraryMembershipBadges (4.2045ms)
▶ VideoResourceImportModal
  ✔ keeps a STRM target read-only while allowing metadata edits and HTTP checks (131.869083ms)
✔ VideoResourceImportModal (132.208833ms)
✔ loads only on open, renders at most one page, and selects an existing tag by ID (16.527666ms)
✔ debounces search, resets the page, and discards earlier search responses (545.436958ms)
✔ shows errors with retry and discards closed-modal results before reopening (1.765ms)
✔ creates from the full draft and prevents an old write completion from closing another video modal (2.026917ms)
✔ refreshes stale candidates after a failed selection without retrying the write (2.118125ms)
✔ does not inherit an open picker or issue a hidden request when switching videos (1.85125ms)
▶ actress virtual grid layout
  ✔ derives responsive columns without shrinking cards below their minimum width (0.371458ms)
  ✔ places load state on a dedicated row after an incomplete item row (0.5305ms)
✔ actress virtual grid layout (1.345208ms)
▶ AgentMetadataActivityFeed
  ✔ keeps live model thinking open and shows semantic actions (5.129792ms)
  ✔ collapses completed thinking into an expandable preview (3.642458ms)
  ✔ moves a finished live thought back into collapsed history (0.953208ms)
  ✔ caps the thinking box height and still shows the full streamed text (2.327875ms)
✔ AgentMetadataActivityFeed (12.567ms)
▶ Agent metadata collector intro
  ✔ explains how this flow differs from regular matching (0.489958ms)
  ✔ keeps the setup steps compact and muted (2.578917ms)
✔ Agent metadata collector intro (3.443292ms)
▶ alias editor state
  ✔ promotes an alias to main name and keeps the previous main as an alias (1.030208ms)
  ✔ does not duplicate the previous main name when it is already an alias (0.069125ms)
✔ alias editor state (1.470334ms)
▶ classification image interaction state
  ✔ distinguishes formal images from dynamic fallback images (0.785542ms)
  ✔ builds explicit file, URL, and video-cover commands (0.227625ms)
✔ classification image interaction state (1.370583ms)
▶ classification merge interaction state
  ✔ keeps the selected source identity when refreshed candidates reorder (0.992958ms)
  ✔ keeps a selected source through a narrower search and rejects invalid commands (0.057375ms)
✔ classification merge interaction state (1.400291ms)
▶ classification picker state
  ✔ stays closed until the user asks for candidates (1.043917ms)
  ✔ hides candidates when the result set is empty (0.075791ms)
  ✔ opens on arrow navigation and wraps around the candidate list (0.0605ms)
  ✔ never navigates into an empty candidate list (0.038791ms)
  ✔ drops the active candidate when typing or when the result set shrinks (0.041208ms)
  ✔ closes on dismiss (0.032833ms)
  ✔ hides the create hint when the query already names an existing option (0.04175ms)
✔ classification picker state (1.767292ms)
▶ director form state
  ✔ defaults to preserving a changed main name and converts profile fields (0.807791ms)
✔ director form state (1.111917ms)
▶ director picker state
  ✔ keeps typed same-name input as an explicit inline-create request (0.922667ms)
  ✔ shows stable candidate differences rather than silently choosing by name (0.09275ms)
✔ director picker state (1.579333ms)
▶ image preview swipe gesture
  ✔ switches to the previous image when dragging right past the threshold (0.353541ms)
  ✔ switches to the next image when dragging left past the threshold (0.045584ms)
  ✔ ignores clicks, short drags, and vertical drags (0.066875ms)
  ✔ distinguishes a drag from a click even when movement is vertical (0.065916ms)
✔ image preview swipe gesture (0.938792ms)
▶ mediaLibraryIdentityStyle
  ✔ maps every domain color to one semantic CSS custom property (0.876292ms)
  ✔ keeps the established palette mapping stable (0.063625ms)
✔ mediaLibraryIdentityStyle (1.288959ms)
▶ organization form state
  ✔ defaults to preserving the previous main name while retaining ordered aliases and links (0.938709ms)
  ✔ moves links without mutating the current form state (0.076167ms)
  ✔ retains a selected parent while search results change (0.103667ms)
✔ organization form state (1.667167ms)
▶ organization merge presentation
  ✔ shows cross-role candidate statistics without collapsing the two roles (0.536958ms)
  ✔ reports each transferred relation after a successful merge (0.085291ms)
✔ organization merge presentation (1.107875ms)
▶ organization picker state
  ✔ resolves main names and aliases to stable ids (1.156542ms)
  ✔ uses unmatched text as an explicit inline create request (0.134875ms)
  ✔ uses an empty value to remove the organization relation (0.100333ms)
  ✔ describes candidates by stable id, roles, and aliases (0.121042ms)
✔ organization picker state (2.324417ms)
▶ PlaylistImportProvider workspace
  ✔ uses the Agent scrape two-pane workspace with live activity and result preview (1.382541ms)
  ✔ offers one confirmed termination action in running and waiting-user footers (0.210042ms)
  ✔ closes the import workspace after the host confirms task termination (0.14875ms)
  ✔ closes only through the actions rendered inside the import dialog (0.114042ms)
  ✔ closes the import dialog before navigating to the imported playlist (0.147959ms)
  ✔ offers frozen write options with source-playlist linking disabled by default (0.187833ms)
  ✔ selects the active default media library when opening the importer (0.141292ms)
  ✔ explains the Agent name and host-date fallback for an empty new-playlist name (0.101042ms)
  ✔ invalidates global video projections and discards stale identity choices (0.120791ms)
  ✔ broadcasts completion so recovered imports refresh mounted playlist surfaces (0.628083ms)
  ✔ renders the complete release summary instead of only aggregate reuse counts (0.140084ms)
  ✔ keeps preview rows dense and long text truncation stable (3.993458ms)
  ✔ shows enough candidate identity evidence and opens links through the app shell (0.421167ms)
✔ PlaylistImportProvider workspace (8.717625ms)
▶ PluginDevConfigRail ready actions
  ✔ makes Install primary and disables empty continuation until feedback is entered (6.736417ms)
✔ PluginDevConfigRail ready actions (7.052083ms)
▶ PluginDevConversation history controls
  ✔ presents a ready settlement as normal state and requires feedback to continue (6.70075ms)
  ✔ renders model reasoning as a quiet collapsed diagnostic block (8.36675ms)
  ✔ keeps live reasoning open and marks the answer as streaming (3.32025ms)
  ✔ renders agent answers as markdown (2.902375ms)
  ✔ renders compact context metrics with the cache-hit ratio (1.221541ms)
  ✔ exposes an explicit clear-session action for a restored historical run (0.65875ms)
  ✔ keeps typed choice, browser challenge and freeform requests as distinct controls (1.711ms)
✔ PluginDevConversation history controls (25.385458ms)
✔ pages40/40/21, resolves full names and retains selected long identities when returning (286.446291ms)
✔ retries page failures and isolates a stale page during raw search debounce (390.216125ms)
✔ ignores choice completion after search or close and suppresses same-tick duplicate clicks (388.788625ms)
✔ reports missing or unrepresentable names without adding incorrect targets (76.808708ms)
✔ enforces existing eight-target limit and preserves video query behavior after kind switch (54.935375ms)
✔ recognizes existing long targets on a fresh mount without confusing a common preview prefix (60.457833ms)
✔ ignores a held actress choice after switching to video (68.080667ms)
✔ bounds long-label reconciliation concurrency and stops scheduling after kind switch (37.183958ms)
✔ retries failed long-label selection reconciliation (38.551208ms)
✔ guides a configured model user to the missing website, then enables development (282.082917ms)
✔ keeps the actual model readiness reason when a named model cannot run (3.501875ms)
▶ PluginDevResultPanel manifest coverage
  ✔ separates actionable field ids from runtime-only information (3.747417ms)
  ✔ renders each exact-match candidate when the plugin returns an array (1.197167ms)
  ✔ labels a targeted execution as a local diagnostic even when the saved full run is ready (0.325ms)
  ✔ explains null and empty array plugin returns instead of hiding the section (0.200167ms)
✔ PluginDevResultPanel manifest coverage (5.861458ms)
▶ plugin dev Agent UI state
  ✔ requires feedback before continuing a mechanically ready Agent (0.690958ms)
  ✔ presents a normal Agent settlement without an error toast (0.573083ms)
  ✔ coalesces streaming reasoning and answer into their final model-turn items (0.147167ms)
  ✔ enables the existing Install button only for a current mechanical acceptance (0.050833ms)
  ✔ allows clearing restored history only when its Agent is not running or busy (0.045208ms)
  ✔ auto-applies only unfinished history and leaves terminal editor state untouched (0.068958ms)
  ✔ keeps non-debuggable built-ins out of the plugin-development selector (3.824708ms)
  ✔ does not treat a loaded built-in fork as the already-selected new-plugin option (0.089875ms)
  ✔ rejects session B events while continuing session A (0.076917ms)
  ✔ binds an unbound start once and rejects later events from another session (0.07225ms)
  ✔ invalidates a snapshot after any newer live mutation (0.086833ms)
  ✔ releases restored busy state on settle but keeps a local API dispatch busy (0.067083ms)
  ✔ projects live workspace drafts from package_updated, not terminal done (0.079667ms)
  ✔ blocks ordinary messages until the exact pending approval is decided (0.082ms)
  ✔ does not dispatch a stale approval after the request disappeared (0.0395ms)
✔ plugin dev Agent UI state (6.546125ms)
▶ series form state
  ✔ defaults a rename to retaining the previous main name (0.34575ms)
  ✔ trims text and converts optional numeric selections (0.545833ms)
✔ series form state (1.231417ms)
▶ series picker state
  ✔ keeps typed creation separate from selecting an existing stable identity (1.018791ms)
  ✔ always distinguishes same-name candidates by stable id and owner scope (0.118167ms)
✔ series picker state (1.643125ms)
✔ shows bounded log preview with explicit omission notice and full task counters (17.748834ms)
✔ applies supported fields, preserves other mappings, allows overrides and only persists on save (12.414083ms)
✔ rejects unavailable saved sources and keeps missing references visible for repair (0.963792ms)
✔ excludes nested and other-kind plugins and prevents applying unconfigured sources (0.810667ms)
✔ uses video field capabilities for bulk assignment (0.904167ms)
✔ uses server totals/offset, 100/100/5 rows, browser locale and current-page presence (37.201542ms)
✔ hides rows during loading/error and waits for refreshed header before retrying current props (4.068375ms)
✔ isolates old retry resolve across library A → B → A (1.8425ms)
✔ isolates old retry reject across library A → B → A (1.25875ms)
✔ debounces 200ms, hides rows immediately, and rejects search ABA and library ABA responses (617.930292ms)
✔ cancels a search timer on library change and unmount; filters reset offset and use the server (524.205583ms)
✔ resolves unrecognized once through header refresh and refetches the current page (4.519083ms)
✔ renders missing-body notice alongside cached rows and never calls it a filtered empty page (1.329584ms)
✔ anchors all → failed by path, honors returned page and safely focuses exact DOM anchor (15.935583ms)
✔ anchors all → failed by group, honors returned page and safely focuses exact DOM anchor (15.225125ms)
✔ waits for delayed header props after refresh promise resolves (run) (33.148875ms)
✔ waits for delayed header props after refresh promise resolves (next) (34.341584ms)
✔ shows refresh errors with retry and allows a new library to proceed (1.593166ms)
✔ held anchor response respects user focus: origin (23.900625ms)
✔ held anchor response respects user focus: body (24.12775ms)
✔ held anchor response respects user focus: documentElement (29.981625ms)
✔ held anchor response respects user focus: input (47.767875ms)
✔ held anchor response respects user focus: toolbar (46.665042ms)
✔ keeps the actual anchored page when resolving its target, clears anchor and accepts server clamp (3.3185ms)
✔ late resolution from an old row cannot reset the user’s newer page (3.405209ms)
✔ late resolution from library A cannot replace B or a new A page state (4.1555ms)
▶ LibraryScanAuditPanel
  ✔ defaults to the attention tab even when the latest scan has no issues (218.30125ms)
  ✔ keeps cached unrecognized files visible with their root-scoped resolution controls (3.435916ms)
  ✔ does not describe current scan failures as resolved (1.916333ms)
  ✔ offers a processing jump for cached unrecognized rows in the all-files tab (3.397125ms)
  ✔ shows an NFO identity conflict as a secondary scan disposition and opens the pending center (2.148542ms)
  ✔ routes a current NFO candidate to its scrape pending item (1.30725ms)
  ✔ shows historical NFO pending dispositions as resolved when their current rows are gone (1.38725ms)
  ✔ keeps the attention badge equal to the visible list when only an NFO warning exists (1.24775ms)
✔ LibraryScanAuditPanel (233.752583ms)
✔ limits a large failed audit to100 visible rows and queries only their pending IDs (22.7175ms)
✔ routes all three kinds from one mixed pending presence response (1.458375ms)
✔ keeps a stable audit anchor when a historical group is no longer pending (1.176334ms)
▶ MetaTube plugin settings
  ✔ shows pending status and blocks setting an unconfigured plugin as default (4.305208ms)
  ✔ keeps a blank token and supports explicit token clearing (3.614208ms)
  ✔ requires confirmation before saving a token over remote HTTP (2.997834ms)
  ✔ tests the current draft without changing the token mode (4.180167ms)
✔ MetaTube plugin settings (15.552667ms)
▶ Model management v2 panels
  ✔ keeps workload edits local until the explicit save action (10.538209ms)
  ✔ shows configured providers first and keeps unconfigured built-ins collapsed (1.309292ms)
  ✔ limits the default advanced view to models referenced by workloads (7.3525ms)
✔ Model management v2 panels (19.902459ms)
✔ saves proxy address and mode only on explicit commit; testing stays independent (262.351ms)
▶ NFO export foreground modal
  ✔ vetoes full-page unload while the foreground modal is active (230.934125ms)
  ✔ is an aria-modal task surface with an explicit terminate action and no dismiss action (6.851875ms)
  ✔ keeps the terminal report open until the user confirms it (1.072541ms)
  ✔ renders a returned plan and enters blocking state before foreground execution (11.039167ms)
  ✔ discards a plan that returns after the storage panel has unmounted (2.254ms)
  ✔ terminates an export whose start result returns after unmount (1.953ms)
✔ NFO export foreground modal (254.713ms)
▶ NFO export preview details
  ✔ counts only new and replaced artwork in the writing breakdown (0.796167ms)
  ✔ distinguishes stopped, partial and empty reports and exposes stop errors in the dialog (0.9035ms)
  ✔ mounts only the opened page of a large warning list and keeps every warning reachable (3.605084ms)
✔ NFO export preview details (5.405292ms)
▶ SettingsPrimitives
  ✔ retains an invalid value with an accessible error instead of silently clamping it (6.312458ms)
  ✔ keeps a multi-digit number local until the edit is committed (1.2815ms)
  ✔ supports keyboard activation of increment and does not treat empty input as zero (0.459042ms)
  ✔ renders a semantic card without losing its accessible name (0.244334ms)
  ✔ exposes status as data rather than a behavior-bearing class name (0.175208ms)
✔ SettingsPrimitives (8.933041ms)
✔ renames with no manual code or target and refreshes the pending row after failed recognition (157.267583ms)
✔ retries a failed service with saved configuration, and prevents submitting unsaved drafts via retry (3405.203167ms)
▶ library scan audit row layout
  ✔ uses compact rows only when the skipped tab also uses compact virtual slots (0.367125ms)
  ✔ keeps the variable-height attention list out of fixed-size virtualization (0.066ms)
  ✔ keeps CSS row geometry aligned with virtual item sizes (0.422792ms)
✔ library scan audit row layout (1.489292ms)
▶ video resource card badges
  ✔ keeps primary-first order, deduplicates kinds, and limits visible labels to two (1.00625ms)
  ✔ returns no card decoration when a video has no resources (0.064458ms)
  ✔ shares full resource labels across detail and filter surfaces (0.063583ms)
✔ video resource card badges (1.859417ms)
▶ video resource import form
  ✔ shares auto detection, normalization, and size conversion across entry points (1.287625ms)
  ✔ auto-detects Magnet and keeps its protocol-derived default name (0.2095ms)
  ✔ treats blank matching input as absent without invoking strict code validation (0.071667ms)
✔ video resource import form (1.971083ms)
▶ video resource import layout
  ✔ gives the size value the fluid column and keeps its unit compact (7.381459ms)
✔ video resource import layout (7.7685ms)
▶ shared workbench primitives
  ✔ composes feature classes without replacing the neutral structure (1.432042ms)
  ✔ connects tabs to their panels with a single keyboard tab stop (0.46475ms)
✔ shared workbench primitives (2.293541ms)
✔ counts avatars through the scalar API without loading targets and propagates failures (45.514333ms)
✔ consumes pages on demand and stops safely across page failure, cancellation and unmount (66.0325ms)
✔ serializes startup before target loading and releases ownership on empty, failed or unmounted startup (54.246833ms)
▶ isBatchScrapeActive
  ✔ treats only running and paused batches as active (0.315375ms)
✔ isBatchScrapeActive (0.615541ms)
▶ poster grid row height
  ✔ reserves the complete membership strip without changing ordinary library rows (0.331334ms)
✔ poster grid row height (0.649333ms)
▶ facet route contracts
  ✔ only permits each entity detail under its matching facet (0.312125ms)
✔ facet route contracts (0.619125ms)
▶ global search shortcut
  ✔ accepts Cmd/Ctrl+K and rejects unrelated key combinations (0.346542ms)
  ✔ focuses and selects the Home input after two render frames (0.549667ms)
✔ global search shortcut (1.266291ms)
▶ useLatestAsyncLabel
  ✔ ignores an older request that finishes after the latest request (6.712792ms)
✔ useLatestAsyncLabel (7.157916ms)
✔ does not load hidden scan history, including manual refresh and invalidation, and releases completed data (59.947583ms)
✔ discards pending results after leaving and re-entering or switching libraries (36.0305ms)
✔ exposes history load errors and retries without treating failure as an empty history (23.046833ms)
✔ advances page refresh revision even when the returned header is unchanged (25.493541ms)
✔ retries a failed page through the real header controller without issuing the old run again (215.301959ms)
▶ media-library scan event scope
  ✔ accepts only the current library and, once known, the current run (0.336ms)
✔ media-library scan event scope (0.702792ms)
✔ sends no empty lookup, deduplicates IDs and rejects a stale page response (11.91025ms)
✔ distinguishes a failed lookup from processed items and retries the same page (1.403875ms)
✔ does not reuse old ready state when a page is revisited before another lookup finishes (1.5345ms)
✔ does not fetch empty/inactive selections and resolves only unique selected IDs (7.461542ms)
✔ ignores responses for previous filters and refreshes on returning from detail (1.700166ms)
✔ does not loop on a rejected lookup and discards in-flight results after deactivation (1.148292ms)
▶ isLibraryListSurfacePath
  ✔ matches list roots only (0.732917ms)
  ✔ does not match detail or stack routes (0.197209ms)
✔ isLibraryListSurfacePath (1.355625ms)
▶ shouldRefetchLibraryOnRouteChange
  ✔ refetches when entering a list root from outside (0.328125ms)
  ✔ does not refetch when opening detail stacks or hopping between list roots (0.178709ms)
✔ shouldRefetchLibraryOnRouteChange (0.643166ms)
▶ global search URL state
  ✔ normalizes positive media-library ids in stable order (0.92275ms)
  ✔ canonicalizes owned state without stripping detail-only lib (0.185125ms)
  ✔ builds an explicit, paged cross-library search input and identity (0.123375ms)
✔ global search URL state (1.616166ms)
▶ library resource filter URL contract
  ✔ parses valid unique values in canonical order and ignores invalid values (0.826333ms)
  ✔ omits the default all-resources state and canonicalizes copied URLs (0.428125ms)
  ✔ removes a resource parameter containing only invalid values (0.072666ms)
  ✔ includes applied resource filters in the query and scroll-memory hash (0.122667ms)
  ✔ keeps pending scrape as an independent canonical filter dimension (0.064125ms)
  ✔ resolves omitted sort state from each media library configuration (0.071375ms)
✔ library resource filter URL contract (2.074375ms)
▶ multi-library route builders and parsers
  ✔ round-trips the home video detail stack (1.938042ms)
  ✔ round-trips the global-search video detail stack (0.321542ms)
  ✔ round-trips media-library list, detail, nested actress and settings routes (1.062875ms)
  ✔ rejects malformed, non-positive, fractional and unsafe route ids (0.597125ms)
  ✔ accepts digit-only positive ids and builders emit their canonical form (0.083583ms)
✔ multi-library route builders and parsers (4.599292ms)
▶ detail-only active-library query contract
  ✔ parses only positive safe-integer library ids (0.108291ms)
  ✔ canonicalizes the first lib value without changing other list query state (0.111958ms)
  ✔ sets, replaces and strips the detail-only library parameter immutably (0.0775ms)
  ✔ derives a single detail context and gives a library path precedence over lib (0.160708ms)
  ✔ keeps lib only where the route needs query-owned detail scope (0.160625ms)
  ✔ respects a valid legacy lib hint and falls back when that membership is unavailable (0.181625ms)
✔ detail-only active-library query contract (0.913292ms)
▶ recent media-library memory
  ✔ stores only positive safe library ids and ignores malformed persisted state (0.382417ms)
✔ recent media-library memory (0.691625ms)
▶ route builders and parsers
  ✔ round-trips library detail stacks (1.228917ms)
  ✔ round-trips actress detail stacks (0.156042ms)
  ✔ round-trips playlist and classification entity detail stacks (0.361458ms)
  ✔ rejects malformed detail ids (0.186292ms)
  ✔ builds pending-center locations without page-level query concatenation (0.875ms)
✔ route builders and parsers (3.327542ms)
▶ classification list query contract
  ✔ accepts only video count and update time sorting with video count descending by default (0.23475ms)
  ✔ includes organization search and sorting in the shareable query identity (0.163833ms)
  ✔ keeps series release sorting separate from classification-list sorting (0.086041ms)
✔ classification list query contract (0.630709ms)
▶ actress avatar filter query contract
  ✔ normalizes avatar filter values and omits the all default (0.083667ms)
  ✔ returns to the actress list without losing its query state (0.108083ms)
  ✔ keeps avatar filters distinct in the actress query hash (0.207542ms)
✔ actress avatar filter query contract (0.464375ms)
▶ actress status filter query contract
  ✔ parses the canonical status values and treats anything else as all (0.062625ms)
  ✔ omits the param for all and writes the canonical value otherwise (0.071792ms)
  ✔ includes status in the list query identity and ignores invalid values (0.036625ms)
  ✔ keeps search, gender and sort identity while only the status changes (0.046458ms)
  ✔ round-trips the status query through actress detail and back (0.137708ms)
  ✔ remembers the actress status filter across primary navigation (0.291542ms)
✔ actress status filter query contract (0.703833ms)
▶ primary navigation memory
  ✔ restores query state per list and removes unrelated nested query keys (0.451208ms)
  ✔ persists search only when leaving a list root (0.255708ms)
  ✔ forgets a root so cross-nav no longer restores it (0.049875ms)
  ✔ resolves same-section vs cross-section sidebar targets (0.12275ms)
  ✔ builds nav link href from current search when active (0.102708ms)
✔ primary navigation memory (1.040958ms)
▶ navigation helpers
  ✔ removes playlist-detail resource filters when returning to the playlist list (0.079709ms)
  ✔ keeps home, search and media-library detail stacks scoped and reversible (0.573708ms)
  ✔ closes nested actress details back to their parent video context (0.346916ms)
  ✔ keeps stable series identity and release direction through its detail stack (0.101584ms)
  ✔ keeps director identity and query state through its stable detail stack (0.080458ms)
  ✔ opens an organization by stable id while preserving its role-list query (0.073ms)
  ✔ keeps classification query only inside the same classification stack (0.063333ms)
  ✔ keeps video and actress navigation inside the stable organization stack (0.099541ms)
  ✔ keeps video and actress navigation inside the pending workbench stack (0.081542ms)
  ✔ opens actress detail from the pending inbox and returns to it (0.058916ms)
✔ navigation helpers (1.635666ms)
▶ settings route contract
  ✔ builds canonical settings paths and resolves valid sections (0.188291ms)
✔ settings route contract (0.205334ms)
▶ media-library settings state
  ✔ builds a trimmed create command, deduplicates roots and still allows an empty library (0.981875ms)
  ✔ builds minimal identity and section-scoped config patches (0.216083ms)
  ✔ normalizes an empty scraper and validates numeric scan boundaries (0.06825ms)
  ✔ gates destructive lifecycle commands (0.069708ms)
  ✔ allows cleanup-only scans but rejects a library with no work (0.050667ms)
  ✔ routes every root-owned record through cleanup before direct deletion (0.05825ms)
  ✔ reports partial root additions explicitly (0.043ms)
  ✔ shows a terminal query error even before form drafts exist (0.045333ms)
✔ media-library settings state (1.971791ms)
✔ loads metadata once while paging 60/60/5 works and preserving the full count (462.151291ms)
✔ retries page errors, clamps a removed last page, and rejects late actor results (10.556125ms)
✔ does not invalidate the new actor metadata when the old editor save settles late (12.028792ms)
✔ retains an open merge plan and its full count while the visible works refresh (10.502333ms)
✔ does not reuse the prior actor page when an intervening actor request is still pending (5.583333ms)
▶ series real list page
  ✔ renders 60/60/5 with server total and bounded page cache (1255.447583ms)
  ✔ clears old cards while loading and supports failed-page retry (41.198083ms)
  ✔ clamps a shrinking total to its last page, including zero (61.411167ms)
  ✔ resets search/sort to page one and rejects late search data (825.385084ms)
  ✔ invalidates uncommitted input across A → B → A history navigation (316.939875ms)
  ✔ invalidates pending input when opening detail without changing search (620.095625ms)
  ✔ retains page, active observer and scroll through nested detail and return (17.3375ms)
✔ series real list page (3220.371417ms)
▶ maker real list page
  ✔ renders 60/60/5 with server total and bounded page cache (1248.541ms)
  ✔ clears old cards while loading and supports failed-page retry (36.988584ms)
  ✔ clamps a shrinking total to its last page, including zero (50.1465ms)
  ✔ resets search/sort to page one and rejects late search data (826.906125ms)
  ✔ invalidates uncommitted input across A → B → A history navigation (308.182042ms)
  ✔ invalidates pending input when opening detail without changing search (631.286083ms)
  ✔ retains page, active observer and scroll through nested detail and return (26.270625ms)
✔ maker real list page (3129.100375ms)
▶ director real list page
  ✔ renders 60/60/5 with server total and bounded page cache (1359.86025ms)
  ✔ clears old cards while loading and supports failed-page retry (37.499959ms)
  ✔ clamps a shrinking total to its last page, including zero (66.923916ms)
  ✔ resets search/sort to page one and rejects late search data (831.512208ms)
  ✔ invalidates uncommitted input across A → B → A history navigation (322.568375ms)
  ✔ invalidates pending input when opening detail without changing search (626.668917ms)
  ✔ retains page, active observer and scroll through nested detail and return (17.963542ms)
✔ director real list page (3263.654375ms)
✔ organization role change discards old filters and pending search (317.674417ms)
✔ normalizes URL offsets safely and keys distinct pages (13.654375ms)
▶ video detail section order
  ✔ renders a titled related-links section after video resources (0.457958ms)
✔ video detail section order (0.998708ms)
▶ HomePage
  ✔ searches in place while typing and restores discovery when cleared (878.26875ms)
  ✔ keeps discovery stable through refreshes and remounts until replaced (14.98625ms)
✔ HomePage (893.703875ms)
▶ HomePage search layout
  ✔ reserves shared toolbar-search padding for the icon and keyboard shortcut (3.267458ms)
  ✔ centers the search icon inside the shared input control (0.6385ms)
  ✔ keeps the keyboard shortcut on the same vertical center line (0.665ms)
✔ HomePage search layout (5.187166ms)
✔ uses the shared switch for home discovery and keeps changes in the settings draft (243.349375ms)
▶ MediaLibrarySettingsPage layout
  ✔ uses the application settings width token and stays left aligned (4.208667ms)
  ✔ keeps compact library context above the old-style import workspace (10.37975ms)
✔ MediaLibrarySettingsPage layout (15.335958ms)
▶ ScanSettingsTab
  ✔ builds domain-correct deep links for scan identities and scrape candidates (223.863417ms)
  ✔ renders automatic local NFO import enabled by default and persists a switch change immediately (8.429458ms)
✔ ScanSettingsTab (232.74525ms)
✔ distinguishes scan history loading, failure with retry and an empty result (4.062166ms)
✔ feeds summary-only history into the paged panel and refreshes pages when the header revision advances (43.90225ms)
✔ locates a deep actor group and loads only its detail before paging (347.50975ms)
✔ keeps page and detail failures distinct and retries without a full list (197.377833ms)
✔ ignores a late old detail after selecting another group (148.47275ms)
✔ preserves an explicit decision across a category switch and detail overlay (225.002583ms)
✔ applies an ownership decision then clamps a deleted last page (161.334625ms)
✔ does not let a completed old mutation reset a newer group decision (275.593416ms)
✔ keeps actor paging in the all-domain view even when a scan item comes first (133.577875ms)
✔ asks the server about names outside the current page before editing (379.096375ms)
✔ keeps a stale resolution on the same group and requires a renewed decision (157.4505ms)
✔ isolates an old completion after navigating A to B and back to A (333.292458ms)
✔ stays on the deep-linked page after its selected group is resolved (157.335666ms)
✔ does not close a new discard dialog when an old A-B-A discard fails (277.248542ms)
✔ pages owner candidates and preserves a selected actor outside the current page (215.792583ms)
✔ retries picker failures and invalidates old page replies immediately while search debounces (466.058334ms)
✔ ignores an old actor choice after closing and reopening the same picker (186.630167ms)
✔ keeps the newest actor choice when earlier detail reads finish later (169.733167ms)
✔ keeps a direct group-owner decision after an older external-owner detail returns (190.863542ms)
✔ invalidates a pending external-owner choice when a decision is submitted (228.024292ms)
✔ ignores a picker choice after navigating group A-B-A (227.151459ms)
✔ locates a deep-linked pending item, pages with a bounded cache and ignores a late detail (318.9625ms)
✔ shows an explicit page error and retries without fetching the full inbox (69.210375ms)
✔ recovers the last page after deletion and selects the surviving first item (88.441125ms)
✔ does not block a different queue when scrape count fails or reuse its disabled page total (87.736ms)
✔ ignores an old page that resolves after navigation to a newer page (103.008625ms)
▶ PendingCenterPage scrape resolution
  ✔ carries an explicit director through merge-and-apply without stacking prompts (219.117166ms)
  ✔ previews either persisted identity and submits only after explicit confirmation (39.30325ms)
  ✔ shows the library filter only for scan decisions (26.918167ms)
  ✔ clears the library filter from the scoped empty state and keeps the scan tab selected (25.139125ms)
✔ PendingCenterPage scrape resolution (311.25925ms)
✔ locates scan anchors, reads only selected details and ignores late details after paging (351.612542ms)
✔ reports page errors and missing selected records without treating them as an empty queue (110.060417ms)
✔ clamps the deleted last page and does not show an old library page (181.122958ms)
✔ uses only count on another category and count failure does not block that category (45.938584ms)
✔ does not block scrape on a library listing failure (44.197625ms)
✔ resolves identity deep links to the scoped identity pane without group detail reads (45.656833ms)
✔ retries rejected selected detail without reloading full queues (129.11175ms)
✔ loads actor details only in its category and keeps inactive summary counts current (177.913584ms)
✔ shows unknown actor count without blocking scan when summary fails (46.645583ms)
✔ ignores an old playlist response arriving after navigation (229.688875ms)
✔ requests a bounded thumbnail for a playlist card (3.127583ms)
✔ does not refresh an old playlist when its removal finishes after navigation (5.864458ms)
✔ returns to the previous page when deleting the only item on the last page (4.386625ms)
✔ keeps the existing grid mounted during refresh after closing a nested video (3.059791ms)
✔ keeps the latest sort response when requests for the same playlist finish out of order (2.639834ms)
✔ reuses metadata while paging but refreshes it after a playlist mutation (4.650042ms)
✔ does not reuse stale metadata when filtering interrupts a forced refresh (3.016125ms)
✔ shows not found when a refreshed metadata read reports a deleted playlist (0.938792ms)
✔ refreshes the fallback cover with the new sort instead of reusing the old metadata (2.148292ms)
▶ PlaylistDetailPage resource filter feedback
  ✔ keeps the compact toolbar count without rendering an applied-filter bar (0.3455ms)
  ✔ uses an import action icon instead of a download icon (0.066209ms)
✔ PlaylistDetailPage resource filter feedback (0.755625ms)
▶ actress conflict review state
  ✔ keeps every action tied to its explicit user-visible scope (0.828834ms)
  ✔ expands changed impacts and keeps unchanged impacts collapsed initially (0.069917ms)
  ✔ uses the candidate-owned impact plan only when that candidate is the proposed owner (0.061417ms)
  ✔ sections groups by task state and sorts each section by display name (3.831666ms)
  ✔ selects the first source for viewing without preselecting a proposed owner (0.09675ms)
  ✔ explains empty, unchanged, moved, and conflict-free name edits (0.395541ms)
  ✔ builds the exact owner, pending, and actress versions shown to the user (0.069292ms)
  ✔ requires a replacement only when assigning away a current main name (0.059583ms)
  ✔ enables illegal-name confirmation only after every required replacement is valid (0.056417ms)
  ✔ requires an explicit partner, keeper, and final main name for conflict merges (0.15575ms)
  ✔ allows a pending-name-ownership pair to be merged (0.039583ms)
  ✔ keeps the current group or selects its next neighbor after refresh (0.127333ms)
✔ actress conflict review state (6.267166ms)
▶ conflictReviewRemote
  ✔ resolves ownership/merge/illegal and surfaces stale refresh (0.579333ms)
  ✔ discards a candidate and refreshes the queue (0.131416ms)
  ✔ validates replacement main names (0.25225ms)
  ✔ ignores an older live name inspection after a newer request wins (3.480458ms)
  ✔ invalidates an in-flight inspection cleanup (0.115458ms)
✔ conflictReviewRemote (5.029417ms)
▶ conflictReviewSession
  ✔ resets decision draft when switching groups (0.634916ms)
  ✔ opens ownership replacement dialog when claimants need new main names (4.35025ms)
  ✔ applies refresh focus and stale message (0.124166ms)
  ✔ syncSelectedGroup initializes selection for the first available group (0.042917ms)
✔ conflictReviewSession (5.547083ms)
▶ conflict review latest request gate
  ✔ accepts only the newest async validation result (0.329833ms)
  ✔ invalidates an in-flight result when the workflow closes (0.045667ms)
  ✔ does not let stale cleanup invalidate the current request (0.040292ms)
✔ conflict review latest request gate (0.77325ms)
▶ media-library list surface state
  ✔ keeps archived libraries out of the writable catalog surface (0.371042ms)
✔ media-library list surface state (0.711375ms)
▶ pending center resolution state
  ✔ requires every scan resource to have an explicit valid target (0.559959ms)
  ✔ serializes scan targets only at the select-control boundary (0.536041ms)
  ✔ starts scrape candidates unselected and rejects stale candidate ids (0.074042ms)
  ✔ shows the same deterministic default primary ordering as persisted resolution (0.145041ms)
  ✔ labels scan decisions with their owning media library (0.088375ms)
  ✔ shows resource identity conflicts in the scan queue without exposing a local path (0.05625ms)
✔ pending center resolution state (1.87225ms)
▶ matchesPlaylistResourceFilter
  ✔ uses OR semantics and treats none as global zero resources (0.407875ms)
✔ matchesPlaylistResourceFilter (0.742084ms)
▶ useConflictReviewController
  ✔ wires queue selection and resets dialog draft when switching groups (39.638208ms)
  ✔ routes resolve through the nested view-model commands (14.93275ms)
✔ useConflictReviewController (55.150833ms)
✔ preserves an explicit ownership decision while detail reads are disabled and reenabled (154.233209ms)
▶ video business identity conflict presentation
  ✔ recognizes domain and database-boundary conflict messages (0.357625ms)
✔ video business identity conflict presentation (0.675125ms)
▶ video detail scraper selection
  ✔ prefers the active media-library default over the global default (0.317625ms)
  ✔ does not retain the previous library default when the active library switches (0.043209ms)
  ✔ falls back to the global default when the active library has no override (0.042042ms)
✔ video detail scraper selection (0.747875ms)
▶ pending inbox state
  ✔ sums the aggregate media-library projection without per-library item reads (0.333541ms)
✔ pending inbox state (0.654625ms)
✔ keeps loading and failed inbox counts distinct from an empty inbox (0.057708ms)
▶ actress list renderer behavior
  ✔ does not load the full face-scan manifest for an ordinary actress page (1.79825ms)
  ✔ isolates cached pages when any query condition changes (0.607875ms)
  ✔ recombines the same session face-result subset for list filter changes (0.097125ms)
  ✔ keeps loaded pages after a failure and retries the same next-page offset (1.384125ms)
  ✔ keeps selected ids when later pages append more actresses (0.129125ms)
  ✔ restores scroll after detail return and resets it for a changed query (0.082375ms)
  ✔ clears every pending rail scroll scope on same-section primary navigation (0.779459ms)
✔ actress list renderer behavior (5.331458ms)
▶ actress infinite list pages
  ✔ keeps loaded pages while requesting the next offset (0.795917ms)
  ✔ stops after every matching actress has loaded (0.056167ms)
✔ actress infinite list pages (1.192959ms)
▶ scoped video query keys
  ✔ keeps media-library caches isolated (1.033458ms)
  ✔ canonicalizes filtered all-library scopes (0.085583ms)
✔ scoped video query keys (1.461584ms)
▶ useInfiniteVideoList
  ✔ loads a library larger than the IPC page limit in bounded pages (25.179959ms)
✔ useInfiniteVideoList (25.580292ms)
✔ blocks route changes with a draft and saves before continuing through the real router (27.968167ms)
✔ keeps edits through unrelated refreshes and explicitly resets to the latest saved value (3.551041ms)
✔ preserves edits made while an earlier value is being saved (0.441917ms)
▶ renderer avatarCrop
  ✔ falls back to the standard preset for invalid stored values (0.764417ms)
  ✔ falls back to face centering for invalid stored values (0.05725ms)
  ✔ keeps landmark-based faces at the same visual size across source images (0.268417ms)
  ✔ reports when a tight source cannot reach the requested face size (0.0495ms)
  ✔ applies the continuous face ratio consistently (0.068291ms)
  ✔ centers the estimated crown-to-chin region in head mode (0.058416ms)
  ✔ centers segmented visible head bounds instead of the facial axis (0.053875ms)
  ✔ keeps zoom identical across centering modes (0.084709ms)
  ✔ keeps face-ratio changes effective when full-head protection is disabled (0.105334ms)
  ✔ keeps legacy near-square avatars aligned with cover preview layout (0.560625ms)
  ✔ detects the native cover-compatible default transform (0.034625ms)
  ✔ does not let a tainted canvas export crash the editor (0.106875ms)
✔ renderer avatarCrop (2.699834ms)
▶ video batch request scope
  ✔ requires and preserves the current library on library-surface requests (0.878958ms)
  ✔ keeps application-settings requests in explicit global compatibility mode (0.061459ms)
✔ video batch request scope (1.281792ms)
▶ avatarCrop
  ✔ round-trips a valid v1 crop (0.796459ms)
  ✔ rejects crop when fingerprint mismatches (0.082209ms)
  ✔ scales offsets when viewSize changes (0.069541ms)
✔ avatarCrop (1.413709ms)
▶ normalizeClassificationName
  ✔ uses the shared identity normalization without collapsing meaningful script differences (0.672584ms)
  ✔ rejects names that become empty after normalization (0.148875ms)
✔ normalizeClassificationName (1.218542ms)
✔ only accepts finite thumbnail variants and preserves preview URL components (0.669917ms)
▶ buildLibraryScanNotification
  ✔ keeps a no-change successful scan quiet (0.47075ms)
  ✔ notifies for changes and reports each destructive count separately (0.11ms)
  ✔ reports a metadata-only resource refresh as an update (0.521292ms)
  ✔ reports pending scan groups and their resource count before ordinary changes (0.045334ms)
  ✔ prioritizes offline and error outcomes over ordinary change notices (0.036334ms)
  ✔ reports isolated STRM failures without exposing target content (0.05975ms)
  ✔ reports a blocking processing failure before isolated STRM failures (0.0415ms)
✔ buildLibraryScanNotification (1.763875ms)
▶ sanitizeLibraryScanError
  ✔ removes HTTP credentials, query parameters, Magnet data, and ED2K targets (0.547208ms)
  ✔ bounds arbitrary errors and never throws while formatting them (0.079458ms)
✔ sanitizeLibraryScanError (0.98525ms)
▶ normalizeLibraryScanSummary
  ✔ persists completed STRM failures with safe messages and a 50-item bound (0.736208ms)
✔ normalizeLibraryScanSummary (0.843791ms)
▶ NFO export foreground shortcut guard
  ✔ blocks reload, history, close, and application navigation shortcuts (0.356375ms)
  ✔ leaves modal controls and copy shortcuts usable (0.051625ms)
✔ NFO export foreground shortcut guard (0.765542ms)
▶ selectDefaultPendingScanPrimary
  ✔ prefers local resources and keeps duration, size, and path ordering (0.351708ms)
  ✔ orders STRM resources by actual target kind and then source path (0.06475ms)
✔ selectDefaultPendingScanPrimary (0.753042ms)
▶ pluginDevKindProfile
  ✔ normalizes testTarget and testTargets (1.073416ms)
  ✔ splits test targets only on commas or newlines and trims each group (0.116791ms)
  ✔ uses typed explicit targets as a diagnostic subset (0.696667ms)
  ✔ rejects URL/path targets and wrong-kind arguments (0.18625ms)
  ✔ testTargetsFromDryRun extracts identity from dry-run result (0.084084ms)
  ✔ profiles expose kind-specific labels and field helpers (0.077375ms)
✔ pluginDevKindProfile (2.655625ms)
▶ plugin field semantics registry
  ✔ covers every video and actress field with valid symmetric conflicts (0.523458ms)
  ✔ generates the Agent glossary from the selected registry fields (0.305083ms)
  ✔ projects female and male performers independently (0.609708ms)
  ✔ projects composite rating and measurements without collapsing their parts (0.06875ms)
✔ plugin field semantics registry (1.933959ms)
▶ PluginResultContractModule
  ✔ classifies every structural and selectable result key by kind (1.078ms)
  ✔ projects every manifest field through at least one standard result key (0.072959ms)
  ✔ lists unknown raw keys once without guessing a field mapping (0.114792ms)
  ✔ keeps actress identity and source metadata informational (0.192167ms)
  ✔ detects field-level partial cast projection and legacy female default (0.080417ms)
  ✔ maps composite measurements and rating to their legal manifest fields (0.101334ms)
  ✔ rejects empty and identity-only effective results mechanically (0.137834ms)
✔ PluginResultContractModule (2.303209ms)
▶ file scan audit presentation
  ✔ added new video (0.984208ms)
  ✔ added existing video (0.06025ms)
  ✔ updated relocated (0.047416ms)
  ✔ updated metadata (0.0525ms)
  ✔ updated STRM (0.052417ms)
  ✔ pending new local (0.038ms)
  ✔ pending retained STRM (0.032833ms)
  ✔ pending empty code and zero group (0.038667ms)
  ✔ skipped unchanged with video (0.050917ms)
  ✔ skipped short without video (0.062875ms)
  ✔ skipped duplicate with zero video (0.055458ms)
  ✔ unrecognized (0.041583ms)
  ✔ STRM failure (0.280375ms)
  ✔ processing failure (0.126666ms)
  ✔ preserves caller indices, path fallback and explicit undefined fields (0.062958ms)
✔ file scan audit presentation (2.50825ms)
▶ NFO secondary presentation
  ✔ imported: every primary outcome, warnings and attention (0.232416ms)
  ✔ skipped: every primary outcome, warnings and attention (0.110333ms)
  ✔ warning: every primary outcome, warnings and attention (0.129958ms)
  ✔ pending-candidate: every primary outcome, warnings and attention (0.106041ms)
  ✔ identity-conflict: every primary outcome, warnings and attention (0.105042ms)
  ✔ uses only the disposition-specific non-null pending id, including zero (0.218583ms)
✔ NFO secondary presentation (0.985959ms)
▶ resource scan audit presentation
  ✔ missing: full fields, source/title/display fallback and kinds (0.688334ms)
  ✔ removed_library_path: full fields, source/title/display fallback and kinds (0.334625ms)
  ✔ promoted_after_removal: full fields, source/title/display fallback and kinds (0.737875ms)
✔ resource scan audit presentation (1.812ms)
✔ keeps optional enrichment fields structurally available without enriching raw views (0.051292ms)
▶ complete historical scan audit view items
  ✔ deduplicates cached paths exactly, retaining first root and order even without audit (0.22275ms)
  ✔ orders failed extras, attention files and pending groups; excludes only attention-listed cache paths (0.131041ms)
  ✔ preserves all-outcome order, duplicate audit files and indices after each outcome filter (0.201125ms)
  ✔ preserves NFO status precedence, historical group fields and failed/all differences (0.138625ms)
  ✔ added/updated and skipped tabs filter before indexing and do not enrich NFO status (0.083459ms)
  ✔ composes changes in removed/promoted/deleted order with independent indices and removed-video suppression (0.077625ms)
  ✔ does not mutate input or share enriched row objects between calls (0.0875ms)
✔ complete historical scan audit view items (0.988959ms)
▶ video resource source identity
  ✔ normalizes local file paths (0.343166ms)
  ✔ uses the STRM source file instead of its external target (0.048416ms)
  ✔ does not claim ownership of ordinary external resources (0.0385ms)
✔ video resource source identity (0.783292ms)
▶ videoResourceLinks
  ✔ normalizes HTTP identity without reordering query parameters or changing the path (0.773875ms)
  ✔ rejects local and executable protocols (0.142292ms)
  ✔ infers common video extensions as direct links and otherwise uses web links (0.062916ms)
  ✔ masks query parameters in normal display text (0.054875ms)
  ✔ converts optional MB, GB, and TB values to integer bytes (0.050958ms)
  ✔ uses the Magnet xt identity while preserving the original link and deriving a name (0.180958ms)
  ✔ uses the ED2K file hash identity while deriving its file name (0.046583ms)
✔ videoResourceLinks (1.691834ms)
ℹ tests 2593
ℹ suites 357
ℹ pass 2592
ℹ fail 0
ℹ cancelled 0
ℹ skipped 1
ℹ todo 0
ℹ duration_ms 49823.161625
