
> Javdex@0.6.2 pretest
> npm run check:actress-boundaries && npm run check:media-asset-store-boundaries && npm run check:metadata-source-boundaries && npm run check:classification-entity-boundaries && npm run check:agent-platform-boundaries && npm run lint && npm run check:css-architecture && npm run check:ui-controls


> Javdex@0.6.2 check:actress-boundaries
> node scripts/check-actress-boundaries.mjs

Domain IPC, shared types, and process dependency boundaries are valid.

> Javdex@0.6.2 check:media-asset-store-boundaries
> node scripts/check-media-asset-store-boundaries.mjs

MediaAssetStore implementation boundaries are valid.

> Javdex@0.6.2 check:metadata-source-boundaries
> node scripts/check-metadata-source-boundaries.mjs

Video metadata source boundaries are valid.

> Javdex@0.6.2 check:classification-entity-boundaries
> node scripts/check-classification-entity-boundaries.mjs

Classification entity storage and routing boundaries are valid.

> Javdex@0.6.2 check:agent-platform-boundaries
> node scripts/check-agent-platform-boundaries.mjs

Agent platform boundaries OK

> Javdex@0.6.2 lint
> npm run lint:ts && npm run lint:css


> Javdex@0.6.2 lint:ts
> eslint "src/**/*.{ts,tsx}" "electron.vite.config.ts"


> Javdex@0.6.2 lint:css
> stylelint "src/renderer/src/**/*.module.css" --allow-empty-input


> Javdex@0.6.2 check:css-architecture
> node scripts/check-css-architecture.mjs

CSS architecture checks passed.
┌─────────────────────────────────┬────────┐
│ (index)                         │ Values │
├─────────────────────────────────┼────────┤
│ cssFileCount                    │ 90     │
│ globalClassCount                │ 1153   │
│ crossFileDuplicateClassCount    │ 143    │
│ descendantSelectorCount         │ 801    │
│ importantDeclarationCount       │ 12     │
│ hardcodedColorDeclarationCount  │ 166    │
│ globalStateClassCount           │ 88     │
│ rawButtonClassOccurrenceCount   │ 3      │
│ classNameBehaviorInferenceCount │ 0      │
└─────────────────────────────────┴────────┘

> Javdex@0.6.2 check:ui-controls
> node scripts/check-ui-controls.mjs

UI control checks passed: shared Switch / Checkbox only.

> Javdex@0.6.2 test
> npm run typecheck && npm run test:packaging && node scripts/run-electron-tests.mjs


> Javdex@0.6.2 typecheck
> npm run typecheck:node && npm run typecheck:web


> Javdex@0.6.2 typecheck:node
> tsc --noEmit -p tsconfig.node.json --composite false


> Javdex@0.6.2 typecheck:web
> tsc --noEmit -p tsconfig.web.json --composite false && tsc --noEmit -p tsconfig.browser.json


> Javdex@0.6.2 test:packaging
> node --test scripts/packaging-runtime.test.mjs

TAP version 13
# Subtest: pruneBetterSqlitePrebuilds retains only the current platform and arch
ok 1 - pruneBetterSqlitePrebuilds retains only the current platform and arch
  ---
  duration_ms: 1.741875
  type: 'test'
  ...
# Subtest: pruneBetterSqliteBuildFiles removes sources but preserves runtime files
ok 2 - pruneBetterSqliteBuildFiles removes sources but preserves runtime files
  ---
  duration_ms: 1.554042
  type: 'test'
  ...
# Subtest: better-sqlite3 prebuild selection covers every configured packaging platform
ok 3 - better-sqlite3 prebuild selection covers every configured packaging platform
  ---
  duration_ms: 0.087125
  type: 'test'
  ...
# Subtest: pruneElectronFrameworkLocales keeps English and Chinese locale variants
ok 4 - pruneElectronFrameworkLocales keeps English and Chinese locale variants
  ---
  duration_ms: 1.996041
  type: 'test'
  ...
# Subtest: mac packaging selects a node-gyp compatible Python unless the caller chose one
ok 5 - mac packaging selects a node-gyp compatible Python unless the caller chose one
  ---
  duration_ms: 0.130375
  type: 'test'
  ...
# Subtest: packaged runtime smoke runs only for a host-compatible macOS executable
ok 6 - packaged runtime smoke runs only for a host-compatible macOS executable
  ---
  duration_ms: 0.344667
  type: 'test'
  ...
# Subtest: packaging retains the complete Cheerio runtime dependency chain
ok 7 - packaging retains the complete Cheerio runtime dependency chain
  ---
  duration_ms: 0.206042
  type: 'test'
  ...
# Subtest: mac packaging explicitly enables ad-hoc signing before invoking its custom signer
ok 8 - mac packaging explicitly enables ad-hoc signing before invoking its custom signer
  ---
  duration_ms: 0.082
  type: 'test'
  ...
1..8
# tests 8
# suites 0
# pass 8
# fail 0
# cancelled 0
# skipped 0
# todo 0
# duration_ms 74.902625
▶ createAgentBrowserSchema
  ✔ exposes strict bounded vertical scroll branches without enabling input actions (1.940125ms)
  ✔ explains the evaluate restrictions and their supported alternatives before invocation (0.2555ms)
✔ createAgentBrowserSchema (2.947125ms)
▶ AgentConfiguration
  ✔ projects code-owned tools and permissions while injecting workload compaction (1.247292ms)
  ✔ binds metadata collection to the curator workload and explicit staging capabilities (0.108833ms)
  ✔ registers playlist import as an independent least-privilege use case (0.079208ms)
✔ AgentConfiguration (1.808875ms)
▶ AgentExecution
  ✔ runs the persistence hook before the runtime can commit its bootstrap observation (9.644542ms)
  ✔ opens one runtime session and delegates ten operations without a loop or second queue (7.013ms)
  ✔ authorizes and records Pi native tools without persisting their output (3.102458ms)
  ✔ fails closed when a Pi native tool lacks a frozen capability grant (3.697791ms)
  ✔ restores a normal checkpoint without reading ExecutionHistory (1.844292ms)
  ✔ rebuilds only for typed checkpoint corruption and only once per generation (4.376709ms)
  ✔ releases runtime resources without closing the durable run (2.024834ms)
  ✔ closes a durable run after its runtime was already released (2.904917ms)
✔ AgentExecution (35.876375ms)
✔ preserves newer product log references when aborting after a domain-only state update (1.24975ms)
✔ preserves append-only plugin history during checkpoint recovery: success (16.191958ms)
✔ preserves append-only plugin history during checkpoint recovery: hash-failure (10.820833ms)
✔ preserves append-only plugin history during checkpoint recovery: rebuild-failure (10.45425ms)
✔ preserves append-only plugin history during checkpoint recovery: unreconciled-tool (18.348417ms)
▶ AgentRunStore
  ✔ returns every durable non-closed run so each use case can apply its recovery policy (9.863375ms)
  ✔ persists a frozen config without serializing credentials or functions (0.791333ms)
  ✔ encrypts recovery payloads and fails closed on integrity damage (1.227417ms)
  ✔ accepts an idempotent operation once and settles only named command ids (0.918875ms)
  ✔ keeps repeated product events from the same operation in append order (0.73825ms)
  ✔ does not overwrite a terminal runtime fault when the runtime subsequently settles (0.540625ms)
  ✔ allows one rebuild attempt per recovery generation (0.692875ms)
  ✔ records artifact refs in the product journal and fails closed on damaged refs (2.056875ms)
✔ AgentRunStore (17.578416ms)
▶ Agent product journal pagination
  ✔ reads the last cursor through the run/seq index without parsing any payload in a 100k journal (175.117667ms)
  ✔ pages with a strict size cap and no cross-run, duplicate or skipped events despite sequence gaps (52.796125ms)
✔ Agent product journal pagination (228.063833ms)
▶ Agent recovery enumeration
  ✔ filters use case and status before parsing, lazily loads one product, and releases temporary ID pages (104.052125ms)
  ✔ keeps the original recovery order across pages while timestamps change and excludes runs created mid-iteration (22.263125ms)
  ✔ drops the temporary snapshot if an owned payload cannot be parsed (0.538333ms)
✔ Agent recovery enumeration (126.934417ms)
▶ cache affinity
  ✔ is stable, role-separated and does not expose source identifiers (0.9795ms)
✔ cache affinity (1.370042ms)
▶ resolveEffectiveMaxTokens
  ✔ uses the model maximum when the preset limit is zero (0.352958ms)
  ✔ uses the lower positive limit (0.0575ms)
  ✔ rejects invalid limits instead of forwarding zero to the provider (0.229583ms)
  ✔ restores a zero sentinel as one frozen positive provider limit (0.1415ms)
  ✔ resolves live models only by workload (0.527459ms)
✔ resolveEffectiveMaxTokens (1.76325ms)
▶ ModelInvocation
  ✔ uses injected frozen verifier access and forwards preset limits and cancellation (2.183333ms)
✔ ModelInvocation (2.917084ms)
▶ ModelManagementModule
  ✔ builds the migration backup from a strict non-secret provider whitelist (1.326125ms)
  ✔ migrates released settings once and then reads the same v2 revision (34.06775ms)
  ✔ fails closed for an invalid v2 document (0.23075ms)
  ✔ fails closed for malformed nested v2 data and embedding catalog entries (1.142042ms)
  ✔ saving a provider never changes workload assignments (24.872375ms)
  ✔ refreshes protocol-derived model metadata when a connection contract changes (4.203666ms)
  ✔ never exposes credentials or Base URL query secrets in renderer snapshots (5.297875ms)
  ✔ changing the default affects inherited workloads but preserves an explicit plugin model (7.0035ms)
  ✔ freezes the workload context limit into resolved model access (4.710291ms)
  ✔ rejects removing an in-use model and reports the exact workload (6.447459ms)
  ✔ restores the previous credential when configuration persistence fails (1.122ms)
  ✔ does not touch credentials or storage on a stale revision (0.780083ms)
  ✔ keeps discovery ephemeral and reset removes manual overrides (2.829958ms)
  ✔ rejects non-tool Agent models and unsupported long cache (2.959291ms)
✔ ModelManagementModule (97.942916ms)
▶ ToolHost
  ✔ records capability denials before failing closed (11.873541ms)
  ✔ requires a one-use approval permit for install effects (2.027125ms)
  ✔ stores only bounded hashes for tool output and errors (0.730291ms)
  ✔ approves only the selected request when multiple approvals are pending (0.845334ms)
  ✔ keeps only the latest pending approval for single-card product flows (0.721583ms)
  ✔ revokes a persisted approval when the continuation dispatch fails (0.873416ms)
  ✔ discards pending and approved permits during terminal cleanup (1.953458ms)
  ✔ binds an approval permit to mutable domain scope as well as visible tool args (2.345625ms)
  ✔ serializes calls sharing a resource without scheduling batches (37.624209ms)
  ✔ marks interrupted writes uncertain and blocks callbacks after waiting or terminal state (2.526042ms)
  ✔ does not start an unkeyed handler when its signal is already aborted (1.871209ms)
  ✔ enforces deadlines even when a handler ignores AbortSignal (24.536458ms)
  ✔ does not let a late handler result overwrite an uncertain timeout (24.357958ms)
  ✔ keeps the resource locked until a timed-out non-cooperative handler really settles (64.909709ms)
  ✔ keeps a queued cancellation from letting a third call bypass the active resource holder (11.531958ms)
✔ ToolHost (189.649875ms)
▶ PiRuntime contract
  ✔ allows workspace reads and dev notes but keeps host-owned facts read-only (2.06875ms)
  ✔ loads only frozen workspace Skills and exposes the selected Pi native file tools (2634.988833ms)
  ✔ rejects a workspace Skill that differs from the frozen run configuration (3.217417ms)
  ✔ keeps one long-lived session for ten turns with controlled resources and stable affinity (67.366083ms)
  ✔ keeps the run healthy when Pi recovers from a transient provider error (26.584667ms)
  ✔ emits one terminal runtime fault after provider retries are exhausted (16.249ms)
  ✔ does not turn a user-cancelled provider retry into a runtime fault (9.76425ms)
  ✔ exposes only the resolved custom allowlist and crosses the durable tool-result barrier (12.896125ms)
  ✔ releases the runtime after durable persistence fails during a tool call (9.331667ms)
  ✔ honors a terminating control result even when the domain tool reports failure (14.786ms)
  ✔ starts a new turn when a follow-up is dispatched after a terminating handoff settled (13.760542ms)
  ✔ does not compact or inject a host recovery prompt after a length stop (14.158208ms)
  ✔ does not start a host continuation after the model-turn budget stops the operation (31.456042ms)
  ✔ enforces the configured per-operation model-turn budget (9.834166ms)
✔ PiRuntime contract (2867.519583ms)
✔ counts the same all-gender avatar targets without projecting profiles or joining works (15.763709ms)
✔ pages a fixed target set and bounds labels after live insert, delete and rename (166.971959ms)
✔ handles empty sets and connection closure without recreating a database (9.871584ms)
✔ rolls back the temporary table if snapshot population fails (14.239458ms)
✔ returns only target identity in ID order without counting works with all path and gender semantics (21.531333ms)
✔ matches merge gender and owned search semantics while paging by full name (32.358625ms)
✔ counts each visible video once across overlapping libraries and excludes hidden/archived/orphaned videos (16.215875ms)
✔ counts only returned candidates, excluding lookahead, and skips counts for an empty page (14.220834ms)
✔ keeps candidate rows and counts on the same snapshot when another connection writes (15.137625ms)
✔ bounds labels/avatars and validates inputs and missing keep actors (20.552042ms)
✔ pages narrow labels from 10000 actors without catalog statistics or profile data (170.004792ms)
✔ preserves owned-name search matching and includes all genders (11.45025ms)
✔ sorts full names before shortening labels and bounds escaped JSON payloads (19.965708ms)
✔ rejects invalid limits, offsets and overlong search before reading (10.48875ms)
✔ bounds labels containing embedded NUL without losing the valid prefix (17.454917ms)
✔ keeps a full page below512KiB even with worst-case JSON escaping (11.837084ms)
✔ reads current picker identity by ID without hydrating actor works or profile (17.206708ms)
▶ actressRepo actress name ownership
  ✔ changes the main-name row and ownership together when an actress is renamed (16.269583ms)
  ✔ keeps ownership while another name type still declares the same normalized name (9.42675ms)
  ✔ rolls back the complete manual edit when any declared name has another owner (16.8575ms)
  ✔ rolls back profile changes and compensates new avatar files when the database write fails (22.755917ms)
✔ actressRepo actress name ownership (65.998208ms)
▶ actressRepo.listActresses
  ✔ excludes migrated pending names from search and exact identity lookup (9.289209ms)
  ✔ does not match a replaced main name that is not kept as an explicit alias (7.90225ms)
  ✔ matches main name, alias, and typed names (9.420042ms)
  ✔ treats SQL LIKE metacharacters as literal search text (8.673416ms)
  ✔ ignores stored names that are not visible name types (10.324292ms)
  ✔ sorts by video count descending by default (8.396ms)
  ✔ projects only videos that remain reachable through an active visible library membership (8.863542ms)
✔ actressRepo.listActresses (63.130333ms)
▶ actressRepo.listActressPage
  ✔ returns a stable slice with the total number of matching actresses (8.217459ms)
  ✔ pages an explicit renderer-session actress subset with complete totals (7.127375ms)
  ✔ returns the cumulative status of every actress with per-status counts (7.922583ms)
  ✔ filters by each status while keeping the counts of the unfiltered scope (17.668167ms)
  ✔ combines the status filter with search, gender and sort (16.843666ms)
  ✔ counts statuses within the current search and gender scope (8.783333ms)
  ✔ treats a missing status as all statuses (8.888208ms)
  ✔ keeps avatar file health outside the pure database query (9.548416ms)
  ✔ does not derive avatar fingerprints during a database list query (8.758292ms)
  ✔ returns minimal avatar path candidates without inspecting files (6.79375ms)
✔ actressRepo.listActressPage (100.813875ms)
▶ actressRepo.clearActressMetadataRecord
  ✔ clears scraped profile fields while keeping main name and video links (8.514125ms)
  ✔ clears non-name metadata without claiming a migrated pending main name (7.46225ms)
  ✔ resets every cumulative state to unscraped and drops the success time (9.316166ms)
  ✔ keeps related links when clearing actress metadata (10.379917ms)
✔ actressRepo.clearActressMetadataRecord (35.772833ms)
▶ actress related links
  ✔ stores related links on an actress and returns them on detail (10.720917ms)
  ✔ unions related links on merge with the keeper first (11.968833ms)
✔ actress related links (22.749333ms)
▶ actressRepo.deleteUnlinkedActresses
  ✔ deletes every selected unlinked actress and returns its stored assets for cleanup (10.368167ms)
  ✔ rejects the whole batch when any selected actress still has a linked video (9.099167ms)
✔ actressRepo.deleteUnlinkedActresses (19.528792ms)
▶ actressRepo.mergeActresses
  ✔ merges videos, aliases, and gallery into the keeper (13.562875ms)
  ✔ rejects merging actresses with different genders (8.814625ms)
  ✔ can adopt the merged actress main name (8.446792ms)
  ✔ rolls back the whole merge when final main-name reconstruction fails (11.018625ms)
  ✔ rolls back the whole merge when alias reconstruction fails (9.304625ms)
  ✔ rejects the whole merge when any resulting name belongs to a third actress (10.063959ms)
  ✔ rejects the whole merge when the selected final main name belongs to a third actress (8.52ms)
  ✔ resolves a migrated pending name claimed only by the two merged actresses (10.626333ms)
  ✔ preserves existing aliases without reapplying scraped-value heuristics (11.16575ms)
  ✔ deletes unusable keeper avatar assets after adopting the merged actress avatar (14.224833ms)
  ✔ keeps 未刮削 when merging 未刮削 into 未刮削 (8.550417ms)
  ✔ keeps 刮削失败 when merging 刮削失败 into 未刮削 (8.208916ms)
  ✔ keeps 刮削成功 when merging 刮削成功 into 未刮削 (8.430416ms)
  ✔ keeps 刮削失败 when merging 未刮削 into 刮削失败 (7.738625ms)
  ✔ keeps 刮削失败 when merging 刮削失败 into 刮削失败 (8.195334ms)
  ✔ keeps 刮削成功 when merging 刮削成功 into 刮削失败 (7.796542ms)
  ✔ keeps 刮削成功 when merging 未刮削 into 刮削成功 (8.974416ms)
  ✔ keeps 刮削成功 when merging 刮削失败 into 刮削成功 (7.403625ms)
  ✔ keeps 刮削成功 when merging 刮削成功 into 刮削成功 (10.416041ms)
  ✔ keeps the newer success time when the keeper succeeded more recently (7.9565ms)
  ✔ ignores a success time left on a record that is not scraped successfully (9.671708ms)
✔ actressRepo.mergeActresses (199.635334ms)
▶ actressRepo.listActressesForBatchScrape
  ✔ filters by scope and missing fields (9.947583ms)
  ✔ filters actresses by cumulative scrape status (7.993917ms)
  ✔ combines gender and scrape status filters (8.2875ms)
  ✔ matches actresses missing any selected profile field (9.411791ms)
  ✔ limits batch targets to the explicitly selected actress ids (8.658708ms)
✔ actressRepo.listActressesForBatchScrape (44.4305ms)
▶ actressRepo.resolveEffectiveActressScrapeFields
  ✔ fillEmpty keeps only currently missing fields (7.156292ms)
  ✔ fillEmpty treats broken avatar files as missing without mutating during planning (7.338958ms)
✔ actressRepo.resolveEffectiveActressScrapeFields (14.557167ms)
▶ actressRepo.clearBrokenActressAvatarIfNeeded
  ✔ includes broken avatars in batch missing-avatar targets (10.822125ms)
  ✔ clears broken avatar source and crop while keeping a usable display avatar (11.8255ms)
✔ actressRepo.clearBrokenActressAvatarIfNeeded (22.706833ms)
▶ actressRepo.getActressAvatarSourceInfo
  ✔ uses a legacy display avatar as the source without renderer fetch (7.551125ms)
  ✔ prefers the saved original source after an avatar bundle is created (10.299042ms)
✔ actressRepo.getActressAvatarSourceInfo (17.922042ms)
▶ actressRepo.setActressAvatarBundle
  ✔ persists avatar source, display, and crop; recrops without replacing the source (15.430083ms)
  ✔ adopts recognized legacy image bytes when native dimension probing is unavailable (15.0065ms)
  ✔ repairs an existing source whose stored extension does not match its bytes (10.133417ms)
  ✔ rejects invalid display bytes before writing the avatar bundle (9.444167ms)
  ✔ keeps source paths distinct for equal-length Chinese names with identical bytes (15.764375ms)
✔ actressRepo.setActressAvatarBundle (65.89875ms)
▶ actressRepo cumulative scrape status
  ✔ keeps an actress created by video scraping unscraped and exposes the status in detail (17.823375ms)
✔ actressRepo cumulative scrape status (17.8745ms)
▶ actressRepo cumulative scrape status maintenance invariants
  ✔ keeps 未刮削 and its success time through manual maintenance (13.367666ms)
  ✔ keeps 刮削成功 and its success time through manual maintenance (33.48ms)
  ✔ keeps 刮削失败 and its success time through manual maintenance (10.743209ms)
✔ actressRepo cumulative scrape status maintenance invariants (57.783458ms)
▶ actressRepo.upsertActressFromScrape avatar adopt
  ✔ adopts a downloaded avatar into source+display+crop and drops the temp path (13.382584ms)
  ✔ gives equal-length Chinese names distinct avatar files from the same download bytes (16.651708ms)
  ✔ does not replace an existing usable avatar (17.56825ms)
✔ actressRepo.upsertActressFromScrape avatar adopt (47.707458ms)
▶ actressRepo.backfillActressGalleryAssetDimensions
  ✔ probes stored local files and fills missing gallery dimensions (9.226125ms)
✔ actressRepo.backfillActressGalleryAssetDimensions (9.322875ms)
▶ actressRepo query purity
  ✔ does not change database rows or stored resources when listing and reading details (11.096584ms)
✔ actressRepo query purity (11.148417ms)
▶ actressRepo.posterPath
  ✔ clears the poster when the referenced gallery image is deleted (15.350542ms)
✔ actressRepo.posterPath (15.390083ms)
▶ actressRepo.replaceActressGalleryAssets
  ✔ keeps local paths that remain in the replaced asset set (12.081083ms)
✔ actressRepo.replaceActressGalleryAssets (12.115041ms)
▶ actressRepo.recordActressScrapeFailure
  ✔ records failure without writing a success time or changing profile fields (13.201583ms)
✔ actressRepo.recordActressScrapeFailure (13.237083ms)
▶ actressRepo.markActressScrapeSucceeded
  ✔ promotes an unscraped actress and stamps the missing success time (11.580167ms)
  ✔ promotes a failed actress and stamps the missing success time (9.470875ms)
  ✔ keeps an existing success time instead of restamping it (13.25ms)
  ✔ stamps a success time over a blank stored time (12.609625ms)
  ✔ rejects marking an actress that does not exist (6.983375ms)
✔ actressRepo.markActressScrapeSucceeded (54.028125ms)
▶ actressRepo.applyActressScrapeResult
  ✔ keeps every selected field plan aligned with the replace database result (13.3995ms)
  ✔ keeps every selected field plan aligned with the fillEmpty database result (15.661125ms)
  ✔ keeps every selected field plan aligned with the replaceIfPresent database result (14.365667ms)
  ✔ does not backfill gallery metadata while building a read-only plan (9.886041ms)
  ✔ plans and applies a fillEmpty avatar over a broken stored path consistently (10.277041ms)
  ✔ previews replace clears without changing the actress or deleting assets (8.338416ms)
  ✔ does not claim a scrape was applied when every returned alias is unusable (7.269916ms)
  ✔ rolls back profile data and cumulative success when gallery persistence fails (8.200042ms)
  ✔ skips invalid downloaded avatars while applying other profile fields (8.236958ms)
  ✔ replace keeps manual crop when scraped avatar bytes match existing source (8.875417ms)
  ✔ replace adopts a new avatar when scraped bytes differ from existing source (9.757167ms)
  ✔ replace clears an existing avatar when the source returns no avatar (8.080875ms)
  ✔ replace preserves an existing avatar when a returned avatar fails to download (8.648208ms)
  ✔ fillEmpty preserves existing measurement values while filling missing ones (8.899041ms)
  ✔ replaceIfPresent updates existing profile values while preserving null scrape results (8.682375ms)
  ✔ replace clears every selected non-avatar field when the matched source returns no values (8.309625ms)
  ✔ replaceIfPresent rejects all fields when every returned alias conflicts (7.310625ms)
  ✔ fillEmpty does not report success when measurements only repeat a filled component (11.321167ms)
  ✔ rejects the whole scraped result when any alias has another owner (9.81ms)
  ✔ treats canonically equivalent scraped aliases as conflicts (7.403458ms)
✔ actressRepo.applyActressScrapeResult (193.248167ms)
✔ pages female test choices by full name and retains owned alias search without wide data (115.095ms)
✔ resolves the complete current runtime identity rather than its shortened display label (11.352125ms)
▶ AgentMetadataDraftRepo
  ✔ keeps one ready draft per target and returns superseded staging paths (13.180042ms)
  ✔ advances review revisions and stores an idempotent terminal outcome (7.697458ms)
  ✔ fails closed when a stored draft uses an unsupported adapter version (6.694542ms)
✔ AgentMetadataDraftRepo (28.455ms)
✔ detects local writes, external commits and connection replacement without changing schema (14.210042ms)
▶ home discovery repo
  ✔ returns one bounded status summary for every visible media library (16.397417ms)
  ✔ uses membership time for recent additions and deduplicates shared videos (7.503625ms)
  ✔ keeps a discovery batch stable until the seed changes (13.443417ms)
  ✔ does not recommend a membership that has no playable resource in an eligible library (9.311333ms)
  ✔ does not recommend a local-only membership whose media-library root is disabled (7.604333ms)
  ✔ excludes managed resources owned by pending-removal or archived roots (8.774ms)
  ✔ keeps rootless external links and active-root local or STRM resources eligible (6.581875ms)
  ✔ does not accept a managed resource whose root belongs to another library (5.372125ms)
  ✔ binds a shared recommendation to the source membership that has its playable resource (3.945708ms)
  ✔ searches globally without duplicates and honors an explicit library filter (5.853375ms)
  ✔ excludes libraries disabled for home discovery (4.690583ms)
  ✔ matches global ranking across cursor wrap, equal keys and hidden shared memberships (8004.57325ms)
  ✔ keeps large recent and discovery loads bounded and index-backed (48.001458ms)
  ✔ paginates a large global search without duplicates or per-row queries (53.507708ms)
✔ home discovery repo (8196.405333ms)
▶ libraryCleanup
  ✔ collects actress hints from a video (14.882166ms)
  ✔ prunes stub actresses after video links are removed (10.501541ms)
  ✔ does not prune an actress with meaningful profile data (12.907917ms)
  ✔ deletes tags that are no longer linked to any video (8.699291ms)
✔ libraryCleanup (47.730333ms)
▶ library membership repo
  ✔ creates an idempotent explicit membership with a stable discovery key (9.304875ms)
  ✔ removes only the selected library membership (3.829208ms)
  ✔ rejects archived or missing libraries (3.149166ms)
  ✔ recognizes only visible memberships in an active library surface (5.023542ms)
  ✔ does not automatically remove a resource-less membership referenced by a playlist (3.371375ms)
✔ library membership repo (25.674042ms)
▶ libraryScanRepo latest snapshot
  ✔ updates the pending path after a rename without rewriting the original scan audit (13.496875ms)
  ✔ returns summary, audit, and unrecognized files only from the requested library (11.833625ms)
  ✔ transactionally settles scan runs abandoned by the previous process (12.856084ms)
  ✔ releases archive and root-migration busy gates after restart recovery (15.714917ms)
  ✔ returns an empty snapshot before the first run and rejects an unknown library (7.061959ms)
✔ libraryScanRepo latest snapshot (61.501584ms)
▶ mediaLibraryRepo
  ✔ creates a library, typed config, and canonical root projection atomically (13.684042ms)
  ✔ projects pending scan counts once per library without multiplying across roots (17.031167ms)
  ✔ keeps library and config revisions independent and rejects stale writes (8.607125ms)
  ✔ rejects same, parent, child, and realpath-alias roots across active libraries (11.686042ms)
  ✔ lets disabled roots release paths and revalidates them before enabling (12.700916ms)
  ✔ preserves continuity-owned root identities while allowing empty roots to rebind (24.358875ms)
  ✔ rejects archived-library restore when any continuity-owned root changed identity (17.748416ms)
  ✔ rejects ordinary edits while a root is pending removal or archived (12.801166ms)
  ✔ requires explicit migration or cleanup before changing a root-owned path (14.79775ms)
  ✔ archives roots atomically, releases their paths, and rechecks on restore (8.705917ms)
  ✔ scopes local and STRM source identity while disabled and archived roots release paths (18.89875ms)
  ✔ protects the default library and refuses to archive pending root cleanup (13.576583ms)
  ✔ requires a non-default library to be archived before preview or permanent deletion (9.246708ms)
  ✔ deletes roots and non-default libraries using the current library revision (13.749666ms)
  ✔ blocks archiving and deletion while root cleanup is active (9.837083ms)
  ✔ blocks archiving and deletion while a scan run is active (9.198917ms)
  ✔ rejects a deletion preview made stale by global video lifecycle changes (16.478542ms)
  ✔ invalidates deletion impact when another library changes the exclusive-video count (13.100417ms)
  ✔ previews all owned data and permanently deletes only database ownership (20.348708ms)
  ✔ returns a frozen scan snapshot containing only active roots (12.414875ms)
  ✔ projects independently configured automatic scan state in stable library order (16.34725ms)
  ✔ accepts offline absolute roots but rejects relative paths and files (14.403083ms)
  ✔ does not let direct disabled-root deletion cascade diagnostic records (11.533875ms)
  ✔ atomically freezes the filesystem identity when an offline root first comes online (11.369ms)
  ✔ rejects scan-time identity binding for an identity-less root with resource ownership (11.225ms)
  ✔ rejects scan-time identity binding for an identity-less root with pending ownership (10.961792ms)
  ✔ rejects scan-time identity binding for an identity-less root with unrecognized ownership (10.190334ms)
  ✔ rejects activation of an identity-less disabled root with owned resources (13.207958ms)
  ✔ rejects restore of an identity-less archived root with owned resources (18.996916ms)
  ✔ rejects a newly-online alias of another active root without partially binding it (8.320667ms)
✔ mediaLibraryRepo (406.81225ms)
▶ media-library root migration repo
  ✔ previews and atomically migrates root-owned state without touching disk or global videos (10.490583ms)
  ✔ uses the shared availability-aware promotion rule within the source library and video (17.299959ms)
  ✔ rejects stale previews and rolls the entire migration back (7.537542ms)
  ✔ rejects resource or pending changes made after preview even when library revisions are unchanged (20.2205ms)
  ✔ moves terminal cleanup history to the replacement root during preview-confirmed migration (7.85525ms)
  ✔ rejects a stale migration preview when terminal cleanup history changes (7.626417ms)
  ✔ rolls back every dataset when a late migration write fails (15.210709ms)
  ✔ fails closed while either library has an active scan or cleanup job (8.062708ms)
  ✔ treats a failed legacy cleanup waiting marker as active work in preview and commit (6.822584ms)
  ✔ rejects target resource conflicts before mutation (5.854375ms)
  ✔ rejects target unrecognized-file conflicts before mutation (5.785208ms)
  ✔ rejects target pending-scan path conflicts during preview (5.619459ms)
  ✔ moves a disabled root without enabling it in the target library (6.775083ms)
✔ media-library root migration repo (126.166459ms)
▶ database schema
  ✔ adds STRM source identity without changing existing resource identity or link deduplication (13.788167ms)
  ✔ allows duplicate codes while enforcing complete video business identity (8.037042ms)
  ✔ upgrades video identity without changing ids, resources, or site sources (9.101625ms)
  ✔ leaves a v10 database untouched when normalized business identities conflict (1.111208ms)
  ✔ migrates legacy classification text into stable entities and retires legacy storage (15.053709ms)
  ✔ retires v8 text storage without changing video metadata, entity ids, or child resources (37.193833ms)
  ✔ stores classification profiles, hierarchy, roles, links, and video references (8.388875ms)
  ✔ rolls back the complete classification migration when entity creation fails (4.355792ms)
  ✔ rolls back classification entities when retiring legacy storage fails (6.255125ms)
  ✔ migrates uncontested names to ownership and preserves cross-actress collisions for review (25.374375ms)
  ✔ rolls back name ownership data and schema version when migration fails (10.662875ms)
  ✔ creates the current schema and records user_version (6.7295ms)
  ✔ migrates v6 video files to local resources without losing data (12.056167ms)
  ✔ migrates released v1 inline video files and removes the obsolete write constraint (18.384667ms)
  ✔ rejects databases newer than the supported schema version (0.961333ms)
  ✔ upgrades v1 actresses table with avatar source columns (6.14775ms)
  ✔ upgrades v2 actress names to one current primary name without removing visible names (6.291459ms)
  ✔ leaves current-version databases unchanged (0.269625ms)
  ✔ classifies v3 actresses only when a success time has actual profile evidence (8.517542ms)
  ✔ keeps the migrated classification unchanged when migration is run again (15.258625ms)
  ✔ rolls back the whole actress status migration when classification fails (1.4575ms)
✔ database schema (216.795875ms)
▶ V14 unreleased feature consolidation migration
  ✔ creates a fresh database with one active default media library (7.928334ms)
  ✔ upgrades released V13 data while keeping playlist import sessions out of the schema (7.852917ms)
  ✔ scopes pending path identity to each library in the final V14 schema (4.738833ms)
  ✔ enforces one primary per membership while archived sources can be adopted by another library (10.905541ms)
  ✔ rolls back V14 when released source paths normalize to the same identity (1.749708ms)
✔ V14 unreleased feature consolidation migration (33.778209ms)
▶ V15 local NFO import migration
  ✔ creates fresh V15 databases with automatic import enabled and identity constraints (5.782459ms)
  ✔ upgrades V14 rows, preserves the default, and enforces minimal pending identity snapshots (0.913708ms)
  ✔ rolls the migration back and leaves user_version at V14 on schema conflict (0.635083ms)
✔ V15 local NFO import migration (7.755917ms)
✔ adds the cleanup queue and later indexes when upgrading V15 and preserves old business data and damaged diagnostic state (8.983417ms)
✔ rolls back both DDL and version when V16 fails after table creation, then upgrades on retry (3.7805ms)
✔ upgrades V16 without changing any business rows or other schema and matches fresh V17 (29.550667ms)
✔ rolls back index DDL and version after drop failure, then retries (14.768208ms)
✔ rolls back index DDL and version after create failure, then retries (14.636125ms)
▶ getLibraryOverviewStats
  ✔ returns aggregate library counts (17.716875ms)
  ✔ counts actress cumulative status from scraped_status, not last_scraped_at (10.211959ms)
✔ getLibraryOverviewStats (28.671ms)
✔ scopes scan identities and groups while returning only requested IDs from a large catalog (73.337084ms)
▶ pending resource identity repository
  ✔ persists the minimum conflict snapshot while exposing only safe presentation fields (17.353417ms)
  ✔ upserts one conflict per library path and enforces revision when deleting (12.766041ms)
  ✔ rejects paths outside the root, equal identities, and malformed STRM snapshots (13.653541ms)
  ✔ removes missing conflicts only under roots proven accessible by a safe scan (11.372833ms)
✔ pending resource identity repository (56.038791ms)
✔ pages10k scan decisions in legacy order, scopes active libraries and exposes no resource snapshots (56.057042ms)
▶ pendingScanRepo media-library scope
  ✔ keeps same-code groups and resource lookups isolated between libraries (12.341917ms)
  ✔ allows the same normalized path in different libraries while deduplicating inside each library (12.667709ms)
  ✔ rejects a root or group that belongs to another library (11.103ms)
  ✔ increments revision on upsert and rejects a stale resolution atomically (14.755917ms)
  ✔ can assign the same global video in two libraries without crossing resources (17.648667ms)
  ✔ reconciles only selected roots in the selected library and bumps surviving groups (17.126708ms)
  ✔ refreshes a changed STRM snapshot and forces the caller to review the new revision (10.348083ms)
  ✔ moves an already-pending path to the new same-library code without leaving an empty group (7.96825ms)
  ✔ rolls back resources, memberships, and videos if final group deletion fails (9.549416ms)
✔ pendingScanRepo media-library scope (114.126958ms)
✔ counts a large pending inbox without decoding its snapshots and follows deletions (86.108042ms)
✔ pages a 10k inbox without materializing snapshots, locates deep links and clamps deleted pages (136.145208ms)
▶ playlistRepo
  ✔ paginates and filters identically to the full playlist without losing zero-resource rows (40.4385ms)
  ✔ limits a large playlist before returning card details (174.332ms)
  ✔ keeps metadata out of subsequent video-page queries (8.603666ms)
  ✔ creates playlists with required name and optional fields (10.489375ms)
  ✔ adds videos once per playlist and lists detail videos (7.470625ms)
  ✔ keeps playlist references visible across hidden, archived and missing memberships (9.868709ms)
  ✔ updates playlist metadata and custom cover (8.637208ms)
  ✔ reports video membership and removes videos (7.384416ms)
  ✔ allows one video in multiple playlists without duplicates in one playlist (9.085625ms)
  ✔ rejects blank playlist names (9.241583ms)
  ✔ stores related links on create and update (9.756792ms)
✔ playlistRepo (296.370042ms)
✔ opens a separate read-only WAL connection with matching SQL functions and no migration (12.59425ms)
✔ keeps a read snapshot while the writer commits and observes it on the next transaction (13.460542ms)
✔ rejects missing, old, newer and non-WAL catalogs without initializing or migrating them (2.773875ms)
✔ does not publish an unsuccessfully initialized writer and permits a subsequent valid initialization (6.918542ms)
▶ scoped video catalog repo
  ✔ keeps list resources and membership time inside one library (12.776833ms)
  ✔ loads detail from the injected database and projects only the active library resources (5.33425ms)
  ✔ deduplicates global results and selects the newest eligible membership (6.91925ms)
  ✔ interprets the none resource filter within the selected scope (5.603375ms)
  ✔ treats an archived media-library scope as unavailable (7.023916ms)
  ✔ rejects invalid scope ids before building SQL (5.081208ms)
  ✔ keeps fixed actor and tag filters unique across shared and hidden memberships (10.83875ms)
  ✔ normalizes a single active library and serves no-count pages with identical ordering (6.273375ms)
  ✔ uses bounded indexed queries for a large scoped page (24.543625ms)
✔ scoped video catalog repo (85.260542ms)
▶ tagRepo.pruneUnusedTags
  ✔ deletes tags with no video links and keeps tags still used by a video (13.93525ms)
✔ tagRepo.pruneUnusedTags (14.374042ms)
▶ tagRepo selected labels
  ✔ looks up only selected IDs through the tag primary key and omits deleted IDs (18.914833ms)
  ✔ bounds display labels and JSON bytes without changing full stored names (13.052791ms)
  ✔ rejects invalid or oversized requests and does no SQL work for an empty selection (7.689042ms)
✔ tagRepo selected labels (39.836875ms)
▶ tagRepo manual candidates
  ✔ pages alphabetically without counts and retains hidden/manual-only associations (26.608917ms)
  ✔ preserves Unicode/literal substring matching and searches beyond display truncation (7.8095ms)
  ✔ uses tag-key existence checks under skewed statistics and validates its work limits (15.204416ms)
✔ tagRepo manual candidates (49.793167ms)
▶ tagRepo active catalog projection
  ✔ matches manual association and visibility semantics before and after statistics maintenance (27.309209ms)
  ✔ deduplicates shared memberships and preserves manual origin and zero-count tags (9.9855ms)
  ✔ counts only videos that can be opened through the active visible catalog (7.853584ms)
✔ tagRepo active catalog projection (45.260416ms)
▶ tagRepo filter candidates
  ✔ paginates names before counts and matches global visibility counts with shared and archived members (15.971833ms)
  ✔ keeps Unicode literal search, bounded labels and page-only count parameters (38.293333ms)
✔ tagRepo filter candidates (54.341583ms)
▶ video lifecycle repo
  ✔ removes only one library membership and replays the same operation idempotently (9.414667ms)
  ✔ moves one external resource and keeps each library primary isolated (8.194667ms)
  ✔ promotes an available source fallback by kind and add time without crossing ownership scope (14.722416ms)
  ✔ rejects moving a local or STRM-managed source without transferring its root (6.664292ms)
  ✔ treats archived source libraries as read-only (3.068625ms)
  ✔ rejects a stale preview and globally deletes only after a fresh explicit preview (6.613667ms)
  ✔ invalidates a global-delete preview when any displayed relationship changes (3.839833ms)
✔ video lifecycle repo (53.447542ms)
▶ videoRepo.scrapeStatus
  ✔ does not downgrade an already scraped video when a later scrape fails (17.216375ms)
  ✔ can manually mark an unscraped or failed video as scraped (12.520917ms)
✔ videoRepo.scrapeStatus (30.15225ms)
▶ videoRepo.listVideos
  ✔ rejects attempts to restore classification text storage through generic updates (15.026667ms)
  ✔ sorts and paginates videos (8.546125ms)
  ✔ sorts facet videos by release date desc with missing dates last (11.610875ms)
  ✔ filters by status, year and facet fields (13.092042ms)
  ✔ applies multi-tag AND filters (7.404167ms)
  ✔ filters resource kinds with OR semantics and treats no-resource as zero rows (9.331166ms)
  ✔ projects resource count and primary-first deduplicated resource kinds (8.1485ms)
  ✔ searches videos by actress alias (12.355041ms)
  ✔ preserves SQL LIKE pattern matching in the video search actress branch (7.787042ms)
  ✔ excludes migrated pending actress names from video search (8.347833ms)
✔ videoRepo.listVideos (101.997167ms)
▶ videoRepo.getVideoDetail
  ✔ lists female cast before male cast (8.190334ms)
  ✔ includes external rating stats (8.550125ms)
✔ videoRepo.getVideoDetail (16.813417ms)
▶ videoRepo.setPrimaryVideoResource
  ✔ automatically marks the first resource as primary (8.267792ms)
  ✔ keeps the current primary when a requested primary insert is a duplicate (9.893959ms)
  ✔ marks one resource as primary and clears the previous primary (7.818ms)
✔ videoRepo.setPrimaryVideoResource (26.058833ms)
▶ videoRepo.posterPath
  ✔ clears the poster when the referenced sample is deleted (11.019958ms)
✔ videoRepo.posterPath (11.057542ms)
▶ videoRepo.listVideosForBatchScrape
  ✔ filters by scrape status (8.984292ms)
  ✔ can constrain batch targets to explicit selected video ids (7.66625ms)
  ✔ filters missing fields by stored path or link, not file health (9.863375ms)
✔ videoRepo.listVideosForBatchScrape (26.6075ms)
▶ videoRepo tags by origin
  ✔ orders scraped tags before manual tags in detail (8.178708ms)
  ✔ editVideoRecord only replaces scraped tags (10.794791ms)
  ✔ editVideoRecord drops unused scraped tags while keeping tags still used elsewhere (8.161ms)
  ✔ clearVideoMetadataRecord deletes unused scraped tags and keeps manual tags (11.435167ms)
  ✔ editVideoRecord replaces female and male cast separately (13.804083ms)
  ✔ removeManualVideoTag only removes manual tags (8.020125ms)
  ✔ removeManualVideoTag keeps tag when scraped associations remain (10.672958ms)
  ✔ promotes scraped tag to manual when adding the same name (10.81675ms)
✔ videoRepo tags by origin (82.070292ms)
▶ classification IPC contract
  ✔ registers every command and forwards typed arguments to the public services (1.241084ms)
✔ classification IPC contract (1.562166ms)
▶ IPC path guards
  ✔ rejects a rename that contains a path component (0.931458ms)
  ✔ authorizes only files under the selected active root (2.591625ms)
  ✔ rejects a path when the persisted root has been replaced (1.659917ms)
  ✔ rejects a file that escapes a configured root through a symbolic link (1.176625ms)
✔ IPC path guards (7.032834ms)
▶ IPC sender security
  ✔ accepts the configured main window and main frame (0.478ms)
  ✔ rejects another webContents, a child frame, and an untrusted URL (0.265792ms)
  ✔ matches dev origins but requires the exact production file (0.076083ms)
✔ IPC sender security (1.166459ms)
▶ media-library IPC schemas
  ✔ accepts the complete default config sent by the create wizard, including local NFO import (1.896709ms)
  ✔ accepts boolean local NFO settings on update and rejects malformed values on both paths (0.732792ms)
  ✔ accepts exact management commands and rejects loose object shapes (1.03775ms)
  ✔ rejects invalid ids and revisions on every optimistic command shape (1.269792ms)
  ✔ strictly validates home discovery and global-search inputs (0.638791ms)
✔ media-library IPC schemas (6.050541ms)
▶ media-library IPC handlers
  ✔ registers the complete contract and forwards validated arguments (0.498167ms)
  ✔ rejects malformed calls before a dependency is invoked (0.313459ms)
  ✔ preserves root continuity domain errors across validated IPC handlers (0.134333ms)
✔ media-library IPC handlers (1.025458ms)
▶ NFO export IPC schemas
  ✔ accepts the complete closed plan request and rejects missing or extra state (2.6945ms)
✔ NFO export IPC schemas (3.417584ms)
▶ playlist import renderer lifecycle
  ✔ binds every recreated renderer once and cancels only on full navigation or loss (0.887709ms)
  ✔ cancels a non-terminal foreground import when its renderer disconnects (1.538583ms)
  ✔ leaves terminal imports untouched (0.222666ms)
✔ playlist import renderer lifecycle (3.517458ms)
▶ scan latest IPC handler
  ✔ validates libraryId and forwards the scoped latest snapshot (1.323584ms)
✔ scan latest IPC handler (1.687542ms)
✔ bounds the combined audit presence request and validates its library (0.806583ms)
✔ bounds scan pages and validates scoped detail and anchor inputs (0.869708ms)
▶ scrape IPC schemas
  ✔ strictly validates media-library-scoped video batch scrape commands (1.694791ms)
  ✔ validates the optional media-library scope on single-video scrape commands (0.171292ms)
✔ scrape IPC schemas (2.2325ms)
✔ bounds pending scrape pages and details at the IPC boundary (0.433333ms)
✔ bounds audit pending presence lookups (0.303584ms)
✔ validates token and safe nonnegative avatar snapshot cursor (0.150333ms)
✔ validates manual tag candidate bounds and existing-tag identities (1.860959ms)
✔ bounds selected tag label IPC requests before repository access (0.7035ms)
▶ typed IPC adapter
  ✔ does not expose the legacy unreviewed video deletion command (0.434084ms)
  ✔ forwards command arguments and returns the application result (0.270291ms)
  ✔ rejects malformed arguments before invoking the application handler (0.2755ms)
  ✔ accepts link-resource updates without an import-only target (0.29875ms)
  ✔ only accepts metadata retention when removing a last video resource (0.065666ms)
  ✔ accepts one exact plugin approval decision and rejects malformed decisions (0.258291ms)
  ✔ accepts only explicit plugin continuation kinds (0.0955ms)
  ✔ accepts only typed plugin user responses with request-bound actions (0.586042ms)
  ✔ accepts plugin history clearing only without renderer-supplied run ids (0.111458ms)
  ✔ accepts unrecoverable plugin-session discard only without renderer-supplied run ids (0.056416ms)
  ✔ keeps legacy model limits out of the generic settings mutation contract (0.286125ms)
  ✔ validates playlist import start and identity controls at the IPC boundary (0.510083ms)
  ✔ requires the path-removal impact revision at the settings boundary (0.112541ms)
  ✔ accepts only the structured model-management command vocabulary (0.439709ms)
  ✔ serializes successful results and thrown errors (0.677125ms)
  ✔ sends the contracted event payload unchanged (0.079791ms)
✔ typed IPC adapter (5.028708ms)
✔ bounds actress conflict summary pages and keeps detail identities exact (0.194375ms)
✔ validates bounded actress picker requests (0.1465ms)
✔ validates narrow actress identity IDs (0.067958ms)
✔ validates merge candidate paging and keep identity (0.155209ms)
✔ accepts only zero arguments for avatar crop count (0.022666ms)
✔ accepts only zero arguments for avatar crop target enumeration (0.02075ms)
✔ validates plugin actress test picker bounds and identities (0.127417ms)
▶ video query IPC schemas
  ✔ accepts and normalizes a complete list query at every VideoQuery boundary (1.819416ms)
  ✔ rejects malformed fields consistently for lists and global search (2.167042ms)
  ✔ strictly validates catalog scopes and video detail identifiers (0.472292ms)
✔ video query IPC schemas (4.878375ms)
▶ main window asset paths
  ✔ resolves preload and renderer from the app root when appMain is emitted as a chunk (0.377917ms)
✔ main window asset paths (0.711917ms)
▶ LocalNfoSourceAdapter
  ✔ reads its own exported samples with a separate background (portable-v1) (9.533833ms)
  ✔ reads its own exported samples with a separate background (jellyfin-current) (7.721292ms)
  ✔ reads its own exported samples with a separate background (emby-kodi-conservative) (3.047791ms)
  ✔ reads its own exported samples with a separate background (plex-nfo-1.43.1+) (4.207542ms)
  ✔ reads its own exported samples with a separate background (infuse-current) (4.593416ms)
  ✔ keeps explicit and discovered samples scoped to their video in a shared directory (4.367291ms)
  ✔ collects one candidate per physical NFO with local asset capabilities and no paths (3.659875ms)
  ✔ uses explicit gender, then existing actor gender, then dialect default (0.872208ms)
  ✔ keeps actress avatar positions aligned after gender field projection (1.062792ms)
  ✔ reads legacy and Kodi actor filenames and follows explicit references for repeated spaces (3.816833ms)
  ✔ treats no sidecar as a quiet no-match and excludes mismatched NFO identity (0.680625ms)
✔ LocalNfoSourceAdapter (44.267083ms)
▶ videoMetadataCandidateStager
  ✔ stages remote and managed-root assets without persisting host paths (10.964041ms)
✔ videoMetadataCandidateStager (11.751459ms)
▶ WebScraperSourceAdapter
  ✔ passes the stored code to legacy plugins unchanged while comparing normalized identities (1.344708ms)
  ✔ collects exact candidates with declared remote assets and source evidence (1.99475ms)
✔ WebScraperSourceAdapter (4.005708ms)
▶ VideoMetadataSourceRegistry
  ✔ resolves stable source ids while preserving legacy plugin-name lookup (0.675708ms)
✔ VideoMetadataSourceRegistry (0.805792ms)
✔ exports oriented/cropped artwork with the shipped Electron codec and encrypted asset store (474.934666ms)
▶ NfoExportModule
  ✔ inspects each plan anchor once and reuses the returned canonical directory (10.650709ms)
  ﹣ accepts alternate Windows path spellings for the same physical export directory (0.100083ms) # Windows path aliases are case-insensitive
  ✔ reads selected images linearly and isolates assets that fail or change after planning (397.86275ms)
  ✔ shares identical actor avatars across videos and removes references to conflicting content (43.834167ms)
  ✔ plans without writing and applies an exact-stem NFO plus portable cover (18.105458ms)
  ✔ keeps the default skip policy and rejects a changed target under replace (12.712959ms)
  ✔ marks every planned file stale when source metadata changes (0.98ms)
  ✔ exports a local STRM source anchor and counts resources without anchors separately (0.720041ms)
  ✔ terminates only between files and leaves completed atomic writes intact (10.216375ms)
  ✔ isolates an image conversion failure from the NFO write (9.775875ms)
  ✔ reports an atomic write failure per item and continues later files (2.654166ms)
  ✔ exports samples as separate attachments and reads them back without background images (54.13475ms)
  ✔ marks colliding sanitized actor avatar targets and omits ambiguous NFO references (16.733875ms)
  ✔ treats case, Unicode and space-to-underscore actor targets as collisions (1.279875ms)
  ✔ makes Windows device actor names portable before planning their target (1.691625ms)
  ✔ keeps unreadable selected images as unavailable plan items without blocking NFO (10.0695ms)
  ✔ warns about requested missing artwork, avatars, and populated fields omitted by a profile (1.760416ms)
  ✔ uses the video stem itself for Infuse cover output and local reference (16.942ms)
  ✔ plans each physical resource, deduplicates identical targets, and warns only on same-directory identity collisions (3.428042ms)
  ✔ reports real read-only directory failures without leaving temporary files (2.787542ms)
  ✔ rejects a sample-directory symlink introduced after planning (17.647583ms)
  ✔ does not fingerprint a nested export target through a pre-existing symlink (2.57625ms)
  ✔ revalidates a skip target parent before following a newly introduced symlink (20.609708ms)
  ✔ creates consumer-readable sidecars and preserves an existing target mode on replace (19.035667ms)
✔ NfoExportModule (678.063791ms)
▶ NFO export profiles
  ✔ renders all public profiles as valid movie XML without database identities (9.422708ms)
  ✔ applies profile-specific conservative fields and keeps background separate from samples (3.7015ms)
  ✔ canonicalizes and deduplicates Plex rating source aliases (1.096792ms)
  ✔ reports populated fields that the selected profile cannot represent (0.1125ms)
✔ NFO export profiles (15.49725ms)
▶ SqliteNfoExportRepository
  ✔ projects exportable metadata while excluding personal rating and watch state (28.054709ms)
✔ SqliteNfoExportRepository (28.402833ms)
▶ NFO export renderer diagnostics
  ✔ redacts POSIX and Windows absolute paths while preserving the reason (1.720042ms)
✔ NFO export renderer diagnostics (2.753334ms)
▶ NfoExportTaskController
  ✔ keeps planning leases until an asynchronous plan settles, including disposal and failures (1.165791ms)
  ✔ holds both leases from plan through apply and releases them at terminal state (3.257208ms)
  ✔ releases leases when a plan is discarded or planning fails (0.411416ms)
  ✔ requests termination and waits for apply before process disposal releases leases (0.725458ms)
  ✔ does not acquire an asset lease when another maintenance task owns the gate (0.544042ms)
✔ NfoExportTaskController (6.841333ms)
▶ NFO export main-window guard
  ✔ binds recreated windows and disposes a foreground task when their renderer is lost (0.435333ms)
  ✔ prevents navigation while a plan or task owns the foreground (0.120917ms)
  ✔ keeps the window open during a running export but allows the coordinated quit path (0.06475ms)
  ✔ releases a held preview plan and allows navigation instead of treating it as a running task (0.064875ms)
✔ NFO export main-window guard (1.114333ms)
▶ NFO artifact codec
  ✔ accepts the four synthetic third-party dialect fixtures (5.946542ms)
  ✔ round-trips five canonical Javdex fixtures with stable UTF-8 and LF output (3.706292ms)
  ✔ normalizes the MDC dialect and prefers structured ratings over its scalar duplicate (0.315625ms)
  ✔ normalizes MDCx, Javinizer, and JavSP field variants (0.277792ms)
  ✔ reports unknown legal tags and remote artwork without retaining remote URLs as assets (0.161792ms)
  ✔ rejects DTD, entities, oversized input, excessive depth, node count, and field size (18.992167ms)
✔ NFO artifact codec (29.976791ms)
▶ NFO sidecar locator
  ✔ prefers exact stem and reports a differing movie.nfo without exposing either path (9.369083ms)
  ✔ uses movie.nfo only for one anchor or one logical code and rejects mixed directories (4.114542ms)
  ✔ deduplicates physical sidecars and rejects symlink escapes at issue and read time (12.275958ms)
✔ NFO sidecar locator (26.190583ms)
▶ parseCode
  ✔ parses standard codes (1.071375ms)
  ✔ parses 規格品番 ADV-R and ADV-SR (0.064125ms)
  ✔ does not mis-parse ADV-R0484 as R0-484 (0.046458ms)
  ✔ parses FC2 and Heyzo (0.041667ms)
  ✔ parses DMM h_ prefix (0.032917ms)
  ✔ parses date-based uncensored ids (0.027958ms)
  ✔ extracts code after @ in filename (0.030458ms)
  ✔ returns null for noise-only names (0.034417ms)
  ✔ rejects no-hyphen and short-prefix patterns (0.050208ms)
✔ parseCode (1.848ms)
▶ libraryScanAuditStore
  ✔ atomically replaces and restores the complete latest audit (9.845833ms)
  ✔ fails closed for malformed audit documents (4.080084ms)
  ✔ reads schema 2 NFO dispositions while retaining schema 1 compatibility (8.033542ms)
✔ libraryScanAuditStore (22.58075ms)
▶ ScanCoordinator
  ✔ coalesces display progress while preserving per-file callbacks and the final event (17.929792ms)
  ✔ flushes pending progress before a failure without delaying the failure event (0.501166ms)
  ✔ binds an offline-created root identity and refreshes the frozen snapshot before scanning (0.715916ms)
  ✔ persists matching complete audit details with the latest summary (0.2525ms)
  ✔ publishes scan lifecycle events for every trigger (0.176708ms)
  ✔ uses one frozen configuration snapshot for the complete run (0.147709ms)
  ✔ reconciles resource identity pending rows only under roots proven safe after traversal (0.205083ms)
  ✔ preserves offline roots and removes only missing local resources under accessible roots (0.486917ms)
  ✔ aborts cleanup when a local path cannot be audited (0.498792ms)
  ✔ treats a root that becomes unreadable after traversal as offline (0.384208ms)
  ✔ rechecks the frozen root identity immediately before cleanup writes (0.3205ms)
  ✔ does not run cleanup after cancellation and releases the mutual-exclusion lease (2.13525ms)
  ✔ keeps resources after a coordinator-level failure (0.161083ms)
  ✔ skips every destructive cleanup after a file processing failure (0.085958ms)
  ✔ replaces the unrecognized-file snapshot after every safe completed scan (0.124333ms)
  ✔ completes safe cleanup with errors when failures are isolated to STRM files (0.124917ms)
  ✔ consumes deferred path cleanup only after a successful uncancelled scan (0.071875ms)
  ✔ keeps deferred path cleanup queued after a partial folder scan (0.081375ms)
  ✔ allows a full cleanup-only scan after the final configured folder was removed (0.054292ms)
  ✔ preserves all three cleanup audit sequences above the argument limit (333.203041ms)
  ✔ removes resource-less memberships after deferred cleanup on a safe full scan (0.330625ms)
  ✔ persists a sanitized failed summary without running destructive cleanup (0.204834ms)
  ✔ rolls back resource cleanup and keeps pending roots when auto-delete fails (0.140167ms)
  ✔ keeps pending roots when the cleanup transaction cannot commit (0.115375ms)
  ✔ rejects duplicate scans and scans blocked by resource maintenance (8.103ms)
✔ ScanCoordinator (367.517375ms)
▶ scanFolders
  ✔ rejects an archived library atomically when manual import resumes after probing (13.598458ms)
  ✔ rejects manual import when the root is physically replaced while duration probing is suspended (8.284292ms)
Scan error for /var/folders/h4/zxrt6zwx6dv1n16kwxzltqgh0000gn/T/javdex-scan-zq8Fui/scan-replaced-root/RACE-003.mp4 Error: 只能操作身份有效的启用媒体库根目录内文件
    at rejectManagedRootFile (/Users/nut/Project/JavdexLabs/Javdex/src/main/services/mediaLibraryRootFileGuard.ts:32:9)
    at requireCurrentRootIdentity (/Users/nut/Project/JavdexLabs/Javdex/src/main/services/mediaLibraryRootFileGuard.ts:86:5)
    at assertRootFile (/Users/nut/Project/JavdexLabs/Javdex/src/main/services/mediaLibraryRootFileGuard.ts:98:27)
    at assertMediaLibraryRootFile (/Users/nut/Project/JavdexLabs/Javdex/src/main/services/mediaLibraryRootFileGuard.ts:170:3)
    at authorizeMediaLibraryRootFile (/Users/nut/Project/JavdexLabs/Javdex/src/main/services/mediaLibraryRootFileGuard.ts:230:3)
    at authorizeFileWrite (/Users/nut/Project/JavdexLabs/Javdex/src/main/scanner/scanner.ts:656:7)
    at scanFolders (/Users/nut/Project/JavdexLabs/Javdex/src/main/scanner/scanner.ts:1142:7)
    at async TestContext.<anonymous> (/Users/nut/Project/JavdexLabs/Javdex/src/main/scanner/scanner.test.ts:447:20)
    at async Test.run (node:internal/test_runner/test:1332:7)
    at async Suite.processPendingSubtests (node:internal/test_runner/test:911:7)
  ✔ keeps scan state unchanged when a frozen root is physically replaced during probing (16.098166ms)
Scan error for /var/folders/h4/zxrt6zwx6dv1n16kwxzltqgh0000gn/T/javdex-scan-XWN1OR/rename-import-replaced-root/RACE-004.mp4 Error: 只能操作身份有效的启用媒体库根目录内文件
    at rejectManagedRootFile (/Users/nut/Project/JavdexLabs/Javdex/src/main/services/mediaLibraryRootFileGuard.ts:32:9)
    at requireCurrentRootIdentity (/Users/nut/Project/JavdexLabs/Javdex/src/main/services/mediaLibraryRootFileGuard.ts:86:5)
    at assertRootFile (/Users/nut/Project/JavdexLabs/Javdex/src/main/services/mediaLibraryRootFileGuard.ts:98:27)
    at assertMediaLibraryRootFile (/Users/nut/Project/JavdexLabs/Javdex/src/main/services/mediaLibraryRootFileGuard.ts:170:3)
    at authorizeMediaLibraryRootFile (/Users/nut/Project/JavdexLabs/Javdex/src/main/services/mediaLibraryRootFileGuard.ts:230:3)
    at authorizeFileWrite (/Users/nut/Project/JavdexLabs/Javdex/src/main/scanner/scanner.ts:656:7)
    at scanFolders (/Users/nut/Project/JavdexLabs/Javdex/src/main/scanner/scanner.ts:1074:9)
    at async renameAndImport (/Users/nut/Project/JavdexLabs/Javdex/src/main/scanner/scanner.ts:1444:20)
    at async TestContext.<anonymous> (/Users/nut/Project/JavdexLabs/Javdex/src/main/scanner/scanner.test.ts:536:19)
    at async Test.run (node:internal/test_runner/test:1332:7)
  ✔ does not commit or rename a replacement-root file when rename-import resumes after probing (21.061458ms)
  ✔ rejects a disabled target root at the resource transaction boundary (11.718875ms)
  ✔ reuses archived local and STRM source paths without crossing library ownership (13.99125ms)
  ✔ imports mixed local and STRM resources into one video and keeps the local file primary (10.606792ms)
  ✔ chooses the scan primary independently of directory entry order (9.174416ms)
  ✔ reselects the primary when scanning into an existing resource-less video (8.869042ms)
  ✔ keeps mixed local and STRM resources in one masked pending group (9.957042ms)
  ✔ rejects a stale pending STRM assignment, refreshes its snapshot, then accepts it (10.230666ms)
  ✔ removes an invalidated STRM snapshot from the pending group on a later scan (12.688834ms)
  ✔ syncs a changed STRM target in place while preserving primary and user-maintained fields (10.477083ms)
  ✔ isolates invalid STRM files and retries them without replacing a bound target (17.413125ms)
  ✔ relocates STRM only when the complete filename and target identify one missing source (17.786833ms)
  ✔ loads STRM candidates once per scan across imports, moves and pending writes (211.809792ms)
  ✔ relocates a bound STRM after its video code has been corrected (13.841167ms)
  ✔ holds new resources for confirmation when several videos already use the code (8.233542ms)
  ✔ keeps an already-pending path out of relocation and refreshes its pending snapshot (7.671625ms)
  ✔ holds a same-scan multi-file code together when automatic assignment is disabled (10.750708ms)
  ✔ does not let an invalid STRM force a valid same-code video into confirmation (10.609417ms)
  ✔ persists a pending scan group across database reopen and assigns it atomically (11.972792ms)
  ✔ rolls back every scan assignment when final pending-group deletion fails (10.658834ms)
  ✔ imports one unambiguous file normally when automatic assignment is disabled (8.768667ms)
  ✔ holds a new resource that matches one existing video when automatic assignment is disabled (8.029375ms)
  ✔ promotes the available resource when assigning into an existing video without a primary (12.078208ms)
  ✔ normalizes a manual code and attaches to an existing case-insensitive identity (122.717917ms)
  ✔ aborts when a nested directory cannot be audited (7.057416ms)
  ✔ imports a symbolic-link video by its link path and file name (10.608084ms)
  ✔ does not follow symbolic-link directories (7.643958ms)
  ✔ silently skips a broken symbolic-link video (8.546209ms)
  ✔ leaves missing-resource cleanup to the high-level scan coordinator (12.790208ms)
  ✔ keeps distinct symbolic-link paths that point to the same target (11.322333ms)
  ✔ keeps a resource under an unavailable root when the same code appears online (15.089917ms)
  ✔ relocates one same-code video by a unique file-size match without requiring the old name (10.337625ms)
  ✔ uses full file name and size to relocate safely when several videos share a code (9.417583ms)
  ✔ does not relocate when full file name and size match more than one duplicate-code video (11.369334ms)
  ✔ treats a new file normally when an old same-code path cannot be audited (11.347833ms)
  ✔ keeps an unrecognized rename and only rediscovers the renamed file (15.429834ms)
  ✔ uses the scan same-code pending flow when automatic merging is disabled (15.812875ms)
  ✔ renames and discovers the code without a manual code or target (11.009125ms)
  ✔ renames and imports an unrecognized STRM as a source-managed link (12.249541ms)
  ✔ imports recognized videos and reports unrecognized files (10.969ms)
  ✔ reuses scanned directory entries when checking a directory without NFO files (49.949042ms)
  ✔ refreshes a changed local identity snapshot on rescan before user confirmation (14.542667ms)
  ✔ refreshes a changed strm identity snapshot on rescan before user confirmation (12.285167ms)
  ✔ uses NFO identity only for newly discovered resources when automatic import is enabled (23.90775ms)
  ✔ handles cancellation during the only or first NFO application and preserves committed file audits (28.928459ms)
  ✔ aggregates first-discovery NFO candidates once per video after all resources are assigned (15.03025ms)
  ✔ does not count an existing pending resource identity as a new same-code file (26.984208ms)
  ✔ keeps distinct local NFO candidates in the existing confirmation workflow (15.417458ms)
  ✔ persists a filename/NFO identity conflict without creating formal library records (8.244166ms)
  ✔ persists only a masked STRM target projection for an NFO identity conflict (8.442125ms)
  ✔ keeps a valid filename import when its NFO is invalid and records only a secondary warning (11.060875ms)
  ✔ uses NFO identity across libraries but never overwrites a globally scraped-success video (11.568917ms)
  ✔ applies local NFO with fill-empty semantics for new and failed videos (17.80825ms)
  ✔ reattaches a scanned file to an existing no-resource video without replacing metadata (8.23325ms)
  ✔ yields while scanning large batches (135.717958ms)
  ✔ collects a very large root without overflowing call arguments before cancellation (1446.235ms)
  ✔ stops when cancelled (55.167583ms)
  ✔ skips new imports shorter than 30 minutes (12.127542ms)
  ✔ skips short files before unrecognized handling (10.675291ms)
  ✔ stores probed duration on import (9.181125ms)
  ✔ refreshes duration when the file changes on rescan (13.687875ms)
  ✔ skips duration probe on rescan when file is unchanged (15.238333ms)
  ✔ emits one final audit outcome for every processed file (10.849333ms)
✔ scanFolders (2774.382583ms)
▶ STRM parser
  ✔ matches the STRM extension without case sensitivity (0.428458ms)
  ✔ accepts one HTTP target after BOM, blank lines, comments, and Kodi properties (0.67825ms)
  ✔ normalizes supported HTTP, Magnet, and ED2K targets through the resource contract (0.233375ms)
  ✔ rejects empty, multiple-target, invalid UTF-8, and unsupported-protocol content (0.305625ms)
  ✔ accepts exactly 1 MiB and rejects larger input without truncation (0.563875ms)
✔ STRM parser (2.652ms)
✔ matches unique missing sources and retains filename, target, root and uncertainty rules (0.888375ms)
✔ incrementally tracks same-scan insertions and target/path changes, but invalidates unknown writes (0.1865ms)
✔ does not acknowledge unrelated writes or a failed mutation as a complete cache update (0.191042ms)
✔ retains the cache for known pending writes but cannot hide an intervening external write (0.102875ms)
✔ examines one matching candidate per lookup in a 10000-resource relocation (60.118584ms)
✔ examines one matching candidate per lookup in a 20000-resource relocation (113.753958ms)
✔ examines one matching candidate per lookup in a 300382-resource relocation (1808.273416ms)
✔ examines one matching candidate per lookup in a 600764-resource relocation (3829.26225ms)
✔ indexes target keys as well as filenames when many directories use the same filename (107.407583ms)
▶ videoDuration
  ✔ resolves configured minutes to seconds (0.4545ms)
  ✔ treats unknown duration as not below minimum (0.045084ms)
  ✔ flags durations shorter than threshold (0.033459ms)
  ✔ prefers scraped duration over primary resource duration (0.037125ms)
  ✔ uses primary resource duration when scraped duration is missing (0.028417ms)
  ✔ returns null when both durations are missing (0.026042ms)
  ✔ only refreshes stored local resource duration when probe value changed (0.032209ms)
  ✔ only probes when duration is missing or file fingerprint changed (0.045417ms)
✔ videoDuration (1.115917ms)
▶ actressScraperManager
  ✔ returns a pending outcome without partially applying a conflicting profile (145.014917ms)
  ✔ clears the selected avatar in replace mode when the matched source has no avatar (102.512584ms)
  ✔ promotes an unscraped actress to scrape success when a profile field is applied (96.081792ms)
  ✔ records a failed scrape without a success time when no profile matches (116.629083ms)
  ✔ records a failed scrape without a success time when the source throws (84.428458ms)
  ✔ records failure in replace-if-present mode when a matched profile has no selected value (89.726708ms)
  ✔ promotes a previously failed actress when a later scrape applies valid data (96.149792ms)
  ✔ skips fill-empty scraping without changing cumulative status when no selected field is missing (60.138583ms)
  ✔ skips fillEmpty when a matched profile has no new values for remaining empty fields (87.043375ms)
  ✔ still fails fillEmpty when a matched profile has no usable field values (99.565042ms)
  ✔ keeps cumulative success and its timestamp when a later scrape fails (96.000166ms)
  ✔ lets Gfriends try stored aliases after the main name without enabling global alias search (57.577166ms)
  ✔ applies successful field sources when another source fails (185.112917ms)
  ✔ preserves a field in replace mode when its composite source fails (199.608375ms)
  ✔ clears a field in replace mode when its composite source matched with no value (181.763375ms)
  ✔ records failure when every configured composite source fails (181.420166ms)
  ✔ warns when a composite avatar source cannot download its result (192.24775ms)
  ✔ preserves the existing gallery when every returned image is unusable (90.126833ms)
✔ actressScraperManager (2163.218ms)
▶ bundled video candidate plugins
  ✔ normalizes year-month values through the documented sandbox helper (54.435334ms)
  ✔ JavDB fetches every first-page exact match and never falls back to a fuzzy item (49.505292ms)
  ✔ JavDB fails the complete scrape when any exact-match detail fails (40.991375ms)
  ✔ JavLibrary returns all exact cards and ignores title containment or first-item fallback (40.79175ms)
✔ bundled video candidate plugins (186.285333ms)
▶ isCloudflareChallengeText
  ✔ trusts the official cf-mitigated challenge response header signal (0.915542ms)
  ✔ detects classic JS challenge interstitial markers (0.357917ms)
  ✔ ignores passive challenge-platform scripts on normal JavDB detail pages (0.707583ms)
  ✔ detects managed challenge markers (0.051417ms)
  ✔ detects body copy only with Cloudflare co-signals (0.070458ms)
  ✔ detects turnstile-only shells but not embedded widgets on content pages (0.042333ms)
  ✔ does not treat normal pages, helper copy, or vague phrases as Cloudflare (0.155709ms)
✔ isCloudflareChallengeText (3.003834ms)
▶ buildPluginRegistry
  ✔ lets user scrapers override bundled names (0.328208ms)
✔ buildPluginRegistry (0.646209ms)
▶ runCompositeFieldGroups
  ✔ groups fields, picks, and merges across plugins (0.6255ms)
  ✔ aborts on the first plugin error when policy is abort (0.267708ms)
  ✔ collects per-plugin warnings and continues when policy is collect (0.097625ms)
  ✔ throws when every grouped source fails under collect policy (0.097458ms)
  ✔ returns a null result when every plugin yields no match (0.075583ms)
✔ runCompositeFieldGroups (1.285083ms)
▶ configuredScraperService
  ✔ normalizes legacy settings without a service config and drops an unusable MetaTube default (8.784625ms)
  ✔ normalizes origins and path prefixes while rejecting unsafe base URLs (0.459542ms)
  ✔ stores only public configuration in settings and requires acknowledgement for remote HTTP tokens (1.97975ms)
  ✔ blocks clearing while MetaTube is referenced and clears address plus token otherwise (2.326416ms)
  ✔ keeps bearer credentials on the configured origin and preserves a base path (1.264416ms)
  ✔ snapshots the address, proxy choice, and token for an in-flight scrape (1.025708ms)
  ✔ rejects cross-origin redirects before sending credentials to the target (0.507208ms)
  ✔ rejects HTTPS downgrade redirects (0.447542ms)
  ✔ classifies authentication, rate-limit, server, malformed, and oversized responses (0.781958ms)
  ✔ tests draft configuration without persisting its token (0.462916ms)
✔ configuredScraperService (18.737292ms)
▶ Gfriends bundled actress plugin
  ✔ prefers the main name and selects its last quality-ordered avatar candidate (51.537542ms)
  ✔ uses the first exact alias only when the main name has no candidate (51.00225ms)
  ✔ does not return a fuzzy name match (43.415625ms)
  ✔ uses the current jsDelivr namespace when the primary index is unavailable (46.184792ms)
  ✔ reserves Gfriends as a built-in actress plugin name (0.1435ms)
✔ Gfriends bundled actress plugin (193.227791ms)
▶ MetaTube bundled video plugin
  ✔ keeps exact providers in search order and maps the documented fields (59.538792ms)
  ✔ returns no candidates for search 404 or fuzzy-only search results (75.185625ms)
  ✔ rejects a detail whose exact code differs from its search item (41.088125ms)
  ✔ rejects too many exact providers before requesting details (43.016208ms)
  ✔ fails the entire scrape if one exact detail request fails (46.151666ms)
[scraper:MetaTube] MetaTube 样张超过 40 张，已截断
  ✔ caps public sample proxy URLs at forty without putting credentials in them (46.143084ms)
  ✔ rejects incompatible known fields and caps detail concurrency at four (100.254083ms)
✔ MetaTube bundled video plugin (412.343209ms)
▶ MetaTube service integration
  ✔ runs connection checks and the bundled worker against a local fake HTTP service (105.685041ms)
✔ MetaTube service integration (106.350709ms)
▶ action network capture
  ✔ keeps http(s) query strings and strips credentials (0.576833ms)
  ✔ redacts credential-bearing query values before exposing recent requests (0.162666ms)
  ✔ omits sensitive post bodies (0.124333ms)
  ✔ records only an active action window and does not label search (0.6035ms)
  ✔ keeps the newest requests when the action window overflows (0.182875ms)
✔ action network capture (2.098958ms)
▶ browser evaluate policy
  ✔ allows forbidden API names inside diagnostic strings, comments and regular expressions (3.977833ms)
  ✔ still rejects executable references and computed access to forbidden APIs (0.414667ms)
  ✔ rejects credential, storage and sensitive form access (0.335292ms)
  ✔ rejects live-page mutation and computed property access (0.3295ms)
  ✔ rejects destructuring aliases that recover live-realm capabilities (0.299333ms)
  ✔ names the forbidden API and points markup reads to html (0.900583ms)
  ✔ uses one normalized evaluator and drains timeout cleanup before rejecting (4.449292ms)
✔ browser evaluate policy (11.55075ms)
▶ ScrapeBrowserHost leases
  ✔ reuses the same owner and rejects a competing owner immediately (0.899334ms)
  ✔ freezes proxy and stops the helper as soon as a scrape lease is released (0.587333ms)
  ✔ closes the active helper session with the main window and remains reusable (0.205792ms)
  ✔ presents the helper through the lease without exposing it as a plugin browser action (0.107542ms)
  ✔ invalidates all lease actions when its operation signal is cancelled (0.094708ms)
  ✔ terminates the helper when an in-flight Playwright action is cancelled (0.705708ms)
  ✔ terminates the helper before reporting an evaluate timeout (505.398875ms)
  ✔ keeps oversized ARIA complete for the artifact layer (0.63125ms)
  ✔ sends cancel, ignores a late response and kills a non-cooperative helper after 500ms (1043.068ms)
  ✔ keeps one click successful while transient post-action observation recovers (1.338833ms)
  ✔ blocks a disallowed main-frame navigation before an agent action sends it (0.487834ms)
  ✔ returns bounded scroll metrics and invalidates refs without changing the document revision (0.568834ms)
  ✔ extracts a host-owned load-more availability signal with the candidate snapshot (0.421791ms)
  ✔ returns the host-owned terminal proof result with the candidate snapshot (0.170125ms)
  ✔ returns pending after a successful action but makes explicit snapshot pending retryable (0.434875ms)
  ✔ classifies a failed state action with a changed revision as uncertain without replaying it (0.252583ms)
  ✔ keeps selector uniqueness failures as ordinary action failures (0.132667ms)
  ✔ reports zero matches separately from multiple matches (0.099708ms)
✔ ScrapeBrowserHost leases (1556.411834ms)
▶ normalizeNetworkUrl
  ✔ strips hash and lowercases host (0.783833ms)
  ✔ returns null for invalid URLs (0.140042ms)
✔ normalizeNetworkUrl (1.665375ms)
▶ networkUrlPathKey
  ✔ drops search and hash (0.134292ms)
✔ networkUrlPathKey (0.238083ms)
▶ isImageNetworkResource
  ✔ accepts Image resource type (0.15725ms)
  ✔ accepts image mime types (0.077833ms)
  ✔ rejects non-images and error statuses (0.079125ms)
✔ isImageNetworkResource (0.447916ms)
▶ hasImageMagicBytes
  ✔ detects jpeg and rejects html (0.188958ms)
✔ hasImageMagicBytes (0.276875ms)
▶ ImageBodyLruCache
  ✔ returns exact and aliased URLs (0.301125ms)
  ✔ matches unique path when query differs (0.185417ms)
  ✔ does not path-match when multiple distinct bodies share a path (0.213625ms)
  ✔ evicts oldest entries by count (0.15275ms)
  ✔ clears all state (0.102875ms)
✔ ImageBodyLruCache (1.091708ms)
▶ prioritizeInspectLinks
  ✔ keeps a main result card when more than maxLinks navigation links precede it (0.436708ms)
  ✔ preserves DOM order within priority groups and deduplicates after prioritizing (0.519125ms)
✔ prioritizeInspectLinks (1.32175ms)
▶ selectInspectLocaleLinks
  ✔ keeps locale anchors in document order and always allows an empty result (0.092542ms)
  ✔ caps locale anchors without mixing them back into content ranking (0.068667ms)
✔ selectInspectLocaleLinks (0.228ms)
▶ selectInspectScriptSrcs
  ✔ keeps document order, deduplicates, and allows an empty result (0.098ms)
✔ selectInspectScriptSrcs (0.148167ms)
▶ inspectLinkRawHref
  ✔ omits rawHref when the HTML attribute already matches the resolved href (0.078333ms)
  ✔ keeps protocol-relative and path-only attributes that cheerio will see (0.041334ms)
✔ inspectLinkRawHref (0.191834ms)
▶ ScrapeBrowserFramedSocket
  ✔ rejects the wrong token, parent pid, protocol version or CDP port (0.611417ms)
  ✔ round-trips authenticated hello frames and native Buffers (5.791375ms)
  ✔ rejects an oversized incoming frame before allocating its body (0.739292ms)
✔ ScrapeBrowserFramedSocket (7.576625ms)
▶ scrape browser readiness
  ✔ does not resolve an intermediate verification page even when it has matching content (0.319625ms)
  ✔ does not accept selectors found on a verification page (0.057333ms)
✔ scrape browser readiness (0.729833ms)
▶ ScrapeBrowserWaitBudget
  ✔ does not consume the page timeout while Cloudflare verification is active (0.105333ms)
  ✔ still enforces the page timeout while no challenge is active (0.04375ms)
  ✔ caps manual verification independently from the page timeout (0.042584ms)
  ✔ accumulates the verification cap across repeated challenge periods (0.04325ms)
✔ ScrapeBrowserWaitBudget (0.32325ms)
✔ buildScrapeUserAgent drops Electron and app product tokens (0.870583ms)
✔ derivePlatformFromOsToken maps Windows, macOS and Linux (0.335791ms)
✔ resetScrapeUaProfileCache clears memoized profile (0.173416ms)
▶ scraperManager plugin availability gates
  ✔ publishes the built-in local NFO source as runnable but not editable or exportable (5.730041ms)
  ✔ lists MetaTube for configuration but excludes it from executable names until configured (2.3435ms)
  ✔ rejects unconfigured service plugins as new composite field sources (2.670291ms)
✔ scraperManager plugin availability gates (11.430958ms)
▶ scraperPluginSandbox
  ✔ loads cheerio/slim so packaged scrapers do not need undici (44.91025ms)
  ✔ terminates a non-returning plugin worker when the caller aborts (30.071ms)
  ✔ does not report an aborted run as settled while a started host RPC is still running (113.253334ms)
  ✔ serves repeated persistent fetchBuffer calls from the plugin resource cache (71.079041ms)
✔ scraperPluginSandbox (260.056875ms)
▶ scraperPluginService
  ✔ describes bundled video scraper fields from shipped manifests (6.054584ms)
  ✔ describes bundled actress scraper fields from shipped manifests (1.19175ms)
  ✔ drops unknown actress supported field ids from packages (50.302125ms)
  ✔ lists bundled plugins shipped with the app (0.753666ms)
  ✔ reads bundled plugin packages for export and AI debug (1.875042ms)
  ✔ keeps MetaTube visible but unavailable until configured (0.68425ms)
  ✔ rejects a user package that tries to declare a trusted service binding (0.387125ms)
  ✔ does not assign a standalone delay to composite scrapers (1.220833ms)
  ✔ imports and executes a custom video plugin through the BaseScraper adapter (89.707458ms)
  ✔ normalizes video ratings to valid 5-point records only (0.609083ms)
  ✔ reads an installed custom plugin package for AI debugging (49.469458ms)
  ✔ imports and executes a custom actress plugin through the BaseActressScraper adapter (86.820042ms)
  ✔ rejects custom plugins that reuse a built-in name (0.874125ms)
  ✔ renames legacy user plugins that override built-in names to -custom (5.680417ms)
  ✔ preserves settings for a legacy user plugin named after retired JAV8 (1.591375ms)
  ✔ uses -custom-2 when -custom is already taken (3.436042ms)
  ✔ keeps bundled plugins visible after rejecting a same-name custom install (0.798792ms)
  ✔ rejects duplicate custom plugin names (40.413791ms)
  ✔ atomically replaces a user plugin without leaving staging or backup directories (85.261458ms)
  ✔ rejects plugin names that collide after filename sanitization (50.251167ms)
  ✔ rejects packages without kind (0.518042ms)
  ✔ exports packages with kind (35.539583ms)
✔ scraperPluginService (514.454667ms)
▶ ScraperResourceCache
  ✔ reuses a fresh plugin resource without another network request (3.31125ms)
  ✔ reuses a fresh plugin resource after the cache is recreated (2.666667ms)
  ✔ revalidates an expired resource with its ETag and retains a 304 body (1.990667ms)
  ✔ returns an expired resource when revalidation fails and stale fallback is enabled (1.374125ms)
  ✔ rejects a resource larger than the host entry quota (1.162ms)
  ✔ rejects writes beyond the host quota for one plugin (2.430042ms)
  ✔ enforces the plugin quota across concurrent resource commits (1.139583ms)
✔ ScraperResourceCache (14.835208ms)
▶ trusted scraper service sandbox bridge
  ✔ exposes service methods only to a trusted binding while keeping the token in main (78.816125ms)
  ✔ fails before starting a trusted worker when the service is not configured (0.698208ms)
✔ trusted scraper service sandbox bridge (80.27025ms)
▶ scraperManager.scrapeVideo
  ✔ uses the built-in local NFO source for manual, composite, and default runs without network fallback (36.219792ms)
  ✔ treats a missing local NFO as a normal no-match without marking scrape failure (13.078917ms)
  ✔ uses only the effective composite field sources to classify a quiet local NFO no-match (68.973ms)
  ✔ delivers actress avatars to the merged cast positions across local and web composite sources (121.717792ms)
  ✔ persists exact multi-candidate results without selecting or applying one by default (108.652875ms)
  ✔ stages every declared candidate image even when the field was not selected (122.104916ms)
  ✔ confirms a candidate from the local snapshot without visiting the remote site again (112.770292ms)
  ✔ discards pending candidates, cleans staging, and preserves cumulative success (98.006708ms)
  ✔ replaces pending staging and removes the replacement after a later unique success (280.113417ms)
  ✔ startup cleanup removes only old unreferenced video staging directories (135.372708ms)
  ✔ filters exact-code mismatches and conservatively deduplicates normalized source urls (85.7515ms)
  ✔ rejects an invalid candidate array atomically and preserves an older pending decision (160.794584ms)
  ✔ keeps the old pending snapshot and staging when a valid replacement fails mid-transaction (176.944125ms)
  ✔ returns every exact-code exclusion warning when no candidate remains (90.892209ms)
  ✔ applies the only exact candidate after exclusions without creating pending state (91.360083ms)
  ✔ normalizes a year-month release date to the first day of that month (77.21175ms)
  ✔ keeps a unique candidate pending when applying it would duplicate a business identity (96.232209ms)
  ✔ rolls back a conflict merge and candidate apply when pending deletion fails (102.378958ms)
  ✔ returns director candidates before writes and applies an explicit choice on retry (139.305458ms)
  ✔ keeps an ambiguous director during batch-style scraping and applies safe fields (98.839041ms)
  ✔ reports a matched result as skipped when no selected value can be applied (107.414083ms)
  ✔ stores composite source links and ratings under their actual field plugins (373.215708ms)
  ✔ persists and confirms composite candidates independently per source (605.225833ms)
  ✔ ignores unsupported fields before validating and applying the selected plugin result (518.187917ms)
  ✔ still rejects a malformed field when the plugin declares it as supported (517.444958ms)
  ✔ preserves a composite field when its source does not match but another source succeeds (645.137208ms)
downloadCover failed: TEST-001 https://cover.example/broken.jpg response is not a usable image
  ✔ applies text data but preserves an old cover when the returned image is unusable (619.091834ms)
downloadSamples failed: TEST-001 1 https://sample.example/two.jpg response is not a usable image
  ✔ discards the whole sample set when any sample download fails but still applies text (470.343875ms)
  ✔ compensates downloaded assets when the apply phase throws after downloads commit (407.055042ms)
  ✔ discards a downloaded cast avatar when the actress already has a usable avatar (480.889584ms)
✔ scraperManager.scrapeVideo (6963.026791ms)
▶ Xslist bundled actress plugin
  ✔ treats the site anonymous image as no avatar (43.651125ms)
  ✔ keeps a real profile avatar (33.567708ms)
✔ Xslist bundled actress plugin (77.822041ms)
▶ actress batch scrape persistence lifecycle
  ✔ persists one stable job id and advances pending targets across restart (283.220541ms)
  ✔ loads a legacy task without tri-state fields using a stable fallback job id (114.119541ms)
  ✔ clears a cancelled task file without deleting its completed pending result (160.883042ms)
  ✔ persists only a canonical status and the start-time target snapshot (187.439583ms)
  ✔ recovers a paused checkpoint after an application restart cache reset (94.797666ms)
  ✔ normalizes a legacy scraped paused job without rewriting progress (115.376333ms)
  ✔ normalizes an omitted scrapeStatus to all while preserving the snapshot (105.722458ms)
  ✔ marks an unknown status job unrecoverable without falling back to all (103.181541ms)
  ✔ blocks resume for an unknown status job but still allows discard (91.155875ms)
  ✔ resumes from the saved snapshot without re-applying current filters (152.815167ms)
  ✔ resumes a normalized legacy scraped job with unified scrape result semantics (182.506542ms)
✔ actress batch scrape persistence lifecycle (1592.129458ms)
▶ actressBatchScrapeTargets status normalization
  ✔ keeps the four canonical cumulative-status scopes (0.540667ms)
  ✔ normalizes the legacy scraped scope to 刮削成功 (0.072584ms)
  ✔ normalizes an omitted scope to 全部 (0.0755ms)
  ✔ rejects an unknown scope instead of widening the batch (0.213125ms)
  ✔ reports unknown scopes without throwing for persisted job snapshots (0.57675ms)
  ✔ never produces the legacy scope in a normalized request (0.080958ms)
✔ actressBatchScrapeTargets status normalization (1.9615ms)
▶ reconcilePersistedActressBatchJob
  ✔ rewrites scraped to success and omitted to all without touching progress (0.572708ms)
  ✔ keeps unrecognized scopes unrecoverable and does not widen to all (0.351375ms)
✔ reconcilePersistedActressBatchJob (1.060083ms)
▶ actressBatchScrapeTargets resolution
  ✔ resolves each canonical cumulative-status scope (12.053125ms)
  ✔ resolves the legacy scraped scope as 刮削成功 and an omitted scope as 全部 (6.65825ms)
  ✔ intersects gender, cumulative status and missing fields (7.21875ms)
  ✔ treats explicit ids as the whole target set, ignoring the other filters (6.81625ms)
  ✔ deduplicates explicit ids and drops ids without a stored actress (9.601667ms)
  ✔ treats an empty explicit id list as zero targets (9.49975ms)
✔ actressBatchScrapeTargets resolution (52.026708ms)
▶ actressBatchScrapeTargets estimate and start
  ✔ estimates the count the start would resolve from the same request (7.141458ms)
  ✔ resolves targets again on start, so the total may differ from an earlier estimate (7.795084ms)
  ✔ freezes target ids, display names and total when the batch starts (8.151583ms)
✔ actressBatchScrapeTargets estimate and start (23.173625ms)
▶ ActressIdentityConflictWorkflow
  ✔ inspects live ownership even when the name is not yet in a review group (13.379167ms)
  ✔ summarizes the same aggregated name groups returned by the review list (12.559292ms)
  ✔ keeps summary counts exact for mixed, multi-result, and multi-conflict groups (28.019417ms)
  ✔ lists pending name ownership without inventing a pending scrape (7.195584ms)
  ✔ rejects an unsupported pending name type instead of silently reclassifying it (7.559666ms)
  ✔ rejects a pending-name-ownership decision when the shown claim row changed (9.240417ms)
  ✔ assigns pending name ownership without creating or applying scrape data (16.798875ms)
  ✔ edits one pending name claim and resolves both resulting unique owners (8.606417ms)
  ✔ moves an edited pending name claim into another normalized-name group (13.190292ms)
  ✔ merges actresses directly from pending name ownership (14.737417ms)
  ✔ removes an illegal pending name without persisting a blacklist (13.4605ms)
  ✔ reassigns the only pending scrape to the explicit keeper after a merge (10.746041ms)
  ✔ keeps a usable keeper avatar while clearing its missing source and crop state (10.3965ms)
  ✔ uses the explicitly selected pending actress as keeper and the other current main name (16.999458ms)
  ✔ rejects merging when both actresses own pending scrape snapshots (9.234958ms)
  ✔ does not treat another conflict between the same actress pair as a merge blocker (7.670291ms)
  ✔ rejects the whole workbench merge when a resulting name belongs to a third actress (11.434875ms)
  ✔ rejects the whole merge when the pending scrape also conflicts with a third actress (9.897708ms)
  ✔ rejects merging a persisted name claimed by a third actress pending scrape (9.608292ms)
  ✔ returns stale without merging when either actress changed after confirmation was shown (8.47375ms)
  ✔ rolls back the actress merge when pending reassociation fails (30.316291ms)
  ✔ edits only the selected conflicting name and applies the unlocked scrape atomically (10.253333ms)
  ✔ moves only the edited item when its new name conflicts in another dynamic group (16.370791ms)
  ✔ moves an edited name into a group claimed by another naturally unlocked pending result (11.103625ms)
  ✔ transfers complete ownership to the pending actress only with a replacement main name (19.612625ms)
  ✔ previews and applies an assigned conflicting alias in a fill-empty alias collection (14.67225ms)
  ✔ keeps earlier ownership decisions in the final fill-empty alias preview and apply (12.987333ms)
  ✔ validates and removes every legacy claimant when assigning to the pending actress (11.963667ms)
  ✔ assigns a whole conflict group to an existing actress while applying profiles to original targets (9.89825ms)
  ✔ keeps confirmed ownership when the chosen existing actress is also a replace candidate (8.975917ms)
  ✔ removes an illegal normalized name from the whole group and applies unlocked profiles (20.682917ms)
  ✔ requires a valid replacement for every main-name claimant before illegal-name removal (12.076458ms)
  ✔ validates illegal-name replacement main names against the live conflict snapshot (8.462834ms)
  ✔ does not reconcile newly active conflicts while rejecting a stale illegal-name decision (8.161209ms)
  ✔ removes only the current illegal group and does not remember a blacklist rule (20.534417ms)
  ✔ applies a result when its other recorded conflict has already become inactive (9.525708ms)
  ✔ rolls back illegal-name handling when name deletion fails (8.706ms)
  ✔ rolls back illegal-name handling when main replacement fails (8.566542ms)
  ✔ rolls back illegal-name handling when profile application fails (8.813542ms)
  ✔ rolls back illegal-name handling when pending cleanup fails (9.607792ms)
  ✔ keeps the whole illegal-name group pending when any resource preparation fails (13.758208ms)
  ✔ requires a replacement when assigning a current main name to a third existing actress (17.70525ms)
  ✔ finishes name-only results and preserves the original fill-empty update mode (16.510917ms)
  ✔ promotes staged resources when a name edit unlocks a pending scrape (22.210291ms)
  ✔ keeps a naturally unlocked result pending until the user explicitly applies it (9.03175ms)
  ✔ returns a stale outcome without writes when an involved actress changed (10.050041ms)
  ✔ rolls back every profile and promoted resource when a group apply fails (11.997208ms)
  ✔ freezes the complete scrape when one selected name belongs to another actress (7.823166ms)
  ✔ applies a complete result when equivalent names only belong to the target actress (18.521625ms)
  ✔ atomically replaces one actress current snapshot and removes its old staged resources (12.889959ms)
  ✔ rolls back a conflict-free apply when removing the previous snapshot fails (7.789209ms)
  ✔ does not delete an existing same-url gallery file when a later apply rolls back (10.681083ms)
  ✔ discards only the selected wrong match, records cumulative failure, and cleans staging (14.63825ms)
  ✔ startup cleanup removes only old unreferenced staging directories (27.376917ms)
  ✔ deleting a target actress also removes its staged pending resources (9.614ms)
  ✔ removes prepared formal resources when profile application rolls back (10.00225ms)
✔ ActressIdentityConflictWorkflow (722.838791ms)
✔ reuses maintenance only until local writes, schema changes or external commits (9.173584ms)
✔ does not publish rolled-back maintenance or skip checks inside a caller transaction (8.367083ms)
✔ retries failed maintenance and invalidates after reopening the same catalog (10.352375ms)
✔ does not publish a maintenance stamp if an external commit occurs during the check (10.857333ms)
✔ rechecks earlier candidates after a later candidate introduces a new conflict (8.647584ms)
✔ bounds a 10k legacy-claim queue without hydrating candidates after maintenance (34.878375ms)
✔ does not hydrate unrelated candidate results for a selected name group (8.132166ms)
✔ sorts full conflict names before truncating display captions and preserves exact anchors (8.220542ms)
✔ keeps legacy equal-caption order across pages and clamps missing anchors in a nonempty queue (7.098458ms)
✔ bounds name normalization when merged actors have many third pending conflicts (27.758042ms)
Failed to clean deleted actress asset: avatar_sources/alpha.jpg Error: file is locked
    at deleteStoredAsset (/Users/nut/Project/JavdexLabs/Javdex/src/main/services/actressMaintenanceService.test.ts:122:61)
    at Object.deleteActresses (/Users/nut/Project/JavdexLabs/Javdex/src/main/services/actressMaintenanceService.ts:87:11)
    at TestContext.<anonymous> (/Users/nut/Project/JavdexLabs/Javdex/src/main/services/actressMaintenanceService.test.ts:126:28)
    at Test.runInAsyncScope (node:async_hooks:227:14)
    at Test.run (node:internal/test_runner/test:1325:25)
    at Suite.processPendingSubtests (node:internal/test_runner/test:911:18)
    at Test.postRun (node:internal/test_runner/test:1465:19)
    at Test.run (node:internal/test_runner/test:1390:12)
    at async Suite.processPendingSubtests (node:internal/test_runner/test:911:7)
▶ actressMaintenanceService.importGalleryImage
  ✔ runs legacy dimension repair as part of the explicit gallery write flow (0.96325ms)
✔ actressMaintenanceService.importGalleryImage (1.317708ms)
▶ actressMaintenanceService.deleteActresses
  ✔ deletes the complete batch and cleans stored resources (15.897541ms)
  ✔ rejects the whole batch when an actress is linked to a video (10.810333ms)
  ✔ reports resource cleanup failures after the database transaction commits (10.455792ms)
  ✔ rolls back the complete batch when a later record fails to delete (15.400583ms)
  ✔ previews current linked-actress and affected-video counts (8.627583ms)
  ✔ explicitly unlinks videos, deletes a mixed batch, and preserves video records and files (9.983084ms)
  ✔ rolls back removed video links when a later actress delete fails (8.662041ms)
  ✔ removes only the deleted actress ownership and pending result (8.918083ms)
  ✔ rejects an unknown delete mode instead of falling through to a destructive path (10.08475ms)
✔ actressMaintenanceService.deleteActresses (99.193167ms)
▶ actressQueryService.listActresses
  ✔ returns a stable page and the full matching total from the real database (16.733542ms)
  ✔ reuses one exact avatar-filter snapshot across subsequent pages (0.190792ms)
  ✔ refreshes the avatar-filter snapshot whenever the first page reloads (0.095875ms)
  ✔ inspects avatar health and fingerprints outside the database repository (14.222292ms)
✔ actressQueryService.listActresses (31.689791ms)
▶ actressQueryService.listFaceScanManifest
  ✔ exposes the dedicated minimal manifest through the query seam (0.202166ms)
✔ actressQueryService.listFaceScanManifest (0.2605ms)
✔ delegates avatar count without reading the legacy list or inspecting images (0.111917ms)
▶ actressScrapeQueue.start target resolution
  ✔ scrapes exactly the targets the estimate reported for the same request (3841.507583ms)
  ✔ starts a legacy scraped request against 刮削成功 targets (628.4345ms)
  ✔ starts explicitly selected actresses regardless of the other filters (512.453875ms)
  ✔ starts no target for an empty explicit id list (381.975417ms)
  ✔ refuses to start a request with an unknown cumulative-status scope (322.829625ms)
✔ actressScrapeQueue.start target resolution (5688.074291ms)
▶ AgentMetadataActivityTimeline
  ✔ projects streaming reasoning into one bounded completed turn (0.585958ms)
  ✔ retains up to 64,000 reasoning characters and reports overflow (7.269375ms)
  ✔ uses semantic browser actions while retaining safe completion summaries (1.37375ms)
  ✔ keeps direct metadata submission distinct from browser inspection (0.08875ms)
  ✔ describes playlist page checkpoints as result-producing actions (0.074417ms)
  ✔ describes browser scroll without exposing tool arguments (0.046916ms)
  ✔ retains earlier reasoning across browser-heavy runs (1.113333ms)
✔ AgentMetadataActivityTimeline (11.135792ms)
✔ uses the indexed journal cursor without loading history for a metadata snapshot (1.069417ms)
▶ Agent metadata browser URL policy
  ✔ allows a public hostname when a system proxy maps it to the RFC 2544 fake-IP range (1.6075ms)
  ✔ still rejects direct benchmark-range IPs and hostnames resolving to private networks (1.333958ms)
  ✔ keeps identity query parameters while removing credentials and fragments from display URLs (0.47725ms)
✔ Agent metadata browser URL policy (3.842042ms)
▶ Agent metadata browser evidence binding
  ✔ accepts a production artifact only for its captured document and view (2.37625ms)
  ✔ rejects incomplete, tampered, and corrupt segmented production artifacts (3.847125ms)
✔ Agent metadata browser evidence binding (6.4665ms)
▶ AgentMetadataDraftService
  ✔ rejects a preview when a staged resource no longer matches its manifest (22.574ms)
  ✔ rechecks staged resource bytes when applying an already reviewed draft (9.452166ms)
  ✔ cleans newly staged resources when persistence fails (8.172416ms)
  ✔ routes actress name ownership conflicts to the existing pending workflow (12.496167ms)
  ✔ routes duplicate video business identities to the existing pending workflow (10.243709ms)
  ✔ requires explicit user confirmation when actress names do not match (7.741041ms)
✔ AgentMetadataDraftService (71.302666ms)
▶ app release service
  ✔ parses and compares stable release versions numerically (0.848208ms)
  ✔ accepts only trusted published GitHub releases (0.123959ms)
  ✔ validates cached update state before exposing it to the renderer (0.173542ms)
✔ app release service (1.512042ms)
▶ asset byte cache
  ✔ separates variants and invalidates all variants of only the changed asset (1.143083ms)
  ✔ checks every file identity field and isolates callers from cached mutable buffers (0.350583ms)
  ✔ enforces the entry cap while retaining recently read and replaced entries (0.748833ms)
  ✔ enforces the 96MiB byte cap and skips oversized entries without flushing other images (22.113ms)
✔ asset byte cache (25.364042ms)
▶ image asset inspection cache
  ✔ loads an unchanged image once and reloads it when its file signature changes (0.394542ms)
  ✔ reloads an image after explicit asset invalidation (0.189584ms)
  ✔ evicts the least recently used inspection after reaching capacity (1.004459ms)
✔ image asset inspection cache (1.775125ms)
✔ retries after the first scrypt failure (92.284583ms)
✔ retries after the first importKey failure (99.713333ms)
✔ keeps the new cache when a pre-reset KDF later succeeds (91.640709ms)
✔ keeps the new cache when a pre-reset KDF later fails (90.652084ms)
✔ waits for cold key derivation on cancellation and never starts decryption (52.550459ms)
✔ reads the existing AVPK format through synchronous and asynchronous crypto (63.861791ms)
✔ coalesces cold key derivation and never uses synchronous crypto in the async reader (97.358791ms)
✔ rejects invalid or tampered encrypted bodies without returning plaintext (38.568167ms)
✔ waits for an active native job before discarding its cancelled result (47.937334ms)
▶ assetLocationMigration
  ✔ moves plain and encrypted files including alias store (88.227583ms)
  ✔ maps default path setting when relocating back to userData (13.091959ms)
  ✔ allows relocating back to default when only empty asset subfolders remain (33.31175ms)
  ✔ rolls back copied files without touching the active root (10.2365ms)
  ✔ rejects migration while the configured source root is unavailable (7.042666ms)
  ✔ rejects targets nested inside the active media root (8.279167ms)
  ✔ rejects a target that resolves to the source through a symlinked parent (42.253875ms)
  ✔ rejects a differently-cased path that resolves to the same directory (9.483333ms)
  ✔ resumes when the target contains matching files from an interrupted copy (14.577ms)
  ✔ preserves pre-existing matching copies when a resumed migration rolls back (9.172083ms)
  ✔ keeps source files when the prepared target disappears before commit (10.295709ms)
  ✔ preserves a copied target that was replaced before a failed commit rolls back (22.140917ms)
  ✔ rejects an interrupted target whose file contents do not match the source (15.537833ms)
  ✔ rejects directory symlinks without reading or deleting files outside the asset root (10.555375ms)
  ✔ rejects a symlinked asset root without touching its external target (7.167791ms)
✔ assetLocationMigration (302.226584ms)
▶ assetMigration opaque paths
  ✔ encrypts to opaque paths and restores readable paths on decrypt (111.292209ms)
✔ assetMigration opaque paths (111.751625ms)
✔ reads legacy without rewriting and migrates on mutation preserving all entries (62.967917ms)
✔ does not reread a warm map or append unchanged values; reloads deletions (87.344959ms)
✔ preserves a legacy file when snapshot rename fails (68.11325ms)
✔ recovers an interrupted tail and truncates it before retry (66.580959ms)
✔ rejects corrupted complete ciphertext and preserves it on attempted mutation (56.922542ms)
✔ rejects missing or incomplete first snapshots (49.58075ms)
✔ reloads the actual committed record after an uncertain fsync failure (48.202458ms)
✔ compacts after sustained updates and reloads the latest values (30736.83975ms)
✔ preserves the appended result when compaction rename fails (161.641833ms)
✔ invalidates the cached map after external replacement (62.534875ms)
▶ assetPathNaming
  ✔ builds readable bases with seed and url hash (1.059667ms)
  ✔ sanitizes non-ascii seeds and truncates overly long values (0.266125ms)
  ✔ keeps equal-length Chinese actress names on distinct asset seeds (0.243708ms)
  ✔ scopes asset seeds by actress id when provided (0.135166ms)
  ✔ keeps actress id prefix when the readable label is long (0.145416ms)
  ✔ builds distinct gallery paths for equal-length Chinese names and the same url (0.128792ms)
  ✔ builds opaque bases without embedding seed text (0.12625ms)
  ✔ detects opaque encrypted filenames (0.12075ms)
  ✔ derives stable opaque names from plaintext relative paths (0.137125ms)
✔ assetPathNaming (3.336917ms)
▶ AutomaticScanScheduler
  ✔ runs every due library in stable order from independent persisted state (1.864792ms)
  ✔ runs an already-enabled library with no scan history after the startup delay (0.256333ms)
  ✔ calculates each library due time from its own interval and last finished time (0.217167ms)
  ✔ waits one full interval after a library is newly enabled (0.326708ms)
  ✔ skips disabled, rootless and not-yet-due libraries (0.219ms)
  ✔ runs a due rootless library when it still has deferred cleanup work (0.281709ms)
  ✔ defers while maintenance is busy and rechecks on the next poll (0.236958ms)
  ✔ isolates one library failure and continues the serial due queue (4.089958ms)
  ✔ keeps startup, resume, and every due library globally serial (0.452583ms)
  ✔ uses the resume delay and clears all scheduled work on stop (0.700583ms)
✔ AutomaticScanScheduler (9.591958ms)
▶ AvatarAutoCropMediator
  ✔ resolves automatic crop requests and rejects stale replies (1.042834ms)
  ✔ fails pending automatic crop requests after renderer disconnects (0.098625ms)
  ✔ times out automatic crop requests without accepting a late response (1.420458ms)
  ✔ owns the crop batch token until matching end or disconnect (0.138875ms)
  ✔ rejects a second begin while a crop batch is active (0.202417ms)
✔ AvatarAutoCropMediator (3.410292ms)
✔ creates one lazy snapshot per batch and disposes only its owning token (0.13575ms)
✔ retries failed snapshot creation without poisoning the batch and clears on reinitialization (0.067667ms)
✔ settles disconnected requests despite cleanup failure and retries before allowing another snapshot (0.2145ms)
✔ writes the definition once and keeps total checkpoint bytes near-linear (38599.623583ms)
ℹ {"targets":[1000,2000],"totalWrittenBytes":[409049,822049],"definitionWritesPerJob":1}
✔ reads legacy checkpoints and migrates on the next save without losing targets (18.452833ms)
✔ preserves the last checkpoint when write fails and retries safely (28.78175ms)
✔ preserves the last checkpoint when sync fails and retries safely (27.856208ms)
✔ preserves the last checkpoint when rename fails and retries safely (27.290583ms)
✔ keeps the old definition on failed replacement and prunes unused manifests after commit (55.2915ms)
✔ refuses missing, tampered or mismatched manifests instead of treating the job as absent (17.920958ms)
✔ stops the queue on checkpoint failure and resumes from the durable cursor without skipping work (35.014792ms)
✔ rejects damaged cursor and total fields without deleting the checkpoint (18.351625ms)
✔ reloads actual disk state and retains the manifest after replace directory-sync failure (22.504375ms)
✔ reloads actual disk state and retains the manifest after clear directory-sync failure (15.974291ms)
✔ does not report committed saves or clears as failed when manifest cleanup cannot enumerate (22.409125ms)
✔ executes real read-only tag queries and observes writes through the worker cache (211.495666ms)
✔ rejects a changed catalog version at worker startup without migration (302.332667ms)
✔ settles in-flight initialization and queued requests when disposed (431.777459ms)
✔ counts merged subscribers toward capacity, normalizes keys, and clones each successful result (2.447875ms)
✔ serializes different revisions and keeps a folded expanding query valid in the payload (0.19775ms)
✔ rejects old generation on identity change and waits for termination (3.08225ms)
✔ rejects old generation on path change and waits for termination (0.36075ms)
✔ removes queued aborts but retains an executing slot after all subscribers abort (0.338041ms)
✔ one subscriber abort does not cancel another or retain its signal listener (0.1775ms)
✔ rejects all accepted on startup timeout, without retry or overlapping workers (17.441291ms)
✔ rejects all accepted on query timeout, without retry or overlapping workers (16.267625ms)
✔ rejects all accepted on exit, without retry or overlapping workers (0.365791ms)
✔ rejects all accepted on error, without retry or overlapping workers (0.432208ms)
✔ rejects all accepted on protocol error, without retry or overlapping workers (0.299542ms)
✔ dispose closes admission immediately and waits for a running termination (0.242958ms)
✔ fails closed if termination rejects and rejects requests waiting for replacement (0.994ms)
✔ rejects invalid queries before creating a worker and contains factory/post failures (0.391667ms)
✔ bounds subscribers while termination is pending and supersedes a waiting generation (0.463875ms)
✔ does not launch work after repeated queued cancellations before ready (0.713625ms)
✔ contains unexpected messages and dispose drains an already-started replacement barrier (0.058917ms)
✔ expires waiting subscribers and frees capacity while native termination remains pending (0.799917ms)
✔ keeps independent waiting deadlines for coalesced subscribers and clears them at execution (0.15925ms)
✔ never executes a page whose only subscriber expired before ready (0.216ms)
▶ CheckpointedSequentialBatchQueue
  ✔ persists checkpoints, pauses, and resumes from the next index (1.5ms)
  ✔ discards a paused job without running (0.172208ms)
  ✔ cancels a running job and clears the checkpoint (2.562ms)
  ✔ recycles the scrape browser after each configured target interval (8.016708ms)
  ✔ rejects an invalid run plan without leaving a resumable checkpoint (0.403084ms)
  ✔ discards a corrupt checkpoint when run planning throws (0.207708ms)
✔ CheckpointedSequentialBatchQueue (13.338291ms)
▶ classificationDeletionService
  ✔ previews and deletes a director while recalculating links and preserving videos/resources (483.323792ms)
  ✔ deletes an unlinked director with a zero impact (393.276875ms)
  ✔ rolls back director unlinking and skips image cleanup when deletion fails (444.189791ms)
  ✔ previews and deletes a series while recalculating videos and detaching direct children (519.240541ms)
  ✔ deletes an unlinked childless series with a zero impact (447.553125ms)
  ✔ rolls back series relations and reports image cleanup failure only after commit (581.310542ms)
✔ classificationDeletionService (2869.775083ms)
▶ classification director query and maintenance services
  ✔ keeps real same-name directors as separate stable identities and exposes candidate differences (393.343791ms)
  ✔ maintains the complete profile without changing identity or video relations (430.493375ms)
  ✔ validates calendar dates and career ranges transactionally (438.407292ms)
  ✔ searches aliases and supports only count or update sorting in both directions (413.471833ms)
✔ classification director query and maintenance services (1676.51725ms)
▶ classificationImageService
  ✔ imports local and remote images as owned assets and cleans a replaced image after commit (481.424917ms)
  ✔ copies an associated video cover instead of adopting the video asset (513.000708ms)
  ✔ stores a director portrait and compensates its replacement when the database update fails (483.819ms)
  ✔ keeps the stored image when a remote download fails (413.659083ms)
  ✔ cleans the latest replaced image when a remote update finishes after another edit (493.825833ms)
  ✔ commits replacement and reports a post-commit cleanup failure (563.561584ms)
✔ classificationImageService (2950.063458ms)
▶ classification organization query and maintenance services
  ✔ shares one organization profile across role lists and searches its aliases (457.406625ms)
  ✔ sorts only by video count or update time in either direction (458.125375ms)
  ✔ treats SQL LIKE metacharacters in organization searches as literal text (429.691417ms)
  ✔ keeps stable identity and video links when editing the complete profile (487.896833ms)
  ✔ rejects parent cycles without partially changing the profile (446.929292ms)
  ✔ creates an organization inline, registers the role, and retains zero-video roles (464.741292ms)
  ✔ rolls back profile fields when a name is owned by another organization (380.905875ms)
✔ classification organization query and maintenance services (3126.450875ms)
▶ classification series query and maintenance services
  ✔ maintains a stable complete profile and projects its local video coverage (476.493208ms)
  ✔ enforces normalized name ownership inside the owner scope only (501.846625ms)
  ✔ preflights every name when moving to another owner scope and rolls back on conflict (433.605708ms)
  ✔ rejects self and descendant parents without partially changing the series (448.87025ms)
  ✔ searches aliases, identifies same-name candidates, and sorts in either direction (502.59575ms)
  ✔ creates an unowned series inline and validates lifecycle years (311.234709ms)
✔ classification series query and maintenance services (2675.442875ms)
▶ directorMergeService
  ✔ merges source data into an explicit target while preserving target conflicts (519.962167ms)
  ✔ adopts the source portrait only when the target has no formal portrait (478.608583ms)
  ✔ rolls back target fields and video relations when the database transaction fails (337.984375ms)
  ✔ commits the merge and reports source portrait cleanup failure (273.213042ms)
  ✔ rejects using the same director as target and source (358.835ms)
✔ directorMergeService (1971.758334ms)
▶ external link service
  ✔ accepts only bounded HTTP and HTTPS links (0.30925ms)
✔ external link service (0.779959ms)
▶ legacy media-library settings bootstrap
  ✔ keeps native V14 config defaults when a fresh database has no legacy evidence (6.517291ms)
  ✔ imports roots, cleanup work, and typed configuration into the default library once (3.969708ms)
  ✔ freezes an online legacy cleanup root identity before making the work active (12.145666ms)
  ✔ keeps parent and child legacy paths but enables only the first non-overlapping set (14.641584ms)
  ✔ keeps realpath aliases but enables only one physical legacy root (11.367458ms)
  ✔ keeps app-level scraper and cover preferences after import and repeated startup cleanup (3.603167ms)
  ✔ keeps inferred roots and links source-managed resources to the deepest matching root (3.371583ms)
  ✔ imports the last scan summary and its managed unrecognized-file snapshot (3.618333ms)
  ✔ preserves a standalone unrecognized snapshot through a synthetic legacy scan run (3.24125ms)
  ✔ keeps an older safe snapshot separate from a newer failed scan summary (3.78825ms)
  ✔ retries JSON cleanup without importing database rows twice (3.159417ms)
  ✔ rolls back every database change and skips JSON cleanup when import fails (3.037417ms)
✔ legacy media-library settings bootstrap (73.076ms)
▶ LibraryCurator lifecycle
  ✔ releases its own runs without disposing the application AgentExecution (1.1245ms)
✔ LibraryCurator lifecycle (1.440708ms)
✔ uses the indexed journal cursor for a curator snapshot (0.808875ms)
▶ libraryPathCleanupService
  ✔ previews only resources owned by the selected library and root (492.38ms)
  ✔ previews and safely cleans a disabled root including pending and diagnostic rows (288.476625ms)
  ✔ confirms with the current revision and queues an identity snapshot without deleting data (260.299708ms)
  ✔ rejects a confirmation when scan-owned resources changed after preview without a revision bump (450.933708ms)
  ✔ removes and promotes resources only inside the confirmed library and root (569.541916ms)
  ✔ lets a cleanup-only scan consume the last removed root without touching another library (597.727791ms)
  ✔ recovers an offline legacy cleanup intent when a later full scan sees the root online (350.47125ms)
  ✔ keeps an overlapping legacy cleanup root waiting during a later full scan (425.889709ms)
  ✔ keeps an overlapping parent legacy cleanup root waiting during a later full scan (393.202292ms)
  ✔ keeps a realpath-alias legacy cleanup root waiting across libraries (286.855334ms)
  ✔ fails closed when a confirmed root is offline (436.3065ms)
  ✔ fails closed when the path now resolves to a replacement directory (377.181083ms)
  ✔ cancels a failed removal into a disabled, archiveable root without deleting records (327.762666ms)
  ✔ completes a confirmed cleanup after an unrelated library configuration edit (284.939625ms)
  ✔ rolls back resource removal, promotion, root state, and job completion together (309.115125ms)
✔ libraryPathCleanupService (5852.472917ms)
▶ normalizeTranslationOutput
  ✔ strips fenced and quoted model output (0.356667ms)
✔ normalizeTranslationOutput (0.6605ms)
▶ MediaAssetStore
  ✔ coalesces encrypted thumbnails, isolates size variants and preserves original preview bytes (135.959042ms)
  ✔ checks plain and decrypted image pixels before caching and recovers after replacement (126.129041ms)
  ✔ retains cancelled active slots until file read settles (66.836542ms)
  ✔ retains cancelled active slots until file close settles (79.358041ms)
  ✔ retains cancelled active slots until file metadata settles (79.754625ms)
  ✔ rejects oversized plain and encrypted files before opening or decrypting them (64.366125ms)
  ✔ does not merge a post-invalidation request into the old pending read (38.7875ms)
  ✔ shares a cold encrypted read and decryption across concurrent requests without sharing cancellation (64.801083ms)
  ✔ does not return cached bytes when cancelled while the hot-path stat is pending (41.126667ms)
  ✔ does not reuse the same relative cache key after the asset root changes (52.7665ms)
  ✔ rejects a changed file during reading without caching its old bytes (31.922084ms)
  ✔ serves hot plaintext and encrypted images without rereading or decrypting their bytes (92.316083ms)
  ✔ reloads replaced files even with restored mtime and rejects deleted files before using cache (53.80225ms)
  ✔ does not repopulate explicitly invalidated cache from a pending read (43.768875ms)
  ✔ retains read slots while cancelled encrypted requests wait for native crypto completion (92.953625ms)
  ✔ cancels queued reads before opening files and keeps active slots until reads settle (79.952834ms)
downloadAvatar failed: Bad Avatar https://example.test/avatar.html response is not a usable image
Failed to delete media asset: covers/TEST-002_5557d02f.jpg Error: file is locked
    at FailingCleanupStore.delete (/Users/nut/Project/JavdexLabs/Javdex/src/main/services/mediaAssetStore.test.ts:936:15)
    at FailingCleanupStore.deleteImmediateBestEffort (/Users/nut/Project/JavdexLabs/Javdex/src/main/services/mediaAssetStore.ts:449:12)
    at FailingCleanupStore.finishCoordinatedChange (/Users/nut/Project/JavdexLabs/Javdex/src/main/services/mediaAssetStore.ts:561:52)
    at <anonymous> (/Users/nut/Project/JavdexLabs/Javdex/src/main/services/mediaAssetStore.ts:527:14)
    at AsyncLocalStorage.run (node:internal/async_local_storage/async_context_frame:63:14)
    at FailingCleanupStore.runCoordinatedChange (/Users/nut/Project/JavdexLabs/Javdex/src/main/services/mediaAssetStore.ts:504:31)
    at FailingCleanupStore.coordinateDatabaseChange (/Users/nut/Project/JavdexLabs/Javdex/src/main/services/mediaAssetStore.ts:465:17)
    at <anonymous> (/Users/nut/Project/JavdexLabs/Javdex/src/main/services/mediaAssetStore.test.ts:941:37)
    at getActual (node:assert:611:5)
    at strict.doesNotThrow (node:assert:779:32)
  ✔ serves plain and encrypted images asynchronously without synchronous file reads (126.077209ms)
  ✔ reads plain and encrypted images and reports a stable plaintext fingerprint (101.918333ms)
  ✔ rejects stored paths that escape the media root (7.952208ms)
  ✔ exposes bootstrap and layout paths under the media root (29.534458ms)
  ✔ encrypts a stored plain asset and lists it under stable subdirectories (99.324875ms)
  ✔ decrypts a stored encrypted asset back to its plain relative path (124.693291ms)
  ✔ compensates newly-created resources when the database operation fails (36.082541ms)
  ✔ compensates newly imported cover and sample files when a database operation fails (62.923917ms)
  ✔ compensates newly imported playlist covers when a database operation fails (53.265417ms)
  ✔ compensates async downloads when the database operation fails (40.111083ms)
  ✔ rejects unusable local image imports instead of storing them (17.771959ms)
  ✔ rejects unusable avatar downloads instead of storing them (11.821708ms)
  ✔ keeps an existing download when replacing the same URL later rolls back (55.780167ms)
  ✔ keeps an existing avatar source when importing the same bytes later rolls back (55.317416ms)
  ✔ deletes obsolete resources only after the database operation succeeds (38.015125ms)
  ✔ uses distinct paths for avatar display replacements created in the same millisecond (52.110125ms)
  ✔ discards newly created resources marked obsolete in the same coordinated change (47.873416ms)
  ✔ promotes nested created resources so a parent rollback can compensate them (45.486625ms)
  ✔ defers nested obsolete deletes of pre-existing files until the parent commits (54.35075ms)
  ✔ keeps nested obsolete pre-existing files when the parent rolls back (57.713667ms)
  ✔ does not leak nested create-then-obsolete files when the parent rolls back (46.2895ms)
  ✔ runInCoordinatedChange joins an active parent instead of nesting (40.010792ms)
  ✔ keeps isolated coordinated creates when an outer parent later rolls back (41.871208ms)
  ✔ keeps independent root work when an awaited outer coordinated change fails (40.24875ms)
  ✔ keeps relocation exclusive with coordinated and direct media mutations (46.890459ms)
  ✔ keeps relocation exclusive with a stable read lease (6.78825ms)
  ✔ keeps caller registrations off an un-awaited nested async coordinated change (66.925791ms)
  ✔ does not turn a post-commit cleanup failure into a database failure (57.036625ms)
✔ MediaAssetStore (2610.897167ms)
✔ reads empty, exact-budget and multi-chunk files without using readFile (19.9825ms)
✔ rejects oversize before reading and closes the opened handle (13.473167ms)
✔ rejects grow during reading and closes the handle (18.025666ms)
✔ rejects truncate during reading and closes the handle (24.787542ms)
✔ rejects cancel during reading and closes the handle (15.293958ms)
✔ rejects io-error during reading and closes the handle (11.119ms)
✔ does not open an already cancelled request (17.038125ms)
✔ closes the handle on cancel-after-open before allocating body bytes (21.901042ms)
✔ closes the handle on stat-error before allocating body bytes (17.825ms)
✔ closes the handle on directory before allocating body bytes (13.91625ms)
✔ reads PNG/WebP metadata and never follows TIFF offsets outside its chunk (0.831708ms)
✔ inspects all served formats without decoding pixels (23.701458ms)
✔ rejects a tiny encoded image with an oversized canvas and accepts the exact boundary (1.603167ms)
✔ rejects corrupt and unsupported image headers (10.191709ms)
✔ inspects the single-frame canvas of real animated GIF and WebP inputs (1.803083ms)
✔ waits for metadata completion when cancelled and destroys the reader (0.623084ms)
✔ shares a read while one consumer cancels and preserves independent result buffers (1.473375ms)
✔ drains the last cancelled consumer without deleting a newer flight under the same key (0.274542ms)
✔ fans out failures and permits a fresh attempt (0.215709ms)
✔ aborts the underlying work only after all consumers cancel and drains the final slot (0.445917ms)
✔ defaults to four active reads and 256 queued requests with reusable cancellation capacity (3.404375ms)
✔ bounds active and queued reads, removes cancelled work and releases capacity after failures (0.191375ms)
✔ does not free an active slot before an aborted reader actually settles (0.127541ms)
✔ preserves aspect ratio, respects orientation and does not enlarge small images (26.01275ms)
✔ makes a single static thumbnail from an animated image (1.731708ms)
✔ retains two decode slots until native work settles after cancellation (2.567083ms)
▶ media-library service
  ✔ validates an explicitly configured create-time video scraper before persistence (2.07825ms)
  ✔ allows unrelated config edits with a stale stored scraper but validates explicit changes (0.186542ms)
  ✔ runs the root-migration commit through the shared resource-maintenance gate (0.181208ms)
  ✔ runs every root mutation through the scan-shared maintenance gate (0.293375ms)
  ✔ preserves root continuity validation errors through service mutation gates (0.22975ms)
  ✔ serializes library and config lifecycle mutations with resource writes (0.224ms)
  ✔ cannot archive through the service while an asynchronous resource write owns the gate (0.275125ms)
✔ media-library service (4.32375ms)
▶ mediaProtocol
  ✔ forwards a finite variant and rejects invalid size without reading (19.576959ms)
  ✔ returns 413 for oversized images with an empty HEAD body (0.721ms)
  ✔ awaits the image reader and forwards cancellation while serving GET and HEAD (0.321583ms)
  ✔ skips reads for preflight and forbidden paths, and distinguishes busy from missing (0.470333ms)
  ✔ resolves media URLs under the asset root (0.056375ms)
  ✔ rejects path traversal outside the asset root (0.03325ms)
✔ mediaProtocol (21.603042ms)
▶ organizationDeletionService
  ✔ removes only the selected role and recalculates its linked videos at execution time (335.809542ms)
  ✔ rejects removing the final role and leaves all relations unchanged (347.051708ms)
  ✔ blocks role removal and full deletion when they would rewrite a pending video (390.499417ms)
  ✔ fully deletes an organization and detaches every supported relation after a fresh preview (607.827583ms)
  ✔ rejects full deletion when owned series names conflict in the unowned scope (443.01025ms)
  ✔ rolls back full deletion relations and skips image cleanup when deletion fails (382.750875ms)
  ✔ commits full deletion while reporting post-commit image cleanup failures (413.114875ms)
✔ organizationDeletionService (2920.736625ms)
▶ organizationMergeService
  ✔ merges cross-role records and transfers role-specific videos, children, and series (380.676625ms)
  ✔ adopts the source brand image only when the target has none (404.866667ms)
  ✔ preflights publisher transfer business identity collisions before writing (472.444375ms)
  ✔ blocks a merge that would rewrite a pending video relation (492.036542ms)
  ✔ rejects a series name collision in the target scope without changing any relation (400.501ms)
  ✔ rejects merging an ancestor into a deep descendant (407.729333ms)
  ✔ collapses a direct source-to-target hierarchy and transfers source siblings (400.956459ms)
  ✔ rolls back the profile and every relation when the transaction fails (331.972792ms)
  ✔ commits the merge and reports a brand image cleanup failure (408.518791ms)
  ✔ rejects using the same organization as target and source (332.50975ms)
✔ organizationMergeService (4033.088208ms)
▶ pending resource identity service
  ✔ uses the persisted choice, assigns the resource atomically, and applies only a matching current NFO (424.066833ms)
  ✔ completes resource ownership but does not apply metadata when the current NFO no longer matches (424.130084ms)
  ✔ finishes resource ownership when the current NFO cannot be inspected safely (509.219209ms)
  ✔ keeps the identity pending and creates no formal record when the source fingerprint is stale (438.592125ms)
  ✔ rechecks a STRM target snapshot and leaves the conflict intact when it changes (331.212417ms)
✔ pending resource identity service (2127.803958ms)
▶ PlayerService
  ✔ opens and reveals a local resource through system file operations (2.723375ms)
  ✔ opens a STRM target externally but reveals its local source file (0.104208ms)
  ✔ opens the primary direct resource with the system URL handler (0.087583ms)
  ✔ reports a system open failure and does not try another resource (0.133458ms)
  ✔ hands Magnet resources to the registered system protocol handler (0.061ms)
  ✔ rejects every playback and reveal entry point before reading an archived or missing library (0.06275ms)
  ✔ opens and reveals only resources that belong to the selected library (5.503084ms)
✔ PlayerService (9.098334ms)
▶ playlist import browser navigation guard
  ✔ requires DOM-backed terminal reasons to carry a selector and pass host verification (1.284125ms)
  ✔ accepts known-total terminal evidence only when the checkpoint declares a total (0.087333ms)
  ✔ accepts a virtual first window only after a settled host-owned reset to the top (0.064625ms)
  ✔ revalidates terminal or link evidence in the final dynamic window before sealing (0.091542ms)
  ✔ alternates virtual scrolling with frozen load-more actions before sealing (0.058333ms)
  ✔ defers bottom-only advance validation until a virtual page reaches its terminal view (0.053167ms)
  ✔ waits for a quiet window after every asynchronous load-more change (0.056209ms)
  ✔ restarts the quiet window when a temporary dynamic expansion rolls back (0.04025ms)
  ✔ classifies foreground retry failures without treating them as restart recovery (0.226583ms)
✔ playlist import browser navigation guard (2.417708ms)
▶ playlist importer browser guidance
  ✔ prefers structured reads while leaving page semantics and interaction to the agent (0.43925ms)
  ✔ hands page semantics to the agent and prioritizes user-only blockers (0.095709ms)
  ✔ extracts a first-page playlist name only from reliable page evidence (0.088417ms)
  ✔ requires every newly opened static page to be inspected and checkpointed before advancing again (0.066041ms)
  ✔ distinguishes checkpoint evidence from status artifacts and explains terminal selectors (0.092ms)
✔ playlist importer browser guidance (1.419333ms)
▶ PlaylistImportModule interface
  ✔ returns an initial browser handoff projected during the first agent dispatch (6.75275ms)
  ✔ persists the import job before the run driver can project bootstrap observations (3.494375ms)
  ✔ returns immediately after accepting one run and replays the same start idempotently (3.968417ms)
  ✔ allows only one foreground import session at a time (4.384375ms)
  ✔ rejects invalid start targets before creating an Agent run (3.472292ms)
  ✔ includes write options in the idempotent frozen input (4.433917ms)
  ✔ rejects one idempotency key reused for different frozen input (3.76825ms)
  ✔ cancels pre-apply work without creating an empty playlist (4.513ms)
  ✔ preserves a retryable recovery failure when apply invalidates after identity review (7.909459ms)
  ✔ retries a recoverable apply error after the target library becomes active again (5.294125ms)
  ✔ dispatches a same-session retry for a retryable discovery checkpoint (4.198917ms)
  ✔ clears a missing page checkpoint before dispatching a same-session retry (4.265167ms)
  ✔ coalesces concurrent retries with the same idempotency key before recovery side effects (4.047458ms)
  ✔ keeps discovery retry state in the foreground session instead of the durable product journal (3.613458ms)
  ✔ applies a foreground retry atomically without reserving a durable retry result (5.212958ms)
  ✔ discards a browser session when driver creation fails before persistence (3.567958ms)
✔ PlaylistImportModule interface (73.770083ms)
▶ PlaylistImportRepository
  ✔ keeps all import staging in the current SQLite connection only (5.774875ms)
  ✔ rejects credential-bearing source and detail URLs before staging them (0.708542ms)
  ✔ removes sensitive detail URL credentials and requires explicit user identity handling (6.289583ms)
  ✔ accepts a checkpoint after a source redirects between www and apex host variants (4.091583ms)
  ✔ fails an empty external list without creating an empty playlist (3.579584ms)
  ✔ fails discovery when the frozen run exceeds its wall-clock safety budget (3.466583ms)
  ✔ checkpoints every page before atomically creating/reusing videos and a new playlist (5.307125ms)
  ✔ assigns stable unique page order when numbered pagination rediscoveries overlap (4.280042ms)
  ✔ fails self-referential and A-to-B-to-A static pagination as PAGINATION_LOOP (4.508125ms)
  ✔ keeps legal duplicate pages when their concrete pagination frontiers differ (4.317417ms)
  ✔ fails a sealed dynamic page whose next URL only loops to an existing frontier (4.311792ms)
  ✔ keeps a declared page-total mismatch retryable and accepts a corrected checkpoint (4.102625ms)
  ✔ rejects a conflicting nonterminal page before sealing it and completes after correction (4.951125ms)
  ✔ restarts from the source when only the terminal page proves earlier totals wrong (8.769959ms)
  ✔ uses the first-page Agent suggestion when the user leaves the new playlist name empty (4.050125ms)
  ✔ keeps existing playlist links and deduplicates the source playlist URL when enabled (4.373167ms)
  ✔ falls back to the existing host-and-date name when the Agent returns no name (4.028459ms)
  ✔ does not let an Agent suggestion rename an append target (4.536417ms)
  ✔ skips unmatched items and omits detail links when both write options are disabled (4.092791ms)
  ✔ reuses a unique code match created after an auto-create-disabled preview (4.319667ms)
  ✔ persists target-library and target-playlist failures instead of leaving apply retry loops (6.081042ms)
  ✔ counts external convergence separately from videos already present before apply (5.682542ms)
  ✔ keeps multiple global code matches in the detail phase even when one is in the target library (4.083666ms)
  ✔ reuses a unique exact code discovered only on the detail page (4.432959ms)
  ✔ sends conflicting list and detail codes to user review without discarding list candidates (5.639667ms)
  ✔ rejects a stale direct-code decision when a duplicate appears before apply (4.721958ms)
  ✔ reopens identity resolution when another video claims the detail URL before apply (5.324292ms)
  ✔ returns target-library tiebreaks to identity review when memberships become stale (5.811625ms)
  ✔ persists an unexpected transactional apply failure and retries it atomically (4.642416ms)
  ✔ lets a unique strong detail match override the target library preference (4.23525ms)
  ✔ uses a canonical www detail link as a strong owner signal without duplicating it (4.541333ms)
  ✔ requires user review when independent strong detail signals conflict (4.704791ms)
  ✔ keeps a source owner outside the code candidates and blocks target-library tiebreaking (4.204666ms)
  ✔ invalidates the preview when a new source owner appears before apply (5.286667ms)
  ✔ treats source external-code and source-URL evidence as independent signals (6.522791ms)
  ✔ does not use the target library when complete business identity contradicts known candidates (4.687792ms)
  ✔ waits for the user when detail signals leave multiple cross-library candidates (4.9285ms)
  ✔ replays an identical page checkpoint and makes changed content recoverable (4.59825ms)
  ✔ makes a changed replay of a dynamic operation recoverable without duplicating the batch (4.564041ms)
  ✔ rolls a changed sealed dynamic page back with downstream frontiers and orphan items (81.764ms)
  ✔ rejects a playlist name submitted after the first logical page (3.885917ms)
  ✔ persists and resumes a browser handoff without losing the current list frontier (4.243291ms)
  ✔ fails an expired browser handoff before persisting a resume checkpoint (3.762584ms)
  ✔ checkpoints overlapping virtual windows before sealing a continuous list (6.457959ms)
  ✔ persists host-owned load-more batches and seals only after the control disappears (4.477417ms)
  ✔ persists load-more no-progress and fails instead of retrying the same action (3.933375ms)
  ✔ fails the run instead of truncating a source that declares totals above the safety budget (4.150833ms)
  ✔ fails and rolls back a dynamic window above the per-batch candidate budget (5.503458ms)
✔ PlaylistImportRepository (304.007583ms)
▶ PlaylistImportAgentRunDriver scripted browser integration
  ✔ dispatches the conversation before the agent opens the frozen source page (6.587458ms)
  ✔ hands an initial challenge to the user through the agent browser tool (4.205833ms)
  ✔ requires the domain advance tool to claim a pending page before checkpointing it (7.988208ms)
  ✔ lets the agent choose how to return to frozen work after a handoff (3.751125ms)
  ✔ lets the agent hand a login page to the user immediately (3.394125ms)
  ✔ pauses for human verification when host-owned detail navigation hits a challenge (4.5705ms)
  ✔ replays a committed static page checkpoint after its response is lost (5.344833ms)
  ✔ replays a committed detail checkpoint after its response is lost (5.488ms)
  ✔ restarts the changed dynamic page from its inbound frontier on product retry (5.652416ms)
  ✔ restarts a dynamic page with corrected declared totals after one product retry (8.864042ms)
  ✔ records an evidence-backed unsupported pagination report as an explicit terminal error (3.676375ms)
  ✔ requires a page checkpoint before advancing away from the current list page (4.447375ms)
  ✔ keeps a missing page checkpoint agent-correctable instead of locking the tool host (4.299875ms)
  ✔ does not expose status artifacts as eligible page-checkpoint evidence (3.194125ms)
  ✔ inspects an automatic login redirect but still rejects a checkpoint from it (3.231417ms)
  ✔ checkpoints a finite recycled virtual list without gaps and binds evidence to every view (7.453125ms)
  ✔ normalizes a one-based stable position attribute into a continuous virtual list (6.370834ms)
  ✔ backtracks to the last anchor and halves the step when variable heights skip a window (6.511083ms)
  ✔ combines virtual scrolling with host-owned load-more and checkpoints the expanded window (1006.745416ms)
  ✔ retries a stalled virtual window once, then fails when it still cannot progress (4.310042ms)
✔ PlaylistImportAgentRunDriver scripted browser integration (1107.043167ms)
▶ playlistImportRecoverableToolFailure
  ✔ keeps only same-session timeout and changed-source failures retryable (0.127166ms)
✔ playlistImportRecoverableToolFailure (0.15725ms)
▶ PlaylistImporter ToolPack
  ✔ exposes static-page, virtual-window and detail checkpoints through one least-privilege pack (1.285291ms)
  ✔ lets the agent inspect and operate the same-site browser (0.307667ms)
  ✔ binds every declaration to a production handler (0.087583ms)
  ✔ accepts one optional page-evidenced name on the page checkpoint (0.073417ms)
  ✔ requires a mechanically verifiable terminal contract (0.058958ms)
  ✔ describes static pagination as navigation followed by a new page checkpoint (0.075ms)
  ✔ makes checkpoint evidence eligibility and terminal selector semantics explicit (0.217ms)
✔ PlaylistImporter ToolPack (2.531833ms)
▶ playlistService media asset seam
  ✔ creates a playlist cover through MediaAssetStore and cleans it on delete (501.205334ms)
  ✔ deletes the previous cover only after a successful cover replacement (479.626291ms)
✔ playlistService media asset seam (981.290875ms)
▶ PluginBrowserCapabilityModule
  ✔ uses action-specific result budgets (0.989875ms)
  ✔ inlines complete small page-fact sections instead of keeping an oversized snapshot (35.707625ms)
  ✔ omits an oversized page-fact section as a whole and never returns a prefix (33.881292ms)
  ✔ returns an omitted artifact section through bounded cursor pages (77.157375ms)
  ✔ keeps every omitted delta section readable from the same artifact (52.863375ms)
  ✔ returns valid artifact sections and a catalog recovery action for an unknown section (16.869875ms)
  ✔ rejects read-section paths outside the browser artifact directory (3.031583ms)
  ✔ keeps a small localeLinks section when snapshot and content links are omitted (35.045833ms)
  ✔ hides oversized artifact string segments behind read-section pagination (36.79225ms)
  ✔ returns every captured page-fact item when the complete observation fits (30.841125ms)
  ✔ keeps the hard transport limit even when the page has unusually many fact sections (459.549666ms)
  ✔ marks evidence incomplete only when the complete page evidence was actually capped (31.356583ms)
  ✔ returns occurrence-aware ARIA and top-level page-fact deltas for one document (33.066542ms)
  ✔ treats a scroll view revision as a full observation and invalidates prior refs (31.62175ms)
  ✔ records a newly appeared pageFacts section after fill without throwing (31.340583ms)
  ✔ falls back explicitly to the artifact when a complete delta exceeds its budget (44.813958ms)
  ✔ isolates baselines by session and resets them when a lease is released (37.1385ms)
  ✔ unwraps evaluate values that were unnecessarily JSON-stringified (21.952667ms)
  ✔ keeps a successful action pending result successful and compact (20.87975ms)
  ✔ redacts typed text from the stored artifact (21.989959ms)
✔ PluginBrowserCapabilityModule (1057.954542ms)
▶ PluginDeveloper approval and lifecycle stability
  ✔ restores a legacy run with newly-invalid field ids as a repairable workspace (135.375916ms)
  ✔ clears every durable plugin-development history without touching other Agent use cases (37.389958ms)
  ✔ refuses to clear history while a plugin-development operation is running (0.448916ms)
  ✔ discards unrecoverable plugin-development history without touching recoverable runs (89.521792ms)
  ✔ waits for a slow terminal release before an immediate continuation reopens the run (0.972292ms)
  ✔ materializes a terminal workspace before lazy continuation projects native file tools (153.620792ms)
  ✔ projects Pi native file tools into the durable product timeline (129.703875ms)
  ✔ records exactly one domain error when a runtime fault transitions the run to failed (0.505833ms)
  ✔ surfaces an unpersistable runtime fault and resolves the active operation (0.238125ms)
  ✔ publishes the reduced active context immediately after Pi compaction (0.170375ms)
  ✔ keeps a transient invalid workspace recoverable and resyncs after a valid rewrite (159.352042ms)
  ✔ streams provider reasoning and answer while persisting each only once per completed turn (71.932792ms)
  ✔ bounds one displayed reasoning block and reports the original character count (2.28125ms)
  ✔ revokes an approved permit when Pi rejects the approval continuation (0.253875ms)
  ✔ does not consume an approval while the operation that emitted waiting_user is still settling (0.133792ms)
  ✔ binds a typed choice to the exact request without treating it as user feedback (405.209709ms)
  ✔ resumes a typed browser interaction without turning completion into defect feedback (0.170459ms)
  ✔ keeps a mechanically ready artifact waiting for user after Pi settles (144.999583ms)
  ✔ requires real feedback before continuing a mechanically ready artifact (123.77725ms)
  ✔ keeps readiness for dev-notes edits but invalidates it for package edits (167.124667ms)
  ✔ does not run hidden production execution when Pi settles without a current artifact (131.014042ms)
  ✔ projects a model-turn limit into waiting_user/working without running a hidden check (139.912708ms)
  ✔ allows installation only for the exact full production execution artifact (0.4925ms)
  ✔ marks the session completed only after the accepted artifact is installed (0.29675ms)
  ✔ adopts the installed display name when install renames to avoid a conflict (140.24025ms)
  ✔ persists the renamed installed package onto settled product state (149.95675ms)
  ✔ releases only PluginDeveloper-owned runs during application disposal (0.239958ms)
✔ PluginDeveloper approval and lifecycle stability (2186.340375ms)
✔ uses the indexed journal cursor for active and persisted plugin snapshots (0.381ms)
✔ preserves incremental logs across stale-runtime cancellation, cold snapshot, restore and export (1344.103042ms)
✔ keeps the migrated work log reference when runtime reopen fails during recovery (250.839834ms)
✔ retries closed workspaces with intact or corrupted state without rewriting diagnostic data (373.836292ms)
✔ serializes cleanup admission and drains safely: {"initial":"clear","fail":false,"dispose":true} (415.153208ms)
✔ serializes cleanup admission and drains safely: {"initial":"discard","fail":true,"dispose":true} (468.886292ms)
✔ serializes cleanup admission and drains safely: {"initial":"clear","fail":true,"dispose":false} (447.115458ms)
▶ PluginExecutionModule
  ✔ passes only the typed actress runtime identity and preserves production facts (15.377625ms)
  ✔ records rejected production results without adding semantic issue classifications (17.619417ms)
  ✔ does not accept undefined or runtime-only output as a material production result (19.435375ms)
  ✔ does not accept a video source link without any material scraped field (10.873917ms)
  ✔ treats a full empty contract return as unmatched targets, not a broken shape (0.138291ms)
✔ PluginExecutionModule (63.946583ms)
▶ PluginRunAcceptanceModule
  ✔ accepts an exact full production artifact without judging content or manifest coverage (1.568917ms)
  ✔ keeps readiness when only the plugin display name changes (0.129417ms)
  ✔ rejects targeted, stale package, stale target, stale runtime, and failed execution artifacts (0.269334ms)
  ✔ never accepts a vacuous full execution with no session targets or cases (0.076542ms)
  ✔ treats a successful proper-subset run as wrong_scope, not execution_failed (0.064833ms)
  ✔ keeps execution_failed when a targeted subset itself failed (0.064625ms)
✔ PluginRunAcceptanceModule (2.579083ms)
▶ PluginWorkspaceModule
  ✔ starts create mode without a requested or predeclared field set (0.907209ms)
  ✔ materializes a Pi-native file workspace and rebuilds a normalized package (121.17325ms)
  ✔ treats workspace files as authoritative and changes the artifact hash after an edit (130.835917ms)
  ✔ keeps Pi dev notes outside the plugin artifact and preserves them across instruction refreshes (174.784375ms)
  ✔ atomically records completed execution facts and the current acceptance projection (129.983125ms)
  ✔ updates current acceptance without overwriting the latest execution facts (123.906084ms)
  ✔ does not reinterpret a removed workspace field declaration as all fields (127.968375ms)
  ✔ refreshes v4 host resources without overwriting the draft or decisions (200.00025ms)
  ✔ preserves same-kind legacy targets only when current input has none (216.766375ms)
  ✔ keeps current instruction resources frozen when the workspace is reopened (133.477042ms)
  ✔ preserves an older frozen instruction set while restoring an existing run (119.424916ms)
✔ PluginWorkspaceModule (1479.949875ms)
✔ awaits asynchronous removal without recursively deleting through the synchronous API (20.175209ms)
▶ PluginDevInstructionModule
  ✔ keeps the system prompt limited to identity, workspace and host boundaries (0.510291ms)
  ✔ makes javdex-plugin-dev the only owner of the development workflow (2.595ms)
  ✔ orders page-level search and detail code checkpoints for video and actress skills (0.489334ms)
  ✔ generates isolated result contracts and workflow examples for each plugin kind (0.352875ms)
  ✔ marks field documentation as a query table rather than an implementation checklist (0.08525ms)
  ✔ preserves a resolved choice and reassesses the remaining blocker (0.057292ms)
  ✔ resumes a completed browser handoff from the interrupted location (0.032084ms)
  ✔ uses the host initial dry-run in debug mode without requesting a duplicate run (0.099166ms)
  ✔ starts create from the Skill instead of a five-file reading ritual (0.091083ms)
  ✔ generates stable v1 resources for identical inputs (0.395375ms)
  ✔ applies user feedback without manufacturing an extra development round (0.039708ms)
  ✔ treats the resume button as continuation rather than new defect feedback (0.04325ms)
  ✔ exposes only dry-run, typed user input and the browser adapter tools (0.096833ms)
✔ PluginDevInstructionModule (5.359625ms)
▶ PluginDeveloper v1 tool executor
  ✔ rejects removed domain tools (117.43625ms)
  ✔ rejects URL-shaped targets without replacing the initial dry-run state (121.479458ms)
  ✔ preserves the prior latest facts while the workspace is temporarily invalid (155.479875ms)
  ✔ adopts the first legal explicit targets immediately and exposes runtime facts (163.976125ms)
  ✔ emits adopted targets before the production runner settles (167.153125ms)
  ✔ replaces session targets after a full unmatched execution (162.293041ms)
  ✔ keeps later explicit targets targeted when the last full run was not an empty miss (139.786875ms)
  ✔ uses later explicit targets only for targeted diagnostics (146.5675ms)
  ✔ treats explicit targets that cover the session set as a full run (130.479542ms)
  ✔ allows the fourth and tenth real executions without an attempt limit (214.914167ms)
  ✔ reads an artifact section without acquiring the live browser lease (115.875167ms)
  ✔ maps bounded scroll arguments to the shared browser command (128.91ms)
  ✔ terminates on browser busy without replacing the initial dry-run state (114.557084ms)
  ✔ does not replace the initial dry-run state when Cloudflare interrupts the run (160.653584ms)
  ✔ preserves the prior latest facts when a real execution is cancelled (137.677375ms)
✔ PluginDeveloper v1 tool executor (2178.107167ms)
▶ plugin developer Cloudflare handoff
  ✔ retains the browser only for browser interaction handoff requests (0.323ms)
  ✔ recognizes the typed browser challenge signal (0.068917ms)
  ✔ turns browser action=open challenge into an immediate waiting_user handoff (117.389042ms)
  ✔ presents the helper and creates a typed login handoff without running a Playwright action (127.984167ms)
  ✔ returns typed recovery errors for uncertain actions and pending explicit observations (127.044375ms)
✔ plugin developer Cloudflare handoff (373.281834ms)
▶ PluginDeveloper ToolPack v1
  ✔ matches the compact Pi-native schema in stable order (0.9325ms)
  ✔ classifies dry-run, browser reads/interactions and secret typing explicitly (0.074375ms)
  ✔ governs every remaining host capability through permission, abort and ledger (7.22775ms)
✔ PluginDeveloper ToolPack v1 (8.684875ms)
▶ pluginDevAgent workLog
  ✔ records full tool detail and builds an exportable timeline (17.15775ms)
  ✔ never exports a failed terminal state without an error event (0.1645ms)
✔ pluginDevAgent workLog (17.639167ms)
✔ migrates a legacy log once, preserves message/event order, and reads only its committed journal interval (15.49825ms)
✔ rolls back journal appends when product state commit fails and retries without duplicates (1.03975ms)
✔ rejects changed legacy prefixes, shrinking histories, missing rows and malformed references without rewriting data (0.568791ms)
✔ keeps logical state+journal writes linear for 1k, 10k and 100k log entries (4793.288791ms)
ℹ {"results":[{"entries":1000,"stateBytes":110786,"journalBytes":131780},{"entries":10000,"stateBytes":1127788,"journalBytes":1337780},{"entries":100000,"stateBytes":11477790,"journalBytes":13577780}],"scope":"In-memory SQLite logical JSON bytes; outer transaction amortizes test setup. Not WAL/device bytes, fsync latency, UI or cold recovery memory acceptance."}
▶ pluginDevCodeEdit
  ✔ replace_snippet swaps a unique fragment (0.865958ms)
  ✔ replace_snippet rejects non-unique oldText (0.135042ms)
  ✔ replace_snippet picks match nearest nearLine (0.240166ms)
  ✔ replace_function can replace a top-level helper (0.369416ms)
  ✔ replace_function rejects re-declaring helper inside parseActress block (0.371125ms)
  ✔ listTopLevelFunctions returns names with line ranges (0.928166ms)
  ✔ findDuplicateTopLevelBindings detects duplicate function names (0.056375ms)
✔ pluginDevCodeEdit (3.415417ms)
▶ pluginDevPageFormat
  ✔ formats definition lists and dom regions for prompts (0.41925ms)
  ✔ formats inspect locale anchors without treating them as a language API (0.064875ms)
  ✔ includes link region markers (0.062375ms)
  ✔ builds full page insight prompt (0.181292ms)
  ✔ keeps forms and prioritized links when raw DOM regions are very large (0.461333ms)
✔ pluginDevPageFormat (1.5625ms)
▶ pluginDevService
  ✔ preserves an explicit empty supportedFields list for an undiscovered create draft (6.3495ms)
  ✔ rejects parse result keys used as supportedFields instead of silently dropping them (7.037291ms)
  ✔ wraps generated bare parseVideo functions before dry-run (70.077167ms)
  ✔ reports unrecognized raw result keys before normalization without suggestions (61.912041ms)
  ✔ preserves every normalized video candidate during dry-run (59.826333ms)
  ✔ rejects a video result whose code does not match the requested target (77.150458ms)
  ✔ wraps generated bare parseActress functions before dry-run (59.893333ms)
  ✔ reports legal manifest field ids even when the compatibility projection accepts an empty declaration (55.952125ms)
  ✔ coerces actress numeric and date strings during dry-run (61.853792ms)
  ✔ returns actress identity facts without adding a semantic target rejection (60.003541ms)
✔ pluginDevService (521.187417ms)
✔ coalesces a large burst and flushes the final value without leaking a timer (3.211166ms)
✔ limits continuous progress to ten updates per second plus the final flush (0.580583ms)
✔ replaces pending progress with an immediate state and can publish the next state (0.153958ms)
✔ normalizeProxyUrl accepts common proxy schemes (0.640416ms)
✔ normalizeProxyUrl rejects empty and invalid values (0.533458ms)
▶ public HTTP fetch
  ✔ rejects private literals and hostnames resolving to private addresses (3.053334ms)
  ✔ connects to the validated address while preserving the logical host (19.798875ms)
  ✔ validates redirect destinations and caps streamed response bytes (0.966875ms)
  ✔ applies one timeout budget to URL validation and the request (31.396459ms)
  ✔ closes a pending SOCKS connection when the request deadline expires (64.624ms)
✔ public HTTP fetch (120.617583ms)
▶ resourceLessVideoCleanupService
  ✔ deletes only zero-resource videos and removes their relations and owned images (345.158209ms)
  ✔ protects zero-resource videos while any playlist still references them (295.598042ms)
  ✔ counts and cleans assets only after the final guarded delete succeeds (223.892042ms)
✔ resourceLessVideoCleanupService (865.1085ms)
▶ ScrapeJobController
  ✔ flushes and detaches UI progress on rejection before accepting another batch (5.237334ms)
  ✔ coalesces video UI progress while preserving checkpoints and done delivery (20.528791ms)
  ✔ coalesces video UI progress while preserving checkpoints and paused delivery (16.691458ms)
  ✔ coalesces video UI progress while preserving checkpoints and cancelled delivery (15.207917ms)
  ✔ coalesces actress UI progress while preserving checkpoints and done delivery (17.820958ms)
  ✔ coalesces actress UI progress while preserving checkpoints and paused delivery (15.648959ms)
  ✔ coalesces actress UI progress while preserving checkpoints and cancelled delivery (14.644708ms)
  ✔ preserves media-library scope through batch count and start orchestration (0.314375ms)
  ✔ rejects a single-video scrape outside the requesting active media library (0.282916ms)
  ✔ forwards an explicit director choice and returns structured classification outcomes (0.095375ms)
  ✔ serializes single video and actress scrape runs (0.084042ms)
  ✔ pauses an interrupted persisted job during initialization (0.081125ms)
  ✔ recovers an on-disk running checkpoint as paused after restart (74.711083ms)
  ✔ publishes progress and supports pause, resume, and discard for persisted batches (1.166708ms)
  ✔ prevents starting a scrape batch while automatic crop owns the batch lock (0.105167ms)
✔ ScrapeJobController (183.716125ms)
▶ ScraperDelayController
  ✔ starts the next same-site interval after the previous access finishes (21.906667ms)
✔ ScraperDelayController (22.228125ms)
▶ ScraperPluginCatalog
  ✔ restores the configured default after deleting a selected plugin (1.404ms)
✔ ScraperPluginCatalog (1.850917ms)
▶ ScraperServiceConfiguration
  ✔ keeps scraper service IPC policy behind one application boundary (0.914292ms)
✔ ScraperServiceConfiguration (1.362917ms)
▶ SequentialBatchQueue
  ✔ counts success, pending, and failure as disjoint processed outcomes (1.287958ms)
  ✔ pauses after the current target and resumes from checkpoint (0.234042ms)
✔ SequentialBatchQueue (1.883583ms)
▶ seriesMergeService
  ✔ merges an explicit source into the target and transfers videos and direct children (309.487292ms)
  ✔ adopts the source cover only when the target has no formal cover (304.997708ms)
  ✔ rejects a merged name collision in the final owner scope without changing relations (461.741875ms)
  ✔ rejects a merge that would move an ancestor branch below its descendant (432.725583ms)
  ✔ collapses a direct source-to-target hierarchy without making the target its own parent (505.221084ms)
  ✔ rolls back profile, video, and child changes when the database transaction fails (405.181667ms)
  ✔ commits the merge and reports an obsolete source cover cleanup failure (411.8885ms)
  ✔ rejects using the same series as target and source (414.048625ms)
✔ seriesMergeService (3245.985917ms)
✔ reuses canonical query pages, isolates caller mutations, and invalidates local and external writes (277.352917ms)
✔ bypasses cached pages inside transactions and never publishes data that is rolled back (276.493042ms)
✔ evicts least recently used pages and validates raw search before cache lookup (353.036042ms)
✔ evicts by serialized byte budget before eight large pages accumulate (554.16925ms)
✔ observes an external commit during a read and refreshes on the next call (446.712959ms)
✔ does not cache a failed read and allows the same query to retry (409.910917ms)
✔ separates connections even when their revision counters match (838.941875ms)
✔ binds a separate cache and repository to a readonly connection, without using the writer getter (315.8495ms)
▶ videoBatchScrapeQueue feedback
  ✔ identifies scoped and global target sets in batch status text (0.392542ms)
  ✔ preserves and revalidates the original library scope when resuming a checkpoint (0.7945ms)
  ✔ revalidates every frozen scoped target immediately before scraping (0.273125ms)
  ✔ formats success, skip, and partial-warning outcomes distinctly (0.140792ms)
  ✔ counts a persisted multi-candidate result as pending instead of success or failure (1.883584ms)
✔ videoBatchScrapeQueue feedback (3.987917ms)
▶ video lifecycle service
  ✔ cleans app-owned and pending assets while never receiving source media paths (0.944292ms)
  ✔ retries cleanup safely when the repository replays an idempotent result (0.119958ms)
  ✔ deletes managed source files before committing the global video record (0.122209ms)
✔ video lifecycle service (1.558208ms)
Staged video file remains queued for deletion: /var/folders/h4/zxrt6zwx6dv1n16kwxzltqgh0000gn/T/javdex-video-maintenance-policy-OsU72N/media-root/IPX-535.mp4.javdex-delete-fa0a446e-0416-4204-a2c4-1da157b14baf Error: file is busy
    at unlinkSync (/Users/nut/Project/JavdexLabs/Javdex/src/main/services/videoMaintenanceService.test.ts:1053:15)
    at finalizeStagedLocalFiles (/Users/nut/Project/JavdexLabs/Javdex/src/main/services/videoMaintenanceService.ts:389:9)
    at withStagedLocalFileDeletion (/Users/nut/Project/JavdexLabs/Javdex/src/main/services/videoMaintenanceService.ts:414:7)
    at <anonymous> (/Users/nut/Project/JavdexLabs/Javdex/src/main/services/videoMaintenanceService.ts:486:7)
    at <anonymous> (/Users/nut/Project/JavdexLabs/Javdex/src/main/services/mediaAssetStore.ts:506:24)
    at AsyncLocalStorage.run (node:internal/async_local_storage/async_context_frame:63:14)
    at MediaAssetStore.runCoordinatedChange (/Users/nut/Project/JavdexLabs/Javdex/src/main/services/mediaAssetStore.ts:504:31)
    at MediaAssetStore.coordinateDatabaseChange (/Users/nut/Project/JavdexLabs/Javdex/src/main/services/mediaAssetStore.ts:465:17)
    at MediaAssetStore.runInCoordinatedChange (/Users/nut/Project/JavdexLabs/Javdex/src/main/services/mediaAssetStore.ts:475:17)
    at removeResource (/Users/nut/Project/JavdexLabs/Javdex/src/main/services/videoMaintenanceService.ts:468:5)
Staged video file remains queued for deletion: /var/folders/h4/zxrt6zwx6dv1n16kwxzltqgh0000gn/T/javdex-video-maintenance-policy-pQw1DQ/media-root/IPX-535.mp4.javdex-delete-30997604-153e-4e48-95b6-a43f745d7c0b Error: 只能操作身份有效的启用媒体库根目录内文件
    at rejectManagedRootFile (/Users/nut/Project/JavdexLabs/Javdex/src/main/services/mediaLibraryRootFileGuard.ts:32:9)
    at requireCurrentRootIdentity (/Users/nut/Project/JavdexLabs/Javdex/src/main/services/mediaLibraryRootFileGuard.ts:86:5)
    at assertRootFile (/Users/nut/Project/JavdexLabs/Javdex/src/main/services/mediaLibraryRootFileGuard.ts:98:27)
    at assertMediaLibraryRootDeletionTarget (/Users/nut/Project/JavdexLabs/Javdex/src/main/services/mediaLibraryRootFileGuard.ts:182:3)
    at assertDeletionAllowed (/Users/nut/Project/JavdexLabs/Javdex/src/main/services/videoMaintenanceService.ts:484:9)
    at finalizeStagedLocalFiles (/Users/nut/Project/JavdexLabs/Javdex/src/main/services/videoMaintenanceService.ts:388:9)
    at withStagedLocalFileDeletion (/Users/nut/Project/JavdexLabs/Javdex/src/main/services/videoMaintenanceService.ts:414:7)
    at <anonymous> (/Users/nut/Project/JavdexLabs/Javdex/src/main/services/videoMaintenanceService.ts:486:7)
    at <anonymous> (/Users/nut/Project/JavdexLabs/Javdex/src/main/services/mediaAssetStore.ts:506:24)
    at AsyncLocalStorage.run (node:internal/async_local_storage/async_context_frame:63:14)
Failed to recover pending local file deletion: /var/folders/h4/zxrt6zwx6dv1n16kwxzltqgh0000gn/T/javdex-video-maintenance-policy-rQuApI/offline-volume/movie.mp4.javdex-delete-interrupted Error: 暂存文件所在存储当前不可用
    at recoverPendingLocalFileDeletions (/Users/nut/Project/JavdexLabs/Javdex/src/main/services/pendingLocalFileDeletionService.ts:48:46)
    at TestContext.<anonymous> (/Users/nut/Project/JavdexLabs/Javdex/src/main/services/videoMaintenanceService.test.ts:1243:22)
    at Test.runInAsyncScope (node:async_hooks:227:14)
    at Test.run (node:internal/test_runner/test:1325:25)
    at Suite.processPendingSubtests (node:internal/test_runner/test:911:18)
    at Test.postRun (node:internal/test_runner/test:1465:19)
    at Test.run (node:internal/test_runner/test:1390:12)
    at async Suite.processPendingSubtests (node:internal/test_runner/test:911:7)
Failed to recover pending local file deletion: /var/folders/h4/zxrt6zwx6dv1n16kwxzltqgh0000gn/T/javdex-video-maintenance-policy-NS4MpW/media-root/IPX-535.mp4.javdex-delete-before-rename Error: 原文件所在存储当前不可用
    at recoverPendingLocalFileDeletions (/Users/nut/Project/JavdexLabs/Javdex/src/main/services/pendingLocalFileDeletionService.ts:40:19)
    at TestContext.<anonymous> (/Users/nut/Project/JavdexLabs/Javdex/src/main/services/videoMaintenanceService.test.ts:1289:22)
    at Test.runInAsyncScope (node:async_hooks:227:14)
    at Test.run (node:internal/test_runner/test:1325:25)
    at Suite.processPendingSubtests (node:internal/test_runner/test:911:18)
    at Test.postRun (node:internal/test_runner/test:1465:19)
    at Test.run (node:internal/test_runner/test:1390:12)
    at async Suite.processPendingSubtests (node:internal/test_runner/test:911:7)
Failed to recover pending local file deletion: /var/folders/h4/zxrt6zwx6dv1n16kwxzltqgh0000gn/T/javdex-video-maintenance-policy-OvPL5B/media-root/missing.mp4.javdex-delete-missing Error: 暂存文件和原文件均不存在
    at recoverPendingLocalFileDeletions (/Users/nut/Project/JavdexLabs/Javdex/src/main/services/pendingLocalFileDeletionService.ts:40:19)
    at TestContext.<anonymous> (/Users/nut/Project/JavdexLabs/Javdex/src/main/services/videoMaintenanceService.test.ts:1321:22)
    at Test.runInAsyncScope (node:async_hooks:227:14)
    at Test.run (node:internal/test_runner/test:1325:25)
    at Suite.processPendingSubtests (node:internal/test_runner/test:911:18)
    at Test.postRun (node:internal/test_runner/test:1465:19)
    at Test.run (node:internal/test_runner/test:1390:12)
    at async Suite.processPendingSubtests (node:internal/test_runner/test:911:7)
▶ VideoMaintenanceService
  ✔ creates and reuses organization identities while editing video metadata (397.303667ms)
  ✔ rolls back video fields when organization assignment fails (476.84175ms)
  ✔ creates or appends HTTP resources without scraping and keeps one primary resource (538.559166ms)
  ✔ normalizes a manually entered code before attaching a resource (418.535959ms)
  ✔ attaches a normalized link to an existing legacy lowercase code (461.727292ms)
  ✔ reports the owning video when a normalized HTTP resource already exists (468.685625ms)
  ✔ imports Magnet and ED2K resources and deduplicates their protocol identities (327.102542ms)
  ✔ keeps STRM targets read-only while editing metadata and safely deletes the source file (358.162917ms)
  ✔ restores a staged STRM source and rolls back removal when primary promotion fails (212.791792ms)
  ✔ refuses to remove an active-root STRM source after the root path is replaced (296.055375ms)
  ✔ edits metadata, status, rating, poster, and manual tags (317.860042ms)
  ✔ attaches the exact selected long-name tag, promotes scraped origin, and rejects deleted selections (260.053291ms)
  ✔ rolls back tag creation or origin promotion when updating the video fails (300.053375ms)
  ✔ imports and deletes a local sample in the temporary media directory (344.041625ms)
  ✔ switches the primary resource and deletes only the selected local resource (346.794458ms)
  ✔ restores a staged local file and rolls back resource removal when promotion fails (350.974708ms)
  ✔ sets any resource as primary and promotes deterministic fallbacks after removal (453.024125ms)
  ✔ does not promote an inaccessible local resource over an available web link (325.0225ms)
  ✔ requires an explicit decision when manually removing the last resource (311.99725ms)
  ✔ never turns last-resource removal into a global deletion (290.81175ms)
  ✔ rejects every resource mutation for missing or archived media libraries (282.038458ms)
  ✔ updates only the display label of a local resource (227.181209ms)
  ✔ removes a symbolic-link resource without deleting its target file (115.463125ms)
  ✔ refuses to remove a disabled-root resource after the root path is replaced (167.623833ms)
  ✔ rejects local source deletion for every non-active root state before staging (259.879667ms)
  ✔ rejects physical source deletion when the resource has no root ownership (202.30775ms)
  ✔ skips unmanaged source files when deleting a video globally (266.355125ms)
  ✔ corrects an imported code (243.143292ms)
  ✔ persists a committed cleanup task when resource-file deletion must be retried (334.017917ms)
  ✔ revalidates the root identity before unlinking an already staged source (266.773042ms)
  ✔ does not delete resource records when the file storage cannot be audited (228.95625ms)
  ✔ adopts an interrupted prepared task when resource removal is retried (282.964584ms)
  ✔ does not adopt a prepared resource-removal task when the original path was replaced (295.908083ms)
  ✔ restores an interrupted pre-commit file staging task (273.21625ms)
  ✔ keeps a cleanup task queued while its original storage is unavailable (262.113583ms)
  ✔ finishes cleanup after a storage remount changes its device id (349.586916ms)
  ✔ retains a pre-rename prepared task when another device occupies the original path (276.75625ms)
  ✔ retains prepared state and database records when both file paths are missing (335.488791ms)
  ✔ keeps the prepared task when storage disappears during resource-removal rollback (247.844292ms)
  ✔ clears scraped metadata and relations but keeps manual tags (317.825042ms)
  ✔ corrects to an already used code without implicitly merging videos (331.076542ms)
  ✔ explicitly merges same-code videos while preserving the chosen id and primary resource (373.04025ms)
  ✔ unions manual tags but keeps the retained scraped-tag field as a whole (451.172167ms)
  ✔ unions cast, playlists, sources, and ratings while preserving retained conflicts and scrape history (375.945709ms)
  ✔ merges cover, poster, and sample fields as whole sets and reclaims only unused media (322.347334ms)
  ✔ rejects a merge whose combined identity belongs to a third video (339.622708ms)
  ✔ rolls back an ordinary merge when deleting the source record fails (299.961709ms)
  ✔ rejects merging videos with different normalized codes (280.929625ms)
  ✔ uses the normal availability-aware promotion rule when neither merged video has a primary (328.194875ms)
  ✔ splits a non-primary resource into a metadata-empty pending-identity video (312.290375ms)
  ✔ blocks primary splitting and rolls back a failed non-primary split (260.605375ms)
  ✔ locks metadata while a video scrape result is pending but still allows resource splitting (295.709875ms)
  ✔ requires confirmation before correcting a pending video and clears staging atomically (283.460208ms)
  ✔ rolls back the whole edit when it would create a complete business identity conflict (287.314542ms)
  ✔ stores related links on a video and returns them on detail (258.742ms)
  ✔ rejects invalid related links and keeps the previous list (243.839833ms)
  ✔ keeps related links when clearing scraped metadata (324.280958ms)
  ✔ allows related-link edits while a video scrape result is pending (265.849209ms)
  ✔ unions related links on merge with the retained video first (311.730375ms)
  ✔ leaves related links on the original video when splitting a resource (277.936917ms)
✔ VideoMaintenanceService (18718.898333ms)
▶ VideoQueryService
  ✔ lists videos and reads their detail without mutating library state (418.40775ms)
  ✔ redacts external resource locators in detail projections until explicitly requested (493.398375ms)
  ✔ projects a STRM source path while keeping its complete target main-process only (469.14975ms)
✔ VideoQueryService (1381.475916ms)
▶ VideoResourceLinkService
  ✔ tests a direct link and returns Content-Length when available (0.840708ms)
  ✔ returns a non-throwing failure without echoing a sensitive query (0.135958ms)
  ✔ routes checks through the hardened public HEAD transport (0.0745ms)
✔ VideoResourceLinkService (1.397625ms)
▶ videoScrapeApplyService.resolveEffectiveScrapeFields
  ✔ fillEmpty keeps only empty scalar fields (631.450875ms)
  ✔ fillEmpty evaluates female and male cast independently (617.511667ms)
  ✔ replaceIfPresent keeps all selected fields regardless of current values (575.92525ms)
  ✔ fillEmpty includes cast fields when video has no performers (616.195916ms)
✔ videoScrapeApplyService.resolveEffectiveScrapeFields (2441.582125ms)
▶ videoScrapeApplyService.planVideoScrapeResult update matrix
  ✔ title follows fillEmpty semantics for every current and scraped value state (437.7385ms)
  ✔ title follows replaceIfPresent semantics for every current and scraped value state (359.578292ms)
  ✔ title follows replace semantics for every current and scraped value state (162.870333ms)
  ✔ summary follows fillEmpty semantics for every current and scraped value state (403.810792ms)
  ✔ summary follows replaceIfPresent semantics for every current and scraped value state (349.630875ms)
  ✔ summary follows replace semantics for every current and scraped value state (430.801834ms)
  ✔ cover follows fillEmpty semantics for every current and scraped value state (458.923167ms)
  ✔ cover follows replaceIfPresent semantics for every current and scraped value state (425.919708ms)
  ✔ cover follows replace semantics for every current and scraped value state (477.1015ms)
  ✔ releaseDate follows fillEmpty semantics for every current and scraped value state (444.926791ms)
  ✔ releaseDate follows replaceIfPresent semantics for every current and scraped value state (416.109625ms)
  ✔ releaseDate follows replace semantics for every current and scraped value state (401.94425ms)
  ✔ maker follows fillEmpty semantics for every current and scraped value state (278.659333ms)
  ✔ maker follows replaceIfPresent semantics for every current and scraped value state (173.30875ms)
  ✔ maker follows replace semantics for every current and scraped value state (330.887875ms)
  ✔ publisher follows fillEmpty semantics for every current and scraped value state (379.781959ms)
  ✔ publisher follows replaceIfPresent semantics for every current and scraped value state (391.215916ms)
  ✔ publisher follows replace semantics for every current and scraped value state (396.846708ms)
  ✔ series follows fillEmpty semantics for every current and scraped value state (330.114667ms)
  ✔ series follows replaceIfPresent semantics for every current and scraped value state (392.761416ms)
  ✔ series follows replace semantics for every current and scraped value state (379.988ms)
  ✔ director follows fillEmpty semantics for every current and scraped value state (457.0085ms)
  ✔ director follows replaceIfPresent semantics for every current and scraped value state (397.620208ms)
  ✔ director follows replace semantics for every current and scraped value state (427.408167ms)
  ✔ duration follows fillEmpty semantics for every current and scraped value state (382.123083ms)
  ✔ duration follows replaceIfPresent semantics for every current and scraped value state (412.314125ms)
  ✔ duration follows replace semantics for every current and scraped value state (391.245042ms)
  ✔ actressesFemale follows fillEmpty semantics for every current and scraped value state (487.146459ms)
  ✔ actressesFemale follows replaceIfPresent semantics for every current and scraped value state (379.243666ms)
  ✔ actressesFemale follows replace semantics for every current and scraped value state (362.5665ms)
  ✔ actressesMale follows fillEmpty semantics for every current and scraped value state (368.792958ms)
  ✔ actressesMale follows replaceIfPresent semantics for every current and scraped value state (357.427167ms)
  ✔ actressesMale follows replace semantics for every current and scraped value state (333.063375ms)
  ✔ tags follows fillEmpty semantics for every current and scraped value state (379.373ms)
  ✔ tags follows replaceIfPresent semantics for every current and scraped value state (362.340083ms)
  ✔ tags follows replace semantics for every current and scraped value state (373.70175ms)
  ✔ source follows fillEmpty semantics for every current and scraped value state (363.414ms)
  ✔ source follows replaceIfPresent semantics for every current and scraped value state (360.54525ms)
  ✔ source follows replace semantics for every current and scraped value state (404.803916ms)
  ✔ rating follows fillEmpty semantics for every current and scraped value state (372.840042ms)
  ✔ rating follows replaceIfPresent semantics for every current and scraped value state (333.019417ms)
  ✔ rating follows replace semantics for every current and scraped value state (339.044458ms)
  ✔ samples follows fillEmpty semantics for every current and scraped value state (341.609542ms)
  ✔ samples follows replaceIfPresent semantics for every current and scraped value state (358.424791ms)
  ✔ samples follows replace semantics for every current and scraped value state (249.975375ms)
✔ videoScrapeApplyService.planVideoScrapeResult update matrix (16820.400375ms)
▶ videoScrapeApplyService.applyScrapeResult
  ✔ builds a read-only plan before applying field changes (73.3895ms)
  ✔ applies scalar fields consistently across the three update modes (77.351875ms)
  ✔ does not record a successful scrape when no selected field can be written (63.055417ms)
  ✔ clears only the selected source site metadata in replace mode (50.870375ms)
  ✔ preserves existing cover and warns when a returned image is unavailable (56.106291ms)
  ✔ keeps the complete old sample set when any returned sample is unavailable (52.276958ms)
  ✔ replaces selected relation sets while preserving manual tags and the other cast gender (78.746542ms)
  ✔ keeps a committed scrape successful when post-commit library cleanup fails (100.35ms)
  ✔ does not roll back scraped tags when orphan-tag cleanup fails after commit (124.914959ms)
  ✔ reuses the unique name owner for canonically equivalent scraped cast names (121.939041ms)
  ✔ does not create or link an actress for a migrated pending cast name (116.753958ms)
  ✔ replaceIfPresent updates existing scalars when scrape has values and keeps null scrape values (118.956083ms)
  ✔ stores external stats under ratingSourceName when provided (120.891ms)
  ✔ leaves downloaded cast avatars untouched for application-layer adoption (123.484417ms)
✔ videoScrapeApplyService.applyScrapeResult (1279.92675ms)
▶ videoScrapeApplyService classification entity resolution
  ✔ preserves entity update semantics across fillEmpty, replaceIfPresent, and replace (130.317666ms)
  ✔ matches main names, aliases, and normalized equivalents without overwriting profiles (162.75875ms)
  ✔ creates only basic entities, reuses one organization across roles, and leaves series unowned (145.671209ms)
  ✔ rolls back scalar writes and newly created entities when a classification assignment fails (126.184625ms)
  ✔ keeps the current director when its alias is one of multiple candidates without updating the video (126.543125ms)
  ✔ pauses a single scrape for director choice and applies the selected candidate on retry (127.331583ms)
  ✔ preserves an ambiguous director in batch mode while applying safe fields with an actionable warning (132.9255ms)
  ✔ reports an invalid classification name structurally while applying safe fields (129.667291ms)
  ✔ treats same-name series in different owner scopes as ambiguous and never infers an owner (140.094833ms)
✔ videoScrapeApplyService classification entity resolution (1222.279625ms)
▶ videoScrapeApplyService.resolveVideoBatchTargets
  ✔ keeps active media-library batch targets inside their membership scope (135.86875ms)
  ✔ returns no targets for an archived media-library scope while preserving global compatibility (126.085291ms)
  ✔ excludes videos that already have a pending scrape decision (118.80725ms)
  ✔ filters by videos missing any selected metadata field (85.762209ms)
  ✔ combines status and missing-field filters (69.861083ms)
  ✔ treats a stored cover path as present even when the file is unreadable (97.0835ms)
✔ videoScrapeApplyService.resolveVideoBatchTargets (633.890458ms)
▶ videoScrapeApplyService tags emptiness
  ✔ fillEmpty ignores manual tags when deciding whether tags are empty (106.962167ms)
✔ videoScrapeApplyService tags emptiness (107.113916ms)
▶ llmSecretStore
  ✔ persists encrypted values and reports a degraded Linux-style backend (17.294917ms)
  ✔ removes a provider secret without affecting the remaining entries (18.655209ms)
  ✔ does not treat an unreadable secret path as an empty store (14.010875ms)
✔ llmSecretStore (50.476041ms)
▶ scraperServiceSecretStore
  ✔ persists an encrypted MetaTube token without exposing plaintext (21.548625ms)
  ✔ clears the token and rejects unavailable encryption (27.378542ms)
✔ scraperServiceSecretStore (49.348542ms)
▶ settingsStore avatar composition defaults
  ✔ uses the relaxed face-centered composition for settings without legacy values (21.05325ms)
  ✔ keeps legacy presets and explicit user values during migration (24.795333ms)
✔ settingsStore avatar composition defaults (46.293542ms)
▶ settingsStore video card preferences
  ✔ keeps resource type badges disabled for new and existing users by default (16.094708ms)
  ✔ preserves an explicit resource type badge preference (16.673666ms)
  ✔ defaults video cards to portrait and preserves an explicit landscape preference (16.665583ms)
✔ settingsStore video card preferences (49.576084ms)
▶ settingsStore NFO export preferences
  ✔ uses safe defaults and normalizes remembered selections without persisting overwrite (14.697584ms)
✔ settingsStore NFO export preferences (14.753166ms)
▶ settingsStore plugin developer model-turn budget
  ✔ retires the old implicit step limit instead of carrying 24 into the new setting (10.755375ms)
  ✔ defaults to unlimited and preserves an explicit zero limit (21.874834ms)
  ✔ persists a positive limit through the settings interface (17.748792ms)
  ✔ stops rewriting legacy model fields after schema v2 exists (26.349167ms)
  ✔ does not resurrect legacy model fields when the v2 document is unreadable (28.911167ms)
✔ settingsStore plugin developer model-turn budget (105.863834ms)
▶ settingsStore deferred library path cleanup
  ✔ normalizes unique non-empty roots and preserves them across cache resets (16.133208ms)
✔ settingsStore deferred library path cleanup (16.195875ms)
▶ settingsStore persistence
  ✔ does not update the cache when the settings file cannot be replaced (28.756625ms)
✔ settingsStore persistence (28.797667ms)
▶ settingsStore recovery
  ✔ backs up malformed JSON, writes defaults, and exposes one recovery notice (32.012625ms)
  ✔ does not replace a settings path that fails with an I/O error (10.851667ms)
✔ settingsStore recovery (42.946209ms)
▶ settingsStore LLM secret migration
  ✔ moves legacy API keys out of settings.json without exposing them publicly (25.732375ms)
  ✔ keeps the original plaintext file and blocks later writes when migration fails (13.561958ms)
✔ settingsStore LLM secret migration (39.3555ms)
▶ settingsStore scan cleanup defaults
  ✔ keeps automatic deletion disabled and has no summary for new and existing users (17.472ms)
  ✔ preserves an explicit automatic deletion preference (13.055542ms)
  ✔ normalizes and sanitizes the persisted latest scan summary (18.665708ms)
  ✔ normalizes the retired unrecognized-file snapshot for migration (16.211792ms)
✔ settingsStore scan cleanup defaults (65.554958ms)
▶ settingsStore automatic scan defaults
  ✔ keeps automatic scans disabled and defaults to one hour (14.9925ms)
  ✔ accepts only supported automatic scan intervals (46.8555ms)
✔ settingsStore automatic scan defaults (61.949875ms)
▶ settingsStore retired actress scrapers
  ✔ rewrites the retired idol archive default to Xslist (9.581291ms)
  ✔ rewrites composite actress field mappings that pointed at the idol archive (9.594333ms)
✔ settingsStore retired actress scrapers (19.250208ms)
▶ settingsStore retired video scrapers
  ✔ rewrites the retired JAV8 default to JavDB (20.749958ms)
  ✔ rewrites JAV8 composite mappings and removes its delay (26.945833ms)
✔ settingsStore retired video scrapers (47.789958ms)
▶ settingsStore privacy mode
  ✔ defaults to disabled with every image scope selected (17.666709ms)
  ✔ keeps valid unique scopes and discards unknown values (11.881792ms)
  ✔ keeps samples and actress galleries independently selectable (11.181708ms)
  ✔ allows all privacy scopes to be cleared explicitly (12.378917ms)
✔ settingsStore privacy mode (53.313292ms)
▶ close-to-tray setting
  ✔ defaults off and persists an explicit choice across reloads (29.224416ms)
  ✔ does not enable tray hiding from malformed legacy values (15.975208ms)
✔ close-to-tray setting (45.332333ms)
▶ Web read-only catalog scope
  ✔ rechecks image authorization after async work when hidden changes (451.880125ms)
  ✔ rechecks image authorization after async work when archived changes (408.775917ms)
  ✔ rechecks image authorization after async work when cover changes (258.212583ms)
  ✔ rechecks image authorization after async work when cast changes (296.704875ms)
  ✔ rechecks image authorization after async work when sample changes (149.704625ms)
  ✔ reads only the authorized image path before and after serving, without full details (223.233834ms)
  ✔ forwards thumbnail size through the real catalog while preserving original requests (275.814625ms)
  ✔ forwards the caller signal to the async Store and drops a cancelled result (180.215458ms)
  ✔ filters archived/hidden memberships for lists, details, images, and media (242.825875ms)
  ✔ describes local resources without exposing their directory (273.880917ms)
  ✔ uses the cover rather than the background for browse, detail and image requests (297.961958ms)
  ✔ queries with parameters, paginates stably and filters clear membership scopes (877.726083ms)
  ✔ uses stable desktop discovery and respects library home participation (734.188666ms)
  ✔ exposes cast display metadata and only serves avatars linked to visible videos (262.978292ms)
  ✔ downloads non-playable files and exposes only supported external links (305.9475ms)
  ✔ resolves only authorized files and refuses symlink escapes and disabled roots (297.972458ms)
✔ Web read-only catalog scope (5539.076125ms)
▶ Desktop-approved browser pairing
  ✔ requires an open window, a desktop decision and a separate secret, consumes only once (1.487166ms)
  ✔ expires requests, bounds polling, rejection, restart and approvals (0.206333ms)
  ✔ bounds the total pending requests (0.207625ms)
✔ Desktop-approved browser pairing (2.233ms)
▶ Remembered browser lifecycle
  ✔ persists only remembered hashes, retains authorization over restart and revokes individual devices (277.236792ms)
✔ Remembered browser lifecycle (277.313917ms)
▶ Pairing HTTP boundary
  ✔ binds exchange to a private cookie, keeps approval desktop-only and remembers across server restarts (276.449125ms)
✔ Pairing HTTP boundary (276.586667ms)
▶ Device record recovery
  ✔ keeps valid sessions usable during activity write failures and retries persistence (240.208833ms)
  ✔ keeps disk and memory consistent after failed revoke, clear, rename and create (71.930541ms)
  ✔ resets a damaged snapshot without parsing it or retaining old authorization (42.937083ms)
  ✔ restores remaining pairing time from server and retains approval on issuance failure (0.140167ms)
✔ Device record recovery (355.402208ms)
▶ Per-device streaming revocation
  ✔ interrupts the revoked stream while another browser finishes its stream (56.771042ms)
✔ Per-device streaming revocation (56.877709ms)
✔ keeps the running service on staging failure and restores it after publish failure (107.024417ms)
✔ preserves remembered devices on runtime server errors, including failed state persistence (4.841375ms)
▶ Web authentication and streaming
  ✔ keeps image responses private and reports read queue overload as 503 (4.990583ms)
  ✔ forwards finite thumbnail sizes and rejects invalid sizes before image work (4.190875ms)
  ✔ reports oversized images as 413 without caching or a HEAD body (6.723792ms)
  ✔ rechecks an expired session after image work while the connection remains open (42.845916ms)
  ✔ cancels pending image work on logout and never sends its completed bytes (44.213167ms)
  ✔ cancels pending image work on disconnect and never sends its completed bytes (42.397292ms)
  ✔ stores salted password hashes and enforces minimum length (116.874958ms)
  ✔ requires a session for catalog, artwork, and video, with no credential data in failures (14.206708ms)
  ✔ serves brand and favicon PNGs without login with the correct MIME and bytes (9.81725ms)
  ✔ rejects bad credentials; issues HttpOnly SameSite cookies on login (95.061917ms)
  ✔ blocks cross-origin, missing-origin POSTs, DNS rebinding, and desktop mutation routes (13.835417ms)
  ✔ streams byte ranges, suffixes and HEAD; rejects invalid or multiple ranges (15.904542ms)
  ✔ downloads authenticated resources as attachments (7.724167ms)
  ✔ logout invalidates the cookie; desktop revocation invalidates all browsers (48.538959ms)
✔ Web authentication and streaming (606.528917ms)
▶ Session lifetimes and request limits
  ✔ expires idle and absolute sessions and limits attempts (0.158708ms)
  ✔ accepts only local peer ranges and handles byte-range edge cases (0.13625ms)
✔ Session lifetimes and request limits (0.343542ms)
▶ actress face scan cache
  ✔ reuses a result only while the avatar fingerprint is unchanged (0.810792ms)
  ✔ filters only cached no-face avatars and ignores missing or unscanned entries (0.633916ms)
  ✔ combines a minimal full-library manifest with current session results (0.079208ms)
✔ actress face scan cache (1.955583ms)
▶ actress face scan cache identity
  ✔ only changes when a current row has no reusable result (0.346625ms)
✔ actress face scan cache identity (0.642ms)
▶ actress face detection outcome mapping
  ✔ maps the detector zero-face message to the no-face domain state (0.325834ms)
✔ actress face detection outcome mapping (0.634042ms)
▶ actress face scan queue
  ✔ reports total detection failure without confusing partial or empty results with failure (0.477625ms)
  ✔ reuses cached face statuses and does not invoke detection for them (0.54425ms)
  ✔ finishes the current target before honoring cancellation (0.078125ms)
  ✔ does not cache detector failures so a later run can retry them (0.0595ms)
✔ actress face scan queue (1.542167ms)
▶ actress face scan session
  ✔ notifies remounted consumers when an earlier scan finishes (0.376833ms)
✔ actress face scan session (0.691708ms)
▶ avatar auto-crop geometry
  ✔ rejects invalid boxes and clamps valid detector bounds (0.871292ms)
  ✔ merges overlapping tiled detections and preserves the strongest result (0.097125ms)
  ✔ requires an explicit choice when two faces have similar prominence (0.143167ms)
  ✔ accepts mid-confidence faces only when the presence floor is used (0.048542ms)
  ✔ maps ROI landmarks back to full-image normalized coordinates (0.056166ms)
  ✔ uses the hair component attached to the face for visible head bounds (1.248625ms)
✔ avatar auto-crop geometry (2.876917ms)
✔ requests CORS before loading a media avatar so its bitmap can cross the Worker boundary (0.43ms)
✔ keeps only recent log previews after 100000 entries while counting omissions (23.055292ms)
✔ bounds oversized fields without splitting surrogate pairs or mutating prior state (0.110292ms)
▶ avatar composition preview cache
  ✔ persists and restores the complete normalized face analysis (0.88475ms)
✔ avatar composition preview cache (1.300875ms)
▶ ActressAvatarEditor
  ✔ keeps rendering when the current avatar enters crop editing (49.424167ms)
  ✔ keeps rendering when a legacy avatar without its original enters crop editing (14.628583ms)
✔ ActressAvatarEditor (64.522542ms)
▶ ActressDeleteModal confirmation model
  ✔ uses ordinary deletion only when the current impact has no video links (0.377ms)
  ✔ requires the dedicated acknowledgement action and explains resource preservation (0.070416ms)
  ✔ does not let the dedicated high-risk action bypass the safe path (0.050125ms)
✔ ActressDeleteModal confirmation model (0.860083ms)
▶ ActressProfileMeta scrape record
  ✔ hides scrape record for successful actresses and keeps attention states (1.002833ms)
  ✔ offers the manual success mark only for unscraped and failed records (0.079292ms)
✔ ActressProfileMeta scrape record (1.571541ms)
▶ Button
  ✔ loads its CSS Module and preserves native button semantics (3.724834ms)
✔ Button (4.032625ms)
▶ ClassificationDeleteModal
  ✔ shows associated video and child impacts before confirming deletion (8.715541ms)
  ✔ allows a zero-impact deletion and keeps a failed confirmation open with refreshed impact (4.446625ms)
  ✔ does not report or re-preview a completed deletion when page cleanup fails (1.698458ms)
✔ ClassificationDeleteModal (15.344333ms)
▶ classification picker
  ✔ keeps candidates hidden until the field is used (4.405166ms)
  ✔ shows candidates once the user types (1.923125ms)
  ✔ walks candidates with the arrow keys and commits with Enter (1.179458ms)
  ✔ shows candidates once the field is focused (0.293583ms)
  ✔ shows candidates on focus even when the field is empty (0.284334ms)
  ✔ does not commit a candidate with Enter until one is active (0.209541ms)
  ✔ closes candidates on Escape without letting the dialog see the key (0.239583ms)
  ✔ closes candidates when focus leaves the field (0.267375ms)
  ✔ keeps candidates open when the pointer is in the list (0.207375ms)
  ✔ closes candidates after picking one with the pointer (0.456667ms)
  ✔ hides the create hint when the typed name already exists (0.218792ms)
✔ classification picker (10.241209ms)
▶ video detail library context layout
  ✔ shares the compact detail header row with the back action (3.303ms)
  ✔ keeps membership badges on one bounded line (0.683458ms)
✔ video detail library context layout (4.364959ms)
▶ DirectorScrapeChoiceModal
  ✔ requires an explicit candidate and submits its stable director id (5.049875ms)
✔ DirectorScrapeChoiceModal (5.367ms)
▶ DisplayModeProvider
  ✔ loads and exposes the application-wide cover mode (21.309833ms)
✔ DisplayModeProvider (21.7555ms)
▶ form hint styles
  ✔ keeps entity-edit and settings field hints muted and caption-sized (4.21725ms)
  ✔ routes entity-edit helper copy through EditFormField instead of a bare hint class (1.93625ms)
✔ form hint styles (6.82125ms)
▶ image preview history marker
  ✔ preserves router state when adding a unique preview marker (0.789416ms)
  ✔ reads only valid image preview markers (0.163667ms)
✔ image preview history marker (1.582166ms)
✔ uses a 320 thumbnail for actress cards (144.879333ms)
✔ uses thumbnails for local video gallery tiles and original preview sources (100.706042ms)
✔ uses thumbnails for local actress gallery tiles and original preview sources (2.211291ms)
▶ LegacyLibraryRedirect
  ✔ preserves the settings return context while replacing a legacy video URL (71.579083ms)
✔ LegacyLibraryRedirect (71.991666ms)
▶ MediaLibraryCreateModal
  ✔ validates in place and exposes a keyboard-submit four-step flow (185.2345ms)
  ✔ deduplicates selected roots, submits independent config, and returns root errors to their step (5.560875ms)
✔ MediaLibraryCreateModal (191.244708ms)
▶ MediaLibraryCreateModal control style
  ✔ keeps all workflow steps at one viewport-safe dialog height (3.451625ms)
  ✔ reserves a visible gutter for the left edge of the focus ring (0.806708ms)
✔ MediaLibraryCreateModal control style (4.739625ms)
▶ MediaLibraryNav name style
  ✔ keeps visible library names on one ellipsized line (2.349209ms)
  ✔ presents media libraries as one compact navigation surface (0.813916ms)
  ✔ keeps global navigation unlabeled in the visible sidebar (0.294125ms)
✔ MediaLibraryNav name style (4.070375ms)
✔ pages40 candidates and preserves selection and name plan across pages and search (633.175709ms)
✔ retries page failures without losing the selected merge plan (94.888458ms)
✔ ignores old page responses while a changed search is debouncing (418.168667ms)
✔ locks a captured merge against duplicate submission and retains plan on failure (162.257709ms)
✔ resets session on keep identity change and ignores old page and merge completion (158.08325ms)
✔ resets the name plan only when choosing a different merge candidate or clearing selection (91.186375ms)
▶ OrganizationDeleteModal
  ✔ previews and removes only the selected role (13.598167ms)
  ✔ blocks removing the final role and directs the user to full deletion (3.549958ms)
  ✔ shows both role counts and hierarchy impacts for a full deletion (1.654875ms)
✔ OrganizationDeleteModal (19.30575ms)
▶ OrganizationMergeModal interaction
  ✔ selects a cross-role source and submits the explicit source-to-target direction (137.649625ms)
  ✔ keeps the modal open and shows an actionable error when the merge is rejected (15.942416ms)
✔ OrganizationMergeModal interaction (154.297708ms)
▶ recent text input style contract
  ✔ uses the shared text-input treatment for every recent text-like input (1.444042ms)
✔ recent text input style contract (1.7685ms)
▶ Switch
  ✔ loads its CSS Module and preserves native checkbox semantics (2.967542ms)
✔ Switch (3.288917ms)
✔ loads on open only, pages without full catalog reads and preserves cross-page selection (54.460042ms)
✔ debounces and resets search, rejecting stale page/search responses (272.238833ms)
✔ shows failure with explicit retry and enforces 100 selections while allowing removal (1.392917ms)
✔ unmounts candidates with the actual parent popover and ignores late responses on reopen (2.551375ms)
▶ VideoDeleteImpact
  ✔ shows every affected domain without a duplicate source-file section (2.305708ms)
  ✔ names the current library when previewing a membership removal (0.226667ms)
✔ VideoDeleteImpact (3.10825ms)
▶ video primary metadata classification navigation
  ✔ dispatches entity-backed organizations by stable id (0.841917ms)
  ✔ does not expose a name-only organization route (0.059667ms)
  ✔ uses only the stable director id (0.251709ms)
  ✔ uses only the stable series id (0.055667ms)
✔ video primary metadata classification navigation (1.610542ms)
▶ video detail resource actions
  ✔ shows copy and external-open actions instead of play for link resources (4.410708ms)
  ✔ keeps the play action for local resources (0.532958ms)
  ✔ shows actual link kind, STRM hosting, masked target, and source path together (1.21175ms)
  ✔ exposes the cross-library move command for both links and root-managed resources (2.11875ms)
✔ video detail resource actions (8.684542ms)
▶ VideoLibraryMembershipBadges
  ✔ puts the active resource scope first and names the other memberships accessibly (3.051042ms)
  ✔ bounds the visible badges and exposes hidden library names in the overflow title (0.419083ms)
✔ VideoLibraryMembershipBadges (3.823042ms)
▶ VideoResourceImportModal
  ✔ keeps a STRM target read-only while allowing metadata edits and HTTP checks (130.115542ms)
✔ VideoResourceImportModal (130.41725ms)
✔ loads only on open, renders at most one page, and selects an existing tag by ID (12.00525ms)
✔ debounces search, resets the page, and discards earlier search responses (549.281125ms)
✔ shows errors with retry and discards closed-modal results before reopening (2.717709ms)
✔ creates from the full draft and prevents an old write completion from closing another video modal (2.395583ms)
✔ refreshes stale candidates after a failed selection without retrying the write (1.849166ms)
✔ does not inherit an open picker or issue a hidden request when switching videos (1.517167ms)
▶ actress virtual grid layout
  ✔ derives responsive columns without shrinking cards below their minimum width (0.34275ms)
  ✔ places load state on a dedicated row after an incomplete item row (0.906417ms)
✔ actress virtual grid layout (1.591458ms)
▶ AgentMetadataActivityFeed
  ✔ keeps live model thinking open and shows semantic actions (4.524125ms)
  ✔ collapses completed thinking into an expandable preview (1.401084ms)
  ✔ moves a finished live thought back into collapsed history (0.82975ms)
  ✔ caps the thinking box height and still shows the full streamed text (2.511167ms)
✔ AgentMetadataActivityFeed (9.675833ms)
▶ Agent metadata collector intro
  ✔ explains how this flow differs from regular matching (0.442291ms)
  ✔ keeps the setup steps compact and muted (4.443625ms)
✔ Agent metadata collector intro (5.276292ms)
▶ alias editor state
  ✔ promotes an alias to main name and keeps the previous main as an alias (1.101167ms)
  ✔ does not duplicate the previous main name when it is already an alias (0.062125ms)
✔ alias editor state (1.51675ms)
▶ classification image interaction state
  ✔ distinguishes formal images from dynamic fallback images (0.756375ms)
  ✔ builds explicit file, URL, and video-cover commands (0.0755ms)
✔ classification image interaction state (1.162833ms)
▶ classification merge interaction state
  ✔ keeps the selected source identity when refreshed candidates reorder (0.879833ms)
  ✔ keeps a selected source through a narrower search and rejects invalid commands (0.04875ms)
✔ classification merge interaction state (1.261333ms)
▶ classification picker state
  ✔ stays closed until the user asks for candidates (0.825208ms)
  ✔ hides candidates when the result set is empty (0.059125ms)
  ✔ opens on arrow navigation and wraps around the candidate list (0.053208ms)
  ✔ never navigates into an empty candidate list (0.036083ms)
  ✔ drops the active candidate when typing or when the result set shrinks (0.038292ms)
  ✔ closes on dismiss (0.032584ms)
  ✔ hides the create hint when the query already names an existing option (0.038292ms)
✔ classification picker state (1.475125ms)
▶ director form state
  ✔ defaults to preserving a changed main name and converts profile fields (0.80275ms)
✔ director form state (1.103875ms)
▶ director picker state
  ✔ keeps typed same-name input as an explicit inline-create request (0.771959ms)
  ✔ shows stable candidate differences rather than silently choosing by name (0.082042ms)
✔ director picker state (1.199792ms)
▶ image preview swipe gesture
  ✔ switches to the previous image when dragging right past the threshold (0.356958ms)
  ✔ switches to the next image when dragging left past the threshold (0.054833ms)
  ✔ ignores clicks, short drags, and vertical drags (0.062166ms)
  ✔ distinguishes a drag from a click even when movement is vertical (0.056ms)
✔ image preview swipe gesture (0.921084ms)
▶ mediaLibraryIdentityStyle
  ✔ maps every domain color to one semantic CSS custom property (0.868166ms)
  ✔ keeps the established palette mapping stable (0.059917ms)
✔ mediaLibraryIdentityStyle (1.268875ms)
▶ organization form state
  ✔ defaults to preserving the previous main name while retaining ordered aliases and links (0.952334ms)
  ✔ moves links without mutating the current form state (0.088417ms)
  ✔ retains a selected parent while search results change (0.100791ms)
✔ organization form state (1.53475ms)
▶ organization merge presentation
  ✔ shows cross-role candidate statistics without collapsing the two roles (0.603125ms)
  ✔ reports each transferred relation after a successful merge (0.123167ms)
✔ organization merge presentation (1.241708ms)
▶ organization picker state
  ✔ resolves main names and aliases to stable ids (1.1185ms)
  ✔ uses unmatched text as an explicit inline create request (0.071083ms)
  ✔ uses an empty value to remove the organization relation (0.051875ms)
  ✔ describes candidates by stable id, roles, and aliases (0.058791ms)
✔ organization picker state (1.688125ms)
▶ PlaylistImportProvider workspace
  ✔ uses the Agent scrape two-pane workspace with live activity and result preview (1.060084ms)
  ✔ offers one confirmed termination action in running and waiting-user footers (0.203875ms)
  ✔ closes the import workspace after the host confirms task termination (0.135792ms)
  ✔ closes only through the actions rendered inside the import dialog (0.108833ms)
  ✔ closes the import dialog before navigating to the imported playlist (0.186833ms)
  ✔ offers frozen write options with source-playlist linking disabled by default (0.168458ms)
  ✔ selects the active default media library when opening the importer (0.114041ms)
  ✔ explains the Agent name and host-date fallback for an empty new-playlist name (0.114667ms)
  ✔ invalidates global video projections and discards stale identity choices (0.122083ms)
  ✔ broadcasts completion so recovered imports refresh mounted playlist surfaces (0.939417ms)
  ✔ renders the complete release summary instead of only aggregate reuse counts (0.169291ms)
  ✔ keeps preview rows dense and long text truncation stable (2.295584ms)
  ✔ shows enough candidate identity evidence and opens links through the app shell (1.061125ms)
✔ PlaylistImportProvider workspace (7.181166ms)
▶ PluginDevConfigRail ready actions
  ✔ makes Install primary and disables empty continuation until feedback is entered (6.485209ms)
✔ PluginDevConfigRail ready actions (6.98175ms)
▶ PluginDevConversation history controls
  ✔ presents a ready settlement as normal state and requires feedback to continue (5.095833ms)
  ✔ renders model reasoning as a quiet collapsed diagnostic block (16.73775ms)
  ✔ keeps live reasoning open and marks the answer as streaming (5.308708ms)
  ✔ renders agent answers as markdown (2.562ms)
  ✔ renders compact context metrics with the cache-hit ratio (0.729166ms)
  ✔ exposes an explicit clear-session action for a restored historical run (0.630167ms)
  ✔ keeps typed choice, browser challenge and freeform requests as distinct controls (1.835667ms)
✔ PluginDevConversation history controls (33.464167ms)
✔ guides a configured model user to the missing website, then enables development (305.764667ms)
✔ keeps the actual model readiness reason when a named model cannot run (3.986625ms)
▶ PluginDevResultPanel manifest coverage
  ✔ separates actionable field ids from runtime-only information (4.348ms)
  ✔ renders each exact-match candidate when the plugin returns an array (1.392916ms)
  ✔ labels a targeted execution as a local diagnostic even when the saved full run is ready (0.509959ms)
  ✔ explains null and empty array plugin returns instead of hiding the section (2.391083ms)
✔ PluginDevResultPanel manifest coverage (9.082291ms)
▶ plugin dev Agent UI state
  ✔ requires feedback before continuing a mechanically ready Agent (0.40275ms)
  ✔ presents a normal Agent settlement without an error toast (0.854625ms)
  ✔ coalesces streaming reasoning and answer into their final model-turn items (0.152667ms)
  ✔ enables the existing Install button only for a current mechanical acceptance (0.051416ms)
  ✔ allows clearing restored history only when its Agent is not running or busy (0.043291ms)
  ✔ auto-applies only unfinished history and leaves terminal editor state untouched (0.046709ms)
  ✔ keeps non-debuggable built-ins out of the plugin-development selector (4.033166ms)
  ✔ does not treat a loaded built-in fork as the already-selected new-plugin option (0.095583ms)
  ✔ rejects session B events while continuing session A (0.071333ms)
  ✔ binds an unbound start once and rejects later events from another session (0.066ms)
  ✔ invalidates a snapshot after any newer live mutation (0.059542ms)
  ✔ releases restored busy state on settle but keeps a local API dispatch busy (0.051375ms)
  ✔ projects live workspace drafts from package_updated, not terminal done (0.097042ms)
  ✔ blocks ordinary messages until the exact pending approval is decided (0.151542ms)
  ✔ does not dispatch a stale approval after the request disappeared (0.032125ms)
✔ plugin dev Agent UI state (6.75325ms)
▶ series form state
  ✔ defaults a rename to retaining the previous main name (0.349917ms)
  ✔ trims text and converts optional numeric selections (0.624958ms)
✔ series form state (1.516708ms)
▶ series picker state
  ✔ keeps typed creation separate from selecting an existing stable identity (1.001959ms)
  ✔ always distinguishes same-name candidates by stable id and owner scope (0.126166ms)
✔ series picker state (1.61675ms)
✔ shows bounded log preview with explicit omission notice and full task counters (21.055209ms)
✔ applies supported fields, preserves other mappings, allows overrides and only persists on save (12.096916ms)
✔ rejects unavailable saved sources and keeps missing references visible for repair (0.834583ms)
✔ excludes nested and other-kind plugins and prevents applying unconfigured sources (0.932833ms)
✔ uses video field capabilities for bulk assignment (0.908167ms)
▶ LibraryScanAuditPanel
  ✔ defaults to the attention tab even when the latest scan has no issues (274.911084ms)
  ✔ keeps cached unrecognized files visible with their root-scoped resolution controls (4.15075ms)
  ✔ does not describe current scan failures as resolved (1.673959ms)
  ✔ offers a processing jump for cached unrecognized rows in the all-files tab (4.900083ms)
  ✔ shows an NFO identity conflict as a secondary scan disposition and opens the pending center (2.350875ms)
  ✔ routes a current NFO candidate to its scrape pending item (2.062666ms)
  ✔ shows historical NFO pending dispositions as resolved when their current rows are gone (1.440708ms)
  ✔ keeps the attention badge equal to the visible list when only an NFO warning exists (1.694417ms)
✔ LibraryScanAuditPanel (293.918ms)
✔ limits a large failed audit to100 visible rows and queries only their pending IDs (25.532041ms)
✔ routes all three kinds from one mixed pending presence response (2.206625ms)
✔ keeps a stable audit anchor when a historical group is no longer pending (0.862834ms)
▶ MetaTube plugin settings
  ✔ shows pending status and blocks setting an unconfigured plugin as default (5.077542ms)
  ✔ keeps a blank token and supports explicit token clearing (4.631042ms)
  ✔ requires confirmation before saving a token over remote HTTP (4.519042ms)
  ✔ tests the current draft without changing the token mode (5.035083ms)
✔ MetaTube plugin settings (19.75525ms)
▶ Model management v2 panels
  ✔ keeps workload edits local until the explicit save action (12.980833ms)
  ✔ shows configured providers first and keeps unconfigured built-ins collapsed (0.947583ms)
  ✔ limits the default advanced view to models referenced by workloads (8.048625ms)
✔ Model management v2 panels (22.946375ms)
✔ saves proxy address and mode only on explicit commit; testing stays independent (313.218625ms)
▶ NFO export foreground modal
  ✔ vetoes full-page unload while the foreground modal is active (273.249125ms)
  ✔ is an aria-modal task surface with an explicit terminate action and no dismiss action (6.875042ms)
  ✔ keeps the terminal report open until the user confirms it (1.024666ms)
  ✔ renders a returned plan and enters blocking state before foreground execution (11.56425ms)
  ✔ discards a plan that returns after the storage panel has unmounted (2.435083ms)
  ✔ terminates an export whose start result returns after unmount (2.620875ms)
✔ NFO export foreground modal (298.517708ms)
▶ NFO export preview details
  ✔ counts only new and replaced artwork in the writing breakdown (1.319666ms)
  ✔ distinguishes stopped, partial and empty reports and exposes stop errors in the dialog (1.790875ms)
  ✔ mounts only the opened page of a large warning list and keeps every warning reachable (3.543041ms)
✔ NFO export preview details (6.811792ms)
▶ SettingsPrimitives
  ✔ retains an invalid value with an accessible error instead of silently clamping it (5.168459ms)
  ✔ keeps a multi-digit number local until the edit is committed (1.258041ms)
  ✔ supports keyboard activation of increment and does not treat empty input as zero (1.191333ms)
  ✔ renders a semantic card without losing its accessible name (0.653875ms)
  ✔ exposes status as data rather than a behavior-bearing class name (0.399833ms)
✔ SettingsPrimitives (9.482041ms)
✔ renames with no manual code or target and refreshes the pending row after failed recognition (166.034667ms)
✔ retries a failed service with saved configuration, and prevents submitting unsaved drafts via retry (3424.433417ms)
▶ library scan audit row layout
  ✔ uses compact rows only when the skipped tab also uses compact virtual slots (0.339209ms)
  ✔ keeps the variable-height attention list out of fixed-size virtualization (0.061084ms)
  ✔ keeps CSS row geometry aligned with virtual item sizes (0.428834ms)
✔ library scan audit row layout (1.309208ms)
▶ video resource card badges
  ✔ keeps primary-first order, deduplicates kinds, and limits visible labels to two (0.827542ms)
  ✔ returns no card decoration when a video has no resources (0.052834ms)
  ✔ shares full resource labels across detail and filter surfaces (0.048333ms)
✔ video resource card badges (1.295792ms)
▶ video resource import form
  ✔ shares auto detection, normalization, and size conversion across entry points (0.919666ms)
  ✔ auto-detects Magnet and keeps its protocol-derived default name (0.1915ms)
  ✔ treats blank matching input as absent without invoking strict code validation (0.061209ms)
✔ video resource import form (1.558ms)
▶ video resource import layout
  ✔ gives the size value the fluid column and keeps its unit compact (6.914292ms)
✔ video resource import layout (7.262875ms)
▶ shared workbench primitives
  ✔ composes feature classes without replacing the neutral structure (3.090625ms)
  ✔ connects tabs to their panels with a single keyboard tab stop (0.702791ms)
✔ shared workbench primitives (4.50325ms)
✔ counts avatars through the scalar API without loading targets and propagates failures (55.341042ms)
✔ consumes pages on demand and stops safely across page failure, cancellation and unmount (76.255709ms)
✔ serializes startup before target loading and releases ownership on empty, failed or unmounted startup (58.193416ms)
▶ isBatchScrapeActive
  ✔ treats only running and paused batches as active (0.594833ms)
✔ isBatchScrapeActive (0.935875ms)
▶ poster grid row height
  ✔ reserves the complete membership strip without changing ordinary library rows (0.319541ms)
✔ poster grid row height (0.631625ms)
▶ facet route contracts
  ✔ only permits each entity detail under its matching facet (0.438208ms)
✔ facet route contracts (0.812417ms)
▶ global search shortcut
  ✔ accepts Cmd/Ctrl+K and rejects unrelated key combinations (0.322708ms)
  ✔ focuses and selects the Home input after two render frames (0.552792ms)
✔ global search shortcut (1.227708ms)
▶ useLatestAsyncLabel
  ✔ ignores an older request that finishes after the latest request (5.714292ms)
✔ useLatestAsyncLabel (6.214916ms)
▶ media-library scan event scope
  ✔ accepts only the current library and, once known, the current run (0.312792ms)
✔ media-library scan event scope (0.618209ms)
✔ sends no empty lookup, deduplicates IDs and rejects a stale page response (13.521917ms)
✔ distinguishes a failed lookup from processed items and retries the same page (1.880083ms)
✔ does not reuse old ready state when a page is revisited before another lookup finishes (1.536167ms)
✔ does not fetch empty/inactive selections and resolves only unique selected IDs (7.610917ms)
✔ ignores responses for previous filters and refreshes on returning from detail (1.558042ms)
✔ does not loop on a rejected lookup and discards in-flight results after deactivation (0.939709ms)
▶ isLibraryListSurfacePath
  ✔ matches list roots only (0.8915ms)
  ✔ does not match detail or stack routes (0.151042ms)
✔ isLibraryListSurfacePath (1.420041ms)
▶ shouldRefetchLibraryOnRouteChange
  ✔ refetches when entering a list root from outside (0.100958ms)
  ✔ does not refetch when opening detail stacks or hopping between list roots (0.068875ms)
✔ shouldRefetchLibraryOnRouteChange (0.23175ms)
▶ global search URL state
  ✔ normalizes positive media-library ids in stable order (0.844917ms)
  ✔ canonicalizes owned state without stripping detail-only lib (0.175125ms)
  ✔ builds an explicit, paged cross-library search input and identity (0.120666ms)
✔ global search URL state (1.508625ms)
▶ library resource filter URL contract
  ✔ parses valid unique values in canonical order and ignores invalid values (0.872334ms)
  ✔ omits the default all-resources state and canonicalizes copied URLs (0.2245ms)
  ✔ removes a resource parameter containing only invalid values (0.060125ms)
  ✔ includes applied resource filters in the query and scroll-memory hash (0.106ms)
  ✔ keeps pending scrape as an independent canonical filter dimension (0.071625ms)
  ✔ resolves omitted sort state from each media library configuration (0.086209ms)
✔ library resource filter URL contract (1.831541ms)
▶ multi-library route builders and parsers
  ✔ round-trips the home video detail stack (1.65675ms)
  ✔ round-trips the global-search video detail stack (0.159ms)
  ✔ round-trips media-library list, detail, nested actress and settings routes (0.550834ms)
  ✔ rejects malformed, non-positive, fractional and unsafe route ids (0.313584ms)
  ✔ accepts digit-only positive ids and builders emit their canonical form (0.06625ms)
✔ multi-library route builders and parsers (3.146208ms)
▶ detail-only active-library query contract
  ✔ parses only positive safe-integer library ids (0.103125ms)
  ✔ canonicalizes the first lib value without changing other list query state (0.138041ms)
  ✔ sets, replaces and strips the detail-only library parameter immutably (0.080959ms)
  ✔ derives a single detail context and gives a library path precedence over lib (0.259458ms)
  ✔ keeps lib only where the route needs query-owned detail scope (0.238584ms)
  ✔ respects a valid legacy lib hint and falls back when that membership is unavailable (0.178792ms)
✔ detail-only active-library query contract (1.161084ms)
▶ recent media-library memory
  ✔ stores only positive safe library ids and ignores malformed persisted state (0.402291ms)
✔ recent media-library memory (0.71325ms)
▶ route builders and parsers
  ✔ round-trips library detail stacks (1.237375ms)
  ✔ round-trips actress detail stacks (0.335417ms)
  ✔ round-trips playlist and classification entity detail stacks (0.368375ms)
  ✔ rejects malformed detail ids (0.192416ms)
  ✔ builds pending-center locations without page-level query concatenation (0.447458ms)
✔ route builders and parsers (3.077334ms)
▶ classification list query contract
  ✔ accepts only video count and update time sorting with video count descending by default (0.074208ms)
  ✔ includes organization search and sorting in the shareable query identity (0.089958ms)
  ✔ keeps series release sorting separate from classification-list sorting (0.055167ms)
✔ classification list query contract (0.298083ms)
▶ actress avatar filter query contract
  ✔ normalizes avatar filter values and omits the all default (0.128458ms)
  ✔ returns to the actress list without losing its query state (0.156583ms)
  ✔ keeps avatar filters distinct in the actress query hash (0.122709ms)
✔ actress avatar filter query contract (0.47075ms)
▶ actress status filter query contract
  ✔ parses the canonical status values and treats anything else as all (0.093334ms)
  ✔ omits the param for all and writes the canonical value otherwise (0.125417ms)
  ✔ includes status in the list query identity and ignores invalid values (0.044542ms)
  ✔ keeps search, gender and sort identity while only the status changes (0.055708ms)
  ✔ round-trips the status query through actress detail and back (0.089084ms)
  ✔ remembers the actress status filter across primary navigation (0.255ms)
✔ actress status filter query contract (0.7185ms)
▶ primary navigation memory
  ✔ restores query state per list and removes unrelated nested query keys (0.3115ms)
  ✔ persists search only when leaving a list root (0.133ms)
  ✔ forgets a root so cross-nav no longer restores it (0.037292ms)
  ✔ resolves same-section vs cross-section sidebar targets (0.11675ms)
  ✔ builds nav link href from current search when active (0.087375ms)
✔ primary navigation memory (0.720542ms)
▶ navigation helpers
  ✔ removes playlist-detail resource filters when returning to the playlist list (0.074334ms)
  ✔ keeps home, search and media-library detail stacks scoped and reversible (0.968417ms)
  ✔ closes nested actress details back to their parent video context (0.358708ms)
  ✔ keeps stable series identity and release direction through its detail stack (0.110416ms)
  ✔ keeps director identity and query state through its stable detail stack (0.081625ms)
  ✔ opens an organization by stable id while preserving its role-list query (0.077708ms)
  ✔ keeps classification query only inside the same classification stack (0.06075ms)
  ✔ keeps video and actress navigation inside the stable organization stack (0.096ms)
  ✔ keeps video and actress navigation inside the pending workbench stack (0.077708ms)
  ✔ opens actress detail from the pending inbox and returns to it (0.048833ms)
✔ navigation helpers (2.029625ms)
▶ settings route contract
  ✔ builds canonical settings paths and resolves valid sections (0.18225ms)
✔ settings route contract (0.200584ms)
▶ media-library settings state
  ✔ builds a trimmed create command, deduplicates roots and still allows an empty library (1.549667ms)
  ✔ builds minimal identity and section-scoped config patches (0.493ms)
  ✔ normalizes an empty scraper and validates numeric scan boundaries (0.131042ms)
  ✔ gates destructive lifecycle commands (0.161125ms)
  ✔ allows cleanup-only scans but rejects a library with no work (0.088084ms)
  ✔ routes every root-owned record through cleanup before direct deletion (0.091ms)
  ✔ reports partial root additions explicitly (0.067292ms)
  ✔ shows a terminal query error even before form drafts exist (0.078333ms)
✔ media-library settings state (3.398416ms)
▶ video detail section order
  ✔ renders a titled related-links section after video resources (0.384167ms)
✔ video detail section order (0.698833ms)
▶ HomePage
  ✔ searches in place while typing and restores discovery when cleared (911.441083ms)
  ✔ keeps discovery stable through refreshes and remounts until replaced (14.818ms)
✔ HomePage (926.89075ms)
▶ HomePage search layout
  ✔ reserves shared toolbar-search padding for the icon and keyboard shortcut (3.430542ms)
  ✔ centers the search icon inside the shared input control (0.587709ms)
  ✔ keeps the keyboard shortcut on the same vertical center line (0.635208ms)
✔ HomePage search layout (5.128833ms)
✔ uses the shared switch for home discovery and keeps changes in the settings draft (287.39ms)
▶ MediaLibrarySettingsPage layout
  ✔ uses the application settings width token and stays left aligned (4.103709ms)
  ✔ keeps compact library context above the old-style import workspace (15.094083ms)
✔ MediaLibrarySettingsPage layout (19.852541ms)
▶ ScanSettingsTab
  ✔ builds domain-correct deep links for scan identities and scrape candidates (262.395334ms)
  ✔ renders automatic local NFO import enabled by default and persists a switch change immediately (8.358834ms)
✔ ScanSettingsTab (271.187833ms)
✔ locates a deep actor group and loads only its detail before paging (411.315666ms)
✔ keeps page and detail failures distinct and retries without a full list (198.227583ms)
✔ ignores a late old detail after selecting another group (153.303ms)
✔ preserves an explicit decision across a category switch and detail overlay (233.959875ms)
✔ applies an ownership decision then clamps a deleted last page (159.358208ms)
✔ does not let a completed old mutation reset a newer group decision (270.27ms)
✔ keeps actor paging in the all-domain view even when a scan item comes first (135.733583ms)
✔ asks the server about names outside the current page before editing (376.582083ms)
✔ keeps a stale resolution on the same group and requires a renewed decision (157.08625ms)
✔ isolates an old completion after navigating A to B and back to A (344.040584ms)
✔ stays on the deep-linked page after its selected group is resolved (158.600166ms)
✔ does not close a new discard dialog when an old A-B-A discard fails (272.005458ms)
✔ pages owner candidates and preserves a selected actor outside the current page (217.059292ms)
✔ retries picker failures and invalidates old page replies immediately while search debounces (474.334375ms)
✔ ignores an old actor choice after closing and reopening the same picker (210.033209ms)
✔ keeps the newest actor choice when earlier detail reads finish later (176.69175ms)
✔ keeps a direct group-owner decision after an older external-owner detail returns (202.159208ms)
✔ invalidates a pending external-owner choice when a decision is submitted (253.981625ms)
✔ ignores a picker choice after navigating group A-B-A (257.932208ms)
✔ locates a deep-linked pending item, pages with a bounded cache and ignores a late detail (335.119792ms)
✔ shows an explicit page error and retries without fetching the full inbox (68.526667ms)
✔ recovers the last page after deletion and selects the surviving first item (85.55ms)
✔ does not block a different queue when scrape count fails or reuse its disabled page total (90.176083ms)
✔ ignores an old page that resolves after navigation to a newer page (104.273708ms)
▶ PendingCenterPage scrape resolution
  ✔ carries an explicit director through merge-and-apply without stacking prompts (215.692125ms)
  ✔ previews either persisted identity and submits only after explicit confirmation (38.354875ms)
  ✔ shows the library filter only for scan decisions (25.086209ms)
  ✔ clears the library filter from the scoped empty state and keeps the scan tab selected (24.161042ms)
✔ PendingCenterPage scrape resolution (303.849542ms)
✔ locates scan anchors, reads only selected details and ignores late details after paging (375.078583ms)
✔ reports page errors and missing selected records without treating them as an empty queue (109.535125ms)
✔ clamps the deleted last page and does not show an old library page (180.325625ms)
✔ uses only count on another category and count failure does not block that category (46.154792ms)
✔ does not block scrape on a library listing failure (46.011917ms)
✔ resolves identity deep links to the scoped identity pane without group detail reads (45.692083ms)
✔ retries rejected selected detail without reloading full queues (129.780083ms)
✔ loads actor details only in its category and keeps inactive summary counts current (174.869875ms)
✔ shows unknown actor count without blocking scan when summary fails (45.210833ms)
✔ ignores an old playlist response arriving after navigation (282.600375ms)
✔ requests a bounded thumbnail for a playlist card (4.312083ms)
✔ does not refresh an old playlist when its removal finishes after navigation (8.099584ms)
✔ returns to the previous page when deleting the only item on the last page (6.957ms)
✔ keeps the existing grid mounted during refresh after closing a nested video (4.706375ms)
✔ keeps the latest sort response when requests for the same playlist finish out of order (3.20175ms)
✔ reuses metadata while paging but refreshes it after a playlist mutation (4.0215ms)
✔ does not reuse stale metadata when filtering interrupts a forced refresh (2.685ms)
✔ shows not found when a refreshed metadata read reports a deleted playlist (0.7315ms)
✔ refreshes the fallback cover with the new sort instead of reusing the old metadata (2.060584ms)
▶ PlaylistDetailPage resource filter feedback
  ✔ keeps the compact toolbar count without rendering an applied-filter bar (0.372875ms)
  ✔ uses an import action icon instead of a download icon (0.167208ms)
✔ PlaylistDetailPage resource filter feedback (0.934292ms)
▶ actress conflict review state
  ✔ keeps every action tied to its explicit user-visible scope (0.811ms)
  ✔ expands changed impacts and keeps unchanged impacts collapsed initially (0.067583ms)
  ✔ uses the candidate-owned impact plan only when that candidate is the proposed owner (0.056417ms)
  ✔ sections groups by task state and sorts each section by display name (3.940542ms)
  ✔ selects the first source for viewing without preselecting a proposed owner (0.114917ms)
  ✔ explains empty, unchanged, moved, and conflict-free name edits (0.505625ms)
  ✔ builds the exact owner, pending, and actress versions shown to the user (0.073042ms)
  ✔ requires a replacement only when assigning away a current main name (0.064792ms)
  ✔ enables illegal-name confirmation only after every required replacement is valid (0.060583ms)
  ✔ requires an explicit partner, keeper, and final main name for conflict merges (0.154917ms)
  ✔ allows a pending-name-ownership pair to be merged (0.038ms)
  ✔ keeps the current group or selects its next neighbor after refresh (0.136375ms)
✔ actress conflict review state (6.510792ms)
▶ conflictReviewRemote
  ✔ resolves ownership/merge/illegal and surfaces stale refresh (0.509834ms)
  ✔ discards a candidate and refreshes the queue (0.113417ms)
  ✔ validates replacement main names (0.168583ms)
  ✔ ignores an older live name inspection after a newer request wins (3.422083ms)
  ✔ invalidates an in-flight inspection cleanup (0.119125ms)
✔ conflictReviewRemote (4.744958ms)
▶ conflictReviewSession
  ✔ resets decision draft when switching groups (0.447041ms)
  ✔ opens ownership replacement dialog when claimants need new main names (4.510375ms)
  ✔ applies refresh focus and stale message (0.13575ms)
  ✔ syncSelectedGroup initializes selection for the first available group (0.047833ms)
✔ conflictReviewSession (5.520084ms)
▶ conflict review latest request gate
  ✔ accepts only the newest async validation result (0.327708ms)
  ✔ invalidates an in-flight result when the workflow closes (0.214709ms)
  ✔ does not let stale cleanup invalidate the current request (0.041834ms)
✔ conflict review latest request gate (0.943541ms)
▶ media-library list surface state
  ✔ keeps archived libraries out of the writable catalog surface (0.313ms)
✔ media-library list surface state (0.719ms)
▶ pending center resolution state
  ✔ requires every scan resource to have an explicit valid target (0.379459ms)
  ✔ serializes scan targets only at the select-control boundary (0.541375ms)
  ✔ starts scrape candidates unselected and rejects stale candidate ids (0.071208ms)
  ✔ shows the same deterministic default primary ordering as persisted resolution (0.134541ms)
  ✔ labels scan decisions with their owning media library (0.085917ms)
  ✔ shows resource identity conflicts in the scan queue without exposing a local path (0.05ms)
✔ pending center resolution state (1.65325ms)
▶ matchesPlaylistResourceFilter
  ✔ uses OR semantics and treats none as global zero resources (0.351833ms)
✔ matchesPlaylistResourceFilter (0.651958ms)
▶ useConflictReviewController
  ✔ wires queue selection and resets dialog draft when switching groups (36.834041ms)
  ✔ routes resolve through the nested view-model commands (17.2785ms)
✔ useConflictReviewController (54.544334ms)
✔ preserves an explicit ownership decision while detail reads are disabled and reenabled (154.758292ms)
▶ video business identity conflict presentation
  ✔ recognizes domain and database-boundary conflict messages (0.324375ms)
✔ video business identity conflict presentation (0.621125ms)
▶ video detail scraper selection
  ✔ prefers the active media-library default over the global default (0.330916ms)
  ✔ does not retain the previous library default when the active library switches (0.149667ms)
  ✔ falls back to the global default when the active library has no override (0.137875ms)
✔ video detail scraper selection (1.061625ms)
▶ pending inbox state
  ✔ sums the aggregate media-library projection without per-library item reads (0.364417ms)
✔ pending inbox state (0.68325ms)
✔ keeps loading and failed inbox counts distinct from an empty inbox (0.061375ms)
▶ actress list renderer behavior
  ✔ does not load the full face-scan manifest for an ordinary actress page (2.231833ms)
  ✔ isolates cached pages when any query condition changes (1.907042ms)
  ✔ recombines the same session face-result subset for list filter changes (0.253667ms)
  ✔ keeps loaded pages after a failure and retries the same next-page offset (1.912458ms)
  ✔ keeps selected ids when later pages append more actresses (0.220458ms)
  ✔ restores scroll after detail return and resets it for a changed query (0.160708ms)
  ✔ clears every pending rail scroll scope on same-section primary navigation (0.808542ms)
✔ actress list renderer behavior (8.260042ms)
▶ actress infinite list pages
  ✔ keeps loaded pages while requesting the next offset (1.135084ms)
  ✔ stops after every matching actress has loaded (0.087166ms)
✔ actress infinite list pages (2.031042ms)
▶ scoped video query keys
  ✔ keeps media-library caches isolated (1.083333ms)
  ✔ canonicalizes filtered all-library scopes (0.081875ms)
✔ scoped video query keys (1.532625ms)
▶ useInfiniteVideoList
  ✔ loads a library larger than the IPC page limit in bounded pages (28.275792ms)
✔ useInfiniteVideoList (28.723291ms)
✔ blocks route changes with a draft and saves before continuing through the real router (30.082958ms)
✔ keeps edits through unrelated refreshes and explicitly resets to the latest saved value (3.268708ms)
✔ preserves edits made while an earlier value is being saved (0.434417ms)
▶ renderer avatarCrop
  ✔ falls back to the standard preset for invalid stored values (0.528708ms)
  ✔ falls back to face centering for invalid stored values (0.055916ms)
  ✔ keeps landmark-based faces at the same visual size across source images (0.308125ms)
  ✔ reports when a tight source cannot reach the requested face size (0.05325ms)
  ✔ applies the continuous face ratio consistently (0.075542ms)
  ✔ centers the estimated crown-to-chin region in head mode (0.054ms)
  ✔ centers segmented visible head bounds instead of the facial axis (0.059083ms)
  ✔ keeps zoom identical across centering modes (0.090917ms)
  ✔ keeps face-ratio changes effective when full-head protection is disabled (0.098959ms)
  ✔ keeps legacy near-square avatars aligned with cover preview layout (0.587542ms)
  ✔ detects the native cover-compatible default transform (0.040209ms)
  ✔ does not let a tainted canvas export crash the editor (0.115334ms)
✔ renderer avatarCrop (2.584375ms)
▶ video batch request scope
  ✔ requires and preserves the current library on library-surface requests (1.336875ms)
  ✔ keeps application-settings requests in explicit global compatibility mode (0.076708ms)
✔ video batch request scope (1.836583ms)
▶ avatarCrop
  ✔ round-trips a valid v1 crop (1.061042ms)
  ✔ rejects crop when fingerprint mismatches (0.076916ms)
  ✔ scales offsets when viewSize changes (0.072417ms)
✔ avatarCrop (1.592667ms)
▶ normalizeClassificationName
  ✔ uses the shared identity normalization without collapsing meaningful script differences (0.657083ms)
  ✔ rejects names that become empty after normalization (0.177042ms)
✔ normalizeClassificationName (1.191417ms)
✔ only accepts finite thumbnail variants and preserves preview URL components (0.776ms)
▶ buildLibraryScanNotification
  ✔ keeps a no-change successful scan quiet (0.421334ms)
  ✔ notifies for changes and reports each destructive count separately (0.103667ms)
  ✔ reports a metadata-only resource refresh as an update (0.510875ms)
  ✔ reports pending scan groups and their resource count before ordinary changes (0.043125ms)
  ✔ prioritizes offline and error outcomes over ordinary change notices (0.036208ms)
  ✔ reports isolated STRM failures without exposing target content (0.062375ms)
  ✔ reports a blocking processing failure before isolated STRM failures (0.046708ms)
✔ buildLibraryScanNotification (1.629584ms)
▶ sanitizeLibraryScanError
  ✔ removes HTTP credentials, query parameters, Magnet data, and ED2K targets (0.531125ms)
  ✔ bounds arbitrary errors and never throws while formatting them (0.153416ms)
✔ sanitizeLibraryScanError (1.111708ms)
▶ normalizeLibraryScanSummary
  ✔ persists completed STRM failures with safe messages and a 50-item bound (0.740542ms)
✔ normalizeLibraryScanSummary (0.798083ms)
▶ NFO export foreground shortcut guard
  ✔ blocks reload, history, close, and application navigation shortcuts (0.341834ms)
  ✔ leaves modal controls and copy shortcuts usable (0.102875ms)
✔ NFO export foreground shortcut guard (0.841583ms)
▶ selectDefaultPendingScanPrimary
  ✔ prefers local resources and keeps duration, size, and path ordering (0.414541ms)
  ✔ orders STRM resources by actual target kind and then source path (0.092084ms)
✔ selectDefaultPendingScanPrimary (1.081208ms)
▶ pluginDevKindProfile
  ✔ normalizes testTarget and testTargets (1.429291ms)
  ✔ splits test targets only on commas or newlines and trims each group (0.263584ms)
  ✔ uses typed explicit targets as a diagnostic subset (0.806167ms)
  ✔ rejects URL/path targets and wrong-kind arguments (0.227708ms)
  ✔ testTargetsFromDryRun extracts identity from dry-run result (0.093708ms)
  ✔ profiles expose kind-specific labels and field helpers (0.084583ms)
✔ pluginDevKindProfile (3.481167ms)
▶ plugin field semantics registry
  ✔ covers every video and actress field with valid symmetric conflicts (0.522333ms)
  ✔ generates the Agent glossary from the selected registry fields (0.229708ms)
  ✔ projects female and male performers independently (1.040708ms)
  ✔ projects composite rating and measurements without collapsing their parts (0.066792ms)
✔ plugin field semantics registry (2.264125ms)
▶ PluginResultContractModule
  ✔ classifies every structural and selectable result key by kind (1.272708ms)
  ✔ projects every manifest field through at least one standard result key (0.079042ms)
  ✔ lists unknown raw keys once without guessing a field mapping (0.130834ms)
  ✔ keeps actress identity and source metadata informational (0.342167ms)
  ✔ detects field-level partial cast projection and legacy female default (0.197458ms)
  ✔ maps composite measurements and rating to their legal manifest fields (0.185625ms)
  ✔ rejects empty and identity-only effective results mechanically (0.169083ms)
✔ PluginResultContractModule (2.916458ms)
▶ video resource source identity
  ✔ normalizes local file paths (0.343666ms)
  ✔ uses the STRM source file instead of its external target (0.045208ms)
  ✔ does not claim ownership of ordinary external resources (0.038959ms)
✔ video resource source identity (0.777458ms)
▶ videoResourceLinks
  ✔ normalizes HTTP identity without reordering query parameters or changing the path (0.790625ms)
  ✔ rejects local and executable protocols (0.173459ms)
  ✔ infers common video extensions as direct links and otherwise uses web links (0.181334ms)
  ✔ masks query parameters in normal display text (0.072458ms)
  ✔ converts optional MB, GB, and TB values to integer bytes (0.058958ms)
  ✔ uses the Magnet xt identity while preserving the original link and deriving a name (0.198375ms)
  ✔ uses the ED2K file hash identity while deriving its file name (0.051ms)
✔ videoResourceLinks (1.947875ms)
ℹ tests 2288
ℹ suites 349
ℹ pass 2287
ℹ fail 0
ℹ cancelled 0
ℹ skipped 1
ℹ todo 0
ℹ duration_ms 49579.62975
