
> Javdex@0.6.2 pretest
> npm run check:actress-boundaries && npm run check:media-asset-store-boundaries && npm run check:metadata-source-boundaries && npm run check:classification-entity-boundaries && npm run check:agent-platform-boundaries && npm run lint && npm run check:css-architecture && npm run check:ui-controls


> Javdex@0.6.2 check:actress-boundaries
> node scripts/check-actress-boundaries.mjs

Domain IPC, shared types, and process dependency boundaries are valid.

> Javdex@0.6.2 check:media-asset-store-boundaries
> node scripts/check-media-asset-store-boundaries.mjs

MediaAssetStore implementation boundaries are valid.

> Javdex@0.6.2 check:metadata-source-boundaries
> node scripts/check-metadata-source-boundaries.mjs

Video metadata source boundaries are valid.

> Javdex@0.6.2 check:classification-entity-boundaries
> node scripts/check-classification-entity-boundaries.mjs

Classification entity storage and routing boundaries are valid.

> Javdex@0.6.2 check:agent-platform-boundaries
> node scripts/check-agent-platform-boundaries.mjs

Agent platform boundaries OK

> Javdex@0.6.2 lint
> npm run lint:ts && npm run lint:css


> Javdex@0.6.2 lint:ts
> eslint "src/**/*.{ts,tsx}" "electron.vite.config.ts"


> Javdex@0.6.2 lint:css
> stylelint "src/renderer/src/**/*.module.css" --allow-empty-input


> Javdex@0.6.2 check:css-architecture
> node scripts/check-css-architecture.mjs

CSS architecture checks passed.
┌─────────────────────────────────┬────────┐
│ (index)                         │ Values │
├─────────────────────────────────┼────────┤
│ cssFileCount                    │ 90     │
│ globalClassCount                │ 1155   │
│ crossFileDuplicateClassCount    │ 143    │
│ descendantSelectorCount         │ 803    │
│ importantDeclarationCount       │ 12     │
│ hardcodedColorDeclarationCount  │ 166    │
│ globalStateClassCount           │ 88     │
│ rawButtonClassOccurrenceCount   │ 3      │
│ classNameBehaviorInferenceCount │ 0      │
└─────────────────────────────────┴────────┘

> Javdex@0.6.2 check:ui-controls
> node scripts/check-ui-controls.mjs

UI control checks passed: shared Switch / Checkbox only.

> Javdex@0.6.2 test
> npm run typecheck && npm run test:packaging && node scripts/run-electron-tests.mjs


> Javdex@0.6.2 typecheck
> npm run typecheck:node && npm run typecheck:web


> Javdex@0.6.2 typecheck:node
> tsc --noEmit -p tsconfig.node.json --composite false


> Javdex@0.6.2 typecheck:web
> tsc --noEmit -p tsconfig.web.json --composite false && tsc --noEmit -p tsconfig.browser.json


> Javdex@0.6.2 test:packaging
> node --test scripts/packaging-runtime.test.mjs

TAP version 13
# Subtest: pruneBetterSqlitePrebuilds retains only the current platform and arch
ok 1 - pruneBetterSqlitePrebuilds retains only the current platform and arch
  ---
  duration_ms: 1.813875
  type: 'test'
  ...
# Subtest: pruneBetterSqliteBuildFiles removes sources but preserves runtime files
ok 2 - pruneBetterSqliteBuildFiles removes sources but preserves runtime files
  ---
  duration_ms: 1.696416
  type: 'test'
  ...
# Subtest: better-sqlite3 prebuild selection covers every configured packaging platform
ok 3 - better-sqlite3 prebuild selection covers every configured packaging platform
  ---
  duration_ms: 0.086625
  type: 'test'
  ...
# Subtest: pruneElectronFrameworkLocales keeps English and Chinese locale variants
ok 4 - pruneElectronFrameworkLocales keeps English and Chinese locale variants
  ---
  duration_ms: 1.897083
  type: 'test'
  ...
# Subtest: mac packaging selects a node-gyp compatible Python unless the caller chose one
ok 5 - mac packaging selects a node-gyp compatible Python unless the caller chose one
  ---
  duration_ms: 0.110084
  type: 'test'
  ...
# Subtest: packaged runtime smoke runs only for a host-compatible macOS executable
ok 6 - packaged runtime smoke runs only for a host-compatible macOS executable
  ---
  duration_ms: 0.322416
  type: 'test'
  ...
# Subtest: packaging retains the complete Cheerio runtime dependency chain
ok 7 - packaging retains the complete Cheerio runtime dependency chain
  ---
  duration_ms: 0.209208
  type: 'test'
  ...
# Subtest: mac packaging explicitly enables ad-hoc signing before invoking its custom signer
ok 8 - mac packaging explicitly enables ad-hoc signing before invoking its custom signer
  ---
  duration_ms: 0.083125
  type: 'test'
  ...
1..8
# tests 8
# suites 0
# pass 8
# fail 0
# cancelled 0
# skipped 0
# todo 0
# duration_ms 80.55
▶ createAgentBrowserSchema
  ✔ exposes strict bounded vertical scroll branches without enabling input actions (0.99775ms)
  ✔ explains the evaluate restrictions and their supported alternatives before invocation (0.126458ms)
✔ createAgentBrowserSchema (1.536583ms)
▶ AgentConfiguration
  ✔ projects code-owned tools and permissions while injecting workload compaction (0.96075ms)
  ✔ binds metadata collection to the curator workload and explicit staging capabilities (0.077708ms)
  ✔ registers playlist import as an independent least-privilege use case (0.111375ms)
✔ AgentConfiguration (1.549875ms)
▶ AgentExecution
  ✔ runs the persistence hook before the runtime can commit its bootstrap observation (7.20275ms)
  ✔ opens one runtime session and delegates ten operations without a loop or second queue (5.686625ms)
  ✔ authorizes and records Pi native tools without persisting their output (2.329792ms)
  ✔ fails closed when a Pi native tool lacks a frozen capability grant (0.818792ms)
  ✔ restores a normal checkpoint without reading ExecutionHistory (0.753958ms)
  ✔ rebuilds only for typed checkpoint corruption and only once per generation (0.982292ms)
  ✔ releases runtime resources without closing the durable run (0.477958ms)
  ✔ closes a durable run after its runtime was already released (0.527792ms)
✔ AgentExecution (19.667333ms)
✔ preserves newer product log references when aborting after a domain-only state update (0.672833ms)
✔ preserves append-only plugin history during checkpoint recovery: success (23.691709ms)
✔ preserves append-only plugin history during checkpoint recovery: hash-failure (24.157917ms)
✔ preserves append-only plugin history during checkpoint recovery: rebuild-failure (14.982584ms)
✔ preserves append-only plugin history during checkpoint recovery: unreconciled-tool (17.124083ms)
▶ AgentRunStore
  ✔ returns every durable non-closed run so each use case can apply its recovery policy (13.48475ms)
  ✔ persists a frozen config without serializing credentials or functions (1.331167ms)
  ✔ encrypts recovery payloads and fails closed on integrity damage (3.074208ms)
  ✔ accepts an idempotent operation once and settles only named command ids (2.240708ms)
  ✔ keeps repeated product events from the same operation in append order (2.792083ms)
  ✔ does not overwrite a terminal runtime fault when the runtime subsequently settles (1.469708ms)
  ✔ allows one rebuild attempt per recovery generation (13.327791ms)
  ✔ records artifact refs in the product journal and fails closed on damaged refs (1.552458ms)
✔ AgentRunStore (40.3475ms)
▶ Agent product journal pagination
  ✔ reads the last cursor through the run/seq index without parsing any payload in a 100k journal (155.262333ms)
  ✔ pages with a strict size cap and no cross-run, duplicate or skipped events despite sequence gaps (49.881667ms)
✔ Agent product journal pagination (205.350125ms)
▶ Agent recovery enumeration
  ✔ filters use case and status before parsing, lazily loads one product, and releases temporary ID pages (91.744208ms)
  ✔ keeps the original recovery order across pages while timestamps change and excludes runs created mid-iteration (32.237833ms)
  ✔ drops the temporary snapshot if an owned payload cannot be parsed (0.615708ms)
✔ Agent recovery enumeration (124.662041ms)
▶ cache affinity
  ✔ is stable, role-separated and does not expose source identifiers (0.878459ms)
✔ cache affinity (1.18225ms)
▶ resolveEffectiveMaxTokens
  ✔ uses the model maximum when the preset limit is zero (0.32525ms)
  ✔ uses the lower positive limit (0.216ms)
  ✔ rejects invalid limits instead of forwarding zero to the provider (0.192542ms)
  ✔ restores a zero sentinel as one frozen positive provider limit (0.15025ms)
  ✔ resolves live models only by workload (0.992708ms)
✔ resolveEffectiveMaxTokens (3.060958ms)
▶ ModelInvocation
  ✔ uses injected frozen verifier access and forwards preset limits and cancellation (1.915292ms)
✔ ModelInvocation (2.535791ms)
▶ ModelManagementModule
  ✔ builds the migration backup from a strict non-secret provider whitelist (0.751209ms)
  ✔ migrates released settings once and then reads the same v2 revision (9.064709ms)
  ✔ fails closed for an invalid v2 document (0.483417ms)
  ✔ fails closed for malformed nested v2 data and embedding catalog entries (3.086333ms)
  ✔ saving a provider never changes workload assignments (4.615ms)
  ✔ refreshes protocol-derived model metadata when a connection contract changes (1.662416ms)
  ✔ never exposes credentials or Base URL query secrets in renderer snapshots (5.705583ms)
  ✔ changing the default affects inherited workloads but preserves an explicit plugin model (11.608833ms)
  ✔ freezes the workload context limit into resolved model access (7.001833ms)
  ✔ rejects removing an in-use model and reports the exact workload (7.485208ms)
  ✔ restores the previous credential when configuration persistence fails (3.1575ms)
  ✔ does not touch credentials or storage on a stale revision (1.946083ms)
  ✔ keeps discovery ephemeral and reset removes manual overrides (6.427833ms)
  ✔ rejects non-tool Agent models and unsupported long cache (4.762583ms)
✔ ModelManagementModule (68.765125ms)
▶ ToolHost
  ✔ records capability denials before failing closed (16.080042ms)
  ✔ requires a one-use approval permit for install effects (2.307375ms)
  ✔ stores only bounded hashes for tool output and errors (1.232375ms)
  ✔ approves only the selected request when multiple approvals are pending (1.062416ms)
  ✔ keeps only the latest pending approval for single-card product flows (0.729375ms)
  ✔ revokes a persisted approval when the continuation dispatch fails (1.117959ms)
  ✔ discards pending and approved permits during terminal cleanup (1.324083ms)
  ✔ binds an approval permit to mutable domain scope as well as visible tool args (1.057709ms)
  ✔ serializes calls sharing a resource without scheduling batches (44.992959ms)
  ✔ marks interrupted writes uncertain and blocks callbacks after waiting or terminal state (2.061ms)
  ✔ does not start an unkeyed handler when its signal is already aborted (1.157083ms)
  ✔ enforces deadlines even when a handler ignores AbortSignal (23.103083ms)
  ✔ does not let a late handler result overwrite an uncertain timeout (23.022792ms)
  ✔ keeps the resource locked until a timed-out non-cooperative handler really settles (68.2085ms)
  ✔ keeps a queued cancellation from letting a third call bypass the active resource holder (13.714417ms)
✔ ToolHost (202.233459ms)
▶ PiRuntime contract
  ✔ allows workspace reads and dev notes but keeps host-owned facts read-only (4.328166ms)
  ✔ loads only frozen workspace Skills and exposes the selected Pi native file tools (2559.24225ms)
  ✔ rejects a workspace Skill that differs from the frozen run configuration (3.783167ms)
  ✔ keeps one long-lived session for ten turns with controlled resources and stable affinity (58.821292ms)
  ✔ keeps the run healthy when Pi recovers from a transient provider error (21.565833ms)
  ✔ emits one terminal runtime fault after provider retries are exhausted (31.492166ms)
  ✔ does not turn a user-cancelled provider retry into a runtime fault (13.242708ms)
  ✔ exposes only the resolved custom allowlist and crosses the durable tool-result barrier (12.677416ms)
  ✔ releases the runtime after durable persistence fails during a tool call (16.127458ms)
  ✔ honors a terminating control result even when the domain tool reports failure (14.337833ms)
  ✔ starts a new turn when a follow-up is dispatched after a terminating handoff settled (16.652459ms)
  ✔ does not compact or inject a host recovery prompt after a length stop (19.162875ms)
  ✔ does not start a host continuation after the model-turn budget stops the operation (11.727959ms)
  ✔ enforces the configured per-operation model-turn budget (8.895708ms)
✔ PiRuntime contract (2793.320083ms)
✔ counts the same all-gender avatar targets without projecting profiles or joining works (20.811041ms)
✔ pages a fixed target set and bounds labels after live insert, delete and rename (239.116042ms)
✔ handles empty sets and connection closure without recreating a database (13.416083ms)
✔ rolls back the temporary table if snapshot population fails (10.88275ms)
✔ returns only target identity in ID order without counting works with all path and gender semantics (19.613583ms)
✔ matches the complete renderer gallery order across source, ratio and nullable-position boundaries (64.046542ms)
✔ returns empty versus missing actors and validates finite safe page bounds (13.267458ms)
✔ keeps count and ordered page together while another connection removes a display source (14.136375ms)
✔ returns profile counts and the global first picture without loading complete works or gallery rows (37.276583ms)
✔ keeps profile fields, physical/display counts and first picture on one read snapshot (11.598333ms)
✔ locates a stable photo after reordering, before paging and within the requested actor/source scope (15.741792ms)
✔ matches merge gender and owned search semantics while paging by full name (36.797167ms)
✔ counts each visible video once across overlapping libraries and excludes hidden/archived/orphaned videos (22.422584ms)
✔ counts only returned candidates, excluding lookahead, and skips counts for an empty page (12.85675ms)
✔ keeps candidate rows and counts on the same snapshot when another connection writes (21.40175ms)
✔ bounds labels/avatars and validates inputs and missing keep actors (22.800292ms)
✔ pages narrow labels from 10000 actors without catalog statistics or profile data (238.235375ms)
✔ preserves owned-name search matching and includes all genders (17.824417ms)
✔ sorts full names before shortening labels and bounds escaped JSON payloads (24.363125ms)
✔ rejects invalid limits, offsets and overlong search before reading (9.780917ms)
✔ bounds labels containing embedded NUL without losing the valid prefix (17.411458ms)
✔ keeps a full page below512KiB even with worst-case JSON escaping (11.132333ms)
✔ reads current picker identity by ID without hydrating actor works or profile (20.9025ms)
▶ actressRepo actress name ownership
  ✔ changes the main-name row and ownership together when an actress is renamed (34.507292ms)
  ✔ keeps ownership while another name type still declares the same normalized name (17.670834ms)
  ✔ rolls back the complete manual edit when any declared name has another owner (9.436375ms)
  ✔ rolls back profile changes and compensates new avatar files when the database write fails (15.178708ms)
✔ actressRepo actress name ownership (77.323833ms)
▶ actressRepo.listActresses
  ✔ excludes migrated pending names from search and exact identity lookup (12.432709ms)
  ✔ does not match a replaced main name that is not kept as an explicit alias (12.377666ms)
  ✔ matches main name, alias, and typed names (15.826333ms)
  ✔ treats SQL LIKE metacharacters as literal search text (13.991542ms)
  ✔ ignores stored names that are not visible name types (9.969916ms)
  ✔ sorts by video count descending by default (12.716125ms)
  ✔ projects only videos that remain reachable through an active visible library membership (13.954083ms)
✔ actressRepo.listActresses (91.565375ms)
▶ actressRepo.listActressPage
  ✔ returns a stable slice with the total number of matching actresses (12.368542ms)
  ✔ pages an explicit renderer-session actress subset with complete totals (9.346ms)
  ✔ returns the cumulative status of every actress with per-status counts (8.491417ms)
  ✔ filters by each status while keeping the counts of the unfiltered scope (8.262041ms)
  ✔ combines the status filter with search, gender and sort (10.594417ms)
  ✔ counts statuses within the current search and gender scope (13.730916ms)
  ✔ treats a missing status as all statuses (12.247667ms)
  ✔ keeps avatar file health outside the pure database query (7.767041ms)
  ✔ does not derive avatar fingerprints during a database list query (11.036208ms)
  ✔ returns minimal avatar path candidates without inspecting files (11.538417ms)
✔ actressRepo.listActressPage (105.616875ms)
▶ actressRepo.clearActressMetadataRecord
  ✔ clears scraped profile fields while keeping main name and video links (12.519208ms)
  ✔ clears non-name metadata without claiming a migrated pending main name (12.063333ms)
  ✔ resets every cumulative state to unscraped and drops the success time (10.274958ms)
  ✔ keeps related links when clearing actress metadata (10.770708ms)
✔ actressRepo.clearActressMetadataRecord (45.732916ms)
▶ actress related links
  ✔ stores related links on an actress and returns them on detail (10.412542ms)
  ✔ unions related links on merge with the keeper first (16.454292ms)
✔ actress related links (26.989917ms)
▶ actressRepo.deleteUnlinkedActresses
  ✔ deletes every selected unlinked actress and returns its stored assets for cleanup (9.093125ms)
  ✔ rejects the whole batch when any selected actress still has a linked video (10.466041ms)
✔ actressRepo.deleteUnlinkedActresses (19.85425ms)
▶ actressRepo.mergeActresses
  ✔ merges videos, aliases, and gallery into the keeper (11.450083ms)
  ✔ rejects merging actresses with different genders (7.274459ms)
  ✔ can adopt the merged actress main name (8.04925ms)
  ✔ rolls back the whole merge when final main-name reconstruction fails (10.3805ms)
  ✔ rolls back the whole merge when alias reconstruction fails (8.737666ms)
  ✔ rejects the whole merge when any resulting name belongs to a third actress (12.000083ms)
  ✔ rejects the whole merge when the selected final main name belongs to a third actress (11.884333ms)
  ✔ resolves a migrated pending name claimed only by the two merged actresses (10.152542ms)
  ✔ preserves existing aliases without reapplying scraped-value heuristics (8.391417ms)
  ✔ deletes unusable keeper avatar assets after adopting the merged actress avatar (11.437167ms)
  ✔ keeps 未刮削 when merging 未刮削 into 未刮削 (7.845625ms)
  ✔ keeps 刮削失败 when merging 刮削失败 into 未刮削 (8.971833ms)
  ✔ keeps 刮削成功 when merging 刮削成功 into 未刮削 (11.762583ms)
  ✔ keeps 刮削失败 when merging 未刮削 into 刮削失败 (11.360625ms)
  ✔ keeps 刮削失败 when merging 刮削失败 into 刮削失败 (20.893375ms)
  ✔ keeps 刮削成功 when merging 刮削成功 into 刮削失败 (13.480792ms)
  ✔ keeps 刮削成功 when merging 未刮削 into 刮削成功 (13.078875ms)
  ✔ keeps 刮削成功 when merging 刮削失败 into 刮削成功 (10.1475ms)
  ✔ keeps 刮削成功 when merging 刮削成功 into 刮削成功 (22.71725ms)
  ✔ keeps the newer success time when the keeper succeeded more recently (8.630208ms)
  ✔ ignores a success time left on a record that is not scraped successfully (8.648375ms)
✔ actressRepo.mergeActresses (237.943083ms)
▶ actressRepo.listActressesForBatchScrape
  ✔ filters by scope and missing fields (9.986708ms)
  ✔ filters actresses by cumulative scrape status (12.370333ms)
  ✔ combines gender and scrape status filters (9.989833ms)
  ✔ matches actresses missing any selected profile field (7.827291ms)
  ✔ limits batch targets to the explicitly selected actress ids (8.174459ms)
✔ actressRepo.listActressesForBatchScrape (48.490541ms)
▶ actressRepo.resolveEffectiveActressScrapeFields
  ✔ fillEmpty keeps only currently missing fields (8.90575ms)
  ✔ fillEmpty treats broken avatar files as missing without mutating during planning (10.561542ms)
✔ actressRepo.resolveEffectiveActressScrapeFields (19.531209ms)
▶ actressRepo.clearBrokenActressAvatarIfNeeded
  ✔ includes broken avatars in batch missing-avatar targets (10.306584ms)
  ✔ clears broken avatar source and crop while keeping a usable display avatar (8.432458ms)
✔ actressRepo.clearBrokenActressAvatarIfNeeded (18.799708ms)
▶ actressRepo.getActressAvatarSourceInfo
  ✔ uses a legacy display avatar as the source without renderer fetch (8.775208ms)
  ✔ prefers the saved original source after an avatar bundle is created (10.412958ms)
✔ actressRepo.getActressAvatarSourceInfo (19.24775ms)
▶ actressRepo.setActressAvatarBundle
  ✔ persists avatar source, display, and crop; recrops without replacing the source (9.449458ms)
  ✔ adopts recognized legacy image bytes when native dimension probing is unavailable (9.324583ms)
  ✔ repairs an existing source whose stored extension does not match its bytes (15.294958ms)
  ✔ rejects invalid display bytes before writing the avatar bundle (7.960375ms)
  ✔ keeps source paths distinct for equal-length Chinese names with identical bytes (11.684958ms)
✔ actressRepo.setActressAvatarBundle (53.831959ms)
▶ actressRepo cumulative scrape status
  ✔ keeps an actress created by video scraping unscraped and exposes the status in detail (9.469833ms)
✔ actressRepo cumulative scrape status (9.506291ms)
▶ actressRepo cumulative scrape status maintenance invariants
  ✔ keeps 未刮削 and its success time through manual maintenance (10.326792ms)
  ✔ keeps 刮削成功 and its success time through manual maintenance (13.071083ms)
  ✔ keeps 刮削失败 and its success time through manual maintenance (14.320459ms)
✔ actressRepo cumulative scrape status maintenance invariants (37.813166ms)
▶ actressRepo.upsertActressFromScrape avatar adopt
  ✔ adopts a downloaded avatar into source+display+crop and drops the temp path (10.128375ms)
  ✔ gives equal-length Chinese names distinct avatar files from the same download bytes (13.118708ms)
  ✔ does not replace an existing usable avatar (8.801916ms)
✔ actressRepo.upsertActressFromScrape avatar adopt (32.147667ms)
▶ actressRepo.backfillActressGalleryAssetDimensions
  ✔ probes stored local files and fills missing gallery dimensions (8.932917ms)
✔ actressRepo.backfillActressGalleryAssetDimensions (8.972375ms)
▶ actressRepo query purity
  ✔ does not change database rows or stored resources when listing and reading details (11.798792ms)
✔ actressRepo query purity (11.8565ms)
▶ actressRepo.posterPath
  ✔ clears the poster when the referenced gallery image is deleted (7.7345ms)
✔ actressRepo.posterPath (7.767791ms)
▶ actressRepo.replaceActressGalleryAssets
  ✔ keeps local paths that remain in the replaced asset set (7.146958ms)
✔ actressRepo.replaceActressGalleryAssets (7.177875ms)
▶ actressRepo.recordActressScrapeFailure
  ✔ records failure without writing a success time or changing profile fields (8.511333ms)
✔ actressRepo.recordActressScrapeFailure (8.5465ms)
▶ actressRepo.markActressScrapeSucceeded
  ✔ promotes an unscraped actress and stamps the missing success time (8.059667ms)
  ✔ promotes a failed actress and stamps the missing success time (7.719083ms)
  ✔ keeps an existing success time instead of restamping it (8.588667ms)
  ✔ stamps a success time over a blank stored time (8.188708ms)
  ✔ rejects marking an actress that does not exist (8.011625ms)
✔ actressRepo.markActressScrapeSucceeded (40.709541ms)
▶ actressRepo.applyActressScrapeResult
  ✔ keeps every selected field plan aligned with the replace database result (17.026375ms)
  ✔ keeps every selected field plan aligned with the fillEmpty database result (11.808334ms)
  ✔ keeps every selected field plan aligned with the replaceIfPresent database result (13.581542ms)
  ✔ does not backfill gallery metadata while building a read-only plan (8.412ms)
  ✔ plans and applies a fillEmpty avatar over a broken stored path consistently (11.456208ms)
  ✔ previews replace clears without changing the actress or deleting assets (9.0355ms)
  ✔ does not claim a scrape was applied when every returned alias is unusable (8.786959ms)
  ✔ rolls back profile data and cumulative success when gallery persistence fails (12.18375ms)
  ✔ skips invalid downloaded avatars while applying other profile fields (9.609083ms)
  ✔ replace keeps manual crop when scraped avatar bytes match existing source (12.709208ms)
  ✔ replace adopts a new avatar when scraped bytes differ from existing source (11.795333ms)
  ✔ replace clears an existing avatar when the source returns no avatar (9.683583ms)
  ✔ replace preserves an existing avatar when a returned avatar fails to download (12.355167ms)
  ✔ fillEmpty preserves existing measurement values while filling missing ones (12.257625ms)
  ✔ replaceIfPresent updates existing profile values while preserving null scrape results (22.956ms)
  ✔ replace clears every selected non-avatar field when the matched source returns no values (13.453375ms)
  ✔ replaceIfPresent rejects all fields when every returned alias conflicts (20.258458ms)
  ✔ fillEmpty does not report success when measurements only repeat a filled component (14.125458ms)
  ✔ rejects the whole scraped result when any alias has another owner (19.430292ms)
  ✔ treats canonically equivalent scraped aliases as conflicts (7.936375ms)
✔ actressRepo.applyActressScrapeResult (259.287291ms)
✔ pages female test choices by full name and retains owned alias search without wide data (84.487458ms)
✔ resolves the complete current runtime identity rather than its shortened display label (12.744916ms)
✔ pages the same visible works once across libraries with stable date ties and narrow cards (86.829292ms)
✔ distinguishes missing and empty actors and rejects unbounded or invalid page arguments (8.285709ms)
✔ keeps count and cards on the same read snapshot during an external visibility change (13.398875ms)
✔ reads complete profile metadata without querying any associated works (11.081542ms)
✔ filters covers before counting and paging, retaining the old truthy-path semantics (10.590875ms)
▶ AgentMetadataDraftRepo
  ✔ keeps one ready draft per target and returns superseded staging paths (14.422625ms)
  ✔ advances review revisions and stores an idempotent terminal outcome (7.28975ms)
  ✔ fails closed when a stored draft uses an unsupported adapter version (3.962792ms)
✔ AgentMetadataDraftRepo (26.463875ms)
✔ detects local writes, external commits and connection replacement without changing schema (15.099875ms)
▶ home discovery repo
  ✔ returns one bounded status summary for every visible media library (13.836875ms)
  ✔ uses membership time for recent additions and deduplicates shared videos (7.1465ms)
  ✔ keeps a discovery batch stable until the seed changes (14.54575ms)
  ✔ does not recommend a membership that has no playable resource in an eligible library (12.092041ms)
  ✔ does not recommend a local-only membership whose media-library root is disabled (8.957833ms)
  ✔ excludes managed resources owned by pending-removal or archived roots (8.862166ms)
  ✔ keeps rootless external links and active-root local or STRM resources eligible (14.565875ms)
  ✔ does not accept a managed resource whose root belongs to another library (13.221583ms)
  ✔ binds a shared recommendation to the source membership that has its playable resource (10.950459ms)
  ✔ searches globally without duplicates and honors an explicit library filter (12.562833ms)
  ✔ excludes libraries disabled for home discovery (10.871583ms)
  ✔ matches global ranking across cursor wrap, equal keys and hidden shared memberships (8185.783416ms)
  ✔ keeps large recent and discovery loads bounded and index-backed (49.364833ms)
  ✔ paginates a large global search without duplicates or per-row queries (45.853292ms)
✔ home discovery repo (8410.262208ms)
▶ libraryCleanup
  ✔ collects actress hints from a video (13.28675ms)
  ✔ prunes stub actresses after video links are removed (10.49375ms)
  ✔ does not prune an actress with meaningful profile data (11.481042ms)
  ✔ deletes tags that are no longer linked to any video (7.35625ms)
✔ libraryCleanup (43.553041ms)
▶ library membership repo
  ✔ creates an idempotent explicit membership with a stable discovery key (11.069041ms)
  ✔ removes only the selected library membership (7.653958ms)
  ✔ rejects archived or missing libraries (7.757541ms)
  ✔ recognizes only visible memberships in an active library surface (4.793583ms)
  ✔ does not automatically remove a resource-less membership referenced by a playlist (8.11225ms)
✔ library membership repo (40.079667ms)
▶ libraryScanRepo latest snapshot
  ✔ updates the pending path after a rename without rewriting the original scan audit (15.078708ms)
  ✔ returns summary, audit, and unrecognized files only from the requested library (11.589541ms)
  ✔ transactionally settles scan runs abandoned by the previous process (13.6695ms)
  ✔ releases archive and root-migration busy gates after restart recovery (13.728625ms)
  ✔ returns an empty snapshot before the first run and rejects an unknown library (9.867917ms)
✔ libraryScanRepo latest snapshot (64.914083ms)
▶ mediaLibraryRepo
  ✔ creates a library, typed config, and canonical root projection atomically (13.798041ms)
  ✔ projects pending scan counts once per library without multiplying across roots (14.716333ms)
  ✔ keeps library and config revisions independent and rejects stale writes (8.021917ms)
  ✔ rejects same, parent, child, and realpath-alias roots across active libraries (12.570292ms)
  ✔ lets disabled roots release paths and revalidates them before enabling (10.543125ms)
  ✔ preserves continuity-owned root identities while allowing empty roots to rebind (16.583291ms)
  ✔ rejects archived-library restore when any continuity-owned root changed identity (18.044958ms)
  ✔ rejects ordinary edits while a root is pending removal or archived (16.421584ms)
  ✔ requires explicit migration or cleanup before changing a root-owned path (14.647959ms)
  ✔ archives roots atomically, releases their paths, and rechecks on restore (14.711333ms)
  ✔ scopes local and STRM source identity while disabled and archived roots release paths (20.758084ms)
  ✔ protects the default library and refuses to archive pending root cleanup (11.717209ms)
  ✔ requires a non-default library to be archived before preview or permanent deletion (16.200291ms)
  ✔ deletes roots and non-default libraries using the current library revision (8.322917ms)
  ✔ blocks archiving and deletion while root cleanup is active (11.1765ms)
  ✔ blocks archiving and deletion while a scan run is active (8.688833ms)
  ✔ rejects a deletion preview made stale by global video lifecycle changes (18.229417ms)
  ✔ invalidates deletion impact when another library changes the exclusive-video count (9.709625ms)
  ✔ previews all owned data and permanently deletes only database ownership (16.553917ms)
  ✔ returns a frozen scan snapshot containing only active roots (11.873625ms)
  ✔ projects independently configured automatic scan state in stable library order (20.644917ms)
  ✔ accepts offline absolute roots but rejects relative paths and files (11.061084ms)
  ✔ does not let direct disabled-root deletion cascade diagnostic records (8.721ms)
  ✔ atomically freezes the filesystem identity when an offline root first comes online (11.277125ms)
  ✔ rejects scan-time identity binding for an identity-less root with resource ownership (10.965792ms)
  ✔ rejects scan-time identity binding for an identity-less root with pending ownership (16.226292ms)
  ✔ rejects scan-time identity binding for an identity-less root with unrecognized ownership (8.8715ms)
  ✔ rejects activation of an identity-less disabled root with owned resources (12.513834ms)
  ✔ rejects restore of an identity-less archived root with owned resources (9.553042ms)
  ✔ rejects a newly-online alias of another active root without partially binding it (8.81875ms)
✔ mediaLibraryRepo (393.085375ms)
▶ media-library root migration repo
  ✔ previews and atomically migrates root-owned state without touching disk or global videos (12.83ms)
  ✔ uses the shared availability-aware promotion rule within the source library and video (15.451ms)
  ✔ rejects stale previews and rolls the entire migration back (7.956667ms)
  ✔ rejects resource or pending changes made after preview even when library revisions are unchanged (9.29725ms)
  ✔ moves terminal cleanup history to the replacement root during preview-confirmed migration (8.128292ms)
  ✔ rejects a stale migration preview when terminal cleanup history changes (8.420167ms)
  ✔ rolls back every dataset when a late migration write fails (7.28ms)
  ✔ fails closed while either library has an active scan or cleanup job (4.357916ms)
  ✔ treats a failed legacy cleanup waiting marker as active work in preview and commit (7.558208ms)
  ✔ rejects target resource conflicts before mutation (8.049334ms)
  ✔ rejects target unrecognized-file conflicts before mutation (4.947375ms)
  ✔ rejects target pending-scan path conflicts during preview (5.271916ms)
  ✔ moves a disabled root without enabling it in the target library (7.874458ms)
✔ media-library root migration repo (108.642542ms)
▶ database schema
  ✔ adds STRM source identity without changing existing resource identity or link deduplication (13.309125ms)
  ✔ allows duplicate codes while enforcing complete video business identity (3.54475ms)
  ✔ upgrades video identity without changing ids, resources, or site sources (7.175375ms)
  ✔ leaves a v10 database untouched when normalized business identities conflict (1.022709ms)
  ✔ migrates legacy classification text into stable entities and retires legacy storage (13.843959ms)
  ✔ retires v8 text storage without changing video metadata, entity ids, or child resources (42.137625ms)
  ✔ stores classification profiles, hierarchy, roles, links, and video references (13.064833ms)
  ✔ rolls back the complete classification migration when entity creation fails (3.81275ms)
  ✔ rolls back classification entities when retiring legacy storage fails (4.578459ms)
  ✔ migrates uncontested names to ownership and preserves cross-actress collisions for review (24.736291ms)
  ✔ rolls back name ownership data and schema version when migration fails (17.487708ms)
  ✔ creates the current schema and records user_version (5.16025ms)
  ✔ migrates v6 video files to local resources without losing data (7.461208ms)
  ✔ migrates released v1 inline video files and removes the obsolete write constraint (22.892417ms)
  ✔ rejects databases newer than the supported schema version (0.567167ms)
  ✔ upgrades v1 actresses table with avatar source columns (7.884042ms)
  ✔ upgrades v2 actress names to one current primary name without removing visible names (8.119917ms)
  ✔ leaves current-version databases unchanged (0.491667ms)
  ✔ classifies v3 actresses only when a success time has actual profile evidence (13.035458ms)
  ✔ keeps the migrated classification unchanged when migration is run again (11.92625ms)
  ✔ rolls back the whole actress status migration when classification fails (1.724ms)
✔ database schema (225.219375ms)
▶ V14 unreleased feature consolidation migration
  ✔ creates a fresh database with one active default media library (12.304417ms)
  ✔ upgrades released V13 data while keeping playlist import sessions out of the schema (5.888917ms)
  ✔ scopes pending path identity to each library in the final V14 schema (4.887ms)
  ✔ enforces one primary per membership while archived sources can be adopted by another library (5.893708ms)
  ✔ rolls back V14 when released source paths normalize to the same identity (2.670875ms)
✔ V14 unreleased feature consolidation migration (32.847125ms)
▶ V15 local NFO import migration
  ✔ creates fresh V15 databases with automatic import enabled and identity constraints (9.553917ms)
  ✔ upgrades V14 rows, preserves the default, and enforces minimal pending identity snapshots (3.034708ms)
  ✔ rolls the migration back and leaves user_version at V14 on schema conflict (1.189875ms)
✔ V15 local NFO import migration (14.376459ms)
✔ adds the cleanup queue and later indexes when upgrading V15 and preserves old business data and damaged diagnostic state (14.445209ms)
✔ rolls back both DDL and version when V16 fails after table creation, then upgrades on retry (6.912041ms)
✔ upgrades V16 without changing any business rows or other schema and matches fresh V17 (25.205334ms)
✔ rolls back index DDL and version after drop failure, then retries (7.290042ms)
✔ rolls back index DDL and version after create failure, then retries (12.811834ms)
▶ getLibraryOverviewStats
  ✔ returns aggregate library counts (24.782166ms)
  ✔ counts actress cumulative status from scraped_status, not last_scraped_at (13.704958ms)
✔ getLibraryOverviewStats (39.346458ms)
✔ scopes scan identities and groups while returning only requested IDs from a large catalog (76.995667ms)
▶ pending resource identity repository
  ✔ persists the minimum conflict snapshot while exposing only safe presentation fields (17.399125ms)
  ✔ upserts one conflict per library path and enforces revision when deleting (12.417125ms)
  ✔ rejects paths outside the root, equal identities, and malformed STRM snapshots (10.020792ms)
  ✔ removes missing conflicts only under roots proven accessible by a safe scan (12.103041ms)
✔ pending resource identity repository (52.787125ms)
✔ pages10k scan decisions in legacy order, scopes active libraries and exposes no resource snapshots (67.796375ms)
▶ pendingScanRepo media-library scope
  ✔ keeps same-code groups and resource lookups isolated between libraries (19.127292ms)
  ✔ allows the same normalized path in different libraries while deduplicating inside each library (14.816583ms)
  ✔ rejects a root or group that belongs to another library (8.300417ms)
  ✔ increments revision on upsert and rejects a stale resolution atomically (15.946ms)
  ✔ can assign the same global video in two libraries without crossing resources (16.889208ms)
  ✔ reconciles only selected roots in the selected library and bumps surviving groups (10.111334ms)
  ✔ refreshes a changed STRM snapshot and forces the caller to review the new revision (17.438ms)
  ✔ moves an already-pending path to the new same-library code without leaving an empty group (13.64425ms)
  ✔ rolls back resources, memberships, and videos if final group deletion fails (13.290916ms)
✔ pendingScanRepo media-library scope (130.356667ms)
✔ counts a large pending inbox without decoding its snapshots and follows deletions (126.973958ms)
✔ pages a 10k inbox without materializing snapshots, locates deep links and clamps deleted pages (140.851292ms)
▶ playlistRepo
  ✔ paginates and filters identically to the full playlist without losing zero-resource rows (48.057916ms)
  ✔ limits a large playlist before returning card details (187.71625ms)
  ✔ keeps metadata out of subsequent video-page queries (9.760333ms)
  ✔ creates playlists with required name and optional fields (9.311916ms)
  ✔ adds videos once per playlist and lists detail videos (11.1075ms)
  ✔ keeps playlist references visible across hidden, archived and missing memberships (10.6295ms)
  ✔ updates playlist metadata and custom cover (9.71925ms)
  ✔ reports video membership and removes videos (13.264125ms)
  ✔ allows one video in multiple playlists without duplicates in one playlist (10.348ms)
  ✔ rejects blank playlist names (11.739833ms)
  ✔ stores related links on create and update (13.444292ms)
✔ playlistRepo (335.972917ms)
✔ opens a separate read-only WAL connection with matching SQL functions and no migration (13.245292ms)
✔ keeps a read snapshot while the writer commits and observes it on the next transaction (9.232708ms)
✔ rejects missing, old, newer and non-WAL catalogs without initializing or migrating them (3.606333ms)
✔ does not publish an unsuccessfully initialized writer and permits a subsequent valid initialization (13.581166ms)
▶ scoped video catalog repo
  ✔ keeps list resources and membership time inside one library (10.790042ms)
  ✔ loads detail from the injected database and projects only the active library resources (7.883333ms)
  ✔ deduplicates global results and selects the newest eligible membership (7.922792ms)
  ✔ interprets the none resource filter within the selected scope (7.134125ms)
  ✔ treats an archived media-library scope as unavailable (6.026375ms)
  ✔ rejects invalid scope ids before building SQL (6.817125ms)
  ✔ keeps fixed actor and tag filters unique across shared and hidden memberships (10.418166ms)
  ✔ normalizes a single active library and serves no-count pages with identical ordering (7.829125ms)
  ✔ uses bounded indexed queries for a large scoped page (25.504ms)
✔ scoped video catalog repo (91.148167ms)
{"sourceIterationPlans":[[{"id":4,"parent":0,"notused":156,"detail":"SEARCH video_resources USING INTEGER PRIMARY KEY (rowid>? AND rowid<?)"}],[{"id":4,"parent":0,"notused":156,"detail":"SEARCH video_resources USING INTEGER PRIMARY KEY (rowid>? AND rowid<?)"}]]}
✔ iterates source-managed resources in order while deleting, with bounded reads and rollback (33.791292ms)
▶ tagRepo.pruneUnusedTags
  ✔ deletes tags with no video links and keeps tags still used by a video (10.444167ms)
✔ tagRepo.pruneUnusedTags (10.826334ms)
▶ tagRepo selected labels
  ✔ looks up only selected IDs through the tag primary key and omits deleted IDs (18.099208ms)
  ✔ bounds display labels and JSON bytes without changing full stored names (14.8795ms)
  ✔ rejects invalid or oversized requests and does no SQL work for an empty selection (9.372834ms)
✔ tagRepo selected labels (42.555667ms)
▶ tagRepo manual candidates
  ✔ pages alphabetically without counts and retains hidden/manual-only associations (25.771625ms)
  ✔ preserves Unicode/literal substring matching and searches beyond display truncation (11.284041ms)
  ✔ uses tag-key existence checks under skewed statistics and validates its work limits (20.825ms)
✔ tagRepo manual candidates (58.142208ms)
▶ tagRepo active catalog projection
  ✔ matches manual association and visibility semantics before and after statistics maintenance (34.704167ms)
  ✔ deduplicates shared memberships and preserves manual origin and zero-count tags (10.698917ms)
  ✔ counts only videos that can be opened through the active visible catalog (7.853833ms)
✔ tagRepo active catalog projection (53.376791ms)
▶ tagRepo filter candidates
  ✔ paginates names before counts and matches global visibility counts with shared and archived members (11.784833ms)
  ✔ keeps Unicode literal search, bounded labels and page-only count parameters (44.969917ms)
✔ tagRepo filter candidates (56.818458ms)
▶ video lifecycle repo
  ✔ removes only one library membership and replays the same operation idempotently (10.50575ms)
  ✔ moves one external resource and keeps each library primary isolated (4.088875ms)
  ✔ promotes an available source fallback by kind and add time without crossing ownership scope (8.283916ms)
  ✔ rejects moving a local or STRM-managed source without transferring its root (4.388875ms)
  ✔ treats archived source libraries as read-only (3.365833ms)
  ✔ rejects a stale preview and globally deletes only after a fresh explicit preview (9.503708ms)
  ✔ invalidates a global-delete preview when any displayed relationship changes (8.129042ms)
✔ video lifecycle repo (48.861041ms)
▶ videoRepo.scrapeStatus
  ✔ does not downgrade an already scraped video when a later scrape fails (19.325667ms)
  ✔ can manually mark an unscraped or failed video as scraped (7.841833ms)
✔ videoRepo.scrapeStatus (27.863ms)
▶ videoRepo.listVideos
  ✔ rejects attempts to restore classification text storage through generic updates (8.646041ms)
  ✔ sorts and paginates videos (9.242167ms)
  ✔ sorts facet videos by release date desc with missing dates last (8.685209ms)
  ✔ filters by status, year and facet fields (9.727875ms)
  ✔ applies multi-tag AND filters (8.590625ms)
  ✔ filters resource kinds with OR semantics and treats no-resource as zero rows (8.768334ms)
  ✔ projects resource count and primary-first deduplicated resource kinds (8.254834ms)
  ✔ searches videos by actress alias (10.117541ms)
  ✔ preserves SQL LIKE pattern matching in the video search actress branch (8.521833ms)
  ✔ excludes migrated pending actress names from video search (8.543959ms)
✔ videoRepo.listVideos (89.488542ms)
▶ videoRepo.getVideoDetail
  ✔ lists female cast before male cast (9.505625ms)
  ✔ includes external rating stats (9.181875ms)
✔ videoRepo.getVideoDetail (18.769167ms)
▶ videoRepo.setPrimaryVideoResource
  ✔ automatically marks the first resource as primary (8.755334ms)
  ✔ keeps the current primary when a requested primary insert is a duplicate (8.585625ms)
  ✔ marks one resource as primary and clears the previous primary (12.467833ms)
✔ videoRepo.setPrimaryVideoResource (29.893584ms)
▶ videoRepo.posterPath
  ✔ clears the poster when the referenced sample is deleted (11.301708ms)
✔ videoRepo.posterPath (11.346667ms)
▶ videoRepo.listVideosForBatchScrape
  ✔ filters by scrape status (8.197167ms)
  ✔ can constrain batch targets to explicit selected video ids (11.153917ms)
  ✔ filters missing fields by stored path or link, not file health (9.670417ms)
✔ videoRepo.listVideosForBatchScrape (29.162458ms)
▶ videoRepo tags by origin
  ✔ orders scraped tags before manual tags in detail (8.308166ms)
  ✔ editVideoRecord only replaces scraped tags (9.269291ms)
  ✔ editVideoRecord drops unused scraped tags while keeping tags still used elsewhere (11.693125ms)
  ✔ clearVideoMetadataRecord deletes unused scraped tags and keeps manual tags (10.04075ms)
  ✔ editVideoRecord replaces female and male cast separately (10.477292ms)
  ✔ removeManualVideoTag only removes manual tags (9.245833ms)
  ✔ removeManualVideoTag keeps tag when scraped associations remain (8.471958ms)
  ✔ promotes scraped tag to manual when adding the same name (11.95775ms)
✔ videoRepo tags by origin (79.747416ms)
▶ classification IPC contract
  ✔ registers every command and forwards typed arguments to the public services (2.691916ms)
✔ classification IPC contract (3.324ms)
▶ IPC path guards
  ✔ rejects a rename that contains a path component (0.462167ms)
  ✔ authorizes only files under the selected active root (1.053875ms)
  ✔ rejects a path when the persisted root has been replaced (0.601667ms)
  ✔ rejects a file that escapes a configured root through a symbolic link (0.609583ms)
✔ IPC path guards (3.120042ms)
▶ IPC sender security
  ✔ accepts the configured main window and main frame (0.522792ms)
  ✔ rejects another webContents, a child frame, and an untrusted URL (0.251167ms)
  ✔ matches dev origins but requires the exact production file (0.078291ms)
✔ IPC sender security (1.203917ms)
▶ media-library IPC schemas
  ✔ accepts the complete default config sent by the create wizard, including local NFO import (2.210917ms)
  ✔ accepts boolean local NFO settings on update and rejects malformed values on both paths (1.541333ms)
  ✔ accepts exact management commands and rejects loose object shapes (2.841417ms)
  ✔ rejects invalid ids and revisions on every optimistic command shape (0.373875ms)
  ✔ strictly validates home discovery and global-search inputs (0.4275ms)
✔ media-library IPC schemas (8.151791ms)
▶ media-library IPC handlers
  ✔ registers the complete contract and forwards validated arguments (1.699292ms)
  ✔ rejects malformed calls before a dependency is invoked (0.543667ms)
  ✔ preserves root continuity domain errors across validated IPC handlers (0.660666ms)
✔ media-library IPC handlers (3.073ms)
▶ NFO export IPC schemas
  ✔ accepts the complete closed plan request and rejects missing or extra state (1.170542ms)
✔ NFO export IPC schemas (1.50925ms)
▶ playlist import renderer lifecycle
  ✔ binds every recreated renderer once and cancels only on full navigation or loss (0.378208ms)
  ✔ cancels a non-terminal foreground import when its renderer disconnects (0.608ms)
  ✔ leaves terminal imports untouched (0.070583ms)
✔ playlist import renderer lifecycle (1.444167ms)
▶ scan latest IPC handler
  ✔ validates libraryId and forwards the scoped latest snapshot (1.276291ms)
✔ scan latest IPC handler (1.630541ms)
✔ bounds the combined audit presence request and validates its library (2.029375ms)
✔ bounds scan pages and validates scoped detail and anchor inputs (0.921334ms)
▶ scrape IPC schemas
  ✔ strictly validates media-library-scoped video batch scrape commands (8.088791ms)
  ✔ validates the optional media-library scope on single-video scrape commands (0.193291ms)
✔ scrape IPC schemas (8.703667ms)
✔ bounds pending scrape pages and details at the IPC boundary (0.494333ms)
✔ bounds audit pending presence lookups (0.336667ms)
✔ validates token and safe nonnegative avatar snapshot cursor (1.458834ms)
✔ validates manual tag candidate bounds and existing-tag identities (2.376958ms)
✔ bounds selected tag label IPC requests before repository access (0.303417ms)
▶ typed IPC adapter
  ✔ does not expose the legacy unreviewed video deletion command (0.232459ms)
  ✔ forwards command arguments and returns the application result (0.118333ms)
  ✔ rejects malformed arguments before invoking the application handler (0.556ms)
  ✔ accepts link-resource updates without an import-only target (0.597542ms)
  ✔ only accepts metadata retention when removing a last video resource (0.186ms)
  ✔ accepts one exact plugin approval decision and rejects malformed decisions (0.753125ms)
  ✔ accepts only explicit plugin continuation kinds (0.263625ms)
  ✔ accepts only typed plugin user responses with request-bound actions (0.591833ms)
  ✔ accepts plugin history clearing only without renderer-supplied run ids (0.051833ms)
  ✔ accepts unrecoverable plugin-session discard only without renderer-supplied run ids (0.042125ms)
  ✔ keeps legacy model limits out of the generic settings mutation contract (0.291208ms)
  ✔ validates playlist import start and identity controls at the IPC boundary (0.597041ms)
  ✔ requires the path-removal impact revision at the settings boundary (0.142167ms)
  ✔ accepts only the structured model-management command vocabulary (0.515291ms)
  ✔ serializes successful results and thrown errors (0.774541ms)
  ✔ sends the contracted event payload unchanged (0.057208ms)
✔ typed IPC adapter (6.282625ms)
✔ bounds actress conflict summary pages and keeps detail identities exact (0.2005ms)
✔ validates bounded actress picker requests (0.155042ms)
✔ validates narrow actress identity IDs (0.066333ms)
✔ validates merge candidate paging and keep identity (0.16475ms)
✔ accepts only zero arguments for avatar crop count (0.030458ms)
✔ accepts only zero arguments for avatar crop target enumeration (0.028208ms)
✔ validates plugin actress test picker bounds and identities (0.136417ms)
✔ validates actress works page bounds and rejects unexpected filter fields (0.1365ms)
✔ validates metadata IDs and the optional cover-only actor works filter (0.063708ms)
✔ validates bounded actress gallery pages (0.183ms)
✔ validates a profile header identity without optional wide-data flags (0.076125ms)
✔ validates the optional local photo source filter (0.056584ms)
▶ video query IPC schemas
  ✔ accepts and normalizes a complete list query at every VideoQuery boundary (1.764334ms)
  ✔ rejects malformed fields consistently for lists and global search (2.707917ms)
  ✔ strictly validates catalog scopes and video detail identifiers (0.62725ms)
✔ video query IPC schemas (5.590917ms)
▶ main window asset paths
  ✔ resolves preload and renderer from the app root when appMain is emitted as a chunk (0.869292ms)
✔ main window asset paths (1.661292ms)
▶ LocalNfoSourceAdapter
  ✔ reads its own exported samples with a separate background (portable-v1) (6.993708ms)
  ✔ reads its own exported samples with a separate background (jellyfin-current) (3.586959ms)
  ✔ reads its own exported samples with a separate background (emby-kodi-conservative) (4.215125ms)
  ✔ reads its own exported samples with a separate background (plex-nfo-1.43.1+) (2.949125ms)
  ✔ reads its own exported samples with a separate background (infuse-current) (3.203375ms)
  ✔ keeps explicit and discovered samples scoped to their video in a shared directory (1.820959ms)
  ✔ collects one candidate per physical NFO with local asset capabilities and no paths (4.752125ms)
  ✔ uses explicit gender, then existing actor gender, then dialect default (0.993042ms)
  ✔ keeps actress avatar positions aligned after gender field projection (1.307292ms)
  ✔ reads legacy and Kodi actor filenames and follows explicit references for repeated spaces (5.6915ms)
  ✔ treats no sidecar as a quiet no-match and excludes mismatched NFO identity (1.715667ms)
✔ LocalNfoSourceAdapter (38.346375ms)
▶ videoMetadataCandidateStager
  ✔ stages remote and managed-root assets without persisting host paths (9.185333ms)
✔ videoMetadataCandidateStager (9.729292ms)
▶ WebScraperSourceAdapter
  ✔ passes the stored code to legacy plugins unchanged while comparing normalized identities (0.827083ms)
  ✔ collects exact candidates with declared remote assets and source evidence (0.851375ms)
✔ WebScraperSourceAdapter (2.424042ms)
▶ VideoMetadataSourceRegistry
  ✔ resolves stable source ids while preserving legacy plugin-name lookup (0.133875ms)
✔ VideoMetadataSourceRegistry (0.22925ms)
✔ exports oriented/cropped artwork with the shipped Electron codec and encrypted asset store (456.888292ms)
▶ NfoExportModule
  ✔ inspects each plan anchor once and reuses the returned canonical directory (10.108125ms)
  ﹣ accepts alternate Windows path spellings for the same physical export directory (0.09025ms) # Windows path aliases are case-insensitive
  ✔ reads selected images linearly and isolates assets that fail or change after planning (407.061334ms)
  ✔ shares identical actor avatars across videos and removes references to conflicting content (43.506917ms)
  ✔ plans without writing and applies an exact-stem NFO plus portable cover (18.2405ms)
  ✔ keeps the default skip policy and rejects a changed target under replace (8.566ms)
  ✔ marks every planned file stale when source metadata changes (1.139125ms)
  ✔ exports a local STRM source anchor and counts resources without anchors separately (0.928959ms)
  ✔ terminates only between files and leaves completed atomic writes intact (8.714708ms)
  ✔ isolates an image conversion failure from the NFO write (7.299042ms)
  ✔ reports an atomic write failure per item and continues later files (3.015667ms)
  ✔ exports samples as separate attachments and reads them back without background images (52.354792ms)
  ✔ marks colliding sanitized actor avatar targets and omits ambiguous NFO references (19.042666ms)
  ✔ treats case, Unicode and space-to-underscore actor targets as collisions (2.6035ms)
  ✔ makes Windows device actor names portable before planning their target (1.351709ms)
  ✔ keeps unreadable selected images as unavailable plan items without blocking NFO (9.9035ms)
  ✔ warns about requested missing artwork, avatars, and populated fields omitted by a profile (0.987334ms)
  ✔ uses the video stem itself for Infuse cover output and local reference (15.971334ms)
  ✔ plans each physical resource, deduplicates identical targets, and warns only on same-directory identity collisions (2.386084ms)
  ✔ reports real read-only directory failures without leaving temporary files (2.409083ms)
  ✔ rejects a sample-directory symlink introduced after planning (20.773333ms)
  ✔ does not fingerprint a nested export target through a pre-existing symlink (3.02475ms)
  ✔ revalidates a skip target parent before following a newly introduced symlink (20.127209ms)
  ✔ creates consumer-readable sidecars and preserves an existing target mode on replace (21.073167ms)
✔ NfoExportModule (682.292792ms)
▶ NFO export profiles
  ✔ renders all public profiles as valid movie XML without database identities (9.840291ms)
  ✔ applies profile-specific conservative fields and keeps background separate from samples (0.576833ms)
  ✔ canonicalizes and deduplicates Plex rating source aliases (1.934666ms)
  ✔ reports populated fields that the selected profile cannot represent (0.1205ms)
✔ NFO export profiles (13.656959ms)
▶ SqliteNfoExportRepository
  ✔ projects exportable metadata while excluding personal rating and watch state (34.106833ms)
✔ SqliteNfoExportRepository (34.665709ms)
▶ NFO export renderer diagnostics
  ✔ redacts POSIX and Windows absolute paths while preserving the reason (0.699167ms)
✔ NFO export renderer diagnostics (1.055459ms)
▶ NfoExportTaskController
  ✔ keeps planning leases until an asynchronous plan settles, including disposal and failures (2.43825ms)
  ✔ holds both leases from plan through apply and releases them at terminal state (5.254459ms)
  ✔ releases leases when a plan is discarded or planning fails (0.192458ms)
  ✔ requests termination and waits for apply before process disposal releases leases (0.441875ms)
  ✔ does not acquire an asset lease when another maintenance task owns the gate (0.148084ms)
✔ NfoExportTaskController (9.422958ms)
▶ NFO export main-window guard
  ✔ binds recreated windows and disposes a foreground task when their renderer is lost (0.440625ms)
  ✔ prevents navigation while a plan or task owns the foreground (0.124208ms)
  ✔ keeps the window open during a running export but allows the coordinated quit path (0.080041ms)
  ✔ releases a held preview plan and allows navigation instead of treating it as a running task (0.055917ms)
✔ NFO export main-window guard (1.112ms)
▶ NFO artifact codec
  ✔ accepts the four synthetic third-party dialect fixtures (5.180875ms)
  ✔ round-trips five canonical Javdex fixtures with stable UTF-8 and LF output (3.75875ms)
  ✔ normalizes the MDC dialect and prefers structured ratings over its scalar duplicate (0.281208ms)
  ✔ normalizes MDCx, Javinizer, and JavSP field variants (0.81375ms)
  ✔ reports unknown legal tags and remote artwork without retaining remote URLs as assets (0.538167ms)
  ✔ rejects DTD, entities, oversized input, excessive depth, node count, and field size (14.149459ms)
✔ NFO artifact codec (25.554333ms)
▶ NFO sidecar locator
  ✔ prefers exact stem and reports a differing movie.nfo without exposing either path (9.029ms)
  ✔ uses movie.nfo only for one anchor or one logical code and rejects mixed directories (4.162667ms)
  ✔ deduplicates physical sidecars and rejects symlink escapes at issue and read time (13.690542ms)
✔ NFO sidecar locator (27.327125ms)
▶ parseCode
  ✔ parses standard codes (1.231375ms)
  ✔ parses 規格品番 ADV-R and ADV-SR (0.066875ms)
  ✔ does not mis-parse ADV-R0484 as R0-484 (0.048167ms)
  ✔ parses FC2 and Heyzo (0.045375ms)
  ✔ parses DMM h_ prefix (0.035917ms)
  ✔ parses date-based uncensored ids (0.031625ms)
  ✔ extracts code after @ in filename (0.034958ms)
  ✔ returns null for noise-only names (0.034ms)
  ✔ rejects no-hyphen and short-prefix patterns (0.047333ms)
✔ parseCode (2.025125ms)
▶ libraryScanAuditStore
  ✔ atomically replaces and restores the complete latest audit (4.313666ms)
  ✔ fails closed for malformed audit documents (3.928458ms)
  ✔ reads schema 2 NFO dispositions while retaining schema 1 compatibility (5.140916ms)
✔ libraryScanAuditStore (13.812875ms)
▶ ScanCoordinator
  ✔ coalesces display progress while preserving per-file callbacks and the final event (21.277209ms)
  ✔ flushes pending progress before a failure without delaying the failure event (0.484375ms)
  ✔ binds an offline-created root identity and refreshes the frozen snapshot before scanning (0.737167ms)
  ✔ persists matching complete audit details with the latest summary (0.31125ms)
  ✔ publishes scan lifecycle events for every trigger (0.155625ms)
  ✔ uses one frozen configuration snapshot for the complete run (0.142416ms)
  ✔ reconciles resource identity pending rows only under roots proven safe after traversal (0.217416ms)
  ✔ preserves offline roots and removes only missing local resources under accessible roots (0.513958ms)
  ✔ aborts cleanup when a local path cannot be audited (0.49975ms)
  ✔ treats a root that becomes unreadable after traversal as offline (0.153417ms)
  ✔ rechecks the frozen root identity immediately before cleanup writes (0.154375ms)
  ✔ does not run cleanup after cancellation and releases the mutual-exclusion lease (0.231917ms)
  ✔ keeps resources after a coordinator-level failure (0.1555ms)
  ✔ skips every destructive cleanup after a file processing failure (0.129916ms)
  ✔ replaces the unrecognized-file snapshot after every safe completed scan (0.125542ms)
  ✔ completes safe cleanup with errors when failures are isolated to STRM files (0.115666ms)
  ✔ consumes deferred path cleanup only after a successful uncancelled scan (0.082458ms)
  ✔ keeps deferred path cleanup queued after a partial folder scan (0.078ms)
  ✔ allows a full cleanup-only scan after the final configured folder was removed (0.066625ms)
  ✔ removes many non-primary resources without reading sibling resource lists (2.268417ms)
  ✔ consumes cleanup references lazily and closes iteration on a path failure (0.231583ms)
  ✔ preserves all three cleanup audit sequences above the argument limit (369.014917ms)
  ✔ removes resource-less memberships after deferred cleanup on a safe full scan (0.264958ms)
  ✔ persists a sanitized failed summary without running destructive cleanup (0.293166ms)
  ✔ rolls back resource cleanup and keeps pending roots when auto-delete fails (0.200458ms)
  ✔ keeps pending roots when the cleanup transaction cannot commit (0.139166ms)
  ✔ rejects duplicate scans and scans blocked by resource maintenance (15.625583ms)
✔ ScanCoordinator (414.456833ms)
▶ scanFolders
  ✔ rejects an archived library atomically when manual import resumes after probing (15.896625ms)
  ✔ rejects manual import when the root is physically replaced while duration probing is suspended (13.826167ms)
Scan error for /var/folders/h4/zxrt6zwx6dv1n16kwxzltqgh0000gn/T/javdex-scan-gZE0sL/scan-replaced-root/RACE-003.mp4 Error: 只能操作身份有效的启用媒体库根目录内文件
    at rejectManagedRootFile (/Users/nut/Project/JavdexLabs/Javdex/src/main/services/mediaLibraryRootFileGuard.ts:32:9)
    at requireCurrentRootIdentity (/Users/nut/Project/JavdexLabs/Javdex/src/main/services/mediaLibraryRootFileGuard.ts:86:5)
    at assertRootFile (/Users/nut/Project/JavdexLabs/Javdex/src/main/services/mediaLibraryRootFileGuard.ts:98:27)
    at assertMediaLibraryRootFile (/Users/nut/Project/JavdexLabs/Javdex/src/main/services/mediaLibraryRootFileGuard.ts:170:3)
    at authorizeMediaLibraryRootFile (/Users/nut/Project/JavdexLabs/Javdex/src/main/services/mediaLibraryRootFileGuard.ts:230:3)
    at authorizeFileWrite (/Users/nut/Project/JavdexLabs/Javdex/src/main/scanner/scanner.ts:656:7)
    at scanFolders (/Users/nut/Project/JavdexLabs/Javdex/src/main/scanner/scanner.ts:1142:7)
    at async TestContext.<anonymous> (/Users/nut/Project/JavdexLabs/Javdex/src/main/scanner/scanner.test.ts:447:20)
    at async Test.run (node:internal/test_runner/test:1332:7)
    at async Suite.processPendingSubtests (node:internal/test_runner/test:911:7)
  ✔ keeps scan state unchanged when a frozen root is physically replaced during probing (19.569458ms)
Scan error for /var/folders/h4/zxrt6zwx6dv1n16kwxzltqgh0000gn/T/javdex-scan-eWhJWk/rename-import-replaced-root/RACE-004.mp4 Error: 只能操作身份有效的启用媒体库根目录内文件
    at rejectManagedRootFile (/Users/nut/Project/JavdexLabs/Javdex/src/main/services/mediaLibraryRootFileGuard.ts:32:9)
    at requireCurrentRootIdentity (/Users/nut/Project/JavdexLabs/Javdex/src/main/services/mediaLibraryRootFileGuard.ts:86:5)
    at assertRootFile (/Users/nut/Project/JavdexLabs/Javdex/src/main/services/mediaLibraryRootFileGuard.ts:98:27)
    at assertMediaLibraryRootFile (/Users/nut/Project/JavdexLabs/Javdex/src/main/services/mediaLibraryRootFileGuard.ts:170:3)
    at authorizeMediaLibraryRootFile (/Users/nut/Project/JavdexLabs/Javdex/src/main/services/mediaLibraryRootFileGuard.ts:230:3)
    at authorizeFileWrite (/Users/nut/Project/JavdexLabs/Javdex/src/main/scanner/scanner.ts:656:7)
    at scanFolders (/Users/nut/Project/JavdexLabs/Javdex/src/main/scanner/scanner.ts:1074:9)
    at async renameAndImport (/Users/nut/Project/JavdexLabs/Javdex/src/main/scanner/scanner.ts:1444:20)
    at async TestContext.<anonymous> (/Users/nut/Project/JavdexLabs/Javdex/src/main/scanner/scanner.test.ts:536:19)
    at async Test.run (node:internal/test_runner/test:1332:7)
  ✔ does not commit or rename a replacement-root file when rename-import resumes after probing (16.582125ms)
  ✔ rejects a disabled target root at the resource transaction boundary (8.623292ms)
  ✔ reuses archived local and STRM source paths without crossing library ownership (24.577375ms)
  ✔ imports mixed local and STRM resources into one video and keeps the local file primary (15.377541ms)
  ✔ chooses the scan primary independently of directory entry order (11.720709ms)
  ✔ reselects the primary when scanning into an existing resource-less video (10.643292ms)
  ✔ keeps mixed local and STRM resources in one masked pending group (10.866042ms)
  ✔ rejects a stale pending STRM assignment, refreshes its snapshot, then accepts it (9.87925ms)
  ✔ removes an invalidated STRM snapshot from the pending group on a later scan (14.125666ms)
  ✔ syncs a changed STRM target in place while preserving primary and user-maintained fields (13.876708ms)
  ✔ isolates invalid STRM files and retries them without replacing a bound target (19.451125ms)
  ✔ relocates STRM only when the complete filename and target identify one missing source (17.737375ms)
  ✔ loads STRM candidates once per scan across imports, moves and pending writes (246.27775ms)
  ✔ relocates a bound STRM after its video code has been corrected (17.224792ms)
  ✔ holds new resources for confirmation when several videos already use the code (9.847375ms)
  ✔ keeps an already-pending path out of relocation and refreshes its pending snapshot (8.500458ms)
  ✔ holds a same-scan multi-file code together when automatic assignment is disabled (13.412875ms)
  ✔ does not let an invalid STRM force a valid same-code video into confirmation (10.18725ms)
  ✔ persists a pending scan group across database reopen and assigns it atomically (13.38525ms)
  ✔ rolls back every scan assignment when final pending-group deletion fails (12.506292ms)
  ✔ imports one unambiguous file normally when automatic assignment is disabled (8.598667ms)
  ✔ holds a new resource that matches one existing video when automatic assignment is disabled (11.296542ms)
  ✔ promotes the available resource when assigning into an existing video without a primary (8.807583ms)
  ✔ normalizes a manual code and attaches to an existing case-insensitive identity (101.8945ms)
  ✔ aborts when a nested directory cannot be audited (8.646792ms)
  ✔ imports a symbolic-link video by its link path and file name (11.736042ms)
  ✔ does not follow symbolic-link directories (7.127125ms)
  ✔ silently skips a broken symbolic-link video (7.984917ms)
  ✔ leaves missing-resource cleanup to the high-level scan coordinator (13.582667ms)
  ✔ keeps distinct symbolic-link paths that point to the same target (14.0265ms)
  ✔ keeps a resource under an unavailable root when the same code appears online (14.7825ms)
  ✔ relocates one same-code video by a unique file-size match without requiring the old name (10.447917ms)
  ✔ uses full file name and size to relocate safely when several videos share a code (9.626458ms)
  ✔ does not relocate when full file name and size match more than one duplicate-code video (11.928958ms)
  ✔ treats a new file normally when an old same-code path cannot be audited (13.85175ms)
  ✔ keeps an unrecognized rename and only rediscovers the renamed file (18.875459ms)
  ✔ uses the scan same-code pending flow when automatic merging is disabled (13.64925ms)
  ✔ renames and discovers the code without a manual code or target (11.297625ms)
  ✔ renames and imports an unrecognized STRM as a source-managed link (22.086667ms)
  ✔ imports recognized videos and reports unrecognized files (13.679042ms)
  ✔ reuses scanned directory entries when checking a directory without NFO files (50.741208ms)
  ✔ refreshes a changed local identity snapshot on rescan before user confirmation (13.164834ms)
  ✔ refreshes a changed strm identity snapshot on rescan before user confirmation (15.126916ms)
  ✔ uses NFO identity only for newly discovered resources when automatic import is enabled (18.150208ms)
  ✔ handles cancellation during the only or first NFO application and preserves committed file audits (24.685958ms)
  ✔ aggregates first-discovery NFO candidates once per video after all resources are assigned (11.983333ms)
  ✔ does not count an existing pending resource identity as a new same-code file (16.169834ms)
  ✔ keeps distinct local NFO candidates in the existing confirmation workflow (19.749542ms)
  ✔ persists a filename/NFO identity conflict without creating formal library records (8.5525ms)
  ✔ persists only a masked STRM target projection for an NFO identity conflict (10.815625ms)
  ✔ keeps a valid filename import when its NFO is invalid and records only a secondary warning (12.115625ms)
  ✔ uses NFO identity across libraries but never overwrites a globally scraped-success video (12.477709ms)
  ✔ applies local NFO with fill-empty semantics for new and failed videos (21.301417ms)
  ✔ reattaches a scanned file to an existing no-resource video without replacing metadata (10.91875ms)
  ✔ yields while scanning large batches (105.113417ms)
  ✔ collects a very large root without overflowing call arguments before cancellation (1636.913166ms)
  ✔ stops when cancelled (66.554333ms)
  ✔ skips new imports shorter than 30 minutes (9.40025ms)
  ✔ skips short files before unrecognized handling (9.166ms)
  ✔ stores probed duration on import (10.249209ms)
  ✔ refreshes duration when the file changes on rescan (13.219041ms)
  ✔ skips duration probe on rescan when file is unchanged (18.915375ms)
  ✔ emits one final audit outcome for every processed file (14.05625ms)
✔ scanFolders (3020.337875ms)
▶ STRM parser
  ✔ matches the STRM extension without case sensitivity (0.888ms)
  ✔ accepts one HTTP target after BOM, blank lines, comments, and Kodi properties (0.726375ms)
  ✔ normalizes supported HTTP, Magnet, and ED2K targets through the resource contract (0.238916ms)
  ✔ rejects empty, multiple-target, invalid UTF-8, and unsupported-protocol content (0.313ms)
  ✔ accepts exactly 1 MiB and rejects larger input without truncation (0.583875ms)
✔ STRM parser (3.608709ms)
✔ matches unique missing sources and retains filename, target, root and uncertainty rules (1.722792ms)
✔ incrementally tracks same-scan insertions and target/path changes, but invalidates unknown writes (0.45725ms)
✔ does not acknowledge unrelated writes or a failed mutation as a complete cache update (0.367542ms)
✔ retains the cache for known pending writes but cannot hide an intervening external write (0.2075ms)
✔ examines one matching candidate per lookup in a 10000-resource relocation (72.433375ms)
✔ examines one matching candidate per lookup in a 20000-resource relocation (116.174458ms)
✔ examines one matching candidate per lookup in a 300382-resource relocation (1869.682958ms)
✔ examines one matching candidate per lookup in a 600764-resource relocation (3967.788542ms)
✔ indexes target keys as well as filenames when many directories use the same filename (91.023541ms)
▶ videoDuration
  ✔ resolves configured minutes to seconds (0.777709ms)
  ✔ treats unknown duration as not below minimum (0.144333ms)
  ✔ flags durations shorter than threshold (0.092208ms)
  ✔ prefers scraped duration over primary resource duration (0.097208ms)
  ✔ uses primary resource duration when scraped duration is missing (0.076208ms)
  ✔ returns null when both durations are missing (0.061667ms)
  ✔ only refreshes stored local resource duration when probe value changed (0.14425ms)
  ✔ only probes when duration is missing or file fingerprint changed (0.152125ms)
✔ videoDuration (2.349542ms)
▶ actressScraperManager
  ✔ returns a pending outcome without partially applying a conflicting profile (112.587334ms)
  ✔ clears the selected avatar in replace mode when the matched source has no avatar (91.824166ms)
  ✔ promotes an unscraped actress to scrape success when a profile field is applied (110.952792ms)
  ✔ records a failed scrape without a success time when no profile matches (104.796333ms)
  ✔ records a failed scrape without a success time when the source throws (80.697958ms)
  ✔ records failure in replace-if-present mode when a matched profile has no selected value (102.178083ms)
  ✔ promotes a previously failed actress when a later scrape applies valid data (93.152708ms)
  ✔ skips fill-empty scraping without changing cumulative status when no selected field is missing (47.289708ms)
  ✔ skips fillEmpty when a matched profile has no new values for remaining empty fields (96.405083ms)
  ✔ still fails fillEmpty when a matched profile has no usable field values (80.74875ms)
  ✔ keeps cumulative success and its timestamp when a later scrape fails (87.750458ms)
  ✔ lets Gfriends try stored aliases after the main name without enabling global alias search (53.65225ms)
  ✔ applies successful field sources when another source fails (190.927792ms)
  ✔ preserves a field in replace mode when its composite source fails (175.210292ms)
  ✔ clears a field in replace mode when its composite source matched with no value (191.165583ms)
  ✔ records failure when every configured composite source fails (178.877625ms)
  ✔ warns when a composite avatar source cannot download its result (168.351583ms)
  ✔ preserves the existing gallery when every returned image is unusable (94.851959ms)
✔ actressScraperManager (2062.682709ms)
▶ bundled video candidate plugins
  ✔ normalizes year-month values through the documented sandbox helper (65.836709ms)
  ✔ JavDB fetches every first-page exact match and never falls back to a fuzzy item (41.276ms)
  ✔ JavDB fails the complete scrape when any exact-match detail fails (51.728709ms)
  ✔ JavLibrary returns all exact cards and ignores title containment or first-item fallback (46.943792ms)
✔ bundled video candidate plugins (206.563417ms)
▶ isCloudflareChallengeText
  ✔ trusts the official cf-mitigated challenge response header signal (0.868916ms)
  ✔ detects classic JS challenge interstitial markers (0.13725ms)
  ✔ ignores passive challenge-platform scripts on normal JavDB detail pages (0.566458ms)
  ✔ detects managed challenge markers (0.045875ms)
  ✔ detects body copy only with Cloudflare co-signals (0.081167ms)
  ✔ detects turnstile-only shells but not embedded widgets on content pages (0.04625ms)
  ✔ does not treat normal pages, helper copy, or vague phrases as Cloudflare (0.146625ms)
✔ isCloudflareChallengeText (2.31175ms)
▶ buildPluginRegistry
  ✔ lets user scrapers override bundled names (0.379042ms)
✔ buildPluginRegistry (0.690958ms)
▶ runCompositeFieldGroups
  ✔ groups fields, picks, and merges across plugins (0.644125ms)
  ✔ aborts on the first plugin error when policy is abort (0.2825ms)
  ✔ collects per-plugin warnings and continues when policy is collect (0.092833ms)
  ✔ throws when every grouped source fails under collect policy (0.095417ms)
  ✔ returns a null result when every plugin yields no match (0.0775ms)
✔ runCompositeFieldGroups (1.304458ms)
▶ configuredScraperService
  ✔ normalizes legacy settings without a service config and drops an unusable MetaTube default (6.895208ms)
  ✔ normalizes origins and path prefixes while rejecting unsafe base URLs (0.446333ms)
  ✔ stores only public configuration in settings and requires acknowledgement for remote HTTP tokens (1.223125ms)
  ✔ blocks clearing while MetaTube is referenced and clears address plus token otherwise (2.505792ms)
  ✔ keeps bearer credentials on the configured origin and preserves a base path (2.836667ms)
  ✔ snapshots the address, proxy choice, and token for an in-flight scrape (2.684708ms)
  ✔ rejects cross-origin redirects before sending credentials to the target (0.606666ms)
  ✔ rejects HTTPS downgrade redirects (0.608208ms)
  ✔ classifies authentication, rate-limit, server, malformed, and oversized responses (0.975459ms)
  ✔ tests draft configuration without persisting its token (0.46075ms)
✔ configuredScraperService (20.0815ms)
▶ Gfriends bundled actress plugin
  ✔ prefers the main name and selects its last quality-ordered avatar candidate (47.501375ms)
  ✔ uses the first exact alias only when the main name has no candidate (40.031333ms)
  ✔ does not return a fuzzy name match (43.472459ms)
  ✔ uses the current jsDelivr namespace when the primary index is unavailable (52.830083ms)
  ✔ reserves Gfriends as a built-in actress plugin name (0.104583ms)
✔ Gfriends bundled actress plugin (184.698125ms)
▶ MetaTube bundled video plugin
  ✔ keeps exact providers in search order and maps the documented fields (62.611458ms)
  ✔ returns no candidates for search 404 or fuzzy-only search results (91.54975ms)
  ✔ rejects a detail whose exact code differs from its search item (43.613292ms)
  ✔ rejects too many exact providers before requesting details (41.844458ms)
  ✔ fails the entire scrape if one exact detail request fails (45.020959ms)
[scraper:MetaTube] MetaTube 样张超过 40 张，已截断
  ✔ caps public sample proxy URLs at forty without putting credentials in them (45.491584ms)
  ✔ rejects incompatible known fields and caps detail concurrency at four (107.930959ms)
✔ MetaTube bundled video plugin (439.013333ms)
▶ MetaTube service integration
  ✔ runs connection checks and the bundled worker against a local fake HTTP service (99.02775ms)
✔ MetaTube service integration (99.780791ms)
▶ action network capture
  ✔ keeps http(s) query strings and strips credentials (0.552375ms)
  ✔ redacts credential-bearing query values before exposing recent requests (0.197417ms)
  ✔ omits sensitive post bodies (0.345ms)
  ✔ records only an active action window and does not label search (1.019334ms)
  ✔ keeps the newest requests when the action window overflows (0.223333ms)
✔ action network capture (2.844333ms)
▶ browser evaluate policy
  ✔ allows forbidden API names inside diagnostic strings, comments and regular expressions (4.009375ms)
  ✔ still rejects executable references and computed access to forbidden APIs (0.411792ms)
  ✔ rejects credential, storage and sensitive form access (0.364917ms)
  ✔ rejects live-page mutation and computed property access (0.331584ms)
  ✔ rejects destructuring aliases that recover live-realm capabilities (0.255458ms)
  ✔ names the forbidden API and points markup reads to html (1.110667ms)
  ✔ uses one normalized evaluator and drains timeout cleanup before rejecting (3.779083ms)
✔ browser evaluate policy (10.908916ms)
▶ ScrapeBrowserHost leases
  ✔ reuses the same owner and rejects a competing owner immediately (0.92725ms)
  ✔ freezes proxy and stops the helper as soon as a scrape lease is released (0.737917ms)
  ✔ closes the active helper session with the main window and remains reusable (0.326917ms)
  ✔ presents the helper through the lease without exposing it as a plugin browser action (0.283167ms)
  ✔ invalidates all lease actions when its operation signal is cancelled (0.136625ms)
  ✔ terminates the helper when an in-flight Playwright action is cancelled (0.339ms)
  ✔ terminates the helper before reporting an evaluate timeout (504.1435ms)
  ✔ keeps oversized ARIA complete for the artifact layer (0.665125ms)
  ✔ sends cancel, ignores a late response and kills a non-cooperative helper after 500ms (1044.226209ms)
  ✔ keeps one click successful while transient post-action observation recovers (1.370708ms)
  ✔ blocks a disallowed main-frame navigation before an agent action sends it (0.465958ms)
  ✔ returns bounded scroll metrics and invalidates refs without changing the document revision (0.569458ms)
  ✔ extracts a host-owned load-more availability signal with the candidate snapshot (0.445ms)
  ✔ returns the host-owned terminal proof result with the candidate snapshot (0.175958ms)
  ✔ returns pending after a successful action but makes explicit snapshot pending retryable (0.445334ms)
  ✔ classifies a failed state action with a changed revision as uncertain without replaying it (0.280667ms)
  ✔ keeps selector uniqueness failures as ordinary action failures (0.169458ms)
  ✔ reports zero matches separately from multiple matches (0.115833ms)
✔ ScrapeBrowserHost leases (1556.89275ms)
▶ normalizeNetworkUrl
  ✔ strips hash and lowercases host (0.481458ms)
  ✔ returns null for invalid URLs (0.16275ms)
✔ normalizeNetworkUrl (1.200833ms)
▶ networkUrlPathKey
  ✔ drops search and hash (0.121917ms)
✔ networkUrlPathKey (0.218667ms)
▶ isImageNetworkResource
  ✔ accepts Image resource type (0.156667ms)
  ✔ accepts image mime types (0.075708ms)
  ✔ rejects non-images and error statuses (0.074292ms)
✔ isImageNetworkResource (0.44375ms)
▶ hasImageMagicBytes
  ✔ detects jpeg and rejects html (0.187458ms)
✔ hasImageMagicBytes (0.2755ms)
▶ ImageBodyLruCache
  ✔ returns exact and aliased URLs (0.296666ms)
  ✔ matches unique path when query differs (0.18775ms)
  ✔ does not path-match when multiple distinct bodies share a path (0.296875ms)
  ✔ evicts oldest entries by count (0.289333ms)
  ✔ clears all state (0.114167ms)
✔ ImageBodyLruCache (1.327ms)
▶ prioritizeInspectLinks
  ✔ keeps a main result card when more than maxLinks navigation links precede it (0.918625ms)
  ✔ preserves DOM order within priority groups and deduplicates after prioritizing (1.097958ms)
✔ prioritizeInspectLinks (2.767583ms)
▶ selectInspectLocaleLinks
  ✔ keeps locale anchors in document order and always allows an empty result (0.204542ms)
  ✔ caps locale anchors without mixing them back into content ranking (0.124ms)
✔ selectInspectLocaleLinks (0.477042ms)
▶ selectInspectScriptSrcs
  ✔ keeps document order, deduplicates, and allows an empty result (0.177041ms)
✔ selectInspectScriptSrcs (0.275375ms)
▶ inspectLinkRawHref
  ✔ omits rawHref when the HTML attribute already matches the resolved href (0.117291ms)
  ✔ keeps protocol-relative and path-only attributes that cheerio will see (0.068084ms)
✔ inspectLinkRawHref (0.307542ms)
▶ ScrapeBrowserFramedSocket
  ✔ rejects the wrong token, parent pid, protocol version or CDP port (0.876958ms)
  ✔ round-trips authenticated hello frames and native Buffers (5.259709ms)
  ✔ rejects an oversized incoming frame before allocating its body (0.694834ms)
✔ ScrapeBrowserFramedSocket (7.429583ms)
▶ scrape browser readiness
  ✔ does not resolve an intermediate verification page even when it has matching content (0.355167ms)
  ✔ does not accept selectors found on a verification page (0.064084ms)
✔ scrape browser readiness (0.937792ms)
▶ ScrapeBrowserWaitBudget
  ✔ does not consume the page timeout while Cloudflare verification is active (0.113042ms)
  ✔ still enforces the page timeout while no challenge is active (0.045792ms)
  ✔ caps manual verification independently from the page timeout (0.036167ms)
  ✔ accumulates the verification cap across repeated challenge periods (0.050041ms)
✔ ScrapeBrowserWaitBudget (0.337625ms)
✔ buildScrapeUserAgent drops Electron and app product tokens (0.913125ms)
✔ derivePlatformFromOsToken maps Windows, macOS and Linux (0.346041ms)
✔ resetScrapeUaProfileCache clears memoized profile (0.1615ms)
▶ scraperManager plugin availability gates
  ✔ publishes the built-in local NFO source as runnable but not editable or exportable (4.202375ms)
  ✔ lists MetaTube for configuration but excludes it from executable names until configured (4.031916ms)
  ✔ rejects unconfigured service plugins as new composite field sources (3.159667ms)
✔ scraperManager plugin availability gates (12.26475ms)
▶ scraperPluginSandbox
  ✔ loads cheerio/slim so packaged scrapers do not need undici (38.882375ms)
  ✔ terminates a non-returning plugin worker when the caller aborts (27.394208ms)
  ✔ does not report an aborted run as settled while a started host RPC is still running (126.546292ms)
  ✔ serves repeated persistent fetchBuffer calls from the plugin resource cache (61.914625ms)
✔ scraperPluginSandbox (255.8995ms)
▶ scraperPluginService
  ✔ describes bundled video scraper fields from shipped manifests (6.965417ms)
  ✔ describes bundled actress scraper fields from shipped manifests (1.211416ms)
  ✔ drops unknown actress supported field ids from packages (48.413458ms)
  ✔ lists bundled plugins shipped with the app (0.874084ms)
  ✔ reads bundled plugin packages for export and AI debug (1.141167ms)
  ✔ keeps MetaTube visible but unavailable until configured (0.710958ms)
  ✔ rejects a user package that tries to declare a trusted service binding (0.400917ms)
  ✔ does not assign a standalone delay to composite scrapers (1.424333ms)
  ✔ imports and executes a custom video plugin through the BaseScraper adapter (82.948625ms)
  ✔ normalizes video ratings to valid 5-point records only (0.64075ms)
  ✔ reads an installed custom plugin package for AI debugging (37.732167ms)
  ✔ imports and executes a custom actress plugin through the BaseActressScraper adapter (84.907ms)
  ✔ rejects custom plugins that reuse a built-in name (0.993167ms)
  ✔ renames legacy user plugins that override built-in names to -custom (5.730709ms)
  ✔ preserves settings for a legacy user plugin named after retired JAV8 (1.754459ms)
  ✔ uses -custom-2 when -custom is already taken (4.054958ms)
  ✔ keeps bundled plugins visible after rejecting a same-name custom install (0.693666ms)
  ✔ rejects duplicate custom plugin names (40.831917ms)
  ✔ atomically replaces a user plugin without leaving staging or backup directories (71.074375ms)
  ✔ rejects plugin names that collide after filename sanitization (42.616917ms)
  ✔ rejects packages without kind (0.978833ms)
  ✔ exports packages with kind (37.50375ms)
✔ scraperPluginService (474.657125ms)
▶ ScraperResourceCache
  ✔ reuses a fresh plugin resource without another network request (2.697542ms)
  ✔ reuses a fresh plugin resource after the cache is recreated (2.364333ms)
  ✔ revalidates an expired resource with its ETag and retains a 304 body (3.416083ms)
  ✔ returns an expired resource when revalidation fails and stale fallback is enabled (2.344375ms)
  ✔ rejects a resource larger than the host entry quota (1.237625ms)
  ✔ rejects writes beyond the host quota for one plugin (2.471708ms)
  ✔ enforces the plugin quota across concurrent resource commits (1.161167ms)
✔ ScraperResourceCache (16.428417ms)
▶ trusted scraper service sandbox bridge
  ✔ exposes service methods only to a trusted binding while keeping the token in main (113.629083ms)
  ✔ fails before starting a trusted worker when the service is not configured (1.363917ms)
✔ trusted scraper service sandbox bridge (115.869958ms)
▶ scraperManager.scrapeVideo
  ✔ uses the built-in local NFO source for manual, composite, and default runs without network fallback (31.49875ms)
  ✔ treats a missing local NFO as a normal no-match without marking scrape failure (8.581917ms)
  ✔ uses only the effective composite field sources to classify a quiet local NFO no-match (61.997292ms)
  ✔ delivers actress avatars to the merged cast positions across local and web composite sources (114.737209ms)
  ✔ persists exact multi-candidate results without selecting or applying one by default (115.423958ms)
  ✔ stages every declared candidate image even when the field was not selected (110.569167ms)
  ✔ confirms a candidate from the local snapshot without visiting the remote site again (118.241208ms)
  ✔ discards pending candidates, cleans staging, and preserves cumulative success (120.551375ms)
  ✔ replaces pending staging and removes the replacement after a later unique success (278.674333ms)
  ✔ startup cleanup removes only old unreferenced video staging directories (112.27825ms)
  ✔ filters exact-code mismatches and conservatively deduplicates normalized source urls (90.587084ms)
  ✔ rejects an invalid candidate array atomically and preserves an older pending decision (167.67275ms)
  ✔ keeps the old pending snapshot and staging when a valid replacement fails mid-transaction (192.37425ms)
  ✔ returns every exact-code exclusion warning when no candidate remains (93.428208ms)
  ✔ applies the only exact candidate after exclusions without creating pending state (91.626875ms)
  ✔ normalizes a year-month release date to the first day of that month (100.93925ms)
  ✔ keeps a unique candidate pending when applying it would duplicate a business identity (98.662458ms)
  ✔ rolls back a conflict merge and candidate apply when pending deletion fails (99.54025ms)
  ✔ returns director candidates before writes and applies an explicit choice on retry (160.518791ms)
  ✔ keeps an ambiguous director during batch-style scraping and applies safe fields (100.817542ms)
  ✔ reports a matched result as skipped when no selected value can be applied (91.532375ms)
  ✔ stores composite source links and ratings under their actual field plugins (293.827625ms)
  ✔ persists and confirms composite candidates independently per source (515.821042ms)
  ✔ ignores unsupported fields before validating and applying the selected plugin result (596.44475ms)
  ✔ still rejects a malformed field when the plugin declares it as supported (513.870333ms)
  ✔ preserves a composite field when its source does not match but another source succeeds (613.725709ms)
downloadCover failed: TEST-001 https://cover.example/broken.jpg response is not a usable image
  ✔ applies text data but preserves an old cover when the returned image is unusable (547.059541ms)
downloadSamples failed: TEST-001 1 https://sample.example/two.jpg response is not a usable image
  ✔ discards the whole sample set when any sample download fails but still applies text (538.467792ms)
  ✔ compensates downloaded assets when the apply phase throws after downloads commit (610.139541ms)
  ✔ discards a downloaded cast avatar when the actress already has a usable avatar (528.005042ms)
✔ scraperManager.scrapeVideo (7119.37725ms)
▶ Xslist bundled actress plugin
  ✔ treats the site anonymous image as no avatar (51.448541ms)
  ✔ keeps a real profile avatar (46.183709ms)
✔ Xslist bundled actress plugin (98.518541ms)
▶ actress batch scrape persistence lifecycle
  ✔ persists one stable job id and advances pending targets across restart (299.687459ms)
  ✔ loads a legacy task without tri-state fields using a stable fallback job id (101.224834ms)
  ✔ clears a cancelled task file without deleting its completed pending result (180.265291ms)
  ✔ persists only a canonical status and the start-time target snapshot (201.4825ms)
  ✔ recovers a paused checkpoint after an application restart cache reset (105.710667ms)
  ✔ normalizes a legacy scraped paused job without rewriting progress (126.490917ms)
  ✔ normalizes an omitted scrapeStatus to all while preserving the snapshot (110.191375ms)
  ✔ marks an unknown status job unrecoverable without falling back to all (100.537958ms)
  ✔ blocks resume for an unknown status job but still allows discard (107.962083ms)
  ✔ resumes from the saved snapshot without re-applying current filters (150.982875ms)
  ✔ resumes a normalized legacy scraped job with unified scrape result semantics (168.067ms)
✔ actress batch scrape persistence lifecycle (1653.646ms)
▶ actressBatchScrapeTargets status normalization
  ✔ keeps the four canonical cumulative-status scopes (1.242958ms)
  ✔ normalizes the legacy scraped scope to 刮削成功 (0.140625ms)
  ✔ normalizes an omitted scope to 全部 (0.081ms)
  ✔ rejects an unknown scope instead of widening the batch (0.22825ms)
  ✔ reports unknown scopes without throwing for persisted job snapshots (1.755083ms)
  ✔ never produces the legacy scope in a normalized request (0.111166ms)
✔ actressBatchScrapeTargets status normalization (4.401708ms)
▶ reconcilePersistedActressBatchJob
  ✔ rewrites scraped to success and omitted to all without touching progress (0.151167ms)
  ✔ keeps unrecognized scopes unrecoverable and does not widen to all (0.089042ms)
✔ reconcilePersistedActressBatchJob (0.301083ms)
▶ actressBatchScrapeTargets resolution
  ✔ resolves each canonical cumulative-status scope (9.341167ms)
  ✔ resolves the legacy scraped scope as 刮削成功 and an omitted scope as 全部 (7.291084ms)
  ✔ intersects gender, cumulative status and missing fields (9.374166ms)
  ✔ treats explicit ids as the whole target set, ignoring the other filters (7.116166ms)
  ✔ deduplicates explicit ids and drops ids without a stored actress (8.504875ms)
  ✔ treats an empty explicit id list as zero targets (7.036958ms)
✔ actressBatchScrapeTargets resolution (48.825708ms)
▶ actressBatchScrapeTargets estimate and start
  ✔ estimates the count the start would resolve from the same request (8.726625ms)
  ✔ resolves targets again on start, so the total may differ from an earlier estimate (7.685333ms)
  ✔ freezes target ids, display names and total when the batch starts (7.556416ms)
✔ actressBatchScrapeTargets estimate and start (24.05825ms)
▶ ActressIdentityConflictWorkflow
  ✔ inspects live ownership even when the name is not yet in a review group (14.455667ms)
  ✔ summarizes the same aggregated name groups returned by the review list (11.441041ms)
  ✔ keeps summary counts exact for mixed, multi-result, and multi-conflict groups (25.572958ms)
  ✔ lists pending name ownership without inventing a pending scrape (8.028166ms)
  ✔ rejects an unsupported pending name type instead of silently reclassifying it (9.566916ms)
  ✔ rejects a pending-name-ownership decision when the shown claim row changed (15.223792ms)
  ✔ assigns pending name ownership without creating or applying scrape data (10.610875ms)
  ✔ edits one pending name claim and resolves both resulting unique owners (11.327542ms)
  ✔ moves an edited pending name claim into another normalized-name group (11.003875ms)
  ✔ merges actresses directly from pending name ownership (11.174208ms)
  ✔ removes an illegal pending name without persisting a blacklist (24.676959ms)
  ✔ reassigns the only pending scrape to the explicit keeper after a merge (10.942416ms)
  ✔ keeps a usable keeper avatar while clearing its missing source and crop state (21.244708ms)
  ✔ uses the explicitly selected pending actress as keeper and the other current main name (11.825209ms)
  ✔ rejects merging when both actresses own pending scrape snapshots (35.286583ms)
  ✔ does not treat another conflict between the same actress pair as a merge blocker (34.752583ms)
  ✔ rejects the whole workbench merge when a resulting name belongs to a third actress (11.667125ms)
  ✔ rejects the whole merge when the pending scrape also conflicts with a third actress (10.268625ms)
  ✔ rejects merging a persisted name claimed by a third actress pending scrape (9.451916ms)
  ✔ returns stale without merging when either actress changed after confirmation was shown (10.390375ms)
  ✔ rolls back the actress merge when pending reassociation fails (37.140125ms)
  ✔ edits only the selected conflicting name and applies the unlocked scrape atomically (12.853708ms)
  ✔ moves only the edited item when its new name conflicts in another dynamic group (10.858041ms)
  ✔ moves an edited name into a group claimed by another naturally unlocked pending result (11.115292ms)
  ✔ transfers complete ownership to the pending actress only with a replacement main name (11.001084ms)
  ✔ previews and applies an assigned conflicting alias in a fill-empty alias collection (24.659375ms)
  ✔ keeps earlier ownership decisions in the final fill-empty alias preview and apply (17.031458ms)
  ✔ validates and removes every legacy claimant when assigning to the pending actress (10.876542ms)
  ✔ assigns a whole conflict group to an existing actress while applying profiles to original targets (16.416542ms)
  ✔ keeps confirmed ownership when the chosen existing actress is also a replace candidate (9.614792ms)
  ✔ removes an illegal normalized name from the whole group and applies unlocked profiles (10.808084ms)
  ✔ requires a valid replacement for every main-name claimant before illegal-name removal (20.8355ms)
  ✔ validates illegal-name replacement main names against the live conflict snapshot (18.084083ms)
  ✔ does not reconcile newly active conflicts while rejecting a stale illegal-name decision (12.639375ms)
  ✔ removes only the current illegal group and does not remember a blacklist rule (17.185666ms)
  ✔ applies a result when its other recorded conflict has already become inactive (10.121958ms)
  ✔ rolls back illegal-name handling when name deletion fails (13.969583ms)
  ✔ rolls back illegal-name handling when main replacement fails (14.457959ms)
  ✔ rolls back illegal-name handling when profile application fails (15.413167ms)
  ✔ rolls back illegal-name handling when pending cleanup fails (21.290125ms)
  ✔ keeps the whole illegal-name group pending when any resource preparation fails (22.530209ms)
  ✔ requires a replacement when assigning a current main name to a third existing actress (10.80375ms)
  ✔ finishes name-only results and preserves the original fill-empty update mode (10.141959ms)
  ✔ promotes staged resources when a name edit unlocks a pending scrape (16.637042ms)
  ✔ keeps a naturally unlocked result pending until the user explicitly applies it (19.52725ms)
  ✔ returns a stale outcome without writes when an involved actress changed (7.984125ms)
  ✔ rolls back every profile and promoted resource when a group apply fails (15.329416ms)
  ✔ freezes the complete scrape when one selected name belongs to another actress (9.228125ms)
  ✔ applies a complete result when equivalent names only belong to the target actress (7.697291ms)
  ✔ atomically replaces one actress current snapshot and removes its old staged resources (10.770583ms)
  ✔ rolls back a conflict-free apply when removing the previous snapshot fails (10.149417ms)
  ✔ does not delete an existing same-url gallery file when a later apply rolls back (9.635208ms)
  ✔ discards only the selected wrong match, records cumulative failure, and cleans staging (15.255ms)
  ✔ startup cleanup removes only old unreferenced staging directories (27.022125ms)
  ✔ deleting a target actress also removes its staged pending resources (12.005208ms)
  ✔ removes prepared formal resources when profile application rolls back (11.493375ms)
✔ ActressIdentityConflictWorkflow (844.227ms)
✔ reuses maintenance only until local writes, schema changes or external commits (13.1015ms)
✔ does not publish rolled-back maintenance or skip checks inside a caller transaction (7.436875ms)
✔ retries failed maintenance and invalidates after reopening the same catalog (11.976958ms)
✔ does not publish a maintenance stamp if an external commit occurs during the check (31.626125ms)
✔ rechecks earlier candidates after a later candidate introduces a new conflict (8.852ms)
✔ bounds a 10k legacy-claim queue without hydrating candidates after maintenance (35.292958ms)
✔ does not hydrate unrelated candidate results for a selected name group (10.525208ms)
✔ sorts full conflict names before truncating display captions and preserves exact anchors (12.432209ms)
✔ keeps legacy equal-caption order across pages and clamps missing anchors in a nonempty queue (19.1395ms)
✔ bounds name normalization when merged actors have many third pending conflicts (19.51ms)
Failed to clean deleted actress asset: avatar_sources/alpha.jpg Error: file is locked
    at deleteStoredAsset (/Users/nut/Project/JavdexLabs/Javdex/src/main/services/actressMaintenanceService.test.ts:122:61)
    at Object.deleteActresses (/Users/nut/Project/JavdexLabs/Javdex/src/main/services/actressMaintenanceService.ts:87:11)
    at TestContext.<anonymous> (/Users/nut/Project/JavdexLabs/Javdex/src/main/services/actressMaintenanceService.test.ts:126:28)
    at Test.runInAsyncScope (node:async_hooks:227:14)
    at Test.run (node:internal/test_runner/test:1325:25)
    at Suite.processPendingSubtests (node:internal/test_runner/test:911:18)
    at Test.postRun (node:internal/test_runner/test:1465:19)
    at Test.run (node:internal/test_runner/test:1390:12)
    at async Suite.processPendingSubtests (node:internal/test_runner/test:911:7)
▶ actressMaintenanceService.importGalleryImage
  ✔ runs legacy dimension repair as part of the explicit gallery write flow (2.480291ms)
✔ actressMaintenanceService.importGalleryImage (3.20025ms)
▶ actressMaintenanceService.deleteActresses
  ✔ deletes the complete batch and cleans stored resources (19.58825ms)
  ✔ rejects the whole batch when an actress is linked to a video (15.676459ms)
  ✔ reports resource cleanup failures after the database transaction commits (12.799833ms)
  ✔ rolls back the complete batch when a later record fails to delete (15.344834ms)
  ✔ previews current linked-actress and affected-video counts (9.303667ms)
  ✔ explicitly unlinks videos, deletes a mixed batch, and preserves video records and files (9.869792ms)
  ✔ rolls back removed video links when a later actress delete fails (14.423458ms)
  ✔ removes only the deleted actress ownership and pending result (10.987666ms)
  ✔ rejects an unknown delete mode instead of falling through to a destructive path (26.547416ms)
✔ actressMaintenanceService.deleteActresses (134.961541ms)
▶ actressQueryService.listActresses
  ✔ returns a stable page and the full matching total from the real database (23.572166ms)
  ✔ reuses one exact avatar-filter snapshot across subsequent pages (0.211334ms)
  ✔ refreshes the avatar-filter snapshot whenever the first page reloads (0.107625ms)
  ✔ inspects avatar health and fingerprints outside the database repository (14.410584ms)
✔ actressQueryService.listActresses (38.800291ms)
▶ actressQueryService.listFaceScanManifest
  ✔ exposes the dedicated minimal manifest through the query seam (0.196708ms)
✔ actressQueryService.listFaceScanManifest (0.252ms)
✔ delegates avatar count without reading the legacy list or inspecting images (0.105125ms)
▶ actressScrapeQueue.start target resolution
  ✔ scrapes exactly the targets the estimate reported for the same request (3703.833625ms)
  ✔ starts a legacy scraped request against 刮削成功 targets (585.974916ms)
  ✔ starts explicitly selected actresses regardless of the other filters (526.402667ms)
  ✔ starts no target for an empty explicit id list (563.312917ms)
  ✔ refuses to start a request with an unknown cumulative-status scope (476.371792ms)
✔ actressScrapeQueue.start target resolution (5857.026084ms)
▶ AgentMetadataActivityTimeline
  ✔ projects streaming reasoning into one bounded completed turn (1.337459ms)
  ✔ retains up to 64,000 reasoning characters and reports overflow (5.518ms)
  ✔ uses semantic browser actions while retaining safe completion summaries (0.703708ms)
  ✔ keeps direct metadata submission distinct from browser inspection (0.055459ms)
  ✔ describes playlist page checkpoints as result-producing actions (0.058792ms)
  ✔ describes browser scroll without exposing tool arguments (0.045334ms)
  ✔ retains earlier reasoning across browser-heavy runs (1.112917ms)
✔ AgentMetadataActivityTimeline (9.688125ms)
✔ uses the indexed journal cursor without loading history for a metadata snapshot (1.155916ms)
▶ Agent metadata browser URL policy
  ✔ allows a public hostname when a system proxy maps it to the RFC 2544 fake-IP range (3.534125ms)
  ✔ still rejects direct benchmark-range IPs and hostnames resolving to private networks (2.815542ms)
  ✔ keeps identity query parameters while removing credentials and fragments from display URLs (0.476792ms)
✔ Agent metadata browser URL policy (7.509666ms)
▶ Agent metadata browser evidence binding
  ✔ accepts a production artifact only for its captured document and view (2.607042ms)
  ✔ rejects incomplete, tampered, and corrupt segmented production artifacts (4.97175ms)
✔ Agent metadata browser evidence binding (7.686583ms)
▶ AgentMetadataDraftService
  ✔ rejects a preview when a staged resource no longer matches its manifest (18.041959ms)
  ✔ rechecks staged resource bytes when applying an already reviewed draft (8.857541ms)
  ✔ cleans newly staged resources when persistence fails (12.615292ms)
  ✔ routes actress name ownership conflicts to the existing pending workflow (11.409917ms)
  ✔ routes duplicate video business identities to the existing pending workflow (10.4885ms)
  ✔ requires explicit user confirmation when actress names do not match (9.041416ms)
✔ AgentMetadataDraftService (70.998542ms)
▶ app release service
  ✔ parses and compares stable release versions numerically (1.228167ms)
  ✔ accepts only trusted published GitHub releases (0.113709ms)
  ✔ validates cached update state before exposing it to the renderer (0.163875ms)
✔ app release service (1.881875ms)
▶ asset byte cache
  ✔ separates variants and invalidates all variants of only the changed asset (0.571ms)
  ✔ checks every file identity field and isolates callers from cached mutable buffers (0.249791ms)
  ✔ enforces the entry cap while retaining recently read and replaced entries (0.537583ms)
  ✔ enforces the 96MiB byte cap and skips oversized entries without flushing other images (24.02875ms)
✔ asset byte cache (25.833833ms)
▶ image asset inspection cache
  ✔ loads an unchanged image once and reloads it when its file signature changes (0.171875ms)
  ✔ reloads an image after explicit asset invalidation (0.074417ms)
  ✔ evicts the least recently used inspection after reaching capacity (0.220625ms)
✔ image asset inspection cache (0.548209ms)
✔ retries after the first scrypt failure (95.807416ms)
✔ retries after the first importKey failure (105.437583ms)
✔ keeps the new cache when a pre-reset KDF later succeeds (106.783667ms)
✔ keeps the new cache when a pre-reset KDF later fails (103.570333ms)
✔ waits for cold key derivation on cancellation and never starts decryption (54.081875ms)
✔ reads the existing AVPK format through synchronous and asynchronous crypto (78.967292ms)
✔ coalesces cold key derivation and never uses synchronous crypto in the async reader (108.284958ms)
✔ rejects invalid or tampered encrypted bodies without returning plaintext (45.51025ms)
✔ waits for an active native job before discarding its cancelled result (52.702667ms)
▶ assetLocationMigration
  ✔ moves plain and encrypted files including alias store (83.303791ms)
  ✔ maps default path setting when relocating back to userData (30.193958ms)
  ✔ allows relocating back to default when only empty asset subfolders remain (14.083167ms)
  ✔ rolls back copied files without touching the active root (10.443667ms)
  ✔ rejects migration while the configured source root is unavailable (7.668542ms)
  ✔ rejects targets nested inside the active media root (8.227875ms)
  ✔ rejects a target that resolves to the source through a symlinked parent (17.162958ms)
  ✔ rejects a differently-cased path that resolves to the same directory (10.814333ms)
  ✔ resumes when the target contains matching files from an interrupted copy (12.663166ms)
  ✔ preserves pre-existing matching copies when a resumed migration rolls back (9.9035ms)
  ✔ keeps source files when the prepared target disappears before commit (10.928583ms)
  ✔ preserves a copied target that was replaced before a failed commit rolls back (11.379542ms)
  ✔ rejects an interrupted target whose file contents do not match the source (19.999416ms)
  ✔ rejects directory symlinks without reading or deleting files outside the asset root (8.622ms)
  ✔ rejects a symlinked asset root without touching its external target (9.301833ms)
✔ assetLocationMigration (265.96225ms)
▶ assetMigration opaque paths
  ✔ encrypts to opaque paths and restores readable paths on decrypt (90.321333ms)
✔ assetMigration opaque paths (90.99675ms)
✔ reads legacy without rewriting and migrates on mutation preserving all entries (66.109208ms)
✔ does not reread a warm map or append unchanged values; reloads deletions (75.021333ms)
✔ preserves a legacy file when snapshot rename fails (66.356042ms)
✔ recovers an interrupted tail and truncates it before retry (72.17625ms)
✔ rejects corrupted complete ciphertext and preserves it on attempted mutation (59.543875ms)
✔ rejects missing or incomplete first snapshots (59.076167ms)
✔ reloads the actual committed record after an uncertain fsync failure (61.431208ms)
✔ compacts after sustained updates and reloads the latest values (30822.565333ms)
✔ preserves the appended result when compaction rename fails (157.131375ms)
✔ invalidates the cached map after external replacement (56.125584ms)
▶ assetPathNaming
  ✔ builds readable bases with seed and url hash (0.551ms)
  ✔ sanitizes non-ascii seeds and truncates overly long values (0.093917ms)
  ✔ keeps equal-length Chinese actress names on distinct asset seeds (0.113584ms)
  ✔ scopes asset seeds by actress id when provided (0.062583ms)
  ✔ keeps actress id prefix when the readable label is long (0.060542ms)
  ✔ builds distinct gallery paths for equal-length Chinese names and the same url (0.070042ms)
  ✔ builds opaque bases without embedding seed text (0.067875ms)
  ✔ detects opaque encrypted filenames (0.066833ms)
  ✔ derives stable opaque names from plaintext relative paths (0.102375ms)
✔ assetPathNaming (1.637792ms)
▶ AutomaticScanScheduler
  ✔ runs every due library in stable order from independent persisted state (4.238041ms)
  ✔ runs an already-enabled library with no scan history after the startup delay (0.131584ms)
  ✔ calculates each library due time from its own interval and last finished time (0.088958ms)
  ✔ waits one full interval after a library is newly enabled (0.131792ms)
  ✔ skips disabled, rootless and not-yet-due libraries (0.088041ms)
  ✔ runs a due rootless library when it still has deferred cleanup work (0.07275ms)
  ✔ defers while maintenance is busy and rechecks on the next poll (0.074084ms)
  ✔ isolates one library failure and continues the serial due queue (0.523125ms)
  ✔ keeps startup, resume, and every due library globally serial (0.413208ms)
  ✔ uses the resume delay and clears all scheduled work on stop (0.381375ms)
✔ AutomaticScanScheduler (6.814167ms)
▶ AvatarAutoCropMediator
  ✔ resolves automatic crop requests and rejects stale replies (1.053792ms)
  ✔ fails pending automatic crop requests after renderer disconnects (0.092292ms)
  ✔ times out automatic crop requests without accepting a late response (2.533125ms)
  ✔ owns the crop batch token until matching end or disconnect (0.102292ms)
  ✔ rejects a second begin while a crop batch is active (0.179375ms)
✔ AvatarAutoCropMediator (4.392041ms)
✔ creates one lazy snapshot per batch and disposes only its owning token (0.155958ms)
✔ retries failed snapshot creation without poisoning the batch and clears on reinitialization (0.09525ms)
✔ settles disconnected requests despite cleanup failure and retries before allowing another snapshot (0.297292ms)
✔ writes the definition once and keeps total checkpoint bytes near-linear (38771.611ms)
ℹ {"targets":[1000,2000],"totalWrittenBytes":[409049,822049],"definitionWritesPerJob":1}
✔ reads legacy checkpoints and migrates on the next save without losing targets (16.908709ms)
✔ preserves the last checkpoint when write fails and retries safely (29.456292ms)
✔ preserves the last checkpoint when sync fails and retries safely (27.5915ms)
✔ preserves the last checkpoint when rename fails and retries safely (31.478625ms)
✔ keeps the old definition on failed replacement and prunes unused manifests after commit (54.55425ms)
✔ refuses missing, tampered or mismatched manifests instead of treating the job as absent (19.581208ms)
✔ stops the queue on checkpoint failure and resumes from the durable cursor without skipping work (33.979084ms)
✔ rejects damaged cursor and total fields without deleting the checkpoint (20.493459ms)
✔ reloads actual disk state and retains the manifest after replace directory-sync failure (23.673167ms)
✔ reloads actual disk state and retains the manifest after clear directory-sync failure (16.340125ms)
✔ does not report committed saves or clears as failed when manifest cleanup cannot enumerate (23.368791ms)
✔ executes real read-only tag queries and observes writes through the worker cache (275.746208ms)
✔ rejects a changed catalog version at worker startup without migration (454.275917ms)
✔ settles in-flight initialization and queued requests when disposed (487.641792ms)
✔ executes all classification cover pages on the readonly worker and observes committed writes (1110.093ms)
✔ rejects image initialization against an incompatible schema without rewriting it (499.042875ms)
✔ counts merged subscribers toward capacity, normalizes keys, and clones each successful result (2.162458ms)
✔ serializes different revisions and keeps a folded expanding query valid in the payload (0.187666ms)
✔ rejects old generation on identity change and waits for termination (5.349583ms)
✔ rejects old generation on path change and waits for termination (0.915708ms)
✔ removes queued aborts but retains an executing slot after all subscribers abort (0.769417ms)
✔ one subscriber abort does not cancel another or retain its signal listener (0.196542ms)
✔ rejects all accepted on startup timeout, without retry or overlapping workers (18.09825ms)
✔ rejects all accepted on query timeout, without retry or overlapping workers (16.777584ms)
✔ rejects all accepted on exit, without retry or overlapping workers (1.230208ms)
✔ rejects all accepted on error, without retry or overlapping workers (0.464791ms)
✔ rejects all accepted on protocol error, without retry or overlapping workers (0.229291ms)
✔ dispose closes admission immediately and waits for a running termination (0.477208ms)
✔ fails closed if termination rejects and rejects requests waiting for replacement (0.361416ms)
✔ rejects invalid queries before creating a worker and contains factory/post failures (0.361041ms)
✔ bounds subscribers while termination is pending and supersedes a waiting generation (0.399917ms)
✔ does not launch work after repeated queued cancellations before ready (0.669625ms)
✔ contains unexpected messages and dispose drains an already-started replacement barrier (0.053916ms)
✔ expires waiting subscribers and frees capacity while native termination remains pending (0.767584ms)
✔ keeps independent waiting deadlines for coalesced subscribers and clears them at execution (0.426042ms)
✔ never executes a page whose only subscriber expired before ready (0.091542ms)
✔ shares admission across tag/image requests, keys entity kinds separately and copies caller inputs (0.299917ms)
✔ retains the executing image slot after cancellation and retires it before switching databases (0.45325ms)
✔ validates image requests before allocating a reader (0.318875ms)
▶ CheckpointedSequentialBatchQueue
  ✔ persists checkpoints, pauses, and resumes from the next index (1.55475ms)
  ✔ discards a paused job without running (0.185917ms)
  ✔ cancels a running job and clears the checkpoint (3.063584ms)
  ✔ recycles the scrape browser after each configured target interval (8.206708ms)
  ✔ rejects an invalid run plan without leaving a resumable checkpoint (0.3595ms)
  ✔ discards a corrupt checkpoint when run planning throws (0.183708ms)
✔ CheckpointedSequentialBatchQueue (14.058666ms)
▶ classificationDeletionService
  ✔ previews and deletes a director while recalculating links and preserving videos/resources (407.735584ms)
  ✔ deletes an unlinked director with a zero impact (449.274167ms)
  ✔ rolls back director unlinking and skips image cleanup when deletion fails (385.861875ms)
  ✔ previews and deletes a series while recalculating videos and detaching direct children (576.776958ms)
  ✔ deletes an unlinked childless series with a zero impact (420.72375ms)
  ✔ rolls back series relations and reports image cleanup failure only after commit (523.762084ms)
✔ classificationDeletionService (2764.820584ms)
▶ classification director query and maintenance services
  ✔ keeps real same-name directors as separate stable identities and exposes candidate differences (419.483084ms)
  ✔ maintains the complete profile without changing identity or video relations (469.354ms)
  ✔ validates calendar dates and career ranges transactionally (376.478459ms)
  ✔ searches aliases and supports only count or update sorting in both directions (481.503042ms)
✔ classification director query and maintenance services (1747.44575ms)
✔ matches all candidate fields/order and deduplicates dual-role organization links before LIMIT (1095.421459ms)
✔ holds count and candidate rows in the same snapshot across a cover removal (508.152958ms)
✔ rejects unsafe entity IDs, unsupported page flags and excessive pages (408.350833ms)
▶ classificationImageService
  ✔ imports local and remote images as owned assets and cleans a replaced image after commit (489.831625ms)
  ✔ copies an associated video cover instead of adopting the video asset (504.788208ms)
  ✔ stores a director portrait and compensates its replacement when the database update fails (538.727041ms)
  ✔ keeps the stored image when a remote download fails (474.834041ms)
  ✔ cleans the latest replaced image when a remote update finishes after another edit (527.717959ms)
  ✔ commits replacement and reports a post-commit cleanup failure (502.858333ms)
✔ classificationImageService (3039.334333ms)
✔ matches every old list field and global ordering over pages, aliases, roles and cover boundaries (1380.210458ms)
✔ keeps count and page in one read snapshot across another connection changing the role (418.599375ms)
✔ validates page boundaries in the service and typed IPC without changing complete-list APIs (374.86275ms)
▶ classification organization query and maintenance services
  ✔ shares one organization profile across role lists and searches its aliases (463.218625ms)
  ✔ sorts only by video count or update time in either direction (500.246291ms)
  ✔ treats SQL LIKE metacharacters in organization searches as literal text (497.929167ms)
  ✔ keeps stable identity and video links when editing the complete profile (463.098792ms)
  ✔ rejects parent cycles without partially changing the profile (334.843125ms)
  ✔ creates an organization inline, registers the role, and retains zero-video roles (372.687708ms)
  ✔ rolls back profile fields when a name is owned by another organization (331.893583ms)
✔ classification organization query and maintenance services (2964.6285ms)
▶ classification series query and maintenance services
  ✔ maintains a stable complete profile and projects its local video coverage (517.496458ms)
  ✔ enforces normalized name ownership inside the owner scope only (479.492041ms)
  ✔ preflights every name when moving to another owner scope and rolls back on conflict (439.692209ms)
  ✔ rejects self and descendant parents without partially changing the series (365.373209ms)
  ✔ searches aliases, identifies same-name candidates, and sorts in either direction (482.4925ms)
  ✔ creates an unowned series inline and validates lifecycle years (316.058542ms)
✔ classification series query and maintenance services (2601.209375ms)
▶ directorMergeService
  ✔ merges source data into an explicit target while preserving target conflicts (505.591875ms)
  ✔ adopts the source portrait only when the target has no formal portrait (424.404291ms)
  ✔ rolls back target fields and video relations when the database transaction fails (405.961209ms)
  ✔ commits the merge and reports source portrait cleanup failure (358.151041ms)
  ✔ rejects using the same director as target and source (380.057541ms)
✔ directorMergeService (2074.697083ms)
▶ external link service
  ✔ accepts only bounded HTTP and HTTPS links (0.304667ms)
✔ external link service (0.579ms)
▶ legacy media-library settings bootstrap
  ✔ keeps native V14 config defaults when a fresh database has no legacy evidence (5.711625ms)
  ✔ imports roots, cleanup work, and typed configuration into the default library once (3.912666ms)
  ✔ freezes an online legacy cleanup root identity before making the work active (11.115458ms)
  ✔ keeps parent and child legacy paths but enables only the first non-overlapping set (14.738459ms)
  ✔ keeps realpath aliases but enables only one physical legacy root (18.048625ms)
  ✔ keeps app-level scraper and cover preferences after import and repeated startup cleanup (3.155333ms)
  ✔ keeps inferred roots and links source-managed resources to the deepest matching root (3.178167ms)
  ✔ imports the last scan summary and its managed unrecognized-file snapshot (2.87375ms)
  ✔ preserves a standalone unrecognized snapshot through a synthetic legacy scan run (3.118833ms)
  ✔ keeps an older safe snapshot separate from a newer failed scan summary (3.082459ms)
  ✔ retries JSON cleanup without importing database rows twice (2.599542ms)
  ✔ rolls back every database change and skips JSON cleanup when import fails (3.022166ms)
✔ legacy media-library settings bootstrap (75.268458ms)
▶ LibraryCurator lifecycle
  ✔ releases its own runs without disposing the application AgentExecution (0.938041ms)
✔ LibraryCurator lifecycle (1.239542ms)
✔ uses the indexed journal cursor for a curator snapshot (0.666583ms)
▶ libraryPathCleanupService
  ✔ previews only resources owned by the selected library and root (602.627792ms)
  ✔ previews and safely cleans a disabled root including pending and diagnostic rows (326.975542ms)
  ✔ confirms with the current revision and queues an identity snapshot without deleting data (256.283416ms)
  ✔ rejects a confirmation when scan-owned resources changed after preview without a revision bump (441.676292ms)
  ✔ removes and promotes resources only inside the confirmed library and root (587.962458ms)
  ✔ lets a cleanup-only scan consume the last removed root without touching another library (570.857334ms)
  ✔ recovers an offline legacy cleanup intent when a later full scan sees the root online (443.492583ms)
  ✔ keeps an overlapping legacy cleanup root waiting during a later full scan (385.373625ms)
  ✔ keeps an overlapping parent legacy cleanup root waiting during a later full scan (395.265125ms)
  ✔ keeps a realpath-alias legacy cleanup root waiting across libraries (356.69425ms)
  ✔ fails closed when a confirmed root is offline (446.933375ms)
  ✔ fails closed when the path now resolves to a replacement directory (381.108042ms)
  ✔ cancels a failed removal into a disabled, archiveable root without deleting records (390.728042ms)
  ✔ completes a confirmed cleanup after an unrelated library configuration edit (342.83325ms)
  ✔ rolls back resource removal, promotion, root state, and job completion together (306.091ms)
✔ libraryPathCleanupService (6236.117458ms)
▶ normalizeTranslationOutput
  ✔ strips fenced and quoted model output (0.366709ms)
✔ normalizeTranslationOutput (0.681417ms)
▶ MediaAssetStore
  ✔ coalesces encrypted thumbnails, isolates size variants and preserves original preview bytes (138.1975ms)
  ✔ checks plain and decrypted image pixels before caching and recovers after replacement (113.448417ms)
  ✔ retains cancelled active slots until file read settles (76.1635ms)
  ✔ retains cancelled active slots until file close settles (66.752958ms)
  ✔ retains cancelled active slots until file metadata settles (75.051625ms)
  ✔ rejects oversized plain and encrypted files before opening or decrypting them (64.092ms)
  ✔ does not merge a post-invalidation request into the old pending read (41.859459ms)
  ✔ shares a cold encrypted read and decryption across concurrent requests without sharing cancellation (58.684334ms)
  ✔ does not return cached bytes when cancelled while the hot-path stat is pending (42.212083ms)
  ✔ does not reuse the same relative cache key after the asset root changes (69.742791ms)
  ✔ rejects a changed file during reading without caching its old bytes (45.126ms)
  ✔ serves hot plaintext and encrypted images without rereading or decrypting their bytes (94.887625ms)
  ✔ reloads replaced files even with restored mtime and rejects deleted files before using cache (56.958958ms)
  ✔ does not repopulate explicitly invalidated cache from a pending read (32.81525ms)
  ✔ retains read slots while cancelled encrypted requests wait for native crypto completion (84.976292ms)
  ✔ cancels queued reads before opening files and keeps active slots until reads settle (91.099708ms)
downloadAvatar failed: Bad Avatar https://example.test/avatar.html response is not a usable image
Failed to delete media asset: covers/TEST-002_37c45a14.jpg Error: file is locked
    at FailingCleanupStore.delete (/Users/nut/Project/JavdexLabs/Javdex/src/main/services/mediaAssetStore.test.ts:936:15)
    at FailingCleanupStore.deleteImmediateBestEffort (/Users/nut/Project/JavdexLabs/Javdex/src/main/services/mediaAssetStore.ts:449:12)
    at FailingCleanupStore.finishCoordinatedChange (/Users/nut/Project/JavdexLabs/Javdex/src/main/services/mediaAssetStore.ts:561:52)
    at <anonymous> (/Users/nut/Project/JavdexLabs/Javdex/src/main/services/mediaAssetStore.ts:527:14)
    at AsyncLocalStorage.run (node:internal/async_local_storage/async_context_frame:63:14)
    at FailingCleanupStore.runCoordinatedChange (/Users/nut/Project/JavdexLabs/Javdex/src/main/services/mediaAssetStore.ts:504:31)
    at FailingCleanupStore.coordinateDatabaseChange (/Users/nut/Project/JavdexLabs/Javdex/src/main/services/mediaAssetStore.ts:465:17)
    at <anonymous> (/Users/nut/Project/JavdexLabs/Javdex/src/main/services/mediaAssetStore.test.ts:941:37)
    at getActual (node:assert:611:5)
    at strict.doesNotThrow (node:assert:779:32)
  ✔ serves plain and encrypted images asynchronously without synchronous file reads (133.05775ms)
  ✔ reads plain and encrypted images and reports a stable plaintext fingerprint (89.43775ms)
  ✔ rejects stored paths that escape the media root (6.212833ms)
  ✔ exposes bootstrap and layout paths under the media root (38.105334ms)
  ✔ encrypts a stored plain asset and lists it under stable subdirectories (120.031125ms)
  ✔ decrypts a stored encrypted asset back to its plain relative path (128.544291ms)
  ✔ compensates newly-created resources when the database operation fails (37.430916ms)
  ✔ compensates newly imported cover and sample files when a database operation fails (57.967833ms)
  ✔ compensates newly imported playlist covers when a database operation fails (59.985208ms)
  ✔ compensates async downloads when the database operation fails (38.508083ms)
  ✔ rejects unusable local image imports instead of storing them (12.34ms)
  ✔ rejects unusable avatar downloads instead of storing them (6.119ms)
  ✔ keeps an existing download when replacing the same URL later rolls back (49.339834ms)
  ✔ keeps an existing avatar source when importing the same bytes later rolls back (50.475458ms)
  ✔ deletes obsolete resources only after the database operation succeeds (47.171708ms)
  ✔ uses distinct paths for avatar display replacements created in the same millisecond (60.8435ms)
  ✔ discards newly created resources marked obsolete in the same coordinated change (48.559667ms)
  ✔ promotes nested created resources so a parent rollback can compensate them (33.470458ms)
  ✔ defers nested obsolete deletes of pre-existing files until the parent commits (54.814083ms)
  ✔ keeps nested obsolete pre-existing files when the parent rolls back (42.06825ms)
  ✔ does not leak nested create-then-obsolete files when the parent rolls back (38.770792ms)
  ✔ runInCoordinatedChange joins an active parent instead of nesting (34.02725ms)
  ✔ keeps isolated coordinated creates when an outer parent later rolls back (35.249083ms)
  ✔ keeps independent root work when an awaited outer coordinated change fails (60.847458ms)
  ✔ keeps relocation exclusive with coordinated and direct media mutations (45.563041ms)
  ✔ keeps relocation exclusive with a stable read lease (3.997541ms)
  ✔ keeps caller registrations off an un-awaited nested async coordinated change (55.43025ms)
  ✔ does not turn a post-commit cleanup failure into a database failure (46.729458ms)
✔ MediaAssetStore (2589.334708ms)
✔ reads empty, exact-budget and multi-chunk files without using readFile (25.93875ms)
✔ rejects oversize before reading and closes the opened handle (14.13875ms)
✔ rejects grow during reading and closes the handle (23.637417ms)
✔ rejects truncate during reading and closes the handle (14.656042ms)
✔ rejects cancel during reading and closes the handle (6.591708ms)
✔ rejects io-error during reading and closes the handle (14.925709ms)
✔ does not open an already cancelled request (13.839125ms)
✔ closes the handle on cancel-after-open before allocating body bytes (13.697667ms)
✔ closes the handle on stat-error before allocating body bytes (11.425417ms)
✔ closes the handle on directory before allocating body bytes (16.726542ms)
✔ reads PNG/WebP metadata and never follows TIFF offsets outside its chunk (1.024834ms)
✔ inspects all served formats without decoding pixels (21.523458ms)
✔ rejects a tiny encoded image with an oversized canvas and accepts the exact boundary (1.283458ms)
✔ rejects corrupt and unsupported image headers (11.3055ms)
✔ inspects the single-frame canvas of real animated GIF and WebP inputs (2.341666ms)
✔ waits for metadata completion when cancelled and destroys the reader (0.714958ms)
✔ shares a read while one consumer cancels and preserves independent result buffers (1.098959ms)
✔ drains the last cancelled consumer without deleting a newer flight under the same key (0.224333ms)
✔ fans out failures and permits a fresh attempt (0.265708ms)
✔ aborts the underlying work only after all consumers cancel and drains the final slot (0.293292ms)
✔ defaults to four active reads and 256 queued requests with reusable cancellation capacity (2.729875ms)
✔ bounds active and queued reads, removes cancelled work and releases capacity after failures (0.208042ms)
✔ does not free an active slot before an aborted reader actually settles (0.227458ms)
✔ preserves aspect ratio, respects orientation and does not enlarge small images (24.758167ms)
✔ makes a single static thumbnail from an animated image (1.694667ms)
✔ retains two decode slots until native work settles after cancellation (2.106916ms)
▶ media-library service
  ✔ validates an explicitly configured create-time video scraper before persistence (0.998541ms)
  ✔ allows unrelated config edits with a stale stored scraper but validates explicit changes (0.084334ms)
  ✔ runs the root-migration commit through the shared resource-maintenance gate (0.108542ms)
  ✔ runs every root mutation through the scan-shared maintenance gate (0.335333ms)
  ✔ preserves root continuity validation errors through service mutation gates (0.078917ms)
  ✔ serializes library and config lifecycle mutations with resource writes (0.147ms)
  ✔ cannot archive through the service while an asynchronous resource write owns the gate (0.152625ms)
✔ media-library service (2.370042ms)
▶ mediaProtocol
  ✔ forwards a finite variant and rejects invalid size without reading (18.093125ms)
  ✔ returns 413 for oversized images with an empty HEAD body (0.795458ms)
  ✔ awaits the image reader and forwards cancellation while serving GET and HEAD (0.340042ms)
  ✔ skips reads for preflight and forbidden paths, and distinguishes busy from missing (0.469625ms)
  ✔ resolves media URLs under the asset root (0.067541ms)
  ✔ rejects path traversal outside the asset root (0.046125ms)
✔ mediaProtocol (20.257167ms)
▶ organizationDeletionService
  ✔ removes only the selected role and recalculates its linked videos at execution time (411.917917ms)
  ✔ rejects removing the final role and leaves all relations unchanged (383.794292ms)
  ✔ blocks role removal and full deletion when they would rewrite a pending video (398.935709ms)
  ✔ fully deletes an organization and detaches every supported relation after a fresh preview (565.04725ms)
  ✔ rejects full deletion when owned series names conflict in the unowned scope (433.911084ms)
  ✔ rolls back full deletion relations and skips image cleanup when deletion fails (407.073625ms)
  ✔ commits full deletion while reporting post-commit image cleanup failures (333.695292ms)
✔ organizationDeletionService (2935.365ms)
▶ organizationMergeService
  ✔ merges cross-role records and transfers role-specific videos, children, and series (535.722375ms)
  ✔ adopts the source brand image only when the target has none (416.747417ms)
  ✔ preflights publisher transfer business identity collisions before writing (465.799208ms)
  ✔ blocks a merge that would rewrite a pending video relation (426.081291ms)
  ✔ rejects a series name collision in the target scope without changing any relation (465.713375ms)
  ✔ rejects merging an ancestor into a deep descendant (330.207042ms)
  ✔ collapses a direct source-to-target hierarchy and transfers source siblings (355.764459ms)
  ✔ rolls back the profile and every relation when the transaction fails (362.191375ms)
  ✔ commits the merge and reports a brand image cleanup failure (406.664083ms)
  ✔ rejects using the same organization as target and source (373.822542ms)
✔ organizationMergeService (4139.907959ms)
▶ pending resource identity service
  ✔ uses the persisted choice, assigns the resource atomically, and applies only a matching current NFO (472.204833ms)
  ✔ completes resource ownership but does not apply metadata when the current NFO no longer matches (438.709166ms)
  ✔ finishes resource ownership when the current NFO cannot be inspected safely (500.501084ms)
  ✔ keeps the identity pending and creates no formal record when the source fingerprint is stale (385.439667ms)
  ✔ rechecks a STRM target snapshot and leaves the conflict intact when it changes (395.994167ms)
✔ pending resource identity service (2193.362167ms)
▶ PlayerService
  ✔ opens and reveals a local resource through system file operations (0.940167ms)
  ✔ opens a STRM target externally but reveals its local source file (0.093625ms)
  ✔ opens the primary direct resource with the system URL handler (0.09775ms)
  ✔ reports a system open failure and does not try another resource (0.133875ms)
  ✔ hands Magnet resources to the registered system protocol handler (0.065458ms)
  ✔ rejects every playback and reveal entry point before reading an archived or missing library (0.217ms)
  ✔ opens and reveals only resources that belong to the selected library (7.417625ms)
✔ PlayerService (9.39725ms)
▶ playlist import browser navigation guard
  ✔ requires DOM-backed terminal reasons to carry a selector and pass host verification (1.58825ms)
  ✔ accepts known-total terminal evidence only when the checkpoint declares a total (0.086291ms)
  ✔ accepts a virtual first window only after a settled host-owned reset to the top (0.063583ms)
  ✔ revalidates terminal or link evidence in the final dynamic window before sealing (0.095ms)
  ✔ alternates virtual scrolling with frozen load-more actions before sealing (0.065334ms)
  ✔ defers bottom-only advance validation until a virtual page reaches its terminal view (0.052959ms)
  ✔ waits for a quiet window after every asynchronous load-more change (0.075042ms)
  ✔ restarts the quiet window when a temporary dynamic expansion rolls back (0.039375ms)
  ✔ classifies foreground retry failures without treating them as restart recovery (0.220167ms)
✔ playlist import browser navigation guard (2.938833ms)
▶ playlist importer browser guidance
  ✔ prefers structured reads while leaving page semantics and interaction to the agent (0.421542ms)
  ✔ hands page semantics to the agent and prioritizes user-only blockers (0.099ms)
  ✔ extracts a first-page playlist name only from reliable page evidence (0.09025ms)
  ✔ requires every newly opened static page to be inspected and checkpointed before advancing again (0.06325ms)
  ✔ distinguishes checkpoint evidence from status artifacts and explains terminal selectors (0.089208ms)
✔ playlist importer browser guidance (1.178208ms)
▶ PlaylistImportModule interface
  ✔ returns an initial browser handoff projected during the first agent dispatch (7.234125ms)
  ✔ persists the import job before the run driver can project bootstrap observations (3.52925ms)
  ✔ returns immediately after accepting one run and replays the same start idempotently (4.761875ms)
  ✔ allows only one foreground import session at a time (5.08775ms)
  ✔ rejects invalid start targets before creating an Agent run (3.212792ms)
  ✔ includes write options in the idempotent frozen input (3.373834ms)
  ✔ rejects one idempotency key reused for different frozen input (3.686917ms)
  ✔ cancels pre-apply work without creating an empty playlist (4.0275ms)
  ✔ preserves a retryable recovery failure when apply invalidates after identity review (8.021125ms)
  ✔ retries a recoverable apply error after the target library becomes active again (5.797417ms)
  ✔ dispatches a same-session retry for a retryable discovery checkpoint (4.329667ms)
  ✔ clears a missing page checkpoint before dispatching a same-session retry (4.571ms)
  ✔ coalesces concurrent retries with the same idempotency key before recovery side effects (4.264334ms)
  ✔ keeps discovery retry state in the foreground session instead of the durable product journal (3.892709ms)
  ✔ applies a foreground retry atomically without reserving a durable retry result (4.541625ms)
  ✔ discards a browser session when driver creation fails before persistence (3.32875ms)
✔ PlaylistImportModule interface (74.343958ms)
▶ PlaylistImportRepository
  ✔ keeps all import staging in the current SQLite connection only (5.74275ms)
  ✔ rejects credential-bearing source and detail URLs before staging them (0.563875ms)
  ✔ removes sensitive detail URL credentials and requires explicit user identity handling (7.285375ms)
  ✔ accepts a checkpoint after a source redirects between www and apex host variants (4.423125ms)
  ✔ fails an empty external list without creating an empty playlist (3.832291ms)
  ✔ fails discovery when the frozen run exceeds its wall-clock safety budget (3.966458ms)
  ✔ checkpoints every page before atomically creating/reusing videos and a new playlist (5.7655ms)
  ✔ assigns stable unique page order when numbered pagination rediscoveries overlap (4.322083ms)
  ✔ fails self-referential and A-to-B-to-A static pagination as PAGINATION_LOOP (4.442ms)
  ✔ keeps legal duplicate pages when their concrete pagination frontiers differ (4.458208ms)
  ✔ fails a sealed dynamic page whose next URL only loops to an existing frontier (4.92675ms)
  ✔ keeps a declared page-total mismatch retryable and accepts a corrected checkpoint (4.01ms)
  ✔ rejects a conflicting nonterminal page before sealing it and completes after correction (4.825292ms)
  ✔ restarts from the source when only the terminal page proves earlier totals wrong (9.301334ms)
  ✔ uses the first-page Agent suggestion when the user leaves the new playlist name empty (4.167416ms)
  ✔ keeps existing playlist links and deduplicates the source playlist URL when enabled (4.784292ms)
  ✔ falls back to the existing host-and-date name when the Agent returns no name (4.520042ms)
  ✔ does not let an Agent suggestion rename an append target (4.077666ms)
  ✔ skips unmatched items and omits detail links when both write options are disabled (4.358292ms)
  ✔ reuses a unique code match created after an auto-create-disabled preview (4.851875ms)
  ✔ persists target-library and target-playlist failures instead of leaving apply retry loops (7.010625ms)
  ✔ counts external convergence separately from videos already present before apply (6.207708ms)
  ✔ keeps multiple global code matches in the detail phase even when one is in the target library (3.827916ms)
  ✔ reuses a unique exact code discovered only on the detail page (4.808542ms)
  ✔ sends conflicting list and detail codes to user review without discarding list candidates (4.987875ms)
  ✔ rejects a stale direct-code decision when a duplicate appears before apply (4.64225ms)
  ✔ reopens identity resolution when another video claims the detail URL before apply (5.185416ms)
  ✔ returns target-library tiebreaks to identity review when memberships become stale (5.202083ms)
  ✔ persists an unexpected transactional apply failure and retries it atomically (5.574375ms)
  ✔ lets a unique strong detail match override the target library preference (3.941167ms)
  ✔ uses a canonical www detail link as a strong owner signal without duplicating it (5.005709ms)
  ✔ requires user review when independent strong detail signals conflict (5.115792ms)
  ✔ keeps a source owner outside the code candidates and blocks target-library tiebreaking (4.961417ms)
  ✔ invalidates the preview when a new source owner appears before apply (5.077333ms)
  ✔ treats source external-code and source-URL evidence as independent signals (4.060042ms)
  ✔ does not use the target library when complete business identity contradicts known candidates (6.98ms)
  ✔ waits for the user when detail signals leave multiple cross-library candidates (5.676834ms)
  ✔ replays an identical page checkpoint and makes changed content recoverable (4.219208ms)
  ✔ makes a changed replay of a dynamic operation recoverable without duplicating the batch (4.72125ms)
  ✔ rolls a changed sealed dynamic page back with downstream frontiers and orphan items (73.358584ms)
  ✔ rejects a playlist name submitted after the first logical page (3.95375ms)
  ✔ persists and resumes a browser handoff without losing the current list frontier (4.075334ms)
  ✔ fails an expired browser handoff before persisting a resume checkpoint (3.669709ms)
  ✔ checkpoints overlapping virtual windows before sealing a continuous list (5.863792ms)
  ✔ persists host-owned load-more batches and seals only after the control disappears (5.248916ms)
  ✔ persists load-more no-progress and fails instead of retrying the same action (4.284375ms)
  ✔ fails the run instead of truncating a source that declares totals above the safety budget (3.43475ms)
  ✔ fails and rolls back a dynamic window above the per-batch candidate budget (5.440875ms)
✔ PlaylistImportRepository (302.3165ms)
▶ PlaylistImportAgentRunDriver scripted browser integration
  ✔ dispatches the conversation before the agent opens the frozen source page (6.977ms)
  ✔ hands an initial challenge to the user through the agent browser tool (4.755417ms)
  ✔ requires the domain advance tool to claim a pending page before checkpointing it (7.888375ms)
  ✔ lets the agent choose how to return to frozen work after a handoff (3.9855ms)
  ✔ lets the agent hand a login page to the user immediately (3.606417ms)
  ✔ pauses for human verification when host-owned detail navigation hits a challenge (4.827333ms)
  ✔ replays a committed static page checkpoint after its response is lost (5.256792ms)
  ✔ replays a committed detail checkpoint after its response is lost (5.60375ms)
  ✔ restarts the changed dynamic page from its inbound frontier on product retry (6.040542ms)
  ✔ restarts a dynamic page with corrected declared totals after one product retry (8.94725ms)
  ✔ records an evidence-backed unsupported pagination report as an explicit terminal error (4.328458ms)
  ✔ requires a page checkpoint before advancing away from the current list page (4.554875ms)
  ✔ keeps a missing page checkpoint agent-correctable instead of locking the tool host (4.712833ms)
  ✔ does not expose status artifacts as eligible page-checkpoint evidence (3.38925ms)
  ✔ inspects an automatic login redirect but still rejects a checkpoint from it (3.747958ms)
  ✔ checkpoints a finite recycled virtual list without gaps and binds evidence to every view (6.593792ms)
  ✔ normalizes a one-based stable position attribute into a continuous virtual list (7.250084ms)
  ✔ backtracks to the last anchor and halves the step when variable heights skip a window (7.458958ms)
  ✔ combines virtual scrolling with host-owned load-more and checkpoints the expanded window (1006.823ms)
  ✔ retries a stalled virtual window once, then fails when it still cannot progress (4.798375ms)
✔ PlaylistImportAgentRunDriver scripted browser integration (1112.36725ms)
▶ playlistImportRecoverableToolFailure
  ✔ keeps only same-session timeout and changed-source failures retryable (0.358834ms)
✔ playlistImportRecoverableToolFailure (0.399333ms)
▶ PlaylistImporter ToolPack
  ✔ exposes static-page, virtual-window and detail checkpoints through one least-privilege pack (1.48725ms)
  ✔ lets the agent inspect and operate the same-site browser (0.279667ms)
  ✔ binds every declaration to a production handler (0.08875ms)
  ✔ accepts one optional page-evidenced name on the page checkpoint (0.067625ms)
  ✔ requires a mechanically verifiable terminal contract (0.057334ms)
  ✔ describes static pagination as navigation followed by a new page checkpoint (0.071125ms)
  ✔ makes checkpoint evidence eligibility and terminal selector semantics explicit (0.213667ms)
✔ PlaylistImporter ToolPack (2.685291ms)
▶ playlistService media asset seam
  ✔ creates a playlist cover through MediaAssetStore and cleans it on delete (480.8555ms)
  ✔ deletes the previous cover only after a successful cover replacement (453.547625ms)
✔ playlistService media asset seam (934.796708ms)
▶ PluginBrowserCapabilityModule
  ✔ uses action-specific result budgets (0.470417ms)
  ✔ inlines complete small page-fact sections instead of keeping an oversized snapshot (33.200625ms)
  ✔ omits an oversized page-fact section as a whole and never returns a prefix (25.688458ms)
  ✔ returns an omitted artifact section through bounded cursor pages (75.233417ms)
  ✔ keeps every omitted delta section readable from the same artifact (41.960417ms)
  ✔ returns valid artifact sections and a catalog recovery action for an unknown section (14.845ms)
  ✔ rejects read-section paths outside the browser artifact directory (8.995208ms)
  ✔ keeps a small localeLinks section when snapshot and content links are omitted (31.012042ms)
  ✔ hides oversized artifact string segments behind read-section pagination (41.049834ms)
  ✔ returns every captured page-fact item when the complete observation fits (22.01375ms)
  ✔ keeps the hard transport limit even when the page has unusually many fact sections (443.281833ms)
  ✔ marks evidence incomplete only when the complete page evidence was actually capped (23.511833ms)
  ✔ returns occurrence-aware ARIA and top-level page-fact deltas for one document (33.09525ms)
  ✔ treats a scroll view revision as a full observation and invalidates prior refs (28.616916ms)
  ✔ records a newly appeared pageFacts section after fill without throwing (35.367334ms)
  ✔ falls back explicitly to the artifact when a complete delta exceeds its budget (40.483083ms)
  ✔ isolates baselines by session and resets them when a lease is released (32.156375ms)
  ✔ unwraps evaluate values that were unnecessarily JSON-stringified (22.209ms)
  ✔ keeps a successful action pending result successful and compact (22.995042ms)
  ✔ redacts typed text from the stored artifact (20.000125ms)
✔ PluginBrowserCapabilityModule (997.056542ms)
▶ PluginDeveloper approval and lifecycle stability
  ✔ restores a legacy run with newly-invalid field ids as a repairable workspace (156.921375ms)
  ✔ clears every durable plugin-development history without touching other Agent use cases (34.132375ms)
  ✔ refuses to clear history while a plugin-development operation is running (0.393625ms)
  ✔ discards unrecoverable plugin-development history without touching recoverable runs (69.67975ms)
  ✔ waits for a slow terminal release before an immediate continuation reopens the run (1.170416ms)
  ✔ materializes a terminal workspace before lazy continuation projects native file tools (156.110291ms)
  ✔ projects Pi native file tools into the durable product timeline (119.403625ms)
  ✔ records exactly one domain error when a runtime fault transitions the run to failed (0.3415ms)
  ✔ surfaces an unpersistable runtime fault and resolves the active operation (0.262416ms)
  ✔ publishes the reduced active context immediately after Pi compaction (0.212291ms)
  ✔ keeps a transient invalid workspace recoverable and resyncs after a valid rewrite (162.074375ms)
  ✔ streams provider reasoning and answer while persisting each only once per completed turn (71.353917ms)
  ✔ bounds one displayed reasoning block and reports the original character count (2.087042ms)
  ✔ revokes an approved permit when Pi rejects the approval continuation (0.2335ms)
  ✔ does not consume an approval while the operation that emitted waiting_user is still settling (0.092167ms)
  ✔ binds a typed choice to the exact request without treating it as user feedback (435.059834ms)
  ✔ resumes a typed browser interaction without turning completion into defect feedback (0.226458ms)
  ✔ keeps a mechanically ready artifact waiting for user after Pi settles (149.739958ms)
  ✔ requires real feedback before continuing a mechanically ready artifact (157.123541ms)
  ✔ keeps readiness for dev-notes edits but invalidates it for package edits (131.996458ms)
  ✔ does not run hidden production execution when Pi settles without a current artifact (132.856333ms)
  ✔ projects a model-turn limit into waiting_user/working without running a hidden check (134.572833ms)
  ✔ allows installation only for the exact full production execution artifact (0.564417ms)
  ✔ marks the session completed only after the accepted artifact is installed (0.316667ms)
  ✔ adopts the installed display name when install renames to avoid a conflict (150.389708ms)
  ✔ persists the renamed installed package onto settled product state (130.101208ms)
  ✔ releases only PluginDeveloper-owned runs during application disposal (0.24575ms)
✔ PluginDeveloper approval and lifecycle stability (2198.671834ms)
✔ uses the indexed journal cursor for active and persisted plugin snapshots (0.387667ms)
✔ preserves incremental logs across stale-runtime cancellation, cold snapshot, restore and export (1339.1685ms)
✔ keeps the migrated work log reference when runtime reopen fails during recovery (222.849084ms)
✔ retries closed workspaces with intact or corrupted state without rewriting diagnostic data (303.167625ms)
✔ serializes cleanup admission and drains safely: {"initial":"clear","fail":false,"dispose":true} (362.6785ms)
✔ serializes cleanup admission and drains safely: {"initial":"discard","fail":true,"dispose":true} (420.047708ms)
✔ serializes cleanup admission and drains safely: {"initial":"clear","fail":true,"dispose":false} (426.026459ms)
▶ PluginExecutionModule
  ✔ passes only the typed actress runtime identity and preserves production facts (24.49675ms)
  ✔ records rejected production results without adding semantic issue classifications (15.379542ms)
  ✔ does not accept undefined or runtime-only output as a material production result (19.23225ms)
  ✔ does not accept a video source link without any material scraped field (15.99925ms)
  ✔ treats a full empty contract return as unmatched targets, not a broken shape (0.145542ms)
✔ PluginExecutionModule (75.764625ms)
▶ PluginRunAcceptanceModule
  ✔ accepts an exact full production artifact without judging content or manifest coverage (1.898667ms)
  ✔ keeps readiness when only the plugin display name changes (0.149292ms)
  ✔ rejects targeted, stale package, stale target, stale runtime, and failed execution artifacts (0.277125ms)
  ✔ never accepts a vacuous full execution with no session targets or cases (0.078583ms)
  ✔ treats a successful proper-subset run as wrong_scope, not execution_failed (0.068083ms)
  ✔ keeps execution_failed when a targeted subset itself failed (0.06575ms)
✔ PluginRunAcceptanceModule (2.976833ms)
▶ PluginWorkspaceModule
  ✔ starts create mode without a requested or predeclared field set (1.015459ms)
  ✔ materializes a Pi-native file workspace and rebuilds a normalized package (137.01ms)
  ✔ treats workspace files as authoritative and changes the artifact hash after an edit (125.546958ms)
  ✔ keeps Pi dev notes outside the plugin artifact and preserves them across instruction refreshes (163.6785ms)
  ✔ atomically records completed execution facts and the current acceptance projection (140.807667ms)
  ✔ updates current acceptance without overwriting the latest execution facts (122.581583ms)
  ✔ does not reinterpret a removed workspace field declaration as all fields (131.714417ms)
  ✔ refreshes v4 host resources without overwriting the draft or decisions (193.52425ms)
  ✔ preserves same-kind legacy targets only when current input has none (222.060416ms)
  ✔ keeps current instruction resources frozen when the workspace is reopened (120.8225ms)
  ✔ preserves an older frozen instruction set while restoring an existing run (135.893125ms)
✔ PluginWorkspaceModule (1495.773291ms)
✔ awaits asynchronous removal without recursively deleting through the synchronous API (22.93375ms)
▶ PluginDevInstructionModule
  ✔ keeps the system prompt limited to identity, workspace and host boundaries (0.593791ms)
  ✔ makes javdex-plugin-dev the only owner of the development workflow (2.647875ms)
  ✔ orders page-level search and detail code checkpoints for video and actress skills (0.497917ms)
  ✔ generates isolated result contracts and workflow examples for each plugin kind (0.386167ms)
  ✔ marks field documentation as a query table rather than an implementation checklist (0.106958ms)
  ✔ preserves a resolved choice and reassesses the remaining blocker (0.058291ms)
  ✔ resumes a completed browser handoff from the interrupted location (0.031417ms)
  ✔ uses the host initial dry-run in debug mode without requesting a duplicate run (0.097458ms)
  ✔ starts create from the Skill instead of a five-file reading ritual (0.09075ms)
  ✔ generates stable v1 resources for identical inputs (0.394333ms)
  ✔ applies user feedback without manufacturing an extra development round (0.044625ms)
  ✔ treats the resume button as continuation rather than new defect feedback (0.046208ms)
  ✔ exposes only dry-run, typed user input and the browser adapter tools (0.097375ms)
✔ PluginDevInstructionModule (5.575792ms)
▶ PluginDeveloper v1 tool executor
  ✔ rejects removed domain tools (128.502792ms)
  ✔ rejects URL-shaped targets without replacing the initial dry-run state (124.645209ms)
  ✔ preserves the prior latest facts while the workspace is temporarily invalid (151.675625ms)
  ✔ adopts the first legal explicit targets immediately and exposes runtime facts (179.96825ms)
  ✔ emits adopted targets before the production runner settles (171.094542ms)
  ✔ replaces session targets after a full unmatched execution (144.656167ms)
  ✔ keeps later explicit targets targeted when the last full run was not an empty miss (132.937458ms)
  ✔ uses later explicit targets only for targeted diagnostics (160.926334ms)
  ✔ treats explicit targets that cover the session set as a full run (127.997166ms)
  ✔ allows the fourth and tenth real executions without an attempt limit (203.091583ms)
  ✔ reads an artifact section without acquiring the live browser lease (145.657375ms)
  ✔ maps bounded scroll arguments to the shared browser command (152.613583ms)
  ✔ terminates on browser busy without replacing the initial dry-run state (127.102042ms)
  ✔ does not replace the initial dry-run state when Cloudflare interrupts the run (110.33575ms)
  ✔ preserves the prior latest facts when a real execution is cancelled (125.887583ms)
✔ PluginDeveloper v1 tool executor (2188.323417ms)
▶ plugin developer Cloudflare handoff
  ✔ retains the browser only for browser interaction handoff requests (0.352958ms)
  ✔ recognizes the typed browser challenge signal (0.073666ms)
  ✔ turns browser action=open challenge into an immediate waiting_user handoff (137.817292ms)
  ✔ presents the helper and creates a typed login handoff without running a Playwright action (122.919292ms)
  ✔ returns typed recovery errors for uncertain actions and pending explicit observations (122.029625ms)
✔ plugin developer Cloudflare handoff (383.747083ms)
▶ PluginDeveloper ToolPack v1
  ✔ matches the compact Pi-native schema in stable order (0.8215ms)
  ✔ classifies dry-run, browser reads/interactions and secret typing explicitly (0.202083ms)
  ✔ governs every remaining host capability through permission, abort and ledger (8.011291ms)
✔ PluginDeveloper ToolPack v1 (9.558125ms)
▶ pluginDevAgent workLog
  ✔ records full tool detail and builds an exportable timeline (10.596083ms)
  ✔ never exports a failed terminal state without an error event (0.198167ms)
✔ pluginDevAgent workLog (11.158ms)
✔ migrates a legacy log once, preserves message/event order, and reads only its committed journal interval (15.649375ms)
✔ rolls back journal appends when product state commit fails and retries without duplicates (1.06475ms)
✔ rejects changed legacy prefixes, shrinking histories, missing rows and malformed references without rewriting data (0.576625ms)
✔ keeps logical state+journal writes linear for 1k, 10k and 100k log entries (5148.323917ms)
ℹ {"results":[{"entries":1000,"stateBytes":110786,"journalBytes":131780},{"entries":10000,"stateBytes":1127788,"journalBytes":1337780},{"entries":100000,"stateBytes":11477790,"journalBytes":13577780}],"scope":"In-memory SQLite logical JSON bytes; outer transaction amortizes test setup. Not WAL/device bytes, fsync latency, UI or cold recovery memory acceptance."}
▶ pluginDevCodeEdit
  ✔ replace_snippet swaps a unique fragment (1.111083ms)
  ✔ replace_snippet rejects non-unique oldText (0.138834ms)
  ✔ replace_snippet picks match nearest nearLine (0.267084ms)
  ✔ replace_function can replace a top-level helper (0.354917ms)
  ✔ replace_function rejects re-declaring helper inside parseActress block (0.178416ms)
  ✔ listTopLevelFunctions returns names with line ranges (0.697584ms)
  ✔ findDuplicateTopLevelBindings detects duplicate function names (0.042833ms)
✔ pluginDevCodeEdit (3.190125ms)
▶ pluginDevPageFormat
  ✔ formats definition lists and dom regions for prompts (0.414666ms)
  ✔ formats inspect locale anchors without treating them as a language API (0.061041ms)
  ✔ includes link region markers (0.059541ms)
  ✔ builds full page insight prompt (0.178916ms)
  ✔ keeps forms and prioritized links when raw DOM regions are very large (0.459458ms)
✔ pluginDevPageFormat (1.564792ms)
▶ pluginDevService
  ✔ preserves an explicit empty supportedFields list for an undiscovered create draft (5.949ms)
  ✔ rejects parse result keys used as supportedFields instead of silently dropping them (6.827667ms)
  ✔ wraps generated bare parseVideo functions before dry-run (67.848834ms)
  ✔ reports unrecognized raw result keys before normalization without suggestions (60.748833ms)
  ✔ preserves every normalized video candidate during dry-run (66.893292ms)
  ✔ rejects a video result whose code does not match the requested target (69.622084ms)
  ✔ wraps generated bare parseActress functions before dry-run (59.120291ms)
  ✔ reports legal manifest field ids even when the compatibility projection accepts an empty declaration (73.749917ms)
  ✔ coerces actress numeric and date strings during dry-run (62.356958ms)
  ✔ returns actress identity facts without adding a semantic target rejection (65.052458ms)
✔ pluginDevService (539.114792ms)
✔ coalesces a large burst and flushes the final value without leaking a timer (3.376125ms)
✔ limits continuous progress to ten updates per second plus the final flush (0.520458ms)
✔ replaces pending progress with an immediate state and can publish the next state (0.145583ms)
✔ normalizeProxyUrl accepts common proxy schemes (0.393792ms)
✔ normalizeProxyUrl rejects empty and invalid values (0.165959ms)
▶ public HTTP fetch
  ✔ rejects private literals and hostnames resolving to private addresses (2.851917ms)
  ✔ connects to the validated address while preserving the logical host (20.988375ms)
  ✔ validates redirect destinations and caps streamed response bytes (1.358125ms)
  ✔ applies one timeout budget to URL validation and the request (30.996292ms)
  ✔ closes a pending SOCKS connection when the request deadline expires (62.349083ms)
✔ public HTTP fetch (119.419834ms)
▶ resourceLessVideoCleanupService
  ✔ deletes only zero-resource videos and removes their relations and owned images (346.725958ms)
  ✔ protects zero-resource videos while any playlist still references them (269.338583ms)
  ✔ counts and cleans assets only after the final guarded delete succeeds (201.217792ms)
✔ resourceLessVideoCleanupService (817.833666ms)
▶ ScrapeJobController
  ✔ flushes and detaches UI progress on rejection before accepting another batch (5.130084ms)
  ✔ coalesces video UI progress while preserving checkpoints and done delivery (27.292042ms)
  ✔ coalesces video UI progress while preserving checkpoints and paused delivery (17.68275ms)
  ✔ coalesces video UI progress while preserving checkpoints and cancelled delivery (21.802083ms)
  ✔ coalesces actress UI progress while preserving checkpoints and done delivery (15.690958ms)
  ✔ coalesces actress UI progress while preserving checkpoints and paused delivery (17.755166ms)
  ✔ coalesces actress UI progress while preserving checkpoints and cancelled delivery (19.069375ms)
  ✔ preserves media-library scope through batch count and start orchestration (0.331875ms)
  ✔ rejects a single-video scrape outside the requesting active media library (0.287959ms)
  ✔ forwards an explicit director choice and returns structured classification outcomes (0.097791ms)
  ✔ serializes single video and actress scrape runs (0.082416ms)
  ✔ pauses an interrupted persisted job during initialization (0.086375ms)
  ✔ recovers an on-disk running checkpoint as paused after restart (85.96175ms)
  ✔ publishes progress and supports pause, resume, and discard for persisted batches (0.699791ms)
  ✔ prevents starting a scrape batch while automatic crop owns the batch lock (0.1105ms)
✔ ScrapeJobController (212.912791ms)
▶ ScraperDelayController
  ✔ starts the next same-site interval after the previous access finishes (16.545833ms)
✔ ScraperDelayController (17.081792ms)
▶ ScraperPluginCatalog
  ✔ restores the configured default after deleting a selected plugin (0.844375ms)
✔ ScraperPluginCatalog (1.157333ms)
▶ ScraperServiceConfiguration
  ✔ keeps scraper service IPC policy behind one application boundary (0.894583ms)
✔ ScraperServiceConfiguration (1.468583ms)
▶ SequentialBatchQueue
  ✔ counts success, pending, and failure as disjoint processed outcomes (1.312083ms)
  ✔ pauses after the current target and resumes from checkpoint (0.434334ms)
✔ SequentialBatchQueue (2.303166ms)
▶ seriesMergeService
  ✔ merges an explicit source into the target and transfers videos and direct children (310.9435ms)
  ✔ adopts the source cover only when the target has no formal cover (325.756292ms)
  ✔ rejects a merged name collision in the final owner scope without changing relations (470.646084ms)
  ✔ rejects a merge that would move an ancestor branch below its descendant (468.1835ms)
  ✔ collapses a direct source-to-target hierarchy without making the target its own parent (401.063125ms)
  ✔ rolls back profile, video, and child changes when the database transaction fails (333.633125ms)
  ✔ commits the merge and reports an obsolete source cover cleanup failure (471.88125ms)
  ✔ rejects using the same series as target and source (401.357208ms)
✔ seriesMergeService (3184.285667ms)
✔ reuses canonical query pages, isolates caller mutations, and invalidates local and external writes (246.638ms)
✔ bypasses cached pages inside transactions and never publishes data that is rolled back (266.156625ms)
✔ evicts least recently used pages and validates raw search before cache lookup (325.99825ms)
✔ evicts by serialized byte budget before eight large pages accumulate (516.806792ms)
✔ observes an external commit during a read and refreshes on the next call (446.140834ms)
✔ does not cache a failed read and allows the same query to retry (398.87425ms)
✔ separates connections even when their revision counters match (783.722541ms)
✔ binds a separate cache and repository to a readonly connection, without using the writer getter (317.025917ms)
▶ videoBatchScrapeQueue feedback
  ✔ identifies scoped and global target sets in batch status text (0.391375ms)
  ✔ preserves and revalidates the original library scope when resuming a checkpoint (2.135542ms)
  ✔ revalidates every frozen scoped target immediately before scraping (0.131916ms)
  ✔ formats success, skip, and partial-warning outcomes distinctly (0.097458ms)
  ✔ counts a persisted multi-candidate result as pending instead of success or failure (0.043209ms)
✔ videoBatchScrapeQueue feedback (3.250875ms)
▶ video lifecycle service
  ✔ cleans app-owned and pending assets while never receiving source media paths (1.196ms)
  ✔ retries cleanup safely when the repository replays an idempotent result (0.129708ms)
  ✔ deletes managed source files before committing the global video record (0.127958ms)
✔ video lifecycle service (1.845209ms)
Staged video file remains queued for deletion: /var/folders/h4/zxrt6zwx6dv1n16kwxzltqgh0000gn/T/javdex-video-maintenance-policy-siXBUi/media-root/IPX-535.mp4.javdex-delete-c9e2a377-b079-46c4-9f2b-7858bfce775b Error: file is busy
    at unlinkSync (/Users/nut/Project/JavdexLabs/Javdex/src/main/services/videoMaintenanceService.test.ts:1053:15)
    at finalizeStagedLocalFiles (/Users/nut/Project/JavdexLabs/Javdex/src/main/services/videoMaintenanceService.ts:389:9)
    at withStagedLocalFileDeletion (/Users/nut/Project/JavdexLabs/Javdex/src/main/services/videoMaintenanceService.ts:414:7)
    at <anonymous> (/Users/nut/Project/JavdexLabs/Javdex/src/main/services/videoMaintenanceService.ts:486:7)
    at <anonymous> (/Users/nut/Project/JavdexLabs/Javdex/src/main/services/mediaAssetStore.ts:506:24)
    at AsyncLocalStorage.run (node:internal/async_local_storage/async_context_frame:63:14)
    at MediaAssetStore.runCoordinatedChange (/Users/nut/Project/JavdexLabs/Javdex/src/main/services/mediaAssetStore.ts:504:31)
    at MediaAssetStore.coordinateDatabaseChange (/Users/nut/Project/JavdexLabs/Javdex/src/main/services/mediaAssetStore.ts:465:17)
    at MediaAssetStore.runInCoordinatedChange (/Users/nut/Project/JavdexLabs/Javdex/src/main/services/mediaAssetStore.ts:475:17)
    at removeResource (/Users/nut/Project/JavdexLabs/Javdex/src/main/services/videoMaintenanceService.ts:468:5)
Staged video file remains queued for deletion: /var/folders/h4/zxrt6zwx6dv1n16kwxzltqgh0000gn/T/javdex-video-maintenance-policy-OEh5Ip/media-root/IPX-535.mp4.javdex-delete-a9cf3e39-e7bd-43d0-9ea3-73285739a076 Error: 只能操作身份有效的启用媒体库根目录内文件
    at rejectManagedRootFile (/Users/nut/Project/JavdexLabs/Javdex/src/main/services/mediaLibraryRootFileGuard.ts:32:9)
    at requireCurrentRootIdentity (/Users/nut/Project/JavdexLabs/Javdex/src/main/services/mediaLibraryRootFileGuard.ts:86:5)
    at assertRootFile (/Users/nut/Project/JavdexLabs/Javdex/src/main/services/mediaLibraryRootFileGuard.ts:98:27)
    at assertMediaLibraryRootDeletionTarget (/Users/nut/Project/JavdexLabs/Javdex/src/main/services/mediaLibraryRootFileGuard.ts:182:3)
    at assertDeletionAllowed (/Users/nut/Project/JavdexLabs/Javdex/src/main/services/videoMaintenanceService.ts:484:9)
    at finalizeStagedLocalFiles (/Users/nut/Project/JavdexLabs/Javdex/src/main/services/videoMaintenanceService.ts:388:9)
    at withStagedLocalFileDeletion (/Users/nut/Project/JavdexLabs/Javdex/src/main/services/videoMaintenanceService.ts:414:7)
    at <anonymous> (/Users/nut/Project/JavdexLabs/Javdex/src/main/services/videoMaintenanceService.ts:486:7)
    at <anonymous> (/Users/nut/Project/JavdexLabs/Javdex/src/main/services/mediaAssetStore.ts:506:24)
    at AsyncLocalStorage.run (node:internal/async_local_storage/async_context_frame:63:14)
Failed to recover pending local file deletion: /var/folders/h4/zxrt6zwx6dv1n16kwxzltqgh0000gn/T/javdex-video-maintenance-policy-5RoDKz/offline-volume/movie.mp4.javdex-delete-interrupted Error: 暂存文件所在存储当前不可用
    at recoverPendingLocalFileDeletions (/Users/nut/Project/JavdexLabs/Javdex/src/main/services/pendingLocalFileDeletionService.ts:48:46)
    at TestContext.<anonymous> (/Users/nut/Project/JavdexLabs/Javdex/src/main/services/videoMaintenanceService.test.ts:1243:22)
    at Test.runInAsyncScope (node:async_hooks:227:14)
    at Test.run (node:internal/test_runner/test:1325:25)
    at Suite.processPendingSubtests (node:internal/test_runner/test:911:18)
    at Test.postRun (node:internal/test_runner/test:1465:19)
    at Test.run (node:internal/test_runner/test:1390:12)
    at async Suite.processPendingSubtests (node:internal/test_runner/test:911:7)
Failed to recover pending local file deletion: /var/folders/h4/zxrt6zwx6dv1n16kwxzltqgh0000gn/T/javdex-video-maintenance-policy-SyT1HB/media-root/IPX-535.mp4.javdex-delete-before-rename Error: 原文件所在存储当前不可用
    at recoverPendingLocalFileDeletions (/Users/nut/Project/JavdexLabs/Javdex/src/main/services/pendingLocalFileDeletionService.ts:40:19)
    at TestContext.<anonymous> (/Users/nut/Project/JavdexLabs/Javdex/src/main/services/videoMaintenanceService.test.ts:1289:22)
    at Test.runInAsyncScope (node:async_hooks:227:14)
    at Test.run (node:internal/test_runner/test:1325:25)
    at Suite.processPendingSubtests (node:internal/test_runner/test:911:18)
    at Test.postRun (node:internal/test_runner/test:1465:19)
    at Test.run (node:internal/test_runner/test:1390:12)
    at async Suite.processPendingSubtests (node:internal/test_runner/test:911:7)
Failed to recover pending local file deletion: /var/folders/h4/zxrt6zwx6dv1n16kwxzltqgh0000gn/T/javdex-video-maintenance-policy-TLAeRk/media-root/missing.mp4.javdex-delete-missing Error: 暂存文件和原文件均不存在
    at recoverPendingLocalFileDeletions (/Users/nut/Project/JavdexLabs/Javdex/src/main/services/pendingLocalFileDeletionService.ts:40:19)
    at TestContext.<anonymous> (/Users/nut/Project/JavdexLabs/Javdex/src/main/services/videoMaintenanceService.test.ts:1321:22)
    at Test.runInAsyncScope (node:async_hooks:227:14)
    at Test.run (node:internal/test_runner/test:1325:25)
    at Suite.processPendingSubtests (node:internal/test_runner/test:911:18)
    at Test.postRun (node:internal/test_runner/test:1465:19)
    at Test.run (node:internal/test_runner/test:1390:12)
    at async Suite.processPendingSubtests (node:internal/test_runner/test:911:7)
▶ VideoMaintenanceService
  ✔ creates and reuses organization identities while editing video metadata (465.951792ms)
  ✔ rolls back video fields when organization assignment fails (470.937625ms)
  ✔ creates or appends HTTP resources without scraping and keeps one primary resource (500.794958ms)
  ✔ normalizes a manually entered code before attaching a resource (420.323541ms)
  ✔ attaches a normalized link to an existing legacy lowercase code (468.113208ms)
  ✔ reports the owning video when a normalized HTTP resource already exists (428.688292ms)
  ✔ imports Magnet and ED2K resources and deduplicates their protocol identities (342.483209ms)
  ✔ keeps STRM targets read-only while editing metadata and safely deletes the source file (366.159958ms)
  ✔ restores a staged STRM source and rolls back removal when primary promotion fails (347.671375ms)
  ✔ refuses to remove an active-root STRM source after the root path is replaced (283.037584ms)
  ✔ edits metadata, status, rating, poster, and manual tags (281.237ms)
  ✔ attaches the exact selected long-name tag, promotes scraped origin, and rejects deleted selections (334.806792ms)
  ✔ rolls back tag creation or origin promotion when updating the video fails (163.439417ms)
  ✔ imports and deletes a local sample in the temporary media directory (284.955916ms)
  ✔ switches the primary resource and deletes only the selected local resource (265.053125ms)
  ✔ restores a staged local file and rolls back resource removal when promotion fails (304.377834ms)
  ✔ sets any resource as primary and promotes deterministic fallbacks after removal (438.999584ms)
  ✔ does not promote an inaccessible local resource over an available web link (361.745333ms)
  ✔ requires an explicit decision when manually removing the last resource (408.142208ms)
  ✔ never turns last-resource removal into a global deletion (291.903625ms)
  ✔ rejects every resource mutation for missing or archived media libraries (253.606ms)
  ✔ updates only the display label of a local resource (280.162041ms)
  ✔ removes a symbolic-link resource without deleting its target file (263.321792ms)
  ✔ refuses to remove a disabled-root resource after the root path is replaced (257.972333ms)
  ✔ rejects local source deletion for every non-active root state before staging (269.89225ms)
  ✔ rejects physical source deletion when the resource has no root ownership (155.038667ms)
  ✔ skips unmanaged source files when deleting a video globally (222.026625ms)
  ✔ corrects an imported code (195.146458ms)
  ✔ persists a committed cleanup task when resource-file deletion must be retried (254.997209ms)
  ✔ revalidates the root identity before unlinking an already staged source (307.479458ms)
  ✔ does not delete resource records when the file storage cannot be audited (288.737792ms)
  ✔ adopts an interrupted prepared task when resource removal is retried (234.256167ms)
  ✔ does not adopt a prepared resource-removal task when the original path was replaced (284.09625ms)
  ✔ restores an interrupted pre-commit file staging task (279.844208ms)
  ✔ keeps a cleanup task queued while its original storage is unavailable (315.133ms)
  ✔ finishes cleanup after a storage remount changes its device id (301.739916ms)
  ✔ retains a pre-rename prepared task when another device occupies the original path (320.4355ms)
  ✔ retains prepared state and database records when both file paths are missing (302.740333ms)
  ✔ keeps the prepared task when storage disappears during resource-removal rollback (346.948834ms)
  ✔ clears scraped metadata and relations but keeps manual tags (338.569167ms)
  ✔ corrects to an already used code without implicitly merging videos (404.735459ms)
  ✔ explicitly merges same-code videos while preserving the chosen id and primary resource (432.544958ms)
  ✔ unions manual tags but keeps the retained scraped-tag field as a whole (341.926334ms)
  ✔ unions cast, playlists, sources, and ratings while preserving retained conflicts and scrape history (411.969958ms)
  ✔ merges cover, poster, and sample fields as whole sets and reclaims only unused media (360.142709ms)
  ✔ rejects a merge whose combined identity belongs to a third video (408.053833ms)
  ✔ rolls back an ordinary merge when deleting the source record fails (350.847ms)
  ✔ rejects merging videos with different normalized codes (309.176542ms)
  ✔ uses the normal availability-aware promotion rule when neither merged video has a primary (373.129333ms)
  ✔ splits a non-primary resource into a metadata-empty pending-identity video (330.099958ms)
  ✔ blocks primary splitting and rolls back a failed non-primary split (349.185208ms)
  ✔ locks metadata while a video scrape result is pending but still allows resource splitting (351.060166ms)
  ✔ requires confirmation before correcting a pending video and clears staging atomically (316.030875ms)
  ✔ rolls back the whole edit when it would create a complete business identity conflict (316.914708ms)
  ✔ stores related links on a video and returns them on detail (282.840834ms)
  ✔ rejects invalid related links and keeps the previous list (321.651083ms)
  ✔ keeps related links when clearing scraped metadata (196.250542ms)
  ✔ allows related-link edits while a video scrape result is pending (112.782375ms)
  ✔ unions related links on merge with the retained video first (80.7975ms)
  ✔ leaves related links on the original video when splitting a resource (70.878167ms)
✔ VideoMaintenanceService (18824.424ms)
▶ VideoQueryService
  ✔ lists videos and reads their detail without mutating library state (419.868667ms)
  ✔ redacts external resource locators in detail projections until explicitly requested (467.873167ms)
  ✔ projects a STRM source path while keeping its complete target main-process only (498.804167ms)
✔ VideoQueryService (1387.005958ms)
▶ VideoResourceLinkService
  ✔ tests a direct link and returns Content-Length when available (0.919166ms)
  ✔ returns a non-throwing failure without echoing a sensitive query (0.160542ms)
  ✔ routes checks through the hardened public HEAD transport (0.098416ms)
✔ VideoResourceLinkService (1.723917ms)
▶ videoScrapeApplyService.resolveEffectiveScrapeFields
  ✔ fillEmpty keeps only empty scalar fields (615.974458ms)
  ✔ fillEmpty evaluates female and male cast independently (590.237208ms)
  ✔ replaceIfPresent keeps all selected fields regardless of current values (563.314083ms)
  ✔ fillEmpty includes cast fields when video has no performers (584.034541ms)
✔ videoScrapeApplyService.resolveEffectiveScrapeFields (2354.160666ms)
▶ videoScrapeApplyService.planVideoScrapeResult update matrix
  ✔ title follows fillEmpty semantics for every current and scraped value state (427.032167ms)
  ✔ title follows replaceIfPresent semantics for every current and scraped value state (491.522333ms)
  ✔ title follows replace semantics for every current and scraped value state (437.454792ms)
  ✔ summary follows fillEmpty semantics for every current and scraped value state (421.690041ms)
  ✔ summary follows replaceIfPresent semantics for every current and scraped value state (378.105333ms)
  ✔ summary follows replace semantics for every current and scraped value state (398.311583ms)
  ✔ cover follows fillEmpty semantics for every current and scraped value state (442.6965ms)
  ✔ cover follows replaceIfPresent semantics for every current and scraped value state (481.684459ms)
  ✔ cover follows replace semantics for every current and scraped value state (513.165875ms)
  ✔ releaseDate follows fillEmpty semantics for every current and scraped value state (438.943333ms)
  ✔ releaseDate follows replaceIfPresent semantics for every current and scraped value state (415.790125ms)
  ✔ releaseDate follows replace semantics for every current and scraped value state (384.054375ms)
  ✔ maker follows fillEmpty semantics for every current and scraped value state (308.115791ms)
  ✔ maker follows replaceIfPresent semantics for every current and scraped value state (337.989208ms)
  ✔ maker follows replace semantics for every current and scraped value state (299.090209ms)
  ✔ publisher follows fillEmpty semantics for every current and scraped value state (326.82575ms)
  ✔ publisher follows replaceIfPresent semantics for every current and scraped value state (365.824917ms)
  ✔ publisher follows replace semantics for every current and scraped value state (404.520542ms)
  ✔ series follows fillEmpty semantics for every current and scraped value state (356.887ms)
  ✔ series follows replaceIfPresent semantics for every current and scraped value state (346.340167ms)
  ✔ series follows replace semantics for every current and scraped value state (421.341917ms)
  ✔ director follows fillEmpty semantics for every current and scraped value state (395.846083ms)
  ✔ director follows replaceIfPresent semantics for every current and scraped value state (426.706042ms)
  ✔ director follows replace semantics for every current and scraped value state (426.159458ms)
  ✔ duration follows fillEmpty semantics for every current and scraped value state (417.8885ms)
  ✔ duration follows replaceIfPresent semantics for every current and scraped value state (462.821417ms)
  ✔ duration follows replace semantics for every current and scraped value state (402.142542ms)
  ✔ actressesFemale follows fillEmpty semantics for every current and scraped value state (437.984459ms)
  ✔ actressesFemale follows replaceIfPresent semantics for every current and scraped value state (396.075916ms)
  ✔ actressesFemale follows replace semantics for every current and scraped value state (418.111083ms)
  ✔ actressesMale follows fillEmpty semantics for every current and scraped value state (423.968792ms)
  ✔ actressesMale follows replaceIfPresent semantics for every current and scraped value state (425.548875ms)
  ✔ actressesMale follows replace semantics for every current and scraped value state (414.496334ms)
  ✔ tags follows fillEmpty semantics for every current and scraped value state (398.786ms)
  ✔ tags follows replaceIfPresent semantics for every current and scraped value state (400.755917ms)
  ✔ tags follows replace semantics for every current and scraped value state (412.591166ms)
  ✔ source follows fillEmpty semantics for every current and scraped value state (383.753875ms)
  ✔ source follows replaceIfPresent semantics for every current and scraped value state (406.497667ms)
  ✔ source follows replace semantics for every current and scraped value state (351.951125ms)
  ✔ rating follows fillEmpty semantics for every current and scraped value state (119.861625ms)
  ✔ rating follows replaceIfPresent semantics for every current and scraped value state (110.610459ms)
  ✔ rating follows replace semantics for every current and scraped value state (75.630458ms)
  ✔ samples follows fillEmpty semantics for every current and scraped value state (65.13975ms)
  ✔ samples follows replaceIfPresent semantics for every current and scraped value state (62.120333ms)
  ✔ samples follows replace semantics for every current and scraped value state (63.404542ms)
✔ videoScrapeApplyService.planVideoScrapeResult update matrix (16298.032041ms)
▶ videoScrapeApplyService.applyScrapeResult
  ✔ builds a read-only plan before applying field changes (65.561709ms)
  ✔ applies scalar fields consistently across the three update modes (89.076709ms)
  ✔ does not record a successful scrape when no selected field can be written (136.297333ms)
  ✔ clears only the selected source site metadata in replace mode (135.349875ms)
  ✔ preserves existing cover and warns when a returned image is unavailable (141.095125ms)
  ✔ keeps the complete old sample set when any returned sample is unavailable (131.137583ms)
  ✔ replaces selected relation sets while preserving manual tags and the other cast gender (146.890834ms)
  ✔ keeps a committed scrape successful when post-commit library cleanup fails (132.999625ms)
  ✔ does not roll back scraped tags when orphan-tag cleanup fails after commit (137.965ms)
  ✔ reuses the unique name owner for canonically equivalent scraped cast names (113.366ms)
  ✔ does not create or link an actress for a migrated pending cast name (71.776542ms)
  ✔ replaceIfPresent updates existing scalars when scrape has values and keeps null scrape values (61.494167ms)
  ✔ stores external stats under ratingSourceName when provided (53.267459ms)
  ✔ leaves downloaded cast avatars untouched for application-layer adoption (52.519334ms)
✔ videoScrapeApplyService.applyScrapeResult (1469.699ms)
▶ videoScrapeApplyService classification entity resolution
  ✔ preserves entity update semantics across fillEmpty, replaceIfPresent, and replace (58.247916ms)
  ✔ matches main names, aliases, and normalized equivalents without overwriting profiles (47.415542ms)
  ✔ creates only basic entities, reuses one organization across roles, and leaves series unowned (50.230209ms)
  ✔ rolls back scalar writes and newly created entities when a classification assignment fails (60.673208ms)
  ✔ keeps the current director when its alias is one of multiple candidates without updating the video (65.992583ms)
  ✔ pauses a single scrape for director choice and applies the selected candidate on retry (74.398917ms)
  ✔ preserves an ambiguous director in batch mode while applying safe fields with an actionable warning (113.935834ms)
  ✔ reports an invalid classification name structurally while applying safe fields (128.754416ms)
  ✔ treats same-name series in different owner scopes as ambiguous and never infers an owner (170.125708ms)
✔ videoScrapeApplyService classification entity resolution (770.255167ms)
▶ videoScrapeApplyService.resolveVideoBatchTargets
  ✔ keeps active media-library batch targets inside their membership scope (153.102958ms)
  ✔ returns no targets for an archived media-library scope while preserving global compatibility (165.649708ms)
  ✔ excludes videos that already have a pending scrape decision (138.889083ms)
  ✔ filters by videos missing any selected metadata field (137.400167ms)
  ✔ combines status and missing-field filters (112.177208ms)
  ✔ treats a stored cover path as present even when the file is unreadable (122.008666ms)
✔ videoScrapeApplyService.resolveVideoBatchTargets (829.846084ms)
▶ videoScrapeApplyService tags emptiness
  ✔ fillEmpty ignores manual tags when deciding whether tags are empty (133.57625ms)
✔ videoScrapeApplyService tags emptiness (133.717708ms)
▶ llmSecretStore
  ✔ persists encrypted values and reports a degraded Linux-style backend (13.771541ms)
  ✔ removes a provider secret without affecting the remaining entries (32.488458ms)
  ✔ does not treat an unreadable secret path as an empty store (9.2705ms)
✔ llmSecretStore (55.982417ms)
▶ scraperServiceSecretStore
  ✔ persists an encrypted MetaTube token without exposing plaintext (16.174916ms)
  ✔ clears the token and rejects unavailable encryption (19.141167ms)
✔ scraperServiceSecretStore (35.939459ms)
▶ settingsStore avatar composition defaults
  ✔ uses the relaxed face-centered composition for settings without legacy values (13.831ms)
  ✔ keeps legacy presets and explicit user values during migration (14.842833ms)
✔ settingsStore avatar composition defaults (29.151459ms)
▶ settingsStore video card preferences
  ✔ keeps resource type badges disabled for new and existing users by default (10.755625ms)
  ✔ preserves an explicit resource type badge preference (11.724708ms)
  ✔ defaults video cards to portrait and preserves an explicit landscape preference (21.764667ms)
✔ settingsStore video card preferences (44.444666ms)
▶ settingsStore NFO export preferences
  ✔ uses safe defaults and normalizes remembered selections without persisting overwrite (23.771583ms)
✔ settingsStore NFO export preferences (23.826625ms)
▶ settingsStore plugin developer model-turn budget
  ✔ retires the old implicit step limit instead of carrying 24 into the new setting (14.656834ms)
  ✔ defaults to unlimited and preserves an explicit zero limit (17.826708ms)
  ✔ persists a positive limit through the settings interface (13.893042ms)
  ✔ stops rewriting legacy model fields after schema v2 exists (28.198125ms)
  ✔ does not resurrect legacy model fields when the v2 document is unreadable (26.727958ms)
✔ settingsStore plugin developer model-turn budget (101.514792ms)
▶ settingsStore deferred library path cleanup
  ✔ normalizes unique non-empty roots and preserves them across cache resets (9.374042ms)
✔ settingsStore deferred library path cleanup (9.418541ms)
▶ settingsStore persistence
  ✔ does not update the cache when the settings file cannot be replaced (32.043292ms)
✔ settingsStore persistence (32.101417ms)
▶ settingsStore recovery
  ✔ backs up malformed JSON, writes defaults, and exposes one recovery notice (20.142375ms)
  ✔ does not replace a settings path that fails with an I/O error (10.344042ms)
✔ settingsStore recovery (30.603416ms)
▶ settingsStore LLM secret migration
  ✔ moves legacy API keys out of settings.json without exposing them publicly (24.287625ms)
  ✔ keeps the original plaintext file and blocks later writes when migration fails (10.911625ms)
✔ settingsStore LLM secret migration (35.295917ms)
▶ settingsStore scan cleanup defaults
  ✔ keeps automatic deletion disabled and has no summary for new and existing users (14.987125ms)
  ✔ preserves an explicit automatic deletion preference (15.107125ms)
  ✔ normalizes and sanitizes the persisted latest scan summary (12.6315ms)
  ✔ normalizes the retired unrecognized-file snapshot for migration (14.733041ms)
✔ settingsStore scan cleanup defaults (57.632416ms)
▶ settingsStore automatic scan defaults
  ✔ keeps automatic scans disabled and defaults to one hour (14.915042ms)
  ✔ accepts only supported automatic scan intervals (35.139458ms)
✔ settingsStore automatic scan defaults (50.171791ms)
▶ settingsStore retired actress scrapers
  ✔ rewrites the retired idol archive default to Xslist (20.079833ms)
  ✔ rewrites composite actress field mappings that pointed at the idol archive (15.910417ms)
✔ settingsStore retired actress scrapers (36.063041ms)
▶ settingsStore retired video scrapers
  ✔ rewrites the retired JAV8 default to JavDB (27.311208ms)
  ✔ rewrites JAV8 composite mappings and removes its delay (19.93225ms)
✔ settingsStore retired video scrapers (47.298542ms)
▶ settingsStore privacy mode
  ✔ defaults to disabled with every image scope selected (16.686792ms)
  ✔ keeps valid unique scopes and discards unknown values (14.907834ms)
  ✔ keeps samples and actress galleries independently selectable (14.964292ms)
  ✔ allows all privacy scopes to be cleared explicitly (7.66275ms)
✔ settingsStore privacy mode (54.409042ms)
▶ close-to-tray setting
  ✔ defaults off and persists an explicit choice across reloads (42.386333ms)
  ✔ does not enable tray hiding from malformed legacy values (15.45275ms)
✔ close-to-tray setting (57.915334ms)
▶ Web read-only catalog scope
  ✔ rechecks image authorization after async work when hidden changes (476.63875ms)
  ✔ rechecks image authorization after async work when archived changes (407.743583ms)
  ✔ rechecks image authorization after async work when cover changes (261.809084ms)
  ✔ rechecks image authorization after async work when cast changes (336.763167ms)
  ✔ rechecks image authorization after async work when sample changes (273.016583ms)
  ✔ reads only the authorized image path before and after serving, without full details (257.780583ms)
  ✔ forwards thumbnail size through the real catalog while preserving original requests (262.919125ms)
  ✔ forwards the caller signal to the async Store and drops a cancelled result (225.907709ms)
  ✔ filters archived/hidden memberships for lists, details, images, and media (309.410458ms)
  ✔ describes local resources without exposing their directory (195.742292ms)
  ✔ uses the cover rather than the background for browse, detail and image requests (295.855584ms)
  ✔ queries with parameters, paginates stably and filters clear membership scopes (889.537291ms)
  ✔ uses stable desktop discovery and respects library home participation (767.371208ms)
  ✔ exposes cast display metadata and only serves avatars linked to visible videos (294.042167ms)
  ✔ downloads non-playable files and exposes only supported external links (263.8175ms)
  ✔ resolves only authorized files and refuses symlink escapes and disabled roots (291.262292ms)
✔ Web read-only catalog scope (5810.767208ms)
▶ Desktop-approved browser pairing
  ✔ requires an open window, a desktop decision and a separate secret, consumes only once (1.572875ms)
  ✔ expires requests, bounds polling, rejection, restart and approvals (0.179375ms)
  ✔ bounds the total pending requests (0.2ms)
✔ Desktop-approved browser pairing (2.296583ms)
▶ Remembered browser lifecycle
  ✔ persists only remembered hashes, retains authorization over restart and revokes individual devices (235.678041ms)
✔ Remembered browser lifecycle (235.758875ms)
▶ Pairing HTTP boundary
  ✔ binds exchange to a private cookie, keeps approval desktop-only and remembers across server restarts (248.474291ms)
✔ Pairing HTTP boundary (248.63225ms)
▶ Device record recovery
  ✔ keeps valid sessions usable during activity write failures and retries persistence (250.988542ms)
  ✔ keeps disk and memory consistent after failed revoke, clear, rename and create (78.935375ms)
  ✔ resets a damaged snapshot without parsing it or retaining old authorization (36.118292ms)
  ✔ restores remaining pairing time from server and retains approval on issuance failure (0.147291ms)
✔ Device record recovery (366.357958ms)
▶ Per-device streaming revocation
  ✔ interrupts the revoked stream while another browser finishes its stream (65.729417ms)
✔ Per-device streaming revocation (65.839583ms)
✔ keeps the running service on staging failure and restores it after publish failure (113.631875ms)
✔ preserves remembered devices on runtime server errors, including failed state persistence (5.342333ms)
▶ Web authentication and streaming
  ✔ keeps image responses private and reports read queue overload as 503 (6.550375ms)
  ✔ forwards finite thumbnail sizes and rejects invalid sizes before image work (2.7125ms)
  ✔ reports oversized images as 413 without caching or a HEAD body (7.347875ms)
  ✔ rechecks an expired session after image work while the connection remains open (47.723416ms)
  ✔ cancels pending image work on logout and never sends its completed bytes (48.648667ms)
  ✔ cancels pending image work on disconnect and never sends its completed bytes (46.281709ms)
  ✔ stores salted password hashes and enforces minimum length (127.905083ms)
  ✔ requires a session for catalog, artwork, and video, with no credential data in failures (15.319625ms)
  ✔ serves brand and favicon PNGs without login with the correct MIME and bytes (12.586417ms)
  ✔ rejects bad credentials; issues HttpOnly SameSite cookies on login (91.483125ms)
  ✔ blocks cross-origin, missing-origin POSTs, DNS rebinding, and desktop mutation routes (14.234958ms)
  ✔ streams byte ranges, suffixes and HEAD; rejects invalid or multiple ranges (12.924292ms)
  ✔ downloads authenticated resources as attachments (5.313208ms)
  ✔ logout invalidates the cookie; desktop revocation invalidates all browsers (51.036541ms)
✔ Web authentication and streaming (626.319084ms)
▶ Session lifetimes and request limits
  ✔ expires idle and absolute sessions and limits attempts (0.171625ms)
  ✔ accepts only local peer ranges and handles byte-range edge cases (0.132583ms)
✔ Session lifetimes and request limits (0.3525ms)
▶ actress face scan cache
  ✔ reuses a result only while the avatar fingerprint is unchanged (0.3695ms)
  ✔ filters only cached no-face avatars and ignores missing or unscanned entries (0.591ms)
  ✔ combines a minimal full-library manifest with current session results (0.088875ms)
✔ actress face scan cache (1.453416ms)
▶ actress face scan cache identity
  ✔ only changes when a current row has no reusable result (0.379375ms)
✔ actress face scan cache identity (0.775209ms)
▶ actress face detection outcome mapping
  ✔ maps the detector zero-face message to the no-face domain state (0.4085ms)
✔ actress face detection outcome mapping (0.744334ms)
▶ actress face scan queue
  ✔ reports total detection failure without confusing partial or empty results with failure (0.549125ms)
  ✔ reuses cached face statuses and does not invoke detection for them (1.041667ms)
  ✔ finishes the current target before honoring cancellation (0.110833ms)
  ✔ does not cache detector failures so a later run can retry them (0.201125ms)
✔ actress face scan queue (2.620041ms)
▶ actress face scan session
  ✔ notifies remounted consumers when an earlier scan finishes (0.393541ms)
✔ actress face scan session (0.735875ms)
▶ avatar auto-crop geometry
  ✔ rejects invalid boxes and clamps valid detector bounds (0.88175ms)
  ✔ merges overlapping tiled detections and preserves the strongest result (0.101208ms)
  ✔ requires an explicit choice when two faces have similar prominence (0.178416ms)
  ✔ accepts mid-confidence faces only when the presence floor is used (0.059916ms)
  ✔ maps ROI landmarks back to full-image normalized coordinates (0.0575ms)
  ✔ uses the hair component attached to the face for visible head bounds (1.018833ms)
✔ avatar auto-crop geometry (2.698042ms)
✔ requests CORS before loading a media avatar so its bitmap can cross the Worker boundary (0.456083ms)
✔ keeps only recent log previews after 100000 entries while counting omissions (23.32825ms)
✔ bounds oversized fields without splitting surrogate pairs or mutating prior state (0.121167ms)
▶ avatar composition preview cache
  ✔ persists and restores the complete normalized face analysis (0.688042ms)
✔ avatar composition preview cache (1.008875ms)
▶ ActressAvatarEditor
  ✔ keeps rendering when the current avatar enters crop editing (66.0645ms)
  ✔ keeps rendering when a legacy avatar without its original enters crop editing (16.015834ms)
✔ ActressAvatarEditor (82.527209ms)
✔ pages associated covers without loading an actress detail or accumulating tiles (9.190666ms)
✔ does not replace a user-selected source tab when the first cover page arrives late (6.143125ms)
✔ pages photo sources with global labels and retries without fetching complete metadata (4.550834ms)
✔ keeps local selection when the user opens a file picker before photos arrive (2.400917ms)
▶ ActressDeleteModal confirmation model
  ✔ uses ordinary deletion only when the current impact has no video links (0.393333ms)
  ✔ requires the dedicated acknowledgement action and explains resource preservation (0.072041ms)
  ✔ does not let the dedicated high-risk action bypass the safe path (0.046666ms)
✔ ActressDeleteModal confirmation model (0.884417ms)
✔ bounds grid and preview windows, crosses both page edges and preserves one history entry (250.260125ms)
✔ retains the current photo on page failure, retries, and discards a response after close (39.364417ms)
✔ refreshes by stable ID after reorder and closes a removed preview without selecting its replacement (46.7675ms)
✔ deletes the last photo on a page and refreshes imported photos through the actual panel callbacks (42.152792ms)
▶ ActressProfileMeta scrape record
  ✔ hides scrape record for successful actresses and keeps attention states (1.39275ms)
  ✔ offers the manual success mark only for unscraped and failed records (0.099208ms)
✔ ActressProfileMeta scrape record (1.879125ms)
▶ Button
  ✔ loads its CSS Module and preserves native button semantics (2.696541ms)
✔ Button (3.044333ms)
▶ ClassificationDeleteModal
  ✔ shows associated video and child impacts before confirming deletion (14.871ms)
  ✔ allows a zero-impact deletion and keeps a failed confirmation open with refreshed impact (5.221792ms)
  ✔ does not report or re-preview a completed deletion when page cleanup fails (1.440667ms)
✔ ClassificationDeleteModal (22.277417ms)
✔ loads only the video source and retains the chosen original across 60/60/5 and error retry (171.500375ms)
✔ clamps a shrunken last page and ignores a response after an entity switch (6.991875ms)
✔ does not close or refresh a new entity editor when an old save settles (2.838291ms)
✔ does not replace a chosen video cover with a late URL preview after switching sources (4.631792ms)
▶ classification picker
  ✔ keeps candidates hidden until the field is used (3.988417ms)
  ✔ shows candidates once the user types (1.383125ms)
  ✔ walks candidates with the arrow keys and commits with Enter (1.187416ms)
  ✔ shows candidates once the field is focused (0.271667ms)
  ✔ shows candidates on focus even when the field is empty (0.253542ms)
  ✔ does not commit a candidate with Enter until one is active (0.208125ms)
  ✔ closes candidates on Escape without letting the dialog see the key (0.260375ms)
  ✔ closes candidates when focus leaves the field (0.277042ms)
  ✔ keeps candidates open when the pointer is in the list (0.274959ms)
  ✔ closes candidates after picking one with the pointer (0.371417ms)
  ✔ hides the create hint when the typed name already exists (0.361167ms)
✔ classification picker (9.390792ms)
▶ video detail library context layout
  ✔ shares the compact detail header row with the back action (2.762834ms)
  ✔ keeps membership badges on one bounded line (0.726542ms)
✔ video detail library context layout (4.072667ms)
▶ DirectorScrapeChoiceModal
  ✔ requires an explicit candidate and submits its stable director id (4.813917ms)
✔ DirectorScrapeChoiceModal (5.12675ms)
▶ DisplayModeProvider
  ✔ loads and exposes the application-wide cover mode (25.066125ms)
✔ DisplayModeProvider (25.657208ms)
▶ form hint styles
  ✔ keeps entity-edit and settings field hints muted and caption-sized (3.366708ms)
  ✔ routes entity-edit helper copy through EditFormField instead of a bare hint class (1.048916ms)
✔ form hint styles (4.871375ms)
▶ image preview history marker
  ✔ preserves router state when adding a unique preview marker (0.797666ms)
  ✔ reads only valid image preview markers (0.065334ms)
✔ image preview history marker (1.2105ms)
✔ uses a 320 thumbnail for actress cards (161.373834ms)
✔ uses thumbnails for local video gallery tiles and original preview sources (115.141958ms)
✔ uses thumbnails for local actress gallery tiles and original preview sources (5.899166ms)
▶ LegacyLibraryRedirect
  ✔ preserves the settings return context while replacing a legacy video URL (72.611958ms)
✔ LegacyLibraryRedirect (73.437208ms)
▶ MediaLibraryCreateModal
  ✔ validates in place and exposes a keyboard-submit four-step flow (200.359917ms)
  ✔ deduplicates selected roots, submits independent config, and returns root errors to their step (6.734583ms)
✔ MediaLibraryCreateModal (207.555167ms)
▶ MediaLibraryCreateModal control style
  ✔ keeps all workflow steps at one viewport-safe dialog height (3.697542ms)
  ✔ reserves a visible gutter for the left edge of the focus ring (0.862292ms)
✔ MediaLibraryCreateModal control style (4.955458ms)
▶ MediaLibraryNav name style
  ✔ keeps visible library names on one ellipsized line (2.787458ms)
  ✔ presents media libraries as one compact navigation surface (0.717583ms)
  ✔ keeps global navigation unlabeled in the visible sidebar (0.230125ms)
✔ MediaLibraryNav name style (4.125292ms)
✔ pages40 candidates and preserves selection and name plan across pages and search (648.539125ms)
✔ retries page failures without losing the selected merge plan (95.576ms)
✔ ignores old page responses while a changed search is debouncing (424.099916ms)
✔ locks a captured merge against duplicate submission and retains plan on failure (165.834625ms)
✔ resets session on keep identity change and ignores old page and merge completion (158.044125ms)
✔ resets the name plan only when choosing a different merge candidate or clearing selection (89.263042ms)
▶ OrganizationDeleteModal
  ✔ previews and removes only the selected role (9.920166ms)
  ✔ blocks removing the final role and directs the user to full deletion (4.975583ms)
  ✔ shows both role counts and hierarchy impacts for a full deletion (1.525042ms)
✔ OrganizationDeleteModal (17.11325ms)
▶ OrganizationMergeModal interaction
  ✔ selects a cross-role source and submits the explicit source-to-target direction (158.044875ms)
  ✔ keeps the modal open and shows an actionable error when the merge is rejected (17.220709ms)
✔ OrganizationMergeModal interaction (175.805292ms)
▶ recent text input style contract
  ✔ uses the shared text-input treatment for every recent text-like input (1.96275ms)
✔ recent text input style contract (2.472ms)
▶ Switch
  ✔ loads its CSS Module and preserves native checkbox semantics (3.034542ms)
✔ Switch (3.35725ms)
✔ loads on open only, pages without full catalog reads and preserves cross-page selection (56.070584ms)
✔ debounces and resets search, rejecting stale page/search responses (272.551959ms)
✔ shows failure with explicit retry and enforces 100 selections while allowing removal (1.46825ms)
✔ unmounts candidates with the actual parent popover and ignores late responses on reopen (2.5465ms)
▶ VideoDeleteImpact
  ✔ shows every affected domain without a duplicate source-file section (2.827375ms)
  ✔ names the current library when previewing a membership removal (0.251125ms)
✔ VideoDeleteImpact (3.659208ms)
▶ video primary metadata classification navigation
  ✔ dispatches entity-backed organizations by stable id (0.978208ms)
  ✔ does not expose a name-only organization route (0.063542ms)
  ✔ uses only the stable director id (0.065333ms)
  ✔ uses only the stable series id (0.056542ms)
✔ video primary metadata classification navigation (1.5705ms)
▶ video detail resource actions
  ✔ shows copy and external-open actions instead of play for link resources (4.510416ms)
  ✔ keeps the play action for local resources (0.677458ms)
  ✔ shows actual link kind, STRM hosting, masked target, and source path together (1.319625ms)
  ✔ exposes the cross-library move command for both links and root-managed resources (1.666542ms)
✔ video detail resource actions (8.704125ms)
▶ VideoLibraryMembershipBadges
  ✔ puts the active resource scope first and names the other memberships accessibly (3.1035ms)
  ✔ bounds the visible badges and exposes hidden library names in the overflow title (0.4665ms)
✔ VideoLibraryMembershipBadges (4.130625ms)
▶ VideoResourceImportModal
  ✔ keeps a STRM target read-only while allowing metadata edits and HTTP checks (139.007542ms)
✔ VideoResourceImportModal (139.321625ms)
✔ loads only on open, renders at most one page, and selects an existing tag by ID (16.750791ms)
✔ debounces search, resets the page, and discards earlier search responses (547.139416ms)
✔ shows errors with retry and discards closed-modal results before reopening (2.332ms)
✔ creates from the full draft and prevents an old write completion from closing another video modal (2.552084ms)
✔ refreshes stale candidates after a failed selection without retrying the write (2.011167ms)
✔ does not inherit an open picker or issue a hidden request when switching videos (1.294792ms)
▶ actress virtual grid layout
  ✔ derives responsive columns without shrinking cards below their minimum width (0.35525ms)
  ✔ places load state on a dedicated row after an incomplete item row (0.879ms)
✔ actress virtual grid layout (1.636208ms)
▶ AgentMetadataActivityFeed
  ✔ keeps live model thinking open and shows semantic actions (5.313709ms)
  ✔ collapses completed thinking into an expandable preview (1.664625ms)
  ✔ moves a finished live thought back into collapsed history (1.102125ms)
  ✔ caps the thinking box height and still shows the full streamed text (2.269584ms)
✔ AgentMetadataActivityFeed (12.501625ms)
▶ Agent metadata collector intro
  ✔ explains how this flow differs from regular matching (0.584917ms)
  ✔ keeps the setup steps compact and muted (2.835542ms)
✔ Agent metadata collector intro (3.990792ms)
▶ alias editor state
  ✔ promotes an alias to main name and keeps the previous main as an alias (0.797ms)
  ✔ does not duplicate the previous main name when it is already an alias (0.06875ms)
✔ alias editor state (1.359042ms)
▶ classification image interaction state
  ✔ distinguishes formal images from dynamic fallback images (0.807917ms)
  ✔ builds explicit file, URL, and video-cover commands (0.080292ms)
✔ classification image interaction state (1.264083ms)
▶ classification merge interaction state
  ✔ keeps the selected source identity when refreshed candidates reorder (1.008041ms)
  ✔ keeps a selected source through a narrower search and rejects invalid commands (0.052084ms)
✔ classification merge interaction state (1.46525ms)
▶ classification picker state
  ✔ stays closed until the user asks for candidates (0.807417ms)
  ✔ hides candidates when the result set is empty (0.058458ms)
  ✔ opens on arrow navigation and wraps around the candidate list (0.052333ms)
  ✔ never navigates into an empty candidate list (0.035042ms)
  ✔ drops the active candidate when typing or when the result set shrinks (0.039083ms)
  ✔ closes on dismiss (0.107667ms)
  ✔ hides the create hint when the query already names an existing option (0.05475ms)
✔ classification picker state (1.556958ms)
▶ director form state
  ✔ defaults to preserving a changed main name and converts profile fields (0.837834ms)
✔ director form state (1.152459ms)
▶ director picker state
  ✔ keeps typed same-name input as an explicit inline-create request (0.772208ms)
  ✔ shows stable candidate differences rather than silently choosing by name (0.115875ms)
✔ director picker state (1.29075ms)
▶ image preview swipe gesture
  ✔ switches to the previous image when dragging right past the threshold (0.332417ms)
  ✔ switches to the next image when dragging left past the threshold (0.05125ms)
  ✔ ignores clicks, short drags, and vertical drags (0.049625ms)
  ✔ distinguishes a drag from a click even when movement is vertical (0.052458ms)
✔ image preview swipe gesture (0.906667ms)
▶ mediaLibraryIdentityStyle
  ✔ maps every domain color to one semantic CSS custom property (0.907ms)
  ✔ keeps the established palette mapping stable (0.063625ms)
✔ mediaLibraryIdentityStyle (1.330083ms)
▶ organization form state
  ✔ defaults to preserving the previous main name while retaining ordered aliases and links (1.190333ms)
  ✔ moves links without mutating the current form state (0.096083ms)
  ✔ retains a selected parent while search results change (0.121916ms)
✔ organization form state (1.817ms)
▶ organization merge presentation
  ✔ shows cross-role candidate statistics without collapsing the two roles (0.333375ms)
  ✔ reports each transferred relation after a successful merge (0.062708ms)
✔ organization merge presentation (0.741917ms)
▶ organization picker state
  ✔ resolves main names and aliases to stable ids (1.354542ms)
  ✔ uses unmatched text as an explicit inline create request (0.063ms)
  ✔ uses an empty value to remove the organization relation (0.060375ms)
  ✔ describes candidates by stable id, roles, and aliases (0.058875ms)
✔ organization picker state (1.939167ms)
▶ PlaylistImportProvider workspace
  ✔ uses the Agent scrape two-pane workspace with live activity and result preview (1.740625ms)
  ✔ offers one confirmed termination action in running and waiting-user footers (0.28ms)
  ✔ closes the import workspace after the host confirms task termination (0.371667ms)
  ✔ closes only through the actions rendered inside the import dialog (0.112ms)
  ✔ closes the import dialog before navigating to the imported playlist (0.156083ms)
  ✔ offers frozen write options with source-playlist linking disabled by default (0.166ms)
  ✔ selects the active default media library when opening the importer (0.124ms)
  ✔ explains the Agent name and host-date fallback for an empty new-playlist name (0.104292ms)
  ✔ invalidates global video projections and discards stale identity choices (0.124333ms)
  ✔ broadcasts completion so recovered imports refresh mounted playlist surfaces (0.933292ms)
  ✔ renders the complete release summary instead of only aggregate reuse counts (0.175ms)
  ✔ keeps preview rows dense and long text truncation stable (3.534917ms)
  ✔ shows enough candidate identity evidence and opens links through the app shell (0.435875ms)
✔ PlaylistImportProvider workspace (8.790166ms)
▶ PluginDevConfigRail ready actions
  ✔ makes Install primary and disables empty continuation until feedback is entered (7.186917ms)
✔ PluginDevConfigRail ready actions (7.505584ms)
▶ PluginDevConversation history controls
  ✔ presents a ready settlement as normal state and requires feedback to continue (4.76875ms)
  ✔ renders model reasoning as a quiet collapsed diagnostic block (17.039542ms)
  ✔ keeps live reasoning open and marks the answer as streaming (3.41375ms)
  ✔ renders agent answers as markdown (2.751667ms)
  ✔ renders compact context metrics with the cache-hit ratio (0.79ms)
  ✔ exposes an explicit clear-session action for a restored historical run (0.5115ms)
  ✔ keeps typed choice, browser challenge and freeform requests as distinct controls (2.1275ms)
✔ PluginDevConversation history controls (31.939541ms)
✔ pages40/40/21, resolves full names and retains selected long identities when returning (287.135792ms)
✔ retries page failures and isolates a stale page during raw search debounce (381.462083ms)
✔ ignores choice completion after search or close and suppresses same-tick duplicate clicks (386.639042ms)
✔ reports missing or unrepresentable names without adding incorrect targets (80.49725ms)
✔ enforces existing eight-target limit and preserves video query behavior after kind switch (57.452458ms)
✔ recognizes existing long targets on a fresh mount without confusing a common preview prefix (70.524625ms)
✔ ignores a held actress choice after switching to video (71.227375ms)
✔ bounds long-label reconciliation concurrency and stops scheduling after kind switch (38.217333ms)
✔ retries failed long-label selection reconciliation (45.592375ms)
✔ guides a configured model user to the missing website, then enables development (279.838791ms)
✔ keeps the actual model readiness reason when a named model cannot run (7.899ms)
▶ PluginDevResultPanel manifest coverage
  ✔ separates actionable field ids from runtime-only information (6.2325ms)
  ✔ renders each exact-match candidate when the plugin returns an array (1.068458ms)
  ✔ labels a targeted execution as a local diagnostic even when the saved full run is ready (0.32525ms)
  ✔ explains null and empty array plugin returns instead of hiding the section (0.206ms)
✔ PluginDevResultPanel manifest coverage (8.384916ms)
▶ plugin dev Agent UI state
  ✔ requires feedback before continuing a mechanically ready Agent (0.466291ms)
  ✔ presents a normal Agent settlement without an error toast (0.56625ms)
  ✔ coalesces streaming reasoning and answer into their final model-turn items (0.165375ms)
  ✔ enables the existing Install button only for a current mechanical acceptance (0.0525ms)
  ✔ allows clearing restored history only when its Agent is not running or busy (0.042042ms)
  ✔ auto-applies only unfinished history and leaves terminal editor state untouched (0.057458ms)
  ✔ keeps non-debuggable built-ins out of the plugin-development selector (3.812709ms)
  ✔ does not treat a loaded built-in fork as the already-selected new-plugin option (0.061083ms)
  ✔ rejects session B events while continuing session A (0.181208ms)
  ✔ binds an unbound start once and rejects later events from another session (0.180083ms)
  ✔ invalidates a snapshot after any newer live mutation (0.1185ms)
  ✔ releases restored busy state on settle but keeps a local API dispatch busy (0.048792ms)
  ✔ projects live workspace drafts from package_updated, not terminal done (0.072958ms)
  ✔ blocks ordinary messages until the exact pending approval is decided (0.114292ms)
  ✔ does not dispatch a stale approval after the request disappeared (0.169542ms)
✔ plugin dev Agent UI state (6.791ms)
▶ series form state
  ✔ defaults a rename to retaining the previous main name (0.348542ms)
  ✔ trims text and converts optional numeric selections (0.564875ms)
✔ series form state (1.250167ms)
▶ series picker state
  ✔ keeps typed creation separate from selecting an existing stable identity (1.733791ms)
  ✔ always distinguishes same-name candidates by stable id and owner scope (0.132417ms)
✔ series picker state (2.30925ms)
✔ shows bounded log preview with explicit omission notice and full task counters (22.213625ms)
✔ applies supported fields, preserves other mappings, allows overrides and only persists on save (14.653167ms)
✔ rejects unavailable saved sources and keeps missing references visible for repair (2.048ms)
✔ excludes nested and other-kind plugins and prevents applying unconfigured sources (0.898458ms)
✔ uses video field capabilities for bulk assignment (1.019ms)
▶ LibraryScanAuditPanel
  ✔ defaults to the attention tab even when the latest scan has no issues (265.909667ms)
  ✔ keeps cached unrecognized files visible with their root-scoped resolution controls (4.225583ms)
  ✔ does not describe current scan failures as resolved (1.80225ms)
  ✔ offers a processing jump for cached unrecognized rows in the all-files tab (3.423125ms)
  ✔ shows an NFO identity conflict as a secondary scan disposition and opens the pending center (2.852791ms)
  ✔ routes a current NFO candidate to its scrape pending item (2.0475ms)
  ✔ shows historical NFO pending dispositions as resolved when their current rows are gone (1.553416ms)
  ✔ keeps the attention badge equal to the visible list when only an NFO warning exists (1.726625ms)
✔ LibraryScanAuditPanel (284.337334ms)
✔ limits a large failed audit to100 visible rows and queries only their pending IDs (23.108875ms)
✔ routes all three kinds from one mixed pending presence response (2.274958ms)
✔ keeps a stable audit anchor when a historical group is no longer pending (0.999791ms)
▶ MetaTube plugin settings
  ✔ shows pending status and blocks setting an unconfigured plugin as default (4.334667ms)
  ✔ keeps a blank token and supports explicit token clearing (4.353833ms)
  ✔ requires confirmation before saving a token over remote HTTP (2.4735ms)
  ✔ tests the current draft without changing the token mode (8.095041ms)
✔ MetaTube plugin settings (19.910583ms)
▶ Model management v2 panels
  ✔ keeps workload edits local until the explicit save action (10.20625ms)
  ✔ shows configured providers first and keeps unconfigured built-ins collapsed (0.729792ms)
  ✔ limits the default advanced view to models referenced by workloads (7.12875ms)
✔ Model management v2 panels (18.609042ms)
✔ saves proxy address and mode only on explicit commit; testing stays independent (255.333791ms)
▶ NFO export foreground modal
  ✔ vetoes full-page unload while the foreground modal is active (243.000416ms)
  ✔ is an aria-modal task surface with an explicit terminate action and no dismiss action (7.557208ms)
  ✔ keeps the terminal report open until the user confirms it (1.540958ms)
  ✔ renders a returned plan and enters blocking state before foreground execution (13.474875ms)
  ✔ discards a plan that returns after the storage panel has unmounted (2.641375ms)
  ✔ terminates an export whose start result returns after unmount (3.185084ms)
✔ NFO export foreground modal (272.125375ms)
▶ NFO export preview details
  ✔ counts only new and replaced artwork in the writing breakdown (0.968292ms)
  ✔ distinguishes stopped, partial and empty reports and exposes stop errors in the dialog (1.596167ms)
  ✔ mounts only the opened page of a large warning list and keeps every warning reachable (4.83725ms)
✔ NFO export preview details (7.595041ms)
▶ SettingsPrimitives
  ✔ retains an invalid value with an accessible error instead of silently clamping it (5.329958ms)
  ✔ keeps a multi-digit number local until the edit is committed (2.450667ms)
  ✔ supports keyboard activation of increment and does not treat empty input as zero (0.535833ms)
  ✔ renders a semantic card without losing its accessible name (0.252291ms)
  ✔ exposes status as data rather than a behavior-bearing class name (0.17075ms)
✔ SettingsPrimitives (9.346666ms)
✔ renames with no manual code or target and refreshes the pending row after failed recognition (170.059333ms)
✔ retries a failed service with saved configuration, and prevents submitting unsaved drafts via retry (3421.047958ms)
▶ library scan audit row layout
  ✔ uses compact rows only when the skipped tab also uses compact virtual slots (0.5865ms)
  ✔ keeps the variable-height attention list out of fixed-size virtualization (0.081167ms)
  ✔ keeps CSS row geometry aligned with virtual item sizes (0.711417ms)
✔ library scan audit row layout (1.852417ms)
▶ video resource card badges
  ✔ keeps primary-first order, deduplicates kinds, and limits visible labels to two (1.620042ms)
  ✔ returns no card decoration when a video has no resources (0.112ms)
  ✔ shares full resource labels across detail and filter surfaces (0.09675ms)
✔ video resource card badges (2.527625ms)
▶ video resource import form
  ✔ shares auto detection, normalization, and size conversion across entry points (0.910667ms)
  ✔ auto-detects Magnet and keeps its protocol-derived default name (0.189875ms)
  ✔ treats blank matching input as absent without invoking strict code validation (0.061458ms)
✔ video resource import form (1.537792ms)
▶ video resource import layout
  ✔ gives the size value the fluid column and keeps its unit compact (8.270125ms)
✔ video resource import layout (8.634709ms)
▶ shared workbench primitives
  ✔ composes feature classes without replacing the neutral structure (1.504ms)
  ✔ connects tabs to their panels with a single keyboard tab stop (0.470792ms)
✔ shared workbench primitives (2.462417ms)
✔ counts avatars through the scalar API without loading targets and propagates failures (45.518667ms)
✔ consumes pages on demand and stops safely across page failure, cancellation and unmount (74.0275ms)
✔ serializes startup before target loading and releases ownership on empty, failed or unmounted startup (54.670292ms)
▶ isBatchScrapeActive
  ✔ treats only running and paused batches as active (0.483542ms)
✔ isBatchScrapeActive (0.935208ms)
▶ poster grid row height
  ✔ reserves the complete membership strip without changing ordinary library rows (0.540541ms)
✔ poster grid row height (0.893042ms)
▶ facet route contracts
  ✔ only permits each entity detail under its matching facet (0.362084ms)
✔ facet route contracts (0.667208ms)
▶ global search shortcut
  ✔ accepts Cmd/Ctrl+K and rejects unrelated key combinations (0.355ms)
  ✔ focuses and selects the Home input after two render frames (0.719083ms)
✔ global search shortcut (1.449667ms)
▶ useLatestAsyncLabel
  ✔ ignores an older request that finishes after the latest request (7.175084ms)
✔ useLatestAsyncLabel (8.06125ms)
▶ media-library scan event scope
  ✔ accepts only the current library and, once known, the current run (0.314709ms)
✔ media-library scan event scope (0.619375ms)
✔ sends no empty lookup, deduplicates IDs and rejects a stale page response (15.411833ms)
✔ distinguishes a failed lookup from processed items and retries the same page (2.357375ms)
✔ does not reuse old ready state when a page is revisited before another lookup finishes (2.011375ms)
✔ does not fetch empty/inactive selections and resolves only unique selected IDs (9.379125ms)
✔ ignores responses for previous filters and refreshes on returning from detail (1.311333ms)
✔ does not loop on a rejected lookup and discards in-flight results after deactivation (1.093833ms)
▶ isLibraryListSurfacePath
  ✔ matches list roots only (1.334084ms)
  ✔ does not match detail or stack routes (0.348083ms)
✔ isLibraryListSurfacePath (2.419917ms)
▶ shouldRefetchLibraryOnRouteChange
  ✔ refetches when entering a list root from outside (0.207917ms)
  ✔ does not refetch when opening detail stacks or hopping between list roots (0.145125ms)
✔ shouldRefetchLibraryOnRouteChange (0.482958ms)
▶ global search URL state
  ✔ normalizes positive media-library ids in stable order (0.865709ms)
  ✔ canonicalizes owned state without stripping detail-only lib (0.171292ms)
  ✔ builds an explicit, paged cross-library search input and identity (0.108708ms)
✔ global search URL state (1.533042ms)
▶ library resource filter URL contract
  ✔ parses valid unique values in canonical order and ignores invalid values (1.097209ms)
  ✔ omits the default all-resources state and canonicalizes copied URLs (0.353833ms)
  ✔ removes a resource parameter containing only invalid values (0.078458ms)
  ✔ includes applied resource filters in the query and scroll-memory hash (0.117708ms)
  ✔ keeps pending scrape as an independent canonical filter dimension (0.07ms)
  ✔ resolves omitted sort state from each media library configuration (0.090459ms)
✔ library resource filter URL contract (2.326167ms)
▶ multi-library route builders and parsers
  ✔ round-trips the home video detail stack (1.457ms)
  ✔ round-trips the global-search video detail stack (0.148042ms)
  ✔ round-trips media-library list, detail, nested actress and settings routes (0.726791ms)
  ✔ rejects malformed, non-positive, fractional and unsafe route ids (0.597625ms)
  ✔ accepts digit-only positive ids and builders emit their canonical form (0.158375ms)
✔ multi-library route builders and parsers (3.692416ms)
▶ detail-only active-library query contract
  ✔ parses only positive safe-integer library ids (0.128375ms)
  ✔ canonicalizes the first lib value without changing other list query state (0.130834ms)
  ✔ sets, replaces and strips the detail-only library parameter immutably (0.167667ms)
  ✔ derives a single detail context and gives a library path precedence over lib (0.263667ms)
  ✔ keeps lib only where the route needs query-owned detail scope (0.476917ms)
  ✔ respects a valid legacy lib hint and falls back when that membership is unavailable (0.207709ms)
✔ detail-only active-library query contract (1.600333ms)
▶ recent media-library memory
  ✔ stores only positive safe library ids and ignores malformed persisted state (0.402459ms)
✔ recent media-library memory (0.739708ms)
▶ route builders and parsers
  ✔ round-trips library detail stacks (1.55575ms)
  ✔ round-trips actress detail stacks (0.155083ms)
  ✔ round-trips playlist and classification entity detail stacks (0.330708ms)
  ✔ rejects malformed detail ids (0.179458ms)
  ✔ builds pending-center locations without page-level query concatenation (0.536291ms)
✔ route builders and parsers (3.283833ms)
▶ classification list query contract
  ✔ accepts only video count and update time sorting with video count descending by default (0.214791ms)
  ✔ includes organization search and sorting in the shareable query identity (0.206625ms)
  ✔ keeps series release sorting separate from classification-list sorting (0.35825ms)
✔ classification list query contract (1.01375ms)
▶ actress avatar filter query contract
  ✔ normalizes avatar filter values and omits the all default (0.383208ms)
  ✔ returns to the actress list without losing its query state (0.2895ms)
  ✔ keeps avatar filters distinct in the actress query hash (0.2735ms)
✔ actress avatar filter query contract (1.093708ms)
▶ actress status filter query contract
  ✔ parses the canonical status values and treats anything else as all (0.075417ms)
  ✔ omits the param for all and writes the canonical value otherwise (0.085041ms)
  ✔ includes status in the list query identity and ignores invalid values (0.048666ms)
  ✔ keeps search, gender and sort identity while only the status changes (0.046167ms)
  ✔ round-trips the status query through actress detail and back (0.116958ms)
  ✔ remembers the actress status filter across primary navigation (0.279375ms)
✔ actress status filter query contract (0.701792ms)
▶ primary navigation memory
  ✔ restores query state per list and removes unrelated nested query keys (0.323959ms)
  ✔ persists search only when leaving a list root (0.146125ms)
  ✔ forgets a root so cross-nav no longer restores it (0.038125ms)
  ✔ resolves same-section vs cross-section sidebar targets (0.116291ms)
  ✔ builds nav link href from current search when active (0.08875ms)
✔ primary navigation memory (0.748833ms)
▶ navigation helpers
  ✔ removes playlist-detail resource filters when returning to the playlist list (0.081917ms)
  ✔ keeps home, search and media-library detail stacks scoped and reversible (0.582209ms)
  ✔ closes nested actress details back to their parent video context (0.36375ms)
  ✔ keeps stable series identity and release direction through its detail stack (0.103292ms)
  ✔ keeps director identity and query state through its stable detail stack (0.077291ms)
  ✔ opens an organization by stable id while preserving its role-list query (0.070917ms)
  ✔ keeps classification query only inside the same classification stack (0.06225ms)
  ✔ keeps video and actress navigation inside the stable organization stack (0.096458ms)
  ✔ keeps video and actress navigation inside the pending workbench stack (0.075209ms)
  ✔ opens actress detail from the pending inbox and returns to it (0.214625ms)
✔ navigation helpers (1.829125ms)
▶ settings route contract
  ✔ builds canonical settings paths and resolves valid sections (0.451083ms)
✔ settings route contract (0.507084ms)
▶ media-library settings state
  ✔ builds a trimmed create command, deduplicates roots and still allows an empty library (1.053542ms)
  ✔ builds minimal identity and section-scoped config patches (0.229208ms)
  ✔ normalizes an empty scraper and validates numeric scan boundaries (0.065833ms)
  ✔ gates destructive lifecycle commands (0.066458ms)
  ✔ allows cleanup-only scans but rejects a library with no work (0.05025ms)
  ✔ routes every root-owned record through cleanup before direct deletion (0.05325ms)
  ✔ reports partial root additions explicitly (0.043583ms)
  ✔ shows a terminal query error even before form drafts exist (0.044ms)
✔ media-library settings state (2.057416ms)
✔ loads metadata once while paging 60/60/5 works and preserving the full count (499.504875ms)
✔ retries page errors, clamps a removed last page, and rejects late actor results (12.15775ms)
✔ does not invalidate the new actor metadata when the old editor save settles late (11.8115ms)
✔ retains an open merge plan and its full count while the visible works refresh (10.256916ms)
✔ does not reuse the prior actor page when an intervening actor request is still pending (5.101ms)
▶ series real list page
  ✔ renders 60/60/5 with server total and bounded page cache (1270.02725ms)
  ✔ clears old cards while loading and supports failed-page retry (28.784958ms)
  ✔ clamps a shrinking total to its last page, including zero (59.166667ms)
  ✔ resets search/sort to page one and rejects late search data (830.311291ms)
  ✔ invalidates uncommitted input across A → B → A history navigation (318.202958ms)
  ✔ invalidates pending input when opening detail without changing search (619.450083ms)
  ✔ retains page, active observer and scroll through nested detail and return (8.269333ms)
✔ series real list page (3218.2315ms)
▶ maker real list page
  ✔ renders 60/60/5 with server total and bounded page cache (1267.961083ms)
  ✔ clears old cards while loading and supports failed-page retry (37.368542ms)
  ✔ clamps a shrinking total to its last page, including zero (62.861041ms)
  ✔ resets search/sort to page one and rejects late search data (837.970375ms)
  ✔ invalidates uncommitted input across A → B → A history navigation (331.300125ms)
  ✔ invalidates pending input when opening detail without changing search (626.921333ms)
  ✔ retains page, active observer and scroll through nested detail and return (17.628709ms)
✔ maker real list page (3182.536458ms)
▶ director real list page
  ✔ renders 60/60/5 with server total and bounded page cache (1367.436416ms)
  ✔ clears old cards while loading and supports failed-page retry (26.785833ms)
  ✔ clamps a shrinking total to its last page, including zero (61.48725ms)
  ✔ resets search/sort to page one and rejects late search data (832.450958ms)
  ✔ invalidates uncommitted input across A → B → A history navigation (320.894167ms)
  ✔ invalidates pending input when opening detail without changing search (627.999375ms)
  ✔ retains page, active observer and scroll through nested detail and return (25.450125ms)
✔ director real list page (3263.327083ms)
✔ organization role change discards old filters and pending search (332.288208ms)
✔ normalizes URL offsets safely and keys distinct pages (1.735042ms)
▶ video detail section order
  ✔ renders a titled related-links section after video resources (0.651041ms)
✔ video detail section order (1.147167ms)
▶ HomePage
  ✔ searches in place while typing and restores discovery when cleared (893.090166ms)
  ✔ keeps discovery stable through refreshes and remounts until replaced (3.324209ms)
✔ HomePage (896.849416ms)
▶ HomePage search layout
  ✔ reserves shared toolbar-search padding for the icon and keyboard shortcut (2.927125ms)
  ✔ centers the search icon inside the shared input control (0.405083ms)
  ✔ keeps the keyboard shortcut on the same vertical center line (0.588166ms)
✔ HomePage search layout (4.562792ms)
✔ uses the shared switch for home discovery and keeps changes in the settings draft (257.725875ms)
▶ MediaLibrarySettingsPage layout
  ✔ uses the application settings width token and stays left aligned (4.847917ms)
  ✔ keeps compact library context above the old-style import workspace (10.244541ms)
✔ MediaLibrarySettingsPage layout (15.455083ms)
▶ ScanSettingsTab
  ✔ builds domain-correct deep links for scan identities and scrape candidates (224.055042ms)
  ✔ renders automatic local NFO import enabled by default and persists a switch change immediately (8.602375ms)
✔ ScanSettingsTab (233.134542ms)
✔ locates a deep actor group and loads only its detail before paging (374.74025ms)
✔ keeps page and detail failures distinct and retries without a full list (197.646958ms)
✔ ignores a late old detail after selecting another group (151.982292ms)
✔ preserves an explicit decision across a category switch and detail overlay (224.651958ms)
✔ applies an ownership decision then clamps a deleted last page (159.793667ms)
✔ does not let a completed old mutation reset a newer group decision (270.804ms)
✔ keeps actor paging in the all-domain view even when a scan item comes first (131.806583ms)
✔ asks the server about names outside the current page before editing (377.898167ms)
✔ keeps a stale resolution on the same group and requires a renewed decision (161.960334ms)
✔ isolates an old completion after navigating A to B and back to A (338.281458ms)
✔ stays on the deep-linked page after its selected group is resolved (161.764709ms)
✔ does not close a new discard dialog when an old A-B-A discard fails (264.633708ms)
✔ pages owner candidates and preserves a selected actor outside the current page (216.390791ms)
✔ retries picker failures and invalidates old page replies immediately while search debounces (470.859959ms)
✔ ignores an old actor choice after closing and reopening the same picker (186.456041ms)
✔ keeps the newest actor choice when earlier detail reads finish later (163.306334ms)
✔ keeps a direct group-owner decision after an older external-owner detail returns (188.208375ms)
✔ invalidates a pending external-owner choice when a decision is submitted (248.751042ms)
✔ ignores a picker choice after navigating group A-B-A (251.175333ms)
✔ locates a deep-linked pending item, pages with a bounded cache and ignores a late detail (326.493458ms)
✔ shows an explicit page error and retries without fetching the full inbox (68.698042ms)
✔ recovers the last page after deletion and selects the surviving first item (87.075083ms)
✔ does not block a different queue when scrape count fails or reuse its disabled page total (87.632458ms)
✔ ignores an old page that resolves after navigation to a newer page (103.665ms)
▶ PendingCenterPage scrape resolution
  ✔ carries an explicit director through merge-and-apply without stacking prompts (221.992292ms)
  ✔ previews either persisted identity and submits only after explicit confirmation (39.169333ms)
  ✔ shows the library filter only for scan decisions (27.257792ms)
  ✔ clears the library filter from the scoped empty state and keeps the scan tab selected (26.627291ms)
✔ PendingCenterPage scrape resolution (315.60625ms)
✔ locates scan anchors, reads only selected details and ignores late details after paging (369.698375ms)
✔ reports page errors and missing selected records without treating them as an empty queue (108.803625ms)
✔ clamps the deleted last page and does not show an old library page (182.020542ms)
✔ uses only count on another category and count failure does not block that category (43.123916ms)
✔ does not block scrape on a library listing failure (43.313084ms)
✔ resolves identity deep links to the scoped identity pane without group detail reads (46.678084ms)
✔ retries rejected selected detail without reloading full queues (134.452041ms)
✔ loads actor details only in its category and keeps inactive summary counts current (178.713875ms)
✔ shows unknown actor count without blocking scan when summary fails (44.583709ms)
✔ ignores an old playlist response arriving after navigation (216.408041ms)
✔ requests a bounded thumbnail for a playlist card (3.516125ms)
✔ does not refresh an old playlist when its removal finishes after navigation (5.83625ms)
✔ returns to the previous page when deleting the only item on the last page (5.386208ms)
✔ keeps the existing grid mounted during refresh after closing a nested video (3.27525ms)
✔ keeps the latest sort response when requests for the same playlist finish out of order (3.638209ms)
✔ reuses metadata while paging but refreshes it after a playlist mutation (5.186041ms)
✔ does not reuse stale metadata when filtering interrupts a forced refresh (2.751583ms)
✔ shows not found when a refreshed metadata read reports a deleted playlist (0.873958ms)
✔ refreshes the fallback cover with the new sort instead of reusing the old metadata (1.966875ms)
▶ PlaylistDetailPage resource filter feedback
  ✔ keeps the compact toolbar count without rendering an applied-filter bar (0.391667ms)
  ✔ uses an import action icon instead of a download icon (0.065208ms)
✔ PlaylistDetailPage resource filter feedback (0.85475ms)
▶ actress conflict review state
  ✔ keeps every action tied to its explicit user-visible scope (1.3085ms)
  ✔ expands changed impacts and keeps unchanged impacts collapsed initially (0.098541ms)
  ✔ uses the candidate-owned impact plan only when that candidate is the proposed owner (0.071666ms)
  ✔ sections groups by task state and sorts each section by display name (3.89375ms)
  ✔ selects the first source for viewing without preselecting a proposed owner (0.092708ms)
  ✔ explains empty, unchanged, moved, and conflict-free name edits (0.639416ms)
  ✔ builds the exact owner, pending, and actress versions shown to the user (0.084292ms)
  ✔ requires a replacement only when assigning away a current main name (0.077875ms)
  ✔ enables illegal-name confirmation only after every required replacement is valid (0.095709ms)
  ✔ requires an explicit partner, keeper, and final main name for conflict merges (0.199833ms)
  ✔ allows a pending-name-ownership pair to be merged (0.048541ms)
  ✔ keeps the current group or selects its next neighbor after refresh (0.161458ms)
✔ actress conflict review state (7.292375ms)
▶ conflictReviewRemote
  ✔ resolves ownership/merge/illegal and surfaces stale refresh (0.539292ms)
  ✔ discards a candidate and refreshes the queue (0.105042ms)
  ✔ validates replacement main names (0.17925ms)
  ✔ ignores an older live name inspection after a newer request wins (3.637375ms)
  ✔ invalidates an in-flight inspection cleanup (0.138ms)
✔ conflictReviewRemote (5.035958ms)
▶ conflictReviewSession
  ✔ resets decision draft when switching groups (0.470958ms)
  ✔ opens ownership replacement dialog when claimants need new main names (4.104209ms)
  ✔ applies refresh focus and stale message (0.126167ms)
  ✔ syncSelectedGroup initializes selection for the first available group (0.043959ms)
✔ conflictReviewSession (5.137167ms)
▶ conflict review latest request gate
  ✔ accepts only the newest async validation result (0.324417ms)
  ✔ invalidates an in-flight result when the workflow closes (0.045542ms)
  ✔ does not let stale cleanup invalidate the current request (0.037208ms)
✔ conflict review latest request gate (0.75425ms)
▶ media-library list surface state
  ✔ keeps archived libraries out of the writable catalog surface (0.3135ms)
✔ media-library list surface state (0.621583ms)
▶ pending center resolution state
  ✔ requires every scan resource to have an explicit valid target (0.384209ms)
  ✔ serializes scan targets only at the select-control boundary (0.641083ms)
  ✔ starts scrape candidates unselected and rejects stale candidate ids (0.111ms)
  ✔ shows the same deterministic default primary ordering as persisted resolution (0.162666ms)
  ✔ labels scan decisions with their owning media library (0.095875ms)
  ✔ shows resource identity conflicts in the scan queue without exposing a local path (0.055209ms)
✔ pending center resolution state (1.9095ms)
▶ matchesPlaylistResourceFilter
  ✔ uses OR semantics and treats none as global zero resources (0.583083ms)
✔ matchesPlaylistResourceFilter (0.921417ms)
▶ useConflictReviewController
  ✔ wires queue selection and resets dialog draft when switching groups (40.501583ms)
  ✔ routes resolve through the nested view-model commands (16.446875ms)
✔ useConflictReviewController (57.673167ms)
✔ preserves an explicit ownership decision while detail reads are disabled and reenabled (153.908666ms)
▶ video business identity conflict presentation
  ✔ recognizes domain and database-boundary conflict messages (0.355834ms)
✔ video business identity conflict presentation (0.691167ms)
▶ video detail scraper selection
  ✔ prefers the active media-library default over the global default (0.301375ms)
  ✔ does not retain the previous library default when the active library switches (0.044ms)
  ✔ falls back to the global default when the active library has no override (0.03925ms)
✔ video detail scraper selection (0.720875ms)
▶ pending inbox state
  ✔ sums the aggregate media-library projection without per-library item reads (0.332167ms)
✔ pending inbox state (0.658041ms)
✔ keeps loading and failed inbox counts distinct from an empty inbox (0.061584ms)
▶ actress list renderer behavior
  ✔ does not load the full face-scan manifest for an ordinary actress page (1.7475ms)
  ✔ isolates cached pages when any query condition changes (0.559584ms)
  ✔ recombines the same session face-result subset for list filter changes (0.083625ms)
  ✔ keeps loaded pages after a failure and retries the same next-page offset (0.818542ms)
  ✔ keeps selected ids when later pages append more actresses (0.102458ms)
  ✔ restores scroll after detail return and resets it for a changed query (0.103875ms)
  ✔ clears every pending rail scroll scope on same-section primary navigation (0.440709ms)
✔ actress list renderer behavior (4.287416ms)
▶ actress infinite list pages
  ✔ keeps loaded pages while requesting the next offset (0.858833ms)
  ✔ stops after every matching actress has loaded (0.074333ms)
✔ actress infinite list pages (1.286875ms)
▶ scoped video query keys
  ✔ keeps media-library caches isolated (0.833834ms)
  ✔ canonicalizes filtered all-library scopes (0.068792ms)
✔ scoped video query keys (1.277833ms)
▶ useInfiniteVideoList
  ✔ loads a library larger than the IPC page limit in bounded pages (26.005333ms)
✔ useInfiniteVideoList (26.61975ms)
✔ blocks route changes with a draft and saves before continuing through the real router (29.604ms)
✔ keeps edits through unrelated refreshes and explicitly resets to the latest saved value (4.148709ms)
✔ preserves edits made while an earlier value is being saved (0.42525ms)
▶ renderer avatarCrop
  ✔ falls back to the standard preset for invalid stored values (0.488125ms)
  ✔ falls back to face centering for invalid stored values (0.046916ms)
  ✔ keeps landmark-based faces at the same visual size across source images (0.253875ms)
  ✔ reports when a tight source cannot reach the requested face size (0.047042ms)
  ✔ applies the continuous face ratio consistently (0.067292ms)
  ✔ centers the estimated crown-to-chin region in head mode (0.04925ms)
  ✔ centers segmented visible head bounds instead of the facial axis (0.05075ms)
  ✔ keeps zoom identical across centering modes (0.082667ms)
  ✔ keeps face-ratio changes effective when full-head protection is disabled (0.098625ms)
  ✔ keeps legacy near-square avatars aligned with cover preview layout (0.617417ms)
  ✔ detects the native cover-compatible default transform (0.044167ms)
  ✔ does not let a tainted canvas export crash the editor (0.125667ms)
✔ renderer avatarCrop (2.46125ms)
▶ video batch request scope
  ✔ requires and preserves the current library on library-surface requests (1.169625ms)
  ✔ keeps application-settings requests in explicit global compatibility mode (0.06475ms)
✔ video batch request scope (1.5885ms)
▶ avatarCrop
  ✔ round-trips a valid v1 crop (0.843583ms)
  ✔ rejects crop when fingerprint mismatches (0.0745ms)
  ✔ scales offsets when viewSize changes (0.071833ms)
✔ avatarCrop (1.369ms)
▶ normalizeClassificationName
  ✔ uses the shared identity normalization without collapsing meaningful script differences (0.6415ms)
  ✔ rejects names that become empty after normalization (0.15775ms)
✔ normalizeClassificationName (1.151208ms)
✔ only accepts finite thumbnail variants and preserves preview URL components (0.627ms)
▶ buildLibraryScanNotification
  ✔ keeps a no-change successful scan quiet (0.452667ms)
  ✔ notifies for changes and reports each destructive count separately (0.114208ms)
  ✔ reports a metadata-only resource refresh as an update (0.518875ms)
  ✔ reports pending scan groups and their resource count before ordinary changes (0.046375ms)
  ✔ prioritizes offline and error outcomes over ordinary change notices (0.038917ms)
  ✔ reports isolated STRM failures without exposing target content (0.078167ms)
  ✔ reports a blocking processing failure before isolated STRM failures (0.047625ms)
✔ buildLibraryScanNotification (1.722083ms)
▶ sanitizeLibraryScanError
  ✔ removes HTTP credentials, query parameters, Magnet data, and ED2K targets (0.499708ms)
  ✔ bounds arbitrary errors and never throws while formatting them (0.098459ms)
✔ sanitizeLibraryScanError (0.974417ms)
▶ normalizeLibraryScanSummary
  ✔ persists completed STRM failures with safe messages and a 50-item bound (0.7405ms)
✔ normalizeLibraryScanSummary (0.789667ms)
▶ NFO export foreground shortcut guard
  ✔ blocks reload, history, close, and application navigation shortcuts (0.329166ms)
  ✔ leaves modal controls and copy shortcuts usable (0.05075ms)
✔ NFO export foreground shortcut guard (0.712541ms)
▶ selectDefaultPendingScanPrimary
  ✔ prefers local resources and keeps duration, size, and path ordering (0.370917ms)
  ✔ orders STRM resources by actual target kind and then source path (0.077792ms)
✔ selectDefaultPendingScanPrimary (0.837166ms)
▶ pluginDevKindProfile
  ✔ normalizes testTarget and testTargets (0.976583ms)
  ✔ splits test targets only on commas or newlines and trims each group (0.11775ms)
  ✔ uses typed explicit targets as a diagnostic subset (0.684916ms)
  ✔ rejects URL/path targets and wrong-kind arguments (0.180542ms)
  ✔ testTargetsFromDryRun extracts identity from dry-run result (0.080208ms)
  ✔ profiles expose kind-specific labels and field helpers (0.081916ms)
✔ pluginDevKindProfile (2.516542ms)
▶ plugin field semantics registry
  ✔ covers every video and actress field with valid symmetric conflicts (0.47225ms)
  ✔ generates the Agent glossary from the selected registry fields (0.207333ms)
  ✔ projects female and male performers independently (0.600625ms)
  ✔ projects composite rating and measurements without collapsing their parts (0.2525ms)
✔ plugin field semantics registry (2.067084ms)
▶ PluginResultContractModule
  ✔ classifies every structural and selectable result key by kind (0.982917ms)
  ✔ projects every manifest field through at least one standard result key (0.080875ms)
  ✔ lists unknown raw keys once without guessing a field mapping (0.118583ms)
  ✔ keeps actress identity and source metadata informational (0.221792ms)
  ✔ detects field-level partial cast projection and legacy female default (0.104917ms)
  ✔ maps composite measurements and rating to their legal manifest fields (0.071625ms)
  ✔ rejects empty and identity-only effective results mechanically (0.274584ms)
✔ PluginResultContractModule (2.343333ms)
▶ video resource source identity
  ✔ normalizes local file paths (0.327375ms)
  ✔ uses the STRM source file instead of its external target (0.043958ms)
  ✔ does not claim ownership of ordinary external resources (0.036292ms)
✔ video resource source identity (0.7505ms)
▶ videoResourceLinks
  ✔ normalizes HTTP identity without reordering query parameters or changing the path (0.899459ms)
  ✔ rejects local and executable protocols (0.147959ms)
  ✔ infers common video extensions as direct links and otherwise uses web links (0.06225ms)
  ✔ masks query parameters in normal display text (0.057208ms)
  ✔ converts optional MB, GB, and TB values to integer bytes (0.052167ms)
  ✔ uses the Magnet xt identity while preserving the original link and deriving a name (0.177208ms)
  ✔ uses the ED2K file hash identity while deriving its file name (0.046083ms)
✔ videoResourceLinks (1.838375ms)
ℹ tests 2367
ℹ suites 352
ℹ pass 2366
ℹ fail 0
ℹ cancelled 0
ℹ skipped 1
ℹ todo 0
ℹ duration_ms 49984.8515
