
> Javdex@0.6.2 pretest
> npm run check:actress-boundaries && npm run check:media-asset-store-boundaries && npm run check:metadata-source-boundaries && npm run check:classification-entity-boundaries && npm run check:agent-platform-boundaries && npm run lint && npm run check:css-architecture && npm run check:ui-controls


> Javdex@0.6.2 check:actress-boundaries
> node scripts/check-actress-boundaries.mjs

Domain IPC, shared types, and process dependency boundaries are valid.

> Javdex@0.6.2 check:media-asset-store-boundaries
> node scripts/check-media-asset-store-boundaries.mjs

MediaAssetStore implementation boundaries are valid.

> Javdex@0.6.2 check:metadata-source-boundaries
> node scripts/check-metadata-source-boundaries.mjs

Video metadata source boundaries are valid.

> Javdex@0.6.2 check:classification-entity-boundaries
> node scripts/check-classification-entity-boundaries.mjs

Classification entity storage and routing boundaries are valid.

> Javdex@0.6.2 check:agent-platform-boundaries
> node scripts/check-agent-platform-boundaries.mjs

Agent platform boundaries OK

> Javdex@0.6.2 lint
> npm run lint:ts && npm run lint:css


> Javdex@0.6.2 lint:ts
> eslint "src/**/*.{ts,tsx}" "electron.vite.config.ts"


> Javdex@0.6.2 lint:css
> stylelint "src/renderer/src/**/*.module.css" --allow-empty-input


> Javdex@0.6.2 check:css-architecture
> node scripts/check-css-architecture.mjs

CSS architecture checks passed.
┌─────────────────────────────────┬────────┐
│ (index)                         │ Values │
├─────────────────────────────────┼────────┤
│ cssFileCount                    │ 90     │
│ globalClassCount                │ 1155   │
│ crossFileDuplicateClassCount    │ 143    │
│ descendantSelectorCount         │ 803    │
│ importantDeclarationCount       │ 12     │
│ hardcodedColorDeclarationCount  │ 166    │
│ globalStateClassCount           │ 88     │
│ rawButtonClassOccurrenceCount   │ 3      │
│ classNameBehaviorInferenceCount │ 0      │
└─────────────────────────────────┴────────┘

> Javdex@0.6.2 check:ui-controls
> node scripts/check-ui-controls.mjs

UI control checks passed: shared Switch / Checkbox only.

> Javdex@0.6.2 test
> npm run typecheck && npm run test:packaging && node scripts/run-electron-tests.mjs


> Javdex@0.6.2 typecheck
> npm run typecheck:node && npm run typecheck:web


> Javdex@0.6.2 typecheck:node
> tsc --noEmit -p tsconfig.node.json --composite false


> Javdex@0.6.2 typecheck:web
> tsc --noEmit -p tsconfig.web.json --composite false && tsc --noEmit -p tsconfig.browser.json


> Javdex@0.6.2 test:packaging
> node --test scripts/packaging-runtime.test.mjs

TAP version 13
# Subtest: pruneBetterSqlitePrebuilds retains only the current platform and arch
ok 1 - pruneBetterSqlitePrebuilds retains only the current platform and arch
  ---
  duration_ms: 1.839291
  type: 'test'
  ...
# Subtest: pruneBetterSqliteBuildFiles removes sources but preserves runtime files
ok 2 - pruneBetterSqliteBuildFiles removes sources but preserves runtime files
  ---
  duration_ms: 1.526833
  type: 'test'
  ...
# Subtest: better-sqlite3 prebuild selection covers every configured packaging platform
ok 3 - better-sqlite3 prebuild selection covers every configured packaging platform
  ---
  duration_ms: 0.088833
  type: 'test'
  ...
# Subtest: pruneElectronFrameworkLocales keeps English and Chinese locale variants
ok 4 - pruneElectronFrameworkLocales keeps English and Chinese locale variants
  ---
  duration_ms: 1.785291
  type: 'test'
  ...
# Subtest: mac packaging selects a node-gyp compatible Python unless the caller chose one
ok 5 - mac packaging selects a node-gyp compatible Python unless the caller chose one
  ---
  duration_ms: 0.131625
  type: 'test'
  ...
# Subtest: packaged runtime smoke runs only for a host-compatible macOS executable
ok 6 - packaged runtime smoke runs only for a host-compatible macOS executable
  ---
  duration_ms: 0.340084
  type: 'test'
  ...
# Subtest: packaging retains the complete Cheerio runtime dependency chain
ok 7 - packaging retains the complete Cheerio runtime dependency chain
  ---
  duration_ms: 0.231541
  type: 'test'
  ...
# Subtest: mac packaging explicitly enables ad-hoc signing before invoking its custom signer
ok 8 - mac packaging explicitly enables ad-hoc signing before invoking its custom signer
  ---
  duration_ms: 0.091083
  type: 'test'
  ...
1..8
# tests 8
# suites 0
# pass 8
# fail 0
# cancelled 0
# skipped 0
# todo 0
# duration_ms 74.175542
▶ createAgentBrowserSchema
  ✔ exposes strict bounded vertical scroll branches without enabling input actions (1.562791ms)
  ✔ explains the evaluate restrictions and their supported alternatives before invocation (0.133541ms)
✔ createAgentBrowserSchema (2.12525ms)
▶ AgentConfiguration
  ✔ projects code-owned tools and permissions while injecting workload compaction (1.0475ms)
  ✔ binds metadata collection to the curator workload and explicit staging capabilities (0.156084ms)
  ✔ registers playlist import as an independent least-privilege use case (0.084375ms)
✔ AgentConfiguration (1.6905ms)
▶ AgentExecution
  ✔ runs the persistence hook before the runtime can commit its bootstrap observation (9.786875ms)
  ✔ opens one runtime session and delegates ten operations without a loop or second queue (2.466042ms)
  ✔ authorizes and records Pi native tools without persisting their output (1.073334ms)
  ✔ fails closed when a Pi native tool lacks a frozen capability grant (1.321333ms)
  ✔ restores a normal checkpoint without reading ExecutionHistory (1.885208ms)
  ✔ rebuilds only for typed checkpoint corruption and only once per generation (2.435375ms)
  ✔ releases runtime resources without closing the durable run (1.283833ms)
  ✔ closes a durable run after its runtime was already released (1.076417ms)
✔ AgentExecution (22.186625ms)
✔ preserves newer product log references when aborting after a domain-only state update (1.90925ms)
✔ preserves append-only plugin history during checkpoint recovery: success (40.781416ms)
✔ preserves append-only plugin history during checkpoint recovery: hash-failure (40.404709ms)
✔ preserves append-only plugin history during checkpoint recovery: rebuild-failure (20.059292ms)
✔ preserves append-only plugin history during checkpoint recovery: unreconciled-tool (21.409792ms)
▶ AgentRunStore
  ✔ returns every durable non-closed run so each use case can apply its recovery policy (8.112084ms)
  ✔ persists a frozen config without serializing credentials or functions (0.654041ms)
  ✔ encrypts recovery payloads and fails closed on integrity damage (2.604541ms)
  ✔ accepts an idempotent operation once and settles only named command ids (0.81425ms)
  ✔ keeps repeated product events from the same operation in append order (1.47075ms)
  ✔ does not overwrite a terminal runtime fault when the runtime subsequently settles (0.916333ms)
  ✔ allows one rebuild attempt per recovery generation (0.749209ms)
  ✔ records artifact refs in the product journal and fails closed on damaged refs (0.838708ms)
✔ AgentRunStore (16.922791ms)
▶ Agent product journal pagination
  ✔ reads the last cursor through the run/seq index without parsing any payload in a 100k journal (208.964291ms)
  ✔ pages with a strict size cap and no cross-run, duplicate or skipped events despite sequence gaps (26.887417ms)
✔ Agent product journal pagination (236.065667ms)
▶ Agent recovery enumeration
  ✔ filters use case and status before parsing, lazily loads one product, and releases temporary ID pages (101.106042ms)
  ✔ keeps the original recovery order across pages while timestamps change and excludes runs created mid-iteration (48.519208ms)
  ✔ drops the temporary snapshot if an owned payload cannot be parsed (3.13725ms)
✔ Agent recovery enumeration (152.907875ms)
▶ cache affinity
  ✔ is stable, role-separated and does not expose source identifiers (1.441125ms)
✔ cache affinity (2.1515ms)
▶ resolveEffectiveMaxTokens
  ✔ uses the model maximum when the preset limit is zero (0.396375ms)
  ✔ uses the lower positive limit (0.049291ms)
  ✔ rejects invalid limits instead of forwarding zero to the provider (0.572041ms)
  ✔ restores a zero sentinel as one frozen positive provider limit (0.160333ms)
  ✔ resolves live models only by workload (0.724625ms)
✔ resolveEffectiveMaxTokens (2.403709ms)
▶ ModelInvocation
  ✔ uses injected frozen verifier access and forwards preset limits and cancellation (2.130125ms)
✔ ModelInvocation (2.615333ms)
▶ ModelManagementModule
  ✔ builds the migration backup from a strict non-secret provider whitelist (1.769958ms)
  ✔ migrates released settings once and then reads the same v2 revision (18.16575ms)
  ✔ fails closed for an invalid v2 document (0.230459ms)
  ✔ fails closed for malformed nested v2 data and embedding catalog entries (9.48475ms)
  ✔ saving a provider never changes workload assignments (6.306167ms)
  ✔ refreshes protocol-derived model metadata when a connection contract changes (3.493125ms)
  ✔ never exposes credentials or Base URL query secrets in renderer snapshots (4.110875ms)
  ✔ changing the default affects inherited workloads but preserves an explicit plugin model (3.1915ms)
  ✔ freezes the workload context limit into resolved model access (2.563541ms)
  ✔ rejects removing an in-use model and reports the exact workload (6.995166ms)
  ✔ restores the previous credential when configuration persistence fails (2.39625ms)
  ✔ does not touch credentials or storage on a stale revision (1.802167ms)
  ✔ keeps discovery ephemeral and reset removes manual overrides (4.18275ms)
  ✔ rejects non-tool Agent models and unsupported long cache (4.94025ms)
✔ ModelManagementModule (70.858791ms)
▶ ToolHost
  ✔ records capability denials before failing closed (14.1855ms)
  ✔ requires a one-use approval permit for install effects (3.4995ms)
  ✔ stores only bounded hashes for tool output and errors (1.063167ms)
  ✔ approves only the selected request when multiple approvals are pending (0.988208ms)
  ✔ keeps only the latest pending approval for single-card product flows (0.815417ms)
  ✔ revokes a persisted approval when the continuation dispatch fails (0.764583ms)
  ✔ discards pending and approved permits during terminal cleanup (0.665875ms)
  ✔ binds an approval permit to mutable domain scope as well as visible tool args (0.584791ms)
  ✔ serializes calls sharing a resource without scheduling batches (36.5775ms)
  ✔ marks interrupted writes uncertain and blocks callbacks after waiting or terminal state (2.112125ms)
  ✔ does not start an unkeyed handler when its signal is already aborted (1.132875ms)
  ✔ enforces deadlines even when a handler ignores AbortSignal (21.627625ms)
  ✔ does not let a late handler result overwrite an uncertain timeout (21.972167ms)
  ✔ keeps the resource locked until a timed-out non-cooperative handler really settles (65.361292ms)
  ✔ keeps a queued cancellation from letting a third call bypass the active resource holder (13.77675ms)
✔ ToolHost (186.505292ms)
▶ PiRuntime contract
  ✔ allows workspace reads and dev notes but keeps host-owned facts read-only (2.348375ms)
  ✔ loads only frozen workspace Skills and exposes the selected Pi native file tools (2228.410709ms)
  ✔ rejects a workspace Skill that differs from the frozen run configuration (7.416875ms)
  ✔ keeps one long-lived session for ten turns with controlled resources and stable affinity (81.24725ms)
  ✔ keeps the run healthy when Pi recovers from a transient provider error (21.27025ms)
  ✔ emits one terminal runtime fault after provider retries are exhausted (19.842167ms)
  ✔ does not turn a user-cancelled provider retry into a runtime fault (12.591625ms)
  ✔ exposes only the resolved custom allowlist and crosses the durable tool-result barrier (11.947584ms)
  ✔ releases the runtime after durable persistence fails during a tool call (9.376625ms)
  ✔ honors a terminating control result even when the domain tool reports failure (12.070917ms)
  ✔ starts a new turn when a follow-up is dispatched after a terminating handoff settled (17.132375ms)
  ✔ does not compact or inject a host recovery prompt after a length stop (10.450833ms)
  ✔ does not start a host continuation after the model-turn budget stops the operation (27.648292ms)
  ✔ enforces the configured per-operation model-turn budget (9.036291ms)
✔ PiRuntime contract (2471.69775ms)
✔ counts the same all-gender avatar targets without projecting profiles or joining works (17.816542ms)
✔ pages a fixed target set and bounds labels after live insert, delete and rename (233.273125ms)
✔ handles empty sets and connection closure without recreating a database (12.36775ms)
✔ rolls back the temporary table if snapshot population fails (16.285584ms)
✔ returns only target identity in ID order without counting works with all path and gender semantics (21.862291ms)
✔ matches the complete renderer gallery order across source, ratio and nullable-position boundaries (48.008083ms)
✔ returns empty versus missing actors and validates finite safe page bounds (9.576125ms)
✔ keeps count and ordered page together while another connection removes a display source (8.375167ms)
✔ returns profile counts and the global first picture without loading complete works or gallery rows (29.291708ms)
✔ keeps profile fields, physical/display counts and first picture on one read snapshot (11.413708ms)
✔ locates a stable photo after reordering, before paging and within the requested actor/source scope (16.226375ms)
✔ matches merge gender and owned search semantics while paging by full name (35.545333ms)
✔ counts each visible video once across overlapping libraries and excludes hidden/archived/orphaned videos (18.597083ms)
✔ counts only returned candidates, excluding lookahead, and skips counts for an empty page (15.413792ms)
✔ keeps candidate rows and counts on the same snapshot when another connection writes (16.161875ms)
✔ bounds labels/avatars and validates inputs and missing keep actors (27.3145ms)
✔ pages narrow labels from 10000 actors without catalog statistics or profile data (221.609666ms)
✔ preserves owned-name search matching and includes all genders (17.92925ms)
✔ sorts full names before shortening labels and bounds escaped JSON payloads (23.867167ms)
✔ rejects invalid limits, offsets and overlong search before reading (6.603333ms)
✔ bounds labels containing embedded NUL without losing the valid prefix (12.678666ms)
✔ keeps a full page below512KiB even with worst-case JSON escaping (17.16725ms)
✔ reads current picker identity by ID without hydrating actor works or profile (19.884333ms)
▶ actressRepo actress name ownership
  ✔ changes the main-name row and ownership together when an actress is renamed (14.685541ms)
  ✔ keeps ownership while another name type still declares the same normalized name (12.170625ms)
  ✔ rolls back the complete manual edit when any declared name has another owner (12.140458ms)
  ✔ rolls back profile changes and compensates new avatar files when the database write fails (21.956542ms)
✔ actressRepo actress name ownership (61.497917ms)
▶ actressRepo.listActresses
  ✔ excludes migrated pending names from search and exact identity lookup (9.89375ms)
  ✔ does not match a replaced main name that is not kept as an explicit alias (11.157417ms)
  ✔ matches main name, alias, and typed names (10.086667ms)
  ✔ treats SQL LIKE metacharacters as literal search text (10.031542ms)
  ✔ ignores stored names that are not visible name types (12.695791ms)
  ✔ sorts by video count descending by default (10.423125ms)
  ✔ projects only videos that remain reachable through an active visible library membership (14.670084ms)
✔ actressRepo.listActresses (79.35925ms)
▶ actressRepo.listActressPage
  ✔ returns a stable slice with the total number of matching actresses (10.495291ms)
  ✔ pages an explicit renderer-session actress subset with complete totals (11.932125ms)
  ✔ returns the cumulative status of every actress with per-status counts (8.049917ms)
  ✔ filters by each status while keeping the counts of the unfiltered scope (8.146333ms)
  ✔ combines the status filter with search, gender and sort (8.1605ms)
  ✔ counts statuses within the current search and gender scope (11.876792ms)
  ✔ treats a missing status as all statuses (16.567583ms)
  ✔ keeps avatar file health outside the pure database query (11.218791ms)
  ✔ does not derive avatar fingerprints during a database list query (6.929167ms)
  ✔ returns minimal avatar path candidates without inspecting files (7.118958ms)
✔ actressRepo.listActressPage (100.759292ms)
▶ actressRepo.clearActressMetadataRecord
  ✔ clears scraped profile fields while keeping main name and video links (11.692084ms)
  ✔ clears non-name metadata without claiming a migrated pending main name (9.7635ms)
  ✔ resets every cumulative state to unscraped and drops the success time (12.121166ms)
  ✔ keeps related links when clearing actress metadata (9.277458ms)
✔ actressRepo.clearActressMetadataRecord (42.988166ms)
▶ actress related links
  ✔ stores related links on an actress and returns them on detail (10.219292ms)
  ✔ unions related links on merge with the keeper first (14.582959ms)
✔ actress related links (24.888875ms)
▶ actressRepo.deleteUnlinkedActresses
  ✔ deletes every selected unlinked actress and returns its stored assets for cleanup (12.786791ms)
  ✔ rejects the whole batch when any selected actress still has a linked video (13.997833ms)
✔ actressRepo.deleteUnlinkedActresses (26.872666ms)
▶ actressRepo.mergeActresses
  ✔ merges videos, aliases, and gallery into the keeper (12.917958ms)
  ✔ rejects merging actresses with different genders (10.343875ms)
  ✔ can adopt the merged actress main name (11.58525ms)
  ✔ rolls back the whole merge when final main-name reconstruction fails (9.848458ms)
  ✔ rolls back the whole merge when alias reconstruction fails (8.727792ms)
  ✔ rejects the whole merge when any resulting name belongs to a third actress (8.796167ms)
  ✔ rejects the whole merge when the selected final main name belongs to a third actress (8.082333ms)
  ✔ resolves a migrated pending name claimed only by the two merged actresses (9.457292ms)
  ✔ preserves existing aliases without reapplying scraped-value heuristics (9.283333ms)
  ✔ deletes unusable keeper avatar assets after adopting the merged actress avatar (10.389833ms)
  ✔ keeps 未刮削 when merging 未刮削 into 未刮削 (12.511375ms)
  ✔ keeps 刮削失败 when merging 刮削失败 into 未刮削 (17.276916ms)
  ✔ keeps 刮削成功 when merging 刮削成功 into 未刮削 (21.854ms)
  ✔ keeps 刮削失败 when merging 未刮削 into 刮削失败 (18.691333ms)
  ✔ keeps 刮削失败 when merging 刮削失败 into 刮削失败 (15.550125ms)
  ✔ keeps 刮削成功 when merging 刮削成功 into 刮削失败 (8.630209ms)
  ✔ keeps 刮削成功 when merging 未刮削 into 刮削成功 (8.983167ms)
  ✔ keeps 刮削成功 when merging 刮削失败 into 刮削成功 (8.404167ms)
  ✔ keeps 刮削成功 when merging 刮削成功 into 刮削成功 (8.568041ms)
  ✔ keeps the newer success time when the keeper succeeded more recently (8.777833ms)
  ✔ ignores a success time left on a record that is not scraped successfully (9.46425ms)
✔ actressRepo.mergeActresses (238.691542ms)
▶ actressRepo.listActressesForBatchScrape
  ✔ filters by scope and missing fields (8.004833ms)
  ✔ filters actresses by cumulative scrape status (13.467458ms)
  ✔ combines gender and scrape status filters (8.225ms)
  ✔ matches actresses missing any selected profile field (8.026083ms)
  ✔ limits batch targets to the explicitly selected actress ids (10.01075ms)
✔ actressRepo.listActressesForBatchScrape (47.871083ms)
▶ actressRepo.resolveEffectiveActressScrapeFields
  ✔ fillEmpty keeps only currently missing fields (8.139791ms)
  ✔ fillEmpty treats broken avatar files as missing without mutating during planning (8.48675ms)
✔ actressRepo.resolveEffectiveActressScrapeFields (16.69ms)
▶ actressRepo.clearBrokenActressAvatarIfNeeded
  ✔ includes broken avatars in batch missing-avatar targets (8.894417ms)
  ✔ clears broken avatar source and crop while keeping a usable display avatar (7.932042ms)
✔ actressRepo.clearBrokenActressAvatarIfNeeded (16.885209ms)
▶ actressRepo.getActressAvatarSourceInfo
  ✔ uses a legacy display avatar as the source without renderer fetch (9.086375ms)
  ✔ prefers the saved original source after an avatar bundle is created (13.4735ms)
✔ actressRepo.getActressAvatarSourceInfo (22.622542ms)
▶ actressRepo.setActressAvatarBundle
  ✔ persists avatar source, display, and crop; recrops without replacing the source (13.391875ms)
  ✔ adopts recognized legacy image bytes when native dimension probing is unavailable (12.08625ms)
  ✔ repairs an existing source whose stored extension does not match its bytes (11.72875ms)
  ✔ rejects invalid display bytes before writing the avatar bundle (7.501125ms)
  ✔ keeps source paths distinct for equal-length Chinese names with identical bytes (14.478125ms)
✔ actressRepo.setActressAvatarBundle (59.323292ms)
▶ actressRepo cumulative scrape status
  ✔ keeps an actress created by video scraping unscraped and exposes the status in detail (9.717542ms)
✔ actressRepo cumulative scrape status (9.752708ms)
▶ actressRepo cumulative scrape status maintenance invariants
  ✔ keeps 未刮削 and its success time through manual maintenance (13.433625ms)
  ✔ keeps 刮削成功 and its success time through manual maintenance (15.139041ms)
  ✔ keeps 刮削失败 and its success time through manual maintenance (12.83425ms)
✔ actressRepo cumulative scrape status maintenance invariants (41.50625ms)
▶ actressRepo.upsertActressFromScrape avatar adopt
  ✔ adopts a downloaded avatar into source+display+crop and drops the temp path (11.218375ms)
  ✔ gives equal-length Chinese names distinct avatar files from the same download bytes (13.777916ms)
  ✔ does not replace an existing usable avatar (9.442041ms)
✔ actressRepo.upsertActressFromScrape avatar adopt (34.534667ms)
▶ actressRepo.backfillActressGalleryAssetDimensions
  ✔ probes stored local files and fills missing gallery dimensions (9.854416ms)
✔ actressRepo.backfillActressGalleryAssetDimensions (9.904083ms)
▶ actressRepo query purity
  ✔ does not change database rows or stored resources when listing and reading details (9.176834ms)
✔ actressRepo query purity (9.215166ms)
▶ actressRepo.posterPath
  ✔ clears the poster when the referenced gallery image is deleted (10.448333ms)
✔ actressRepo.posterPath (10.48875ms)
▶ actressRepo.replaceActressGalleryAssets
  ✔ keeps local paths that remain in the replaced asset set (8.485709ms)
✔ actressRepo.replaceActressGalleryAssets (8.523958ms)
▶ actressRepo.recordActressScrapeFailure
  ✔ records failure without writing a success time or changing profile fields (10.187458ms)
✔ actressRepo.recordActressScrapeFailure (10.222208ms)
▶ actressRepo.markActressScrapeSucceeded
  ✔ promotes an unscraped actress and stamps the missing success time (10.306708ms)
  ✔ promotes a failed actress and stamps the missing success time (11.76675ms)
  ✔ keeps an existing success time instead of restamping it (8.706333ms)
  ✔ stamps a success time over a blank stored time (7.83675ms)
  ✔ rejects marking an actress that does not exist (8.619583ms)
✔ actressRepo.markActressScrapeSucceeded (47.388375ms)
▶ actressRepo.applyActressScrapeResult
  ✔ keeps every selected field plan aligned with the replace database result (17.884083ms)
  ✔ keeps every selected field plan aligned with the fillEmpty database result (17.226833ms)
  ✔ keeps every selected field plan aligned with the replaceIfPresent database result (17.223792ms)
  ✔ does not backfill gallery metadata while building a read-only plan (10.099958ms)
  ✔ plans and applies a fillEmpty avatar over a broken stored path consistently (13.581125ms)
  ✔ previews replace clears without changing the actress or deleting assets (14.946167ms)
  ✔ does not claim a scrape was applied when every returned alias is unusable (9.756875ms)
  ✔ rolls back profile data and cumulative success when gallery persistence fails (13.954083ms)
  ✔ skips invalid downloaded avatars while applying other profile fields (11.737291ms)
  ✔ replace keeps manual crop when scraped avatar bytes match existing source (12.495834ms)
  ✔ replace adopts a new avatar when scraped bytes differ from existing source (33.837292ms)
  ✔ replace clears an existing avatar when the source returns no avatar (10.7695ms)
  ✔ replace preserves an existing avatar when a returned avatar fails to download (17.83225ms)
  ✔ fillEmpty preserves existing measurement values while filling missing ones (8.624167ms)
  ✔ replaceIfPresent updates existing profile values while preserving null scrape results (12.519458ms)
  ✔ replace clears every selected non-avatar field when the matched source returns no values (14.427958ms)
  ✔ replaceIfPresent rejects all fields when every returned alias conflicts (15.820458ms)
  ✔ fillEmpty does not report success when measurements only repeat a filled component (12.255917ms)
  ✔ rejects the whole scraped result when any alias has another owner (10.782ms)
  ✔ treats canonically equivalent scraped aliases as conflicts (8.193708ms)
✔ actressRepo.applyActressScrapeResult (284.365125ms)
✔ pages female test choices by full name and retains owned alias search without wide data (104.187125ms)
✔ resolves the complete current runtime identity rather than its shortened display label (13.237834ms)
✔ pages the same visible works once across libraries with stable date ties and narrow cards (113.168166ms)
✔ distinguishes missing and empty actors and rejects unbounded or invalid page arguments (8.84025ms)
✔ keeps count and cards on the same read snapshot during an external visibility change (12.147208ms)
✔ reads complete profile metadata without querying any associated works (11.611541ms)
✔ filters covers before counting and paging, retaining the old truthy-path semantics (13.872375ms)
▶ AgentMetadataDraftRepo
  ✔ keeps one ready draft per target and returns superseded staging paths (12.741417ms)
  ✔ advances review revisions and stores an idempotent terminal outcome (7.361667ms)
  ✔ fails closed when a stored draft uses an unsupported adapter version (4.160292ms)
✔ AgentMetadataDraftRepo (24.962417ms)
✔ detects local writes, external commits and connection replacement without changing schema (20.906416ms)
▶ home discovery repo
  ✔ returns one bounded status summary for every visible media library (12.260417ms)
  ✔ uses membership time for recent additions and deduplicates shared videos (4.311667ms)
  ✔ keeps a discovery batch stable until the seed changes (5.094042ms)
  ✔ does not recommend a membership that has no playable resource in an eligible library (8.371666ms)
  ✔ does not recommend a local-only membership whose media-library root is disabled (6.941417ms)
  ✔ excludes managed resources owned by pending-removal or archived roots (4.782583ms)
  ✔ keeps rootless external links and active-root local or STRM resources eligible (5.013875ms)
  ✔ does not accept a managed resource whose root belongs to another library (8.338416ms)
  ✔ binds a shared recommendation to the source membership that has its playable resource (9.222958ms)
  ✔ searches globally without duplicates and honors an explicit library filter (4.119959ms)
  ✔ excludes libraries disabled for home discovery (8.72925ms)
  ✔ matches global ranking across cursor wrap, equal keys and hidden shared memberships (8167.247084ms)
  ✔ keeps large recent and discovery loads bounded and index-backed (39.975792ms)
  ✔ paginates a large global search without duplicates or per-row queries (47.699209ms)
✔ home discovery repo (8333.334709ms)
▶ libraryCleanup
  ✔ collects actress hints from a video (14.629958ms)
  ✔ prunes stub actresses after video links are removed (11.706583ms)
  ✔ does not prune an actress with meaningful profile data (11.184875ms)
  ✔ deletes tags that are no longer linked to any video (15.015584ms)
✔ libraryCleanup (53.227041ms)
▶ library membership repo
  ✔ creates an idempotent explicit membership with a stable discovery key (7.755125ms)
  ✔ removes only the selected library membership (7.016125ms)
  ✔ rejects archived or missing libraries (3.939792ms)
  ✔ recognizes only visible memberships in an active library surface (5.373833ms)
  ✔ does not automatically remove a resource-less membership referenced by a playlist (6.975834ms)
✔ library membership repo (32.102666ms)
▶ libraryScanRepo latest snapshot
  ✔ updates the pending path after a rename without rewriting the original scan audit (21.913958ms)
  ✔ returns summary, audit, and unrecognized files only from the requested library (11.658667ms)
  ✔ transactionally settles scan runs abandoned by the previous process (16.336667ms)
  ✔ releases archive and root-migration busy gates after restart recovery (25.848208ms)
  ✔ returns an empty snapshot before the first run and rejects an unknown library (8.926167ms)
✔ libraryScanRepo latest snapshot (85.469458ms)
▶ mediaLibraryRepo
  ✔ creates a library, typed config, and canonical root projection atomically (16.875083ms)
  ✔ projects pending scan counts once per library without multiplying across roots (10.882416ms)
  ✔ keeps library and config revisions independent and rejects stale writes (11.589833ms)
  ✔ rejects same, parent, child, and realpath-alias roots across active libraries (14.07175ms)
  ✔ lets disabled roots release paths and revalidates them before enabling (15.248291ms)
  ✔ preserves continuity-owned root identities while allowing empty roots to rebind (23.655167ms)
  ✔ rejects archived-library restore when any continuity-owned root changed identity (19.166666ms)
  ✔ rejects ordinary edits while a root is pending removal or archived (8.320125ms)
  ✔ requires explicit migration or cleanup before changing a root-owned path (30.234041ms)
  ✔ archives roots atomically, releases their paths, and rechecks on restore (8.389083ms)
  ✔ scopes local and STRM source identity while disabled and archived roots release paths (11.318ms)
  ✔ protects the default library and refuses to archive pending root cleanup (10.829583ms)
  ✔ requires a non-default library to be archived before preview or permanent deletion (15.563ms)
  ✔ deletes roots and non-default libraries using the current library revision (11.722416ms)
  ✔ blocks archiving and deletion while root cleanup is active (13.168209ms)
  ✔ blocks archiving and deletion while a scan run is active (11.790708ms)
  ✔ rejects a deletion preview made stale by global video lifecycle changes (22.228042ms)
  ✔ invalidates deletion impact when another library changes the exclusive-video count (14.880583ms)
  ✔ previews all owned data and permanently deletes only database ownership (17.993833ms)
  ✔ returns a frozen scan snapshot containing only active roots (8.1335ms)
  ✔ projects independently configured automatic scan state in stable library order (11.283833ms)
  ✔ accepts offline absolute roots but rejects relative paths and files (13.297125ms)
  ✔ does not let direct disabled-root deletion cascade diagnostic records (8.775125ms)
  ✔ atomically freezes the filesystem identity when an offline root first comes online (12.192334ms)
  ✔ rejects scan-time identity binding for an identity-less root with resource ownership (10.884458ms)
  ✔ rejects scan-time identity binding for an identity-less root with pending ownership (12.855291ms)
  ✔ rejects scan-time identity binding for an identity-less root with unrecognized ownership (15.015666ms)
  ✔ rejects activation of an identity-less disabled root with owned resources (12.927958ms)
  ✔ rejects restore of an identity-less archived root with owned resources (14.745916ms)
  ✔ rejects a newly-online alias of another active root without partially binding it (9.81075ms)
✔ mediaLibraryRepo (419.373292ms)
▶ media-library root migration repo
  ✔ previews and atomically migrates root-owned state without touching disk or global videos (18.564125ms)
  ✔ uses the shared availability-aware promotion rule within the source library and video (19.91075ms)
  ✔ rejects stale previews and rolls the entire migration back (8.60925ms)
  ✔ rejects resource or pending changes made after preview even when library revisions are unchanged (9.628583ms)
  ✔ moves terminal cleanup history to the replacement root during preview-confirmed migration (10.489708ms)
  ✔ rejects a stale migration preview when terminal cleanup history changes (6.582875ms)
  ✔ rolls back every dataset when a late migration write fails (4.522417ms)
  ✔ fails closed while either library has an active scan or cleanup job (6.653917ms)
  ✔ treats a failed legacy cleanup waiting marker as active work in preview and commit (8.901834ms)
  ✔ rejects target resource conflicts before mutation (4.149084ms)
  ✔ rejects target unrecognized-file conflicts before mutation (4.065625ms)
  ✔ rejects target pending-scan path conflicts during preview (3.674333ms)
  ✔ moves a disabled root without enabling it in the target library (4.267583ms)
✔ media-library root migration repo (111.042375ms)
▶ database schema
  ✔ adds STRM source identity without changing existing resource identity or link deduplication (13.629166ms)
  ✔ allows duplicate codes while enforcing complete video business identity (5.292708ms)
  ✔ upgrades video identity without changing ids, resources, or site sources (8.39925ms)
  ✔ leaves a v10 database untouched when normalized business identities conflict (0.736042ms)
  ✔ migrates legacy classification text into stable entities and retires legacy storage (26.572167ms)
  ✔ retires v8 text storage without changing video metadata, entity ids, or child resources (58.873375ms)
  ✔ stores classification profiles, hierarchy, roles, links, and video references (10.61125ms)
  ✔ rolls back the complete classification migration when entity creation fails (3.0285ms)
  ✔ rolls back classification entities when retiring legacy storage fails (3.291375ms)
  ✔ migrates uncontested names to ownership and preserves cross-actress collisions for review (20.758ms)
  ✔ rolls back name ownership data and schema version when migration fails (16.423667ms)
  ✔ creates the current schema and records user_version (4.458459ms)
  ✔ migrates v6 video files to local resources without losing data (13.865791ms)
  ✔ migrates released v1 inline video files and removes the obsolete write constraint (28.54775ms)
  ✔ rejects databases newer than the supported schema version (0.470292ms)
  ✔ upgrades v1 actresses table with avatar source columns (12.606792ms)
  ✔ upgrades v2 actress names to one current primary name without removing visible names (11.312917ms)
  ✔ leaves current-version databases unchanged (0.333625ms)
  ✔ classifies v3 actresses only when a success time has actual profile evidence (14.402875ms)
  ✔ keeps the migrated classification unchanged when migration is run again (6.330458ms)
  ✔ rolls back the whole actress status migration when classification fails (0.687917ms)
✔ database schema (261.711625ms)
▶ V14 unreleased feature consolidation migration
  ✔ creates a fresh database with one active default media library (6.5ms)
  ✔ upgrades released V13 data while keeping playlist import sessions out of the schema (5.825375ms)
  ✔ scopes pending path identity to each library in the final V14 schema (5.802833ms)
  ✔ enforces one primary per membership while archived sources can be adopted by another library (3.730875ms)
  ✔ rolls back V14 when released source paths normalize to the same identity (2.224292ms)
✔ V14 unreleased feature consolidation migration (24.68875ms)
▶ V15 local NFO import migration
  ✔ creates fresh V15 databases with automatic import enabled and identity constraints (8.894583ms)
  ✔ upgrades V14 rows, preserves the default, and enforces minimal pending identity snapshots (2.177292ms)
  ✔ rolls the migration back and leaves user_version at V14 on schema conflict (0.957125ms)
✔ V15 local NFO import migration (12.692792ms)
✔ adds the cleanup queue and later indexes when upgrading V15 and preserves old business data and damaged diagnostic state (11.3105ms)
✔ rolls back both DDL and version when V16 fails after table creation, then upgrades on retry (3.58025ms)
✔ upgrades V16 without changing any business rows or other schema and matches fresh V17 (19.363334ms)
✔ rolls back index DDL and version after drop failure, then retries (8.236167ms)
✔ rolls back index DDL and version after create failure, then retries (12.134959ms)
▶ getLibraryOverviewStats
  ✔ returns aggregate library counts (13.589708ms)
  ✔ counts actress cumulative status from scraped_status, not last_scraped_at (11.20925ms)
✔ getLibraryOverviewStats (25.38725ms)
✔ scopes scan identities and groups while returning only requested IDs from a large catalog (81.810458ms)
▶ pending resource identity repository
  ✔ persists the minimum conflict snapshot while exposing only safe presentation fields (12.203916ms)
  ✔ upserts one conflict per library path and enforces revision when deleting (16.405209ms)
  ✔ rejects paths outside the root, equal identities, and malformed STRM snapshots (10.785625ms)
  ✔ removes missing conflicts only under roots proven accessible by a safe scan (14.324459ms)
✔ pending resource identity repository (54.443333ms)
✔ pages10k scan decisions in legacy order, scopes active libraries and exposes no resource snapshots (58.775542ms)
▶ pendingScanRepo media-library scope
  ✔ keeps same-code groups and resource lookups isolated between libraries (16.042459ms)
  ✔ allows the same normalized path in different libraries while deduplicating inside each library (9.923916ms)
  ✔ rejects a root or group that belongs to another library (8.93725ms)
  ✔ increments revision on upsert and rejects a stale resolution atomically (13.623792ms)
  ✔ can assign the same global video in two libraries without crossing resources (14.875834ms)
  ✔ reconciles only selected roots in the selected library and bumps surviving groups (13.811542ms)
  ✔ refreshes a changed STRM snapshot and forces the caller to review the new revision (15.238084ms)
  ✔ moves an already-pending path to the new same-library code without leaving an empty group (12.53825ms)
  ✔ rolls back resources, memberships, and videos if final group deletion fails (9.008834ms)
✔ pendingScanRepo media-library scope (115.024708ms)
✔ counts a large pending inbox without decoding its snapshots and follows deletions (166.57125ms)
✔ pages a 10k inbox without materializing snapshots, locates deep links and clamps deleted pages (133.300041ms)
▶ playlistRepo
  ✔ paginates and filters identically to the full playlist without losing zero-resource rows (45.0385ms)
  ✔ limits a large playlist before returning card details (201.052792ms)
  ✔ keeps metadata out of subsequent video-page queries (11.415334ms)
  ✔ creates playlists with required name and optional fields (10.8975ms)
  ✔ adds videos once per playlist and lists detail videos (10.088125ms)
  ✔ keeps playlist references visible across hidden, archived and missing memberships (12.306042ms)
  ✔ updates playlist metadata and custom cover (8.879167ms)
  ✔ reports video membership and removes videos (12.169208ms)
  ✔ allows one video in multiple playlists without duplicates in one playlist (7.933333ms)
  ✔ rejects blank playlist names (8.9145ms)
  ✔ stores related links on create and update (8.180542ms)
✔ playlistRepo (337.717792ms)
✔ opens a separate read-only WAL connection with matching SQL functions and no migration (16.934667ms)
✔ keeps a read snapshot while the writer commits and observes it on the next transaction (12.951542ms)
✔ rejects missing, old, newer and non-WAL catalogs without initializing or migrating them (3.110417ms)
✔ does not publish an unsuccessfully initialized writer and permits a subsequent valid initialization (13.954916ms)
▶ scoped video catalog repo
  ✔ keeps list resources and membership time inside one library (11.784833ms)
  ✔ loads detail from the injected database and projects only the active library resources (5.712ms)
  ✔ deduplicates global results and selects the newest eligible membership (7.270458ms)
  ✔ interprets the none resource filter within the selected scope (7.2785ms)
  ✔ treats an archived media-library scope as unavailable (5.499625ms)
  ✔ rejects invalid scope ids before building SQL (4.989375ms)
  ✔ keeps fixed actor and tag filters unique across shared and hidden memberships (9.274541ms)
  ✔ normalizes a single active library and serves no-count pages with identical ordering (11.991083ms)
  ✔ uses bounded indexed queries for a large scoped page (32.518167ms)
✔ scoped video catalog repo (97.431708ms)
▶ tagRepo.pruneUnusedTags
  ✔ deletes tags with no video links and keeps tags still used by a video (14.494541ms)
✔ tagRepo.pruneUnusedTags (15.052209ms)
▶ tagRepo selected labels
  ✔ looks up only selected IDs through the tag primary key and omits deleted IDs (15.777833ms)
  ✔ bounds display labels and JSON bytes without changing full stored names (12.880083ms)
  ✔ rejects invalid or oversized requests and does no SQL work for an empty selection (7.191625ms)
✔ tagRepo selected labels (36.17275ms)
▶ tagRepo manual candidates
  ✔ pages alphabetically without counts and retains hidden/manual-only associations (24.24325ms)
  ✔ preserves Unicode/literal substring matching and searches beyond display truncation (7.878458ms)
  ✔ uses tag-key existence checks under skewed statistics and validates its work limits (17.160083ms)
✔ tagRepo manual candidates (49.481542ms)
▶ tagRepo active catalog projection
  ✔ matches manual association and visibility semantics before and after statistics maintenance (37.608542ms)
  ✔ deduplicates shared memberships and preserves manual origin and zero-count tags (9.506667ms)
  ✔ counts only videos that can be opened through the active visible catalog (10.046583ms)
✔ tagRepo active catalog projection (57.263125ms)
▶ tagRepo filter candidates
  ✔ paginates names before counts and matches global visibility counts with shared and archived members (11.298417ms)
  ✔ keeps Unicode literal search, bounded labels and page-only count parameters (41.674ms)
✔ tagRepo filter candidates (53.059708ms)
▶ video lifecycle repo
  ✔ removes only one library membership and replays the same operation idempotently (13.355625ms)
  ✔ moves one external resource and keeps each library primary isolated (4.833167ms)
  ✔ promotes an available source fallback by kind and add time without crossing ownership scope (15.289333ms)
  ✔ rejects moving a local or STRM-managed source without transferring its root (6.282458ms)
  ✔ treats archived source libraries as read-only (7.141334ms)
  ✔ rejects a stale preview and globally deletes only after a fresh explicit preview (4.619166ms)
  ✔ invalidates a global-delete preview when any displayed relationship changes (3.481417ms)
✔ video lifecycle repo (56.2415ms)
▶ videoRepo.scrapeStatus
  ✔ does not downgrade an already scraped video when a later scrape fails (14.254ms)
  ✔ can manually mark an unscraped or failed video as scraped (10.161834ms)
✔ videoRepo.scrapeStatus (25.60525ms)
▶ videoRepo.listVideos
  ✔ rejects attempts to restore classification text storage through generic updates (10.791958ms)
  ✔ sorts and paginates videos (11.262917ms)
  ✔ sorts facet videos by release date desc with missing dates last (10.215875ms)
  ✔ filters by status, year and facet fields (8.130458ms)
  ✔ applies multi-tag AND filters (9.062ms)
  ✔ filters resource kinds with OR semantics and treats no-resource as zero rows (9.697958ms)
  ✔ projects resource count and primary-first deduplicated resource kinds (8.188583ms)
  ✔ searches videos by actress alias (9.478875ms)
  ✔ preserves SQL LIKE pattern matching in the video search actress branch (9.302791ms)
  ✔ excludes migrated pending actress names from video search (9.964375ms)
✔ videoRepo.listVideos (96.4825ms)
▶ videoRepo.getVideoDetail
  ✔ lists female cast before male cast (8.237666ms)
  ✔ includes external rating stats (9.942375ms)
✔ videoRepo.getVideoDetail (18.251583ms)
▶ videoRepo.setPrimaryVideoResource
  ✔ automatically marks the first resource as primary (8.62425ms)
  ✔ keeps the current primary when a requested primary insert is a duplicate (9.191042ms)
  ✔ marks one resource as primary and clears the previous primary (11.346375ms)
✔ videoRepo.setPrimaryVideoResource (29.266625ms)
▶ videoRepo.posterPath
  ✔ clears the poster when the referenced sample is deleted (7.903625ms)
✔ videoRepo.posterPath (7.947292ms)
▶ videoRepo.listVideosForBatchScrape
  ✔ filters by scrape status (9.335916ms)
  ✔ can constrain batch targets to explicit selected video ids (7.874542ms)
  ✔ filters missing fields by stored path or link, not file health (10.461459ms)
✔ videoRepo.listVideosForBatchScrape (27.7705ms)
▶ videoRepo tags by origin
  ✔ orders scraped tags before manual tags in detail (8.730375ms)
  ✔ editVideoRecord only replaces scraped tags (10.459833ms)
  ✔ editVideoRecord drops unused scraped tags while keeping tags still used elsewhere (9.365792ms)
  ✔ clearVideoMetadataRecord deletes unused scraped tags and keeps manual tags (8.28925ms)
  ✔ editVideoRecord replaces female and male cast separately (11.812584ms)
  ✔ removeManualVideoTag only removes manual tags (9.299208ms)
  ✔ removeManualVideoTag keeps tag when scraped associations remain (7.911ms)
  ✔ promotes scraped tag to manual when adding the same name (8.196541ms)
✔ videoRepo tags by origin (74.2565ms)
▶ classification IPC contract
  ✔ registers every command and forwards typed arguments to the public services (1.488042ms)
✔ classification IPC contract (1.838875ms)
▶ IPC path guards
  ✔ rejects a rename that contains a path component (0.947ms)
  ✔ authorizes only files under the selected active root (3.116458ms)
  ✔ rejects a path when the persisted root has been replaced (1.5555ms)
  ✔ rejects a file that escapes a configured root through a symbolic link (0.845042ms)
✔ IPC path guards (7.342875ms)
▶ IPC sender security
  ✔ accepts the configured main window and main frame (0.575083ms)
  ✔ rejects another webContents, a child frame, and an untrusted URL (0.294042ms)
  ✔ matches dev origins but requires the exact production file (0.081084ms)
✔ IPC sender security (1.340375ms)
▶ media-library IPC schemas
  ✔ accepts the complete default config sent by the create wizard, including local NFO import (1.889542ms)
  ✔ accepts boolean local NFO settings on update and rejects malformed values on both paths (1.090625ms)
  ✔ accepts exact management commands and rejects loose object shapes (3.456333ms)
  ✔ rejects invalid ids and revisions on every optimistic command shape (0.437666ms)
  ✔ strictly validates home discovery and global-search inputs (0.5435ms)
✔ media-library IPC schemas (7.934875ms)
▶ media-library IPC handlers
  ✔ registers the complete contract and forwards validated arguments (0.48475ms)
  ✔ rejects malformed calls before a dependency is invoked (0.296209ms)
  ✔ preserves root continuity domain errors across validated IPC handlers (0.120417ms)
✔ media-library IPC handlers (0.979458ms)
▶ NFO export IPC schemas
  ✔ accepts the complete closed plan request and rejects missing or extra state (1.15625ms)
✔ NFO export IPC schemas (1.469584ms)
▶ playlist import renderer lifecycle
  ✔ binds every recreated renderer once and cancels only on full navigation or loss (0.864167ms)
  ✔ cancels a non-terminal foreground import when its renderer disconnects (0.665667ms)
  ✔ leaves terminal imports untouched (0.344084ms)
✔ playlist import renderer lifecycle (2.821083ms)
▶ scan latest IPC handler
  ✔ validates libraryId and forwards the scoped latest snapshot (2.981125ms)
✔ scan latest IPC handler (3.738208ms)
✔ bounds the combined audit presence request and validates its library (1.785667ms)
✔ bounds scan pages and validates scoped detail and anchor inputs (1.002917ms)
▶ scrape IPC schemas
  ✔ strictly validates media-library-scoped video batch scrape commands (1.746667ms)
  ✔ validates the optional media-library scope on single-video scrape commands (0.16125ms)
✔ scrape IPC schemas (2.396375ms)
✔ bounds pending scrape pages and details at the IPC boundary (0.713209ms)
✔ bounds audit pending presence lookups (0.719584ms)
✔ validates token and safe nonnegative avatar snapshot cursor (0.15175ms)
✔ validates manual tag candidate bounds and existing-tag identities (1.855834ms)
✔ bounds selected tag label IPC requests before repository access (0.3975ms)
▶ typed IPC adapter
  ✔ does not expose the legacy unreviewed video deletion command (0.139125ms)
  ✔ forwards command arguments and returns the application result (0.180458ms)
  ✔ rejects malformed arguments before invoking the application handler (0.26225ms)
  ✔ accepts link-resource updates without an import-only target (0.308916ms)
  ✔ only accepts metadata retention when removing a last video resource (0.093666ms)
  ✔ accepts one exact plugin approval decision and rejects malformed decisions (0.23125ms)
  ✔ accepts only explicit plugin continuation kinds (0.088125ms)
  ✔ accepts only typed plugin user responses with request-bound actions (0.575792ms)
  ✔ accepts plugin history clearing only without renderer-supplied run ids (0.083292ms)
  ✔ accepts unrecoverable plugin-session discard only without renderer-supplied run ids (0.038417ms)
  ✔ keeps legacy model limits out of the generic settings mutation contract (0.276542ms)
  ✔ validates playlist import start and identity controls at the IPC boundary (0.439667ms)
  ✔ requires the path-removal impact revision at the settings boundary (0.099625ms)
  ✔ accepts only the structured model-management command vocabulary (0.408292ms)
  ✔ serializes successful results and thrown errors (0.601416ms)
  ✔ sends the contracted event payload unchanged (0.052083ms)
✔ typed IPC adapter (4.188542ms)
✔ bounds actress conflict summary pages and keeps detail identities exact (0.175708ms)
✔ validates bounded actress picker requests (0.190875ms)
✔ validates narrow actress identity IDs (0.256875ms)
✔ validates merge candidate paging and keep identity (0.149375ms)
✔ accepts only zero arguments for avatar crop count (0.025375ms)
✔ accepts only zero arguments for avatar crop target enumeration (0.021292ms)
✔ validates plugin actress test picker bounds and identities (0.119083ms)
✔ validates actress works page bounds and rejects unexpected filter fields (0.161792ms)
✔ validates metadata IDs and the optional cover-only actor works filter (0.066ms)
✔ validates bounded actress gallery pages (0.201291ms)
✔ validates a profile header identity without optional wide-data flags (0.137917ms)
✔ validates the optional local photo source filter (0.074208ms)
▶ video query IPC schemas
  ✔ accepts and normalizes a complete list query at every VideoQuery boundary (2.629125ms)
  ✔ rejects malformed fields consistently for lists and global search (3.013917ms)
  ✔ strictly validates catalog scopes and video detail identifiers (0.527041ms)
✔ video query IPC schemas (6.756375ms)
▶ main window asset paths
  ✔ resolves preload and renderer from the app root when appMain is emitted as a chunk (0.818584ms)
✔ main window asset paths (1.595458ms)
▶ LocalNfoSourceAdapter
  ✔ reads its own exported samples with a separate background (portable-v1) (7.980875ms)
  ✔ reads its own exported samples with a separate background (jellyfin-current) (4.875167ms)
  ✔ reads its own exported samples with a separate background (emby-kodi-conservative) (6.372917ms)
  ✔ reads its own exported samples with a separate background (plex-nfo-1.43.1+) (3.094875ms)
  ✔ reads its own exported samples with a separate background (infuse-current) (1.67025ms)
  ✔ keeps explicit and discovered samples scoped to their video in a shared directory (5.664542ms)
  ✔ collects one candidate per physical NFO with local asset capabilities and no paths (7.201458ms)
  ✔ uses explicit gender, then existing actor gender, then dialect default (2.244459ms)
  ✔ keeps actress avatar positions aligned after gender field projection (2.494666ms)
  ✔ reads legacy and Kodi actor filenames and follows explicit references for repeated spaces (4.991792ms)
  ✔ treats no sidecar as a quiet no-match and excludes mismatched NFO identity (0.767583ms)
✔ LocalNfoSourceAdapter (48.528167ms)
▶ videoMetadataCandidateStager
  ✔ stages remote and managed-root assets without persisting host paths (12.749792ms)
✔ videoMetadataCandidateStager (13.471084ms)
▶ WebScraperSourceAdapter
  ✔ passes the stored code to legacy plugins unchanged while comparing normalized identities (1.673833ms)
  ✔ collects exact candidates with declared remote assets and source evidence (2.225958ms)
✔ WebScraperSourceAdapter (4.579125ms)
▶ VideoMetadataSourceRegistry
  ✔ resolves stable source ids while preserving legacy plugin-name lookup (0.22575ms)
✔ VideoMetadataSourceRegistry (0.326125ms)
✔ exports oriented/cropped artwork with the shipped Electron codec and encrypted asset store (441.843667ms)
▶ NfoExportModule
  ✔ inspects each plan anchor once and reuses the returned canonical directory (5.418834ms)
  ﹣ accepts alternate Windows path spellings for the same physical export directory (0.0835ms) # Windows path aliases are case-insensitive
  ✔ reads selected images linearly and isolates assets that fail or change after planning (402.596959ms)
  ✔ shares identical actor avatars across videos and removes references to conflicting content (46.106709ms)
  ✔ plans without writing and applies an exact-stem NFO plus portable cover (19.265792ms)
  ✔ keeps the default skip policy and rejects a changed target under replace (17.962583ms)
  ✔ marks every planned file stale when source metadata changes (2.269708ms)
  ✔ exports a local STRM source anchor and counts resources without anchors separately (1.5535ms)
  ✔ terminates only between files and leaves completed atomic writes intact (10.698792ms)
  ✔ isolates an image conversion failure from the NFO write (10.6865ms)
  ✔ reports an atomic write failure per item and continues later files (2.703958ms)
  ✔ exports samples as separate attachments and reads them back without background images (49.926042ms)
  ✔ marks colliding sanitized actor avatar targets and omits ambiguous NFO references (18.404084ms)
  ✔ treats case, Unicode and space-to-underscore actor targets as collisions (2.711583ms)
  ✔ makes Windows device actor names portable before planning their target (1.898375ms)
  ✔ keeps unreadable selected images as unavailable plan items without blocking NFO (8.828791ms)
  ✔ warns about requested missing artwork, avatars, and populated fields omitted by a profile (0.870167ms)
  ✔ uses the video stem itself for Infuse cover output and local reference (15.506042ms)
  ✔ plans each physical resource, deduplicates identical targets, and warns only on same-directory identity collisions (2.345292ms)
  ✔ reports real read-only directory failures without leaving temporary files (2.212833ms)
  ✔ rejects a sample-directory symlink introduced after planning (17.809875ms)
  ✔ does not fingerprint a nested export target through a pre-existing symlink (1.150209ms)
  ✔ revalidates a skip target parent before following a newly introduced symlink (19.552ms)
  ✔ creates consumer-readable sidecars and preserves an existing target mode on replace (17.350458ms)
✔ NfoExportModule (679.53025ms)
▶ NFO export profiles
  ✔ renders all public profiles as valid movie XML without database identities (9.641291ms)
  ✔ applies profile-specific conservative fields and keeps background separate from samples (0.294375ms)
  ✔ canonicalizes and deduplicates Plex rating source aliases (2.121625ms)
  ✔ reports populated fields that the selected profile cannot represent (0.452708ms)
✔ NFO export profiles (13.019875ms)
▶ SqliteNfoExportRepository
  ✔ projects exportable metadata while excluding personal rating and watch state (17.176042ms)
✔ SqliteNfoExportRepository (17.712459ms)
▶ NFO export renderer diagnostics
  ✔ redacts POSIX and Windows absolute paths while preserving the reason (1.38425ms)
✔ NFO export renderer diagnostics (2.217417ms)
▶ NfoExportTaskController
  ✔ keeps planning leases until an asynchronous plan settles, including disposal and failures (2.136792ms)
  ✔ holds both leases from plan through apply and releases them at terminal state (3.784375ms)
  ✔ releases leases when a plan is discarded or planning fails (0.41475ms)
  ✔ requests termination and waits for apply before process disposal releases leases (0.580875ms)
  ✔ does not acquire an asset lease when another maintenance task owns the gate (0.1235ms)
✔ NfoExportTaskController (7.905542ms)
▶ NFO export main-window guard
  ✔ binds recreated windows and disposes a foreground task when their renderer is lost (0.895584ms)
  ✔ prevents navigation while a plan or task owns the foreground (0.229041ms)
  ✔ keeps the window open during a running export but allows the coordinated quit path (0.182583ms)
  ✔ releases a held preview plan and allows navigation instead of treating it as a running task (0.128708ms)
✔ NFO export main-window guard (2.298334ms)
▶ NFO artifact codec
  ✔ accepts the four synthetic third-party dialect fixtures (4.264959ms)
  ✔ round-trips five canonical Javdex fixtures with stable UTF-8 and LF output (3.936334ms)
  ✔ normalizes the MDC dialect and prefers structured ratings over its scalar duplicate (0.276416ms)
  ✔ normalizes MDCx, Javinizer, and JavSP field variants (0.276917ms)
  ✔ reports unknown legal tags and remote artwork without retaining remote URLs as assets (0.168042ms)
  ✔ rejects DTD, entities, oversized input, excessive depth, node count, and field size (13.538583ms)
✔ NFO artifact codec (23.073459ms)
▶ NFO sidecar locator
  ✔ prefers exact stem and reports a differing movie.nfo without exposing either path (6.180459ms)
  ✔ uses movie.nfo only for one anchor or one logical code and rejects mixed directories (7.486709ms)
  ✔ deduplicates physical sidecars and rejects symlink escapes at issue and read time (11.23925ms)
✔ NFO sidecar locator (25.70975ms)
▶ parseCode
  ✔ parses standard codes (1.215ms)
  ✔ parses 規格品番 ADV-R and ADV-SR (0.087583ms)
  ✔ does not mis-parse ADV-R0484 as R0-484 (0.062708ms)
  ✔ parses FC2 and Heyzo (0.047875ms)
  ✔ parses DMM h_ prefix (0.038291ms)
  ✔ parses date-based uncensored ids (0.032709ms)
  ✔ extracts code after @ in filename (0.0295ms)
  ✔ returns null for noise-only names (0.044333ms)
  ✔ rejects no-hyphen and short-prefix patterns (0.074375ms)
✔ parseCode (2.17775ms)
▶ libraryScanAuditStore
  ✔ atomically replaces and restores the complete latest audit (5.284583ms)
  ✔ fails closed for malformed audit documents (0.638708ms)
  ✔ reads schema 2 NFO dispositions while retaining schema 1 compatibility (7.394ms)
✔ libraryScanAuditStore (13.992583ms)
▶ ScanCoordinator
  ✔ coalesces display progress while preserving per-file callbacks and the final event (15.928833ms)
  ✔ flushes pending progress before a failure without delaying the failure event (0.642834ms)
  ✔ binds an offline-created root identity and refreshes the frozen snapshot before scanning (1.571167ms)
  ✔ persists matching complete audit details with the latest summary (0.783167ms)
  ✔ publishes scan lifecycle events for every trigger (0.519708ms)
  ✔ uses one frozen configuration snapshot for the complete run (0.35ms)
  ✔ reconciles resource identity pending rows only under roots proven safe after traversal (0.21875ms)
  ✔ preserves offline roots and removes only missing local resources under accessible roots (0.49475ms)
  ✔ aborts cleanup when a local path cannot be audited (1.12625ms)
  ✔ treats a root that becomes unreadable after traversal as offline (0.4525ms)
  ✔ rechecks the frozen root identity immediately before cleanup writes (0.34275ms)
  ✔ does not run cleanup after cancellation and releases the mutual-exclusion lease (0.428291ms)
  ✔ keeps resources after a coordinator-level failure (0.339875ms)
  ✔ skips every destructive cleanup after a file processing failure (0.142542ms)
  ✔ replaces the unrecognized-file snapshot after every safe completed scan (0.13975ms)
  ✔ completes safe cleanup with errors when failures are isolated to STRM files (0.142292ms)
  ✔ consumes deferred path cleanup only after a successful uncancelled scan (0.0995ms)
  ✔ keeps deferred path cleanup queued after a partial folder scan (0.088708ms)
  ✔ allows a full cleanup-only scan after the final configured folder was removed (0.057625ms)
  ✔ preserves all three cleanup audit sequences above the argument limit (361.590917ms)
  ✔ removes resource-less memberships after deferred cleanup on a safe full scan (0.252666ms)
  ✔ persists a sanitized failed summary without running destructive cleanup (0.326042ms)
  ✔ rolls back resource cleanup and keeps pending roots when auto-delete fails (0.663959ms)
  ✔ keeps pending roots when the cleanup transaction cannot commit (0.555958ms)
  ✔ rejects duplicate scans and scans blocked by resource maintenance (15.239125ms)
✔ ScanCoordinator (404.081084ms)
▶ scanFolders
  ✔ rejects an archived library atomically when manual import resumes after probing (14.934625ms)
  ✔ rejects manual import when the root is physically replaced while duration probing is suspended (10.501709ms)
Scan error for /var/folders/h4/zxrt6zwx6dv1n16kwxzltqgh0000gn/T/javdex-scan-rmJa1A/scan-replaced-root/RACE-003.mp4 Error: 只能操作身份有效的启用媒体库根目录内文件
    at rejectManagedRootFile (/Users/nut/Project/JavdexLabs/Javdex/src/main/services/mediaLibraryRootFileGuard.ts:32:9)
    at requireCurrentRootIdentity (/Users/nut/Project/JavdexLabs/Javdex/src/main/services/mediaLibraryRootFileGuard.ts:86:5)
    at assertRootFile (/Users/nut/Project/JavdexLabs/Javdex/src/main/services/mediaLibraryRootFileGuard.ts:98:27)
    at assertMediaLibraryRootFile (/Users/nut/Project/JavdexLabs/Javdex/src/main/services/mediaLibraryRootFileGuard.ts:170:3)
    at authorizeMediaLibraryRootFile (/Users/nut/Project/JavdexLabs/Javdex/src/main/services/mediaLibraryRootFileGuard.ts:230:3)
    at authorizeFileWrite (/Users/nut/Project/JavdexLabs/Javdex/src/main/scanner/scanner.ts:656:7)
    at scanFolders (/Users/nut/Project/JavdexLabs/Javdex/src/main/scanner/scanner.ts:1142:7)
    at async TestContext.<anonymous> (/Users/nut/Project/JavdexLabs/Javdex/src/main/scanner/scanner.test.ts:447:20)
    at async Test.run (node:internal/test_runner/test:1332:7)
    at async Suite.processPendingSubtests (node:internal/test_runner/test:911:7)
  ✔ keeps scan state unchanged when a frozen root is physically replaced during probing (18.13325ms)
Scan error for /var/folders/h4/zxrt6zwx6dv1n16kwxzltqgh0000gn/T/javdex-scan-mPTQIy/rename-import-replaced-root/RACE-004.mp4 Error: 只能操作身份有效的启用媒体库根目录内文件
    at rejectManagedRootFile (/Users/nut/Project/JavdexLabs/Javdex/src/main/services/mediaLibraryRootFileGuard.ts:32:9)
    at requireCurrentRootIdentity (/Users/nut/Project/JavdexLabs/Javdex/src/main/services/mediaLibraryRootFileGuard.ts:86:5)
    at assertRootFile (/Users/nut/Project/JavdexLabs/Javdex/src/main/services/mediaLibraryRootFileGuard.ts:98:27)
    at assertMediaLibraryRootFile (/Users/nut/Project/JavdexLabs/Javdex/src/main/services/mediaLibraryRootFileGuard.ts:170:3)
    at authorizeMediaLibraryRootFile (/Users/nut/Project/JavdexLabs/Javdex/src/main/services/mediaLibraryRootFileGuard.ts:230:3)
    at authorizeFileWrite (/Users/nut/Project/JavdexLabs/Javdex/src/main/scanner/scanner.ts:656:7)
    at scanFolders (/Users/nut/Project/JavdexLabs/Javdex/src/main/scanner/scanner.ts:1074:9)
    at async renameAndImport (/Users/nut/Project/JavdexLabs/Javdex/src/main/scanner/scanner.ts:1444:20)
    at async TestContext.<anonymous> (/Users/nut/Project/JavdexLabs/Javdex/src/main/scanner/scanner.test.ts:536:19)
    at async Test.run (node:internal/test_runner/test:1332:7)
  ✔ does not commit or rename a replacement-root file when rename-import resumes after probing (15.488417ms)
  ✔ rejects a disabled target root at the resource transaction boundary (7.455708ms)
  ✔ reuses archived local and STRM source paths without crossing library ownership (16.173916ms)
  ✔ imports mixed local and STRM resources into one video and keeps the local file primary (14.8185ms)
  ✔ chooses the scan primary independently of directory entry order (10.906125ms)
  ✔ reselects the primary when scanning into an existing resource-less video (12.723584ms)
  ✔ keeps mixed local and STRM resources in one masked pending group (12.045959ms)
  ✔ rejects a stale pending STRM assignment, refreshes its snapshot, then accepts it (9.713459ms)
  ✔ removes an invalidated STRM snapshot from the pending group on a later scan (10.826417ms)
  ✔ syncs a changed STRM target in place while preserving primary and user-maintained fields (11.204292ms)
  ✔ isolates invalid STRM files and retries them without replacing a bound target (18.276709ms)
  ✔ relocates STRM only when the complete filename and target identify one missing source (16.152ms)
  ✔ loads STRM candidates once per scan across imports, moves and pending writes (279.054958ms)
  ✔ relocates a bound STRM after its video code has been corrected (16.293875ms)
  ✔ holds new resources for confirmation when several videos already use the code (9.558167ms)
  ✔ keeps an already-pending path out of relocation and refreshes its pending snapshot (10.964792ms)
  ✔ holds a same-scan multi-file code together when automatic assignment is disabled (10.387125ms)
  ✔ does not let an invalid STRM force a valid same-code video into confirmation (10.538958ms)
  ✔ persists a pending scan group across database reopen and assigns it atomically (14.262125ms)
  ✔ rolls back every scan assignment when final pending-group deletion fails (13.673667ms)
  ✔ imports one unambiguous file normally when automatic assignment is disabled (10.7525ms)
  ✔ holds a new resource that matches one existing video when automatic assignment is disabled (8.052541ms)
  ✔ promotes the available resource when assigning into an existing video without a primary (11.109959ms)
  ✔ normalizes a manual code and attaches to an existing case-insensitive identity (104.139958ms)
  ✔ aborts when a nested directory cannot be audited (7.522292ms)
  ✔ imports a symbolic-link video by its link path and file name (9.986541ms)
  ✔ does not follow symbolic-link directories (7.368791ms)
  ✔ silently skips a broken symbolic-link video (6.748625ms)
  ✔ leaves missing-resource cleanup to the high-level scan coordinator (10.29675ms)
  ✔ keeps distinct symbolic-link paths that point to the same target (12.439417ms)
  ✔ keeps a resource under an unavailable root when the same code appears online (11.870375ms)
  ✔ relocates one same-code video by a unique file-size match without requiring the old name (10.568208ms)
  ✔ uses full file name and size to relocate safely when several videos share a code (9.186959ms)
  ✔ does not relocate when full file name and size match more than one duplicate-code video (8.776042ms)
  ✔ treats a new file normally when an old same-code path cannot be audited (10.373125ms)
  ✔ keeps an unrecognized rename and only rediscovers the renamed file (16.809166ms)
  ✔ uses the scan same-code pending flow when automatic merging is disabled (17.395708ms)
  ✔ renames and discovers the code without a manual code or target (12.093791ms)
  ✔ renames and imports an unrecognized STRM as a source-managed link (10.421459ms)
  ✔ imports recognized videos and reports unrecognized files (12.126375ms)
  ✔ reuses scanned directory entries when checking a directory without NFO files (53.854667ms)
  ✔ refreshes a changed local identity snapshot on rescan before user confirmation (23.970666ms)
  ✔ refreshes a changed strm identity snapshot on rescan before user confirmation (13.141333ms)
  ✔ uses NFO identity only for newly discovered resources when automatic import is enabled (18.606917ms)
  ✔ handles cancellation during the only or first NFO application and preserves committed file audits (27.201042ms)
  ✔ aggregates first-discovery NFO candidates once per video after all resources are assigned (14.144667ms)
  ✔ does not count an existing pending resource identity as a new same-code file (11.556875ms)
  ✔ keeps distinct local NFO candidates in the existing confirmation workflow (17.903ms)
  ✔ persists a filename/NFO identity conflict without creating formal library records (14.746416ms)
  ✔ persists only a masked STRM target projection for an NFO identity conflict (9.499375ms)
  ✔ keeps a valid filename import when its NFO is invalid and records only a secondary warning (11.286833ms)
  ✔ uses NFO identity across libraries but never overwrites a globally scraped-success video (11.300375ms)
  ✔ applies local NFO with fill-empty semantics for new and failed videos (15.052084ms)
  ✔ reattaches a scanned file to an existing no-resource video without replacing metadata (9.590333ms)
  ✔ yields while scanning large batches (99.587792ms)
  ✔ collects a very large root without overflowing call arguments before cancellation (1625.86925ms)
  ✔ stops when cancelled (90.635ms)
  ✔ skips new imports shorter than 30 minutes (7.91875ms)
  ✔ skips short files before unrecognized handling (13.634625ms)
  ✔ stores probed duration on import (10.43025ms)
  ✔ refreshes duration when the file changes on rescan (27.086125ms)
  ✔ skips duration probe on rescan when file is unchanged (13.149541ms)
  ✔ emits one final audit outcome for every processed file (15.891125ms)
✔ scanFolders (3031.021125ms)
▶ STRM parser
  ✔ matches the STRM extension without case sensitivity (0.341042ms)
  ✔ accepts one HTTP target after BOM, blank lines, comments, and Kodi properties (0.786625ms)
  ✔ normalizes supported HTTP, Magnet, and ED2K targets through the resource contract (0.243125ms)
  ✔ rejects empty, multiple-target, invalid UTF-8, and unsupported-protocol content (0.280042ms)
  ✔ accepts exactly 1 MiB and rejects larger input without truncation (0.575625ms)
✔ STRM parser (2.638834ms)
✔ matches unique missing sources and retains filename, target, root and uncertainty rules (0.852542ms)
✔ incrementally tracks same-scan insertions and target/path changes, but invalidates unknown writes (0.194792ms)
✔ does not acknowledge unrelated writes or a failed mutation as a complete cache update (0.332541ms)
✔ retains the cache for known pending writes but cannot hide an intervening external write (0.107792ms)
✔ examines one matching candidate per lookup in a 10000-resource relocation (64.813542ms)
✔ examines one matching candidate per lookup in a 20000-resource relocation (126.428334ms)
✔ examines one matching candidate per lookup in a 300382-resource relocation (1895.554584ms)
✔ examines one matching candidate per lookup in a 600764-resource relocation (3944.279917ms)
✔ indexes target keys as well as filenames when many directories use the same filename (89.20325ms)
▶ videoDuration
  ✔ resolves configured minutes to seconds (0.464667ms)
  ✔ treats unknown duration as not below minimum (0.048833ms)
  ✔ flags durations shorter than threshold (0.037958ms)
  ✔ prefers scraped duration over primary resource duration (0.051166ms)
  ✔ uses primary resource duration when scraped duration is missing (0.038042ms)
  ✔ returns null when both durations are missing (0.033417ms)
  ✔ only refreshes stored local resource duration when probe value changed (0.050125ms)
  ✔ only probes when duration is missing or file fingerprint changed (0.0675ms)
✔ videoDuration (1.236209ms)
▶ actressScraperManager
  ✔ returns a pending outcome without partially applying a conflicting profile (108.139291ms)
  ✔ clears the selected avatar in replace mode when the matched source has no avatar (82.454625ms)
  ✔ promotes an unscraped actress to scrape success when a profile field is applied (111.967959ms)
  ✔ records a failed scrape without a success time when no profile matches (93.618583ms)
  ✔ records a failed scrape without a success time when the source throws (87.858583ms)
  ✔ records failure in replace-if-present mode when a matched profile has no selected value (91.893084ms)
  ✔ promotes a previously failed actress when a later scrape applies valid data (110.587375ms)
  ✔ skips fill-empty scraping without changing cumulative status when no selected field is missing (58.060583ms)
  ✔ skips fillEmpty when a matched profile has no new values for remaining empty fields (80.239583ms)
  ✔ still fails fillEmpty when a matched profile has no usable field values (101.137459ms)
  ✔ keeps cumulative success and its timestamp when a later scrape fails (95.426416ms)
  ✔ lets Gfriends try stored aliases after the main name without enabling global alias search (44.92125ms)
  ✔ applies successful field sources when another source fails (177.251125ms)
  ✔ preserves a field in replace mode when its composite source fails (163.92575ms)
  ✔ clears a field in replace mode when its composite source matched with no value (188.55425ms)
  ✔ records failure when every configured composite source fails (157.151458ms)
  ✔ warns when a composite avatar source cannot download its result (168.247625ms)
  ✔ preserves the existing gallery when every returned image is unusable (91.826666ms)
✔ actressScraperManager (2014.445208ms)
▶ bundled video candidate plugins
  ✔ normalizes year-month values through the documented sandbox helper (59.643834ms)
  ✔ JavDB fetches every first-page exact match and never falls back to a fuzzy item (47.157583ms)
  ✔ JavDB fails the complete scrape when any exact-match detail fails (39.337167ms)
  ✔ JavLibrary returns all exact cards and ignores title containment or first-item fallback (46.172916ms)
✔ bundled video candidate plugins (193.061542ms)
▶ isCloudflareChallengeText
  ✔ trusts the official cf-mitigated challenge response header signal (0.940667ms)
  ✔ detects classic JS challenge interstitial markers (0.144875ms)
  ✔ ignores passive challenge-platform scripts on normal JavDB detail pages (0.56ms)
  ✔ detects managed challenge markers (0.043542ms)
  ✔ detects body copy only with Cloudflare co-signals (0.071ms)
  ✔ detects turnstile-only shells but not embedded widgets on content pages (0.038583ms)
  ✔ does not treat normal pages, helper copy, or vague phrases as Cloudflare (0.13675ms)
✔ isCloudflareChallengeText (2.407625ms)
▶ buildPluginRegistry
  ✔ lets user scrapers override bundled names (0.384625ms)
✔ buildPluginRegistry (0.704375ms)
▶ runCompositeFieldGroups
  ✔ groups fields, picks, and merges across plugins (0.683541ms)
  ✔ aborts on the first plugin error when policy is abort (0.21325ms)
  ✔ collects per-plugin warnings and continues when policy is collect (0.083333ms)
  ✔ throws when every grouped source fails under collect policy (0.077375ms)
  ✔ returns a null result when every plugin yields no match (0.055875ms)
✔ runCompositeFieldGroups (1.215584ms)
▶ configuredScraperService
  ✔ normalizes legacy settings without a service config and drops an unusable MetaTube default (14.229291ms)
  ✔ normalizes origins and path prefixes while rejecting unsafe base URLs (0.756375ms)
  ✔ stores only public configuration in settings and requires acknowledgement for remote HTTP tokens (1.941708ms)
  ✔ blocks clearing while MetaTube is referenced and clears address plus token otherwise (3.083334ms)
  ✔ keeps bearer credentials on the configured origin and preserves a base path (1.250834ms)
  ✔ snapshots the address, proxy choice, and token for an in-flight scrape (1.026958ms)
  ✔ rejects cross-origin redirects before sending credentials to the target (0.495875ms)
  ✔ rejects HTTPS downgrade redirects (0.413083ms)
  ✔ classifies authentication, rate-limit, server, malformed, and oversized responses (2.1775ms)
  ✔ tests draft configuration without persisting its token (1.705958ms)
✔ configuredScraperService (27.858791ms)
▶ Gfriends bundled actress plugin
  ✔ prefers the main name and selects its last quality-ordered avatar candidate (57.229625ms)
  ✔ uses the first exact alias only when the main name has no candidate (49.955833ms)
  ✔ does not return a fuzzy name match (36.0365ms)
  ✔ uses the current jsDelivr namespace when the primary index is unavailable (35.873625ms)
  ✔ reserves Gfriends as a built-in actress plugin name (0.299959ms)
✔ Gfriends bundled actress plugin (180.106125ms)
▶ MetaTube bundled video plugin
  ✔ keeps exact providers in search order and maps the documented fields (80.379333ms)
  ✔ returns no candidates for search 404 or fuzzy-only search results (71.664292ms)
  ✔ rejects a detail whose exact code differs from its search item (45.039792ms)
  ✔ rejects too many exact providers before requesting details (40.366542ms)
  ✔ fails the entire scrape if one exact detail request fails (46.057667ms)
[scraper:MetaTube] MetaTube 样张超过 40 张，已截断
  ✔ caps public sample proxy URLs at forty without putting credentials in them (51.637833ms)
  ✔ rejects incompatible known fields and caps detail concurrency at four (98.082334ms)
✔ MetaTube bundled video plugin (434.445334ms)
▶ MetaTube service integration
  ✔ runs connection checks and the bundled worker against a local fake HTTP service (91.269458ms)
✔ MetaTube service integration (91.908916ms)
▶ action network capture
  ✔ keeps http(s) query strings and strips credentials (0.922667ms)
  ✔ redacts credential-bearing query values before exposing recent requests (0.189875ms)
  ✔ omits sensitive post bodies (0.121542ms)
  ✔ records only an active action window and does not label search (0.648208ms)
  ✔ keeps the newest requests when the action window overflows (0.15825ms)
✔ action network capture (2.765625ms)
▶ browser evaluate policy
  ✔ allows forbidden API names inside diagnostic strings, comments and regular expressions (4.500791ms)
  ✔ still rejects executable references and computed access to forbidden APIs (0.886541ms)
  ✔ rejects credential, storage and sensitive form access (0.988792ms)
  ✔ rejects live-page mutation and computed property access (0.79175ms)
  ✔ rejects destructuring aliases that recover live-realm capabilities (0.651125ms)
  ✔ names the forbidden API and points markup reads to html (1.000583ms)
  ✔ uses one normalized evaluator and drains timeout cleanup before rejecting (3.501458ms)
✔ browser evaluate policy (12.978ms)
▶ ScrapeBrowserHost leases
  ✔ reuses the same owner and rejects a competing owner immediately (0.913042ms)
  ✔ freezes proxy and stops the helper as soon as a scrape lease is released (0.935084ms)
  ✔ closes the active helper session with the main window and remains reusable (0.230667ms)
  ✔ presents the helper through the lease without exposing it as a plugin browser action (0.174125ms)
  ✔ invalidates all lease actions when its operation signal is cancelled (0.121917ms)
  ✔ terminates the helper when an in-flight Playwright action is cancelled (0.714208ms)
  ✔ terminates the helper before reporting an evaluate timeout (502.514542ms)
  ✔ keeps oversized ARIA complete for the artifact layer (1.223958ms)
  ✔ sends cancel, ignores a late response and kills a non-cooperative helper after 500ms (1044.000875ms)
  ✔ keeps one click successful while transient post-action observation recovers (0.991375ms)
  ✔ blocks a disallowed main-frame navigation before an agent action sends it (0.268584ms)
  ✔ returns bounded scroll metrics and invalidates refs without changing the document revision (0.304792ms)
  ✔ extracts a host-owned load-more availability signal with the candidate snapshot (0.194208ms)
  ✔ returns the host-owned terminal proof result with the candidate snapshot (0.06325ms)
  ✔ returns pending after a successful action but makes explicit snapshot pending retryable (0.236625ms)
  ✔ classifies a failed state action with a changed revision as uncertain without replaying it (0.114708ms)
  ✔ keeps selector uniqueness failures as ordinary action failures (0.054542ms)
  ✔ reports zero matches separately from multiple matches (0.039333ms)
✔ ScrapeBrowserHost leases (1553.938083ms)
▶ normalizeNetworkUrl
  ✔ strips hash and lowercases host (0.339666ms)
  ✔ returns null for invalid URLs (0.149792ms)
✔ normalizeNetworkUrl (0.9545ms)
▶ networkUrlPathKey
  ✔ drops search and hash (0.123334ms)
✔ networkUrlPathKey (0.221334ms)
▶ isImageNetworkResource
  ✔ accepts Image resource type (0.159208ms)
  ✔ accepts image mime types (0.0615ms)
  ✔ rejects non-images and error statuses (0.067459ms)
✔ isImageNetworkResource (0.434625ms)
▶ hasImageMagicBytes
  ✔ detects jpeg and rejects html (0.170792ms)
✔ hasImageMagicBytes (0.2525ms)
▶ ImageBodyLruCache
  ✔ returns exact and aliased URLs (0.307125ms)
  ✔ matches unique path when query differs (0.183458ms)
  ✔ does not path-match when multiple distinct bodies share a path (0.193666ms)
  ✔ evicts oldest entries by count (0.148416ms)
  ✔ clears all state (0.096125ms)
✔ ImageBodyLruCache (1.056834ms)
▶ prioritizeInspectLinks
  ✔ keeps a main result card when more than maxLinks navigation links precede it (0.656375ms)
  ✔ preserves DOM order within priority groups and deduplicates after prioritizing (0.551084ms)
✔ prioritizeInspectLinks (1.827667ms)
▶ selectInspectLocaleLinks
  ✔ keeps locale anchors in document order and always allows an empty result (0.101708ms)
  ✔ caps locale anchors without mixing them back into content ranking (0.066709ms)
✔ selectInspectLocaleLinks (0.23225ms)
▶ selectInspectScriptSrcs
  ✔ keeps document order, deduplicates, and allows an empty result (0.082667ms)
✔ selectInspectScriptSrcs (0.130708ms)
▶ inspectLinkRawHref
  ✔ omits rawHref when the HTML attribute already matches the resolved href (0.072375ms)
  ✔ keeps protocol-relative and path-only attributes that cheerio will see (0.032708ms)
✔ inspectLinkRawHref (0.160833ms)
▶ ScrapeBrowserFramedSocket
  ✔ rejects the wrong token, parent pid, protocol version or CDP port (1.226208ms)
  ✔ round-trips authenticated hello frames and native Buffers (8.769584ms)
  ✔ rejects an oversized incoming frame before allocating its body (2.352708ms)
✔ ScrapeBrowserFramedSocket (13.15125ms)
▶ scrape browser readiness
  ✔ does not resolve an intermediate verification page even when it has matching content (0.399375ms)
  ✔ does not accept selectors found on a verification page (0.061459ms)
✔ scrape browser readiness (0.821667ms)
▶ ScrapeBrowserWaitBudget
  ✔ does not consume the page timeout while Cloudflare verification is active (0.105042ms)
  ✔ still enforces the page timeout while no challenge is active (0.044583ms)
  ✔ caps manual verification independently from the page timeout (0.039667ms)
  ✔ accumulates the verification cap across repeated challenge periods (0.044125ms)
✔ ScrapeBrowserWaitBudget (0.323583ms)
✔ buildScrapeUserAgent drops Electron and app product tokens (0.552875ms)
✔ derivePlatformFromOsToken maps Windows, macOS and Linux (0.153625ms)
✔ resetScrapeUaProfileCache clears memoized profile (0.097917ms)
▶ scraperManager plugin availability gates
  ✔ publishes the built-in local NFO source as runnable but not editable or exportable (2.919834ms)
  ✔ lists MetaTube for configuration but excludes it from executable names until configured (2.086375ms)
  ✔ rejects unconfigured service plugins as new composite field sources (3.341333ms)
✔ scraperManager plugin availability gates (8.809667ms)
▶ scraperPluginSandbox
  ✔ loads cheerio/slim so packaged scrapers do not need undici (31.797959ms)
  ✔ terminates a non-returning plugin worker when the caller aborts (27.694333ms)
  ✔ does not report an aborted run as settled while a started host RPC is still running (111.872125ms)
  ✔ serves repeated persistent fetchBuffer calls from the plugin resource cache (54.0925ms)
✔ scraperPluginSandbox (226.157709ms)
▶ scraperPluginService
  ✔ describes bundled video scraper fields from shipped manifests (11.850584ms)
  ✔ describes bundled actress scraper fields from shipped manifests (1.344625ms)
  ✔ drops unknown actress supported field ids from packages (49.330875ms)
  ✔ lists bundled plugins shipped with the app (0.856167ms)
  ✔ reads bundled plugin packages for export and AI debug (0.835417ms)
  ✔ keeps MetaTube visible but unavailable until configured (0.5595ms)
  ✔ rejects a user package that tries to declare a trusted service binding (0.330875ms)
  ✔ does not assign a standalone delay to composite scrapers (1.198333ms)
  ✔ imports and executes a custom video plugin through the BaseScraper adapter (75.3125ms)
  ✔ normalizes video ratings to valid 5-point records only (0.486917ms)
  ✔ reads an installed custom plugin package for AI debugging (41.691583ms)
  ✔ imports and executes a custom actress plugin through the BaseActressScraper adapter (71.407833ms)
  ✔ rejects custom plugins that reuse a built-in name (1.29175ms)
  ✔ renames legacy user plugins that override built-in names to -custom (5.256833ms)
  ✔ preserves settings for a legacy user plugin named after retired JAV8 (2.973125ms)
  ✔ uses -custom-2 when -custom is already taken (4.802ms)
  ✔ keeps bundled plugins visible after rejecting a same-name custom install (1.961833ms)
  ✔ rejects duplicate custom plugin names (43.146417ms)
  ✔ atomically replaces a user plugin without leaving staging or backup directories (73.156667ms)
  ✔ rejects plugin names that collide after filename sanitization (48.744417ms)
  ✔ rejects packages without kind (0.4125ms)
  ✔ exports packages with kind (39.357875ms)
✔ scraperPluginService (477.331833ms)
▶ ScraperResourceCache
  ✔ reuses a fresh plugin resource without another network request (2.138375ms)
  ✔ reuses a fresh plugin resource after the cache is recreated (0.866209ms)
  ✔ revalidates an expired resource with its ETag and retains a 304 body (1.340959ms)
  ✔ returns an expired resource when revalidation fails and stale fallback is enabled (0.797333ms)
  ✔ rejects a resource larger than the host entry quota (0.578292ms)
  ✔ rejects writes beyond the host quota for one plugin (2.535291ms)
  ✔ enforces the plugin quota across concurrent resource commits (1.222459ms)
✔ ScraperResourceCache (10.1785ms)
▶ trusted scraper service sandbox bridge
  ✔ exposes service methods only to a trusted binding while keeping the token in main (97.403459ms)
  ✔ fails before starting a trusted worker when the service is not configured (1.38175ms)
✔ trusted scraper service sandbox bridge (99.679583ms)
▶ scraperManager.scrapeVideo
  ✔ uses the built-in local NFO source for manual, composite, and default runs without network fallback (36.682833ms)
  ✔ treats a missing local NFO as a normal no-match without marking scrape failure (8.736083ms)
  ✔ uses only the effective composite field sources to classify a quiet local NFO no-match (70.081375ms)
  ✔ delivers actress avatars to the merged cast positions across local and web composite sources (127.837875ms)
  ✔ persists exact multi-candidate results without selecting or applying one by default (104.925459ms)
  ✔ stages every declared candidate image even when the field was not selected (129.806792ms)
  ✔ confirms a candidate from the local snapshot without visiting the remote site again (105.271542ms)
  ✔ discards pending candidates, cleans staging, and preserves cumulative success (99.437583ms)
  ✔ replaces pending staging and removes the replacement after a later unique success (312.581667ms)
  ✔ startup cleanup removes only old unreferenced video staging directories (97.066625ms)
  ✔ filters exact-code mismatches and conservatively deduplicates normalized source urls (88.022666ms)
  ✔ rejects an invalid candidate array atomically and preserves an older pending decision (192.213291ms)
  ✔ keeps the old pending snapshot and staging when a valid replacement fails mid-transaction (195.366583ms)
  ✔ returns every exact-code exclusion warning when no candidate remains (90.191458ms)
  ✔ applies the only exact candidate after exclusions without creating pending state (102.628834ms)
  ✔ normalizes a year-month release date to the first day of that month (88.047667ms)
  ✔ keeps a unique candidate pending when applying it would duplicate a business identity (95.895583ms)
  ✔ rolls back a conflict merge and candidate apply when pending deletion fails (98.065375ms)
  ✔ returns director candidates before writes and applies an explicit choice on retry (132.877583ms)
  ✔ keeps an ambiguous director during batch-style scraping and applies safe fields (100.909167ms)
  ✔ reports a matched result as skipped when no selected value can be applied (85.479333ms)
  ✔ stores composite source links and ratings under their actual field plugins (238.118458ms)
  ✔ persists and confirms composite candidates independently per source (474.996416ms)
  ✔ ignores unsupported fields before validating and applying the selected plugin result (523.915167ms)
  ✔ still rejects a malformed field when the plugin declares it as supported (476.8235ms)
  ✔ preserves a composite field when its source does not match but another source succeeds (618.047333ms)
downloadCover failed: TEST-001 https://cover.example/broken.jpg response is not a usable image
  ✔ applies text data but preserves an old cover when the returned image is unusable (476.992ms)
downloadSamples failed: TEST-001 1 https://sample.example/two.jpg response is not a usable image
  ✔ discards the whole sample set when any sample download fails but still applies text (553.631167ms)
  ✔ compensates downloaded assets when the apply phase throws after downloads commit (662.237666ms)
  ✔ discards a downloaded cast avatar when the actress already has a usable avatar (601.390083ms)
✔ scraperManager.scrapeVideo (6990.218584ms)
▶ Xslist bundled actress plugin
  ✔ treats the site anonymous image as no avatar (39.978334ms)
  ✔ keeps a real profile avatar (46.539042ms)
✔ Xslist bundled actress plugin (87.082375ms)
▶ actress batch scrape persistence lifecycle
  ✔ persists one stable job id and advances pending targets across restart (269.805041ms)
  ✔ loads a legacy task without tri-state fields using a stable fallback job id (117.691542ms)
  ✔ clears a cancelled task file without deleting its completed pending result (172.890666ms)
  ✔ persists only a canonical status and the start-time target snapshot (201.095875ms)
  ✔ recovers a paused checkpoint after an application restart cache reset (101.504958ms)
  ✔ normalizes a legacy scraped paused job without rewriting progress (113.906208ms)
  ✔ normalizes an omitted scrapeStatus to all while preserving the snapshot (107.581125ms)
  ✔ marks an unknown status job unrecoverable without falling back to all (77.636958ms)
  ✔ blocks resume for an unknown status job but still allows discard (82.726209ms)
  ✔ resumes from the saved snapshot without re-applying current filters (141.903625ms)
  ✔ resumes a normalized legacy scraped job with unified scrape result semantics (156.460958ms)
✔ actress batch scrape persistence lifecycle (1544.693458ms)
▶ actressBatchScrapeTargets status normalization
  ✔ keeps the four canonical cumulative-status scopes (1.105125ms)
  ✔ normalizes the legacy scraped scope to 刮削成功 (0.212375ms)
  ✔ normalizes an omitted scope to 全部 (0.148459ms)
  ✔ rejects an unknown scope instead of widening the batch (0.3735ms)
  ✔ reports unknown scopes without throwing for persisted job snapshots (0.765917ms)
  ✔ never produces the legacy scope in a normalized request (0.093667ms)
✔ actressBatchScrapeTargets status normalization (3.575583ms)
▶ reconcilePersistedActressBatchJob
  ✔ rewrites scraped to success and omitted to all without touching progress (0.158208ms)
  ✔ keeps unrecognized scopes unrecoverable and does not widen to all (0.114125ms)
✔ reconcilePersistedActressBatchJob (0.340959ms)
▶ actressBatchScrapeTargets resolution
  ✔ resolves each canonical cumulative-status scope (12.694792ms)
  ✔ resolves the legacy scraped scope as 刮削成功 and an omitted scope as 全部 (7.084584ms)
  ✔ intersects gender, cumulative status and missing fields (7.528292ms)
  ✔ treats explicit ids as the whole target set, ignoring the other filters (6.219875ms)
  ✔ deduplicates explicit ids and drops ids without a stored actress (6.6205ms)
  ✔ treats an empty explicit id list as zero targets (6.689166ms)
✔ actressBatchScrapeTargets resolution (46.994458ms)
▶ actressBatchScrapeTargets estimate and start
  ✔ estimates the count the start would resolve from the same request (7.810875ms)
  ✔ resolves targets again on start, so the total may differ from an earlier estimate (8.092625ms)
  ✔ freezes target ids, display names and total when the batch starts (7.974042ms)
✔ actressBatchScrapeTargets estimate and start (23.959333ms)
▶ ActressIdentityConflictWorkflow
  ✔ inspects live ownership even when the name is not yet in a review group (13.730459ms)
  ✔ summarizes the same aggregated name groups returned by the review list (11.186417ms)
  ✔ keeps summary counts exact for mixed, multi-result, and multi-conflict groups (32.467791ms)
  ✔ lists pending name ownership without inventing a pending scrape (8.554542ms)
  ✔ rejects an unsupported pending name type instead of silently reclassifying it (15.928208ms)
  ✔ rejects a pending-name-ownership decision when the shown claim row changed (9.371166ms)
  ✔ assigns pending name ownership without creating or applying scrape data (16.669458ms)
  ✔ edits one pending name claim and resolves both resulting unique owners (18.914666ms)
  ✔ moves an edited pending name claim into another normalized-name group (10.6625ms)
  ✔ merges actresses directly from pending name ownership (12.161917ms)
  ✔ removes an illegal pending name without persisting a blacklist (11.664042ms)
  ✔ reassigns the only pending scrape to the explicit keeper after a merge (21.9655ms)
  ✔ keeps a usable keeper avatar while clearing its missing source and crop state (21.971ms)
  ✔ uses the explicitly selected pending actress as keeper and the other current main name (15.591667ms)
  ✔ rejects merging when both actresses own pending scrape snapshots (13.905916ms)
  ✔ does not treat another conflict between the same actress pair as a merge blocker (23.856625ms)
  ✔ rejects the whole workbench merge when a resulting name belongs to a third actress (14.335334ms)
  ✔ rejects the whole merge when the pending scrape also conflicts with a third actress (9.09675ms)
  ✔ rejects merging a persisted name claimed by a third actress pending scrape (16.013833ms)
  ✔ returns stale without merging when either actress changed after confirmation was shown (10.015ms)
  ✔ rolls back the actress merge when pending reassociation fails (19.844375ms)
  ✔ edits only the selected conflicting name and applies the unlocked scrape atomically (9.289541ms)
  ✔ moves only the edited item when its new name conflicts in another dynamic group (11.888959ms)
  ✔ moves an edited name into a group claimed by another naturally unlocked pending result (11.737417ms)
  ✔ transfers complete ownership to the pending actress only with a replacement main name (12.712916ms)
  ✔ previews and applies an assigned conflicting alias in a fill-empty alias collection (13.704542ms)
  ✔ keeps earlier ownership decisions in the final fill-empty alias preview and apply (14.029792ms)
  ✔ validates and removes every legacy claimant when assigning to the pending actress (11.149333ms)
  ✔ assigns a whole conflict group to an existing actress while applying profiles to original targets (11.3965ms)
  ✔ keeps confirmed ownership when the chosen existing actress is also a replace candidate (9.173ms)
  ✔ removes an illegal normalized name from the whole group and applies unlocked profiles (14.020292ms)
  ✔ requires a valid replacement for every main-name claimant before illegal-name removal (29.599917ms)
  ✔ validates illegal-name replacement main names against the live conflict snapshot (9.843125ms)
  ✔ does not reconcile newly active conflicts while rejecting a stale illegal-name decision (9.985458ms)
  ✔ removes only the current illegal group and does not remember a blacklist rule (12.614375ms)
  ✔ applies a result when its other recorded conflict has already become inactive (16.46425ms)
  ✔ rolls back illegal-name handling when name deletion fails (15.029458ms)
  ✔ rolls back illegal-name handling when main replacement fails (16.248708ms)
  ✔ rolls back illegal-name handling when profile application fails (13.342292ms)
  ✔ rolls back illegal-name handling when pending cleanup fails (12.875417ms)
  ✔ keeps the whole illegal-name group pending when any resource preparation fails (19.690083ms)
  ✔ requires a replacement when assigning a current main name to a third existing actress (12.681666ms)
  ✔ finishes name-only results and preserves the original fill-empty update mode (10.166208ms)
  ✔ promotes staged resources when a name edit unlocks a pending scrape (15.552958ms)
  ✔ keeps a naturally unlocked result pending until the user explicitly applies it (9.641709ms)
  ✔ returns a stale outcome without writes when an involved actress changed (21.957375ms)
  ✔ rolls back every profile and promoted resource when a group apply fails (18.777875ms)
  ✔ freezes the complete scrape when one selected name belongs to another actress (8.02525ms)
  ✔ applies a complete result when equivalent names only belong to the target actress (13.468667ms)
  ✔ atomically replaces one actress current snapshot and removes its old staged resources (29.529375ms)
  ✔ rolls back a conflict-free apply when removing the previous snapshot fails (14.97275ms)
  ✔ does not delete an existing same-url gallery file when a later apply rolls back (11.903417ms)
  ✔ discards only the selected wrong match, records cumulative failure, and cleans staging (11.271375ms)
  ✔ startup cleanup removes only old unreferenced staging directories (9.798209ms)
  ✔ deleting a target actress also removes its staged pending resources (10.133083ms)
  ✔ removes prepared formal resources when profile application rolls back (14.382125ms)
✔ ActressIdentityConflictWorkflow (817.126208ms)
✔ reuses maintenance only until local writes, schema changes or external commits (10.502625ms)
✔ does not publish rolled-back maintenance or skip checks inside a caller transaction (8.423334ms)
✔ retries failed maintenance and invalidates after reopening the same catalog (10.927167ms)
✔ does not publish a maintenance stamp if an external commit occurs during the check (12.013042ms)
✔ rechecks earlier candidates after a later candidate introduces a new conflict (11.281208ms)
✔ bounds a 10k legacy-claim queue without hydrating candidates after maintenance (46.838042ms)
✔ does not hydrate unrelated candidate results for a selected name group (14.469959ms)
✔ sorts full conflict names before truncating display captions and preserves exact anchors (9.85175ms)
✔ keeps legacy equal-caption order across pages and clamps missing anchors in a nonempty queue (28.929292ms)
✔ bounds name normalization when merged actors have many third pending conflicts (23.869708ms)
Failed to clean deleted actress asset: avatar_sources/alpha.jpg Error: file is locked
    at deleteStoredAsset (/Users/nut/Project/JavdexLabs/Javdex/src/main/services/actressMaintenanceService.test.ts:122:61)
    at Object.deleteActresses (/Users/nut/Project/JavdexLabs/Javdex/src/main/services/actressMaintenanceService.ts:87:11)
    at TestContext.<anonymous> (/Users/nut/Project/JavdexLabs/Javdex/src/main/services/actressMaintenanceService.test.ts:126:28)
    at Test.runInAsyncScope (node:async_hooks:227:14)
    at Test.run (node:internal/test_runner/test:1325:25)
    at Suite.processPendingSubtests (node:internal/test_runner/test:911:18)
    at Test.postRun (node:internal/test_runner/test:1465:19)
    at Test.run (node:internal/test_runner/test:1390:12)
    at async Suite.processPendingSubtests (node:internal/test_runner/test:911:7)
▶ actressMaintenanceService.importGalleryImage
  ✔ runs legacy dimension repair as part of the explicit gallery write flow (1.137333ms)
✔ actressMaintenanceService.importGalleryImage (1.474625ms)
▶ actressMaintenanceService.deleteActresses
  ✔ deletes the complete batch and cleans stored resources (21.173375ms)
  ✔ rejects the whole batch when an actress is linked to a video (10.606625ms)
  ✔ reports resource cleanup failures after the database transaction commits (13.02175ms)
  ✔ rolls back the complete batch when a later record fails to delete (17.247541ms)
  ✔ previews current linked-actress and affected-video counts (21.805708ms)
  ✔ explicitly unlinks videos, deletes a mixed batch, and preserves video records and files (15.007125ms)
  ✔ rolls back removed video links when a later actress delete fails (14.488667ms)
  ✔ removes only the deleted actress ownership and pending result (12.617875ms)
  ✔ rejects an unknown delete mode instead of falling through to a destructive path (19.014083ms)
✔ actressMaintenanceService.deleteActresses (145.360875ms)
▶ actressQueryService.listActresses
  ✔ returns a stable page and the full matching total from the real database (23.293375ms)
  ✔ reuses one exact avatar-filter snapshot across subsequent pages (0.189833ms)
  ✔ refreshes the avatar-filter snapshot whenever the first page reloads (0.11275ms)
  ✔ inspects avatar health and fingerprints outside the database repository (20.680667ms)
✔ actressQueryService.listActresses (44.731166ms)
▶ actressQueryService.listFaceScanManifest
  ✔ exposes the dedicated minimal manifest through the query seam (0.400709ms)
✔ actressQueryService.listFaceScanManifest (0.4595ms)
✔ delegates avatar count without reading the legacy list or inspecting images (0.093542ms)
▶ actressScrapeQueue.start target resolution
  ✔ scrapes exactly the targets the estimate reported for the same request (4443.998417ms)
  ✔ starts a legacy scraped request against 刮削成功 targets (593.674375ms)
  ✔ starts explicitly selected actresses regardless of the other filters (580.934375ms)
  ✔ starts no target for an empty explicit id list (478.475916ms)
  ✔ refuses to start a request with an unknown cumulative-status scope (462.70875ms)
✔ actressScrapeQueue.start target resolution (6560.713584ms)
▶ AgentMetadataActivityTimeline
  ✔ projects streaming reasoning into one bounded completed turn (0.5905ms)
  ✔ retains up to 64,000 reasoning characters and reports overflow (7.404375ms)
  ✔ uses semantic browser actions while retaining safe completion summaries (0.747375ms)
  ✔ keeps direct metadata submission distinct from browser inspection (0.057458ms)
  ✔ describes playlist page checkpoints as result-producing actions (0.146208ms)
  ✔ describes browser scroll without exposing tool arguments (0.055833ms)
  ✔ retains earlier reasoning across browser-heavy runs (1.076833ms)
✔ AgentMetadataActivityTimeline (10.518792ms)
✔ uses the indexed journal cursor without loading history for a metadata snapshot (1.343ms)
▶ Agent metadata browser URL policy
  ✔ allows a public hostname when a system proxy maps it to the RFC 2544 fake-IP range (2.087083ms)
  ✔ still rejects direct benchmark-range IPs and hostnames resolving to private networks (1.544125ms)
  ✔ keeps identity query parameters while removing credentials and fragments from display URLs (0.46125ms)
✔ Agent metadata browser URL policy (4.821917ms)
▶ Agent metadata browser evidence binding
  ✔ accepts a production artifact only for its captured document and view (2.331ms)
  ✔ rejects incomplete, tampered, and corrupt segmented production artifacts (3.164375ms)
✔ Agent metadata browser evidence binding (5.610459ms)
▶ AgentMetadataDraftService
  ✔ rejects a preview when a staged resource no longer matches its manifest (20.337209ms)
  ✔ rechecks staged resource bytes when applying an already reviewed draft (8.503917ms)
  ✔ cleans newly staged resources when persistence fails (9.085084ms)
  ✔ routes actress name ownership conflicts to the existing pending workflow (14.270542ms)
  ✔ routes duplicate video business identities to the existing pending workflow (14.508125ms)
  ✔ requires explicit user confirmation when actress names do not match (8.296541ms)
✔ AgentMetadataDraftService (75.544833ms)
▶ app release service
  ✔ parses and compares stable release versions numerically (1.020166ms)
  ✔ accepts only trusted published GitHub releases (0.303208ms)
  ✔ validates cached update state before exposing it to the renderer (0.274917ms)
✔ app release service (2.218041ms)
▶ asset byte cache
  ✔ separates variants and invalidates all variants of only the changed asset (0.554875ms)
  ✔ checks every file identity field and isolates callers from cached mutable buffers (0.158917ms)
  ✔ enforces the entry cap while retaining recently read and replaced entries (0.486458ms)
  ✔ enforces the 96MiB byte cap and skips oversized entries without flushing other images (29.732916ms)
✔ asset byte cache (31.397541ms)
▶ image asset inspection cache
  ✔ loads an unchanged image once and reloads it when its file signature changes (0.14925ms)
  ✔ reloads an image after explicit asset invalidation (0.075042ms)
  ✔ evicts the least recently used inspection after reaching capacity (0.22625ms)
✔ image asset inspection cache (0.527834ms)
✔ retries after the first scrypt failure (109.070042ms)
✔ retries after the first importKey failure (101.93ms)
✔ keeps the new cache when a pre-reset KDF later succeeds (107.546375ms)
✔ keeps the new cache when a pre-reset KDF later fails (107.587791ms)
✔ waits for cold key derivation on cancellation and never starts decryption (52.587292ms)
✔ reads the existing AVPK format through synchronous and asynchronous crypto (65.6965ms)
✔ coalesces cold key derivation and never uses synchronous crypto in the async reader (105.998667ms)
✔ rejects invalid or tampered encrypted bodies without returning plaintext (48.31475ms)
✔ waits for an active native job before discarding its cancelled result (48.687708ms)
▶ assetLocationMigration
  ✔ moves plain and encrypted files including alias store (85.768334ms)
  ✔ maps default path setting when relocating back to userData (16.416167ms)
  ✔ allows relocating back to default when only empty asset subfolders remain (13.639625ms)
  ✔ rolls back copied files without touching the active root (8.642208ms)
  ✔ rejects migration while the configured source root is unavailable (18.749083ms)
  ✔ rejects targets nested inside the active media root (9.606541ms)
  ✔ rejects a target that resolves to the source through a symlinked parent (15.506875ms)
  ✔ rejects a differently-cased path that resolves to the same directory (13.789916ms)
  ✔ resumes when the target contains matching files from an interrupted copy (23.132708ms)
  ✔ preserves pre-existing matching copies when a resumed migration rolls back (10.065708ms)
  ✔ keeps source files when the prepared target disappears before commit (11.2145ms)
  ✔ preserves a copied target that was replaced before a failed commit rolls back (10.742667ms)
  ✔ rejects an interrupted target whose file contents do not match the source (9.089417ms)
  ✔ rejects directory symlinks without reading or deleting files outside the asset root (7.723375ms)
  ✔ rejects a symlinked asset root without touching its external target (16.349625ms)
✔ assetLocationMigration (271.477208ms)
▶ assetMigration opaque paths
  ✔ encrypts to opaque paths and restores readable paths on decrypt (95.758417ms)
✔ assetMigration opaque paths (96.495292ms)
✔ reads legacy without rewriting and migrates on mutation preserving all entries (61.371209ms)
✔ does not reread a warm map or append unchanged values; reloads deletions (78.690667ms)
✔ preserves a legacy file when snapshot rename fails (63.238291ms)
✔ recovers an interrupted tail and truncates it before retry (64.139084ms)
✔ rejects corrupted complete ciphertext and preserves it on attempted mutation (65.804583ms)
✔ rejects missing or incomplete first snapshots (64.478542ms)
✔ reloads the actual committed record after an uncertain fsync failure (54.517166ms)
✔ compacts after sustained updates and reloads the latest values (30841.141875ms)
✔ preserves the appended result when compaction rename fails (163.45775ms)
✔ invalidates the cached map after external replacement (54.268ms)
▶ assetPathNaming
  ✔ builds readable bases with seed and url hash (1.021459ms)
  ✔ sanitizes non-ascii seeds and truncates overly long values (0.245541ms)
  ✔ keeps equal-length Chinese actress names on distinct asset seeds (0.218042ms)
  ✔ scopes asset seeds by actress id when provided (0.126667ms)
  ✔ keeps actress id prefix when the readable label is long (0.117666ms)
  ✔ builds distinct gallery paths for equal-length Chinese names and the same url (0.116875ms)
  ✔ builds opaque bases without embedding seed text (0.111833ms)
  ✔ detects opaque encrypted filenames (0.126ms)
  ✔ derives stable opaque names from plaintext relative paths (0.135584ms)
✔ assetPathNaming (3.253417ms)
▶ AutomaticScanScheduler
  ✔ runs every due library in stable order from independent persisted state (1.186708ms)
  ✔ runs an already-enabled library with no scan history after the startup delay (0.07825ms)
  ✔ calculates each library due time from its own interval and last finished time (0.080125ms)
  ✔ waits one full interval after a library is newly enabled (0.123333ms)
  ✔ skips disabled, rootless and not-yet-due libraries (0.082042ms)
  ✔ runs a due rootless library when it still has deferred cleanup work (0.083709ms)
  ✔ defers while maintenance is busy and rechecks on the next poll (0.09125ms)
  ✔ isolates one library failure and continues the serial due queue (0.21625ms)
  ✔ keeps startup, resume, and every due library globally serial (0.218209ms)
  ✔ uses the resume delay and clears all scheduled work on stop (0.12975ms)
✔ AutomaticScanScheduler (2.772791ms)
▶ AvatarAutoCropMediator
  ✔ resolves automatic crop requests and rejects stale replies (2.09075ms)
  ✔ fails pending automatic crop requests after renderer disconnects (0.286667ms)
  ✔ times out automatic crop requests without accepting a late response (3.2445ms)
  ✔ owns the crop batch token until matching end or disconnect (0.364583ms)
  ✔ rejects a second begin while a crop batch is active (0.421541ms)
✔ AvatarAutoCropMediator (7.226ms)
✔ creates one lazy snapshot per batch and disposes only its owning token (0.620958ms)
✔ retries failed snapshot creation without poisoning the batch and clears on reinitialization (0.231792ms)
✔ settles disconnected requests despite cleanup failure and retries before allowing another snapshot (0.294625ms)
✔ writes the definition once and keeps total checkpoint bytes near-linear (39142.841166ms)
ℹ {"targets":[1000,2000],"totalWrittenBytes":[409049,822049],"definitionWritesPerJob":1}
✔ reads legacy checkpoints and migrates on the next save without losing targets (20.282708ms)
✔ preserves the last checkpoint when write fails and retries safely (29.165084ms)
✔ preserves the last checkpoint when sync fails and retries safely (30.023167ms)
✔ preserves the last checkpoint when rename fails and retries safely (32.980083ms)
✔ keeps the old definition on failed replacement and prunes unused manifests after commit (54.030542ms)
✔ refuses missing, tampered or mismatched manifests instead of treating the job as absent (20.81375ms)
✔ stops the queue on checkpoint failure and resumes from the durable cursor without skipping work (37.611375ms)
✔ rejects damaged cursor and total fields without deleting the checkpoint (20.030167ms)
✔ reloads actual disk state and retains the manifest after replace directory-sync failure (23.585709ms)
✔ reloads actual disk state and retains the manifest after clear directory-sync failure (18.450875ms)
✔ does not report committed saves or clears as failed when manifest cleanup cannot enumerate (21.594792ms)
✔ executes real read-only tag queries and observes writes through the worker cache (230.299083ms)
✔ rejects a changed catalog version at worker startup without migration (297.334ms)
✔ settles in-flight initialization and queued requests when disposed (440.202ms)
✔ executes all classification cover pages on the readonly worker and observes committed writes (1057.728084ms)
✔ rejects image initialization against an incompatible schema without rewriting it (444.157667ms)
✔ counts merged subscribers toward capacity, normalizes keys, and clones each successful result (3.193625ms)
✔ serializes different revisions and keeps a folded expanding query valid in the payload (0.3505ms)
✔ rejects old generation on identity change and waits for termination (4.421958ms)
✔ rejects old generation on path change and waits for termination (0.533708ms)
✔ removes queued aborts but retains an executing slot after all subscribers abort (0.650084ms)
✔ one subscriber abort does not cancel another or retain its signal listener (0.33475ms)
✔ rejects all accepted on startup timeout, without retry or overlapping workers (16.211375ms)
✔ rejects all accepted on query timeout, without retry or overlapping workers (17.478291ms)
✔ rejects all accepted on exit, without retry or overlapping workers (0.464042ms)
✔ rejects all accepted on error, without retry or overlapping workers (0.394625ms)
✔ rejects all accepted on protocol error, without retry or overlapping workers (0.332292ms)
✔ dispose closes admission immediately and waits for a running termination (0.275375ms)
✔ fails closed if termination rejects and rejects requests waiting for replacement (0.374458ms)
✔ rejects invalid queries before creating a worker and contains factory/post failures (0.346208ms)
✔ bounds subscribers while termination is pending and supersedes a waiting generation (0.519667ms)
✔ does not launch work after repeated queued cancellations before ready (0.768916ms)
✔ contains unexpected messages and dispose drains an already-started replacement barrier (0.062625ms)
✔ expires waiting subscribers and frees capacity while native termination remains pending (0.819083ms)
✔ keeps independent waiting deadlines for coalesced subscribers and clears them at execution (0.145875ms)
✔ never executes a page whose only subscriber expired before ready (0.082875ms)
✔ shares admission across tag/image requests, keys entity kinds separately and copies caller inputs (0.3195ms)
✔ retains the executing image slot after cancellation and retires it before switching databases (0.4375ms)
✔ validates image requests before allocating a reader (0.110375ms)
▶ CheckpointedSequentialBatchQueue
  ✔ persists checkpoints, pauses, and resumes from the next index (1.530417ms)
  ✔ discards a paused job without running (0.187917ms)
  ✔ cancels a running job and clears the checkpoint (3.490708ms)
  ✔ recycles the scrape browser after each configured target interval (8.221833ms)
  ✔ rejects an invalid run plan without leaving a resumable checkpoint (0.4475ms)
  ✔ discards a corrupt checkpoint when run planning throws (0.155667ms)
✔ CheckpointedSequentialBatchQueue (14.543625ms)
▶ classificationDeletionService
  ✔ previews and deletes a director while recalculating links and preserving videos/resources (455.258792ms)
  ✔ deletes an unlinked director with a zero impact (409.566541ms)
  ✔ rolls back director unlinking and skips image cleanup when deletion fails (435.143417ms)
  ✔ previews and deletes a series while recalculating videos and detaching direct children (480.397875ms)
  ✔ deletes an unlinked childless series with a zero impact (401.154208ms)
  ✔ rolls back series relations and reports image cleanup failure only after commit (481.793708ms)
✔ classificationDeletionService (2664.022208ms)
▶ classification director query and maintenance services
  ✔ keeps real same-name directors as separate stable identities and exposes candidate differences (397.294833ms)
  ✔ maintains the complete profile without changing identity or video relations (432.784333ms)
  ✔ validates calendar dates and career ranges transactionally (315.7235ms)
  ✔ searches aliases and supports only count or update sorting in both directions (411.792708ms)
✔ classification director query and maintenance services (1558.244417ms)
✔ matches all candidate fields/order and deduplicates dual-role organization links before LIMIT (1047.427ms)
✔ holds count and candidate rows in the same snapshot across a cover removal (371.471584ms)
✔ rejects unsafe entity IDs, unsupported page flags and excessive pages (388.227167ms)
▶ classificationImageService
  ✔ imports local and remote images as owned assets and cleans a replaced image after commit (498.181209ms)
  ✔ copies an associated video cover instead of adopting the video asset (492.92625ms)
  ✔ stores a director portrait and compensates its replacement when the database update fails (457.67625ms)
  ✔ keeps the stored image when a remote download fails (438.118958ms)
  ✔ cleans the latest replaced image when a remote update finishes after another edit (498.781ms)
  ✔ commits replacement and reports a post-commit cleanup failure (500.667792ms)
✔ classificationImageService (2887.191667ms)
✔ matches every old list field and global ordering over pages, aliases, roles and cover boundaries (1326.556209ms)
✔ keeps count and page in one read snapshot across another connection changing the role (478.398916ms)
✔ validates page boundaries in the service and typed IPC without changing complete-list APIs (440.012916ms)
▶ classification organization query and maintenance services
  ✔ shares one organization profile across role lists and searches its aliases (440.381917ms)
  ✔ sorts only by video count or update time in either direction (478.519209ms)
  ✔ treats SQL LIKE metacharacters in organization searches as literal text (527.759084ms)
  ✔ keeps stable identity and video links when editing the complete profile (494.917792ms)
  ✔ rejects parent cycles without partially changing the profile (340.279875ms)
  ✔ creates an organization inline, registers the role, and retains zero-video roles (400.94ms)
  ✔ rolls back profile fields when a name is owned by another organization (373.422291ms)
✔ classification organization query and maintenance services (3056.911875ms)
▶ classification series query and maintenance services
  ✔ maintains a stable complete profile and projects its local video coverage (500.505667ms)
  ✔ enforces normalized name ownership inside the owner scope only (498.770625ms)
  ✔ preflights every name when moving to another owner scope and rolls back on conflict (516.040958ms)
  ✔ rejects self and descendant parents without partially changing the series (343.631209ms)
  ✔ searches aliases, identifies same-name candidates, and sorts in either direction (480.185166ms)
  ✔ creates an unowned series inline and validates lifecycle years (427.344333ms)
✔ classification series query and maintenance services (2767.061167ms)
▶ directorMergeService
  ✔ merges source data into an explicit target while preserving target conflicts (547.159416ms)
  ✔ adopts the source portrait only when the target has no formal portrait (463.086875ms)
  ✔ rolls back target fields and video relations when the database transaction fails (347.274792ms)
  ✔ commits the merge and reports source portrait cleanup failure (385.053375ms)
  ✔ rejects using the same director as target and source (405.0445ms)
✔ directorMergeService (2148.147375ms)
▶ external link service
  ✔ accepts only bounded HTTP and HTTPS links (0.319625ms)
✔ external link service (0.597667ms)
▶ legacy media-library settings bootstrap
  ✔ keeps native V14 config defaults when a fresh database has no legacy evidence (5.599625ms)
  ✔ imports roots, cleanup work, and typed configuration into the default library once (3.431416ms)
  ✔ freezes an online legacy cleanup root identity before making the work active (14.064792ms)
  ✔ keeps parent and child legacy paths but enables only the first non-overlapping set (22.925916ms)
  ✔ keeps realpath aliases but enables only one physical legacy root (16.604667ms)
  ✔ keeps app-level scraper and cover preferences after import and repeated startup cleanup (3.051666ms)
  ✔ keeps inferred roots and links source-managed resources to the deepest matching root (3.275875ms)
  ✔ imports the last scan summary and its managed unrecognized-file snapshot (3.124125ms)
  ✔ preserves a standalone unrecognized snapshot through a synthetic legacy scan run (2.947ms)
  ✔ keeps an older safe snapshot separate from a newer failed scan summary (3.123125ms)
  ✔ retries JSON cleanup without importing database rows twice (2.716666ms)
  ✔ rolls back every database change and skips JSON cleanup when import fails (3.114167ms)
✔ legacy media-library settings bootstrap (84.563875ms)
▶ LibraryCurator lifecycle
  ✔ releases its own runs without disposing the application AgentExecution (0.9975ms)
✔ LibraryCurator lifecycle (1.434125ms)
✔ uses the indexed journal cursor for a curator snapshot (0.471209ms)
▶ libraryPathCleanupService
  ✔ previews only resources owned by the selected library and root (645.46025ms)
  ✔ previews and safely cleans a disabled root including pending and diagnostic rows (328.139ms)
  ✔ confirms with the current revision and queues an identity snapshot without deleting data (190.497958ms)
  ✔ rejects a confirmation when scan-owned resources changed after preview without a revision bump (307.987708ms)
  ✔ removes and promotes resources only inside the confirmed library and root (340.644042ms)
  ✔ lets a cleanup-only scan consume the last removed root without touching another library (581.890625ms)
  ✔ recovers an offline legacy cleanup intent when a later full scan sees the root online (416.616542ms)
  ✔ keeps an overlapping legacy cleanup root waiting during a later full scan (432.84725ms)
  ✔ keeps an overlapping parent legacy cleanup root waiting during a later full scan (367.782917ms)
  ✔ keeps a realpath-alias legacy cleanup root waiting across libraries (359.93075ms)
  ✔ fails closed when a confirmed root is offline (309.813792ms)
  ✔ fails closed when the path now resolves to a replacement directory (401.327708ms)
  ✔ cancels a failed removal into a disabled, archiveable root without deleting records (446.132416ms)
  ✔ completes a confirmed cleanup after an unrelated library configuration edit (421.639833ms)
  ✔ rolls back resource removal, promotion, root state, and job completion together (373.887709ms)
✔ libraryPathCleanupService (5925.526042ms)
▶ normalizeTranslationOutput
  ✔ strips fenced and quoted model output (0.450042ms)
✔ normalizeTranslationOutput (0.903791ms)
▶ MediaAssetStore
  ✔ coalesces encrypted thumbnails, isolates size variants and preserves original preview bytes (132.7265ms)
  ✔ checks plain and decrypted image pixels before caching and recovers after replacement (104.340375ms)
  ✔ retains cancelled active slots until file read settles (90.097833ms)
  ✔ retains cancelled active slots until file close settles (77.483667ms)
  ✔ retains cancelled active slots until file metadata settles (85.264292ms)
  ✔ rejects oversized plain and encrypted files before opening or decrypting them (65.621959ms)
  ✔ does not merge a post-invalidation request into the old pending read (40.219375ms)
  ✔ shares a cold encrypted read and decryption across concurrent requests without sharing cancellation (59.933334ms)
  ✔ does not return cached bytes when cancelled while the hot-path stat is pending (36.968709ms)
  ✔ does not reuse the same relative cache key after the asset root changes (62.943875ms)
  ✔ rejects a changed file during reading without caching its old bytes (38.951208ms)
  ✔ serves hot plaintext and encrypted images without rereading or decrypting their bytes (91.451333ms)
  ✔ reloads replaced files even with restored mtime and rejects deleted files before using cache (41.3775ms)
  ✔ does not repopulate explicitly invalidated cache from a pending read (32.854292ms)
  ✔ retains read slots while cancelled encrypted requests wait for native crypto completion (99.042ms)
  ✔ cancels queued reads before opening files and keeps active slots until reads settle (87.864791ms)
downloadAvatar failed: Bad Avatar https://example.test/avatar.html response is not a usable image
Failed to delete media asset: covers/TEST-002_b263f241.jpg Error: file is locked
    at FailingCleanupStore.delete (/Users/nut/Project/JavdexLabs/Javdex/src/main/services/mediaAssetStore.test.ts:936:15)
    at FailingCleanupStore.deleteImmediateBestEffort (/Users/nut/Project/JavdexLabs/Javdex/src/main/services/mediaAssetStore.ts:449:12)
    at FailingCleanupStore.finishCoordinatedChange (/Users/nut/Project/JavdexLabs/Javdex/src/main/services/mediaAssetStore.ts:561:52)
    at <anonymous> (/Users/nut/Project/JavdexLabs/Javdex/src/main/services/mediaAssetStore.ts:527:14)
    at AsyncLocalStorage.run (node:internal/async_local_storage/async_context_frame:63:14)
    at FailingCleanupStore.runCoordinatedChange (/Users/nut/Project/JavdexLabs/Javdex/src/main/services/mediaAssetStore.ts:504:31)
    at FailingCleanupStore.coordinateDatabaseChange (/Users/nut/Project/JavdexLabs/Javdex/src/main/services/mediaAssetStore.ts:465:17)
    at <anonymous> (/Users/nut/Project/JavdexLabs/Javdex/src/main/services/mediaAssetStore.test.ts:941:37)
    at getActual (node:assert:611:5)
    at strict.doesNotThrow (node:assert:779:32)
  ✔ serves plain and encrypted images asynchronously without synchronous file reads (128.5955ms)
  ✔ reads plain and encrypted images and reports a stable plaintext fingerprint (82.598625ms)
  ✔ rejects stored paths that escape the media root (6.324708ms)
  ✔ exposes bootstrap and layout paths under the media root (27.443084ms)
  ✔ encrypts a stored plain asset and lists it under stable subdirectories (124.651708ms)
  ✔ decrypts a stored encrypted asset back to its plain relative path (126.578084ms)
  ✔ compensates newly-created resources when the database operation fails (18.553625ms)
  ✔ compensates newly imported cover and sample files when a database operation fails (20.556667ms)
  ✔ compensates newly imported playlist covers when a database operation fails (35.028083ms)
  ✔ compensates async downloads when the database operation fails (69.375458ms)
  ✔ rejects unusable local image imports instead of storing them (14.781416ms)
  ✔ rejects unusable avatar downloads instead of storing them (3.30225ms)
  ✔ keeps an existing download when replacing the same URL later rolls back (46.0505ms)
  ✔ keeps an existing avatar source when importing the same bytes later rolls back (50.816375ms)
  ✔ deletes obsolete resources only after the database operation succeeds (29.864542ms)
  ✔ uses distinct paths for avatar display replacements created in the same millisecond (59.155875ms)
  ✔ discards newly created resources marked obsolete in the same coordinated change (63.724375ms)
  ✔ promotes nested created resources so a parent rollback can compensate them (55.027375ms)
  ✔ defers nested obsolete deletes of pre-existing files until the parent commits (56.608458ms)
  ✔ keeps nested obsolete pre-existing files when the parent rolls back (55.196334ms)
  ✔ does not leak nested create-then-obsolete files when the parent rolls back (41.867792ms)
  ✔ runInCoordinatedChange joins an active parent instead of nesting (40.15275ms)
  ✔ keeps isolated coordinated creates when an outer parent later rolls back (32.075334ms)
  ✔ keeps independent root work when an awaited outer coordinated change fails (59.860125ms)
  ✔ keeps relocation exclusive with coordinated and direct media mutations (45.642333ms)
  ✔ keeps relocation exclusive with a stable read lease (4.325375ms)
  ✔ keeps caller registrations off an un-awaited nested async coordinated change (47.990375ms)
  ✔ does not turn a post-commit cleanup failure into a database failure (49.952459ms)
✔ MediaAssetStore (2545.601542ms)
✔ reads empty, exact-budget and multi-chunk files without using readFile (20.219708ms)
✔ rejects oversize before reading and closes the opened handle (16.642458ms)
✔ rejects grow during reading and closes the handle (18.804542ms)
✔ rejects truncate during reading and closes the handle (14.875208ms)
✔ rejects cancel during reading and closes the handle (14.063209ms)
✔ rejects io-error during reading and closes the handle (14.858166ms)
✔ does not open an already cancelled request (10.745459ms)
✔ closes the handle on cancel-after-open before allocating body bytes (15.868959ms)
✔ closes the handle on stat-error before allocating body bytes (20.323917ms)
✔ closes the handle on directory before allocating body bytes (11.630417ms)
✔ reads PNG/WebP metadata and never follows TIFF offsets outside its chunk (1.064084ms)
✔ inspects all served formats without decoding pixels (21.78675ms)
✔ rejects a tiny encoded image with an oversized canvas and accepts the exact boundary (1.604333ms)
✔ rejects corrupt and unsupported image headers (10.664042ms)
✔ inspects the single-frame canvas of real animated GIF and WebP inputs (2.436959ms)
✔ waits for metadata completion when cancelled and destroys the reader (0.778084ms)
✔ shares a read while one consumer cancels and preserves independent result buffers (1.128667ms)
✔ drains the last cancelled consumer without deleting a newer flight under the same key (0.252208ms)
✔ fans out failures and permits a fresh attempt (0.128792ms)
✔ aborts the underlying work only after all consumers cancel and drains the final slot (0.143625ms)
✔ defaults to four active reads and 256 queued requests with reusable cancellation capacity (3.061417ms)
✔ bounds active and queued reads, removes cancelled work and releases capacity after failures (0.519709ms)
✔ does not free an active slot before an aborted reader actually settles (0.142875ms)
✔ preserves aspect ratio, respects orientation and does not enlarge small images (34.203708ms)
✔ makes a single static thumbnail from an animated image (2.33775ms)
✔ retains two decode slots until native work settles after cancellation (4.174209ms)
▶ media-library service
  ✔ validates an explicitly configured create-time video scraper before persistence (1.040416ms)
  ✔ allows unrelated config edits with a stale stored scraper but validates explicit changes (0.088125ms)
  ✔ runs the root-migration commit through the shared resource-maintenance gate (0.065333ms)
  ✔ runs every root mutation through the scan-shared maintenance gate (0.186417ms)
  ✔ preserves root continuity validation errors through service mutation gates (0.245834ms)
  ✔ serializes library and config lifecycle mutations with resource writes (0.264166ms)
  ✔ cannot archive through the service while an asynchronous resource write owns the gate (0.398041ms)
✔ media-library service (2.842541ms)
▶ mediaProtocol
  ✔ forwards a finite variant and rejects invalid size without reading (24.048666ms)
  ✔ returns 413 for oversized images with an empty HEAD body (1.296042ms)
  ✔ awaits the image reader and forwards cancellation while serving GET and HEAD (0.370958ms)
  ✔ skips reads for preflight and forbidden paths, and distinguishes busy from missing (0.549709ms)
  ✔ resolves media URLs under the asset root (0.093958ms)
  ✔ rejects path traversal outside the asset root (0.037292ms)
✔ mediaProtocol (27.061667ms)
▶ organizationDeletionService
  ✔ removes only the selected role and recalculates its linked videos at execution time (282.785958ms)
  ✔ rejects removing the final role and leaves all relations unchanged (284.409292ms)
  ✔ blocks role removal and full deletion when they would rewrite a pending video (461.878584ms)
  ✔ fully deletes an organization and detaches every supported relation after a fresh preview (505.963125ms)
  ✔ rejects full deletion when owned series names conflict in the unowned scope (473.152333ms)
  ✔ rolls back full deletion relations and skips image cleanup when deletion fails (409.829584ms)
  ✔ commits full deletion while reporting post-commit image cleanup failures (350.57475ms)
✔ organizationDeletionService (2769.224167ms)
▶ organizationMergeService
  ✔ merges cross-role records and transfers role-specific videos, children, and series (431.657ms)
  ✔ adopts the source brand image only when the target has none (431.448875ms)
  ✔ preflights publisher transfer business identity collisions before writing (424.868083ms)
  ✔ blocks a merge that would rewrite a pending video relation (431.155625ms)
  ✔ rejects a series name collision in the target scope without changing any relation (464.099959ms)
  ✔ rejects merging an ancestor into a deep descendant (376.597084ms)
  ✔ collapses a direct source-to-target hierarchy and transfers source siblings (290.737625ms)
  ✔ rolls back the profile and every relation when the transaction fails (346.116583ms)
  ✔ commits the merge and reports a brand image cleanup failure (471.340917ms)
  ✔ rejects using the same organization as target and source (345.257083ms)
✔ organizationMergeService (4014.13575ms)
▶ pending resource identity service
  ✔ uses the persisted choice, assigns the resource atomically, and applies only a matching current NFO (439.794959ms)
  ✔ completes resource ownership but does not apply metadata when the current NFO no longer matches (499.315125ms)
  ✔ finishes resource ownership when the current NFO cannot be inspected safely (454.835709ms)
  ✔ keeps the identity pending and creates no formal record when the source fingerprint is stale (437.906833ms)
  ✔ rechecks a STRM target snapshot and leaves the conflict intact when it changes (386.094125ms)
✔ pending resource identity service (2218.507625ms)
▶ PlayerService
  ✔ opens and reveals a local resource through system file operations (1.231042ms)
  ✔ opens a STRM target externally but reveals its local source file (0.102334ms)
  ✔ opens the primary direct resource with the system URL handler (0.086375ms)
  ✔ reports a system open failure and does not try another resource (0.133125ms)
  ✔ hands Magnet resources to the registered system protocol handler (0.064416ms)
  ✔ rejects every playback and reveal entry point before reading an archived or missing library (0.062917ms)
  ✔ opens and reveals only resources that belong to the selected library (6.530167ms)
✔ PlayerService (8.645583ms)
▶ playlist import browser navigation guard
  ✔ requires DOM-backed terminal reasons to carry a selector and pass host verification (1.028958ms)
  ✔ accepts known-total terminal evidence only when the checkpoint declares a total (0.13175ms)
  ✔ accepts a virtual first window only after a settled host-owned reset to the top (0.070917ms)
  ✔ revalidates terminal or link evidence in the final dynamic window before sealing (0.085ms)
  ✔ alternates virtual scrolling with frozen load-more actions before sealing (0.061166ms)
  ✔ defers bottom-only advance validation until a virtual page reaches its terminal view (0.047875ms)
  ✔ waits for a quiet window after every asynchronous load-more change (0.056166ms)
  ✔ restarts the quiet window when a temporary dynamic expansion rolls back (0.040875ms)
  ✔ classifies foreground retry failures without treating them as restart recovery (0.214833ms)
✔ playlist import browser navigation guard (2.433583ms)
▶ playlist importer browser guidance
  ✔ prefers structured reads while leaving page semantics and interaction to the agent (0.407416ms)
  ✔ hands page semantics to the agent and prioritizes user-only blockers (0.09825ms)
  ✔ extracts a first-page playlist name only from reliable page evidence (0.091333ms)
  ✔ requires every newly opened static page to be inspected and checkpointed before advancing again (0.082ms)
  ✔ distinguishes checkpoint evidence from status artifacts and explains terminal selectors (0.090875ms)
✔ playlist importer browser guidance (1.1615ms)
▶ PlaylistImportModule interface
  ✔ returns an initial browser handoff projected during the first agent dispatch (7.269666ms)
  ✔ persists the import job before the run driver can project bootstrap observations (3.7515ms)
  ✔ returns immediately after accepting one run and replays the same start idempotently (4.687ms)
  ✔ allows only one foreground import session at a time (4.475458ms)
  ✔ rejects invalid start targets before creating an Agent run (3.617791ms)
  ✔ includes write options in the idempotent frozen input (3.832209ms)
  ✔ rejects one idempotency key reused for different frozen input (3.739875ms)
  ✔ cancels pre-apply work without creating an empty playlist (4.280625ms)
  ✔ preserves a retryable recovery failure when apply invalidates after identity review (7.957584ms)
  ✔ retries a recoverable apply error after the target library becomes active again (5.556875ms)
  ✔ dispatches a same-session retry for a retryable discovery checkpoint (4.2ms)
  ✔ clears a missing page checkpoint before dispatching a same-session retry (4.949209ms)
  ✔ coalesces concurrent retries with the same idempotency key before recovery side effects (4.249375ms)
  ✔ keeps discovery retry state in the foreground session instead of the durable product journal (4.011584ms)
  ✔ applies a foreground retry atomically without reserving a durable retry result (4.9125ms)
  ✔ discards a browser session when driver creation fails before persistence (3.541333ms)
✔ PlaylistImportModule interface (75.718666ms)
▶ PlaylistImportRepository
  ✔ keeps all import staging in the current SQLite connection only (5.987292ms)
  ✔ rejects credential-bearing source and detail URLs before staging them (0.719875ms)
  ✔ removes sensitive detail URL credentials and requires explicit user identity handling (6.916083ms)
  ✔ accepts a checkpoint after a source redirects between www and apex host variants (4.63875ms)
  ✔ fails an empty external list without creating an empty playlist (3.707916ms)
  ✔ fails discovery when the frozen run exceeds its wall-clock safety budget (3.76625ms)
  ✔ checkpoints every page before atomically creating/reusing videos and a new playlist (6.599667ms)
  ✔ assigns stable unique page order when numbered pagination rediscoveries overlap (4.570458ms)
  ✔ fails self-referential and A-to-B-to-A static pagination as PAGINATION_LOOP (5.204709ms)
  ✔ keeps legal duplicate pages when their concrete pagination frontiers differ (4.863333ms)
  ✔ fails a sealed dynamic page whose next URL only loops to an existing frontier (4.218708ms)
  ✔ keeps a declared page-total mismatch retryable and accepts a corrected checkpoint (4.603042ms)
  ✔ rejects a conflicting nonterminal page before sealing it and completes after correction (5.11925ms)
  ✔ restarts from the source when only the terminal page proves earlier totals wrong (8.946166ms)
  ✔ uses the first-page Agent suggestion when the user leaves the new playlist name empty (4.227458ms)
  ✔ keeps existing playlist links and deduplicates the source playlist URL when enabled (4.200083ms)
  ✔ falls back to the existing host-and-date name when the Agent returns no name (4.778ms)
  ✔ does not let an Agent suggestion rename an append target (4.563209ms)
  ✔ skips unmatched items and omits detail links when both write options are disabled (4.084833ms)
  ✔ reuses a unique code match created after an auto-create-disabled preview (4.7635ms)
  ✔ persists target-library and target-playlist failures instead of leaving apply retry loops (7.024166ms)
  ✔ counts external convergence separately from videos already present before apply (5.650583ms)
  ✔ keeps multiple global code matches in the detail phase even when one is in the target library (4.308833ms)
  ✔ reuses a unique exact code discovered only on the detail page (4.769875ms)
  ✔ sends conflicting list and detail codes to user review without discarding list candidates (5.355708ms)
  ✔ rejects a stale direct-code decision when a duplicate appears before apply (4.982416ms)
  ✔ reopens identity resolution when another video claims the detail URL before apply (5.527208ms)
  ✔ returns target-library tiebreaks to identity review when memberships become stale (5.321167ms)
  ✔ persists an unexpected transactional apply failure and retries it atomically (5.237417ms)
  ✔ lets a unique strong detail match override the target library preference (5.369625ms)
  ✔ uses a canonical www detail link as a strong owner signal without duplicating it (4.436625ms)
  ✔ requires user review when independent strong detail signals conflict (5.514709ms)
  ✔ keeps a source owner outside the code candidates and blocks target-library tiebreaking (5.555541ms)
  ✔ invalidates the preview when a new source owner appears before apply (5.886125ms)
  ✔ treats source external-code and source-URL evidence as independent signals (6.6685ms)
  ✔ does not use the target library when complete business identity contradicts known candidates (4.856375ms)
  ✔ waits for the user when detail signals leave multiple cross-library candidates (5.827041ms)
  ✔ replays an identical page checkpoint and makes changed content recoverable (5.391292ms)
  ✔ makes a changed replay of a dynamic operation recoverable without duplicating the batch (4.158917ms)
  ✔ rolls a changed sealed dynamic page back with downstream frontiers and orphan items (65.017625ms)
  ✔ rejects a playlist name submitted after the first logical page (4.438833ms)
  ✔ persists and resumes a browser handoff without losing the current list frontier (4.261208ms)
  ✔ fails an expired browser handoff before persisting a resume checkpoint (3.343041ms)
  ✔ checkpoints overlapping virtual windows before sealing a continuous list (6.61675ms)
  ✔ persists host-owned load-more batches and seals only after the control disappears (5.374334ms)
  ✔ persists load-more no-progress and fails instead of retrying the same action (3.989917ms)
  ✔ fails the run instead of truncating a source that declares totals above the safety budget (3.910625ms)
  ✔ fails and rolls back a dynamic window above the per-batch candidate budget (4.808292ms)
✔ PlaylistImportRepository (301.258416ms)
▶ PlaylistImportAgentRunDriver scripted browser integration
  ✔ dispatches the conversation before the agent opens the frozen source page (7.894292ms)
  ✔ hands an initial challenge to the user through the agent browser tool (4.057125ms)
  ✔ requires the domain advance tool to claim a pending page before checkpointing it (9.984666ms)
  ✔ lets the agent choose how to return to frozen work after a handoff (3.920125ms)
  ✔ lets the agent hand a login page to the user immediately (4.175541ms)
  ✔ pauses for human verification when host-owned detail navigation hits a challenge (4.479333ms)
  ✔ replays a committed static page checkpoint after its response is lost (5.112667ms)
  ✔ replays a committed detail checkpoint after its response is lost (5.884208ms)
  ✔ restarts the changed dynamic page from its inbound frontier on product retry (5.596209ms)
  ✔ restarts a dynamic page with corrected declared totals after one product retry (8.620458ms)
  ✔ records an evidence-backed unsupported pagination report as an explicit terminal error (4.1095ms)
  ✔ requires a page checkpoint before advancing away from the current list page (4.091208ms)
  ✔ keeps a missing page checkpoint agent-correctable instead of locking the tool host (4.557ms)
  ✔ does not expose status artifacts as eligible page-checkpoint evidence (3.336584ms)
  ✔ inspects an automatic login redirect but still rejects a checkpoint from it (3.627209ms)
  ✔ checkpoints a finite recycled virtual list without gaps and binds evidence to every view (6.439ms)
  ✔ normalizes a one-based stable position attribute into a continuous virtual list (6.726291ms)
  ✔ backtracks to the last anchor and halves the step when variable heights skip a window (7.179ms)
  ✔ combines virtual scrolling with host-owned load-more and checkpoints the expanded window (1006.887208ms)
  ✔ retries a stalled virtual window once, then fails when it still cannot progress (4.674042ms)
✔ PlaylistImportAgentRunDriver scripted browser integration (1112.081583ms)
▶ playlistImportRecoverableToolFailure
  ✔ keeps only same-session timeout and changed-source failures retryable (0.155625ms)
✔ playlistImportRecoverableToolFailure (0.185458ms)
▶ PlaylistImporter ToolPack
  ✔ exposes static-page, virtual-window and detail checkpoints through one least-privilege pack (1.159667ms)
  ✔ lets the agent inspect and operate the same-site browser (0.259ms)
  ✔ binds every declaration to a production handler (0.083208ms)
  ✔ accepts one optional page-evidenced name on the page checkpoint (0.0635ms)
  ✔ requires a mechanically verifiable terminal contract (0.058209ms)
  ✔ describes static pagination as navigation followed by a new page checkpoint (0.072291ms)
  ✔ makes checkpoint evidence eligibility and terminal selector semantics explicit (0.217333ms)
✔ PlaylistImporter ToolPack (2.334458ms)
▶ playlistService media asset seam
  ✔ creates a playlist cover through MediaAssetStore and cleans it on delete (436.813375ms)
  ✔ deletes the previous cover only after a successful cover replacement (472.596958ms)
✔ playlistService media asset seam (909.830208ms)
▶ PluginBrowserCapabilityModule
  ✔ uses action-specific result budgets (0.686542ms)
  ✔ inlines complete small page-fact sections instead of keeping an oversized snapshot (34.9065ms)
  ✔ omits an oversized page-fact section as a whole and never returns a prefix (26.816375ms)
  ✔ returns an omitted artifact section through bounded cursor pages (83.185167ms)
  ✔ keeps every omitted delta section readable from the same artifact (47.735958ms)
  ✔ returns valid artifact sections and a catalog recovery action for an unknown section (16.920708ms)
  ✔ rejects read-section paths outside the browser artifact directory (8.201292ms)
  ✔ keeps a small localeLinks section when snapshot and content links are omitted (39.613792ms)
  ✔ hides oversized artifact string segments behind read-section pagination (47.182ms)
  ✔ returns every captured page-fact item when the complete observation fits (25.852334ms)
  ✔ keeps the hard transport limit even when the page has unusually many fact sections (439.263084ms)
  ✔ marks evidence incomplete only when the complete page evidence was actually capped (21.692667ms)
  ✔ returns occurrence-aware ARIA and top-level page-fact deltas for one document (43.6075ms)
  ✔ treats a scroll view revision as a full observation and invalidates prior refs (31.448167ms)
  ✔ records a newly appeared pageFacts section after fill without throwing (35.720125ms)
  ✔ falls back explicitly to the artifact when a complete delta exceeds its budget (45.781375ms)
  ✔ isolates baselines by session and resets them when a lease is released (29.532667ms)
  ✔ unwraps evaluate values that were unnecessarily JSON-stringified (22.78325ms)
  ✔ keeps a successful action pending result successful and compact (24.003875ms)
  ✔ redacts typed text from the stored artifact (18.925292ms)
✔ PluginBrowserCapabilityModule (1044.832583ms)
▶ PluginDeveloper approval and lifecycle stability
  ✔ restores a legacy run with newly-invalid field ids as a repairable workspace (155.877417ms)
  ✔ clears every durable plugin-development history without touching other Agent use cases (37.712166ms)
  ✔ refuses to clear history while a plugin-development operation is running (0.458209ms)
  ✔ discards unrecoverable plugin-development history without touching recoverable runs (60.341458ms)
  ✔ waits for a slow terminal release before an immediate continuation reopens the run (0.976541ms)
  ✔ materializes a terminal workspace before lazy continuation projects native file tools (116.956542ms)
  ✔ projects Pi native file tools into the durable product timeline (130.927334ms)
  ✔ records exactly one domain error when a runtime fault transitions the run to failed (0.272666ms)
  ✔ surfaces an unpersistable runtime fault and resolves the active operation (0.217ms)
  ✔ publishes the reduced active context immediately after Pi compaction (0.204542ms)
  ✔ keeps a transient invalid workspace recoverable and resyncs after a valid rewrite (118.152958ms)
  ✔ streams provider reasoning and answer while persisting each only once per completed turn (72.594833ms)
  ✔ bounds one displayed reasoning block and reports the original character count (1.986125ms)
  ✔ revokes an approved permit when Pi rejects the approval continuation (0.235833ms)
  ✔ does not consume an approval while the operation that emitted waiting_user is still settling (0.093125ms)
  ✔ binds a typed choice to the exact request without treating it as user feedback (551.051167ms)
  ✔ resumes a typed browser interaction without turning completion into defect feedback (0.170167ms)
  ✔ keeps a mechanically ready artifact waiting for user after Pi settles (145.807416ms)
  ✔ requires real feedback before continuing a mechanically ready artifact (139.353084ms)
  ✔ keeps readiness for dev-notes edits but invalidates it for package edits (187.775667ms)
  ✔ does not run hidden production execution when Pi settles without a current artifact (128.120583ms)
  ✔ projects a model-turn limit into waiting_user/working without running a hidden check (129.79125ms)
  ✔ allows installation only for the exact full production execution artifact (0.455875ms)
  ✔ marks the session completed only after the accepted artifact is installed (0.285583ms)
  ✔ adopts the installed display name when install renames to avoid a conflict (115.960208ms)
  ✔ persists the renamed installed package onto settled product state (125.968542ms)
  ✔ releases only PluginDeveloper-owned runs during application disposal (0.231292ms)
✔ PluginDeveloper approval and lifecycle stability (2223.050667ms)
✔ uses the indexed journal cursor for active and persisted plugin snapshots (0.367834ms)
✔ preserves incremental logs across stale-runtime cancellation, cold snapshot, restore and export (1293.336084ms)
✔ keeps the migrated work log reference when runtime reopen fails during recovery (267.002125ms)
✔ retries closed workspaces with intact or corrupted state without rewriting diagnostic data (450.03875ms)
✔ serializes cleanup admission and drains safely: {"initial":"clear","fail":false,"dispose":true} (435.713459ms)
✔ serializes cleanup admission and drains safely: {"initial":"discard","fail":true,"dispose":true} (436.031333ms)
✔ serializes cleanup admission and drains safely: {"initial":"clear","fail":true,"dispose":false} (471.727416ms)
▶ PluginExecutionModule
  ✔ passes only the typed actress runtime identity and preserves production facts (19.113375ms)
  ✔ records rejected production results without adding semantic issue classifications (17.580458ms)
  ✔ does not accept undefined or runtime-only output as a material production result (18.183083ms)
  ✔ does not accept a video source link without any material scraped field (18.771291ms)
  ✔ treats a full empty contract return as unmatched targets, not a broken shape (0.167833ms)
✔ PluginExecutionModule (74.35375ms)
▶ PluginRunAcceptanceModule
  ✔ accepts an exact full production artifact without judging content or manifest coverage (2.067ms)
  ✔ keeps readiness when only the plugin display name changes (0.183666ms)
  ✔ rejects targeted, stale package, stale target, stale runtime, and failed execution artifacts (0.325792ms)
  ✔ never accepts a vacuous full execution with no session targets or cases (0.085584ms)
  ✔ treats a successful proper-subset run as wrong_scope, not execution_failed (0.071833ms)
  ✔ keeps execution_failed when a targeted subset itself failed (0.075167ms)
✔ PluginRunAcceptanceModule (3.484708ms)
▶ PluginWorkspaceModule
  ✔ starts create mode without a requested or predeclared field set (0.970875ms)
  ✔ materializes a Pi-native file workspace and rebuilds a normalized package (105.338ms)
  ✔ treats workspace files as authoritative and changes the artifact hash after an edit (128.809167ms)
  ✔ keeps Pi dev notes outside the plugin artifact and preserves them across instruction refreshes (191.221208ms)
  ✔ atomically records completed execution facts and the current acceptance projection (138.296333ms)
  ✔ updates current acceptance without overwriting the latest execution facts (157.926458ms)
  ✔ does not reinterpret a removed workspace field declaration as all fields (131.319792ms)
  ✔ refreshes v4 host resources without overwriting the draft or decisions (213.966708ms)
  ✔ preserves same-kind legacy targets only when current input has none (228.154042ms)
  ✔ keeps current instruction resources frozen when the workspace is reopened (125.938709ms)
  ✔ preserves an older frozen instruction set while restoring an existing run (107.355042ms)
✔ PluginWorkspaceModule (1530.100667ms)
✔ awaits asynchronous removal without recursively deleting through the synchronous API (26.113584ms)
▶ PluginDevInstructionModule
  ✔ keeps the system prompt limited to identity, workspace and host boundaries (0.499625ms)
  ✔ makes javdex-plugin-dev the only owner of the development workflow (2.581666ms)
  ✔ orders page-level search and detail code checkpoints for video and actress skills (0.51ms)
  ✔ generates isolated result contracts and workflow examples for each plugin kind (0.364667ms)
  ✔ marks field documentation as a query table rather than an implementation checklist (0.100209ms)
  ✔ preserves a resolved choice and reassesses the remaining blocker (0.067625ms)
  ✔ resumes a completed browser handoff from the interrupted location (0.045125ms)
  ✔ uses the host initial dry-run in debug mode without requesting a duplicate run (0.102542ms)
  ✔ starts create from the Skill instead of a five-file reading ritual (0.103875ms)
  ✔ generates stable v1 resources for identical inputs (0.512083ms)
  ✔ applies user feedback without manufacturing an extra development round (0.125333ms)
  ✔ treats the resume button as continuation rather than new defect feedback (0.217416ms)
  ✔ exposes only dry-run, typed user input and the browser adapter tools (0.170833ms)
✔ PluginDevInstructionModule (5.949833ms)
▶ PluginDeveloper v1 tool executor
  ✔ rejects removed domain tools (131.00275ms)
  ✔ rejects URL-shaped targets without replacing the initial dry-run state (130.354834ms)
  ✔ preserves the prior latest facts while the workspace is temporarily invalid (148.99675ms)
  ✔ adopts the first legal explicit targets immediately and exposes runtime facts (173.957667ms)
  ✔ emits adopted targets before the production runner settles (150.342ms)
  ✔ replaces session targets after a full unmatched execution (172.479209ms)
  ✔ keeps later explicit targets targeted when the last full run was not an empty miss (127.056583ms)
  ✔ uses later explicit targets only for targeted diagnostics (143.017292ms)
  ✔ treats explicit targets that cover the session set as a full run (126.836042ms)
  ✔ allows the fourth and tenth real executions without an attempt limit (217.988833ms)
  ✔ reads an artifact section without acquiring the live browser lease (128.022666ms)
  ✔ maps bounded scroll arguments to the shared browser command (137.782209ms)
  ✔ terminates on browser busy without replacing the initial dry-run state (135.290125ms)
  ✔ does not replace the initial dry-run state when Cloudflare interrupts the run (124.607083ms)
  ✔ preserves the prior latest facts when a real execution is cancelled (111.036541ms)
✔ PluginDeveloper v1 tool executor (2159.648458ms)
▶ plugin developer Cloudflare handoff
  ✔ retains the browser only for browser interaction handoff requests (0.359625ms)
  ✔ recognizes the typed browser challenge signal (0.068458ms)
  ✔ turns browser action=open challenge into an immediate waiting_user handoff (148.876708ms)
  ✔ presents the helper and creates a typed login handoff without running a Playwright action (121.581375ms)
  ✔ returns typed recovery errors for uncertain actions and pending explicit observations (121.019375ms)
✔ plugin developer Cloudflare handoff (392.742042ms)
▶ PluginDeveloper ToolPack v1
  ✔ matches the compact Pi-native schema in stable order (0.754875ms)
  ✔ classifies dry-run, browser reads/interactions and secret typing explicitly (0.156542ms)
  ✔ governs every remaining host capability through permission, abort and ledger (7.553709ms)
✔ PluginDeveloper ToolPack v1 (8.900167ms)
▶ pluginDevAgent workLog
  ✔ records full tool detail and builds an exportable timeline (15.535333ms)
  ✔ never exports a failed terminal state without an error event (0.2095ms)
✔ pluginDevAgent workLog (16.107458ms)
✔ migrates a legacy log once, preserves message/event order, and reads only its committed journal interval (16.198ms)
✔ rolls back journal appends when product state commit fails and retries without duplicates (1.156125ms)
✔ rejects changed legacy prefixes, shrinking histories, missing rows and malformed references without rewriting data (1.074459ms)
✔ keeps logical state+journal writes linear for 1k, 10k and 100k log entries (4960.206625ms)
ℹ {"results":[{"entries":1000,"stateBytes":110786,"journalBytes":131780},{"entries":10000,"stateBytes":1127788,"journalBytes":1337780},{"entries":100000,"stateBytes":11477790,"journalBytes":13577780}],"scope":"In-memory SQLite logical JSON bytes; outer transaction amortizes test setup. Not WAL/device bytes, fsync latency, UI or cold recovery memory acceptance."}
▶ pluginDevCodeEdit
  ✔ replace_snippet swaps a unique fragment (0.876125ms)
  ✔ replace_snippet rejects non-unique oldText (0.161791ms)
  ✔ replace_snippet picks match nearest nearLine (0.537833ms)
  ✔ replace_function can replace a top-level helper (0.422167ms)
  ✔ replace_function rejects re-declaring helper inside parseActress block (0.219292ms)
  ✔ listTopLevelFunctions returns names with line ranges (0.796334ms)
  ✔ findDuplicateTopLevelBindings detects duplicate function names (0.054709ms)
✔ pluginDevCodeEdit (3.494667ms)
▶ pluginDevPageFormat
  ✔ formats definition lists and dom regions for prompts (1.075166ms)
  ✔ formats inspect locale anchors without treating them as a language API (0.0805ms)
  ✔ includes link region markers (0.063625ms)
  ✔ builds full page insight prompt (0.189958ms)
  ✔ keeps forms and prioritized links when raw DOM regions are very large (0.474667ms)
✔ pluginDevPageFormat (2.479708ms)
▶ pluginDevService
  ✔ preserves an explicit empty supportedFields list for an undiscovered create draft (5.523959ms)
  ✔ rejects parse result keys used as supportedFields instead of silently dropping them (7.501875ms)
  ✔ wraps generated bare parseVideo functions before dry-run (73.42475ms)
  ✔ reports unrecognized raw result keys before normalization without suggestions (57.387167ms)
  ✔ preserves every normalized video candidate during dry-run (57.279709ms)
  ✔ rejects a video result whose code does not match the requested target (60.9085ms)
  ✔ wraps generated bare parseActress functions before dry-run (62.941375ms)
  ✔ reports legal manifest field ids even when the compatibility projection accepts an empty declaration (66.009292ms)
  ✔ coerces actress numeric and date strings during dry-run (62.9765ms)
  ✔ returns actress identity facts without adding a semantic target rejection (70.527125ms)
✔ pluginDevService (525.487166ms)
✔ coalesces a large burst and flushes the final value without leaking a timer (3.474292ms)
✔ limits continuous progress to ten updates per second plus the final flush (0.461417ms)
✔ replaces pending progress with an immediate state and can publish the next state (0.123458ms)
✔ normalizeProxyUrl accepts common proxy schemes (0.672916ms)
✔ normalizeProxyUrl rejects empty and invalid values (0.223667ms)
▶ public HTTP fetch
  ✔ rejects private literals and hostnames resolving to private addresses (3.480375ms)
  ✔ connects to the validated address while preserving the logical host (21.275417ms)
  ✔ validates redirect destinations and caps streamed response bytes (0.716708ms)
  ✔ applies one timeout budget to URL validation and the request (31.911417ms)
  ✔ closes a pending SOCKS connection when the request deadline expires (61.877958ms)
✔ public HTTP fetch (119.962791ms)
▶ resourceLessVideoCleanupService
  ✔ deletes only zero-resource videos and removes their relations and owned images (368.360916ms)
  ✔ protects zero-resource videos while any playlist still references them (255.605417ms)
  ✔ counts and cleans assets only after the final guarded delete succeeds (248.904ms)
✔ resourceLessVideoCleanupService (873.390375ms)
▶ ScrapeJobController
  ✔ flushes and detaches UI progress on rejection before accepting another batch (4.615791ms)
  ✔ coalesces video UI progress while preserving checkpoints and done delivery (22.335208ms)
  ✔ coalesces video UI progress while preserving checkpoints and paused delivery (17.761625ms)
  ✔ coalesces video UI progress while preserving checkpoints and cancelled delivery (15.541125ms)
  ✔ coalesces actress UI progress while preserving checkpoints and done delivery (18.716208ms)
  ✔ coalesces actress UI progress while preserving checkpoints and paused delivery (17.955125ms)
  ✔ coalesces actress UI progress while preserving checkpoints and cancelled delivery (14.870583ms)
  ✔ preserves media-library scope through batch count and start orchestration (0.283958ms)
  ✔ rejects a single-video scrape outside the requesting active media library (0.435375ms)
  ✔ forwards an explicit director choice and returns structured classification outcomes (0.091042ms)
  ✔ serializes single video and actress scrape runs (0.085333ms)
  ✔ pauses an interrupted persisted job during initialization (0.088792ms)
  ✔ recovers an on-disk running checkpoint as paused after restart (76.568292ms)
  ✔ publishes progress and supports pause, resume, and discard for persisted batches (0.773083ms)
  ✔ prevents starting a scrape batch while automatic crop owns the batch lock (0.160792ms)
✔ ScrapeJobController (191.091709ms)
▶ ScraperDelayController
  ✔ starts the next same-site interval after the previous access finishes (20.687167ms)
✔ ScraperDelayController (21.034167ms)
▶ ScraperPluginCatalog
  ✔ restores the configured default after deleting a selected plugin (1.00175ms)
✔ ScraperPluginCatalog (1.387875ms)
▶ ScraperServiceConfiguration
  ✔ keeps scraper service IPC policy behind one application boundary (1.235167ms)
✔ ScraperServiceConfiguration (1.569791ms)
▶ SequentialBatchQueue
  ✔ counts success, pending, and failure as disjoint processed outcomes (1.206334ms)
  ✔ pauses after the current target and resumes from checkpoint (0.190958ms)
✔ SequentialBatchQueue (1.754792ms)
▶ seriesMergeService
  ✔ merges an explicit source into the target and transfers videos and direct children (306.910292ms)
  ✔ adopts the source cover only when the target has no formal cover (391.433208ms)
  ✔ rejects a merged name collision in the final owner scope without changing relations (468.733791ms)
  ✔ rejects a merge that would move an ancestor branch below its descendant (436.967209ms)
  ✔ collapses a direct source-to-target hierarchy without making the target its own parent (494.2705ms)
  ✔ rolls back profile, video, and child changes when the database transaction fails (366.0125ms)
  ✔ commits the merge and reports an obsolete source cover cleanup failure (478.850375ms)
  ✔ rejects using the same series as target and source (421.01175ms)
✔ seriesMergeService (3365.004459ms)
✔ reuses canonical query pages, isolates caller mutations, and invalidates local and external writes (297.849ms)
✔ bypasses cached pages inside transactions and never publishes data that is rolled back (284.665875ms)
✔ evicts least recently used pages and validates raw search before cache lookup (376.868333ms)
✔ evicts by serialized byte budget before eight large pages accumulate (574.688667ms)
✔ observes an external commit during a read and refreshes on the next call (440.218292ms)
✔ does not cache a failed read and allows the same query to retry (449.85125ms)
✔ separates connections even when their revision counters match (834.004375ms)
✔ binds a separate cache and repository to a readonly connection, without using the writer getter (308.718459ms)
▶ videoBatchScrapeQueue feedback
  ✔ identifies scoped and global target sets in batch status text (0.389625ms)
  ✔ preserves and revalidates the original library scope when resuming a checkpoint (0.696167ms)
  ✔ revalidates every frozen scoped target immediately before scraping (0.108667ms)
  ✔ formats success, skip, and partial-warning outcomes distinctly (0.158834ms)
  ✔ counts a persisted multi-candidate result as pending instead of success or failure (0.123ms)
✔ videoBatchScrapeQueue feedback (1.984208ms)
▶ video lifecycle service
  ✔ cleans app-owned and pending assets while never receiving source media paths (0.9235ms)
  ✔ retries cleanup safely when the repository replays an idempotent result (0.154917ms)
  ✔ deletes managed source files before committing the global video record (0.208375ms)
✔ video lifecycle service (1.71225ms)
Staged video file remains queued for deletion: /var/folders/h4/zxrt6zwx6dv1n16kwxzltqgh0000gn/T/javdex-video-maintenance-policy-8pBQbg/media-root/IPX-535.mp4.javdex-delete-f4238d81-b7cf-4b44-ac2b-65090488e86f Error: file is busy
    at unlinkSync (/Users/nut/Project/JavdexLabs/Javdex/src/main/services/videoMaintenanceService.test.ts:1053:15)
    at finalizeStagedLocalFiles (/Users/nut/Project/JavdexLabs/Javdex/src/main/services/videoMaintenanceService.ts:389:9)
    at withStagedLocalFileDeletion (/Users/nut/Project/JavdexLabs/Javdex/src/main/services/videoMaintenanceService.ts:414:7)
    at <anonymous> (/Users/nut/Project/JavdexLabs/Javdex/src/main/services/videoMaintenanceService.ts:486:7)
    at <anonymous> (/Users/nut/Project/JavdexLabs/Javdex/src/main/services/mediaAssetStore.ts:506:24)
    at AsyncLocalStorage.run (node:internal/async_local_storage/async_context_frame:63:14)
    at MediaAssetStore.runCoordinatedChange (/Users/nut/Project/JavdexLabs/Javdex/src/main/services/mediaAssetStore.ts:504:31)
    at MediaAssetStore.coordinateDatabaseChange (/Users/nut/Project/JavdexLabs/Javdex/src/main/services/mediaAssetStore.ts:465:17)
    at MediaAssetStore.runInCoordinatedChange (/Users/nut/Project/JavdexLabs/Javdex/src/main/services/mediaAssetStore.ts:475:17)
    at removeResource (/Users/nut/Project/JavdexLabs/Javdex/src/main/services/videoMaintenanceService.ts:468:5)
Staged video file remains queued for deletion: /var/folders/h4/zxrt6zwx6dv1n16kwxzltqgh0000gn/T/javdex-video-maintenance-policy-Eams5a/media-root/IPX-535.mp4.javdex-delete-5bf21397-6b52-49da-86fa-d14773353288 Error: 只能操作身份有效的启用媒体库根目录内文件
    at rejectManagedRootFile (/Users/nut/Project/JavdexLabs/Javdex/src/main/services/mediaLibraryRootFileGuard.ts:32:9)
    at requireCurrentRootIdentity (/Users/nut/Project/JavdexLabs/Javdex/src/main/services/mediaLibraryRootFileGuard.ts:86:5)
    at assertRootFile (/Users/nut/Project/JavdexLabs/Javdex/src/main/services/mediaLibraryRootFileGuard.ts:98:27)
    at assertMediaLibraryRootDeletionTarget (/Users/nut/Project/JavdexLabs/Javdex/src/main/services/mediaLibraryRootFileGuard.ts:182:3)
    at assertDeletionAllowed (/Users/nut/Project/JavdexLabs/Javdex/src/main/services/videoMaintenanceService.ts:484:9)
    at finalizeStagedLocalFiles (/Users/nut/Project/JavdexLabs/Javdex/src/main/services/videoMaintenanceService.ts:388:9)
    at withStagedLocalFileDeletion (/Users/nut/Project/JavdexLabs/Javdex/src/main/services/videoMaintenanceService.ts:414:7)
    at <anonymous> (/Users/nut/Project/JavdexLabs/Javdex/src/main/services/videoMaintenanceService.ts:486:7)
    at <anonymous> (/Users/nut/Project/JavdexLabs/Javdex/src/main/services/mediaAssetStore.ts:506:24)
    at AsyncLocalStorage.run (node:internal/async_local_storage/async_context_frame:63:14)
Failed to recover pending local file deletion: /var/folders/h4/zxrt6zwx6dv1n16kwxzltqgh0000gn/T/javdex-video-maintenance-policy-zc29SN/offline-volume/movie.mp4.javdex-delete-interrupted Error: 暂存文件所在存储当前不可用
    at recoverPendingLocalFileDeletions (/Users/nut/Project/JavdexLabs/Javdex/src/main/services/pendingLocalFileDeletionService.ts:48:46)
    at TestContext.<anonymous> (/Users/nut/Project/JavdexLabs/Javdex/src/main/services/videoMaintenanceService.test.ts:1243:22)
    at Test.runInAsyncScope (node:async_hooks:227:14)
    at Test.run (node:internal/test_runner/test:1325:25)
    at Suite.processPendingSubtests (node:internal/test_runner/test:911:18)
    at Test.postRun (node:internal/test_runner/test:1465:19)
    at Test.run (node:internal/test_runner/test:1390:12)
    at async Suite.processPendingSubtests (node:internal/test_runner/test:911:7)
Failed to recover pending local file deletion: /var/folders/h4/zxrt6zwx6dv1n16kwxzltqgh0000gn/T/javdex-video-maintenance-policy-HlqnLk/media-root/IPX-535.mp4.javdex-delete-before-rename Error: 原文件所在存储当前不可用
    at recoverPendingLocalFileDeletions (/Users/nut/Project/JavdexLabs/Javdex/src/main/services/pendingLocalFileDeletionService.ts:40:19)
    at TestContext.<anonymous> (/Users/nut/Project/JavdexLabs/Javdex/src/main/services/videoMaintenanceService.test.ts:1289:22)
    at Test.runInAsyncScope (node:async_hooks:227:14)
    at Test.run (node:internal/test_runner/test:1325:25)
    at Suite.processPendingSubtests (node:internal/test_runner/test:911:18)
    at Test.postRun (node:internal/test_runner/test:1465:19)
    at Test.run (node:internal/test_runner/test:1390:12)
    at async Suite.processPendingSubtests (node:internal/test_runner/test:911:7)
Failed to recover pending local file deletion: /var/folders/h4/zxrt6zwx6dv1n16kwxzltqgh0000gn/T/javdex-video-maintenance-policy-lyiQYq/media-root/missing.mp4.javdex-delete-missing Error: 暂存文件和原文件均不存在
    at recoverPendingLocalFileDeletions (/Users/nut/Project/JavdexLabs/Javdex/src/main/services/pendingLocalFileDeletionService.ts:40:19)
    at TestContext.<anonymous> (/Users/nut/Project/JavdexLabs/Javdex/src/main/services/videoMaintenanceService.test.ts:1321:22)
    at Test.runInAsyncScope (node:async_hooks:227:14)
    at Test.run (node:internal/test_runner/test:1325:25)
    at Suite.processPendingSubtests (node:internal/test_runner/test:911:18)
    at Test.postRun (node:internal/test_runner/test:1465:19)
    at Test.run (node:internal/test_runner/test:1390:12)
    at async Suite.processPendingSubtests (node:internal/test_runner/test:911:7)
▶ VideoMaintenanceService
  ✔ creates and reuses organization identities while editing video metadata (483.405542ms)
  ✔ rolls back video fields when organization assignment fails (453.191792ms)
  ✔ creates or appends HTTP resources without scraping and keeps one primary resource (528.222ms)
  ✔ normalizes a manually entered code before attaching a resource (407.931792ms)
  ✔ attaches a normalized link to an existing legacy lowercase code (455.035417ms)
  ✔ reports the owning video when a normalized HTTP resource already exists (507.964917ms)
  ✔ imports Magnet and ED2K resources and deduplicates their protocol identities (284.034167ms)
  ✔ keeps STRM targets read-only while editing metadata and safely deletes the source file (325.855834ms)
  ✔ restores a staged STRM source and rolls back removal when primary promotion fails (385.113542ms)
  ✔ refuses to remove an active-root STRM source after the root path is replaced (326.895042ms)
  ✔ edits metadata, status, rating, poster, and manual tags (348.83475ms)
  ✔ attaches the exact selected long-name tag, promotes scraped origin, and rejects deleted selections (309.819583ms)
  ✔ rolls back tag creation or origin promotion when updating the video fails (270.936ms)
  ✔ imports and deletes a local sample in the temporary media directory (290.102209ms)
  ✔ switches the primary resource and deletes only the selected local resource (358.612708ms)
  ✔ restores a staged local file and rolls back resource removal when promotion fails (356.22ms)
  ✔ sets any resource as primary and promotes deterministic fallbacks after removal (404.056291ms)
  ✔ does not promote an inaccessible local resource over an available web link (326.677792ms)
  ✔ requires an explicit decision when manually removing the last resource (309.925292ms)
  ✔ never turns last-resource removal into a global deletion (286.347541ms)
  ✔ rejects every resource mutation for missing or archived media libraries (317.921583ms)
  ✔ updates only the display label of a local resource (304.718709ms)
  ✔ removes a symbolic-link resource without deleting its target file (266.296375ms)
  ✔ refuses to remove a disabled-root resource after the root path is replaced (311.201041ms)
  ✔ rejects local source deletion for every non-active root state before staging (204.839125ms)
  ✔ rejects physical source deletion when the resource has no root ownership (240.861375ms)
  ✔ skips unmanaged source files when deleting a video globally (271.109958ms)
  ✔ corrects an imported code (275.863875ms)
  ✔ persists a committed cleanup task when resource-file deletion must be retried (306.667ms)
  ✔ revalidates the root identity before unlinking an already staged source (287.325542ms)
  ✔ does not delete resource records when the file storage cannot be audited (270.852792ms)
  ✔ adopts an interrupted prepared task when resource removal is retried (285.913917ms)
  ✔ does not adopt a prepared resource-removal task when the original path was replaced (294.021459ms)
  ✔ restores an interrupted pre-commit file staging task (290.976041ms)
  ✔ keeps a cleanup task queued while its original storage is unavailable (312.215917ms)
  ✔ finishes cleanup after a storage remount changes its device id (273.913333ms)
  ✔ retains a pre-rename prepared task when another device occupies the original path (275.908833ms)
  ✔ retains prepared state and database records when both file paths are missing (281.361ms)
  ✔ keeps the prepared task when storage disappears during resource-removal rollback (328.033166ms)
  ✔ clears scraped metadata and relations but keeps manual tags (309.5285ms)
  ✔ corrects to an already used code without implicitly merging videos (298.05375ms)
  ✔ explicitly merges same-code videos while preserving the chosen id and primary resource (361.853042ms)
  ✔ unions manual tags but keeps the retained scraped-tag field as a whole (356.096833ms)
  ✔ unions cast, playlists, sources, and ratings while preserving retained conflicts and scrape history (385.843084ms)
  ✔ merges cover, poster, and sample fields as whole sets and reclaims only unused media (382.046958ms)
  ✔ rejects a merge whose combined identity belongs to a third video (346.911416ms)
  ✔ rolls back an ordinary merge when deleting the source record fails (282.676667ms)
  ✔ rejects merging videos with different normalized codes (318.249917ms)
  ✔ uses the normal availability-aware promotion rule when neither merged video has a primary (358.013ms)
  ✔ splits a non-primary resource into a metadata-empty pending-identity video (330.832833ms)
  ✔ blocks primary splitting and rolls back a failed non-primary split (315.29575ms)
  ✔ locks metadata while a video scrape result is pending but still allows resource splitting (280.160666ms)
  ✔ requires confirmation before correcting a pending video and clears staging atomically (306.5315ms)
  ✔ rolls back the whole edit when it would create a complete business identity conflict (287.366334ms)
  ✔ stores related links on a video and returns them on detail (256.665042ms)
  ✔ rejects invalid related links and keeps the previous list (248.944ms)
  ✔ keeps related links when clearing scraped metadata (268.005458ms)
  ✔ allows related-link edits while a video scrape result is pending (102.809417ms)
  ✔ unions related links on merge with the retained video first (100.985583ms)
  ✔ leaves related links on the original video when splitting a resource (69.89175ms)
✔ VideoMaintenanceService (18788.305209ms)
▶ VideoQueryService
  ✔ lists videos and reads their detail without mutating library state (452.097708ms)
  ✔ redacts external resource locators in detail projections until explicitly requested (446.663708ms)
  ✔ projects a STRM source path while keeping its complete target main-process only (447.908083ms)
✔ VideoQueryService (1347.238083ms)
▶ VideoResourceLinkService
  ✔ tests a direct link and returns Content-Length when available (1.0305ms)
  ✔ returns a non-throwing failure without echoing a sensitive query (0.144708ms)
  ✔ routes checks through the hardened public HEAD transport (0.101208ms)
✔ VideoResourceLinkService (1.639334ms)
▶ videoScrapeApplyService.resolveEffectiveScrapeFields
  ✔ fillEmpty keeps only empty scalar fields (634.37825ms)
  ✔ fillEmpty evaluates female and male cast independently (610.813875ms)
  ✔ replaceIfPresent keeps all selected fields regardless of current values (628.339541ms)
  ✔ fillEmpty includes cast fields when video has no performers (658.20775ms)
✔ videoScrapeApplyService.resolveEffectiveScrapeFields (2532.294291ms)
▶ videoScrapeApplyService.planVideoScrapeResult update matrix
  ✔ title follows fillEmpty semantics for every current and scraped value state (393.668084ms)
  ✔ title follows replaceIfPresent semantics for every current and scraped value state (471.024125ms)
  ✔ title follows replace semantics for every current and scraped value state (468.943792ms)
  ✔ summary follows fillEmpty semantics for every current and scraped value state (437.01725ms)
  ✔ summary follows replaceIfPresent semantics for every current and scraped value state (443.868792ms)
  ✔ summary follows replace semantics for every current and scraped value state (338.090041ms)
  ✔ cover follows fillEmpty semantics for every current and scraped value state (485.930541ms)
  ✔ cover follows replaceIfPresent semantics for every current and scraped value state (471.93175ms)
  ✔ cover follows replace semantics for every current and scraped value state (474.905459ms)
  ✔ releaseDate follows fillEmpty semantics for every current and scraped value state (468.027292ms)
  ✔ releaseDate follows replaceIfPresent semantics for every current and scraped value state (437.812042ms)
  ✔ releaseDate follows replace semantics for every current and scraped value state (415.982917ms)
  ✔ maker follows fillEmpty semantics for every current and scraped value state (336.009458ms)
  ✔ maker follows replaceIfPresent semantics for every current and scraped value state (339.089458ms)
  ✔ maker follows replace semantics for every current and scraped value state (385.990542ms)
  ✔ publisher follows fillEmpty semantics for every current and scraped value state (418.746125ms)
  ✔ publisher follows replaceIfPresent semantics for every current and scraped value state (377.933833ms)
  ✔ publisher follows replace semantics for every current and scraped value state (367.059083ms)
  ✔ series follows fillEmpty semantics for every current and scraped value state (377.958333ms)
  ✔ series follows replaceIfPresent semantics for every current and scraped value state (406.101083ms)
  ✔ series follows replace semantics for every current and scraped value state (366.191625ms)
  ✔ director follows fillEmpty semantics for every current and scraped value state (417.635667ms)
  ✔ director follows replaceIfPresent semantics for every current and scraped value state (418.861917ms)
  ✔ director follows replace semantics for every current and scraped value state (368.235125ms)
  ✔ duration follows fillEmpty semantics for every current and scraped value state (382.82825ms)
  ✔ duration follows replaceIfPresent semantics for every current and scraped value state (375.016666ms)
  ✔ duration follows replace semantics for every current and scraped value state (388.982833ms)
  ✔ actressesFemale follows fillEmpty semantics for every current and scraped value state (351.915209ms)
  ✔ actressesFemale follows replaceIfPresent semantics for every current and scraped value state (375.000917ms)
  ✔ actressesFemale follows replace semantics for every current and scraped value state (401.278959ms)
  ✔ actressesMale follows fillEmpty semantics for every current and scraped value state (356.326333ms)
  ✔ actressesMale follows replaceIfPresent semantics for every current and scraped value state (361.97275ms)
  ✔ actressesMale follows replace semantics for every current and scraped value state (377.944458ms)
  ✔ tags follows fillEmpty semantics for every current and scraped value state (359.619583ms)
  ✔ tags follows replaceIfPresent semantics for every current and scraped value state (413.174958ms)
  ✔ tags follows replace semantics for every current and scraped value state (358.429ms)
  ✔ source follows fillEmpty semantics for every current and scraped value state (346.881291ms)
  ✔ source follows replaceIfPresent semantics for every current and scraped value state (315.268792ms)
  ✔ source follows replace semantics for every current and scraped value state (355.517459ms)
  ✔ rating follows fillEmpty semantics for every current and scraped value state (333.871167ms)
  ✔ rating follows replaceIfPresent semantics for every current and scraped value state (113.669917ms)
  ✔ rating follows replace semantics for every current and scraped value state (102.268375ms)
  ✔ samples follows fillEmpty semantics for every current and scraped value state (62.637792ms)
  ✔ samples follows replaceIfPresent semantics for every current and scraped value state (46.880875ms)
  ✔ samples follows replace semantics for every current and scraped value state (57.231792ms)
✔ videoScrapeApplyService.planVideoScrapeResult update matrix (16125.700958ms)
▶ videoScrapeApplyService.applyScrapeResult
  ✔ builds a read-only plan before applying field changes (52.831625ms)
  ✔ applies scalar fields consistently across the three update modes (61.827792ms)
  ✔ does not record a successful scrape when no selected field can be written (67.224125ms)
  ✔ clears only the selected source site metadata in replace mode (123.107667ms)
  ✔ preserves existing cover and warns when a returned image is unavailable (141.008708ms)
  ✔ keeps the complete old sample set when any returned sample is unavailable (136.74675ms)
  ✔ replaces selected relation sets while preserving manual tags and the other cast gender (74.638166ms)
  ✔ keeps a committed scrape successful when post-commit library cleanup fails (91.227042ms)
  ✔ does not roll back scraped tags when orphan-tag cleanup fails after commit (130.953916ms)
  ✔ reuses the unique name owner for canonically equivalent scraped cast names (135.297333ms)
  ✔ does not create or link an actress for a migrated pending cast name (129.711625ms)
  ✔ replaceIfPresent updates existing scalars when scrape has values and keeps null scrape values (92.532459ms)
  ✔ stores external stats under ratingSourceName when provided (86.335958ms)
  ✔ leaves downloaded cast avatars untouched for application-layer adoption (140.924ms)
✔ videoScrapeApplyService.applyScrapeResult (1465.297625ms)
▶ videoScrapeApplyService classification entity resolution
  ✔ preserves entity update semantics across fillEmpty, replaceIfPresent, and replace (106.734958ms)
  ✔ matches main names, aliases, and normalized equivalents without overwriting profiles (75.73225ms)
  ✔ creates only basic entities, reuses one organization across roles, and leaves series unowned (121.59025ms)
  ✔ rolls back scalar writes and newly created entities when a classification assignment fails (138.643417ms)
  ✔ keeps the current director when its alias is one of multiple candidates without updating the video (133.772667ms)
  ✔ pauses a single scrape for director choice and applies the selected candidate on retry (137.779125ms)
  ✔ preserves an ambiguous director in batch mode while applying safe fields with an actionable warning (145.003875ms)
  ✔ reports an invalid classification name structurally while applying safe fields (112.147333ms)
  ✔ treats same-name series in different owner scopes as ambiguous and never infers an owner (147.004375ms)
✔ videoScrapeApplyService classification entity resolution (1119.115833ms)
▶ videoScrapeApplyService.resolveVideoBatchTargets
  ✔ keeps active media-library batch targets inside their membership scope (141.368875ms)
  ✔ returns no targets for an archived media-library scope while preserving global compatibility (59.798291ms)
  ✔ excludes videos that already have a pending scrape decision (88.371667ms)
  ✔ filters by videos missing any selected metadata field (115.979458ms)
  ✔ combines status and missing-field filters (129.438375ms)
  ✔ treats a stored cover path as present even when the file is unreadable (122.488417ms)
✔ videoScrapeApplyService.resolveVideoBatchTargets (658.019833ms)
▶ videoScrapeApplyService tags emptiness
  ✔ fillEmpty ignores manual tags when deciding whether tags are empty (118.46975ms)
✔ videoScrapeApplyService tags emptiness (118.608958ms)
▶ llmSecretStore
  ✔ persists encrypted values and reports a degraded Linux-style backend (14.566625ms)
  ✔ removes a provider secret without affecting the remaining entries (20.698834ms)
  ✔ does not treat an unreadable secret path as an empty store (10.897708ms)
✔ llmSecretStore (46.650625ms)
▶ scraperServiceSecretStore
  ✔ persists an encrypted MetaTube token without exposing plaintext (12.803583ms)
  ✔ clears the token and rejects unavailable encryption (26.190958ms)
✔ scraperServiceSecretStore (39.445625ms)
▶ settingsStore avatar composition defaults
  ✔ uses the relaxed face-centered composition for settings without legacy values (21.308ms)
  ✔ keeps legacy presets and explicit user values during migration (14.421667ms)
✔ settingsStore avatar composition defaults (36.126ms)
▶ settingsStore video card preferences
  ✔ keeps resource type badges disabled for new and existing users by default (11.713542ms)
  ✔ preserves an explicit resource type badge preference (20.688459ms)
  ✔ defaults video cards to portrait and preserves an explicit landscape preference (27.034958ms)
✔ settingsStore video card preferences (59.705166ms)
▶ settingsStore NFO export preferences
  ✔ uses safe defaults and normalizes remembered selections without persisting overwrite (20.933417ms)
✔ settingsStore NFO export preferences (20.998083ms)
▶ settingsStore plugin developer model-turn budget
  ✔ retires the old implicit step limit instead of carrying 24 into the new setting (8.195875ms)
  ✔ defaults to unlimited and preserves an explicit zero limit (23.723167ms)
  ✔ persists a positive limit through the settings interface (18.106875ms)
  ✔ stops rewriting legacy model fields after schema v2 exists (33.959917ms)
  ✔ does not resurrect legacy model fields when the v2 document is unreadable (37.129209ms)
✔ settingsStore plugin developer model-turn budget (121.291125ms)
▶ settingsStore deferred library path cleanup
  ✔ normalizes unique non-empty roots and preserves them across cache resets (19.328667ms)
✔ settingsStore deferred library path cleanup (19.383625ms)
▶ settingsStore persistence
  ✔ does not update the cache when the settings file cannot be replaced (23.367166ms)
✔ settingsStore persistence (23.47425ms)
▶ settingsStore recovery
  ✔ backs up malformed JSON, writes defaults, and exposes one recovery notice (24.684583ms)
  ✔ does not replace a settings path that fails with an I/O error (7.012417ms)
✔ settingsStore recovery (31.833584ms)
▶ settingsStore LLM secret migration
  ✔ moves legacy API keys out of settings.json without exposing them publicly (28.990875ms)
  ✔ keeps the original plaintext file and blocks later writes when migration fails (18.80675ms)
✔ settingsStore LLM secret migration (47.87875ms)
▶ settingsStore scan cleanup defaults
  ✔ keeps automatic deletion disabled and has no summary for new and existing users (15.202ms)
  ✔ preserves an explicit automatic deletion preference (22.978292ms)
  ✔ normalizes and sanitizes the persisted latest scan summary (15.567ms)
  ✔ normalizes the retired unrecognized-file snapshot for migration (8.203208ms)
✔ settingsStore scan cleanup defaults (62.071833ms)
▶ settingsStore automatic scan defaults
  ✔ keeps automatic scans disabled and defaults to one hour (19.633458ms)
  ✔ accepts only supported automatic scan intervals (36.217958ms)
✔ settingsStore automatic scan defaults (55.920708ms)
▶ settingsStore retired actress scrapers
  ✔ rewrites the retired idol archive default to Xslist (11.899041ms)
  ✔ rewrites composite actress field mappings that pointed at the idol archive (16.0685ms)
✔ settingsStore retired actress scrapers (28.026ms)
▶ settingsStore retired video scrapers
  ✔ rewrites the retired JAV8 default to JavDB (22.840958ms)
  ✔ rewrites JAV8 composite mappings and removes its delay (18.015084ms)
✔ settingsStore retired video scrapers (41.030292ms)
▶ settingsStore privacy mode
  ✔ defaults to disabled with every image scope selected (12.828834ms)
  ✔ keeps valid unique scopes and discards unknown values (15.879708ms)
  ✔ keeps samples and actress galleries independently selectable (11.122333ms)
  ✔ allows all privacy scopes to be cleared explicitly (19.909541ms)
✔ settingsStore privacy mode (59.915542ms)
▶ close-to-tray setting
  ✔ defaults off and persists an explicit choice across reloads (36.846083ms)
  ✔ does not enable tray hiding from malformed legacy values (14.648042ms)
✔ close-to-tray setting (51.563459ms)
▶ Web read-only catalog scope
  ✔ rechecks image authorization after async work when hidden changes (504.988875ms)
  ✔ rechecks image authorization after async work when archived changes (495.454667ms)
  ✔ rechecks image authorization after async work when cover changes (248.835875ms)
  ✔ rechecks image authorization after async work when cast changes (339.0235ms)
  ✔ rechecks image authorization after async work when sample changes (317.966208ms)
  ✔ reads only the authorized image path before and after serving, without full details (281.08525ms)
  ✔ forwards thumbnail size through the real catalog while preserving original requests (252.282583ms)
  ✔ forwards the caller signal to the async Store and drops a cancelled result (271.535042ms)
  ✔ filters archived/hidden memberships for lists, details, images, and media (322.844917ms)
  ✔ describes local resources without exposing their directory (183.993708ms)
  ✔ uses the cover rather than the background for browse, detail and image requests (262.703083ms)
  ✔ queries with parameters, paginates stably and filters clear membership scopes (874.143292ms)
  ✔ uses stable desktop discovery and respects library home participation (714.174ms)
  ✔ exposes cast display metadata and only serves avatars linked to visible videos (269.60475ms)
  ✔ downloads non-playable files and exposes only supported external links (306.173ms)
  ✔ resolves only authorized files and refuses symlink escapes and disabled roots (296.977125ms)
✔ Web read-only catalog scope (5942.818292ms)
▶ Desktop-approved browser pairing
  ✔ requires an open window, a desktop decision and a separate secret, consumes only once (1.182042ms)
  ✔ expires requests, bounds polling, rejection, restart and approvals (0.17675ms)
  ✔ bounds the total pending requests (0.213208ms)
✔ Desktop-approved browser pairing (2.101292ms)
▶ Remembered browser lifecycle
  ✔ persists only remembered hashes, retains authorization over restart and revokes individual devices (245.239208ms)
✔ Remembered browser lifecycle (245.31825ms)
▶ Pairing HTTP boundary
  ✔ binds exchange to a private cookie, keeps approval desktop-only and remembers across server restarts (368.7335ms)
✔ Pairing HTTP boundary (368.939834ms)
▶ Device record recovery
  ✔ keeps valid sessions usable during activity write failures and retries persistence (228.947042ms)
  ✔ keeps disk and memory consistent after failed revoke, clear, rename and create (76.803584ms)
  ✔ resets a damaged snapshot without parsing it or retaining old authorization (28.98925ms)
  ✔ restores remaining pairing time from server and retains approval on issuance failure (0.138708ms)
✔ Device record recovery (335.045834ms)
▶ Per-device streaming revocation
  ✔ interrupts the revoked stream while another browser finishes its stream (62.892709ms)
✔ Per-device streaming revocation (63.048792ms)
✔ keeps the running service on staging failure and restores it after publish failure (119.789292ms)
✔ preserves remembered devices on runtime server errors, including failed state persistence (4.820875ms)
▶ Web authentication and streaming
  ✔ keeps image responses private and reports read queue overload as 503 (6.993291ms)
  ✔ forwards finite thumbnail sizes and rejects invalid sizes before image work (3.523ms)
  ✔ reports oversized images as 413 without caching or a HEAD body (6.999916ms)
  ✔ rechecks an expired session after image work while the connection remains open (44.739417ms)
  ✔ cancels pending image work on logout and never sends its completed bytes (44.693042ms)
  ✔ cancels pending image work on disconnect and never sends its completed bytes (43.09175ms)
  ✔ stores salted password hashes and enforces minimum length (119.8035ms)
  ✔ requires a session for catalog, artwork, and video, with no credential data in failures (16.237542ms)
  ✔ serves brand and favicon PNGs without login with the correct MIME and bytes (12.192833ms)
  ✔ rejects bad credentials; issues HttpOnly SameSite cookies on login (88.450833ms)
  ✔ blocks cross-origin, missing-origin POSTs, DNS rebinding, and desktop mutation routes (13.413833ms)
  ✔ streams byte ranges, suffixes and HEAD; rejects invalid or multiple ranges (12.216709ms)
  ✔ downloads authenticated resources as attachments (2.892791ms)
  ✔ logout invalidates the cookie; desktop revocation invalidates all browsers (53.91575ms)
✔ Web authentication and streaming (603.792625ms)
▶ Session lifetimes and request limits
  ✔ expires idle and absolute sessions and limits attempts (0.181958ms)
  ✔ accepts only local peer ranges and handles byte-range edge cases (0.149334ms)
✔ Session lifetimes and request limits (0.384333ms)
▶ actress face scan cache
  ✔ reuses a result only while the avatar fingerprint is unchanged (0.340708ms)
  ✔ filters only cached no-face avatars and ignores missing or unscanned entries (0.525542ms)
  ✔ combines a minimal full-library manifest with current session results (0.068042ms)
✔ actress face scan cache (1.299667ms)
▶ actress face scan cache identity
  ✔ only changes when a current row has no reusable result (0.52875ms)
✔ actress face scan cache identity (0.967667ms)
▶ actress face detection outcome mapping
  ✔ maps the detector zero-face message to the no-face domain state (0.36525ms)
✔ actress face detection outcome mapping (0.917125ms)
▶ actress face scan queue
  ✔ reports total detection failure without confusing partial or empty results with failure (0.479417ms)
  ✔ reuses cached face statuses and does not invoke detection for them (0.545875ms)
  ✔ finishes the current target before honoring cancellation (0.081459ms)
  ✔ does not cache detector failures so a later run can retry them (0.05875ms)
✔ actress face scan queue (1.551375ms)
▶ actress face scan session
  ✔ notifies remounted consumers when an earlier scan finishes (0.351958ms)
✔ actress face scan session (0.650625ms)
▶ avatar auto-crop geometry
  ✔ rejects invalid boxes and clamps valid detector bounds (1.088541ms)
  ✔ merges overlapping tiled detections and preserves the strongest result (0.263042ms)
  ✔ requires an explicit choice when two faces have similar prominence (0.291666ms)
  ✔ accepts mid-confidence faces only when the presence floor is used (0.180333ms)
  ✔ maps ROI landmarks back to full-image normalized coordinates (0.088291ms)
  ✔ uses the hair component attached to the face for visible head bounds (1.020291ms)
✔ avatar auto-crop geometry (3.579708ms)
✔ requests CORS before loading a media avatar so its bitmap can cross the Worker boundary (0.455167ms)
✔ keeps only recent log previews after 100000 entries while counting omissions (24.097625ms)
✔ bounds oversized fields without splitting surrogate pairs or mutating prior state (0.140291ms)
▶ avatar composition preview cache
  ✔ persists and restores the complete normalized face analysis (0.730375ms)
✔ avatar composition preview cache (1.049042ms)
▶ ActressAvatarEditor
  ✔ keeps rendering when the current avatar enters crop editing (55.362417ms)
  ✔ keeps rendering when a legacy avatar without its original enters crop editing (14.738875ms)
✔ ActressAvatarEditor (70.587041ms)
✔ pages associated covers without loading an actress detail or accumulating tiles (8.981708ms)
✔ does not replace a user-selected source tab when the first cover page arrives late (4.56725ms)
✔ pages photo sources with global labels and retries without fetching complete metadata (4.51275ms)
✔ keeps local selection when the user opens a file picker before photos arrive (1.737708ms)
▶ ActressDeleteModal confirmation model
  ✔ uses ordinary deletion only when the current impact has no video links (0.375292ms)
  ✔ requires the dedicated acknowledgement action and explains resource preservation (0.085834ms)
  ✔ does not let the dedicated high-risk action bypass the safe path (0.04575ms)
✔ ActressDeleteModal confirmation model (0.883875ms)
✔ bounds grid and preview windows, crosses both page edges and preserves one history entry (229.12775ms)
✔ retains the current photo on page failure, retries, and discards a response after close (35.831417ms)
✔ refreshes by stable ID after reorder and closes a removed preview without selecting its replacement (45.75225ms)
✔ deletes the last photo on a page and refreshes imported photos through the actual panel callbacks (38.5365ms)
▶ ActressProfileMeta scrape record
  ✔ hides scrape record for successful actresses and keeps attention states (1.305667ms)
  ✔ offers the manual success mark only for unscraped and failed records (0.165417ms)
✔ ActressProfileMeta scrape record (2.007834ms)
▶ Button
  ✔ loads its CSS Module and preserves native button semantics (3.303292ms)
✔ Button (3.640416ms)
▶ ClassificationDeleteModal
  ✔ shows associated video and child impacts before confirming deletion (8.141459ms)
  ✔ allows a zero-impact deletion and keeps a failed confirmation open with refreshed impact (5.278875ms)
  ✔ does not report or re-preview a completed deletion when page cleanup fails (1.750167ms)
✔ ClassificationDeleteModal (15.688625ms)
✔ loads only the video source and retains the chosen original across 60/60/5 and error retry (163.860125ms)
✔ clamps a shrunken last page and ignores a response after an entity switch (5.300917ms)
✔ does not close or refresh a new entity editor when an old save settles (3.07725ms)
✔ does not replace a chosen video cover with a late URL preview after switching sources (3.611167ms)
▶ classification picker
  ✔ keeps candidates hidden until the field is used (3.665125ms)
  ✔ shows candidates once the user types (1.149125ms)
  ✔ walks candidates with the arrow keys and commits with Enter (1.090875ms)
  ✔ shows candidates once the field is focused (0.28225ms)
  ✔ shows candidates on focus even when the field is empty (0.254916ms)
  ✔ does not commit a candidate with Enter until one is active (0.172541ms)
  ✔ closes candidates on Escape without letting the dialog see the key (0.208167ms)
  ✔ closes candidates when focus leaves the field (0.275875ms)
  ✔ keeps candidates open when the pointer is in the list (0.266083ms)
  ✔ closes candidates after picking one with the pointer (0.323667ms)
  ✔ hides the create hint when the typed name already exists (0.34825ms)
✔ classification picker (8.554375ms)
▶ video detail library context layout
  ✔ shares the compact detail header row with the back action (3.023208ms)
  ✔ keeps membership badges on one bounded line (0.7745ms)
✔ video detail library context layout (4.302208ms)
▶ DirectorScrapeChoiceModal
  ✔ requires an explicit candidate and submits its stable director id (5.4675ms)
✔ DirectorScrapeChoiceModal (5.786458ms)
▶ DisplayModeProvider
  ✔ loads and exposes the application-wide cover mode (21.043333ms)
✔ DisplayModeProvider (21.481542ms)
▶ form hint styles
  ✔ keeps entity-edit and settings field hints muted and caption-sized (4.42625ms)
  ✔ routes entity-edit helper copy through EditFormField instead of a bare hint class (0.436667ms)
✔ form hint styles (5.523917ms)
▶ image preview history marker
  ✔ preserves router state when adding a unique preview marker (0.930334ms)
  ✔ reads only valid image preview markers (0.224042ms)
✔ image preview history marker (1.565791ms)
✔ uses a 320 thumbnail for actress cards (146.431291ms)
✔ uses thumbnails for local video gallery tiles and original preview sources (114.580417ms)
✔ uses thumbnails for local actress gallery tiles and original preview sources (3.393625ms)
▶ LegacyLibraryRedirect
  ✔ preserves the settings return context while replacing a legacy video URL (63.066667ms)
✔ LegacyLibraryRedirect (63.4725ms)
▶ MediaLibraryCreateModal
  ✔ validates in place and exposes a keyboard-submit four-step flow (180.707458ms)
  ✔ deduplicates selected roots, submits independent config, and returns root errors to their step (7.834125ms)
✔ MediaLibraryCreateModal (189.2715ms)
▶ MediaLibraryCreateModal control style
  ✔ keeps all workflow steps at one viewport-safe dialog height (3.800167ms)
  ✔ reserves a visible gutter for the left edge of the focus ring (0.750125ms)
✔ MediaLibraryCreateModal control style (5.03575ms)
▶ MediaLibraryNav name style
  ✔ keeps visible library names on one ellipsized line (2.996333ms)
  ✔ presents media libraries as one compact navigation surface (0.842875ms)
  ✔ keeps global navigation unlabeled in the visible sidebar (0.490958ms)
✔ MediaLibraryNav name style (4.854417ms)
✔ pages40 candidates and preserves selection and name plan across pages and search (633.384917ms)
✔ retries page failures without losing the selected merge plan (93.000584ms)
✔ ignores old page responses while a changed search is debouncing (419.909916ms)
✔ locks a captured merge against duplicate submission and retains plan on failure (162.012875ms)
✔ resets session on keep identity change and ignores old page and merge completion (150.94575ms)
✔ resets the name plan only when choosing a different merge candidate or clearing selection (91.7835ms)
▶ OrganizationDeleteModal
  ✔ previews and removes only the selected role (11.502ms)
  ✔ blocks removing the final role and directs the user to full deletion (4.437375ms)
  ✔ shows both role counts and hierarchy impacts for a full deletion (1.459958ms)
✔ OrganizationDeleteModal (18.003792ms)
▶ OrganizationMergeModal interaction
  ✔ selects a cross-role source and submits the explicit source-to-target direction (139.946958ms)
  ✔ keeps the modal open and shows an actionable error when the merge is rejected (15.090833ms)
✔ OrganizationMergeModal interaction (155.487084ms)
▶ recent text input style contract
  ✔ uses the shared text-input treatment for every recent text-like input (2.112125ms)
✔ recent text input style contract (2.57575ms)
▶ Switch
  ✔ loads its CSS Module and preserves native checkbox semantics (2.958667ms)
✔ Switch (3.269042ms)
✔ loads on open only, pages without full catalog reads and preserves cross-page selection (54.210875ms)
✔ debounces and resets search, rejecting stale page/search responses (273.252291ms)
✔ shows failure with explicit retry and enforces 100 selections while allowing removal (1.467125ms)
✔ unmounts candidates with the actual parent popover and ignores late responses on reopen (2.194667ms)
▶ VideoDeleteImpact
  ✔ shows every affected domain without a duplicate source-file section (4.285ms)
  ✔ names the current library when previewing a membership removal (0.597541ms)
✔ VideoDeleteImpact (5.517375ms)
▶ video primary metadata classification navigation
  ✔ dispatches entity-backed organizations by stable id (1.068ms)
  ✔ does not expose a name-only organization route (0.069708ms)
  ✔ uses only the stable director id (0.067ms)
  ✔ uses only the stable series id (0.060958ms)
✔ video primary metadata classification navigation (1.696584ms)
▶ video detail resource actions
  ✔ shows copy and external-open actions instead of play for link resources (5.082541ms)
  ✔ keeps the play action for local resources (0.617125ms)
  ✔ shows actual link kind, STRM hosting, masked target, and source path together (1.276375ms)
  ✔ exposes the cross-library move command for both links and root-managed resources (1.760083ms)
✔ video detail resource actions (9.192542ms)
▶ VideoLibraryMembershipBadges
  ✔ puts the active resource scope first and names the other memberships accessibly (2.916542ms)
  ✔ bounds the visible badges and exposes hidden library names in the overflow title (0.86ms)
✔ VideoLibraryMembershipBadges (4.195667ms)
▶ VideoResourceImportModal
  ✔ keeps a STRM target read-only while allowing metadata edits and HTTP checks (136.483709ms)
✔ VideoResourceImportModal (136.854792ms)
✔ loads only on open, renders at most one page, and selects an existing tag by ID (16.542959ms)
✔ debounces search, resets the page, and discards earlier search responses (547.805792ms)
✔ shows errors with retry and discards closed-modal results before reopening (2.6515ms)
✔ creates from the full draft and prevents an old write completion from closing another video modal (2.295125ms)
✔ refreshes stale candidates after a failed selection without retrying the write (2.355875ms)
✔ does not inherit an open picker or issue a hidden request when switching videos (1.215583ms)
▶ actress virtual grid layout
  ✔ derives responsive columns without shrinking cards below their minimum width (0.375667ms)
  ✔ places load state on a dedicated row after an incomplete item row (0.822542ms)
✔ actress virtual grid layout (1.837ms)
▶ AgentMetadataActivityFeed
  ✔ keeps live model thinking open and shows semantic actions (4.680333ms)
  ✔ collapses completed thinking into an expandable preview (1.618084ms)
  ✔ moves a finished live thought back into collapsed history (1.685125ms)
  ✔ caps the thinking box height and still shows the full streamed text (5.026916ms)
✔ AgentMetadataActivityFeed (13.473458ms)
▶ Agent metadata collector intro
  ✔ explains how this flow differs from regular matching (0.577875ms)
  ✔ keeps the setup steps compact and muted (2.927791ms)
✔ Agent metadata collector intro (4.179334ms)
▶ alias editor state
  ✔ promotes an alias to main name and keeps the previous main as an alias (0.875875ms)
  ✔ does not duplicate the previous main name when it is already an alias (0.064958ms)
✔ alias editor state (1.305542ms)
▶ classification image interaction state
  ✔ distinguishes formal images from dynamic fallback images (0.787834ms)
  ✔ builds explicit file, URL, and video-cover commands (0.081375ms)
✔ classification image interaction state (1.21875ms)
▶ classification merge interaction state
  ✔ keeps the selected source identity when refreshed candidates reorder (0.765ms)
  ✔ keeps a selected source through a narrower search and rejects invalid commands (0.048084ms)
✔ classification merge interaction state (1.140833ms)
▶ classification picker state
  ✔ stays closed until the user asks for candidates (1.077375ms)
  ✔ hides candidates when the result set is empty (0.071584ms)
  ✔ opens on arrow navigation and wraps around the candidate list (0.061166ms)
  ✔ never navigates into an empty candidate list (0.037166ms)
  ✔ drops the active candidate when typing or when the result set shrinks (0.040708ms)
  ✔ closes on dismiss (0.032833ms)
  ✔ hides the create hint when the query already names an existing option (0.0395ms)
✔ classification picker state (1.754792ms)
▶ director form state
  ✔ defaults to preserving a changed main name and converts profile fields (0.9125ms)
✔ director form state (1.230708ms)
▶ director picker state
  ✔ keeps typed same-name input as an explicit inline-create request (0.936ms)
  ✔ shows stable candidate differences rather than silently choosing by name (0.0955ms)
✔ director picker state (1.375667ms)
▶ image preview swipe gesture
  ✔ switches to the previous image when dragging right past the threshold (0.633ms)
  ✔ switches to the next image when dragging left past the threshold (0.110166ms)
  ✔ ignores clicks, short drags, and vertical drags (0.060292ms)
  ✔ distinguishes a drag from a click even when movement is vertical (0.057416ms)
✔ image preview swipe gesture (1.575041ms)
▶ mediaLibraryIdentityStyle
  ✔ maps every domain color to one semantic CSS custom property (0.882125ms)
  ✔ keeps the established palette mapping stable (0.16325ms)
✔ mediaLibraryIdentityStyle (1.679166ms)
▶ organization form state
  ✔ defaults to preserving the previous main name while retaining ordered aliases and links (0.989417ms)
  ✔ moves links without mutating the current form state (0.088417ms)
  ✔ retains a selected parent while search results change (0.107834ms)
✔ organization form state (1.702667ms)
▶ organization merge presentation
  ✔ shows cross-role candidate statistics without collapsing the two roles (0.354084ms)
  ✔ reports each transferred relation after a successful merge (0.074416ms)
✔ organization merge presentation (0.894917ms)
▶ organization picker state
  ✔ resolves main names and aliases to stable ids (1.080333ms)
  ✔ uses unmatched text as an explicit inline create request (0.06625ms)
  ✔ uses an empty value to remove the organization relation (0.06275ms)
  ✔ describes candidates by stable id, roles, and aliases (0.066917ms)
✔ organization picker state (1.674208ms)
▶ PlaylistImportProvider workspace
  ✔ uses the Agent scrape two-pane workspace with live activity and result preview (1.0115ms)
  ✔ offers one confirmed termination action in running and waiting-user footers (0.18125ms)
  ✔ closes the import workspace after the host confirms task termination (0.182333ms)
  ✔ closes only through the actions rendered inside the import dialog (0.095917ms)
  ✔ closes the import dialog before navigating to the imported playlist (0.13625ms)
  ✔ offers frozen write options with source-playlist linking disabled by default (0.167917ms)
  ✔ selects the active default media library when opening the importer (0.111833ms)
  ✔ explains the Agent name and host-date fallback for an empty new-playlist name (0.105125ms)
  ✔ invalidates global video projections and discards stale identity choices (0.113ms)
  ✔ broadcasts completion so recovered imports refresh mounted playlist surfaces (0.219042ms)
  ✔ renders the complete release summary instead of only aggregate reuse counts (0.127834ms)
  ✔ keeps preview rows dense and long text truncation stable (2.996084ms)
  ✔ shows enough candidate identity evidence and opens links through the app shell (0.5185ms)
✔ PlaylistImportProvider workspace (6.660333ms)
▶ PluginDevConfigRail ready actions
  ✔ makes Install primary and disables empty continuation until feedback is entered (7.600583ms)
✔ PluginDevConfigRail ready actions (7.949583ms)
▶ PluginDevConversation history controls
  ✔ presents a ready settlement as normal state and requires feedback to continue (5.216625ms)
  ✔ renders model reasoning as a quiet collapsed diagnostic block (17.630459ms)
  ✔ keeps live reasoning open and marks the answer as streaming (3.338917ms)
  ✔ renders agent answers as markdown (2.695709ms)
  ✔ renders compact context metrics with the cache-hit ratio (1.428542ms)
  ✔ exposes an explicit clear-session action for a restored historical run (0.602042ms)
  ✔ keeps typed choice, browser challenge and freeform requests as distinct controls (1.922209ms)
✔ PluginDevConversation history controls (33.343833ms)
✔ pages40/40/21, resolves full names and retains selected long identities when returning (280.798834ms)
✔ retries page failures and isolates a stale page during raw search debounce (387.986041ms)
✔ ignores choice completion after search or close and suppresses same-tick duplicate clicks (387.484958ms)
✔ reports missing or unrepresentable names without adding incorrect targets (79.229291ms)
✔ enforces existing eight-target limit and preserves video query behavior after kind switch (58.925667ms)
✔ recognizes existing long targets on a fresh mount without confusing a common preview prefix (64.409083ms)
✔ ignores a held actress choice after switching to video (72.553625ms)
✔ bounds long-label reconciliation concurrency and stops scheduling after kind switch (35.52025ms)
✔ retries failed long-label selection reconciliation (41.790208ms)
✔ guides a configured model user to the missing website, then enables development (279.149917ms)
✔ keeps the actual model readiness reason when a named model cannot run (7.787833ms)
▶ PluginDevResultPanel manifest coverage
  ✔ separates actionable field ids from runtime-only information (4.316833ms)
  ✔ renders each exact-match candidate when the plugin returns an array (0.850375ms)
  ✔ labels a targeted execution as a local diagnostic even when the saved full run is ready (0.39275ms)
  ✔ explains null and empty array plugin returns instead of hiding the section (0.309667ms)
✔ PluginDevResultPanel manifest coverage (6.262209ms)
▶ plugin dev Agent UI state
  ✔ requires feedback before continuing a mechanically ready Agent (0.487459ms)
  ✔ presents a normal Agent settlement without an error toast (0.543666ms)
  ✔ coalesces streaming reasoning and answer into their final model-turn items (0.155333ms)
  ✔ enables the existing Install button only for a current mechanical acceptance (0.053167ms)
  ✔ allows clearing restored history only when its Agent is not running or busy (0.045583ms)
  ✔ auto-applies only unfinished history and leaves terminal editor state untouched (0.05175ms)
  ✔ keeps non-debuggable built-ins out of the plugin-development selector (3.988417ms)
  ✔ does not treat a loaded built-in fork as the already-selected new-plugin option (0.098667ms)
  ✔ rejects session B events while continuing session A (0.072167ms)
  ✔ binds an unbound start once and rejects later events from another session (0.083084ms)
  ✔ invalidates a snapshot after any newer live mutation (0.0715ms)
  ✔ releases restored busy state on settle but keeps a local API dispatch busy (0.057791ms)
  ✔ projects live workspace drafts from package_updated, not terminal done (0.043917ms)
  ✔ blocks ordinary messages until the exact pending approval is decided (0.053375ms)
  ✔ does not dispatch a stale approval after the request disappeared (0.038333ms)
✔ plugin dev Agent UI state (6.377666ms)
▶ series form state
  ✔ defaults a rename to retaining the previous main name (0.354084ms)
  ✔ trims text and converts optional numeric selections (0.549916ms)
✔ series form state (1.253959ms)
▶ series picker state
  ✔ keeps typed creation separate from selecting an existing stable identity (1.0305ms)
  ✔ always distinguishes same-name candidates by stable id and owner scope (0.099417ms)
✔ series picker state (1.495ms)
✔ shows bounded log preview with explicit omission notice and full task counters (20.571625ms)
✔ applies supported fields, preserves other mappings, allows overrides and only persists on save (12.845417ms)
✔ rejects unavailable saved sources and keeps missing references visible for repair (1.295792ms)
✔ excludes nested and other-kind plugins and prevents applying unconfigured sources (1.068333ms)
✔ uses video field capabilities for bulk assignment (0.980667ms)
▶ LibraryScanAuditPanel
  ✔ defaults to the attention tab even when the latest scan has no issues (272.345959ms)
  ✔ keeps cached unrecognized files visible with their root-scoped resolution controls (6.201666ms)
  ✔ does not describe current scan failures as resolved (2.107667ms)
  ✔ offers a processing jump for cached unrecognized rows in the all-files tab (4.654208ms)
  ✔ shows an NFO identity conflict as a secondary scan disposition and opens the pending center (2.718541ms)
  ✔ routes a current NFO candidate to its scrape pending item (2.412417ms)
  ✔ shows historical NFO pending dispositions as resolved when their current rows are gone (1.872584ms)
  ✔ keeps the attention badge equal to the visible list when only an NFO warning exists (1.445708ms)
✔ LibraryScanAuditPanel (294.658417ms)
✔ limits a large failed audit to100 visible rows and queries only their pending IDs (21.503083ms)
✔ routes all three kinds from one mixed pending presence response (1.578541ms)
✔ keeps a stable audit anchor when a historical group is no longer pending (1.097917ms)
▶ MetaTube plugin settings
  ✔ shows pending status and blocks setting an unconfigured plugin as default (4.475209ms)
  ✔ keeps a blank token and supports explicit token clearing (4.600875ms)
  ✔ requires confirmation before saving a token over remote HTTP (2.970791ms)
  ✔ tests the current draft without changing the token mode (5.28025ms)
✔ MetaTube plugin settings (18.009042ms)
▶ Model management v2 panels
  ✔ keeps workload edits local until the explicit save action (10.124208ms)
  ✔ shows configured providers first and keeps unconfigured built-ins collapsed (1.274666ms)
  ✔ limits the default advanced view to models referenced by workloads (6.942333ms)
✔ Model management v2 panels (18.971709ms)
✔ saves proxy address and mode only on explicit commit; testing stays independent (261.5305ms)
▶ NFO export foreground modal
  ✔ vetoes full-page unload while the foreground modal is active (235.235666ms)
  ✔ is an aria-modal task surface with an explicit terminate action and no dismiss action (7.164834ms)
  ✔ keeps the terminal report open until the user confirms it (1.519667ms)
  ✔ renders a returned plan and enters blocking state before foreground execution (10.927334ms)
  ✔ discards a plan that returns after the storage panel has unmounted (2.995792ms)
  ✔ terminates an export whose start result returns after unmount (1.850625ms)
✔ NFO export foreground modal (260.366542ms)
▶ NFO export preview details
  ✔ counts only new and replaced artwork in the writing breakdown (1.024542ms)
  ✔ distinguishes stopped, partial and empty reports and exposes stop errors in the dialog (2.0295ms)
  ✔ mounts only the opened page of a large warning list and keeps every warning reachable (4.590167ms)
✔ NFO export preview details (7.80525ms)
▶ SettingsPrimitives
  ✔ retains an invalid value with an accessible error instead of silently clamping it (5.794584ms)
  ✔ keeps a multi-digit number local until the edit is committed (1.818625ms)
  ✔ supports keyboard activation of increment and does not treat empty input as zero (0.51125ms)
  ✔ renders a semantic card without losing its accessible name (0.241708ms)
  ✔ exposes status as data rather than a behavior-bearing class name (0.162125ms)
✔ SettingsPrimitives (9.143209ms)
✔ renames with no manual code or target and refreshes the pending row after failed recognition (162.182833ms)
✔ retries a failed service with saved configuration, and prevents submitting unsaved drafts via retry (3428.359792ms)
▶ library scan audit row layout
  ✔ uses compact rows only when the skipped tab also uses compact virtual slots (0.370583ms)
  ✔ keeps the variable-height attention list out of fixed-size virtualization (0.133917ms)
  ✔ keeps CSS row geometry aligned with virtual item sizes (0.483417ms)
✔ library scan audit row layout (1.403459ms)
▶ video resource card badges
  ✔ keeps primary-first order, deduplicates kinds, and limits visible labels to two (1.904584ms)
  ✔ returns no card decoration when a video has no resources (0.124583ms)
  ✔ shares full resource labels across detail and filter surfaces (0.101334ms)
✔ video resource card badges (2.895667ms)
▶ video resource import form
  ✔ shares auto detection, normalization, and size conversion across entry points (0.9825ms)
  ✔ auto-detects Magnet and keeps its protocol-derived default name (0.186542ms)
  ✔ treats blank matching input as absent without invoking strict code validation (0.062416ms)
✔ video resource import form (1.600083ms)
▶ video resource import layout
  ✔ gives the size value the fluid column and keeps its unit compact (10.234375ms)
✔ video resource import layout (10.844125ms)
▶ shared workbench primitives
  ✔ composes feature classes without replacing the neutral structure (2.068208ms)
  ✔ connects tabs to their panels with a single keyboard tab stop (0.637417ms)
✔ shared workbench primitives (3.246625ms)
✔ counts avatars through the scalar API without loading targets and propagates failures (42.785375ms)
✔ consumes pages on demand and stops safely across page failure, cancellation and unmount (71.69675ms)
✔ serializes startup before target loading and releases ownership on empty, failed or unmounted startup (50.644375ms)
▶ isBatchScrapeActive
  ✔ treats only running and paused batches as active (0.448583ms)
✔ isBatchScrapeActive (0.877458ms)
▶ poster grid row height
  ✔ reserves the complete membership strip without changing ordinary library rows (0.5225ms)
✔ poster grid row height (0.850166ms)
▶ facet route contracts
  ✔ only permits each entity detail under its matching facet (0.350417ms)
✔ facet route contracts (0.896458ms)
▶ global search shortcut
  ✔ accepts Cmd/Ctrl+K and rejects unrelated key combinations (0.529875ms)
  ✔ focuses and selects the Home input after two render frames (0.617167ms)
✔ global search shortcut (1.783417ms)
▶ useLatestAsyncLabel
  ✔ ignores an older request that finishes after the latest request (6.087625ms)
✔ useLatestAsyncLabel (6.508ms)
▶ media-library scan event scope
  ✔ accepts only the current library and, once known, the current run (0.348042ms)
✔ media-library scan event scope (0.662292ms)
✔ sends no empty lookup, deduplicates IDs and rejects a stale page response (12.701ms)
✔ distinguishes a failed lookup from processed items and retries the same page (1.816084ms)
✔ does not reuse old ready state when a page is revisited before another lookup finishes (2.006875ms)
✔ does not fetch empty/inactive selections and resolves only unique selected IDs (8.0795ms)
✔ ignores responses for previous filters and refreshes on returning from detail (1.572958ms)
✔ does not loop on a rejected lookup and discards in-flight results after deactivation (1.330791ms)
▶ isLibraryListSurfacePath
  ✔ matches list roots only (0.899584ms)
  ✔ does not match detail or stack routes (0.188958ms)
✔ isLibraryListSurfacePath (1.466083ms)
▶ shouldRefetchLibraryOnRouteChange
  ✔ refetches when entering a list root from outside (0.111542ms)
  ✔ does not refetch when opening detail stacks or hopping between list roots (0.075667ms)
✔ shouldRefetchLibraryOnRouteChange (0.255333ms)
▶ global search URL state
  ✔ normalizes positive media-library ids in stable order (0.871583ms)
  ✔ canonicalizes owned state without stripping detail-only lib (0.342667ms)
  ✔ builds an explicit, paged cross-library search input and identity (0.167042ms)
✔ global search URL state (1.750166ms)
▶ library resource filter URL contract
  ✔ parses valid unique values in canonical order and ignores invalid values (0.895708ms)
  ✔ omits the default all-resources state and canonicalizes copied URLs (0.2355ms)
  ✔ removes a resource parameter containing only invalid values (0.061083ms)
  ✔ includes applied resource filters in the query and scroll-memory hash (0.112833ms)
  ✔ keeps pending scrape as an independent canonical filter dimension (0.069209ms)
  ✔ resolves omitted sort state from each media library configuration (0.087917ms)
✔ library resource filter URL contract (1.890042ms)
▶ multi-library route builders and parsers
  ✔ round-trips the home video detail stack (1.409042ms)
  ✔ round-trips the global-search video detail stack (0.145083ms)
  ✔ round-trips media-library list, detail, nested actress and settings routes (0.800416ms)
  ✔ rejects malformed, non-positive, fractional and unsafe route ids (0.333667ms)
  ✔ accepts digit-only positive ids and builders emit their canonical form (0.074208ms)
✔ multi-library route builders and parsers (3.174542ms)
▶ detail-only active-library query contract
  ✔ parses only positive safe-integer library ids (0.105708ms)
  ✔ canonicalizes the first lib value without changing other list query state (0.126833ms)
  ✔ sets, replaces and strips the detail-only library parameter immutably (0.160542ms)
  ✔ derives a single detail context and gives a library path precedence over lib (0.166875ms)
  ✔ keeps lib only where the route needs query-owned detail scope (0.153125ms)
  ✔ respects a valid legacy lib hint and falls back when that membership is unavailable (0.177417ms)
✔ detail-only active-library query contract (0.993417ms)
▶ recent media-library memory
  ✔ stores only positive safe library ids and ignores malformed persisted state (0.3925ms)
✔ recent media-library memory (0.722166ms)
▶ route builders and parsers
  ✔ round-trips library detail stacks (1.24975ms)
  ✔ round-trips actress detail stacks (0.147458ms)
  ✔ round-trips playlist and classification entity detail stacks (0.340208ms)
  ✔ rejects malformed detail ids (0.145667ms)
  ✔ builds pending-center locations without page-level query concatenation (0.434667ms)
✔ route builders and parsers (2.746834ms)
▶ classification list query contract
  ✔ accepts only video count and update time sorting with video count descending by default (0.12475ms)
  ✔ includes organization search and sorting in the shareable query identity (0.102458ms)
  ✔ keeps series release sorting separate from classification-list sorting (0.062958ms)
✔ classification list query contract (0.413958ms)
▶ actress avatar filter query contract
  ✔ normalizes avatar filter values and omits the all default (0.081667ms)
  ✔ returns to the actress list without losing its query state (0.107333ms)
  ✔ keeps avatar filters distinct in the actress query hash (0.128875ms)
✔ actress avatar filter query contract (0.381334ms)
▶ actress status filter query contract
  ✔ parses the canonical status values and treats anything else as all (0.074708ms)
  ✔ omits the param for all and writes the canonical value otherwise (0.07425ms)
  ✔ includes status in the list query identity and ignores invalid values (0.03325ms)
  ✔ keeps search, gender and sort identity while only the status changes (0.047ms)
  ✔ round-trips the status query through actress detail and back (0.08075ms)
  ✔ remembers the actress status filter across primary navigation (0.242541ms)
✔ actress status filter query contract (0.608125ms)
▶ primary navigation memory
  ✔ restores query state per list and removes unrelated nested query keys (0.313208ms)
  ✔ persists search only when leaving a list root (0.135333ms)
  ✔ forgets a root so cross-nav no longer restores it (0.03775ms)
  ✔ resolves same-section vs cross-section sidebar targets (0.346125ms)
  ✔ builds nav link href from current search when active (0.386958ms)
✔ primary navigation memory (1.324208ms)
▶ navigation helpers
  ✔ removes playlist-detail resource filters when returning to the playlist list (0.28475ms)
  ✔ keeps home, search and media-library detail stacks scoped and reversible (1.265541ms)
  ✔ closes nested actress details back to their parent video context (0.687667ms)
  ✔ keeps stable series identity and release direction through its detail stack (0.222ms)
  ✔ keeps director identity and query state through its stable detail stack (0.205083ms)
  ✔ opens an organization by stable id while preserving its role-list query (0.188416ms)
  ✔ keeps classification query only inside the same classification stack (0.09525ms)
  ✔ keeps video and actress navigation inside the stable organization stack (0.12775ms)
  ✔ keeps video and actress navigation inside the pending workbench stack (0.097125ms)
  ✔ opens actress detail from the pending inbox and returns to it (0.051417ms)
✔ navigation helpers (3.374875ms)
▶ settings route contract
  ✔ builds canonical settings paths and resolves valid sections (0.178167ms)
✔ settings route contract (0.1955ms)
▶ media-library settings state
  ✔ builds a trimmed create command, deduplicates roots and still allows an empty library (0.991959ms)
  ✔ builds minimal identity and section-scoped config patches (0.208792ms)
  ✔ normalizes an empty scraper and validates numeric scan boundaries (0.064958ms)
  ✔ gates destructive lifecycle commands (0.067292ms)
  ✔ allows cleanup-only scans but rejects a library with no work (0.054083ms)
  ✔ routes every root-owned record through cleanup before direct deletion (0.057667ms)
  ✔ reports partial root additions explicitly (0.038333ms)
  ✔ shows a terminal query error even before form drafts exist (0.049625ms)
✔ media-library settings state (1.972709ms)
✔ loads metadata once while paging 60/60/5 works and preserving the full count (454.506084ms)
✔ retries page errors, clamps a removed last page, and rejects late actor results (10.827792ms)
✔ does not invalidate the new actor metadata when the old editor save settles late (11.330083ms)
✔ retains an open merge plan and its full count while the visible works refresh (12.088625ms)
✔ does not reuse the prior actor page when an intervening actor request is still pending (9.854959ms)
▶ series real list page
  ✔ renders 60/60/5 with server total and bounded page cache (1280.434875ms)
  ✔ clears old cards while loading and supports failed-page retry (30.059959ms)
  ✔ clamps a shrinking total to its last page, including zero (61.964375ms)
  ✔ resets search/sort to page one and rejects late search data (835.164792ms)
  ✔ invalidates uncommitted input across A → B → A history navigation (305.120541ms)
  ✔ invalidates pending input when opening detail without changing search (619.371959ms)
  ✔ retains page, active observer and scroll through nested detail and return (18.759208ms)
✔ series real list page (3235.224792ms)
▶ maker real list page
  ✔ renders 60/60/5 with server total and bounded page cache (1256.232542ms)
  ✔ clears old cards while loading and supports failed-page retry (38.453875ms)
  ✔ clamps a shrinking total to its last page, including zero (60.963209ms)
  ✔ resets search/sort to page one and rejects late search data (825.51425ms)
  ✔ invalidates uncommitted input across A → B → A history navigation (326.275791ms)
  ✔ invalidates pending input when opening detail without changing search (628.010292ms)
  ✔ retains page, active observer and scroll through nested detail and return (14.959541ms)
✔ maker real list page (3151.45675ms)
▶ director real list page
  ✔ renders 60/60/5 with server total and bounded page cache (1369.392ms)
  ✔ clears old cards while loading and supports failed-page retry (37.127542ms)
  ✔ clamps a shrinking total to its last page, including zero (64.333334ms)
  ✔ resets search/sort to page one and rejects late search data (829.556417ms)
  ✔ invalidates uncommitted input across A → B → A history navigation (320.664583ms)
  ✔ invalidates pending input when opening detail without changing search (625.896333ms)
  ✔ retains page, active observer and scroll through nested detail and return (25.206833ms)
✔ director real list page (3273.073416ms)
✔ organization role change discards old filters and pending search (331.405333ms)
✔ normalizes URL offsets safely and keys distinct pages (15.636459ms)
▶ video detail section order
  ✔ renders a titled related-links section after video resources (0.623167ms)
✔ video detail section order (1.090959ms)
▶ HomePage
  ✔ searches in place while typing and restores discovery when cleared (872.988334ms)
  ✔ keeps discovery stable through refreshes and remounts until replaced (15.259583ms)
✔ HomePage (888.721958ms)
▶ HomePage search layout
  ✔ reserves shared toolbar-search padding for the icon and keyboard shortcut (3.259459ms)
  ✔ centers the search icon inside the shared input control (0.369625ms)
  ✔ keeps the keyboard shortcut on the same vertical center line (0.739167ms)
✔ HomePage search layout (4.8475ms)
✔ uses the shared switch for home discovery and keeps changes in the settings draft (240.376167ms)
▶ MediaLibrarySettingsPage layout
  ✔ uses the application settings width token and stays left aligned (3.406208ms)
  ✔ keeps compact library context above the old-style import workspace (9.271667ms)
✔ MediaLibrarySettingsPage layout (13.109083ms)
▶ ScanSettingsTab
  ✔ builds domain-correct deep links for scan identities and scrape candidates (224.430833ms)
  ✔ renders automatic local NFO import enabled by default and persists a switch change immediately (7.865084ms)
✔ ScanSettingsTab (232.71175ms)
✔ locates a deep actor group and loads only its detail before paging (346.005208ms)
✔ keeps page and detail failures distinct and retries without a full list (192.298041ms)
✔ ignores a late old detail after selecting another group (154.353417ms)
✔ preserves an explicit decision across a category switch and detail overlay (228.253667ms)
✔ applies an ownership decision then clamps a deleted last page (161.09675ms)
✔ does not let a completed old mutation reset a newer group decision (267.859ms)
✔ keeps actor paging in the all-domain view even when a scan item comes first (135.616791ms)
✔ asks the server about names outside the current page before editing (377.605334ms)
✔ keeps a stale resolution on the same group and requires a renewed decision (158.709666ms)
✔ isolates an old completion after navigating A to B and back to A (338.158792ms)
✔ stays on the deep-linked page after its selected group is resolved (160.877917ms)
✔ does not close a new discard dialog when an old A-B-A discard fails (273.375834ms)
✔ pages owner candidates and preserves a selected actor outside the current page (220.299875ms)
✔ retries picker failures and invalidates old page replies immediately while search debounces (466.976ms)
✔ ignores an old actor choice after closing and reopening the same picker (182.322541ms)
✔ keeps the newest actor choice when earlier detail reads finish later (164.337417ms)
✔ keeps a direct group-owner decision after an older external-owner detail returns (187.642292ms)
✔ invalidates a pending external-owner choice when a decision is submitted (242.067334ms)
✔ ignores a picker choice after navigating group A-B-A (246.859917ms)
✔ locates a deep-linked pending item, pages with a bounded cache and ignores a late detail (324.770791ms)
✔ shows an explicit page error and retries without fetching the full inbox (67.900084ms)
✔ recovers the last page after deletion and selects the surviving first item (84.299292ms)
✔ does not block a different queue when scrape count fails or reuse its disabled page total (88.74325ms)
✔ ignores an old page that resolves after navigation to a newer page (105.744917ms)
▶ PendingCenterPage scrape resolution
  ✔ carries an explicit director through merge-and-apply without stacking prompts (209.80375ms)
  ✔ previews either persisted identity and submits only after explicit confirmation (39.786375ms)
  ✔ shows the library filter only for scan decisions (28.026583ms)
  ✔ clears the library filter from the scoped empty state and keeps the scan tab selected (24.91225ms)
✔ PendingCenterPage scrape resolution (303.062792ms)
✔ locates scan anchors, reads only selected details and ignores late details after paging (344.54625ms)
✔ reports page errors and missing selected records without treating them as an empty queue (111.596041ms)
✔ clamps the deleted last page and does not show an old library page (177.421ms)
✔ uses only count on another category and count failure does not block that category (43.100959ms)
✔ does not block scrape on a library listing failure (44.353916ms)
✔ resolves identity deep links to the scoped identity pane without group detail reads (44.111583ms)
✔ retries rejected selected detail without reloading full queues (135.537292ms)
✔ loads actor details only in its category and keeps inactive summary counts current (176.416958ms)
✔ shows unknown actor count without blocking scan when summary fails (47.728166ms)
✔ ignores an old playlist response arriving after navigation (219.947ms)
✔ requests a bounded thumbnail for a playlist card (3.243792ms)
✔ does not refresh an old playlist when its removal finishes after navigation (5.987292ms)
✔ returns to the previous page when deleting the only item on the last page (4.87425ms)
✔ keeps the existing grid mounted during refresh after closing a nested video (3.068333ms)
✔ keeps the latest sort response when requests for the same playlist finish out of order (2.644875ms)
✔ reuses metadata while paging but refreshes it after a playlist mutation (3.758875ms)
✔ does not reuse stale metadata when filtering interrupts a forced refresh (2.86425ms)
✔ shows not found when a refreshed metadata read reports a deleted playlist (1.043208ms)
✔ refreshes the fallback cover with the new sort instead of reusing the old metadata (1.709417ms)
▶ PlaylistDetailPage resource filter feedback
  ✔ keeps the compact toolbar count without rendering an applied-filter bar (0.348333ms)
  ✔ uses an import action icon instead of a download icon (0.050125ms)
✔ PlaylistDetailPage resource filter feedback (0.733542ms)
▶ actress conflict review state
  ✔ keeps every action tied to its explicit user-visible scope (0.874875ms)
  ✔ expands changed impacts and keeps unchanged impacts collapsed initially (0.07225ms)
  ✔ uses the candidate-owned impact plan only when that candidate is the proposed owner (0.063083ms)
  ✔ sections groups by task state and sorts each section by display name (3.716417ms)
  ✔ selects the first source for viewing without preselecting a proposed owner (0.079958ms)
  ✔ explains empty, unchanged, moved, and conflict-free name edits (0.47575ms)
  ✔ builds the exact owner, pending, and actress versions shown to the user (0.139375ms)
  ✔ requires a replacement only when assigning away a current main name (0.070917ms)
  ✔ enables illegal-name confirmation only after every required replacement is valid (0.061792ms)
  ✔ requires an explicit partner, keeper, and final main name for conflict merges (0.165875ms)
  ✔ allows a pending-name-ownership pair to be merged (0.035541ms)
  ✔ keeps the current group or selects its next neighbor after refresh (0.128917ms)
✔ actress conflict review state (6.465042ms)
▶ conflictReviewRemote
  ✔ resolves ownership/merge/illegal and surfaces stale refresh (0.510083ms)
  ✔ discards a candidate and refreshes the queue (0.097583ms)
  ✔ validates replacement main names (0.172083ms)
  ✔ ignores an older live name inspection after a newer request wins (3.129792ms)
  ✔ invalidates an in-flight inspection cleanup (0.120417ms)
✔ conflictReviewRemote (4.454333ms)
▶ conflictReviewSession
  ✔ resets decision draft when switching groups (0.438083ms)
  ✔ opens ownership replacement dialog when claimants need new main names (4.253375ms)
  ✔ applies refresh focus and stale message (0.157083ms)
  ✔ syncSelectedGroup initializes selection for the first available group (0.05275ms)
✔ conflictReviewSession (5.307416ms)
▶ conflict review latest request gate
  ✔ accepts only the newest async validation result (0.352125ms)
  ✔ invalidates an in-flight result when the workflow closes (0.049125ms)
  ✔ does not let stale cleanup invalidate the current request (0.039583ms)
✔ conflict review latest request gate (0.838875ms)
▶ media-library list surface state
  ✔ keeps archived libraries out of the writable catalog surface (0.298958ms)
✔ media-library list surface state (0.5845ms)
▶ pending center resolution state
  ✔ requires every scan resource to have an explicit valid target (0.599958ms)
  ✔ serializes scan targets only at the select-control boundary (0.628458ms)
  ✔ starts scrape candidates unselected and rejects stale candidate ids (0.168542ms)
  ✔ shows the same deterministic default primary ordering as persisted resolution (0.180792ms)
  ✔ labels scan decisions with their owning media library (0.253709ms)
  ✔ shows resource identity conflicts in the scan queue without exposing a local path (0.091916ms)
✔ pending center resolution state (2.554375ms)
▶ matchesPlaylistResourceFilter
  ✔ uses OR semantics and treats none as global zero resources (0.33375ms)
✔ matchesPlaylistResourceFilter (0.641875ms)
▶ useConflictReviewController
  ✔ wires queue selection and resets dialog draft when switching groups (39.448084ms)
  ✔ routes resolve through the nested view-model commands (14.411625ms)
✔ useConflictReviewController (54.357541ms)
✔ preserves an explicit ownership decision while detail reads are disabled and reenabled (147.852417ms)
▶ video business identity conflict presentation
  ✔ recognizes domain and database-boundary conflict messages (0.323709ms)
✔ video business identity conflict presentation (0.622583ms)
▶ video detail scraper selection
  ✔ prefers the active media-library default over the global default (0.321625ms)
  ✔ does not retain the previous library default when the active library switches (0.046208ms)
  ✔ falls back to the global default when the active library has no override (0.039166ms)
✔ video detail scraper selection (0.761542ms)
▶ pending inbox state
  ✔ sums the aggregate media-library projection without per-library item reads (0.322292ms)
✔ pending inbox state (0.668625ms)
✔ keeps loading and failed inbox counts distinct from an empty inbox (0.059541ms)
▶ actress list renderer behavior
  ✔ does not load the full face-scan manifest for an ordinary actress page (2.038542ms)
  ✔ isolates cached pages when any query condition changes (0.871834ms)
  ✔ recombines the same session face-result subset for list filter changes (0.088583ms)
  ✔ keeps loaded pages after a failure and retries the same next-page offset (0.842041ms)
  ✔ keeps selected ids when later pages append more actresses (0.107083ms)
  ✔ restores scroll after detail return and resets it for a changed query (0.137916ms)
  ✔ clears every pending rail scroll scope on same-section primary navigation (0.51375ms)
✔ actress list renderer behavior (5.102208ms)
▶ actress infinite list pages
  ✔ keeps loaded pages while requesting the next offset (0.83275ms)
  ✔ stops after every matching actress has loaded (0.077375ms)
✔ actress infinite list pages (1.272959ms)
▶ scoped video query keys
  ✔ keeps media-library caches isolated (0.789375ms)
  ✔ canonicalizes filtered all-library scopes (0.068625ms)
✔ scoped video query keys (1.207959ms)
▶ useInfiniteVideoList
  ✔ loads a library larger than the IPC page limit in bounded pages (24.143792ms)
✔ useInfiniteVideoList (24.558333ms)
✔ blocks route changes with a draft and saves before continuing through the real router (28.4105ms)
✔ keeps edits through unrelated refreshes and explicitly resets to the latest saved value (4.815333ms)
✔ preserves edits made while an earlier value is being saved (0.428125ms)
▶ renderer avatarCrop
  ✔ falls back to the standard preset for invalid stored values (0.425084ms)
  ✔ falls back to face centering for invalid stored values (0.046958ms)
  ✔ keeps landmark-based faces at the same visual size across source images (0.251709ms)
  ✔ reports when a tight source cannot reach the requested face size (0.049ms)
  ✔ applies the continuous face ratio consistently (0.074042ms)
  ✔ centers the estimated crown-to-chin region in head mode (0.114209ms)
  ✔ centers segmented visible head bounds instead of the facial axis (0.05825ms)
  ✔ keeps zoom identical across centering modes (0.082792ms)
  ✔ keeps face-ratio changes effective when full-head protection is disabled (0.101041ms)
  ✔ keeps legacy near-square avatars aligned with cover preview layout (0.546792ms)
  ✔ detects the native cover-compatible default transform (0.035208ms)
  ✔ does not let a tainted canvas export crash the editor (0.106083ms)
✔ renderer avatarCrop (2.498584ms)
▶ video batch request scope
  ✔ requires and preserves the current library on library-surface requests (0.94725ms)
  ✔ keeps application-settings requests in explicit global compatibility mode (0.058917ms)
✔ video batch request scope (1.374625ms)
▶ avatarCrop
  ✔ round-trips a valid v1 crop (0.936792ms)
  ✔ rejects crop when fingerprint mismatches (0.074916ms)
  ✔ scales offsets when viewSize changes (0.061417ms)
✔ avatarCrop (1.452875ms)
▶ normalizeClassificationName
  ✔ uses the shared identity normalization without collapsing meaningful script differences (0.637334ms)
  ✔ rejects names that become empty after normalization (0.219917ms)
✔ normalizeClassificationName (1.212125ms)
✔ only accepts finite thumbnail variants and preserves preview URL components (0.66325ms)
▶ buildLibraryScanNotification
  ✔ keeps a no-change successful scan quiet (0.40425ms)
  ✔ notifies for changes and reports each destructive count separately (0.096959ms)
  ✔ reports a metadata-only resource refresh as an update (0.527916ms)
  ✔ reports pending scan groups and their resource count before ordinary changes (0.141167ms)
  ✔ prioritizes offline and error outcomes over ordinary change notices (0.065625ms)
  ✔ reports isolated STRM failures without exposing target content (0.076125ms)
  ✔ reports a blocking processing failure before isolated STRM failures (0.056083ms)
✔ buildLibraryScanNotification (1.83525ms)
▶ sanitizeLibraryScanError
  ✔ removes HTTP credentials, query parameters, Magnet data, and ED2K targets (0.492958ms)
  ✔ bounds arbitrary errors and never throws while formatting them (0.25675ms)
✔ sanitizeLibraryScanError (1.190709ms)
▶ normalizeLibraryScanSummary
  ✔ persists completed STRM failures with safe messages and a 50-item bound (0.765542ms)
✔ normalizeLibraryScanSummary (0.845333ms)
▶ NFO export foreground shortcut guard
  ✔ blocks reload, history, close, and application navigation shortcuts (0.348334ms)
  ✔ leaves modal controls and copy shortcuts usable (0.04925ms)
✔ NFO export foreground shortcut guard (0.741125ms)
▶ selectDefaultPendingScanPrimary
  ✔ prefers local resources and keeps duration, size, and path ordering (0.348417ms)
  ✔ orders STRM resources by actual target kind and then source path (0.064041ms)
✔ selectDefaultPendingScanPrimary (0.77025ms)
▶ pluginDevKindProfile
  ✔ normalizes testTarget and testTargets (0.877208ms)
  ✔ splits test targets only on commas or newlines and trims each group (0.114708ms)
  ✔ uses typed explicit targets as a diagnostic subset (0.695459ms)
  ✔ rejects URL/path targets and wrong-kind arguments (0.181375ms)
  ✔ testTargetsFromDryRun extracts identity from dry-run result (0.082917ms)
  ✔ profiles expose kind-specific labels and field helpers (0.093ms)
✔ pluginDevKindProfile (2.475542ms)
▶ plugin field semantics registry
  ✔ covers every video and actress field with valid symmetric conflicts (0.562666ms)
  ✔ generates the Agent glossary from the selected registry fields (0.172542ms)
  ✔ projects female and male performers independently (0.553333ms)
  ✔ projects composite rating and measurements without collapsing their parts (0.061041ms)
✔ plugin field semantics registry (1.949042ms)
▶ PluginResultContractModule
  ✔ classifies every structural and selectable result key by kind (0.959ms)
  ✔ projects every manifest field through at least one standard result key (0.078709ms)
  ✔ lists unknown raw keys once without guessing a field mapping (0.124708ms)
  ✔ keeps actress identity and source metadata informational (0.21025ms)
  ✔ detects field-level partial cast projection and legacy female default (0.084625ms)
  ✔ maps composite measurements and rating to their legal manifest fields (0.099ms)
  ✔ rejects empty and identity-only effective results mechanically (0.139542ms)
✔ PluginResultContractModule (2.128042ms)
▶ video resource source identity
  ✔ normalizes local file paths (0.338333ms)
  ✔ uses the STRM source file instead of its external target (0.0595ms)
  ✔ does not claim ownership of ordinary external resources (0.050792ms)
✔ video resource source identity (0.809292ms)
▶ videoResourceLinks
  ✔ normalizes HTTP identity without reordering query parameters or changing the path (0.851208ms)
  ✔ rejects local and executable protocols (0.158666ms)
  ✔ infers common video extensions as direct links and otherwise uses web links (0.064375ms)
  ✔ masks query parameters in normal display text (0.063084ms)
  ✔ converts optional MB, GB, and TB values to integer bytes (0.057209ms)
  ✔ uses the Magnet xt identity while preserving the original link and deriving a name (0.189375ms)
  ✔ uses the ED2K file hash identity while deriving its file name (0.05025ms)
✔ videoResourceLinks (1.843792ms)
ℹ tests 2364
ℹ suites 352
ℹ pass 2363
ℹ fail 0
ℹ cancelled 0
ℹ skipped 1
ℹ todo 0
ℹ duration_ms 50077.065833
