
> Javdex@0.6.2 pretest
> npm run check:actress-boundaries && npm run check:media-asset-store-boundaries && npm run check:metadata-source-boundaries && npm run check:classification-entity-boundaries && npm run check:agent-platform-boundaries && npm run lint && npm run check:css-architecture && npm run check:ui-controls


> Javdex@0.6.2 check:actress-boundaries
> node scripts/check-actress-boundaries.mjs

Domain IPC, shared types, and process dependency boundaries are valid.

> Javdex@0.6.2 check:media-asset-store-boundaries
> node scripts/check-media-asset-store-boundaries.mjs

MediaAssetStore implementation boundaries are valid.

> Javdex@0.6.2 check:metadata-source-boundaries
> node scripts/check-metadata-source-boundaries.mjs

Video metadata source boundaries are valid.

> Javdex@0.6.2 check:classification-entity-boundaries
> node scripts/check-classification-entity-boundaries.mjs

Classification entity storage and routing boundaries are valid.

> Javdex@0.6.2 check:agent-platform-boundaries
> node scripts/check-agent-platform-boundaries.mjs

Agent platform boundaries OK

> Javdex@0.6.2 lint
> npm run lint:ts && npm run lint:css


> Javdex@0.6.2 lint:ts
> eslint "src/**/*.{ts,tsx}" "electron.vite.config.ts"


> Javdex@0.6.2 lint:css
> stylelint "src/renderer/src/**/*.module.css" --allow-empty-input


> Javdex@0.6.2 check:css-architecture
> node scripts/check-css-architecture.mjs

CSS architecture checks passed.
┌─────────────────────────────────┬────────┐
│ (index)                         │ Values │
├─────────────────────────────────┼────────┤
│ cssFileCount                    │ 90     │
│ globalClassCount                │ 1149   │
│ crossFileDuplicateClassCount    │ 143    │
│ descendantSelectorCount         │ 801    │
│ importantDeclarationCount       │ 12     │
│ hardcodedColorDeclarationCount  │ 166    │
│ globalStateClassCount           │ 88     │
│ rawButtonClassOccurrenceCount   │ 3      │
│ classNameBehaviorInferenceCount │ 0      │
└─────────────────────────────────┴────────┘

> Javdex@0.6.2 check:ui-controls
> node scripts/check-ui-controls.mjs

UI control checks passed: shared Switch / Checkbox only.

> Javdex@0.6.2 test
> npm run typecheck && npm run test:packaging && node scripts/run-electron-tests.mjs


> Javdex@0.6.2 typecheck
> npm run typecheck:node && npm run typecheck:web


> Javdex@0.6.2 typecheck:node
> tsc --noEmit -p tsconfig.node.json --composite false


> Javdex@0.6.2 typecheck:web
> tsc --noEmit -p tsconfig.web.json --composite false && tsc --noEmit -p tsconfig.browser.json


> Javdex@0.6.2 test:packaging
> node --test scripts/packaging-runtime.test.mjs

TAP version 13
# Subtest: pruneBetterSqlitePrebuilds retains only the current platform and arch
ok 1 - pruneBetterSqlitePrebuilds retains only the current platform and arch
  ---
  duration_ms: 1.589
  type: 'test'
  ...
# Subtest: pruneBetterSqliteBuildFiles removes sources but preserves runtime files
ok 2 - pruneBetterSqliteBuildFiles removes sources but preserves runtime files
  ---
  duration_ms: 1.488292
  type: 'test'
  ...
# Subtest: better-sqlite3 prebuild selection covers every configured packaging platform
ok 3 - better-sqlite3 prebuild selection covers every configured packaging platform
  ---
  duration_ms: 0.0975
  type: 'test'
  ...
# Subtest: pruneElectronFrameworkLocales keeps English and Chinese locale variants
ok 4 - pruneElectronFrameworkLocales keeps English and Chinese locale variants
  ---
  duration_ms: 1.73425
  type: 'test'
  ...
# Subtest: mac packaging selects a node-gyp compatible Python unless the caller chose one
ok 5 - mac packaging selects a node-gyp compatible Python unless the caller chose one
  ---
  duration_ms: 0.117625
  type: 'test'
  ...
# Subtest: packaged runtime smoke runs only for a host-compatible macOS executable
ok 6 - packaged runtime smoke runs only for a host-compatible macOS executable
  ---
  duration_ms: 0.312292
  type: 'test'
  ...
# Subtest: packaging retains the complete Cheerio runtime dependency chain
ok 7 - packaging retains the complete Cheerio runtime dependency chain
  ---
  duration_ms: 0.190709
  type: 'test'
  ...
# Subtest: mac packaging explicitly enables ad-hoc signing before invoking its custom signer
ok 8 - mac packaging explicitly enables ad-hoc signing before invoking its custom signer
  ---
  duration_ms: 0.08025
  type: 'test'
  ...
1..8
# tests 8
# suites 0
# pass 8
# fail 0
# cancelled 0
# skipped 0
# todo 0
# duration_ms 75.803209
▶ createAgentBrowserSchema
  ✔ exposes strict bounded vertical scroll branches without enabling input actions (1.941875ms)
  ✔ explains the evaluate restrictions and their supported alternatives before invocation (0.119791ms)
✔ createAgentBrowserSchema (2.452291ms)
▶ AgentConfiguration
  ✔ projects code-owned tools and permissions while injecting workload compaction (2.459083ms)
  ✔ binds metadata collection to the curator workload and explicit staging capabilities (0.324541ms)
  ✔ registers playlist import as an independent least-privilege use case (0.198875ms)
✔ AgentConfiguration (3.876917ms)
▶ AgentExecution
  ✔ runs the persistence hook before the runtime can commit its bootstrap observation (12.711542ms)
  ✔ opens one runtime session and delegates ten operations without a loop or second queue (3.638125ms)
  ✔ authorizes and records Pi native tools without persisting their output (1.207667ms)
  ✔ fails closed when a Pi native tool lacks a frozen capability grant (0.700541ms)
  ✔ restores a normal checkpoint without reading ExecutionHistory (0.786166ms)
  ✔ rebuilds only for typed checkpoint corruption and only once per generation (2.243041ms)
  ✔ releases runtime resources without closing the durable run (1.258583ms)
  ✔ closes a durable run after its runtime was already released (1.494458ms)
✔ AgentExecution (24.814834ms)
✔ preserves newer product log references when aborting after a domain-only state update (1.151708ms)
✔ preserves append-only plugin history during checkpoint recovery: success (24.334667ms)
✔ preserves append-only plugin history during checkpoint recovery: hash-failure (10.560542ms)
✔ preserves append-only plugin history during checkpoint recovery: rebuild-failure (8.618541ms)
✔ preserves append-only plugin history during checkpoint recovery: unreconciled-tool (16.225ms)
▶ AgentRunStore
  ✔ returns every durable non-closed run so each use case can apply its recovery policy (13.717291ms)
  ✔ persists a frozen config without serializing credentials or functions (3.272667ms)
  ✔ encrypts recovery payloads and fails closed on integrity damage (2.671083ms)
  ✔ accepts an idempotent operation once and settles only named command ids (4.14625ms)
  ✔ keeps repeated product events from the same operation in append order (3.293584ms)
  ✔ does not overwrite a terminal runtime fault when the runtime subsequently settles (1.982125ms)
  ✔ allows one rebuild attempt per recovery generation (0.814875ms)
  ✔ records artifact refs in the product journal and fails closed on damaged refs (3.136ms)
✔ AgentRunStore (34.293084ms)
▶ Agent product journal pagination
  ✔ reads the last cursor through the run/seq index without parsing any payload in a 100k journal (154.595916ms)
  ✔ pages with a strict size cap and no cross-run, duplicate or skipped events despite sequence gaps (46.645875ms)
✔ Agent product journal pagination (201.375416ms)
▶ Agent recovery enumeration
  ✔ filters use case and status before parsing, lazily loads one product, and releases temporary ID pages (77.746834ms)
  ✔ keeps the original recovery order across pages while timestamps change and excludes runs created mid-iteration (29.9635ms)
  ✔ drops the temporary snapshot if an owned payload cannot be parsed (0.604291ms)
✔ Agent recovery enumeration (108.660083ms)
▶ cache affinity
  ✔ is stable, role-separated and does not expose source identifiers (1.321083ms)
✔ cache affinity (1.874792ms)
▶ resolveEffectiveMaxTokens
  ✔ uses the model maximum when the preset limit is zero (0.398875ms)
  ✔ uses the lower positive limit (0.051875ms)
  ✔ rejects invalid limits instead of forwarding zero to the provider (0.424583ms)
  ✔ restores a zero sentinel as one frozen positive provider limit (0.556708ms)
  ✔ resolves live models only by workload (0.844709ms)
✔ resolveEffectiveMaxTokens (2.938041ms)
▶ ModelInvocation
  ✔ uses injected frozen verifier access and forwards preset limits and cancellation (1.986041ms)
✔ ModelInvocation (2.639541ms)
▶ ModelManagementModule
  ✔ builds the migration backup from a strict non-secret provider whitelist (0.74025ms)
  ✔ migrates released settings once and then reads the same v2 revision (14.031375ms)
  ✔ fails closed for an invalid v2 document (0.476209ms)
  ✔ fails closed for malformed nested v2 data and embedding catalog entries (2.911958ms)
  ✔ saving a provider never changes workload assignments (5.022208ms)
  ✔ refreshes protocol-derived model metadata when a connection contract changes (3.86375ms)
  ✔ never exposes credentials or Base URL query secrets in renderer snapshots (5.876334ms)
  ✔ changing the default affects inherited workloads but preserves an explicit plugin model (3.722833ms)
  ✔ freezes the workload context limit into resolved model access (2.501209ms)
  ✔ rejects removing an in-use model and reports the exact workload (7.711333ms)
  ✔ restores the previous credential when configuration persistence fails (2.03ms)
  ✔ does not touch credentials or storage on a stale revision (1.862667ms)
  ✔ keeps discovery ephemeral and reset removes manual overrides (4.277167ms)
  ✔ rejects non-tool Agent models and unsupported long cache (4.845584ms)
✔ ModelManagementModule (61.786666ms)
▶ ToolHost
  ✔ records capability denials before failing closed (12.09025ms)
  ✔ requires a one-use approval permit for install effects (2.098ms)
  ✔ stores only bounded hashes for tool output and errors (0.94525ms)
  ✔ approves only the selected request when multiple approvals are pending (0.954459ms)
  ✔ keeps only the latest pending approval for single-card product flows (0.96025ms)
  ✔ revokes a persisted approval when the continuation dispatch fails (0.917041ms)
  ✔ discards pending and approved permits during terminal cleanup (1.069417ms)
  ✔ binds an approval permit to mutable domain scope as well as visible tool args (0.662875ms)
  ✔ serializes calls sharing a resource without scheduling batches (32.715833ms)
  ✔ marks interrupted writes uncertain and blocks callbacks after waiting or terminal state (2.098375ms)
  ✔ does not start an unkeyed handler when its signal is already aborted (0.615667ms)
  ✔ enforces deadlines even when a handler ignores AbortSignal (23.068833ms)
  ✔ does not let a late handler result overwrite an uncertain timeout (26.113ms)
  ✔ keeps the resource locked until a timed-out non-cooperative handler really settles (62.926083ms)
  ✔ keeps a queued cancellation from letting a third call bypass the active resource holder (12.041667ms)
✔ ToolHost (180.11225ms)
▶ PiRuntime contract
  ✔ allows workspace reads and dev notes but keeps host-owned facts read-only (2.068375ms)
  ✔ loads only frozen workspace Skills and exposes the selected Pi native file tools (2240.368667ms)
  ✔ rejects a workspace Skill that differs from the frozen run configuration (3.182875ms)
  ✔ keeps one long-lived session for ten turns with controlled resources and stable affinity (66.748041ms)
  ✔ keeps the run healthy when Pi recovers from a transient provider error (24.817375ms)
  ✔ emits one terminal runtime fault after provider retries are exhausted (17.969666ms)
  ✔ does not turn a user-cancelled provider retry into a runtime fault (12.161ms)
  ✔ exposes only the resolved custom allowlist and crosses the durable tool-result barrier (7.951334ms)
  ✔ releases the runtime after durable persistence fails during a tool call (13.437584ms)
  ✔ honors a terminating control result even when the domain tool reports failure (37.36725ms)
  ✔ starts a new turn when a follow-up is dispatched after a terminating handoff settled (13.86675ms)
  ✔ does not compact or inject a host recovery prompt after a length stop (18.082541ms)
  ✔ does not start a host continuation after the model-turn budget stops the operation (13.446041ms)
  ✔ enforces the configured per-operation model-turn budget (14.482333ms)
✔ PiRuntime contract (2486.712ms)
▶ actressRepo actress name ownership
  ✔ changes the main-name row and ownership together when an actress is renamed (12.925042ms)
  ✔ keeps ownership while another name type still declares the same normalized name (10.976583ms)
  ✔ rolls back the complete manual edit when any declared name has another owner (7.960333ms)
  ✔ rolls back profile changes and compensates new avatar files when the database write fails (18.414583ms)
✔ actressRepo actress name ownership (50.98525ms)
▶ actressRepo.listActresses
  ✔ excludes migrated pending names from search and exact identity lookup (8.218167ms)
  ✔ does not match a replaced main name that is not kept as an explicit alias (7.416417ms)
  ✔ matches main name, alias, and typed names (13.535083ms)
  ✔ treats SQL LIKE metacharacters as literal search text (8.493667ms)
  ✔ ignores stored names that are not visible name types (9.944833ms)
  ✔ sorts by video count descending by default (8.367375ms)
  ✔ projects only videos that remain reachable through an active visible library membership (8.848791ms)
✔ actressRepo.listActresses (65.093125ms)
▶ actressRepo.listActressPage
  ✔ returns a stable slice with the total number of matching actresses (8.196708ms)
  ✔ pages an explicit renderer-session actress subset with complete totals (7.348ms)
  ✔ returns the cumulative status of every actress with per-status counts (7.387875ms)
  ✔ filters by each status while keeping the counts of the unfiltered scope (8.452792ms)
  ✔ combines the status filter with search, gender and sort (9.634042ms)
  ✔ counts statuses within the current search and gender scope (8.213958ms)
  ✔ treats a missing status as all statuses (8.02525ms)
  ✔ keeps avatar file health outside the pure database query (8.011083ms)
  ✔ does not derive avatar fingerprints during a database list query (7.290125ms)
  ✔ returns minimal avatar path candidates without inspecting files (7.892167ms)
✔ actressRepo.listActressPage (80.713417ms)
▶ actressRepo.clearActressMetadataRecord
  ✔ clears scraped profile fields while keeping main name and video links (8.721458ms)
  ✔ clears non-name metadata without claiming a migrated pending main name (13.701417ms)
  ✔ resets every cumulative state to unscraped and drops the success time (11.101792ms)
  ✔ keeps related links when clearing actress metadata (8.150209ms)
✔ actressRepo.clearActressMetadataRecord (41.787125ms)
▶ actress related links
  ✔ stores related links on an actress and returns them on detail (7.965666ms)
  ✔ unions related links on merge with the keeper first (9.283875ms)
✔ actress related links (17.308458ms)
▶ actressRepo.deleteUnlinkedActresses
  ✔ deletes every selected unlinked actress and returns its stored assets for cleanup (11.069708ms)
  ✔ rejects the whole batch when any selected actress still has a linked video (9.102541ms)
✔ actressRepo.deleteUnlinkedActresses (20.234209ms)
▶ actressRepo.mergeActresses
  ✔ merges videos, aliases, and gallery into the keeper (11.740375ms)
  ✔ rejects merging actresses with different genders (9.265958ms)
  ✔ can adopt the merged actress main name (11.742833ms)
  ✔ rolls back the whole merge when final main-name reconstruction fails (8.547833ms)
  ✔ rolls back the whole merge when alias reconstruction fails (9.641833ms)
  ✔ rejects the whole merge when any resulting name belongs to a third actress (10.649958ms)
  ✔ rejects the whole merge when the selected final main name belongs to a third actress (11.588666ms)
  ✔ resolves a migrated pending name claimed only by the two merged actresses (11.512125ms)
  ✔ preserves existing aliases without reapplying scraped-value heuristics (11.22125ms)
  ✔ deletes unusable keeper avatar assets after adopting the merged actress avatar (12.160208ms)
  ✔ keeps 未刮削 when merging 未刮削 into 未刮削 (9.257542ms)
  ✔ keeps 刮削失败 when merging 刮削失败 into 未刮削 (7.727417ms)
  ✔ keeps 刮削成功 when merging 刮削成功 into 未刮削 (8.597833ms)
  ✔ keeps 刮削失败 when merging 未刮削 into 刮削失败 (7.8655ms)
  ✔ keeps 刮削失败 when merging 刮削失败 into 刮削失败 (8.9315ms)
  ✔ keeps 刮削成功 when merging 刮削成功 into 刮削失败 (8.768666ms)
  ✔ keeps 刮削成功 when merging 未刮削 into 刮削成功 (19.727167ms)
  ✔ keeps 刮削成功 when merging 刮削失败 into 刮削成功 (9.921375ms)
  ✔ keeps 刮削成功 when merging 刮削成功 into 刮削成功 (11.689125ms)
  ✔ keeps the newer success time when the keeper succeeded more recently (13.721666ms)
  ✔ ignores a success time left on a record that is not scraped successfully (13.328208ms)
✔ actressRepo.mergeActresses (228.187042ms)
▶ actressRepo.listActressesForBatchScrape
  ✔ filters by scope and missing fields (12.6785ms)
  ✔ filters actresses by cumulative scrape status (13.600708ms)
  ✔ combines gender and scrape status filters (11.133708ms)
  ✔ matches actresses missing any selected profile field (10.458875ms)
  ✔ limits batch targets to the explicitly selected actress ids (10.506875ms)
✔ actressRepo.listActressesForBatchScrape (58.523791ms)
▶ actressRepo.resolveEffectiveActressScrapeFields
  ✔ fillEmpty keeps only currently missing fields (11.48575ms)
  ✔ fillEmpty treats broken avatar files as missing without mutating during planning (11.554375ms)
✔ actressRepo.resolveEffectiveActressScrapeFields (23.143667ms)
▶ actressRepo.clearBrokenActressAvatarIfNeeded
  ✔ includes broken avatars in batch missing-avatar targets (12.481916ms)
  ✔ clears broken avatar source and crop while keeping a usable display avatar (9.634833ms)
✔ actressRepo.clearBrokenActressAvatarIfNeeded (22.199458ms)
▶ actressRepo.getActressAvatarSourceInfo
  ✔ uses a legacy display avatar as the source without renderer fetch (10.3625ms)
  ✔ prefers the saved original source after an avatar bundle is created (12.762875ms)
✔ actressRepo.getActressAvatarSourceInfo (23.188334ms)
▶ actressRepo.setActressAvatarBundle
  ✔ persists avatar source, display, and crop; recrops without replacing the source (15.209083ms)
  ✔ adopts recognized legacy image bytes when native dimension probing is unavailable (14.891458ms)
  ✔ repairs an existing source whose stored extension does not match its bytes (11.384709ms)
  ✔ rejects invalid display bytes before writing the avatar bundle (9.8015ms)
  ✔ keeps source paths distinct for equal-length Chinese names with identical bytes (12.016208ms)
✔ actressRepo.setActressAvatarBundle (63.423875ms)
▶ actressRepo cumulative scrape status
  ✔ keeps an actress created by video scraping unscraped and exposes the status in detail (12.923958ms)
✔ actressRepo cumulative scrape status (12.962208ms)
▶ actressRepo cumulative scrape status maintenance invariants
  ✔ keeps 未刮削 and its success time through manual maintenance (12.42125ms)
  ✔ keeps 刮削成功 and its success time through manual maintenance (12.527417ms)
  ✔ keeps 刮削失败 and its success time through manual maintenance (11.077458ms)
✔ actressRepo cumulative scrape status maintenance invariants (36.104ms)
▶ actressRepo.upsertActressFromScrape avatar adopt
  ✔ adopts a downloaded avatar into source+display+crop and drops the temp path (10.202875ms)
  ✔ gives equal-length Chinese names distinct avatar files from the same download bytes (12.035833ms)
  ✔ does not replace an existing usable avatar (9.436458ms)
✔ actressRepo.upsertActressFromScrape avatar adopt (31.751ms)
▶ actressRepo.backfillActressGalleryAssetDimensions
  ✔ probes stored local files and fills missing gallery dimensions (23.271708ms)
✔ actressRepo.backfillActressGalleryAssetDimensions (23.307417ms)
▶ actressRepo query purity
  ✔ does not change database rows or stored resources when listing and reading details (13.769584ms)
✔ actressRepo query purity (13.804959ms)
▶ actressRepo.posterPath
  ✔ clears the poster when the referenced gallery image is deleted (10.807125ms)
✔ actressRepo.posterPath (10.870625ms)
▶ actressRepo.replaceActressGalleryAssets
  ✔ keeps local paths that remain in the replaced asset set (19.721833ms)
✔ actressRepo.replaceActressGalleryAssets (19.774625ms)
▶ actressRepo.recordActressScrapeFailure
  ✔ records failure without writing a success time or changing profile fields (12.479166ms)
✔ actressRepo.recordActressScrapeFailure (12.514334ms)
▶ actressRepo.markActressScrapeSucceeded
  ✔ promotes an unscraped actress and stamps the missing success time (10.758333ms)
  ✔ promotes a failed actress and stamps the missing success time (9.092875ms)
  ✔ keeps an existing success time instead of restamping it (9.127291ms)
  ✔ stamps a success time over a blank stored time (11.891833ms)
  ✔ rejects marking an actress that does not exist (11.410459ms)
✔ actressRepo.markActressScrapeSucceeded (52.401709ms)
▶ actressRepo.applyActressScrapeResult
  ✔ keeps every selected field plan aligned with the replace database result (19.838458ms)
  ✔ keeps every selected field plan aligned with the fillEmpty database result (9.751334ms)
  ✔ keeps every selected field plan aligned with the replaceIfPresent database result (18.958041ms)
  ✔ does not backfill gallery metadata while building a read-only plan (13.0995ms)
  ✔ plans and applies a fillEmpty avatar over a broken stored path consistently (13.084459ms)
  ✔ previews replace clears without changing the actress or deleting assets (10.424666ms)
  ✔ does not claim a scrape was applied when every returned alias is unusable (8.283542ms)
  ✔ rolls back profile data and cumulative success when gallery persistence fails (13.155458ms)
  ✔ skips invalid downloaded avatars while applying other profile fields (11.7915ms)
  ✔ replace keeps manual crop when scraped avatar bytes match existing source (14.958084ms)
  ✔ replace adopts a new avatar when scraped bytes differ from existing source (12.908541ms)
  ✔ replace clears an existing avatar when the source returns no avatar (9.449ms)
  ✔ replace preserves an existing avatar when a returned avatar fails to download (9.536792ms)
  ✔ fillEmpty preserves existing measurement values while filling missing ones (12.707916ms)
  ✔ replaceIfPresent updates existing profile values while preserving null scrape results (11.350917ms)
  ✔ replace clears every selected non-avatar field when the matched source returns no values (13.717458ms)
  ✔ replaceIfPresent rejects all fields when every returned alias conflicts (7.877958ms)
  ✔ fillEmpty does not report success when measurements only repeat a filled component (11.747125ms)
  ✔ rejects the whole scraped result when any alias has another owner (13.300208ms)
  ✔ treats canonically equivalent scraped aliases as conflicts (7.786ms)
✔ actressRepo.applyActressScrapeResult (244.155458ms)
▶ AgentMetadataDraftRepo
  ✔ keeps one ready draft per target and returns superseded staging paths (9.371458ms)
  ✔ advances review revisions and stores an idempotent terminal outcome (3.21825ms)
  ✔ fails closed when a stored draft uses an unsupported adapter version (3.184875ms)
✔ AgentMetadataDraftRepo (16.184459ms)
✔ detects local writes, external commits and connection replacement without changing schema (16.017334ms)
▶ home discovery repo
  ✔ returns one bounded status summary for every visible media library (20.9135ms)
  ✔ uses membership time for recent additions and deduplicates shared videos (9.203333ms)
  ✔ keeps a discovery batch stable until the seed changes (14.056ms)
  ✔ does not recommend a membership that has no playable resource in an eligible library (15.983834ms)
  ✔ does not recommend a local-only membership whose media-library root is disabled (13.653334ms)
  ✔ excludes managed resources owned by pending-removal or archived roots (9.425417ms)
  ✔ keeps rootless external links and active-root local or STRM resources eligible (9.885167ms)
  ✔ does not accept a managed resource whose root belongs to another library (16.328709ms)
  ✔ binds a shared recommendation to the source membership that has its playable resource (12.794292ms)
  ✔ searches globally without duplicates and honors an explicit library filter (14.180125ms)
  ✔ excludes libraries disabled for home discovery (12.721041ms)
  ✔ matches global ranking across cursor wrap, equal keys and hidden shared memberships (8171.6415ms)
  ✔ keeps large recent and discovery loads bounded and index-backed (30.744167ms)
  ✔ paginates a large global search without duplicates or per-row queries (41.834625ms)
✔ home discovery repo (8394.879834ms)
▶ libraryCleanup
  ✔ collects actress hints from a video (12.101792ms)
  ✔ prunes stub actresses after video links are removed (7.7595ms)
  ✔ does not prune an actress with meaningful profile data (7.119125ms)
  ✔ deletes tags that are no longer linked to any video (14.6945ms)
✔ libraryCleanup (42.182958ms)
▶ library membership repo
  ✔ creates an idempotent explicit membership with a stable discovery key (9.934083ms)
  ✔ removes only the selected library membership (8.657083ms)
  ✔ rejects archived or missing libraries (9.017916ms)
  ✔ recognizes only visible memberships in an active library surface (8.278167ms)
  ✔ does not automatically remove a resource-less membership referenced by a playlist (8.882959ms)
✔ library membership repo (46.110708ms)
▶ libraryScanRepo latest snapshot
  ✔ updates the pending path after a rename without rewriting the original scan audit (14.397792ms)
  ✔ returns summary, audit, and unrecognized files only from the requested library (9.898709ms)
  ✔ transactionally settles scan runs abandoned by the previous process (9.898709ms)
  ✔ releases archive and root-migration busy gates after restart recovery (11.117458ms)
  ✔ returns an empty snapshot before the first run and rejects an unknown library (7.732916ms)
✔ libraryScanRepo latest snapshot (53.886459ms)
▶ mediaLibraryRepo
  ✔ creates a library, typed config, and canonical root projection atomically (14.51525ms)
  ✔ projects pending scan counts once per library without multiplying across roots (9.545667ms)
  ✔ keeps library and config revisions independent and rejects stale writes (8.875458ms)
  ✔ rejects same, parent, child, and realpath-alias roots across active libraries (17.240333ms)
  ✔ lets disabled roots release paths and revalidates them before enabling (12.326333ms)
  ✔ preserves continuity-owned root identities while allowing empty roots to rebind (21.004833ms)
  ✔ rejects archived-library restore when any continuity-owned root changed identity (19.058ms)
  ✔ rejects ordinary edits while a root is pending removal or archived (13.535917ms)
  ✔ requires explicit migration or cleanup before changing a root-owned path (20.069708ms)
  ✔ archives roots atomically, releases their paths, and rechecks on restore (9.839167ms)
  ✔ scopes local and STRM source identity while disabled and archived roots release paths (18.18225ms)
  ✔ protects the default library and refuses to archive pending root cleanup (11.373333ms)
  ✔ requires a non-default library to be archived before preview or permanent deletion (12.604709ms)
  ✔ deletes roots and non-default libraries using the current library revision (10.958458ms)
  ✔ blocks archiving and deletion while root cleanup is active (11.707291ms)
  ✔ blocks archiving and deletion while a scan run is active (13.406417ms)
  ✔ rejects a deletion preview made stale by global video lifecycle changes (15.658459ms)
  ✔ invalidates deletion impact when another library changes the exclusive-video count (16.329834ms)
  ✔ previews all owned data and permanently deletes only database ownership (14.7705ms)
  ✔ returns a frozen scan snapshot containing only active roots (8.046333ms)
  ✔ projects independently configured automatic scan state in stable library order (14.320584ms)
  ✔ accepts offline absolute roots but rejects relative paths and files (7.588041ms)
  ✔ does not let direct disabled-root deletion cascade diagnostic records (13.663458ms)
  ✔ atomically freezes the filesystem identity when an offline root first comes online (9.710083ms)
  ✔ rejects scan-time identity binding for an identity-less root with resource ownership (10.285416ms)
  ✔ rejects scan-time identity binding for an identity-less root with pending ownership (29.63975ms)
  ✔ rejects scan-time identity binding for an identity-less root with unrecognized ownership (16.4125ms)
  ✔ rejects activation of an identity-less disabled root with owned resources (16.109209ms)
  ✔ rejects restore of an identity-less archived root with owned resources (16.617333ms)
  ✔ rejects a newly-online alias of another active root without partially binding it (10.473917ms)
✔ mediaLibraryRepo (425.137541ms)
▶ media-library root migration repo
  ✔ previews and atomically migrates root-owned state without touching disk or global videos (16.632709ms)
  ✔ uses the shared availability-aware promotion rule within the source library and video (29.459042ms)
  ✔ rejects stale previews and rolls the entire migration back (11.063375ms)
  ✔ rejects resource or pending changes made after preview even when library revisions are unchanged (10.594584ms)
  ✔ moves terminal cleanup history to the replacement root during preview-confirmed migration (19.845625ms)
  ✔ rejects a stale migration preview when terminal cleanup history changes (18.763416ms)
  ✔ rolls back every dataset when a late migration write fails (15.483583ms)
  ✔ fails closed while either library has an active scan or cleanup job (17.433458ms)
  ✔ treats a failed legacy cleanup waiting marker as active work in preview and commit (16.791917ms)
  ✔ rejects target resource conflicts before mutation (9.536791ms)
  ✔ rejects target unrecognized-file conflicts before mutation (6.352209ms)
  ✔ rejects target pending-scan path conflicts during preview (4.3245ms)
  ✔ moves a disabled root without enabling it in the target library (4.651ms)
✔ media-library root migration repo (182.134292ms)
▶ database schema
  ✔ adds STRM source identity without changing existing resource identity or link deduplication (15.581667ms)
  ✔ allows duplicate codes while enforcing complete video business identity (7.963375ms)
  ✔ upgrades video identity without changing ids, resources, or site sources (11.547666ms)
  ✔ leaves a v10 database untouched when normalized business identities conflict (1.301333ms)
  ✔ migrates legacy classification text into stable entities and retires legacy storage (32.94525ms)
  ✔ retires v8 text storage without changing video metadata, entity ids, or child resources (47.791375ms)
  ✔ stores classification profiles, hierarchy, roles, links, and video references (3.024958ms)
  ✔ rolls back the complete classification migration when entity creation fails (1.318792ms)
  ✔ rolls back classification entities when retiring legacy storage fails (2.955875ms)
  ✔ migrates uncontested names to ownership and preserves cross-actress collisions for review (23.810834ms)
  ✔ rolls back name ownership data and schema version when migration fails (12.418ms)
  ✔ creates the current schema and records user_version (8.101875ms)
  ✔ migrates v6 video files to local resources without losing data (12.246875ms)
  ✔ migrates released v1 inline video files and removes the obsolete write constraint (21.622916ms)
  ✔ rejects databases newer than the supported schema version (0.488708ms)
  ✔ upgrades v1 actresses table with avatar source columns (12.214792ms)
  ✔ upgrades v2 actress names to one current primary name without removing visible names (6.04ms)
  ✔ leaves current-version databases unchanged (0.225416ms)
  ✔ classifies v3 actresses only when a success time has actual profile evidence (9.493458ms)
  ✔ keeps the migrated classification unchanged when migration is run again (9.885917ms)
  ✔ rolls back the whole actress status migration when classification fails (2.02975ms)
✔ database schema (244.006458ms)
▶ V14 unreleased feature consolidation migration
  ✔ creates a fresh database with one active default media library (14.153125ms)
  ✔ upgrades released V13 data while keeping playlist import sessions out of the schema (8.249ms)
  ✔ scopes pending path identity to each library in the final V14 schema (6.772208ms)
  ✔ enforces one primary per membership while archived sources can be adopted by another library (6.355208ms)
  ✔ rolls back V14 when released source paths normalize to the same identity (1.402666ms)
✔ V14 unreleased feature consolidation migration (38.159167ms)
▶ V15 local NFO import migration
  ✔ creates fresh V15 databases with automatic import enabled and identity constraints (6.567625ms)
  ✔ upgrades V14 rows, preserves the default, and enforces minimal pending identity snapshots (0.935667ms)
  ✔ rolls the migration back and leaves user_version at V14 on schema conflict (0.414542ms)
✔ V15 local NFO import migration (8.569292ms)
✔ adds the cleanup queue and later indexes when upgrading V15 and preserves old business data and damaged diagnostic state (12.199333ms)
✔ rolls back both DDL and version when V16 fails after table creation, then upgrades on retry (3.595292ms)
✔ upgrades V16 without changing any business rows or other schema and matches fresh V17 (34.708916ms)
✔ rolls back index DDL and version after drop failure, then retries (9.973625ms)
✔ rolls back index DDL and version after create failure, then retries (9.802ms)
▶ getLibraryOverviewStats
  ✔ returns aggregate library counts (17.477167ms)
  ✔ counts actress cumulative status from scraped_status, not last_scraped_at (11.793042ms)
✔ getLibraryOverviewStats (29.879917ms)
▶ pending resource identity repository
  ✔ persists the minimum conflict snapshot while exposing only safe presentation fields (19.878875ms)
  ✔ upserts one conflict per library path and enforces revision when deleting (10.122458ms)
  ✔ rejects paths outside the root, equal identities, and malformed STRM snapshots (11.816ms)
  ✔ removes missing conflicts only under roots proven accessible by a safe scan (14.440459ms)
✔ pending resource identity repository (56.923875ms)
▶ pendingScanRepo media-library scope
  ✔ keeps same-code groups and resource lookups isolated between libraries (16.51475ms)
  ✔ allows the same normalized path in different libraries while deduplicating inside each library (14.829666ms)
  ✔ rejects a root or group that belongs to another library (17.12775ms)
  ✔ increments revision on upsert and rejects a stale resolution atomically (20.422958ms)
  ✔ can assign the same global video in two libraries without crossing resources (19.396792ms)
  ✔ reconciles only selected roots in the selected library and bumps surviving groups (13.945292ms)
  ✔ refreshes a changed STRM snapshot and forces the caller to review the new revision (18.395209ms)
  ✔ moves an already-pending path to the new same-library code without leaving an empty group (11.137583ms)
  ✔ rolls back resources, memberships, and videos if final group deletion fails (13.47875ms)
✔ pendingScanRepo media-library scope (146.091625ms)
✔ counts a large pending inbox without decoding its snapshots and follows deletions (106.024542ms)
▶ playlistRepo
  ✔ paginates and filters identically to the full playlist without losing zero-resource rows (37.586584ms)
  ✔ limits a large playlist before returning card details (180.664125ms)
  ✔ keeps metadata out of subsequent video-page queries (12.301833ms)
  ✔ creates playlists with required name and optional fields (10.412958ms)
  ✔ adds videos once per playlist and lists detail videos (16.006125ms)
  ✔ keeps playlist references visible across hidden, archived and missing memberships (21.612833ms)
  ✔ updates playlist metadata and custom cover (14.251042ms)
  ✔ reports video membership and removes videos (16.40775ms)
  ✔ allows one video in multiple playlists without duplicates in one playlist (10.16975ms)
  ✔ rejects blank playlist names (7.979625ms)
  ✔ stores related links on create and update (7.697875ms)
✔ playlistRepo (335.95475ms)
▶ scoped video catalog repo
  ✔ keeps list resources and membership time inside one library (6.620541ms)
  ✔ loads detail from the injected database and projects only the active library resources (6.181042ms)
  ✔ deduplicates global results and selects the newest eligible membership (5.33575ms)
  ✔ interprets the none resource filter within the selected scope (3.158083ms)
  ✔ treats an archived media-library scope as unavailable (3.741917ms)
  ✔ rejects invalid scope ids before building SQL (4.417375ms)
  ✔ keeps fixed actor and tag filters unique across shared and hidden memberships (5.557042ms)
  ✔ normalizes a single active library and serves no-count pages with identical ordering (14.950208ms)
  ✔ uses bounded indexed queries for a large scoped page (25.798416ms)
✔ scoped video catalog repo (76.730083ms)
▶ tagRepo.pruneUnusedTags
  ✔ deletes tags with no video links and keeps tags still used by a video (16.76125ms)
✔ tagRepo.pruneUnusedTags (17.301417ms)
▶ tagRepo selected labels
  ✔ looks up only selected IDs through the tag primary key and omits deleted IDs (22.474333ms)
  ✔ bounds display labels and JSON bytes without changing full stored names (17.521167ms)
  ✔ rejects invalid or oversized requests and does no SQL work for an empty selection (8.350417ms)
✔ tagRepo selected labels (48.603791ms)
▶ tagRepo manual candidates
  ✔ pages alphabetically without counts and retains hidden/manual-only associations (34.50925ms)
  ✔ preserves Unicode/literal substring matching and searches beyond display truncation (13.521959ms)
  ✔ uses tag-key existence checks under skewed statistics and validates its work limits (20.171958ms)
✔ tagRepo manual candidates (68.38025ms)
▶ tagRepo active catalog projection
  ✔ matches manual association and visibility semantics before and after statistics maintenance (47.819333ms)
  ✔ deduplicates shared memberships and preserves manual origin and zero-count tags (14.48425ms)
  ✔ counts only videos that can be opened through the active visible catalog (11.420458ms)
✔ tagRepo active catalog projection (73.843625ms)
▶ video lifecycle repo
  ✔ removes only one library membership and replays the same operation idempotently (13.3315ms)
  ✔ moves one external resource and keeps each library primary isolated (8.597125ms)
  ✔ promotes an available source fallback by kind and add time without crossing ownership scope (21.427708ms)
  ✔ rejects moving a local or STRM-managed source without transferring its root (8.017208ms)
  ✔ treats archived source libraries as read-only (8.185833ms)
  ✔ rejects a stale preview and globally deletes only after a fresh explicit preview (5.929541ms)
  ✔ invalidates a global-delete preview when any displayed relationship changes (6.458166ms)
✔ video lifecycle repo (72.600458ms)
▶ videoRepo.scrapeStatus
  ✔ does not downgrade an already scraped video when a later scrape fails (11.055ms)
  ✔ can manually mark an unscraped or failed video as scraped (8.825542ms)
✔ videoRepo.scrapeStatus (20.26675ms)
▶ videoRepo.listVideos
  ✔ rejects attempts to restore classification text storage through generic updates (8.121541ms)
  ✔ sorts and paginates videos (7.845417ms)
  ✔ sorts facet videos by release date desc with missing dates last (8.791834ms)
  ✔ filters by status, year and facet fields (10.044ms)
  ✔ applies multi-tag AND filters (12.957958ms)
  ✔ filters resource kinds with OR semantics and treats no-resource as zero rows (13.41475ms)
  ✔ projects resource count and primary-first deduplicated resource kinds (8.177875ms)
  ✔ searches videos by actress alias (9.482458ms)
  ✔ preserves SQL LIKE pattern matching in the video search actress branch (8.005ms)
  ✔ excludes migrated pending actress names from video search (11.077625ms)
✔ videoRepo.listVideos (98.261875ms)
▶ videoRepo.getVideoDetail
  ✔ lists female cast before male cast (12.997375ms)
  ✔ includes external rating stats (7.916125ms)
✔ videoRepo.getVideoDetail (20.994875ms)
▶ videoRepo.setPrimaryVideoResource
  ✔ automatically marks the first resource as primary (8.689625ms)
  ✔ keeps the current primary when a requested primary insert is a duplicate (7.950334ms)
  ✔ marks one resource as primary and clears the previous primary (10.257666ms)
✔ videoRepo.setPrimaryVideoResource (27.004459ms)
▶ videoRepo.posterPath
  ✔ clears the poster when the referenced sample is deleted (9.418208ms)
✔ videoRepo.posterPath (9.458291ms)
▶ videoRepo.listVideosForBatchScrape
  ✔ filters by scrape status (12.0475ms)
  ✔ can constrain batch targets to explicit selected video ids (7.881042ms)
  ✔ filters missing fields by stored path or link, not file health (8.106833ms)
✔ videoRepo.listVideosForBatchScrape (28.133667ms)
▶ videoRepo tags by origin
  ✔ orders scraped tags before manual tags in detail (13.734083ms)
  ✔ editVideoRecord only replaces scraped tags (8.266166ms)
  ✔ editVideoRecord drops unused scraped tags while keeping tags still used elsewhere (10.479083ms)
  ✔ clearVideoMetadataRecord deletes unused scraped tags and keeps manual tags (11.1705ms)
  ✔ editVideoRecord replaces female and male cast separately (12.940667ms)
  ✔ removeManualVideoTag only removes manual tags (14.37925ms)
  ✔ removeManualVideoTag keeps tag when scraped associations remain (10.584709ms)
  ✔ promotes scraped tag to manual when adding the same name (11.482417ms)
✔ videoRepo tags by origin (93.225833ms)
▶ classification IPC contract
  ✔ registers every command and forwards typed arguments to the public services (3.178333ms)
✔ classification IPC contract (3.537125ms)
▶ IPC path guards
  ✔ rejects a rename that contains a path component (0.4495ms)
  ✔ authorizes only files under the selected active root (1.130292ms)
  ✔ rejects a path when the persisted root has been replaced (1.468917ms)
  ✔ rejects a file that escapes a configured root through a symbolic link (1.57ms)
✔ IPC path guards (5.05125ms)
▶ IPC sender security
  ✔ accepts the configured main window and main frame (1.083542ms)
  ✔ rejects another webContents, a child frame, and an untrusted URL (0.491208ms)
  ✔ matches dev origins but requires the exact production file (0.181125ms)
✔ IPC sender security (2.50175ms)
▶ media-library IPC schemas
  ✔ accepts the complete default config sent by the create wizard, including local NFO import (2.878791ms)
  ✔ accepts boolean local NFO settings on update and rejects malformed values on both paths (0.72ms)
  ✔ accepts exact management commands and rejects loose object shapes (1.233584ms)
  ✔ rejects invalid ids and revisions on every optimistic command shape (0.374833ms)
  ✔ strictly validates home discovery and global-search inputs (0.516333ms)
✔ media-library IPC schemas (6.16675ms)
▶ media-library IPC handlers
  ✔ registers the complete contract and forwards validated arguments (0.430875ms)
  ✔ rejects malformed calls before a dependency is invoked (0.364875ms)
  ✔ preserves root continuity domain errors across validated IPC handlers (0.1555ms)
✔ media-library IPC handlers (1.026708ms)
▶ NFO export IPC schemas
  ✔ accepts the complete closed plan request and rejects missing or extra state (1.572959ms)
✔ NFO export IPC schemas (1.908916ms)
▶ playlist import renderer lifecycle
  ✔ binds every recreated renderer once and cancels only on full navigation or loss (0.737209ms)
  ✔ cancels a non-terminal foreground import when its renderer disconnects (0.702584ms)
  ✔ leaves terminal imports untouched (0.355083ms)
✔ playlist import renderer lifecycle (2.488458ms)
▶ scan latest IPC handler
  ✔ validates libraryId and forwards the scoped latest snapshot (1.935958ms)
✔ scan latest IPC handler (2.426834ms)
▶ scrape IPC schemas
  ✔ strictly validates media-library-scoped video batch scrape commands (1.642958ms)
  ✔ validates the optional media-library scope on single-video scrape commands (0.156ms)
✔ scrape IPC schemas (2.154083ms)
✔ validates manual tag candidate bounds and existing-tag identities (1.703459ms)
✔ bounds selected tag label IPC requests before repository access (0.317084ms)
▶ typed IPC adapter
  ✔ does not expose the legacy unreviewed video deletion command (0.183917ms)
  ✔ forwards command arguments and returns the application result (0.129917ms)
  ✔ rejects malformed arguments before invoking the application handler (0.204ms)
  ✔ accepts link-resource updates without an import-only target (0.946458ms)
  ✔ only accepts metadata retention when removing a last video resource (0.215959ms)
  ✔ accepts one exact plugin approval decision and rejects malformed decisions (0.318125ms)
  ✔ accepts only explicit plugin continuation kinds (0.07675ms)
  ✔ accepts only typed plugin user responses with request-bound actions (0.459125ms)
  ✔ accepts plugin history clearing only without renderer-supplied run ids (0.042833ms)
  ✔ accepts unrecoverable plugin-session discard only without renderer-supplied run ids (0.606875ms)
  ✔ keeps legacy model limits out of the generic settings mutation contract (0.387708ms)
  ✔ validates playlist import start and identity controls at the IPC boundary (0.5775ms)
  ✔ requires the path-removal impact revision at the settings boundary (0.113041ms)
  ✔ accepts only the structured model-management command vocabulary (0.4695ms)
  ✔ serializes successful results and thrown errors (0.634792ms)
  ✔ sends the contracted event payload unchanged (0.053958ms)
✔ typed IPC adapter (5.729542ms)
▶ video query IPC schemas
  ✔ accepts and normalizes a complete list query at every VideoQuery boundary (1.793792ms)
  ✔ rejects malformed fields consistently for lists and global search (1.971792ms)
  ✔ strictly validates catalog scopes and video detail identifiers (0.377375ms)
✔ video query IPC schemas (4.517125ms)
▶ main window asset paths
  ✔ resolves preload and renderer from the app root when appMain is emitted as a chunk (0.369375ms)
✔ main window asset paths (0.6985ms)
▶ LocalNfoSourceAdapter
  ✔ reads its own exported samples with a separate background (portable-v1) (5.414417ms)
  ✔ reads its own exported samples with a separate background (jellyfin-current) (6.287417ms)
  ✔ reads its own exported samples with a separate background (emby-kodi-conservative) (3.569958ms)
  ✔ reads its own exported samples with a separate background (plex-nfo-1.43.1+) (4.105042ms)
  ✔ reads its own exported samples with a separate background (infuse-current) (1.7025ms)
  ✔ keeps explicit and discovered samples scoped to their video in a shared directory (3.432958ms)
  ✔ collects one candidate per physical NFO with local asset capabilities and no paths (3.951458ms)
  ✔ uses explicit gender, then existing actor gender, then dialect default (0.868084ms)
  ✔ keeps actress avatar positions aligned after gender field projection (1.785292ms)
  ✔ reads legacy and Kodi actor filenames and follows explicit references for repeated spaces (2.800209ms)
  ✔ treats no sidecar as a quiet no-match and excludes mismatched NFO identity (0.854792ms)
✔ LocalNfoSourceAdapter (35.401ms)
▶ videoMetadataCandidateStager
  ✔ stages remote and managed-root assets without persisting host paths (14.477334ms)
✔ videoMetadataCandidateStager (15.444916ms)
▶ WebScraperSourceAdapter
  ✔ passes the stored code to legacy plugins unchanged while comparing normalized identities (0.833333ms)
  ✔ collects exact candidates with declared remote assets and source evidence (0.807ms)
✔ WebScraperSourceAdapter (2.510417ms)
▶ VideoMetadataSourceRegistry
  ✔ resolves stable source ids while preserving legacy plugin-name lookup (0.120333ms)
✔ VideoMetadataSourceRegistry (0.173125ms)
✔ exports oriented/cropped artwork with the shipped Electron codec and encrypted asset store (533.315667ms)
▶ NfoExportModule
  ✔ inspects each plan anchor once and reuses the returned canonical directory (12.028625ms)
  ﹣ accepts alternate Windows path spellings for the same physical export directory (0.208917ms) # Windows path aliases are case-insensitive
  ✔ reads selected images linearly and isolates assets that fail or change after planning (407.349042ms)
  ✔ shares identical actor avatars across videos and removes references to conflicting content (44.591875ms)
  ✔ plans without writing and applies an exact-stem NFO plus portable cover (16.923875ms)
  ✔ keeps the default skip policy and rejects a changed target under replace (9.632542ms)
  ✔ marks every planned file stale when source metadata changes (1.850458ms)
  ✔ exports a local STRM source anchor and counts resources without anchors separately (2.276625ms)
  ✔ terminates only between files and leaves completed atomic writes intact (10.466083ms)
  ✔ isolates an image conversion failure from the NFO write (10.35875ms)
  ✔ reports an atomic write failure per item and continues later files (2.666542ms)
  ✔ exports samples as separate attachments and reads them back without background images (59.861708ms)
  ✔ marks colliding sanitized actor avatar targets and omits ambiguous NFO references (16.40375ms)
  ✔ treats case, Unicode and space-to-underscore actor targets as collisions (1.252542ms)
  ✔ makes Windows device actor names portable before planning their target (0.736334ms)
  ✔ keeps unreadable selected images as unavailable plan items without blocking NFO (9.877875ms)
  ✔ warns about requested missing artwork, avatars, and populated fields omitted by a profile (2.2245ms)
  ✔ uses the video stem itself for Infuse cover output and local reference (17.946708ms)
  ✔ plans each physical resource, deduplicates identical targets, and warns only on same-directory identity collisions (4.862042ms)
  ✔ reports real read-only directory failures without leaving temporary files (1.923583ms)
  ✔ rejects a sample-directory symlink introduced after planning (19.203625ms)
  ✔ does not fingerprint a nested export target through a pre-existing symlink (2.211084ms)
  ✔ revalidates a skip target parent before following a newly introduced symlink (24.515542ms)
  ✔ creates consumer-readable sidecars and preserves an existing target mode on replace (20.675125ms)
✔ NfoExportModule (702.964459ms)
▶ NFO export profiles
  ✔ renders all public profiles as valid movie XML without database identities (10.14075ms)
  ✔ applies profile-specific conservative fields and keeps background separate from samples (0.798084ms)
  ✔ canonicalizes and deduplicates Plex rating source aliases (0.954125ms)
  ✔ reports populated fields that the selected profile cannot represent (0.110375ms)
✔ NFO export profiles (12.531166ms)
▶ SqliteNfoExportRepository
  ✔ projects exportable metadata while excluding personal rating and watch state (18.01525ms)
✔ SqliteNfoExportRepository (18.826167ms)
▶ NFO export renderer diagnostics
  ✔ redacts POSIX and Windows absolute paths while preserving the reason (0.716166ms)
✔ NFO export renderer diagnostics (1.410083ms)
▶ NfoExportTaskController
  ✔ keeps planning leases until an asynchronous plan settles, including disposal and failures (1.709667ms)
  ✔ holds both leases from plan through apply and releases them at terminal state (2.410917ms)
  ✔ releases leases when a plan is discarded or planning fails (0.185583ms)
  ✔ requests termination and waits for apply before process disposal releases leases (0.585583ms)
  ✔ does not acquire an asset lease when another maintenance task owns the gate (0.283334ms)
✔ NfoExportTaskController (6.246833ms)
▶ NFO export main-window guard
  ✔ binds recreated windows and disposes a foreground task when their renderer is lost (0.643084ms)
  ✔ prevents navigation while a plan or task owns the foreground (0.22725ms)
  ✔ keeps the window open during a running export but allows the coordinated quit path (0.165917ms)
  ✔ releases a held preview plan and allows navigation instead of treating it as a running task (0.189125ms)
✔ NFO export main-window guard (1.962708ms)
▶ NFO artifact codec
  ✔ accepts the four synthetic third-party dialect fixtures (4.087834ms)
  ✔ round-trips five canonical Javdex fixtures with stable UTF-8 and LF output (3.8275ms)
  ✔ normalizes the MDC dialect and prefers structured ratings over its scalar duplicate (0.286583ms)
  ✔ normalizes MDCx, Javinizer, and JavSP field variants (0.255041ms)
  ✔ reports unknown legal tags and remote artwork without retaining remote URLs as assets (0.132208ms)
  ✔ rejects DTD, entities, oversized input, excessive depth, node count, and field size (15.498333ms)
✔ NFO artifact codec (24.554583ms)
▶ NFO sidecar locator
  ✔ prefers exact stem and reports a differing movie.nfo without exposing either path (8.758125ms)
  ✔ uses movie.nfo only for one anchor or one logical code and rejects mixed directories (7.47575ms)
  ✔ deduplicates physical sidecars and rejects symlink escapes at issue and read time (9.227333ms)
✔ NFO sidecar locator (26.085083ms)
▶ parseCode
  ✔ parses standard codes (2.62375ms)
  ✔ parses 規格品番 ADV-R and ADV-SR (0.222084ms)
  ✔ does not mis-parse ADV-R0484 as R0-484 (0.132167ms)
  ✔ parses FC2 and Heyzo (0.093958ms)
  ✔ parses DMM h_ prefix (0.07525ms)
  ✔ parses date-based uncensored ids (0.060083ms)
  ✔ extracts code after @ in filename (0.068292ms)
  ✔ returns null for noise-only names (0.074833ms)
  ✔ rejects no-hyphen and short-prefix patterns (0.103375ms)
✔ parseCode (4.74325ms)
▶ libraryScanAuditStore
  ✔ atomically replaces and restores the complete latest audit (4.370875ms)
  ✔ fails closed for malformed audit documents (6.877334ms)
  ✔ reads schema 2 NFO dispositions while retaining schema 1 compatibility (4.227625ms)
✔ libraryScanAuditStore (16.114958ms)
▶ ScanCoordinator
  ✔ coalesces display progress while preserving per-file callbacks and the final event (22.941375ms)
  ✔ flushes pending progress before a failure without delaying the failure event (1.611458ms)
  ✔ binds an offline-created root identity and refreshes the frozen snapshot before scanning (1.126625ms)
  ✔ persists matching complete audit details with the latest summary (0.273167ms)
  ✔ publishes scan lifecycle events for every trigger (0.208625ms)
  ✔ uses one frozen configuration snapshot for the complete run (0.151458ms)
  ✔ reconciles resource identity pending rows only under roots proven safe after traversal (0.203208ms)
  ✔ preserves offline roots and removes only missing local resources under accessible roots (0.47175ms)
  ✔ aborts cleanup when a local path cannot be audited (0.456958ms)
  ✔ treats a root that becomes unreadable after traversal as offline (0.173458ms)
  ✔ rechecks the frozen root identity immediately before cleanup writes (0.176459ms)
  ✔ does not run cleanup after cancellation and releases the mutual-exclusion lease (0.23825ms)
  ✔ keeps resources after a coordinator-level failure (0.175167ms)
  ✔ skips every destructive cleanup after a file processing failure (0.082125ms)
  ✔ replaces the unrecognized-file snapshot after every safe completed scan (0.111542ms)
  ✔ completes safe cleanup with errors when failures are isolated to STRM files (0.118625ms)
  ✔ consumes deferred path cleanup only after a successful uncancelled scan (0.088667ms)
  ✔ keeps deferred path cleanup queued after a partial folder scan (0.078209ms)
  ✔ allows a full cleanup-only scan after the final configured folder was removed (0.051208ms)
  ✔ preserves all three cleanup audit sequences above the argument limit (327.927833ms)
  ✔ removes resource-less memberships after deferred cleanup on a safe full scan (0.259667ms)
  ✔ persists a sanitized failed summary without running destructive cleanup (0.209375ms)
  ✔ rolls back resource cleanup and keeps pending roots when auto-delete fails (0.189208ms)
  ✔ keeps pending roots when the cleanup transaction cannot commit (0.149542ms)
  ✔ rejects duplicate scans and scans blocked by resource maintenance (7.870584ms)
✔ ScanCoordinator (366.356708ms)
▶ scanFolders
  ✔ rejects an archived library atomically when manual import resumes after probing (16.141875ms)
  ✔ rejects manual import when the root is physically replaced while duration probing is suspended (9.689667ms)
Scan error for /var/folders/h4/zxrt6zwx6dv1n16kwxzltqgh0000gn/T/javdex-scan-lCQCDp/scan-replaced-root/RACE-003.mp4 Error: 只能操作身份有效的启用媒体库根目录内文件
    at rejectManagedRootFile (/Users/nut/Project/JavdexLabs/Javdex/src/main/services/mediaLibraryRootFileGuard.ts:32:9)
    at requireCurrentRootIdentity (/Users/nut/Project/JavdexLabs/Javdex/src/main/services/mediaLibraryRootFileGuard.ts:86:5)
    at assertRootFile (/Users/nut/Project/JavdexLabs/Javdex/src/main/services/mediaLibraryRootFileGuard.ts:98:27)
    at assertMediaLibraryRootFile (/Users/nut/Project/JavdexLabs/Javdex/src/main/services/mediaLibraryRootFileGuard.ts:170:3)
    at authorizeMediaLibraryRootFile (/Users/nut/Project/JavdexLabs/Javdex/src/main/services/mediaLibraryRootFileGuard.ts:230:3)
    at authorizeFileWrite (/Users/nut/Project/JavdexLabs/Javdex/src/main/scanner/scanner.ts:656:7)
    at scanFolders (/Users/nut/Project/JavdexLabs/Javdex/src/main/scanner/scanner.ts:1142:7)
    at async TestContext.<anonymous> (/Users/nut/Project/JavdexLabs/Javdex/src/main/scanner/scanner.test.ts:447:20)
    at async Test.run (node:internal/test_runner/test:1332:7)
    at async Suite.processPendingSubtests (node:internal/test_runner/test:911:7)
  ✔ keeps scan state unchanged when a frozen root is physically replaced during probing (23.490375ms)
Scan error for /var/folders/h4/zxrt6zwx6dv1n16kwxzltqgh0000gn/T/javdex-scan-399gJM/rename-import-replaced-root/RACE-004.mp4 Error: 只能操作身份有效的启用媒体库根目录内文件
    at rejectManagedRootFile (/Users/nut/Project/JavdexLabs/Javdex/src/main/services/mediaLibraryRootFileGuard.ts:32:9)
    at requireCurrentRootIdentity (/Users/nut/Project/JavdexLabs/Javdex/src/main/services/mediaLibraryRootFileGuard.ts:86:5)
    at assertRootFile (/Users/nut/Project/JavdexLabs/Javdex/src/main/services/mediaLibraryRootFileGuard.ts:98:27)
    at assertMediaLibraryRootFile (/Users/nut/Project/JavdexLabs/Javdex/src/main/services/mediaLibraryRootFileGuard.ts:170:3)
    at authorizeMediaLibraryRootFile (/Users/nut/Project/JavdexLabs/Javdex/src/main/services/mediaLibraryRootFileGuard.ts:230:3)
    at authorizeFileWrite (/Users/nut/Project/JavdexLabs/Javdex/src/main/scanner/scanner.ts:656:7)
    at scanFolders (/Users/nut/Project/JavdexLabs/Javdex/src/main/scanner/scanner.ts:1074:9)
    at async renameAndImport (/Users/nut/Project/JavdexLabs/Javdex/src/main/scanner/scanner.ts:1444:20)
    at async TestContext.<anonymous> (/Users/nut/Project/JavdexLabs/Javdex/src/main/scanner/scanner.test.ts:536:19)
    at async Test.run (node:internal/test_runner/test:1332:7)
  ✔ does not commit or rename a replacement-root file when rename-import resumes after probing (11.295916ms)
  ✔ rejects a disabled target root at the resource transaction boundary (8.786084ms)
  ✔ reuses archived local and STRM source paths without crossing library ownership (24.377834ms)
  ✔ imports mixed local and STRM resources into one video and keeps the local file primary (16.646292ms)
  ✔ chooses the scan primary independently of directory entry order (16.135709ms)
  ✔ reselects the primary when scanning into an existing resource-less video (12.847792ms)
  ✔ keeps mixed local and STRM resources in one masked pending group (10.472375ms)
  ✔ rejects a stale pending STRM assignment, refreshes its snapshot, then accepts it (16.605375ms)
  ✔ removes an invalidated STRM snapshot from the pending group on a later scan (11.446959ms)
  ✔ syncs a changed STRM target in place while preserving primary and user-maintained fields (11.444083ms)
  ✔ isolates invalid STRM files and retries them without replacing a bound target (20.398667ms)
  ✔ relocates STRM only when the complete filename and target identify one missing source (16.341792ms)
  ✔ loads STRM candidates once per scan across imports, moves and pending writes (261.357625ms)
  ✔ relocates a bound STRM after its video code has been corrected (14.097416ms)
  ✔ holds new resources for confirmation when several videos already use the code (10.393292ms)
  ✔ keeps an already-pending path out of relocation and refreshes its pending snapshot (12.277583ms)
  ✔ holds a same-scan multi-file code together when automatic assignment is disabled (14.923291ms)
  ✔ does not let an invalid STRM force a valid same-code video into confirmation (10.542708ms)
  ✔ persists a pending scan group across database reopen and assigns it atomically (15.607ms)
  ✔ rolls back every scan assignment when final pending-group deletion fails (12.931208ms)
  ✔ imports one unambiguous file normally when automatic assignment is disabled (8.817084ms)
  ✔ holds a new resource that matches one existing video when automatic assignment is disabled (11.327708ms)
  ✔ promotes the available resource when assigning into an existing video without a primary (9.245833ms)
  ✔ normalizes a manual code and attaches to an existing case-insensitive identity (109.745875ms)
  ✔ aborts when a nested directory cannot be audited (7.947333ms)
  ✔ imports a symbolic-link video by its link path and file name (12.8425ms)
  ✔ does not follow symbolic-link directories (11.0805ms)
  ✔ silently skips a broken symbolic-link video (12.284083ms)
  ✔ leaves missing-resource cleanup to the high-level scan coordinator (10.387583ms)
  ✔ keeps distinct symbolic-link paths that point to the same target (12.052125ms)
  ✔ keeps a resource under an unavailable root when the same code appears online (10.556959ms)
  ✔ relocates one same-code video by a unique file-size match without requiring the old name (9.423958ms)
  ✔ uses full file name and size to relocate safely when several videos share a code (10.360542ms)
  ✔ does not relocate when full file name and size match more than one duplicate-code video (10.191833ms)
  ✔ treats a new file normally when an old same-code path cannot be audited (9.56525ms)
  ✔ keeps an unrecognized rename and only rediscovers the renamed file (27.832875ms)
  ✔ uses the scan same-code pending flow when automatic merging is disabled (17.861667ms)
  ✔ renames and discovers the code without a manual code or target (11.202292ms)
  ✔ renames and imports an unrecognized STRM as a source-managed link (13.549542ms)
  ✔ imports recognized videos and reports unrecognized files (17.585958ms)
  ✔ reuses scanned directory entries when checking a directory without NFO files (56.052166ms)
  ✔ refreshes a changed local identity snapshot on rescan before user confirmation (13.131625ms)
  ✔ refreshes a changed strm identity snapshot on rescan before user confirmation (17.257041ms)
  ✔ uses NFO identity only for newly discovered resources when automatic import is enabled (30.105708ms)
  ✔ handles cancellation during the only or first NFO application and preserves committed file audits (25.466125ms)
  ✔ aggregates first-discovery NFO candidates once per video after all resources are assigned (14.155667ms)
  ✔ does not count an existing pending resource identity as a new same-code file (12.351542ms)
  ✔ keeps distinct local NFO candidates in the existing confirmation workflow (18.322458ms)
  ✔ persists a filename/NFO identity conflict without creating formal library records (17.276458ms)
  ✔ persists only a masked STRM target projection for an NFO identity conflict (7.931292ms)
  ✔ keeps a valid filename import when its NFO is invalid and records only a secondary warning (12.842125ms)
  ✔ uses NFO identity across libraries but never overwrites a globally scraped-success video (10.205375ms)
  ✔ applies local NFO with fill-empty semantics for new and failed videos (16.24925ms)
  ✔ reattaches a scanned file to an existing no-resource video without replacing metadata (8.15825ms)
  ✔ yields while scanning large batches (106.585625ms)
  ✔ collects a very large root without overflowing call arguments before cancellation (1451.855125ms)
  ✔ stops when cancelled (54.179083ms)
  ✔ skips new imports shorter than 30 minutes (8.8755ms)
  ✔ skips short files before unrecognized handling (8.134916ms)
  ✔ stores probed duration on import (8.954958ms)
  ✔ refreshes duration when the file changes on rescan (12.868708ms)
  ✔ skips duration probe on rescan when file is unchanged (11.992833ms)
  ✔ emits one final audit outcome for every processed file (10.81275ms)
✔ scanFolders (2858.954458ms)
▶ STRM parser
  ✔ matches the STRM extension without case sensitivity (0.382042ms)
  ✔ accepts one HTTP target after BOM, blank lines, comments, and Kodi properties (1.058583ms)
  ✔ normalizes supported HTTP, Magnet, and ED2K targets through the resource contract (0.556ms)
  ✔ rejects empty, multiple-target, invalid UTF-8, and unsupported-protocol content (0.594125ms)
  ✔ accepts exactly 1 MiB and rejects larger input without truncation (0.584834ms)
✔ STRM parser (3.689666ms)
✔ matches unique missing sources and retains filename, target, root and uncertainty rules (1.629459ms)
✔ incrementally tracks same-scan insertions and target/path changes, but invalidates unknown writes (0.56325ms)
✔ does not acknowledge unrelated writes or a failed mutation as a complete cache update (0.624708ms)
✔ retains the cache for known pending writes but cannot hide an intervening external write (0.297958ms)
✔ examines one matching candidate per lookup in a 10000-resource relocation (66.713542ms)
✔ examines one matching candidate per lookup in a 20000-resource relocation (117.054375ms)
✔ examines one matching candidate per lookup in a 300382-resource relocation (1931.029208ms)
✔ examines one matching candidate per lookup in a 600764-resource relocation (3808.313708ms)
✔ indexes target keys as well as filenames when many directories use the same filename (82.857417ms)
▶ videoDuration
  ✔ resolves configured minutes to seconds (0.84225ms)
  ✔ treats unknown duration as not below minimum (0.128375ms)
  ✔ flags durations shorter than threshold (0.083333ms)
  ✔ prefers scraped duration over primary resource duration (0.098041ms)
  ✔ uses primary resource duration when scraped duration is missing (0.078375ms)
  ✔ returns null when both durations are missing (0.064166ms)
  ✔ only refreshes stored local resource duration when probe value changed (0.075708ms)
  ✔ only probes when duration is missing or file fingerprint changed (0.125708ms)
✔ videoDuration (2.41975ms)
▶ actressScraperManager
  ✔ returns a pending outcome without partially applying a conflicting profile (117.381208ms)
  ✔ clears the selected avatar in replace mode when the matched source has no avatar (84.886792ms)
  ✔ promotes an unscraped actress to scrape success when a profile field is applied (101.373375ms)
  ✔ records a failed scrape without a success time when no profile matches (99.834917ms)
  ✔ records a failed scrape without a success time when the source throws (98.137041ms)
  ✔ records failure in replace-if-present mode when a matched profile has no selected value (108.06875ms)
  ✔ promotes a previously failed actress when a later scrape applies valid data (101.625833ms)
  ✔ skips fill-empty scraping without changing cumulative status when no selected field is missing (51.920125ms)
  ✔ skips fillEmpty when a matched profile has no new values for remaining empty fields (99.812666ms)
  ✔ still fails fillEmpty when a matched profile has no usable field values (95.622834ms)
  ✔ keeps cumulative success and its timestamp when a later scrape fails (92.212209ms)
  ✔ lets Gfriends try stored aliases after the main name without enabling global alias search (53.0945ms)
  ✔ applies successful field sources when another source fails (182.042208ms)
  ✔ preserves a field in replace mode when its composite source fails (173.066458ms)
  ✔ clears a field in replace mode when its composite source matched with no value (188.067208ms)
  ✔ records failure when every configured composite source fails (171.372292ms)
  ✔ warns when a composite avatar source cannot download its result (183.30675ms)
  ✔ preserves the existing gallery when every returned image is unusable (90.836375ms)
✔ actressScraperManager (2093.787416ms)
▶ bundled video candidate plugins
  ✔ normalizes year-month values through the documented sandbox helper (59.179625ms)
  ✔ JavDB fetches every first-page exact match and never falls back to a fuzzy item (48.531917ms)
  ✔ JavDB fails the complete scrape when any exact-match detail fails (43.195917ms)
  ✔ JavLibrary returns all exact cards and ignores title containment or first-item fallback (45.955625ms)
✔ bundled video candidate plugins (197.856208ms)
▶ isCloudflareChallengeText
  ✔ trusts the official cf-mitigated challenge response header signal (0.882791ms)
  ✔ detects classic JS challenge interstitial markers (0.144083ms)
  ✔ ignores passive challenge-platform scripts on normal JavDB detail pages (0.519792ms)
  ✔ detects managed challenge markers (0.050709ms)
  ✔ detects body copy only with Cloudflare co-signals (0.08125ms)
  ✔ detects turnstile-only shells but not embedded widgets on content pages (0.034083ms)
  ✔ does not treat normal pages, helper copy, or vague phrases as Cloudflare (0.1555ms)
✔ isCloudflareChallengeText (2.295208ms)
▶ buildPluginRegistry
  ✔ lets user scrapers override bundled names (0.337625ms)
✔ buildPluginRegistry (0.748625ms)
▶ runCompositeFieldGroups
  ✔ groups fields, picks, and merges across plugins (0.757625ms)
  ✔ aborts on the first plugin error when policy is abort (0.292041ms)
  ✔ collects per-plugin warnings and continues when policy is collect (0.3195ms)
  ✔ throws when every grouped source fails under collect policy (0.127167ms)
  ✔ returns a null result when every plugin yields no match (0.089083ms)
✔ runCompositeFieldGroups (1.747625ms)
▶ configuredScraperService
  ✔ normalizes legacy settings without a service config and drops an unusable MetaTube default (10.184125ms)
  ✔ normalizes origins and path prefixes while rejecting unsafe base URLs (0.469709ms)
  ✔ stores only public configuration in settings and requires acknowledgement for remote HTTP tokens (1.133333ms)
  ✔ blocks clearing while MetaTube is referenced and clears address plus token otherwise (6.76325ms)
  ✔ keeps bearer credentials on the configured origin and preserves a base path (1.355916ms)
  ✔ snapshots the address, proxy choice, and token for an in-flight scrape (1.057541ms)
  ✔ rejects cross-origin redirects before sending credentials to the target (0.491291ms)
  ✔ rejects HTTPS downgrade redirects (0.387625ms)
  ✔ classifies authentication, rate-limit, server, malformed, and oversized responses (0.775958ms)
  ✔ tests draft configuration without persisting its token (0.480166ms)
✔ configuredScraperService (23.808084ms)
▶ Gfriends bundled actress plugin
  ✔ prefers the main name and selects its last quality-ordered avatar candidate (41.832208ms)
  ✔ uses the first exact alias only when the main name has no candidate (65.472375ms)
  ✔ does not return a fuzzy name match (54.178166ms)
  ✔ uses the current jsDelivr namespace when the primary index is unavailable (66.091709ms)
  ✔ reserves Gfriends as a built-in actress plugin name (0.114583ms)
✔ Gfriends bundled actress plugin (228.683041ms)
▶ MetaTube bundled video plugin
  ✔ keeps exact providers in search order and maps the documented fields (70.253542ms)
  ✔ returns no candidates for search 404 or fuzzy-only search results (93.002625ms)
  ✔ rejects a detail whose exact code differs from its search item (52.193375ms)
  ✔ rejects too many exact providers before requesting details (48.165791ms)
  ✔ fails the entire scrape if one exact detail request fails (50.339708ms)
[scraper:MetaTube] MetaTube 样张超过 40 张，已截断
  ✔ caps public sample proxy URLs at forty without putting credentials in them (36.198625ms)
  ✔ rejects incompatible known fields and caps detail concurrency at four (118.767459ms)
✔ MetaTube bundled video plugin (470.679541ms)
▶ MetaTube service integration
  ✔ runs connection checks and the bundled worker against a local fake HTTP service (114.057167ms)
✔ MetaTube service integration (114.77325ms)
▶ action network capture
  ✔ keeps http(s) query strings and strips credentials (0.56ms)
  ✔ redacts credential-bearing query values before exposing recent requests (0.165417ms)
  ✔ omits sensitive post bodies (0.140125ms)
  ✔ records only an active action window and does not label search (0.613708ms)
  ✔ keeps the newest requests when the action window overflows (0.173ms)
✔ action network capture (2.115ms)
▶ browser evaluate policy
  ✔ allows forbidden API names inside diagnostic strings, comments and regular expressions (5.170333ms)
  ✔ still rejects executable references and computed access to forbidden APIs (0.424709ms)
  ✔ rejects credential, storage and sensitive form access (0.367584ms)
  ✔ rejects live-page mutation and computed property access (0.3345ms)
  ✔ rejects destructuring aliases that recover live-realm capabilities (0.228417ms)
  ✔ names the forbidden API and points markup reads to html (0.98375ms)
  ✔ uses one normalized evaluator and drains timeout cleanup before rejecting (3.257583ms)
✔ browser evaluate policy (11.60575ms)
▶ ScrapeBrowserHost leases
  ✔ reuses the same owner and rejects a competing owner immediately (1.051125ms)
  ✔ freezes proxy and stops the helper as soon as a scrape lease is released (1.225792ms)
  ✔ closes the active helper session with the main window and remains reusable (0.382292ms)
  ✔ presents the helper through the lease without exposing it as a plugin browser action (0.22925ms)
  ✔ invalidates all lease actions when its operation signal is cancelled (0.202416ms)
  ✔ terminates the helper when an in-flight Playwright action is cancelled (0.420458ms)
  ✔ terminates the helper before reporting an evaluate timeout (503.69925ms)
  ✔ keeps oversized ARIA complete for the artifact layer (1.225791ms)
  ✔ sends cancel, ignores a late response and kills a non-cooperative helper after 500ms (1042.832542ms)
  ✔ keeps one click successful while transient post-action observation recovers (1.205708ms)
  ✔ blocks a disallowed main-frame navigation before an agent action sends it (0.432875ms)
  ✔ returns bounded scroll metrics and invalidates refs without changing the document revision (0.544041ms)
  ✔ extracts a host-owned load-more availability signal with the candidate snapshot (0.445708ms)
  ✔ returns the host-owned terminal proof result with the candidate snapshot (0.16625ms)
  ✔ returns pending after a successful action but makes explicit snapshot pending retryable (0.432208ms)
  ✔ classifies a failed state action with a changed revision as uncertain without replaying it (0.289875ms)
  ✔ keeps selector uniqueness failures as ordinary action failures (0.101917ms)
  ✔ reports zero matches separately from multiple matches (0.054584ms)
✔ ScrapeBrowserHost leases (1556.135083ms)
▶ normalizeNetworkUrl
  ✔ strips hash and lowercases host (0.760542ms)
  ✔ returns null for invalid URLs (0.136541ms)
✔ normalizeNetworkUrl (1.597708ms)
▶ networkUrlPathKey
  ✔ drops search and hash (0.129792ms)
✔ networkUrlPathKey (0.235959ms)
▶ isImageNetworkResource
  ✔ accepts Image resource type (0.150125ms)
  ✔ accepts image mime types (0.063292ms)
  ✔ rejects non-images and error statuses (0.067ms)
✔ isImageNetworkResource (0.432ms)
▶ hasImageMagicBytes
  ✔ detects jpeg and rejects html (0.23775ms)
✔ hasImageMagicBytes (0.331625ms)
▶ ImageBodyLruCache
  ✔ returns exact and aliased URLs (0.320542ms)
  ✔ matches unique path when query differs (0.167ms)
  ✔ does not path-match when multiple distinct bodies share a path (0.22075ms)
  ✔ evicts oldest entries by count (0.21225ms)
  ✔ clears all state (0.124208ms)
✔ ImageBodyLruCache (1.171625ms)
▶ prioritizeInspectLinks
  ✔ keeps a main result card when more than maxLinks navigation links precede it (0.792292ms)
  ✔ preserves DOM order within priority groups and deduplicates after prioritizing (0.565333ms)
✔ prioritizeInspectLinks (1.968667ms)
▶ selectInspectLocaleLinks
  ✔ keeps locale anchors in document order and always allows an empty result (0.102375ms)
  ✔ caps locale anchors without mixing them back into content ranking (0.066542ms)
✔ selectInspectLocaleLinks (0.249917ms)
▶ selectInspectScriptSrcs
  ✔ keeps document order, deduplicates, and allows an empty result (0.080791ms)
✔ selectInspectScriptSrcs (0.124166ms)
▶ inspectLinkRawHref
  ✔ omits rawHref when the HTML attribute already matches the resolved href (0.204458ms)
  ✔ keeps protocol-relative and path-only attributes that cheerio will see (0.0865ms)
✔ inspectLinkRawHref (0.4895ms)
▶ ScrapeBrowserFramedSocket
  ✔ rejects the wrong token, parent pid, protocol version or CDP port (1.43425ms)
  ✔ round-trips authenticated hello frames and native Buffers (7.693667ms)
  ✔ rejects an oversized incoming frame before allocating its body (0.728042ms)
✔ ScrapeBrowserFramedSocket (10.571667ms)
▶ scrape browser readiness
  ✔ does not resolve an intermediate verification page even when it has matching content (0.838917ms)
  ✔ does not accept selectors found on a verification page (0.12175ms)
✔ scrape browser readiness (1.768541ms)
▶ ScrapeBrowserWaitBudget
  ✔ does not consume the page timeout while Cloudflare verification is active (0.179709ms)
  ✔ still enforces the page timeout while no challenge is active (0.080333ms)
  ✔ caps manual verification independently from the page timeout (0.075792ms)
  ✔ accumulates the verification cap across repeated challenge periods (0.078541ms)
✔ ScrapeBrowserWaitBudget (0.59875ms)
✔ buildScrapeUserAgent drops Electron and app product tokens (0.811125ms)
✔ derivePlatformFromOsToken maps Windows, macOS and Linux (0.2515ms)
✔ resetScrapeUaProfileCache clears memoized profile (0.0985ms)
▶ scraperManager plugin availability gates
  ✔ publishes the built-in local NFO source as runnable but not editable or exportable (5.461666ms)
  ✔ lists MetaTube for configuration but excludes it from executable names until configured (5.254209ms)
  ✔ rejects unconfigured service plugins as new composite field sources (5.562291ms)
✔ scraperManager plugin availability gates (16.982041ms)
▶ scraperPluginSandbox
  ✔ loads cheerio/slim so packaged scrapers do not need undici (41.016792ms)
  ✔ terminates a non-returning plugin worker when the caller aborts (31.719041ms)
  ✔ does not report an aborted run as settled while a started host RPC is still running (119.564208ms)
  ✔ serves repeated persistent fetchBuffer calls from the plugin resource cache (84.305458ms)
✔ scraperPluginSandbox (277.387958ms)
▶ scraperPluginService
  ✔ describes bundled video scraper fields from shipped manifests (6.783958ms)
  ✔ describes bundled actress scraper fields from shipped manifests (1.240625ms)
  ✔ drops unknown actress supported field ids from packages (41.783583ms)
  ✔ lists bundled plugins shipped with the app (0.816334ms)
  ✔ reads bundled plugin packages for export and AI debug (0.94675ms)
  ✔ keeps MetaTube visible but unavailable until configured (0.711916ms)
  ✔ rejects a user package that tries to declare a trusted service binding (0.823833ms)
  ✔ does not assign a standalone delay to composite scrapers (7.184125ms)
  ✔ imports and executes a custom video plugin through the BaseScraper adapter (85.65475ms)
  ✔ normalizes video ratings to valid 5-point records only (0.491875ms)
  ✔ reads an installed custom plugin package for AI debugging (43.13ms)
  ✔ imports and executes a custom actress plugin through the BaseActressScraper adapter (76.335167ms)
  ✔ rejects custom plugins that reuse a built-in name (0.683584ms)
  ✔ renames legacy user plugins that override built-in names to -custom (4.098666ms)
  ✔ preserves settings for a legacy user plugin named after retired JAV8 (1.445834ms)
  ✔ uses -custom-2 when -custom is already taken (2.0885ms)
  ✔ keeps bundled plugins visible after rejecting a same-name custom install (0.692ms)
  ✔ rejects duplicate custom plugin names (51.574541ms)
  ✔ atomically replaces a user plugin without leaving staging or backup directories (77.885166ms)
  ✔ rejects plugin names that collide after filename sanitization (38.951542ms)
  ✔ rejects packages without kind (0.388375ms)
  ✔ exports packages with kind (42.042625ms)
✔ scraperPluginService (486.926041ms)
▶ ScraperResourceCache
  ✔ reuses a fresh plugin resource without another network request (1.832792ms)
  ✔ reuses a fresh plugin resource after the cache is recreated (1.137833ms)
  ✔ revalidates an expired resource with its ETag and retains a 304 body (3.28225ms)
  ✔ returns an expired resource when revalidation fails and stale fallback is enabled (0.994833ms)
  ✔ rejects a resource larger than the host entry quota (0.374958ms)
  ✔ rejects writes beyond the host quota for one plugin (0.825916ms)
  ✔ enforces the plugin quota across concurrent resource commits (0.906ms)
✔ ScraperResourceCache (9.797208ms)
▶ trusted scraper service sandbox bridge
  ✔ exposes service methods only to a trusted binding while keeping the token in main (92.945709ms)
  ✔ fails before starting a trusted worker when the service is not configured (0.604375ms)
✔ trusted scraper service sandbox bridge (94.381084ms)
▶ scraperManager.scrapeVideo
  ✔ uses the built-in local NFO source for manual, composite, and default runs without network fallback (42.015333ms)
  ✔ treats a missing local NFO as a normal no-match without marking scrape failure (9.804542ms)
  ✔ uses only the effective composite field sources to classify a quiet local NFO no-match (59.604042ms)
  ✔ delivers actress avatars to the merged cast positions across local and web composite sources (114.280709ms)
  ✔ persists exact multi-candidate results without selecting or applying one by default (103.289917ms)
  ✔ stages every declared candidate image even when the field was not selected (119.066333ms)
  ✔ confirms a candidate from the local snapshot without visiting the remote site again (101.048792ms)
  ✔ discards pending candidates, cleans staging, and preserves cumulative success (96.61975ms)
  ✔ replaces pending staging and removes the replacement after a later unique success (268.564292ms)
  ✔ startup cleanup removes only old unreferenced video staging directories (120.7785ms)
  ✔ filters exact-code mismatches and conservatively deduplicates normalized source urls (103.352416ms)
  ✔ rejects an invalid candidate array atomically and preserves an older pending decision (181.079ms)
  ✔ keeps the old pending snapshot and staging when a valid replacement fails mid-transaction (177.604541ms)
  ✔ returns every exact-code exclusion warning when no candidate remains (92.32925ms)
  ✔ applies the only exact candidate after exclusions without creating pending state (95.210083ms)
  ✔ normalizes a year-month release date to the first day of that month (83.890708ms)
  ✔ keeps a unique candidate pending when applying it would duplicate a business identity (102.034916ms)
  ✔ rolls back a conflict merge and candidate apply when pending deletion fails (83.140459ms)
  ✔ returns director candidates before writes and applies an explicit choice on retry (134.592458ms)
  ✔ keeps an ambiguous director during batch-style scraping and applies safe fields (79.003125ms)
  ✔ reports a matched result as skipped when no selected value can be applied (100.213208ms)
  ✔ stores composite source links and ratings under their actual field plugins (207.173209ms)
  ✔ persists and confirms composite candidates independently per source (363.29825ms)
  ✔ ignores unsupported fields before validating and applying the selected plugin result (382.580792ms)
  ✔ still rejects a malformed field when the plugin declares it as supported (534.157625ms)
  ✔ preserves a composite field when its source does not match but another source succeeds (594.615166ms)
downloadCover failed: TEST-001 https://cover.example/broken.jpg response is not a usable image
  ✔ applies text data but preserves an old cover when the returned image is unusable (557.5655ms)
downloadSamples failed: TEST-001 1 https://sample.example/two.jpg response is not a usable image
  ✔ discards the whole sample set when any sample download fails but still applies text (622.339667ms)
  ✔ compensates downloaded assets when the apply phase throws after downloads commit (521.022375ms)
  ✔ discards a downloaded cast avatar when the actress already has a usable avatar (387.877333ms)
✔ scraperManager.scrapeVideo (6439.835375ms)
▶ Xslist bundled actress plugin
  ✔ treats the site anonymous image as no avatar (56.815708ms)
  ✔ keeps a real profile avatar (44.426334ms)
✔ Xslist bundled actress plugin (101.76225ms)
▶ actress batch scrape persistence lifecycle
  ✔ persists one stable job id and advances pending targets across restart (284.294791ms)
  ✔ loads a legacy task without tri-state fields using a stable fallback job id (101.309458ms)
  ✔ clears a cancelled task file without deleting its completed pending result (155.589ms)
  ✔ persists only a canonical status and the start-time target snapshot (177.786625ms)
  ✔ recovers a paused checkpoint after an application restart cache reset (92.666666ms)
  ✔ normalizes a legacy scraped paused job without rewriting progress (115.489958ms)
  ✔ normalizes an omitted scrapeStatus to all while preserving the snapshot (125.159541ms)
  ✔ marks an unknown status job unrecoverable without falling back to all (117.884167ms)
  ✔ blocks resume for an unknown status job but still allows discard (93.781083ms)
  ✔ resumes from the saved snapshot without re-applying current filters (162.163875ms)
  ✔ resumes a normalized legacy scraped job with unified scrape result semantics (171.557084ms)
✔ actress batch scrape persistence lifecycle (1598.655083ms)
▶ actressBatchScrapeTargets status normalization
  ✔ keeps the four canonical cumulative-status scopes (0.453ms)
  ✔ normalizes the legacy scraped scope to 刮削成功 (0.07375ms)
  ✔ normalizes an omitted scope to 全部 (0.077292ms)
  ✔ rejects an unknown scope instead of widening the batch (0.189667ms)
  ✔ reports unknown scopes without throwing for persisted job snapshots (0.559792ms)
  ✔ never produces the legacy scope in a normalized request (0.064209ms)
✔ actressBatchScrapeTargets status normalization (1.883708ms)
▶ reconcilePersistedActressBatchJob
  ✔ rewrites scraped to success and omitted to all without touching progress (0.12125ms)
  ✔ keeps unrecognized scopes unrecoverable and does not widen to all (0.081208ms)
✔ reconcilePersistedActressBatchJob (0.25275ms)
▶ actressBatchScrapeTargets resolution
  ✔ resolves each canonical cumulative-status scope (10.725833ms)
  ✔ resolves the legacy scraped scope as 刮削成功 and an omitted scope as 全部 (6.986084ms)
  ✔ intersects gender, cumulative status and missing fields (6.875584ms)
  ✔ treats explicit ids as the whole target set, ignoring the other filters (7.316417ms)
  ✔ deduplicates explicit ids and drops ids without a stored actress (7.310917ms)
  ✔ treats an empty explicit id list as zero targets (9.018959ms)
✔ actressBatchScrapeTargets resolution (48.411333ms)
▶ actressBatchScrapeTargets estimate and start
  ✔ estimates the count the start would resolve from the same request (6.879917ms)
  ✔ resolves targets again on start, so the total may differ from an earlier estimate (6.334833ms)
  ✔ freezes target ids, display names and total when the batch starts (6.750084ms)
✔ actressBatchScrapeTargets estimate and start (20.088167ms)
▶ ActressIdentityConflictWorkflow
  ✔ inspects live ownership even when the name is not yet in a review group (12.997625ms)
  ✔ summarizes the same aggregated name groups returned by the review list (9.583208ms)
  ✔ keeps summary counts exact for mixed, multi-result, and multi-conflict groups (23.937708ms)
  ✔ lists pending name ownership without inventing a pending scrape (8.121541ms)
  ✔ rejects an unsupported pending name type instead of silently reclassifying it (7.087041ms)
  ✔ rejects a pending-name-ownership decision when the shown claim row changed (8.060208ms)
  ✔ assigns pending name ownership without creating or applying scrape data (12.532ms)
  ✔ edits one pending name claim and resolves both resulting unique owners (11.893292ms)
  ✔ moves an edited pending name claim into another normalized-name group (8.28375ms)
  ✔ merges actresses directly from pending name ownership (9.106625ms)
  ✔ removes an illegal pending name without persisting a blacklist (9.04475ms)
  ✔ reassigns the only pending scrape to the explicit keeper after a merge (18.411625ms)
  ✔ keeps a usable keeper avatar while clearing its missing source and crop state (11.41775ms)
  ✔ uses the explicitly selected pending actress as keeper and the other current main name (12.680334ms)
  ✔ rejects merging when both actresses own pending scrape snapshots (16.338542ms)
  ✔ does not treat another conflict between the same actress pair as a merge blocker (11.14775ms)
  ✔ rejects the whole workbench merge when a resulting name belongs to a third actress (11.997625ms)
  ✔ rejects the whole merge when the pending scrape also conflicts with a third actress (12.661208ms)
  ✔ rejects merging a persisted name claimed by a third actress pending scrape (13.801041ms)
  ✔ returns stale without merging when either actress changed after confirmation was shown (8.014958ms)
  ✔ rolls back the actress merge when pending reassociation fails (10.08475ms)
  ✔ edits only the selected conflicting name and applies the unlocked scrape atomically (9.17ms)
  ✔ moves only the edited item when its new name conflicts in another dynamic group (12.087ms)
  ✔ moves an edited name into a group claimed by another naturally unlocked pending result (23.109959ms)
  ✔ transfers complete ownership to the pending actress only with a replacement main name (9.626583ms)
  ✔ previews and applies an assigned conflicting alias in a fill-empty alias collection (10.548292ms)
  ✔ keeps earlier ownership decisions in the final fill-empty alias preview and apply (17.314833ms)
  ✔ validates and removes every legacy claimant when assigning to the pending actress (20.953ms)
  ✔ assigns a whole conflict group to an existing actress while applying profiles to original targets (23.300208ms)
  ✔ keeps confirmed ownership when the chosen existing actress is also a replace candidate (10.803625ms)
  ✔ removes an illegal normalized name from the whole group and applies unlocked profiles (15.315667ms)
  ✔ requires a valid replacement for every main-name claimant before illegal-name removal (34.297583ms)
  ✔ validates illegal-name replacement main names against the live conflict snapshot (10.168791ms)
  ✔ does not reconcile newly active conflicts while rejecting a stale illegal-name decision (8.245208ms)
  ✔ removes only the current illegal group and does not remember a blacklist rule (11.55625ms)
  ✔ applies a result when its other recorded conflict has already become inactive (11.770375ms)
  ✔ rolls back illegal-name handling when name deletion fails (9.318542ms)
  ✔ rolls back illegal-name handling when main replacement fails (9.900208ms)
  ✔ rolls back illegal-name handling when profile application fails (14.0515ms)
  ✔ rolls back illegal-name handling when pending cleanup fails (8.877834ms)
  ✔ keeps the whole illegal-name group pending when any resource preparation fails (12.618958ms)
  ✔ requires a replacement when assigning a current main name to a third existing actress (16.999916ms)
  ✔ finishes name-only results and preserves the original fill-empty update mode (10.33225ms)
  ✔ promotes staged resources when a name edit unlocks a pending scrape (11.086292ms)
  ✔ keeps a naturally unlocked result pending until the user explicitly applies it (9.172667ms)
  ✔ returns a stale outcome without writes when an involved actress changed (7.580666ms)
  ✔ rolls back every profile and promoted resource when a group apply fails (12.617625ms)
  ✔ freezes the complete scrape when one selected name belongs to another actress (7.920333ms)
  ✔ applies a complete result when equivalent names only belong to the target actress (7.230292ms)
  ✔ atomically replaces one actress current snapshot and removes its old staged resources (22.13875ms)
  ✔ rolls back a conflict-free apply when removing the previous snapshot fails (7.621416ms)
  ✔ does not delete an existing same-url gallery file when a later apply rolls back (8.729792ms)
  ✔ discards only the selected wrong match, records cumulative failure, and cleans staging (11.254375ms)
  ✔ startup cleanup removes only old unreferenced staging directories (12.383167ms)
  ✔ deleting a target actress also removes its staged pending resources (35.267459ms)
  ✔ removes prepared formal resources when profile application rolls back (9.488291ms)
✔ ActressIdentityConflictWorkflow (722.025791ms)
Failed to clean deleted actress asset: avatar_sources/alpha.jpg Error: file is locked
    at deleteStoredAsset (/Users/nut/Project/JavdexLabs/Javdex/src/main/services/actressMaintenanceService.test.ts:122:61)
    at Object.deleteActresses (/Users/nut/Project/JavdexLabs/Javdex/src/main/services/actressMaintenanceService.ts:87:11)
    at TestContext.<anonymous> (/Users/nut/Project/JavdexLabs/Javdex/src/main/services/actressMaintenanceService.test.ts:126:28)
    at Test.runInAsyncScope (node:async_hooks:227:14)
    at Test.run (node:internal/test_runner/test:1325:25)
    at Suite.processPendingSubtests (node:internal/test_runner/test:911:18)
    at Test.postRun (node:internal/test_runner/test:1465:19)
    at Test.run (node:internal/test_runner/test:1390:12)
    at async Suite.processPendingSubtests (node:internal/test_runner/test:911:7)
▶ actressMaintenanceService.importGalleryImage
  ✔ runs legacy dimension repair as part of the explicit gallery write flow (0.94575ms)
✔ actressMaintenanceService.importGalleryImage (1.260875ms)
▶ actressMaintenanceService.deleteActresses
  ✔ deletes the complete batch and cleans stored resources (19.238917ms)
  ✔ rejects the whole batch when an actress is linked to a video (12.018667ms)
  ✔ reports resource cleanup failures after the database transaction commits (15.352041ms)
  ✔ rolls back the complete batch when a later record fails to delete (9.939875ms)
  ✔ previews current linked-actress and affected-video counts (12.292958ms)
  ✔ explicitly unlinks videos, deletes a mixed batch, and preserves video records and files (11.4855ms)
  ✔ rolls back removed video links when a later actress delete fails (10.529958ms)
  ✔ removes only the deleted actress ownership and pending result (10.809208ms)
  ✔ rejects an unknown delete mode instead of falling through to a destructive path (8.494ms)
✔ actressMaintenanceService.deleteActresses (110.521083ms)
▶ actressQueryService.listActresses
  ✔ returns a stable page and the full matching total from the real database (10.669083ms)
  ✔ reuses one exact avatar-filter snapshot across subsequent pages (0.230083ms)
  ✔ refreshes the avatar-filter snapshot whenever the first page reloads (0.115125ms)
  ✔ inspects avatar health and fingerprints outside the database repository (21.214458ms)
✔ actressQueryService.listActresses (32.651792ms)
▶ actressQueryService.listFaceScanManifest
  ✔ exposes the dedicated minimal manifest through the query seam (0.17275ms)
✔ actressQueryService.listFaceScanManifest (0.2245ms)
▶ actressScrapeQueue.start target resolution
  ✔ scrapes exactly the targets the estimate reported for the same request (5246.415833ms)
  ✔ starts a legacy scraped request against 刮削成功 targets (414.8935ms)
  ✔ starts explicitly selected actresses regardless of the other filters (526.580667ms)
  ✔ starts no target for an empty explicit id list (573.399375ms)
  ✔ refuses to start a request with an unknown cumulative-status scope (451.415958ms)
✔ actressScrapeQueue.start target resolution (7213.556417ms)
▶ AgentMetadataActivityTimeline
  ✔ projects streaming reasoning into one bounded completed turn (0.5645ms)
  ✔ retains up to 64,000 reasoning characters and reports overflow (6.561541ms)
  ✔ uses semantic browser actions while retaining safe completion summaries (1.554375ms)
  ✔ keeps direct metadata submission distinct from browser inspection (0.186542ms)
  ✔ describes playlist page checkpoints as result-producing actions (0.190375ms)
  ✔ describes browser scroll without exposing tool arguments (0.125083ms)
  ✔ retains earlier reasoning across browser-heavy runs (1.976083ms)
✔ AgentMetadataActivityTimeline (11.763458ms)
✔ uses the indexed journal cursor without loading history for a metadata snapshot (2.3775ms)
▶ Agent metadata browser URL policy
  ✔ allows a public hostname when a system proxy maps it to the RFC 2544 fake-IP range (3.007584ms)
  ✔ still rejects direct benchmark-range IPs and hostnames resolving to private networks (2.501875ms)
  ✔ keeps identity query parameters while removing credentials and fragments from display URLs (0.852042ms)
✔ Agent metadata browser URL policy (7.217792ms)
▶ Agent metadata browser evidence binding
  ✔ accepts a production artifact only for its captured document and view (4.047708ms)
  ✔ rejects incomplete, tampered, and corrupt segmented production artifacts (5.232791ms)
✔ Agent metadata browser evidence binding (9.47375ms)
▶ AgentMetadataDraftService
  ✔ rejects a preview when a staged resource no longer matches its manifest (17.770209ms)
  ✔ rechecks staged resource bytes when applying an already reviewed draft (9.021916ms)
  ✔ cleans newly staged resources when persistence fails (10.400959ms)
  ✔ routes actress name ownership conflicts to the existing pending workflow (11.258459ms)
  ✔ routes duplicate video business identities to the existing pending workflow (18.193292ms)
  ✔ requires explicit user confirmation when actress names do not match (8.244917ms)
✔ AgentMetadataDraftService (75.622667ms)
▶ app release service
  ✔ parses and compares stable release versions numerically (0.88975ms)
  ✔ accepts only trusted published GitHub releases (0.129083ms)
  ✔ validates cached update state before exposing it to the renderer (0.142334ms)
✔ app release service (1.536583ms)
▶ asset byte cache
  ✔ separates variants and invalidates all variants of only the changed asset (0.611417ms)
  ✔ checks every file identity field and isolates callers from cached mutable buffers (0.165ms)
  ✔ enforces the entry cap while retaining recently read and replaced entries (0.3925ms)
  ✔ enforces the 96MiB byte cap and skips oversized entries without flushing other images (18.301167ms)
✔ asset byte cache (20.213917ms)
▶ image asset inspection cache
  ✔ loads an unchanged image once and reloads it when its file signature changes (0.280875ms)
  ✔ reloads an image after explicit asset invalidation (0.225834ms)
  ✔ evicts the least recently used inspection after reaching capacity (0.259791ms)
✔ image asset inspection cache (0.960709ms)
✔ retries after the first scrypt failure (100.888917ms)
✔ retries after the first importKey failure (82.486667ms)
✔ keeps the new cache when a pre-reset KDF later succeeds (95.29625ms)
✔ keeps the new cache when a pre-reset KDF later fails (95.407291ms)
✔ waits for cold key derivation on cancellation and never starts decryption (42.458083ms)
✔ reads the existing AVPK format through synchronous and asynchronous crypto (71.833083ms)
✔ coalesces cold key derivation and never uses synchronous crypto in the async reader (87.633125ms)
✔ rejects invalid or tampered encrypted bodies without returning plaintext (55.687291ms)
✔ waits for an active native job before discarding its cancelled result (50.68775ms)
▶ assetLocationMigration
  ✔ moves plain and encrypted files including alias store (85.726167ms)
  ✔ maps default path setting when relocating back to userData (13.610542ms)
  ✔ allows relocating back to default when only empty asset subfolders remain (13.931959ms)
  ✔ rolls back copied files without touching the active root (39.733209ms)
  ✔ rejects migration while the configured source root is unavailable (7.220541ms)
  ✔ rejects targets nested inside the active media root (8.2485ms)
  ✔ rejects a target that resolves to the source through a symlinked parent (7.033792ms)
  ✔ rejects a differently-cased path that resolves to the same directory (8.247875ms)
  ✔ resumes when the target contains matching files from an interrupted copy (10.228833ms)
  ✔ preserves pre-existing matching copies when a resumed migration rolls back (12.090792ms)
  ✔ keeps source files when the prepared target disappears before commit (17.803166ms)
  ✔ preserves a copied target that was replaced before a failed commit rolls back (9.575ms)
  ✔ rejects an interrupted target whose file contents do not match the source (13.319375ms)
  ✔ rejects directory symlinks without reading or deleting files outside the asset root (12.583916ms)
  ✔ rejects a symlinked asset root without touching its external target (7.332459ms)
✔ assetLocationMigration (267.835917ms)
▶ assetMigration opaque paths
  ✔ encrypts to opaque paths and restores readable paths on decrypt (98.322209ms)
✔ assetMigration opaque paths (98.89175ms)
✔ reads legacy without rewriting and migrates on mutation preserving all entries (64.893875ms)
✔ does not reread a warm map or append unchanged values; reloads deletions (84.750834ms)
✔ preserves a legacy file when snapshot rename fails (66.319375ms)
✔ recovers an interrupted tail and truncates it before retry (72.474667ms)
✔ rejects corrupted complete ciphertext and preserves it on attempted mutation (63.496125ms)
✔ rejects missing or incomplete first snapshots (51.867833ms)
✔ reloads the actual committed record after an uncertain fsync failure (51.003708ms)
✔ compacts after sustained updates and reloads the latest values (30945.093542ms)
✔ preserves the appended result when compaction rename fails (155.50175ms)
✔ invalidates the cached map after external replacement (64.742667ms)
▶ assetPathNaming
  ✔ builds readable bases with seed and url hash (1.011292ms)
  ✔ sanitizes non-ascii seeds and truncates overly long values (0.260166ms)
  ✔ keeps equal-length Chinese actress names on distinct asset seeds (0.241333ms)
  ✔ scopes asset seeds by actress id when provided (0.140167ms)
  ✔ keeps actress id prefix when the readable label is long (0.131459ms)
  ✔ builds distinct gallery paths for equal-length Chinese names and the same url (0.143625ms)
  ✔ builds opaque bases without embedding seed text (0.118458ms)
  ✔ detects opaque encrypted filenames (0.112416ms)
  ✔ derives stable opaque names from plaintext relative paths (0.131ms)
✔ assetPathNaming (3.220375ms)
▶ AutomaticScanScheduler
  ✔ runs every due library in stable order from independent persisted state (1.4265ms)
  ✔ runs an already-enabled library with no scan history after the startup delay (0.095ms)
  ✔ calculates each library due time from its own interval and last finished time (0.075208ms)
  ✔ waits one full interval after a library is newly enabled (0.11325ms)
  ✔ skips disabled, rootless and not-yet-due libraries (0.065125ms)
  ✔ runs a due rootless library when it still has deferred cleanup work (0.062625ms)
  ✔ defers while maintenance is busy and rechecks on the next poll (0.058042ms)
  ✔ isolates one library failure and continues the serial due queue (0.153833ms)
  ✔ keeps startup, resume, and every due library globally serial (0.135875ms)
  ✔ uses the resume delay and clears all scheduled work on stop (0.095542ms)
✔ AutomaticScanScheduler (2.760292ms)
▶ AvatarAutoCropMediator
  ✔ resolves automatic crop requests and rejects stale replies (1.0235ms)
  ✔ fails pending automatic crop requests after renderer disconnects (0.091416ms)
  ✔ times out automatic crop requests without accepting a late response (1.686125ms)
  ✔ owns the crop batch token until matching end or disconnect (0.09625ms)
  ✔ rejects a second begin while a crop batch is active (0.158542ms)
✔ AvatarAutoCropMediator (3.583542ms)
✔ writes the definition once and keeps total checkpoint bytes near-linear (39113.877125ms)
ℹ {"targets":[1000,2000],"totalWrittenBytes":[409049,822049],"definitionWritesPerJob":1}
✔ reads legacy checkpoints and migrates on the next save without losing targets (19.790833ms)
✔ preserves the last checkpoint when write fails and retries safely (29.471042ms)
✔ preserves the last checkpoint when sync fails and retries safely (26.147292ms)
✔ preserves the last checkpoint when rename fails and retries safely (30.96175ms)
✔ keeps the old definition on failed replacement and prunes unused manifests after commit (50.660334ms)
✔ refuses missing, tampered or mismatched manifests instead of treating the job as absent (21.0645ms)
✔ stops the queue on checkpoint failure and resumes from the durable cursor without skipping work (36.22975ms)
✔ rejects damaged cursor and total fields without deleting the checkpoint (20.791958ms)
✔ reloads actual disk state and retains the manifest after replace directory-sync failure (22.079375ms)
✔ reloads actual disk state and retains the manifest after clear directory-sync failure (18.2895ms)
✔ does not report committed saves or clears as failed when manifest cleanup cannot enumerate (23.582166ms)
▶ CheckpointedSequentialBatchQueue
  ✔ persists checkpoints, pauses, and resumes from the next index (3.307041ms)
  ✔ discards a paused job without running (0.406834ms)
  ✔ cancels a running job and clears the checkpoint (3.893541ms)
  ✔ recycles the scrape browser after each configured target interval (6.872583ms)
  ✔ rejects an invalid run plan without leaving a resumable checkpoint (0.353042ms)
  ✔ discards a corrupt checkpoint when run planning throws (0.133833ms)
✔ CheckpointedSequentialBatchQueue (15.602459ms)
▶ classificationDeletionService
  ✔ previews and deletes a director while recalculating links and preserving videos/resources (312.784625ms)
  ✔ deletes an unlinked director with a zero impact (395.339333ms)
  ✔ rolls back director unlinking and skips image cleanup when deletion fails (475.477209ms)
  ✔ previews and deletes a series while recalculating videos and detaching direct children (502.9225ms)
  ✔ deletes an unlinked childless series with a zero impact (454.056791ms)
  ✔ rolls back series relations and reports image cleanup failure only after commit (563.408875ms)
✔ classificationDeletionService (2704.572208ms)
▶ classification director query and maintenance services
  ✔ keeps real same-name directors as separate stable identities and exposes candidate differences (213.937375ms)
  ✔ maintains the complete profile without changing identity or video relations (336.369708ms)
  ✔ validates calendar dates and career ranges transactionally (450.519042ms)
  ✔ searches aliases and supports only count or update sorting in both directions (476.949417ms)
✔ classification director query and maintenance services (1478.553125ms)
▶ classificationImageService
  ✔ imports local and remote images as owned assets and cleans a replaced image after commit (501.265417ms)
  ✔ copies an associated video cover instead of adopting the video asset (513.661167ms)
  ✔ stores a director portrait and compensates its replacement when the database update fails (437.927875ms)
  ✔ keeps the stored image when a remote download fails (483.6785ms)
  ✔ cleans the latest replaced image when a remote update finishes after another edit (550.24175ms)
  ✔ commits replacement and reports a post-commit cleanup failure (467.941292ms)
✔ classificationImageService (2955.327042ms)
▶ classification organization query and maintenance services
  ✔ shares one organization profile across role lists and searches its aliases (460.169375ms)
  ✔ sorts only by video count or update time in either direction (496.26975ms)
  ✔ treats SQL LIKE metacharacters in organization searches as literal text (427.059917ms)
  ✔ keeps stable identity and video links when editing the complete profile (447.984375ms)
  ✔ rejects parent cycles without partially changing the profile (530.77525ms)
  ✔ creates an organization inline, registers the role, and retains zero-video roles (432.759792ms)
  ✔ rolls back profile fields when a name is owned by another organization (346.968834ms)
✔ classification organization query and maintenance services (3142.795209ms)
▶ classification series query and maintenance services
  ✔ maintains a stable complete profile and projects its local video coverage (552.830959ms)
  ✔ enforces normalized name ownership inside the owner scope only (490.88475ms)
  ✔ preflights every name when moving to another owner scope and rolls back on conflict (421.289291ms)
  ✔ rejects self and descendant parents without partially changing the series (494.185916ms)
  ✔ searches aliases, identifies same-name candidates, and sorts in either direction (518.777625ms)
  ✔ creates an unowned series inline and validates lifecycle years (406.515166ms)
✔ classification series query and maintenance services (2885.198166ms)
▶ directorMergeService
  ✔ merges source data into an explicit target while preserving target conflicts (508.345375ms)
  ✔ adopts the source portrait only when the target has no formal portrait (497.788417ms)
  ✔ rolls back target fields and video relations when the database transaction fails (428.697834ms)
  ✔ commits the merge and reports source portrait cleanup failure (323.003709ms)
  ✔ rejects using the same director as target and source (217.139584ms)
✔ directorMergeService (1975.537167ms)
▶ external link service
  ✔ accepts only bounded HTTP and HTTPS links (0.284208ms)
✔ external link service (0.755083ms)
▶ legacy media-library settings bootstrap
  ✔ keeps native V14 config defaults when a fresh database has no legacy evidence (5.643667ms)
  ✔ imports roots, cleanup work, and typed configuration into the default library once (3.298708ms)
  ✔ freezes an online legacy cleanup root identity before making the work active (7.616583ms)
  ✔ keeps parent and child legacy paths but enables only the first non-overlapping set (17.894958ms)
  ✔ keeps realpath aliases but enables only one physical legacy root (14.652083ms)
  ✔ keeps app-level scraper and cover preferences after import and repeated startup cleanup (2.869541ms)
  ✔ keeps inferred roots and links source-managed resources to the deepest matching root (3.199042ms)
  ✔ imports the last scan summary and its managed unrecognized-file snapshot (3.419792ms)
  ✔ preserves a standalone unrecognized snapshot through a synthetic legacy scan run (3.349542ms)
  ✔ keeps an older safe snapshot separate from a newer failed scan summary (3.1585ms)
  ✔ retries JSON cleanup without importing database rows twice (2.461958ms)
  ✔ rolls back every database change and skips JSON cleanup when import fails (2.980041ms)
✔ legacy media-library settings bootstrap (71.146208ms)
▶ LibraryCurator lifecycle
  ✔ releases its own runs without disposing the application AgentExecution (1.178875ms)
✔ LibraryCurator lifecycle (1.508167ms)
✔ uses the indexed journal cursor for a curator snapshot (0.672708ms)
▶ libraryPathCleanupService
  ✔ previews only resources owned by the selected library and root (448.546041ms)
  ✔ previews and safely cleans a disabled root including pending and diagnostic rows (533.718458ms)
  ✔ confirms with the current revision and queues an identity snapshot without deleting data (501.761959ms)
  ✔ rejects a confirmation when scan-owned resources changed after preview without a revision bump (493.024625ms)
  ✔ removes and promotes resources only inside the confirmed library and root (515.399917ms)
  ✔ lets a cleanup-only scan consume the last removed root without touching another library (551.572125ms)
  ✔ recovers an offline legacy cleanup intent when a later full scan sees the root online (348.909875ms)
  ✔ keeps an overlapping legacy cleanup root waiting during a later full scan (297.844375ms)
  ✔ keeps an overlapping parent legacy cleanup root waiting during a later full scan (217.991542ms)
  ✔ keeps a realpath-alias legacy cleanup root waiting across libraries (343.049542ms)
  ✔ fails closed when a confirmed root is offline (425.953416ms)
  ✔ fails closed when the path now resolves to a replacement directory (385.974625ms)
  ✔ cancels a failed removal into a disabled, archiveable root without deleting records (351.77825ms)
  ✔ completes a confirmed cleanup after an unrelated library configuration edit (333.916209ms)
  ✔ rolls back resource removal, promotion, root state, and job completion together (395.718333ms)
✔ libraryPathCleanupService (6146.170959ms)
▶ normalizeTranslationOutput
  ✔ strips fenced and quoted model output (0.356375ms)
✔ normalizeTranslationOutput (0.656417ms)
▶ MediaAssetStore
  ✔ coalesces encrypted thumbnails, isolates size variants and preserves original preview bytes (145.066666ms)
  ✔ checks plain and decrypted image pixels before caching and recovers after replacement (123.477542ms)
  ✔ retains cancelled active slots until file read settles (93.9575ms)
  ✔ retains cancelled active slots until file close settles (74.66225ms)
  ✔ retains cancelled active slots until file metadata settles (58.232541ms)
  ✔ rejects oversized plain and encrypted files before opening or decrypting them (80.194333ms)
  ✔ does not merge a post-invalidation request into the old pending read (50.723375ms)
  ✔ shares a cold encrypted read and decryption across concurrent requests without sharing cancellation (76.870417ms)
  ✔ does not return cached bytes when cancelled while the hot-path stat is pending (34.124708ms)
  ✔ does not reuse the same relative cache key after the asset root changes (56.462458ms)
  ✔ rejects a changed file during reading without caching its old bytes (42.3075ms)
  ✔ serves hot plaintext and encrypted images without rereading or decrypting their bytes (78.780916ms)
  ✔ reloads replaced files even with restored mtime and rejects deleted files before using cache (91.054875ms)
  ✔ does not repopulate explicitly invalidated cache from a pending read (52.947875ms)
  ✔ retains read slots while cancelled encrypted requests wait for native crypto completion (120.465417ms)
  ✔ cancels queued reads before opening files and keeps active slots until reads settle (87.418458ms)
downloadAvatar failed: Bad Avatar https://example.test/avatar.html response is not a usable image
Failed to delete media asset: covers/TEST-002_27144dc5.jpg Error: file is locked
    at FailingCleanupStore.delete (/Users/nut/Project/JavdexLabs/Javdex/src/main/services/mediaAssetStore.test.ts:936:15)
    at FailingCleanupStore.deleteImmediateBestEffort (/Users/nut/Project/JavdexLabs/Javdex/src/main/services/mediaAssetStore.ts:449:12)
    at FailingCleanupStore.finishCoordinatedChange (/Users/nut/Project/JavdexLabs/Javdex/src/main/services/mediaAssetStore.ts:561:52)
    at <anonymous> (/Users/nut/Project/JavdexLabs/Javdex/src/main/services/mediaAssetStore.ts:527:14)
    at AsyncLocalStorage.run (node:internal/async_local_storage/async_context_frame:63:14)
    at FailingCleanupStore.runCoordinatedChange (/Users/nut/Project/JavdexLabs/Javdex/src/main/services/mediaAssetStore.ts:504:31)
    at FailingCleanupStore.coordinateDatabaseChange (/Users/nut/Project/JavdexLabs/Javdex/src/main/services/mediaAssetStore.ts:465:17)
    at <anonymous> (/Users/nut/Project/JavdexLabs/Javdex/src/main/services/mediaAssetStore.test.ts:941:37)
    at getActual (node:assert:611:5)
    at strict.doesNotThrow (node:assert:779:32)
  ✔ serves plain and encrypted images asynchronously without synchronous file reads (123.018916ms)
  ✔ reads plain and encrypted images and reports a stable plaintext fingerprint (84.881084ms)
  ✔ rejects stored paths that escape the media root (6.563209ms)
  ✔ exposes bootstrap and layout paths under the media root (19.498833ms)
  ✔ encrypts a stored plain asset and lists it under stable subdirectories (109.895ms)
  ✔ decrypts a stored encrypted asset back to its plain relative path (136.824458ms)
  ✔ compensates newly-created resources when the database operation fails (42.441791ms)
  ✔ compensates newly imported cover and sample files when a database operation fails (64.748166ms)
  ✔ compensates newly imported playlist covers when a database operation fails (46.016042ms)
  ✔ compensates async downloads when the database operation fails (42.405125ms)
  ✔ rejects unusable local image imports instead of storing them (15.005833ms)
  ✔ rejects unusable avatar downloads instead of storing them (4.139792ms)
  ✔ keeps an existing download when replacing the same URL later rolls back (45.208625ms)
  ✔ keeps an existing avatar source when importing the same bytes later rolls back (42.27825ms)
  ✔ deletes obsolete resources only after the database operation succeeds (52.588083ms)
  ✔ uses distinct paths for avatar display replacements created in the same millisecond (45.22375ms)
  ✔ discards newly created resources marked obsolete in the same coordinated change (53.399625ms)
  ✔ promotes nested created resources so a parent rollback can compensate them (34.610334ms)
  ✔ defers nested obsolete deletes of pre-existing files until the parent commits (56.640542ms)
  ✔ keeps nested obsolete pre-existing files when the parent rolls back (58.950667ms)
  ✔ does not leak nested create-then-obsolete files when the parent rolls back (43.989334ms)
  ✔ runInCoordinatedChange joins an active parent instead of nesting (42.809334ms)
  ✔ keeps isolated coordinated creates when an outer parent later rolls back (37.395792ms)
  ✔ keeps independent root work when an awaited outer coordinated change fails (51.054333ms)
  ✔ keeps relocation exclusive with coordinated and direct media mutations (38.936875ms)
  ✔ keeps relocation exclusive with a stable read lease (7.433ms)
  ✔ keeps caller registrations off an un-awaited nested async coordinated change (51.148125ms)
  ✔ does not turn a post-commit cleanup failure into a database failure (42.252084ms)
✔ MediaAssetStore (2668.49575ms)
✔ reads empty, exact-budget and multi-chunk files without using readFile (33.536791ms)
✔ rejects oversize before reading and closes the opened handle (16.229125ms)
✔ rejects grow during reading and closes the handle (19.77475ms)
✔ rejects truncate during reading and closes the handle (24.263708ms)
✔ rejects cancel during reading and closes the handle (14.719458ms)
✔ rejects io-error during reading and closes the handle (14.835542ms)
✔ does not open an already cancelled request (14.868042ms)
✔ closes the handle on cancel-after-open before allocating body bytes (12.765791ms)
✔ closes the handle on stat-error before allocating body bytes (6.431ms)
✔ closes the handle on directory before allocating body bytes (10.94075ms)
✔ reads PNG/WebP metadata and never follows TIFF offsets outside its chunk (0.844666ms)
✔ inspects all served formats without decoding pixels (23.630125ms)
✔ rejects a tiny encoded image with an oversized canvas and accepts the exact boundary (2.189709ms)
✔ rejects corrupt and unsupported image headers (11.923958ms)
✔ inspects the single-frame canvas of real animated GIF and WebP inputs (2.630959ms)
✔ waits for metadata completion when cancelled and destroys the reader (1.146208ms)
✔ shares a read while one consumer cancels and preserves independent result buffers (1.129041ms)
✔ drains the last cancelled consumer without deleting a newer flight under the same key (0.235125ms)
✔ fans out failures and permits a fresh attempt (0.109041ms)
✔ aborts the underlying work only after all consumers cancel and drains the final slot (0.134167ms)
✔ defaults to four active reads and 256 queued requests with reusable cancellation capacity (2.878417ms)
✔ bounds active and queued reads, removes cancelled work and releases capacity after failures (0.172542ms)
✔ does not free an active slot before an aborted reader actually settles (0.09825ms)
✔ preserves aspect ratio, respects orientation and does not enlarge small images (25.742083ms)
✔ makes a single static thumbnail from an animated image (2.304334ms)
✔ retains two decode slots until native work settles after cancellation (4.077125ms)
▶ media-library service
  ✔ validates an explicitly configured create-time video scraper before persistence (1.081083ms)
  ✔ allows unrelated config edits with a stale stored scraper but validates explicit changes (0.08775ms)
  ✔ runs the root-migration commit through the shared resource-maintenance gate (0.094916ms)
  ✔ runs every root mutation through the scan-shared maintenance gate (0.168708ms)
  ✔ preserves root continuity validation errors through service mutation gates (0.092583ms)
  ✔ serializes library and config lifecycle mutations with resource writes (0.119333ms)
  ✔ cannot archive through the service while an asynchronous resource write owns the gate (0.124625ms)
✔ media-library service (2.180541ms)
▶ mediaProtocol
  ✔ forwards a finite variant and rejects invalid size without reading (18.499792ms)
  ✔ returns 413 for oversized images with an empty HEAD body (1.525875ms)
  ✔ awaits the image reader and forwards cancellation while serving GET and HEAD (0.639458ms)
  ✔ skips reads for preflight and forbidden paths, and distinguishes busy from missing (0.789667ms)
  ✔ resolves media URLs under the asset root (0.200708ms)
  ✔ rejects path traversal outside the asset root (0.1325ms)
✔ mediaProtocol (22.381375ms)
▶ organizationDeletionService
  ✔ removes only the selected role and recalculates its linked videos at execution time (426.875583ms)
  ✔ rejects removing the final role and leaves all relations unchanged (462.9605ms)
  ✔ blocks role removal and full deletion when they would rewrite a pending video (495.41925ms)
  ✔ fully deletes an organization and detaches every supported relation after a fresh preview (545.523042ms)
  ✔ rejects full deletion when owned series names conflict in the unowned scope (354.782167ms)
  ✔ rolls back full deletion relations and skips image cleanup when deletion fails (458.498709ms)
  ✔ commits full deletion while reporting post-commit image cleanup failures (327.475375ms)
✔ organizationDeletionService (3072.091459ms)
▶ organizationMergeService
  ✔ merges cross-role records and transfers role-specific videos, children, and series (538.097666ms)
  ✔ adopts the source brand image only when the target has none (491.411209ms)
  ✔ preflights publisher transfer business identity collisions before writing (462.173875ms)
  ✔ blocks a merge that would rewrite a pending video relation (383.956875ms)
  ✔ rejects a series name collision in the target scope without changing any relation (510.947667ms)
  ✔ rejects merging an ancestor into a deep descendant (366.788708ms)
  ✔ collapses a direct source-to-target hierarchy and transfers source siblings (319.015334ms)
  ✔ rolls back the profile and every relation when the transaction fails (191.106084ms)
  ✔ commits the merge and reports a brand image cleanup failure (331.901ms)
  ✔ rejects using the same organization as target and source (383.53525ms)
✔ organizationMergeService (3979.936792ms)
▶ pending resource identity service
  ✔ uses the persisted choice, assigns the resource atomically, and applies only a matching current NFO (527.871291ms)
  ✔ completes resource ownership but does not apply metadata when the current NFO no longer matches (518.339209ms)
  ✔ finishes resource ownership when the current NFO cannot be inspected safely (445.214792ms)
  ✔ keeps the identity pending and creates no formal record when the source fingerprint is stale (369.421ms)
  ✔ rechecks a STRM target snapshot and leaves the conflict intact when it changes (469.238791ms)
✔ pending resource identity service (2330.640916ms)
▶ PlayerService
  ✔ opens and reveals a local resource through system file operations (0.912917ms)
  ✔ opens a STRM target externally but reveals its local source file (0.096583ms)
  ✔ opens the primary direct resource with the system URL handler (0.143959ms)
  ✔ reports a system open failure and does not try another resource (0.293125ms)
  ✔ hands Magnet resources to the registered system protocol handler (0.085542ms)
  ✔ rejects every playback and reveal entry point before reading an archived or missing library (0.075333ms)
  ✔ opens and reveals only resources that belong to the selected library (5.262291ms)
✔ PlayerService (7.303291ms)
▶ playlist import browser navigation guard
  ✔ requires DOM-backed terminal reasons to carry a selector and pass host verification (1.041792ms)
  ✔ accepts known-total terminal evidence only when the checkpoint declares a total (0.073209ms)
  ✔ accepts a virtual first window only after a settled host-owned reset to the top (0.058084ms)
  ✔ revalidates terminal or link evidence in the final dynamic window before sealing (0.073667ms)
  ✔ alternates virtual scrolling with frozen load-more actions before sealing (0.044875ms)
  ✔ defers bottom-only advance validation until a virtual page reaches its terminal view (0.045208ms)
  ✔ waits for a quiet window after every asynchronous load-more change (0.049875ms)
  ✔ restarts the quiet window when a temporary dynamic expansion rolls back (0.036167ms)
  ✔ classifies foreground retry failures without treating them as restart recovery (0.206334ms)
✔ playlist import browser navigation guard (2.184667ms)
▶ playlist importer browser guidance
  ✔ prefers structured reads while leaving page semantics and interaction to the agent (0.367667ms)
  ✔ hands page semantics to the agent and prioritizes user-only blockers (0.08125ms)
  ✔ extracts a first-page playlist name only from reliable page evidence (0.278083ms)
  ✔ requires every newly opened static page to be inspected and checkpointed before advancing again (0.083375ms)
  ✔ distinguishes checkpoint evidence from status artifacts and explains terminal selectors (0.240917ms)
✔ playlist importer browser guidance (1.432875ms)
▶ PlaylistImportModule interface
  ✔ returns an initial browser handoff projected during the first agent dispatch (6.668458ms)
  ✔ persists the import job before the run driver can project bootstrap observations (3.144041ms)
  ✔ returns immediately after accepting one run and replays the same start idempotently (4.387875ms)
  ✔ allows only one foreground import session at a time (4.04475ms)
  ✔ rejects invalid start targets before creating an Agent run (3.172708ms)
  ✔ includes write options in the idempotent frozen input (2.786292ms)
  ✔ rejects one idempotency key reused for different frozen input (3.254042ms)
  ✔ cancels pre-apply work without creating an empty playlist (4.193125ms)
  ✔ preserves a retryable recovery failure when apply invalidates after identity review (6.879375ms)
  ✔ retries a recoverable apply error after the target library becomes active again (4.950292ms)
  ✔ dispatches a same-session retry for a retryable discovery checkpoint (3.997958ms)
  ✔ clears a missing page checkpoint before dispatching a same-session retry (3.69125ms)
  ✔ coalesces concurrent retries with the same idempotency key before recovery side effects (3.56675ms)
  ✔ keeps discovery retry state in the foreground session instead of the durable product journal (3.194958ms)
  ✔ applies a foreground retry atomically without reserving a durable retry result (4.610042ms)
  ✔ discards a browser session when driver creation fails before persistence (3.013583ms)
✔ PlaylistImportModule interface (66.129375ms)
▶ PlaylistImportRepository
  ✔ keeps all import staging in the current SQLite connection only (5.222916ms)
  ✔ rejects credential-bearing source and detail URLs before staging them (0.695459ms)
  ✔ removes sensitive detail URL credentials and requires explicit user identity handling (5.54925ms)
  ✔ accepts a checkpoint after a source redirects between www and apex host variants (3.869875ms)
  ✔ fails an empty external list without creating an empty playlist (3.292666ms)
  ✔ fails discovery when the frozen run exceeds its wall-clock safety budget (3.156209ms)
  ✔ checkpoints every page before atomically creating/reusing videos and a new playlist (4.805625ms)
  ✔ assigns stable unique page order when numbered pagination rediscoveries overlap (3.593166ms)
  ✔ fails self-referential and A-to-B-to-A static pagination as PAGINATION_LOOP (4.340416ms)
  ✔ keeps legal duplicate pages when their concrete pagination frontiers differ (3.664833ms)
  ✔ fails a sealed dynamic page whose next URL only loops to an existing frontier (3.644042ms)
  ✔ keeps a declared page-total mismatch retryable and accepts a corrected checkpoint (3.819583ms)
  ✔ rejects a conflicting nonterminal page before sealing it and completes after correction (4.369666ms)
  ✔ restarts from the source when only the terminal page proves earlier totals wrong (7.626208ms)
  ✔ uses the first-page Agent suggestion when the user leaves the new playlist name empty (3.748542ms)
  ✔ keeps existing playlist links and deduplicates the source playlist URL when enabled (4.266958ms)
  ✔ falls back to the existing host-and-date name when the Agent returns no name (3.749125ms)
  ✔ does not let an Agent suggestion rename an append target (3.6305ms)
  ✔ skips unmatched items and omits detail links when both write options are disabled (3.631125ms)
  ✔ reuses a unique code match created after an auto-create-disabled preview (4.6395ms)
  ✔ persists target-library and target-playlist failures instead of leaving apply retry loops (6.011083ms)
  ✔ counts external convergence separately from videos already present before apply (4.105625ms)
  ✔ keeps multiple global code matches in the detail phase even when one is in the target library (3.419542ms)
  ✔ reuses a unique exact code discovered only on the detail page (3.959917ms)
  ✔ sends conflicting list and detail codes to user review without discarding list candidates (4.422ms)
  ✔ rejects a stale direct-code decision when a duplicate appears before apply (3.650667ms)
  ✔ reopens identity resolution when another video claims the detail URL before apply (4.456083ms)
  ✔ returns target-library tiebreaks to identity review when memberships become stale (4.286958ms)
  ✔ persists an unexpected transactional apply failure and retries it atomically (4.376666ms)
  ✔ lets a unique strong detail match override the target library preference (3.560666ms)
  ✔ uses a canonical www detail link as a strong owner signal without duplicating it (3.597667ms)
  ✔ requires user review when independent strong detail signals conflict (4.415083ms)
  ✔ keeps a source owner outside the code candidates and blocks target-library tiebreaking (3.916584ms)
  ✔ invalidates the preview when a new source owner appears before apply (4.167291ms)
  ✔ treats source external-code and source-URL evidence as independent signals (4.806292ms)
  ✔ does not use the target library when complete business identity contradicts known candidates (4.419833ms)
  ✔ waits for the user when detail signals leave multiple cross-library candidates (4.343ms)
  ✔ replays an identical page checkpoint and makes changed content recoverable (4.026833ms)
  ✔ makes a changed replay of a dynamic operation recoverable without duplicating the batch (3.498167ms)
  ✔ rolls a changed sealed dynamic page back with downstream frontiers and orphan items (74.4365ms)
  ✔ rejects a playlist name submitted after the first logical page (4.133333ms)
  ✔ persists and resumes a browser handoff without losing the current list frontier (4.344834ms)
  ✔ fails an expired browser handoff before persisting a resume checkpoint (3.9095ms)
  ✔ checkpoints overlapping virtual windows before sealing a continuous list (5.355458ms)
  ✔ persists host-owned load-more batches and seals only after the control disappears (4.388375ms)
  ✔ persists load-more no-progress and fails instead of retrying the same action (3.357416ms)
  ✔ fails the run instead of truncating a source that declares totals above the safety budget (3.458041ms)
  ✔ fails and rolls back a dynamic window above the per-batch candidate budget (4.40175ms)
✔ PlaylistImportRepository (269.445375ms)
▶ PlaylistImportAgentRunDriver scripted browser integration
  ✔ dispatches the conversation before the agent opens the frozen source page (6.506542ms)
  ✔ hands an initial challenge to the user through the agent browser tool (4.003917ms)
  ✔ requires the domain advance tool to claim a pending page before checkpointing it (7.241375ms)
  ✔ lets the agent choose how to return to frozen work after a handoff (4.325834ms)
  ✔ lets the agent hand a login page to the user immediately (3.173417ms)
  ✔ pauses for human verification when host-owned detail navigation hits a challenge (4.019083ms)
  ✔ replays a committed static page checkpoint after its response is lost (4.80875ms)
  ✔ replays a committed detail checkpoint after its response is lost (5.465292ms)
  ✔ restarts the changed dynamic page from its inbound frontier on product retry (5.365083ms)
  ✔ restarts a dynamic page with corrected declared totals after one product retry (7.970959ms)
  ✔ records an evidence-backed unsupported pagination report as an explicit terminal error (3.284833ms)
  ✔ requires a page checkpoint before advancing away from the current list page (4.335042ms)
  ✔ keeps a missing page checkpoint agent-correctable instead of locking the tool host (3.80875ms)
  ✔ does not expose status artifacts as eligible page-checkpoint evidence (2.762416ms)
  ✔ inspects an automatic login redirect but still rejects a checkpoint from it (2.990417ms)
  ✔ checkpoints a finite recycled virtual list without gaps and binds evidence to every view (6.14375ms)
  ✔ normalizes a one-based stable position attribute into a continuous virtual list (5.176417ms)
  ✔ backtracks to the last anchor and halves the step when variable heights skip a window (6.615875ms)
  ✔ combines virtual scrolling with host-owned load-more and checkpoints the expanded window (1005.505583ms)
  ✔ retries a stalled virtual window once, then fails when it still cannot progress (4.095917ms)
✔ PlaylistImportAgentRunDriver scripted browser integration (1098.208958ms)
▶ playlistImportRecoverableToolFailure
  ✔ keeps only same-session timeout and changed-source failures retryable (0.146125ms)
✔ playlistImportRecoverableToolFailure (0.175625ms)
▶ PlaylistImporter ToolPack
  ✔ exposes static-page, virtual-window and detail checkpoints through one least-privilege pack (0.833667ms)
  ✔ lets the agent inspect and operate the same-site browser (0.2735ms)
  ✔ binds every declaration to a production handler (0.088333ms)
  ✔ accepts one optional page-evidenced name on the page checkpoint (0.068875ms)
  ✔ requires a mechanically verifiable terminal contract (0.056375ms)
  ✔ describes static pagination as navigation followed by a new page checkpoint (0.071ms)
  ✔ makes checkpoint evidence eligibility and terminal selector semantics explicit (0.377209ms)
✔ PlaylistImporter ToolPack (2.2775ms)
▶ playlistService media asset seam
  ✔ creates a playlist cover through MediaAssetStore and cleans it on delete (458.385959ms)
  ✔ deletes the previous cover only after a successful cover replacement (399.463667ms)
✔ playlistService media asset seam (858.247542ms)
▶ PluginBrowserCapabilityModule
  ✔ uses action-specific result budgets (0.536083ms)
  ✔ inlines complete small page-fact sections instead of keeping an oversized snapshot (38.012125ms)
  ✔ omits an oversized page-fact section as a whole and never returns a prefix (21.014208ms)
  ✔ returns an omitted artifact section through bounded cursor pages (79.65375ms)
  ✔ keeps every omitted delta section readable from the same artifact (45.186ms)
  ✔ returns valid artifact sections and a catalog recovery action for an unknown section (22.091292ms)
  ✔ rejects read-section paths outside the browser artifact directory (7.762292ms)
  ✔ keeps a small localeLinks section when snapshot and content links are omitted (38.027ms)
  ✔ hides oversized artifact string segments behind read-section pagination (45.704958ms)
  ✔ returns every captured page-fact item when the complete observation fits (28.909791ms)
  ✔ keeps the hard transport limit even when the page has unusually many fact sections (440.431083ms)
  ✔ marks evidence incomplete only when the complete page evidence was actually capped (23.783458ms)
  ✔ returns occurrence-aware ARIA and top-level page-fact deltas for one document (24.968792ms)
  ✔ treats a scroll view revision as a full observation and invalidates prior refs (32.879542ms)
  ✔ records a newly appeared pageFacts section after fill without throwing (35.402834ms)
  ✔ falls back explicitly to the artifact when a complete delta exceeds its budget (36.76225ms)
  ✔ isolates baselines by session and resets them when a lease is released (25.898041ms)
  ✔ unwraps evaluate values that were unnecessarily JSON-stringified (29.848791ms)
  ✔ keeps a successful action pending result successful and compact (30.240166ms)
  ✔ redacts typed text from the stored artifact (16.872417ms)
✔ PluginBrowserCapabilityModule (1025.11125ms)
▶ PluginDeveloper approval and lifecycle stability
  ✔ restores a legacy run with newly-invalid field ids as a repairable workspace (149.889042ms)
  ✔ clears every durable plugin-development history without touching other Agent use cases (37.469709ms)
  ✔ refuses to clear history while a plugin-development operation is running (0.454166ms)
  ✔ discards unrecoverable plugin-development history without touching recoverable runs (65.958459ms)
  ✔ waits for a slow terminal release before an immediate continuation reopens the run (1.019375ms)
  ✔ materializes a terminal workspace before lazy continuation projects native file tools (130.298167ms)
  ✔ projects Pi native file tools into the durable product timeline (105.032917ms)
  ✔ records exactly one domain error when a runtime fault transitions the run to failed (0.256084ms)
  ✔ surfaces an unpersistable runtime fault and resolves the active operation (0.199375ms)
  ✔ publishes the reduced active context immediately after Pi compaction (0.18925ms)
  ✔ keeps a transient invalid workspace recoverable and resyncs after a valid rewrite (139.911125ms)
  ✔ streams provider reasoning and answer while persisting each only once per completed turn (70.848833ms)
  ✔ bounds one displayed reasoning block and reports the original character count (1.783375ms)
  ✔ revokes an approved permit when Pi rejects the approval continuation (0.2995ms)
  ✔ does not consume an approval while the operation that emitted waiting_user is still settling (0.332375ms)
  ✔ binds a typed choice to the exact request without treating it as user feedback (489.111791ms)
  ✔ resumes a typed browser interaction without turning completion into defect feedback (0.141875ms)
  ✔ keeps a mechanically ready artifact waiting for user after Pi settles (136.634042ms)
  ✔ requires real feedback before continuing a mechanically ready artifact (139.058417ms)
  ✔ keeps readiness for dev-notes edits but invalidates it for package edits (160.946625ms)
  ✔ does not run hidden production execution when Pi settles without a current artifact (105.960792ms)
  ✔ projects a model-turn limit into waiting_user/working without running a hidden check (132.024083ms)
  ✔ allows installation only for the exact full production execution artifact (0.470542ms)
  ✔ marks the session completed only after the accepted artifact is installed (0.306916ms)
  ✔ adopts the installed display name when install renames to avoid a conflict (144.2335ms)
  ✔ persists the renamed installed package onto settled product state (130.074ms)
  ✔ releases only PluginDeveloper-owned runs during application disposal (0.242125ms)
✔ PluginDeveloper approval and lifecycle stability (2144.106542ms)
✔ uses the indexed journal cursor for active and persisted plugin snapshots (0.765916ms)
✔ preserves incremental logs across stale-runtime cancellation, cold snapshot, restore and export (1349.55625ms)
✔ keeps the migrated work log reference when runtime reopen fails during recovery (259.037208ms)
✔ retries closed workspaces with intact or corrupted state without rewriting diagnostic data (433.736792ms)
✔ serializes cleanup admission and drains safely: {"initial":"clear","fail":false,"dispose":true} (480.194333ms)
✔ serializes cleanup admission and drains safely: {"initial":"discard","fail":true,"dispose":true} (403.961541ms)
✔ serializes cleanup admission and drains safely: {"initial":"clear","fail":true,"dispose":false} (422.693ms)
▶ PluginExecutionModule
  ✔ passes only the typed actress runtime identity and preserves production facts (15.232958ms)
  ✔ records rejected production results without adding semantic issue classifications (16.490167ms)
  ✔ does not accept undefined or runtime-only output as a material production result (11.816375ms)
  ✔ does not accept a video source link without any material scraped field (18.368625ms)
  ✔ treats a full empty contract return as unmatched targets, not a broken shape (0.150458ms)
✔ PluginExecutionModule (62.513292ms)
▶ PluginRunAcceptanceModule
  ✔ accepts an exact full production artifact without judging content or manifest coverage (1.5735ms)
  ✔ keeps readiness when only the plugin display name changes (0.207417ms)
  ✔ rejects targeted, stale package, stale target, stale runtime, and failed execution artifacts (0.699792ms)
  ✔ never accepts a vacuous full execution with no session targets or cases (0.111875ms)
  ✔ treats a successful proper-subset run as wrong_scope, not execution_failed (0.077667ms)
  ✔ keeps execution_failed when a targeted subset itself failed (0.088875ms)
✔ PluginRunAcceptanceModule (3.2025ms)
▶ PluginWorkspaceModule
  ✔ starts create mode without a requested or predeclared field set (1.139208ms)
  ✔ materializes a Pi-native file workspace and rebuilds a normalized package (106.670959ms)
  ✔ treats workspace files as authoritative and changes the artifact hash after an edit (116.056542ms)
  ✔ keeps Pi dev notes outside the plugin artifact and preserves them across instruction refreshes (176.059667ms)
  ✔ atomically records completed execution facts and the current acceptance projection (135.377ms)
  ✔ updates current acceptance without overwriting the latest execution facts (148.50725ms)
  ✔ does not reinterpret a removed workspace field declaration as all fields (124.886ms)
  ✔ refreshes v4 host resources without overwriting the draft or decisions (195.139709ms)
  ✔ preserves same-kind legacy targets only when current input has none (195.342ms)
  ✔ keeps current instruction resources frozen when the workspace is reopened (137.452292ms)
  ✔ preserves an older frozen instruction set while restoring an existing run (122.81425ms)
✔ PluginWorkspaceModule (1460.517292ms)
✔ awaits asynchronous removal without recursively deleting through the synchronous API (22.258125ms)
▶ PluginDevInstructionModule
  ✔ keeps the system prompt limited to identity, workspace and host boundaries (0.530167ms)
  ✔ makes javdex-plugin-dev the only owner of the development workflow (2.56775ms)
  ✔ orders page-level search and detail code checkpoints for video and actress skills (1.431417ms)
  ✔ generates isolated result contracts and workflow examples for each plugin kind (0.583167ms)
  ✔ marks field documentation as a query table rather than an implementation checklist (0.116ms)
  ✔ preserves a resolved choice and reassesses the remaining blocker (0.075333ms)
  ✔ resumes a completed browser handoff from the interrupted location (0.039666ms)
  ✔ uses the host initial dry-run in debug mode without requesting a duplicate run (0.110083ms)
  ✔ starts create from the Skill instead of a five-file reading ritual (0.137167ms)
  ✔ generates stable v1 resources for identical inputs (0.446625ms)
  ✔ applies user feedback without manufacturing an extra development round (0.057875ms)
  ✔ treats the resume button as continuation rather than new defect feedback (0.052459ms)
  ✔ exposes only dry-run, typed user input and the browser adapter tools (0.114042ms)
✔ PluginDevInstructionModule (6.808084ms)
▶ PluginDeveloper v1 tool executor
  ✔ rejects removed domain tools (134.145709ms)
  ✔ rejects URL-shaped targets without replacing the initial dry-run state (123.951833ms)
  ✔ preserves the prior latest facts while the workspace is temporarily invalid (154.481916ms)
  ✔ adopts the first legal explicit targets immediately and exposes runtime facts (176.926459ms)
  ✔ emits adopted targets before the production runner settles (171.522416ms)
  ✔ replaces session targets after a full unmatched execution (144.588541ms)
  ✔ keeps later explicit targets targeted when the last full run was not an empty miss (136.708167ms)
  ✔ uses later explicit targets only for targeted diagnostics (137.666791ms)
  ✔ treats explicit targets that cover the session set as a full run (118.288291ms)
  ✔ allows the fourth and tenth real executions without an attempt limit (216.77275ms)
  ✔ reads an artifact section without acquiring the live browser lease (128.976792ms)
  ✔ maps bounded scroll arguments to the shared browser command (140.561459ms)
  ✔ terminates on browser busy without replacing the initial dry-run state (148.536125ms)
  ✔ does not replace the initial dry-run state when Cloudflare interrupts the run (134.923333ms)
  ✔ preserves the prior latest facts when a real execution is cancelled (147.850667ms)
✔ PluginDeveloper v1 tool executor (2216.8045ms)
▶ plugin developer Cloudflare handoff
  ✔ retains the browser only for browser interaction handoff requests (0.335792ms)
  ✔ recognizes the typed browser challenge signal (0.069791ms)
  ✔ turns browser action=open challenge into an immediate waiting_user handoff (141.658125ms)
  ✔ presents the helper and creates a typed login handoff without running a Playwright action (116.069583ms)
  ✔ returns typed recovery errors for uncertain actions and pending explicit observations (136.862541ms)
✔ plugin developer Cloudflare handoff (395.473208ms)
▶ PluginDeveloper ToolPack v1
  ✔ matches the compact Pi-native schema in stable order (0.783459ms)
  ✔ classifies dry-run, browser reads/interactions and secret typing explicitly (0.077166ms)
  ✔ governs every remaining host capability through permission, abort and ledger (7.554709ms)
✔ PluginDeveloper ToolPack v1 (8.758125ms)
▶ pluginDevAgent workLog
  ✔ records full tool detail and builds an exportable timeline (21.124792ms)
  ✔ never exports a failed terminal state without an error event (0.204875ms)
✔ pluginDevAgent workLog (21.683667ms)
✔ migrates a legacy log once, preserves message/event order, and reads only its committed journal interval (16.370416ms)
✔ rolls back journal appends when product state commit fails and retries without duplicates (1.126583ms)
✔ rejects changed legacy prefixes, shrinking histories, missing rows and malformed references without rewriting data (0.578583ms)
✔ keeps logical state+journal writes linear for 1k, 10k and 100k log entries (5069.377916ms)
ℹ {"results":[{"entries":1000,"stateBytes":110786,"journalBytes":131780},{"entries":10000,"stateBytes":1127788,"journalBytes":1337780},{"entries":100000,"stateBytes":11477790,"journalBytes":13577780}],"scope":"In-memory SQLite logical JSON bytes; outer transaction amortizes test setup. Not WAL/device bytes, fsync latency, UI or cold recovery memory acceptance."}
▶ pluginDevCodeEdit
  ✔ replace_snippet swaps a unique fragment (0.862459ms)
  ✔ replace_snippet rejects non-unique oldText (0.139584ms)
  ✔ replace_snippet picks match nearest nearLine (0.3135ms)
  ✔ replace_function can replace a top-level helper (0.581583ms)
  ✔ replace_function rejects re-declaring helper inside parseActress block (0.207458ms)
  ✔ listTopLevelFunctions returns names with line ranges (0.999125ms)
  ✔ findDuplicateTopLevelBindings detects duplicate function names (0.05375ms)
✔ pluginDevCodeEdit (3.585959ms)
▶ pluginDevPageFormat
  ✔ formats definition lists and dom regions for prompts (0.4255ms)
  ✔ formats inspect locale anchors without treating them as a language API (0.05975ms)
  ✔ includes link region markers (0.061334ms)
  ✔ builds full page insight prompt (0.189958ms)
  ✔ keeps forms and prioritized links when raw DOM regions are very large (0.731ms)
✔ pluginDevPageFormat (1.869416ms)
▶ pluginDevService
  ✔ preserves an explicit empty supportedFields list for an undiscovered create draft (6.426583ms)
  ✔ rejects parse result keys used as supportedFields instead of silently dropping them (7.1595ms)
  ✔ wraps generated bare parseVideo functions before dry-run (68.111292ms)
  ✔ reports unrecognized raw result keys before normalization without suggestions (60.804459ms)
  ✔ preserves every normalized video candidate during dry-run (61.039375ms)
  ✔ rejects a video result whose code does not match the requested target (59.814959ms)
  ✔ wraps generated bare parseActress functions before dry-run (59.045041ms)
  ✔ reports legal manifest field ids even when the compatibility projection accepts an empty declaration (68.799542ms)
  ✔ coerces actress numeric and date strings during dry-run (58.019625ms)
  ✔ returns actress identity facts without adding a semantic target rejection (60.041ms)
✔ pluginDevService (510.42225ms)
✔ coalesces a large burst and flushes the final value without leaking a timer (3.709083ms)
✔ limits continuous progress to ten updates per second plus the final flush (0.712125ms)
✔ replaces pending progress with an immediate state and can publish the next state (0.192916ms)
✔ normalizeProxyUrl accepts common proxy schemes (0.41425ms)
✔ normalizeProxyUrl rejects empty and invalid values (0.169833ms)
▶ public HTTP fetch
  ✔ rejects private literals and hostnames resolving to private addresses (2.978125ms)
  ✔ connects to the validated address while preserving the logical host (19.894041ms)
  ✔ validates redirect destinations and caps streamed response bytes (0.694791ms)
  ✔ applies one timeout budget to URL validation and the request (32.528792ms)
  ✔ closes a pending SOCKS connection when the request deadline expires (62.971875ms)
✔ public HTTP fetch (119.713541ms)
▶ resourceLessVideoCleanupService
  ✔ deletes only zero-resource videos and removes their relations and owned images (442.520084ms)
  ✔ protects zero-resource videos while any playlist still references them (206.35775ms)
  ✔ counts and cleans assets only after the final guarded delete succeeds (198.146042ms)
✔ resourceLessVideoCleanupService (847.518125ms)
▶ ScrapeJobController
  ✔ flushes and detaches UI progress on rejection before accepting another batch (4.022125ms)
  ✔ coalesces video UI progress while preserving checkpoints and done delivery (36.257917ms)
  ✔ coalesces video UI progress while preserving checkpoints and paused delivery (19.088083ms)
  ✔ coalesces video UI progress while preserving checkpoints and cancelled delivery (15.929083ms)
  ✔ coalesces actress UI progress while preserving checkpoints and done delivery (16.231334ms)
  ✔ coalesces actress UI progress while preserving checkpoints and paused delivery (15.187583ms)
  ✔ coalesces actress UI progress while preserving checkpoints and cancelled delivery (14.745833ms)
  ✔ preserves media-library scope through batch count and start orchestration (0.536958ms)
  ✔ rejects a single-video scrape outside the requesting active media library (0.5825ms)
  ✔ forwards an explicit director choice and returns structured classification outcomes (0.2245ms)
  ✔ serializes single video and actress scrape runs (0.108292ms)
  ✔ pauses an interrupted persisted job during initialization (0.084792ms)
  ✔ recovers an on-disk running checkpoint as paused after restart (81.086708ms)
  ✔ publishes progress and supports pause, resume, and discard for persisted batches (0.691125ms)
  ✔ prevents starting a scrape batch while automatic crop owns the batch lock (0.093417ms)
✔ ScrapeJobController (205.771ms)
▶ ScraperDelayController
  ✔ starts the next same-site interval after the previous access finishes (15.778208ms)
✔ ScraperDelayController (16.183708ms)
▶ ScraperPluginCatalog
  ✔ restores the configured default after deleting a selected plugin (1.136792ms)
✔ ScraperPluginCatalog (1.453167ms)
▶ ScraperServiceConfiguration
  ✔ keeps scraper service IPC policy behind one application boundary (0.865583ms)
✔ ScraperServiceConfiguration (1.228791ms)
▶ SequentialBatchQueue
  ✔ counts success, pending, and failure as disjoint processed outcomes (1.3685ms)
  ✔ pauses after the current target and resumes from checkpoint (0.240708ms)
✔ SequentialBatchQueue (1.979334ms)
▶ seriesMergeService
  ✔ merges an explicit source into the target and transfers videos and direct children (218.655666ms)
  ✔ adopts the source cover only when the target has no formal cover (219.419334ms)
  ✔ rejects a merged name collision in the final owner scope without changing relations (364.778209ms)
  ✔ rejects a merge that would move an ancestor branch below its descendant (418.207125ms)
  ✔ collapses a direct source-to-target hierarchy without making the target its own parent (471.885417ms)
  ✔ rolls back profile, video, and child changes when the database transaction fails (432.491208ms)
  ✔ commits the merge and reports an obsolete source cover cleanup failure (397.234875ms)
  ✔ rejects using the same series as target and source (354.583709ms)
✔ seriesMergeService (2878.067416ms)
▶ videoBatchScrapeQueue feedback
  ✔ identifies scoped and global target sets in batch status text (0.476875ms)
  ✔ preserves and revalidates the original library scope when resuming a checkpoint (0.710375ms)
  ✔ revalidates every frozen scoped target immediately before scraping (0.097167ms)
  ✔ formats success, skip, and partial-warning outcomes distinctly (0.099917ms)
  ✔ counts a persisted multi-candidate result as pending instead of success or failure (0.035625ms)
✔ videoBatchScrapeQueue feedback (1.893791ms)
▶ video lifecycle service
  ✔ cleans app-owned and pending assets while never receiving source media paths (1.041042ms)
  ✔ retries cleanup safely when the repository replays an idempotent result (0.110917ms)
  ✔ deletes managed source files before committing the global video record (0.11ms)
✔ video lifecycle service (1.675ms)
Staged video file remains queued for deletion: /var/folders/h4/zxrt6zwx6dv1n16kwxzltqgh0000gn/T/javdex-video-maintenance-policy-3Rfq2y/media-root/IPX-535.mp4.javdex-delete-014eeeed-530b-4445-b279-014203783b5f Error: file is busy
    at unlinkSync (/Users/nut/Project/JavdexLabs/Javdex/src/main/services/videoMaintenanceService.test.ts:1053:15)
    at finalizeStagedLocalFiles (/Users/nut/Project/JavdexLabs/Javdex/src/main/services/videoMaintenanceService.ts:389:9)
    at withStagedLocalFileDeletion (/Users/nut/Project/JavdexLabs/Javdex/src/main/services/videoMaintenanceService.ts:414:7)
    at <anonymous> (/Users/nut/Project/JavdexLabs/Javdex/src/main/services/videoMaintenanceService.ts:486:7)
    at <anonymous> (/Users/nut/Project/JavdexLabs/Javdex/src/main/services/mediaAssetStore.ts:506:24)
    at AsyncLocalStorage.run (node:internal/async_local_storage/async_context_frame:63:14)
    at MediaAssetStore.runCoordinatedChange (/Users/nut/Project/JavdexLabs/Javdex/src/main/services/mediaAssetStore.ts:504:31)
    at MediaAssetStore.coordinateDatabaseChange (/Users/nut/Project/JavdexLabs/Javdex/src/main/services/mediaAssetStore.ts:465:17)
    at MediaAssetStore.runInCoordinatedChange (/Users/nut/Project/JavdexLabs/Javdex/src/main/services/mediaAssetStore.ts:475:17)
    at removeResource (/Users/nut/Project/JavdexLabs/Javdex/src/main/services/videoMaintenanceService.ts:468:5)
Staged video file remains queued for deletion: /var/folders/h4/zxrt6zwx6dv1n16kwxzltqgh0000gn/T/javdex-video-maintenance-policy-yegJvn/media-root/IPX-535.mp4.javdex-delete-2f5755c5-634b-4f7a-acf9-c778d1129831 Error: 只能操作身份有效的启用媒体库根目录内文件
    at rejectManagedRootFile (/Users/nut/Project/JavdexLabs/Javdex/src/main/services/mediaLibraryRootFileGuard.ts:32:9)
    at requireCurrentRootIdentity (/Users/nut/Project/JavdexLabs/Javdex/src/main/services/mediaLibraryRootFileGuard.ts:86:5)
    at assertRootFile (/Users/nut/Project/JavdexLabs/Javdex/src/main/services/mediaLibraryRootFileGuard.ts:98:27)
    at assertMediaLibraryRootDeletionTarget (/Users/nut/Project/JavdexLabs/Javdex/src/main/services/mediaLibraryRootFileGuard.ts:182:3)
    at assertDeletionAllowed (/Users/nut/Project/JavdexLabs/Javdex/src/main/services/videoMaintenanceService.ts:484:9)
    at finalizeStagedLocalFiles (/Users/nut/Project/JavdexLabs/Javdex/src/main/services/videoMaintenanceService.ts:388:9)
    at withStagedLocalFileDeletion (/Users/nut/Project/JavdexLabs/Javdex/src/main/services/videoMaintenanceService.ts:414:7)
    at <anonymous> (/Users/nut/Project/JavdexLabs/Javdex/src/main/services/videoMaintenanceService.ts:486:7)
    at <anonymous> (/Users/nut/Project/JavdexLabs/Javdex/src/main/services/mediaAssetStore.ts:506:24)
    at AsyncLocalStorage.run (node:internal/async_local_storage/async_context_frame:63:14)
Failed to recover pending local file deletion: /var/folders/h4/zxrt6zwx6dv1n16kwxzltqgh0000gn/T/javdex-video-maintenance-policy-auIOdw/offline-volume/movie.mp4.javdex-delete-interrupted Error: 暂存文件所在存储当前不可用
    at recoverPendingLocalFileDeletions (/Users/nut/Project/JavdexLabs/Javdex/src/main/services/pendingLocalFileDeletionService.ts:48:46)
    at TestContext.<anonymous> (/Users/nut/Project/JavdexLabs/Javdex/src/main/services/videoMaintenanceService.test.ts:1243:22)
    at Test.runInAsyncScope (node:async_hooks:227:14)
    at Test.run (node:internal/test_runner/test:1325:25)
    at Suite.processPendingSubtests (node:internal/test_runner/test:911:18)
    at Test.postRun (node:internal/test_runner/test:1465:19)
    at Test.run (node:internal/test_runner/test:1390:12)
    at async Suite.processPendingSubtests (node:internal/test_runner/test:911:7)
Failed to recover pending local file deletion: /var/folders/h4/zxrt6zwx6dv1n16kwxzltqgh0000gn/T/javdex-video-maintenance-policy-NdUi1J/media-root/IPX-535.mp4.javdex-delete-before-rename Error: 原文件所在存储当前不可用
    at recoverPendingLocalFileDeletions (/Users/nut/Project/JavdexLabs/Javdex/src/main/services/pendingLocalFileDeletionService.ts:40:19)
    at TestContext.<anonymous> (/Users/nut/Project/JavdexLabs/Javdex/src/main/services/videoMaintenanceService.test.ts:1289:22)
    at Test.runInAsyncScope (node:async_hooks:227:14)
    at Test.run (node:internal/test_runner/test:1325:25)
    at Suite.processPendingSubtests (node:internal/test_runner/test:911:18)
    at Test.postRun (node:internal/test_runner/test:1465:19)
    at Test.run (node:internal/test_runner/test:1390:12)
    at async Suite.processPendingSubtests (node:internal/test_runner/test:911:7)
Failed to recover pending local file deletion: /var/folders/h4/zxrt6zwx6dv1n16kwxzltqgh0000gn/T/javdex-video-maintenance-policy-yyE5AH/media-root/missing.mp4.javdex-delete-missing Error: 暂存文件和原文件均不存在
    at recoverPendingLocalFileDeletions (/Users/nut/Project/JavdexLabs/Javdex/src/main/services/pendingLocalFileDeletionService.ts:40:19)
    at TestContext.<anonymous> (/Users/nut/Project/JavdexLabs/Javdex/src/main/services/videoMaintenanceService.test.ts:1321:22)
    at Test.runInAsyncScope (node:async_hooks:227:14)
    at Test.run (node:internal/test_runner/test:1325:25)
    at Suite.processPendingSubtests (node:internal/test_runner/test:911:18)
    at Test.postRun (node:internal/test_runner/test:1465:19)
    at Test.run (node:internal/test_runner/test:1390:12)
    at async Suite.processPendingSubtests (node:internal/test_runner/test:911:7)
▶ VideoMaintenanceService
  ✔ creates and reuses organization identities while editing video metadata (384.571375ms)
  ✔ rolls back video fields when organization assignment fails (404.973667ms)
  ✔ creates or appends HTTP resources without scraping and keeps one primary resource (538.509834ms)
  ✔ normalizes a manually entered code before attaching a resource (439.545708ms)
  ✔ attaches a normalized link to an existing legacy lowercase code (392.043833ms)
  ✔ reports the owning video when a normalized HTTP resource already exists (372.102875ms)
  ✔ imports Magnet and ED2K resources and deduplicates their protocol identities (302.835833ms)
  ✔ keeps STRM targets read-only while editing metadata and safely deletes the source file (355.542708ms)
  ✔ restores a staged STRM source and rolls back removal when primary promotion fails (302.39775ms)
  ✔ refuses to remove an active-root STRM source after the root path is replaced (272.047667ms)
  ✔ edits metadata, status, rating, poster, and manual tags (301.795667ms)
  ✔ attaches the exact selected long-name tag, promotes scraped origin, and rejects deleted selections (248.864ms)
  ✔ rolls back tag creation or origin promotion when updating the video fails (251.927167ms)
  ✔ imports and deletes a local sample in the temporary media directory (269.970084ms)
  ✔ switches the primary resource and deletes only the selected local resource (285.934875ms)
  ✔ restores a staged local file and rolls back resource removal when promotion fails (305.928125ms)
  ✔ sets any resource as primary and promotes deterministic fallbacks after removal (362.602208ms)
  ✔ does not promote an inaccessible local resource over an available web link (249.473625ms)
  ✔ requires an explicit decision when manually removing the last resource (300.954125ms)
  ✔ never turns last-resource removal into a global deletion (278.077083ms)
  ✔ rejects every resource mutation for missing or archived media libraries (218.9465ms)
  ✔ updates only the display label of a local resource (200.913334ms)
  ✔ removes a symbolic-link resource without deleting its target file (241.047834ms)
  ✔ refuses to remove a disabled-root resource after the root path is replaced (281.835625ms)
  ✔ rejects local source deletion for every non-active root state before staging (267.11075ms)
  ✔ rejects physical source deletion when the resource has no root ownership (291.392417ms)
  ✔ skips unmanaged source files when deleting a video globally (213.381125ms)
  ✔ corrects an imported code (250.142875ms)
  ✔ persists a committed cleanup task when resource-file deletion must be retried (302.817958ms)
  ✔ revalidates the root identity before unlinking an already staged source (334.009583ms)
  ✔ does not delete resource records when the file storage cannot be audited (254.857958ms)
  ✔ adopts an interrupted prepared task when resource removal is retried (244.116125ms)
  ✔ does not adopt a prepared resource-removal task when the original path was replaced (293.056708ms)
  ✔ restores an interrupted pre-commit file staging task (355.210208ms)
  ✔ keeps a cleanup task queued while its original storage is unavailable (292.875625ms)
  ✔ finishes cleanup after a storage remount changes its device id (288.005209ms)
  ✔ retains a pre-rename prepared task when another device occupies the original path (273.215125ms)
  ✔ retains prepared state and database records when both file paths are missing (332.644666ms)
  ✔ keeps the prepared task when storage disappears during resource-removal rollback (331.344833ms)
  ✔ clears scraped metadata and relations but keeps manual tags (288.683583ms)
  ✔ corrects to an already used code without implicitly merging videos (286.941041ms)
  ✔ explicitly merges same-code videos while preserving the chosen id and primary resource (369.643291ms)
  ✔ unions manual tags but keeps the retained scraped-tag field as a whole (331.814584ms)
  ✔ unions cast, playlists, sources, and ratings while preserving retained conflicts and scrape history (330.368084ms)
  ✔ merges cover, poster, and sample fields as whole sets and reclaims only unused media (281.640125ms)
  ✔ rejects a merge whose combined identity belongs to a third video (305.082416ms)
  ✔ rolls back an ordinary merge when deleting the source record fails (300.790833ms)
  ✔ rejects merging videos with different normalized codes (308.289916ms)
  ✔ uses the normal availability-aware promotion rule when neither merged video has a primary (342.139833ms)
  ✔ splits a non-primary resource into a metadata-empty pending-identity video (298.25375ms)
  ✔ blocks primary splitting and rolls back a failed non-primary split (293.311666ms)
  ✔ locks metadata while a video scrape result is pending but still allows resource splitting (282.489958ms)
  ✔ requires confirmation before correcting a pending video and clears staging atomically (323.347958ms)
  ✔ rolls back the whole edit when it would create a complete business identity conflict (323.166167ms)
  ✔ stores related links on a video and returns them on detail (244.714541ms)
  ✔ rejects invalid related links and keeps the previous list (250.886375ms)
  ✔ keeps related links when clearing scraped metadata (280.484583ms)
  ✔ allows related-link edits while a video scrape result is pending (283.843709ms)
  ✔ unions related links on merge with the retained video first (320.814542ms)
  ✔ leaves related links on the original video when splitting a resource (323.520292ms)
✔ VideoMaintenanceService (18260.736167ms)
▶ VideoQueryService
  ✔ lists videos and reads their detail without mutating library state (307.543916ms)
  ✔ redacts external resource locators in detail projections until explicitly requested (358.721667ms)
  ✔ projects a STRM source path while keeping its complete target main-process only (483.977958ms)
✔ VideoQueryService (1150.779958ms)
▶ VideoResourceLinkService
  ✔ tests a direct link and returns Content-Length when available (1.11725ms)
  ✔ returns a non-throwing failure without echoing a sensitive query (0.174083ms)
  ✔ routes checks through the hardened public HEAD transport (0.08675ms)
✔ VideoResourceLinkService (1.776292ms)
▶ videoScrapeApplyService.resolveEffectiveScrapeFields
  ✔ fillEmpty keeps only empty scalar fields (553.359584ms)
  ✔ fillEmpty evaluates female and male cast independently (618.401875ms)
  ✔ replaceIfPresent keeps all selected fields regardless of current values (572.956041ms)
  ✔ fillEmpty includes cast fields when video has no performers (530.804458ms)
✔ videoScrapeApplyService.resolveEffectiveScrapeFields (2276.076708ms)
▶ videoScrapeApplyService.planVideoScrapeResult update matrix
  ✔ title follows fillEmpty semantics for every current and scraped value state (380.979375ms)
  ✔ title follows replaceIfPresent semantics for every current and scraped value state (459.034416ms)
  ✔ title follows replace semantics for every current and scraped value state (420.885125ms)
  ✔ summary follows fillEmpty semantics for every current and scraped value state (352.74725ms)
  ✔ summary follows replaceIfPresent semantics for every current and scraped value state (358.175ms)
  ✔ summary follows replace semantics for every current and scraped value state (316.932792ms)
  ✔ cover follows fillEmpty semantics for every current and scraped value state (387.842625ms)
  ✔ cover follows replaceIfPresent semantics for every current and scraped value state (435.922417ms)
  ✔ cover follows replace semantics for every current and scraped value state (390.00375ms)
  ✔ releaseDate follows fillEmpty semantics for every current and scraped value state (404.321917ms)
  ✔ releaseDate follows replaceIfPresent semantics for every current and scraped value state (381.598583ms)
  ✔ releaseDate follows replace semantics for every current and scraped value state (299.139834ms)
  ✔ maker follows fillEmpty semantics for every current and scraped value state (409.816375ms)
  ✔ maker follows replaceIfPresent semantics for every current and scraped value state (371.786ms)
  ✔ maker follows replace semantics for every current and scraped value state (318.418583ms)
  ✔ publisher follows fillEmpty semantics for every current and scraped value state (360.878541ms)
  ✔ publisher follows replaceIfPresent semantics for every current and scraped value state (384.939583ms)
  ✔ publisher follows replace semantics for every current and scraped value state (375.741292ms)
  ✔ series follows fillEmpty semantics for every current and scraped value state (315.259875ms)
  ✔ series follows replaceIfPresent semantics for every current and scraped value state (436.774167ms)
  ✔ series follows replace semantics for every current and scraped value state (418.61825ms)
  ✔ director follows fillEmpty semantics for every current and scraped value state (356.091292ms)
  ✔ director follows replaceIfPresent semantics for every current and scraped value state (384.222875ms)
  ✔ director follows replace semantics for every current and scraped value state (406.999709ms)
  ✔ duration follows fillEmpty semantics for every current and scraped value state (342.409584ms)
  ✔ duration follows replaceIfPresent semantics for every current and scraped value state (321.836833ms)
  ✔ duration follows replace semantics for every current and scraped value state (367.292666ms)
  ✔ actressesFemale follows fillEmpty semantics for every current and scraped value state (362.03925ms)
  ✔ actressesFemale follows replaceIfPresent semantics for every current and scraped value state (345.352542ms)
  ✔ actressesFemale follows replace semantics for every current and scraped value state (345.562125ms)
  ✔ actressesMale follows fillEmpty semantics for every current and scraped value state (365.536208ms)
  ✔ actressesMale follows replaceIfPresent semantics for every current and scraped value state (338.909375ms)
  ✔ actressesMale follows replace semantics for every current and scraped value state (333.201ms)
  ✔ tags follows fillEmpty semantics for every current and scraped value state (372.882459ms)
  ✔ tags follows replaceIfPresent semantics for every current and scraped value state (358.095583ms)
  ✔ tags follows replace semantics for every current and scraped value state (383.91575ms)
  ✔ source follows fillEmpty semantics for every current and scraped value state (361.046042ms)
  ✔ source follows replaceIfPresent semantics for every current and scraped value state (374.651875ms)
  ✔ source follows replace semantics for every current and scraped value state (350.324291ms)
  ✔ rating follows fillEmpty semantics for every current and scraped value state (356.512ms)
  ✔ rating follows replaceIfPresent semantics for every current and scraped value state (343.379333ms)
  ✔ rating follows replace semantics for every current and scraped value state (352.879ms)
  ✔ samples follows fillEmpty semantics for every current and scraped value state (382.942041ms)
  ✔ samples follows replaceIfPresent semantics for every current and scraped value state (340.082875ms)
  ✔ samples follows replace semantics for every current and scraped value state (373.830541ms)
✔ videoScrapeApplyService.planVideoScrapeResult update matrix (16602.614417ms)
▶ videoScrapeApplyService.applyScrapeResult
  ✔ builds a read-only plan before applying field changes (316.339208ms)
  ✔ applies scalar fields consistently across the three update modes (326.156084ms)
  ✔ does not record a successful scrape when no selected field can be written (103.788625ms)
  ✔ clears only the selected source site metadata in replace mode (85.030042ms)
  ✔ preserves existing cover and warns when a returned image is unavailable (59.430959ms)
  ✔ keeps the complete old sample set when any returned sample is unavailable (48.551708ms)
  ✔ replaces selected relation sets while preserving manual tags and the other cast gender (59.009917ms)
  ✔ keeps a committed scrape successful when post-commit library cleanup fails (61.456583ms)
  ✔ does not roll back scraped tags when orphan-tag cleanup fails after commit (77.120416ms)
  ✔ reuses the unique name owner for canonically equivalent scraped cast names (102.074958ms)
  ✔ does not create or link an actress for a migrated pending cast name (98.175625ms)
  ✔ replaceIfPresent updates existing scalars when scrape has values and keeps null scrape values (67.109042ms)
  ✔ stores external stats under ratingSourceName when provided (77.313833ms)
  ✔ leaves downloaded cast avatars untouched for application-layer adoption (117.047166ms)
✔ videoScrapeApplyService.applyScrapeResult (1599.401542ms)
▶ videoScrapeApplyService classification entity resolution
  ✔ preserves entity update semantics across fillEmpty, replaceIfPresent, and replace (128.7615ms)
  ✔ matches main names, aliases, and normalized equivalents without overwriting profiles (132.378708ms)
  ✔ creates only basic entities, reuses one organization across roles, and leaves series unowned (119.436167ms)
  ✔ rolls back scalar writes and newly created entities when a classification assignment fails (139.121416ms)
  ✔ keeps the current director when its alias is one of multiple candidates without updating the video (139.032167ms)
  ✔ pauses a single scrape for director choice and applies the selected candidate on retry (150.403917ms)
  ✔ preserves an ambiguous director in batch mode while applying safe fields with an actionable warning (130.859458ms)
  ✔ reports an invalid classification name structurally while applying safe fields (133.787958ms)
  ✔ treats same-name series in different owner scopes as ambiguous and never infers an owner (179.291083ms)
✔ videoScrapeApplyService classification entity resolution (1254.069625ms)
▶ videoScrapeApplyService.resolveVideoBatchTargets
  ✔ keeps active media-library batch targets inside their membership scope (148.882834ms)
  ✔ returns no targets for an archived media-library scope while preserving global compatibility (148.671042ms)
  ✔ excludes videos that already have a pending scrape decision (128.512084ms)
  ✔ filters by videos missing any selected metadata field (117.374375ms)
  ✔ combines status and missing-field filters (84.662791ms)
  ✔ treats a stored cover path as present even when the file is unreadable (100.178667ms)
✔ videoScrapeApplyService.resolveVideoBatchTargets (728.710459ms)
▶ videoScrapeApplyService tags emptiness
  ✔ fillEmpty ignores manual tags when deciding whether tags are empty (85.402084ms)
✔ videoScrapeApplyService tags emptiness (85.52925ms)
▶ llmSecretStore
  ✔ persists encrypted values and reports a degraded Linux-style backend (23.282666ms)
  ✔ removes a provider secret without affecting the remaining entries (20.632834ms)
  ✔ does not treat an unreadable secret path as an empty store (7.103ms)
✔ llmSecretStore (51.532541ms)
▶ scraperServiceSecretStore
  ✔ persists an encrypted MetaTube token without exposing plaintext (15.732042ms)
  ✔ clears the token and rejects unavailable encryption (27.4715ms)
✔ scraperServiceSecretStore (43.664583ms)
▶ settingsStore avatar composition defaults
  ✔ uses the relaxed face-centered composition for settings without legacy values (18.228041ms)
  ✔ keeps legacy presets and explicit user values during migration (17.093791ms)
✔ settingsStore avatar composition defaults (35.708375ms)
▶ settingsStore video card preferences
  ✔ keeps resource type badges disabled for new and existing users by default (12.452583ms)
  ✔ preserves an explicit resource type badge preference (21.465041ms)
  ✔ defaults video cards to portrait and preserves an explicit landscape preference (18.368584ms)
✔ settingsStore video card preferences (52.466584ms)
▶ settingsStore NFO export preferences
  ✔ uses safe defaults and normalizes remembered selections without persisting overwrite (18.921ms)
✔ settingsStore NFO export preferences (19.036542ms)
▶ settingsStore plugin developer model-turn budget
  ✔ retires the old implicit step limit instead of carrying 24 into the new setting (17.754166ms)
  ✔ defaults to unlimited and preserves an explicit zero limit (18.07375ms)
  ✔ persists a positive limit through the settings interface (18.308125ms)
  ✔ stops rewriting legacy model fields after schema v2 exists (32.527208ms)
  ✔ does not resurrect legacy model fields when the v2 document is unreadable (36.950667ms)
✔ settingsStore plugin developer model-turn budget (123.822208ms)
▶ settingsStore deferred library path cleanup
  ✔ normalizes unique non-empty roots and preserves them across cache resets (18.071583ms)
✔ settingsStore deferred library path cleanup (18.110167ms)
▶ settingsStore persistence
  ✔ does not update the cache when the settings file cannot be replaced (29.79025ms)
✔ settingsStore persistence (29.8205ms)
▶ settingsStore recovery
  ✔ backs up malformed JSON, writes defaults, and exposes one recovery notice (24.921709ms)
  ✔ does not replace a settings path that fails with an I/O error (11.381667ms)
✔ settingsStore recovery (36.354917ms)
▶ settingsStore LLM secret migration
  ✔ moves legacy API keys out of settings.json without exposing them publicly (43.54325ms)
  ✔ keeps the original plaintext file and blocks later writes when migration fails (16.727625ms)
✔ settingsStore LLM secret migration (60.331917ms)
▶ settingsStore scan cleanup defaults
  ✔ keeps automatic deletion disabled and has no summary for new and existing users (14.297584ms)
  ✔ preserves an explicit automatic deletion preference (6.984875ms)
  ✔ normalizes and sanitizes the persisted latest scan summary (11.761334ms)
  ✔ normalizes the retired unrecognized-file snapshot for migration (12.106292ms)
✔ settingsStore scan cleanup defaults (45.277875ms)
▶ settingsStore automatic scan defaults
  ✔ keeps automatic scans disabled and defaults to one hour (13.016875ms)
  ✔ accepts only supported automatic scan intervals (46.8565ms)
✔ settingsStore automatic scan defaults (60.006708ms)
▶ settingsStore retired actress scrapers
  ✔ rewrites the retired idol archive default to Xslist (13.625625ms)
  ✔ rewrites composite actress field mappings that pointed at the idol archive (7.515958ms)
✔ settingsStore retired actress scrapers (21.198708ms)
▶ settingsStore retired video scrapers
  ✔ rewrites the retired JAV8 default to JavDB (17.811ms)
  ✔ rewrites JAV8 composite mappings and removes its delay (20.829375ms)
✔ settingsStore retired video scrapers (38.713292ms)
▶ settingsStore privacy mode
  ✔ defaults to disabled with every image scope selected (13.916709ms)
  ✔ keeps valid unique scopes and discards unknown values (14.71075ms)
  ✔ keeps samples and actress galleries independently selectable (11.69025ms)
  ✔ allows all privacy scopes to be cleared explicitly (14.542292ms)
✔ settingsStore privacy mode (55.05525ms)
▶ close-to-tray setting
  ✔ defaults off and persists an explicit choice across reloads (29.90425ms)
  ✔ does not enable tray hiding from malformed legacy values (7.164709ms)
✔ close-to-tray setting (37.134292ms)
▶ Web read-only catalog scope
  ✔ rechecks image authorization after async work when hidden changes (490.743917ms)
  ✔ rechecks image authorization after async work when archived changes (390.742ms)
  ✔ rechecks image authorization after async work when cover changes (364.536625ms)
  ✔ rechecks image authorization after async work when cast changes (249.5275ms)
  ✔ rechecks image authorization after async work when sample changes (318.620083ms)
  ✔ reads only the authorized image path before and after serving, without full details (319.125916ms)
  ✔ forwards thumbnail size through the real catalog while preserving original requests (229.822542ms)
  ✔ forwards the caller signal to the async Store and drops a cancelled result (206.884917ms)
  ✔ filters archived/hidden memberships for lists, details, images, and media (321.711292ms)
  ✔ describes local resources without exposing their directory (195.135209ms)
  ✔ uses the cover rather than the background for browse, detail and image requests (246.084417ms)
  ✔ queries with parameters, paginates stably and filters clear membership scopes (839.868541ms)
  ✔ uses stable desktop discovery and respects library home participation (541.8755ms)
  ✔ exposes cast display metadata and only serves avatars linked to visible videos (272.181708ms)
  ✔ downloads non-playable files and exposes only supported external links (283.7905ms)
  ✔ resolves only authorized files and refuses symlink escapes and disabled roots (256.252625ms)
✔ Web read-only catalog scope (5528.021542ms)
▶ Desktop-approved browser pairing
  ✔ requires an open window, a desktop decision and a separate secret, consumes only once (1.512625ms)
  ✔ expires requests, bounds polling, rejection, restart and approvals (0.173625ms)
  ✔ bounds the total pending requests (0.208083ms)
✔ Desktop-approved browser pairing (2.215792ms)
▶ Remembered browser lifecycle
  ✔ persists only remembered hashes, retains authorization over restart and revokes individual devices (255.958083ms)
✔ Remembered browser lifecycle (256.0305ms)
▶ Pairing HTTP boundary
  ✔ binds exchange to a private cookie, keeps approval desktop-only and remembers across server restarts (219.24275ms)
✔ Pairing HTTP boundary (219.364542ms)
▶ Device record recovery
  ✔ keeps valid sessions usable during activity write failures and retries persistence (256.815ms)
  ✔ keeps disk and memory consistent after failed revoke, clear, rename and create (58.978834ms)
  ✔ resets a damaged snapshot without parsing it or retaining old authorization (25.702125ms)
  ✔ restores remaining pairing time from server and retains approval on issuance failure (0.139125ms)
✔ Device record recovery (341.778583ms)
▶ Per-device streaming revocation
  ✔ interrupts the revoked stream while another browser finishes its stream (58.711708ms)
✔ Per-device streaming revocation (58.898542ms)
✔ keeps the running service on staging failure and restores it after publish failure (122.17575ms)
✔ preserves remembered devices on runtime server errors, including failed state persistence (5.612125ms)
▶ Web authentication and streaming
  ✔ keeps image responses private and reports read queue overload as 503 (7.215917ms)
  ✔ forwards finite thumbnail sizes and rejects invalid sizes before image work (3.526417ms)
  ✔ reports oversized images as 413 without caching or a HEAD body (7.160542ms)
  ✔ rechecks an expired session after image work while the connection remains open (48.544833ms)
  ✔ cancels pending image work on logout and never sends its completed bytes (47.679333ms)
  ✔ cancels pending image work on disconnect and never sends its completed bytes (43.795458ms)
  ✔ stores salted password hashes and enforces minimum length (123.433458ms)
  ✔ requires a session for catalog, artwork, and video, with no credential data in failures (12.926541ms)
  ✔ serves brand and favicon PNGs without login with the correct MIME and bytes (12.071ms)
  ✔ rejects bad credentials; issues HttpOnly SameSite cookies on login (82.750916ms)
  ✔ blocks cross-origin, missing-origin POSTs, DNS rebinding, and desktop mutation routes (13.22625ms)
  ✔ streams byte ranges, suffixes and HEAD; rejects invalid or multiple ranges (11.877125ms)
  ✔ downloads authenticated resources as attachments (4.577583ms)
  ✔ logout invalidates the cookie; desktop revocation invalidates all browsers (48.922959ms)
✔ Web authentication and streaming (604.906375ms)
▶ Session lifetimes and request limits
  ✔ expires idle and absolute sessions and limits attempts (0.163875ms)
  ✔ accepts only local peer ranges and handles byte-range edge cases (0.138958ms)
✔ Session lifetimes and request limits (0.350208ms)
▶ actress face scan cache
  ✔ reuses a result only while the avatar fingerprint is unchanged (0.341375ms)
  ✔ filters only cached no-face avatars and ignores missing or unscanned entries (0.543708ms)
  ✔ combines a minimal full-library manifest with current session results (0.066459ms)
✔ actress face scan cache (1.319459ms)
▶ actress face scan cache identity
  ✔ only changes when a current row has no reusable result (0.361792ms)
✔ actress face scan cache identity (0.665583ms)
▶ actress face detection outcome mapping
  ✔ maps the detector zero-face message to the no-face domain state (0.520625ms)
✔ actress face detection outcome mapping (0.882959ms)
▶ actress face scan queue
  ✔ reports total detection failure without confusing partial or empty results with failure (0.772708ms)
  ✔ reuses cached face statuses and does not invoke detection for them (0.630292ms)
  ✔ finishes the current target before honoring cancellation (0.098792ms)
  ✔ does not cache detector failures so a later run can retry them (0.0735ms)
✔ actress face scan queue (2.031959ms)
▶ actress face scan session
  ✔ notifies remounted consumers when an earlier scan finishes (0.387208ms)
✔ actress face scan session (0.742375ms)
▶ avatar auto-crop geometry
  ✔ rejects invalid boxes and clamps valid detector bounds (1.080208ms)
  ✔ merges overlapping tiled detections and preserves the strongest result (0.109334ms)
  ✔ requires an explicit choice when two faces have similar prominence (0.18425ms)
  ✔ accepts mid-confidence faces only when the presence floor is used (0.055625ms)
  ✔ maps ROI landmarks back to full-image normalized coordinates (0.062708ms)
  ✔ uses the hair component attached to the face for visible head bounds (1.078083ms)
✔ avatar auto-crop geometry (2.973625ms)
✔ requests CORS before loading a media avatar so its bitmap can cross the Worker boundary (0.420583ms)
▶ avatar composition preview cache
  ✔ persists and restores the complete normalized face analysis (0.744ms)
✔ avatar composition preview cache (1.237ms)
▶ ActressAvatarEditor
  ✔ keeps rendering when the current avatar enters crop editing (46.463084ms)
  ✔ keeps rendering when a legacy avatar without its original enters crop editing (16.534084ms)
✔ ActressAvatarEditor (63.607917ms)
▶ ActressDeleteModal confirmation model
  ✔ uses ordinary deletion only when the current impact has no video links (0.49ms)
  ✔ requires the dedicated acknowledgement action and explains resource preservation (0.086291ms)
  ✔ does not let the dedicated high-risk action bypass the safe path (0.054792ms)
✔ ActressDeleteModal confirmation model (1.061916ms)
▶ ActressProfileMeta scrape record
  ✔ hides scrape record for successful actresses and keeps attention states (0.831792ms)
  ✔ offers the manual success mark only for unscraped and failed records (0.076584ms)
✔ ActressProfileMeta scrape record (1.284167ms)
▶ Button
  ✔ loads its CSS Module and preserves native button semantics (2.903042ms)
✔ Button (3.337416ms)
▶ ClassificationDeleteModal
  ✔ shows associated video and child impacts before confirming deletion (8.154167ms)
  ✔ allows a zero-impact deletion and keeps a failed confirmation open with refreshed impact (4.581584ms)
  ✔ does not report or re-preview a completed deletion when page cleanup fails (1.740084ms)
✔ ClassificationDeleteModal (14.95575ms)
▶ classification picker
  ✔ keeps candidates hidden until the field is used (3.618167ms)
  ✔ shows candidates once the user types (1.287541ms)
  ✔ walks candidates with the arrow keys and commits with Enter (1.277292ms)
  ✔ shows candidates once the field is focused (0.26025ms)
  ✔ shows candidates on focus even when the field is empty (0.233875ms)
  ✔ does not commit a candidate with Enter until one is active (0.182417ms)
  ✔ closes candidates on Escape without letting the dialog see the key (0.21875ms)
  ✔ closes candidates when focus leaves the field (0.27975ms)
  ✔ keeps candidates open when the pointer is in the list (0.552292ms)
  ✔ closes candidates after picking one with the pointer (0.46175ms)
  ✔ hides the create hint when the typed name already exists (0.253125ms)
✔ classification picker (9.14925ms)
▶ video detail library context layout
  ✔ shares the compact detail header row with the back action (3.107667ms)
  ✔ keeps membership badges on one bounded line (0.645417ms)
✔ video detail library context layout (4.139375ms)
▶ DirectorScrapeChoiceModal
  ✔ requires an explicit candidate and submits its stable director id (5.766541ms)
✔ DirectorScrapeChoiceModal (6.091959ms)
▶ DisplayModeProvider
  ✔ loads and exposes the application-wide cover mode (29.501584ms)
✔ DisplayModeProvider (30.100334ms)
▶ form hint styles
  ✔ keeps entity-edit and settings field hints muted and caption-sized (4.523375ms)
  ✔ routes entity-edit helper copy through EditFormField instead of a bare hint class (1.157375ms)
✔ form hint styles (6.091208ms)
▶ image preview history marker
  ✔ preserves router state when adding a unique preview marker (0.865291ms)
  ✔ reads only valid image preview markers (0.088041ms)
✔ image preview history marker (1.40275ms)
✔ uses a 320 thumbnail for actress cards (136.989333ms)
✔ uses thumbnails for local video gallery tiles and original preview sources (96.072583ms)
✔ uses thumbnails for local actress gallery tiles and original preview sources (2.470583ms)
▶ LegacyLibraryRedirect
  ✔ preserves the settings return context while replacing a legacy video URL (72.994833ms)
✔ LegacyLibraryRedirect (73.476041ms)
▶ MediaLibraryCreateModal
  ✔ validates in place and exposes a keyboard-submit four-step flow (184.934167ms)
  ✔ deduplicates selected roots, submits independent config, and returns root errors to their step (5.754208ms)
✔ MediaLibraryCreateModal (191.3425ms)
▶ MediaLibraryCreateModal control style
  ✔ keeps all workflow steps at one viewport-safe dialog height (3.62175ms)
  ✔ reserves a visible gutter for the left edge of the focus ring (1.653708ms)
✔ MediaLibraryCreateModal control style (6.164042ms)
▶ MediaLibraryNav name style
  ✔ keeps visible library names on one ellipsized line (2.508542ms)
  ✔ presents media libraries as one compact navigation surface (0.722958ms)
  ✔ keeps global navigation unlabeled in the visible sidebar (0.279042ms)
✔ MediaLibraryNav name style (4.036167ms)
▶ OrganizationDeleteModal
  ✔ previews and removes only the selected role (9.694125ms)
  ✔ blocks removing the final role and directs the user to full deletion (4.358416ms)
  ✔ shows both role counts and hierarchy impacts for a full deletion (1.200125ms)
✔ OrganizationDeleteModal (15.716333ms)
▶ OrganizationMergeModal interaction
  ✔ selects a cross-role source and submits the explicit source-to-target direction (133.309042ms)
  ✔ keeps the modal open and shows an actionable error when the merge is rejected (12.919125ms)
✔ OrganizationMergeModal interaction (147.149959ms)
▶ recent text input style contract
  ✔ uses the shared text-input treatment for every recent text-like input (1.802916ms)
✔ recent text input style contract (2.116125ms)
▶ Switch
  ✔ loads its CSS Module and preserves native checkbox semantics (3.018791ms)
✔ Switch (3.508916ms)
▶ VideoDeleteImpact
  ✔ shows every affected domain without a duplicate source-file section (2.32325ms)
  ✔ names the current library when previewing a membership removal (0.451666ms)
✔ VideoDeleteImpact (3.133792ms)
▶ video primary metadata classification navigation
  ✔ dispatches entity-backed organizations by stable id (0.834375ms)
  ✔ does not expose a name-only organization route (0.065292ms)
  ✔ uses only the stable director id (0.148833ms)
  ✔ uses only the stable series id (0.130458ms)
✔ video primary metadata classification navigation (1.640958ms)
▶ video detail resource actions
  ✔ shows copy and external-open actions instead of play for link resources (5.256667ms)
  ✔ keeps the play action for local resources (0.82675ms)
  ✔ shows actual link kind, STRM hosting, masked target, and source path together (1.364959ms)
  ✔ exposes the cross-library move command for both links and root-managed resources (1.839916ms)
✔ video detail resource actions (9.827416ms)
▶ VideoLibraryMembershipBadges
  ✔ puts the active resource scope first and names the other memberships accessibly (5.155042ms)
  ✔ bounds the visible badges and exposes hidden library names in the overflow title (0.584166ms)
✔ VideoLibraryMembershipBadges (6.205208ms)
▶ VideoResourceImportModal
  ✔ keeps a STRM target read-only while allowing metadata edits and HTTP checks (147.100875ms)
✔ VideoResourceImportModal (147.41725ms)
✔ loads only on open, renders at most one page, and selects an existing tag by ID (14.359459ms)
✔ debounces search, resets the page, and discards earlier search responses (546.423917ms)
✔ shows errors with retry and discards closed-modal results before reopening (2.645375ms)
✔ creates from the full draft and prevents an old write completion from closing another video modal (1.797333ms)
✔ refreshes stale candidates after a failed selection without retrying the write (2.028875ms)
✔ does not inherit an open picker or issue a hidden request when switching videos (1.429875ms)
▶ actress virtual grid layout
  ✔ derives responsive columns without shrinking cards below their minimum width (0.344ms)
  ✔ places load state on a dedicated row after an incomplete item row (0.899292ms)
✔ actress virtual grid layout (1.677417ms)
▶ AgentMetadataActivityFeed
  ✔ keeps live model thinking open and shows semantic actions (4.2055ms)
  ✔ collapses completed thinking into an expandable preview (1.555667ms)
  ✔ moves a finished live thought back into collapsed history (0.901791ms)
  ✔ caps the thinking box height and still shows the full streamed text (2.8525ms)
✔ AgentMetadataActivityFeed (9.925542ms)
▶ Agent metadata collector intro
  ✔ explains how this flow differs from regular matching (0.492666ms)
  ✔ keeps the setup steps compact and muted (3.006917ms)
✔ Agent metadata collector intro (3.946083ms)
▶ alias editor state
  ✔ promotes an alias to main name and keeps the previous main as an alias (0.846542ms)
  ✔ does not duplicate the previous main name when it is already an alias (0.07025ms)
✔ alias editor state (1.277292ms)
▶ classification image interaction state
  ✔ distinguishes formal images from dynamic fallback images (0.831166ms)
  ✔ builds explicit file, URL, and video-cover commands (0.082042ms)
✔ classification image interaction state (1.262833ms)
▶ classification merge interaction state
  ✔ keeps the selected source identity when refreshed candidates reorder (0.784375ms)
  ✔ keeps a selected source through a narrower search and rejects invalid commands (0.072917ms)
✔ classification merge interaction state (1.31875ms)
▶ classification picker state
  ✔ stays closed until the user asks for candidates (0.847917ms)
  ✔ hides candidates when the result set is empty (0.059ms)
  ✔ opens on arrow navigation and wraps around the candidate list (0.051834ms)
  ✔ never navigates into an empty candidate list (0.036583ms)
  ✔ drops the active candidate when typing or when the result set shrinks (0.039375ms)
  ✔ closes on dismiss (0.031792ms)
  ✔ hides the create hint when the query already names an existing option (0.041583ms)
✔ classification picker state (1.513708ms)
▶ director form state
  ✔ defaults to preserving a changed main name and converts profile fields (0.818917ms)
✔ director form state (1.122375ms)
▶ director picker state
  ✔ keeps typed same-name input as an explicit inline-create request (0.797125ms)
  ✔ shows stable candidate differences rather than silently choosing by name (0.084041ms)
✔ director picker state (1.232125ms)
▶ image preview swipe gesture
  ✔ switches to the previous image when dragging right past the threshold (0.329583ms)
  ✔ switches to the next image when dragging left past the threshold (0.045ms)
  ✔ ignores clicks, short drags, and vertical drags (0.040292ms)
  ✔ distinguishes a drag from a click even when movement is vertical (0.046583ms)
✔ image preview swipe gesture (0.831125ms)
▶ mediaLibraryIdentityStyle
  ✔ maps every domain color to one semantic CSS custom property (0.923875ms)
  ✔ keeps the established palette mapping stable (0.067458ms)
✔ mediaLibraryIdentityStyle (1.369458ms)
▶ organization form state
  ✔ defaults to preserving the previous main name while retaining ordered aliases and links (0.846958ms)
  ✔ moves links without mutating the current form state (0.06975ms)
  ✔ retains a selected parent while search results change (0.084916ms)
✔ organization form state (1.355916ms)
▶ organization merge presentation
  ✔ shows cross-role candidate statistics without collapsing the two roles (0.331958ms)
  ✔ reports each transferred relation after a successful merge (0.0505ms)
✔ organization merge presentation (0.716625ms)
▶ organization picker state
  ✔ resolves main names and aliases to stable ids (1.254584ms)
  ✔ uses unmatched text as an explicit inline create request (0.054833ms)
  ✔ uses an empty value to remove the organization relation (0.048959ms)
  ✔ describes candidates by stable id, roles, and aliases (0.054292ms)
✔ organization picker state (1.795916ms)
▶ PlaylistImportProvider workspace
  ✔ uses the Agent scrape two-pane workspace with live activity and result preview (0.997042ms)
  ✔ offers one confirmed termination action in running and waiting-user footers (0.1655ms)
  ✔ closes the import workspace after the host confirms task termination (0.146209ms)
  ✔ closes only through the actions rendered inside the import dialog (0.1145ms)
  ✔ closes the import dialog before navigating to the imported playlist (0.143417ms)
  ✔ offers frozen write options with source-playlist linking disabled by default (0.213958ms)
  ✔ selects the active default media library when opening the importer (0.115708ms)
  ✔ explains the Agent name and host-date fallback for an empty new-playlist name (0.247875ms)
  ✔ invalidates global video projections and discards stale identity choices (0.336625ms)
  ✔ broadcasts completion so recovered imports refresh mounted playlist surfaces (1.02225ms)
  ✔ renders the complete release summary instead of only aggregate reuse counts (0.167416ms)
  ✔ keeps preview rows dense and long text truncation stable (2.302084ms)
  ✔ shows enough candidate identity evidence and opens links through the app shell (1.000375ms)
✔ PlaylistImportProvider workspace (7.595583ms)
▶ PluginDevConfigRail ready actions
  ✔ makes Install primary and disables empty continuation until feedback is entered (6.233791ms)
✔ PluginDevConfigRail ready actions (6.555833ms)
▶ PluginDevConversation history controls
  ✔ presents a ready settlement as normal state and requires feedback to continue (5.205167ms)
  ✔ renders model reasoning as a quiet collapsed diagnostic block (16.3935ms)
  ✔ keeps live reasoning open and marks the answer as streaming (2.96775ms)
  ✔ renders agent answers as markdown (2.744416ms)
  ✔ renders compact context metrics with the cache-hit ratio (0.73975ms)
  ✔ exposes an explicit clear-session action for a restored historical run (0.519584ms)
  ✔ keeps typed choice, browser challenge and freeform requests as distinct controls (2.258709ms)
✔ PluginDevConversation history controls (31.320667ms)
✔ guides a configured model user to the missing website, then enables development (308.144417ms)
✔ keeps the actual model readiness reason when a named model cannot run (4.337791ms)
▶ PluginDevResultPanel manifest coverage
  ✔ separates actionable field ids from runtime-only information (7.854333ms)
  ✔ renders each exact-match candidate when the plugin returns an array (0.855375ms)
  ✔ labels a targeted execution as a local diagnostic even when the saved full run is ready (0.635292ms)
  ✔ explains null and empty array plugin returns instead of hiding the section (0.331208ms)
✔ PluginDevResultPanel manifest coverage (10.341042ms)
▶ plugin dev Agent UI state
  ✔ requires feedback before continuing a mechanically ready Agent (0.4205ms)
  ✔ presents a normal Agent settlement without an error toast (0.535791ms)
  ✔ coalesces streaming reasoning and answer into their final model-turn items (0.270791ms)
  ✔ enables the existing Install button only for a current mechanical acceptance (0.046875ms)
  ✔ allows clearing restored history only when its Agent is not running or busy (0.042ms)
  ✔ auto-applies only unfinished history and leaves terminal editor state untouched (0.20225ms)
  ✔ keeps non-debuggable built-ins out of the plugin-development selector (4.120416ms)
  ✔ does not treat a loaded built-in fork as the already-selected new-plugin option (0.11125ms)
  ✔ rejects session B events while continuing session A (0.091375ms)
  ✔ binds an unbound start once and rejects later events from another session (0.070833ms)
  ✔ invalidates a snapshot after any newer live mutation (0.073917ms)
  ✔ releases restored busy state on settle but keeps a local API dispatch busy (0.077792ms)
  ✔ projects live workspace drafts from package_updated, not terminal done (0.055666ms)
  ✔ blocks ordinary messages until the exact pending approval is decided (0.076208ms)
  ✔ does not dispatch a stale approval after the request disappeared (0.246875ms)
✔ plugin dev Agent UI state (7.1455ms)
▶ series form state
  ✔ defaults a rename to retaining the previous main name (0.351458ms)
  ✔ trims text and converts optional numeric selections (0.774834ms)
✔ series form state (1.478208ms)
▶ series picker state
  ✔ keeps typed creation separate from selecting an existing stable identity (0.785709ms)
  ✔ always distinguishes same-name candidates by stable id and owner scope (0.1105ms)
✔ series picker state (1.3255ms)
✔ applies supported fields, preserves other mappings, allows overrides and only persists on save (17.035958ms)
✔ rejects unavailable saved sources and keeps missing references visible for repair (1.597875ms)
✔ excludes nested and other-kind plugins and prevents applying unconfigured sources (0.694ms)
✔ uses video field capabilities for bulk assignment (0.903042ms)
▶ LibraryScanAuditPanel
  ✔ defaults to the attention tab even when the latest scan has no issues (281.687958ms)
  ✔ keeps cached unrecognized files visible with their root-scoped resolution controls (2.803375ms)
  ✔ does not describe current scan failures as resolved (1.323208ms)
  ✔ offers a processing jump for cached unrecognized rows in the all-files tab (2.226709ms)
  ✔ shows an NFO identity conflict as a secondary scan disposition and opens the pending center (2.043ms)
  ✔ routes a current NFO candidate to its scrape pending item (0.937416ms)
  ✔ shows historical NFO pending dispositions as resolved when their current rows are gone (1.627667ms)
  ✔ keeps the attention badge equal to the visible list when only an NFO warning exists (1.418375ms)
✔ LibraryScanAuditPanel (294.653791ms)
▶ MetaTube plugin settings
  ✔ shows pending status and blocks setting an unconfigured plugin as default (4.83275ms)
  ✔ keeps a blank token and supports explicit token clearing (3.768375ms)
  ✔ requires confirmation before saving a token over remote HTTP (3.163709ms)
  ✔ tests the current draft without changing the token mode (4.4995ms)
✔ MetaTube plugin settings (16.747458ms)
▶ Model management v2 panels
  ✔ keeps workload edits local until the explicit save action (10.731542ms)
  ✔ shows configured providers first and keeps unconfigured built-ins collapsed (1.058792ms)
  ✔ limits the default advanced view to models referenced by workloads (11.783666ms)
✔ Model management v2 panels (24.037542ms)
✔ saves proxy address and mode only on explicit commit; testing stays independent (251.268084ms)
▶ NFO export foreground modal
  ✔ vetoes full-page unload while the foreground modal is active (241.846667ms)
  ✔ is an aria-modal task surface with an explicit terminate action and no dismiss action (7.890084ms)
  ✔ keeps the terminal report open until the user confirms it (1.333166ms)
  ✔ renders a returned plan and enters blocking state before foreground execution (12.222833ms)
  ✔ discards a plan that returns after the storage panel has unmounted (1.7245ms)
  ✔ terminates an export whose start result returns after unmount (1.8955ms)
✔ NFO export foreground modal (267.536125ms)
▶ NFO export preview details
  ✔ counts only new and replaced artwork in the writing breakdown (1.18675ms)
  ✔ distinguishes stopped, partial and empty reports and exposes stop errors in the dialog (1.063958ms)
  ✔ mounts only the opened page of a large warning list and keeps every warning reachable (4.223292ms)
✔ NFO export preview details (6.607834ms)
▶ SettingsPrimitives
  ✔ retains an invalid value with an accessible error instead of silently clamping it (7.475666ms)
  ✔ keeps a multi-digit number local until the edit is committed (2.152125ms)
  ✔ supports keyboard activation of increment and does not treat empty input as zero (0.907708ms)
  ✔ renders a semantic card without losing its accessible name (0.499875ms)
  ✔ exposes status as data rather than a behavior-bearing class name (0.396333ms)
✔ SettingsPrimitives (12.106292ms)
✔ renames with no manual code or target and refreshes the pending row after failed recognition (158.954875ms)
✔ retries a failed service with saved configuration, and prevents submitting unsaved drafts via retry (3431.2035ms)
▶ library scan audit row layout
  ✔ uses compact rows only when the skipped tab also uses compact virtual slots (0.334334ms)
  ✔ keeps the variable-height attention list out of fixed-size virtualization (0.058584ms)
  ✔ keeps CSS row geometry aligned with virtual item sizes (0.700208ms)
✔ library scan audit row layout (1.47775ms)
▶ video resource card badges
  ✔ keeps primary-first order, deduplicates kinds, and limits visible labels to two (0.868ms)
  ✔ returns no card decoration when a video has no resources (0.060666ms)
  ✔ shares full resource labels across detail and filter surfaces (0.054333ms)
✔ video resource card badges (1.416708ms)
▶ video resource import form
  ✔ shares auto detection, normalization, and size conversion across entry points (1.109542ms)
  ✔ auto-detects Magnet and keeps its protocol-derived default name (0.371459ms)
  ✔ treats blank matching input as absent without invoking strict code validation (0.134292ms)
✔ video resource import form (2.179584ms)
▶ video resource import layout
  ✔ gives the size value the fluid column and keeps its unit compact (7.644375ms)
✔ video resource import layout (8.108083ms)
▶ shared workbench primitives
  ✔ composes feature classes without replacing the neutral structure (1.517333ms)
  ✔ connects tabs to their panels with a single keyboard tab stop (0.483417ms)
✔ shared workbench primitives (2.393125ms)
▶ isBatchScrapeActive
  ✔ treats only running and paused batches as active (0.323875ms)
✔ isBatchScrapeActive (0.656667ms)
▶ poster grid row height
  ✔ reserves the complete membership strip without changing ordinary library rows (0.3335ms)
✔ poster grid row height (0.656084ms)
▶ facet route contracts
  ✔ only permits each entity detail under its matching facet (0.365167ms)
✔ facet route contracts (0.701125ms)
▶ global search shortcut
  ✔ accepts Cmd/Ctrl+K and rejects unrelated key combinations (0.332542ms)
  ✔ focuses and selects the Home input after two render frames (0.54575ms)
✔ global search shortcut (1.229ms)
▶ useLatestAsyncLabel
  ✔ ignores an older request that finishes after the latest request (6.143583ms)
✔ useLatestAsyncLabel (6.592625ms)
▶ media-library scan event scope
  ✔ accepts only the current library and, once known, the current run (0.316583ms)
✔ media-library scan event scope (0.626792ms)
✔ does not fetch empty/inactive selections and resolves only unique selected IDs (7.365791ms)
✔ ignores responses for previous filters and refreshes on returning from detail (1.710916ms)
✔ does not loop on a rejected lookup and discards in-flight results after deactivation (0.703542ms)
▶ isLibraryListSurfacePath
  ✔ matches list roots only (0.875708ms)
  ✔ does not match detail or stack routes (0.161417ms)
✔ isLibraryListSurfacePath (1.3905ms)
▶ shouldRefetchLibraryOnRouteChange
  ✔ refetches when entering a list root from outside (0.103ms)
  ✔ does not refetch when opening detail stacks or hopping between list roots (0.066958ms)
✔ shouldRefetchLibraryOnRouteChange (0.227959ms)
▶ global search URL state
  ✔ normalizes positive media-library ids in stable order (0.853042ms)
  ✔ canonicalizes owned state without stripping detail-only lib (0.177583ms)
  ✔ builds an explicit, paged cross-library search input and identity (0.101291ms)
✔ global search URL state (1.500167ms)
▶ library resource filter URL contract
  ✔ parses valid unique values in canonical order and ignores invalid values (0.902167ms)
  ✔ omits the default all-resources state and canonicalizes copied URLs (0.22925ms)
  ✔ removes a resource parameter containing only invalid values (0.057292ms)
  ✔ includes applied resource filters in the query and scroll-memory hash (0.118875ms)
  ✔ keeps pending scrape as an independent canonical filter dimension (0.065333ms)
  ✔ resolves omitted sort state from each media library configuration (0.073292ms)
✔ library resource filter URL contract (1.879833ms)
▶ multi-library route builders and parsers
  ✔ round-trips the home video detail stack (1.4195ms)
  ✔ round-trips the global-search video detail stack (0.165875ms)
  ✔ round-trips media-library list, detail, nested actress and settings routes (0.622042ms)
  ✔ rejects malformed, non-positive, fractional and unsafe route ids (0.333875ms)
  ✔ accepts digit-only positive ids and builders emit their canonical form (0.068458ms)
✔ multi-library route builders and parsers (3.022625ms)
▶ detail-only active-library query contract
  ✔ parses only positive safe-integer library ids (0.11775ms)
  ✔ canonicalizes the first lib value without changing other list query state (0.103333ms)
  ✔ sets, replaces and strips the detail-only library parameter immutably (0.087542ms)
  ✔ derives a single detail context and gives a library path precedence over lib (0.14875ms)
  ✔ keeps lib only where the route needs query-owned detail scope (0.156125ms)
  ✔ respects a valid legacy lib hint and falls back when that membership is unavailable (0.189208ms)
✔ detail-only active-library query contract (0.905125ms)
▶ recent media-library memory
  ✔ stores only positive safe library ids and ignores malformed persisted state (0.378208ms)
✔ recent media-library memory (0.690917ms)
▶ route builders and parsers
  ✔ round-trips library detail stacks (1.219ms)
  ✔ round-trips actress detail stacks (0.144458ms)
  ✔ round-trips playlist and classification entity detail stacks (0.347416ms)
  ✔ rejects malformed detail ids (0.18025ms)
  ✔ builds pending-center locations without page-level query concatenation (0.386709ms)
✔ route builders and parsers (2.686125ms)
▶ classification list query contract
  ✔ accepts only video count and update time sorting with video count descending by default (0.088542ms)
  ✔ includes organization search and sorting in the shareable query identity (0.0655ms)
  ✔ keeps series release sorting separate from classification-list sorting (0.047875ms)
✔ classification list query contract (0.279208ms)
▶ actress avatar filter query contract
  ✔ normalizes avatar filter values and omits the all default (0.07425ms)
  ✔ returns to the actress list without losing its query state (0.21275ms)
  ✔ keeps avatar filters distinct in the actress query hash (0.18725ms)
✔ actress avatar filter query contract (0.553709ms)
▶ actress status filter query contract
  ✔ parses the canonical status values and treats anything else as all (0.107708ms)
  ✔ omits the param for all and writes the canonical value otherwise (0.068291ms)
  ✔ includes status in the list query identity and ignores invalid values (0.03425ms)
  ✔ keeps search, gender and sort identity while only the status changes (0.045875ms)
  ✔ round-trips the status query through actress detail and back (0.091459ms)
  ✔ remembers the actress status filter across primary navigation (0.243417ms)
✔ actress status filter query contract (0.642291ms)
▶ primary navigation memory
  ✔ restores query state per list and removes unrelated nested query keys (0.299292ms)
  ✔ persists search only when leaving a list root (0.111625ms)
  ✔ forgets a root so cross-nav no longer restores it (0.035ms)
  ✔ resolves same-section vs cross-section sidebar targets (0.103292ms)
  ✔ builds nav link href from current search when active (0.084291ms)
✔ primary navigation memory (0.6675ms)
▶ navigation helpers
  ✔ removes playlist-detail resource filters when returning to the playlist list (0.074084ms)
  ✔ keeps home, search and media-library detail stacks scoped and reversible (0.540542ms)
  ✔ closes nested actress details back to their parent video context (0.329166ms)
  ✔ keeps stable series identity and release direction through its detail stack (0.087542ms)
  ✔ keeps director identity and query state through its stable detail stack (0.074584ms)
  ✔ opens an organization by stable id while preserving its role-list query (0.181334ms)
  ✔ keeps classification query only inside the same classification stack (0.097375ms)
  ✔ keeps video and actress navigation inside the stable organization stack (0.130792ms)
  ✔ keeps video and actress navigation inside the pending workbench stack (0.095708ms)
  ✔ opens actress detail from the pending inbox and returns to it (0.057458ms)
✔ navigation helpers (1.746625ms)
▶ settings route contract
  ✔ builds canonical settings paths and resolves valid sections (0.17075ms)
✔ settings route contract (0.188625ms)
▶ media-library settings state
  ✔ builds a trimmed create command, deduplicates roots and still allows an empty library (0.937292ms)
  ✔ builds minimal identity and section-scoped config patches (0.207125ms)
  ✔ normalizes an empty scraper and validates numeric scan boundaries (0.063083ms)
  ✔ gates destructive lifecycle commands (0.067ms)
  ✔ allows cleanup-only scans but rejects a library with no work (0.043833ms)
  ✔ routes every root-owned record through cleanup before direct deletion (0.050708ms)
  ✔ reports partial root additions explicitly (0.04025ms)
  ✔ shows a terminal query error even before form drafts exist (0.036458ms)
✔ media-library settings state (1.895292ms)
▶ video detail section order
  ✔ renders a titled related-links section after video resources (0.363209ms)
✔ video detail section order (0.669375ms)
▶ HomePage
  ✔ searches in place while typing and restores discovery when cleared (897.120875ms)
  ✔ keeps discovery stable through refreshes and remounts until replaced (3.685917ms)
✔ HomePage (901.245ms)
▶ HomePage search layout
  ✔ reserves shared toolbar-search padding for the icon and keyboard shortcut (2.193708ms)
  ✔ centers the search icon inside the shared input control (0.391458ms)
  ✔ keeps the keyboard shortcut on the same vertical center line (0.633708ms)
✔ HomePage search layout (3.723ms)
✔ uses the shared switch for home discovery and keeps changes in the settings draft (294.750625ms)
▶ MediaLibrarySettingsPage layout
  ✔ uses the application settings width token and stays left aligned (3.70075ms)
  ✔ keeps compact library context above the old-style import workspace (11.325ms)
✔ MediaLibrarySettingsPage layout (15.77425ms)
▶ ScanSettingsTab
  ✔ builds domain-correct deep links for scan identities and scrape candidates (256.465375ms)
  ✔ renders automatic local NFO import enabled by default and persists a switch change immediately (7.536375ms)
✔ ScanSettingsTab (264.427083ms)
▶ PendingCenterPage scrape resolution
  ✔ carries an explicit director through merge-and-apply without stacking prompts (271.390792ms)
  ✔ previews either persisted identity and submits only after explicit confirmation (14.811875ms)
  ✔ shows the library filter only for scan decisions (13.122167ms)
  ✔ clears the library filter from the scoped empty state and keeps the scan tab selected (13.904958ms)
✔ PendingCenterPage scrape resolution (313.755292ms)
✔ ignores an old playlist response arriving after navigation (221.46825ms)
✔ requests a bounded thumbnail for a playlist card (3.518541ms)
✔ does not refresh an old playlist when its removal finishes after navigation (7.252083ms)
✔ returns to the previous page when deleting the only item on the last page (5.409917ms)
✔ keeps the existing grid mounted during refresh after closing a nested video (2.834583ms)
✔ keeps the latest sort response when requests for the same playlist finish out of order (2.397917ms)
✔ reuses metadata while paging but refreshes it after a playlist mutation (3.5175ms)
✔ does not reuse stale metadata when filtering interrupts a forced refresh (2.934792ms)
✔ shows not found when a refreshed metadata read reports a deleted playlist (2.017917ms)
✔ refreshes the fallback cover with the new sort instead of reusing the old metadata (2.338167ms)
▶ PlaylistDetailPage resource filter feedback
  ✔ keeps the compact toolbar count without rendering an applied-filter bar (0.349542ms)
  ✔ uses an import action icon instead of a download icon (0.068ms)
✔ PlaylistDetailPage resource filter feedback (0.766875ms)
▶ actress conflict review state
  ✔ keeps every action tied to its explicit user-visible scope (0.876833ms)
  ✔ expands changed impacts and keeps unchanged impacts collapsed initially (0.070292ms)
  ✔ uses the candidate-owned impact plan only when that candidate is the proposed owner (0.060416ms)
  ✔ sections groups by task state and sorts each section by display name (3.738167ms)
  ✔ selects the first source for viewing without preselecting a proposed owner (0.099166ms)
  ✔ explains empty, unchanged, moved, and conflict-free name edits (0.406333ms)
  ✔ builds the exact owner, pending, and actress versions shown to the user (0.072083ms)
  ✔ requires a replacement only when assigning away a current main name (0.057458ms)
  ✔ enables illegal-name confirmation only after every required replacement is valid (0.056625ms)
  ✔ requires an explicit partner, keeper, and final main name for conflict merges (0.166625ms)
  ✔ allows a pending-name-ownership pair to be merged (0.037666ms)
  ✔ keeps the current group or selects its next neighbor after refresh (0.139042ms)
✔ actress conflict review state (6.279917ms)
▶ conflictReviewRemote
  ✔ resolves ownership/merge/illegal and surfaces stale refresh (0.588208ms)
  ✔ discards a candidate and refreshes the queue (0.107084ms)
  ✔ validates replacement main names (0.24275ms)
  ✔ ignores an older live name inspection after a newer request wins (4.620125ms)
  ✔ invalidates an in-flight inspection cleanup (0.140959ms)
✔ conflictReviewRemote (6.172125ms)
▶ conflictReviewSession
  ✔ resets decision draft when switching groups (0.456917ms)
  ✔ opens ownership replacement dialog when claimants need new main names (4.387125ms)
  ✔ applies refresh focus and stale message (0.221459ms)
  ✔ syncSelectedGroup initializes selection for the first available group (0.063875ms)
✔ conflictReviewSession (5.554666ms)
▶ conflict review latest request gate
  ✔ accepts only the newest async validation result (0.368166ms)
  ✔ invalidates an in-flight result when the workflow closes (0.111084ms)
  ✔ does not let stale cleanup invalidate the current request (0.1245ms)
✔ conflict review latest request gate (1.172625ms)
▶ media-library list surface state
  ✔ keeps archived libraries out of the writable catalog surface (0.645083ms)
✔ media-library list surface state (1.247541ms)
▶ pending center resolution state
  ✔ requires every scan resource to have an explicit valid target (0.411208ms)
  ✔ serializes scan targets only at the select-control boundary (0.521291ms)
  ✔ starts scrape candidates unselected and rejects stale candidate ids (0.08725ms)
  ✔ shows the same deterministic default primary ordering as persisted resolution (0.167375ms)
  ✔ labels scan decisions with their owning media library (0.093334ms)
  ✔ shows resource identity conflicts in the scan queue without exposing a local path (0.087875ms)
✔ pending center resolution state (1.771125ms)
▶ matchesPlaylistResourceFilter
  ✔ uses OR semantics and treats none as global zero resources (0.340375ms)
✔ matchesPlaylistResourceFilter (0.6535ms)
▶ useConflictReviewController
  ✔ wires queue selection and resets dialog draft when switching groups (49.512625ms)
  ✔ routes resolve through the nested view-model commands (13.332667ms)
✔ useConflictReviewController (63.307833ms)
▶ video business identity conflict presentation
  ✔ recognizes domain and database-boundary conflict messages (0.320292ms)
✔ video business identity conflict presentation (0.61875ms)
▶ video detail scraper selection
  ✔ prefers the active media-library default over the global default (0.376625ms)
  ✔ does not retain the previous library default when the active library switches (0.124292ms)
  ✔ falls back to the global default when the active library has no override (0.091792ms)
✔ video detail scraper selection (1.125292ms)
▶ pending inbox state
  ✔ sums the aggregate media-library projection without per-library item reads (0.3385ms)
✔ pending inbox state (0.688875ms)
✔ keeps loading and failed inbox counts distinct from an empty inbox (0.063416ms)
▶ actress list renderer behavior
  ✔ does not load the full face-scan manifest for an ordinary actress page (1.711ms)
  ✔ isolates cached pages when any query condition changes (0.544417ms)
  ✔ recombines the same session face-result subset for list filter changes (0.081333ms)
  ✔ keeps loaded pages after a failure and retries the same next-page offset (1.111208ms)
  ✔ keeps selected ids when later pages append more actresses (0.124291ms)
  ✔ restores scroll after detail return and resets it for a changed query (0.103792ms)
  ✔ clears every pending rail scroll scope on same-section primary navigation (0.475333ms)
✔ actress list renderer behavior (4.79775ms)
▶ actress infinite list pages
  ✔ keeps loaded pages while requesting the next offset (1.33425ms)
  ✔ stops after every matching actress has loaded (0.08075ms)
✔ actress infinite list pages (1.988916ms)
▶ scoped video query keys
  ✔ keeps media-library caches isolated (0.768541ms)
  ✔ canonicalizes filtered all-library scopes (0.070334ms)
✔ scoped video query keys (1.211375ms)
▶ useInfiniteVideoList
  ✔ loads a library larger than the IPC page limit in bounded pages (22.463ms)
✔ useInfiniteVideoList (22.912833ms)
✔ blocks route changes with a draft and saves before continuing through the real router (34.627ms)
✔ keeps edits through unrelated refreshes and explicitly resets to the latest saved value (3.251042ms)
✔ preserves edits made while an earlier value is being saved (0.426917ms)
▶ renderer avatarCrop
  ✔ falls back to the standard preset for invalid stored values (0.978125ms)
  ✔ falls back to face centering for invalid stored values (0.121916ms)
  ✔ keeps landmark-based faces at the same visual size across source images (0.529625ms)
  ✔ reports when a tight source cannot reach the requested face size (0.108583ms)
  ✔ applies the continuous face ratio consistently (0.145792ms)
  ✔ centers the estimated crown-to-chin region in head mode (0.113583ms)
  ✔ centers segmented visible head bounds instead of the facial axis (0.120458ms)
  ✔ keeps zoom identical across centering modes (0.232417ms)
  ✔ keeps face-ratio changes effective when full-head protection is disabled (0.182458ms)
  ✔ keeps legacy near-square avatars aligned with cover preview layout (1.063458ms)
  ✔ detects the native cover-compatible default transform (0.131542ms)
  ✔ does not let a tainted canvas export crash the editor (0.138125ms)
✔ renderer avatarCrop (4.965834ms)
▶ video batch request scope
  ✔ requires and preserves the current library on library-surface requests (0.955917ms)
  ✔ keeps application-settings requests in explicit global compatibility mode (0.064583ms)
✔ video batch request scope (1.579459ms)
▶ avatarCrop
  ✔ round-trips a valid v1 crop (0.818125ms)
  ✔ rejects crop when fingerprint mismatches (0.078375ms)
  ✔ scales offsets when viewSize changes (0.074792ms)
✔ avatarCrop (1.344792ms)
▶ normalizeClassificationName
  ✔ uses the shared identity normalization without collapsing meaningful script differences (1.217792ms)
  ✔ rejects names that become empty after normalization (0.182584ms)
✔ normalizeClassificationName (1.9655ms)
✔ only accepts finite thumbnail variants and preserves preview URL components (0.62ms)
▶ buildLibraryScanNotification
  ✔ keeps a no-change successful scan quiet (0.430167ms)
  ✔ notifies for changes and reports each destructive count separately (0.095416ms)
  ✔ reports a metadata-only resource refresh as an update (0.618916ms)
  ✔ reports pending scan groups and their resource count before ordinary changes (0.054291ms)
  ✔ prioritizes offline and error outcomes over ordinary change notices (0.039834ms)
  ✔ reports isolated STRM failures without exposing target content (0.080167ms)
  ✔ reports a blocking processing failure before isolated STRM failures (0.053292ms)
✔ buildLibraryScanNotification (1.789792ms)
▶ sanitizeLibraryScanError
  ✔ removes HTTP credentials, query parameters, Magnet data, and ED2K targets (0.500667ms)
  ✔ bounds arbitrary errors and never throws while formatting them (0.09225ms)
✔ sanitizeLibraryScanError (0.93725ms)
▶ normalizeLibraryScanSummary
  ✔ persists completed STRM failures with safe messages and a 50-item bound (0.674291ms)
✔ normalizeLibraryScanSummary (0.719625ms)
▶ NFO export foreground shortcut guard
  ✔ blocks reload, history, close, and application navigation shortcuts (0.3625ms)
  ✔ leaves modal controls and copy shortcuts usable (0.051792ms)
✔ NFO export foreground shortcut guard (0.798042ms)
▶ selectDefaultPendingScanPrimary
  ✔ prefers local resources and keeps duration, size, and path ordering (0.358417ms)
  ✔ orders STRM resources by actual target kind and then source path (0.151916ms)
✔ selectDefaultPendingScanPrimary (1.103375ms)
▶ pluginDevKindProfile
  ✔ normalizes testTarget and testTargets (0.943708ms)
  ✔ splits test targets only on commas or newlines and trims each group (0.113667ms)
  ✔ uses typed explicit targets as a diagnostic subset (0.731833ms)
  ✔ rejects URL/path targets and wrong-kind arguments (0.186334ms)
  ✔ testTargetsFromDryRun extracts identity from dry-run result (0.087708ms)
  ✔ profiles expose kind-specific labels and field helpers (0.0795ms)
✔ pluginDevKindProfile (2.767291ms)
▶ plugin field semantics registry
  ✔ covers every video and actress field with valid symmetric conflicts (0.480292ms)
  ✔ generates the Agent glossary from the selected registry fields (0.172958ms)
  ✔ projects female and male performers independently (0.586667ms)
  ✔ projects composite rating and measurements without collapsing their parts (0.058292ms)
✔ plugin field semantics registry (1.6995ms)
▶ PluginResultContractModule
  ✔ classifies every structural and selectable result key by kind (0.909958ms)
  ✔ projects every manifest field through at least one standard result key (0.077167ms)
  ✔ lists unknown raw keys once without guessing a field mapping (0.114541ms)
  ✔ keeps actress identity and source metadata informational (0.184833ms)
  ✔ detects field-level partial cast projection and legacy female default (0.078833ms)
  ✔ maps composite measurements and rating to their legal manifest fields (0.081833ms)
  ✔ rejects empty and identity-only effective results mechanically (0.120291ms)
✔ PluginResultContractModule (2.017625ms)
▶ video resource source identity
  ✔ normalizes local file paths (0.342041ms)
  ✔ uses the STRM source file instead of its external target (0.044666ms)
  ✔ does not claim ownership of ordinary external resources (0.039708ms)
✔ video resource source identity (0.7765ms)
▶ videoResourceLinks
  ✔ normalizes HTTP identity without reordering query parameters or changing the path (0.762125ms)
  ✔ rejects local and executable protocols (0.140583ms)
  ✔ infers common video extensions as direct links and otherwise uses web links (0.062333ms)
  ✔ masks query parameters in normal display text (0.056375ms)
  ✔ converts optional MB, GB, and TB values to integer bytes (0.050333ms)
  ✔ uses the Magnet xt identity while preserving the original link and deriving a name (0.180542ms)
  ✔ uses the ED2K file hash identity while deriving its file name (0.046625ms)
✔ videoResourceLinks (1.660417ms)
ℹ tests 2147
ℹ suites 348
ℹ pass 2146
ℹ fail 0
ℹ cancelled 0
ℹ skipped 1
ℹ todo 0
ℹ duration_ms 49498.184584
