
> Javdex@0.6.2 pretest
> npm run check:actress-boundaries && npm run check:media-asset-store-boundaries && npm run check:metadata-source-boundaries && npm run check:classification-entity-boundaries && npm run check:agent-platform-boundaries && npm run lint && npm run check:css-architecture && npm run check:ui-controls


> Javdex@0.6.2 check:actress-boundaries
> node scripts/check-actress-boundaries.mjs

Domain IPC, shared types, and process dependency boundaries are valid.

> Javdex@0.6.2 check:media-asset-store-boundaries
> node scripts/check-media-asset-store-boundaries.mjs

MediaAssetStore implementation boundaries are valid.

> Javdex@0.6.2 check:metadata-source-boundaries
> node scripts/check-metadata-source-boundaries.mjs

Video metadata source boundaries are valid.

> Javdex@0.6.2 check:classification-entity-boundaries
> node scripts/check-classification-entity-boundaries.mjs

Classification entity storage and routing boundaries are valid.

> Javdex@0.6.2 check:agent-platform-boundaries
> node scripts/check-agent-platform-boundaries.mjs

Agent platform boundaries OK

> Javdex@0.6.2 lint
> npm run lint:ts && npm run lint:css


> Javdex@0.6.2 lint:ts
> eslint "src/**/*.{ts,tsx}" "electron.vite.config.ts"


> Javdex@0.6.2 lint:css
> stylelint "src/renderer/src/**/*.module.css" --allow-empty-input


> Javdex@0.6.2 check:css-architecture
> node scripts/check-css-architecture.mjs

CSS architecture checks passed.
┌─────────────────────────────────┬────────┐
│ (index)                         │ Values │
├─────────────────────────────────┼────────┤
│ cssFileCount                    │ 90     │
│ globalClassCount                │ 1155   │
│ crossFileDuplicateClassCount    │ 143    │
│ descendantSelectorCount         │ 803    │
│ importantDeclarationCount       │ 12     │
│ hardcodedColorDeclarationCount  │ 166    │
│ globalStateClassCount           │ 88     │
│ rawButtonClassOccurrenceCount   │ 3      │
│ classNameBehaviorInferenceCount │ 0      │
└─────────────────────────────────┴────────┘

> Javdex@0.6.2 check:ui-controls
> node scripts/check-ui-controls.mjs

UI control checks passed: shared Switch / Checkbox only.

> Javdex@0.6.2 test
> npm run typecheck && npm run test:packaging && node scripts/run-electron-tests.mjs


> Javdex@0.6.2 typecheck
> npm run typecheck:node && npm run typecheck:web


> Javdex@0.6.2 typecheck:node
> tsc --noEmit -p tsconfig.node.json --composite false


> Javdex@0.6.2 typecheck:web
> tsc --noEmit -p tsconfig.web.json --composite false && tsc --noEmit -p tsconfig.browser.json


> Javdex@0.6.2 test:packaging
> node --test scripts/packaging-runtime.test.mjs

TAP version 13
# Subtest: pruneBetterSqlitePrebuilds retains only the current platform and arch
ok 1 - pruneBetterSqlitePrebuilds retains only the current platform and arch
  ---
  duration_ms: 1.666
  type: 'test'
  ...
# Subtest: pruneBetterSqliteBuildFiles removes sources but preserves runtime files
ok 2 - pruneBetterSqliteBuildFiles removes sources but preserves runtime files
  ---
  duration_ms: 1.494417
  type: 'test'
  ...
# Subtest: better-sqlite3 prebuild selection covers every configured packaging platform
ok 3 - better-sqlite3 prebuild selection covers every configured packaging platform
  ---
  duration_ms: 0.087542
  type: 'test'
  ...
# Subtest: pruneElectronFrameworkLocales keeps English and Chinese locale variants
ok 4 - pruneElectronFrameworkLocales keeps English and Chinese locale variants
  ---
  duration_ms: 1.724625
  type: 'test'
  ...
# Subtest: mac packaging selects a node-gyp compatible Python unless the caller chose one
ok 5 - mac packaging selects a node-gyp compatible Python unless the caller chose one
  ---
  duration_ms: 0.13725
  type: 'test'
  ...
# Subtest: packaged runtime smoke runs only for a host-compatible macOS executable
ok 6 - packaged runtime smoke runs only for a host-compatible macOS executable
  ---
  duration_ms: 0.3265
  type: 'test'
  ...
# Subtest: packaging retains the complete Cheerio runtime dependency chain
ok 7 - packaging retains the complete Cheerio runtime dependency chain
  ---
  duration_ms: 0.195667
  type: 'test'
  ...
# Subtest: mac packaging explicitly enables ad-hoc signing before invoking its custom signer
ok 8 - mac packaging explicitly enables ad-hoc signing before invoking its custom signer
  ---
  duration_ms: 0.083375
  type: 'test'
  ...
1..8
# tests 8
# suites 0
# pass 8
# fail 0
# cancelled 0
# skipped 0
# todo 0
# duration_ms 74.690125
▶ createAgentBrowserSchema
  ✔ exposes strict bounded vertical scroll branches without enabling input actions (2.193166ms)
  ✔ explains the evaluate restrictions and their supported alternatives before invocation (0.293667ms)
✔ createAgentBrowserSchema (3.297667ms)
▶ AgentConfiguration
  ✔ projects code-owned tools and permissions while injecting workload compaction (1.978667ms)
  ✔ binds metadata collection to the curator workload and explicit staging capabilities (2.498458ms)
  ✔ registers playlist import as an independent least-privilege use case (0.800958ms)
✔ AgentConfiguration (6.999458ms)
▶ AgentExecution
  ✔ runs the persistence hook before the runtime can commit its bootstrap observation (6.120208ms)
  ✔ opens one runtime session and delegates ten operations without a loop or second queue (4.133958ms)
  ✔ authorizes and records Pi native tools without persisting their output (0.911958ms)
  ✔ fails closed when a Pi native tool lacks a frozen capability grant (0.524917ms)
  ✔ restores a normal checkpoint without reading ExecutionHistory (0.5735ms)
  ✔ rebuilds only for typed checkpoint corruption and only once per generation (1.184917ms)
  ✔ releases runtime resources without closing the durable run (0.446459ms)
  ✔ closes a durable run after its runtime was already released (0.404125ms)
✔ AgentExecution (15.269458ms)
✔ preserves newer product log references when aborting after a domain-only state update (0.583708ms)
✔ preserves append-only plugin history during checkpoint recovery: success (17.42775ms)
✔ preserves append-only plugin history during checkpoint recovery: hash-failure (13.441542ms)
✔ preserves append-only plugin history during checkpoint recovery: rebuild-failure (9.039542ms)
✔ preserves append-only plugin history during checkpoint recovery: unreconciled-tool (10.827708ms)
▶ AgentRunStore
  ✔ returns every durable non-closed run so each use case can apply its recovery policy (13.825458ms)
  ✔ persists a frozen config without serializing credentials or functions (1.308041ms)
  ✔ encrypts recovery payloads and fails closed on integrity damage (2.013875ms)
  ✔ accepts an idempotent operation once and settles only named command ids (1.944416ms)
  ✔ keeps repeated product events from the same operation in append order (1.963417ms)
  ✔ does not overwrite a terminal runtime fault when the runtime subsequently settles (1.638292ms)
  ✔ allows one rebuild attempt per recovery generation (0.832583ms)
  ✔ records artifact refs in the product journal and fails closed on damaged refs (0.863708ms)
✔ AgentRunStore (25.353667ms)
▶ Agent product journal pagination
  ✔ reads the last cursor through the run/seq index without parsing any payload in a 100k journal (148.80675ms)
  ✔ pages with a strict size cap and no cross-run, duplicate or skipped events despite sequence gaps (27.784709ms)
✔ Agent product journal pagination (176.724542ms)
▶ Agent recovery enumeration
  ✔ filters use case and status before parsing, lazily loads one product, and releases temporary ID pages (102.423792ms)
  ✔ keeps the original recovery order across pages while timestamps change and excludes runs created mid-iteration (27.449834ms)
  ✔ drops the temporary snapshot if an owned payload cannot be parsed (0.616083ms)
✔ Agent recovery enumeration (130.561625ms)
▶ cache affinity
  ✔ is stable, role-separated and does not expose source identifiers (2.662417ms)
✔ cache affinity (3.266959ms)
▶ resolveEffectiveMaxTokens
  ✔ uses the model maximum when the preset limit is zero (0.840166ms)
  ✔ uses the lower positive limit (0.118417ms)
  ✔ rejects invalid limits instead of forwarding zero to the provider (0.34875ms)
  ✔ restores a zero sentinel as one frozen positive provider limit (0.353083ms)
  ✔ resolves live models only by workload (1.174875ms)
✔ resolveEffectiveMaxTokens (3.880083ms)
▶ ModelInvocation
  ✔ uses injected frozen verifier access and forwards preset limits and cancellation (1.677334ms)
✔ ModelInvocation (2.229ms)
▶ ModelManagementModule
  ✔ builds the migration backup from a strict non-secret provider whitelist (0.696375ms)
  ✔ migrates released settings once and then reads the same v2 revision (15.176459ms)
  ✔ fails closed for an invalid v2 document (0.378ms)
  ✔ fails closed for malformed nested v2 data and embedding catalog entries (1.285667ms)
  ✔ saving a provider never changes workload assignments (7.242292ms)
  ✔ refreshes protocol-derived model metadata when a connection contract changes (5.176709ms)
  ✔ never exposes credentials or Base URL query secrets in renderer snapshots (2.518375ms)
  ✔ changing the default affects inherited workloads but preserves an explicit plugin model (6.44075ms)
  ✔ freezes the workload context limit into resolved model access (3.642417ms)
  ✔ rejects removing an in-use model and reports the exact workload (7.843916ms)
  ✔ restores the previous credential when configuration persistence fails (1.306625ms)
  ✔ does not touch credentials or storage on a stale revision (6.250208ms)
  ✔ keeps discovery ephemeral and reset removes manual overrides (5.255209ms)
  ✔ rejects non-tool Agent models and unsupported long cache (3.981917ms)
✔ ModelManagementModule (68.0425ms)
▶ ToolHost
  ✔ records capability denials before failing closed (16.636083ms)
  ✔ requires a one-use approval permit for install effects (2.500667ms)
  ✔ stores only bounded hashes for tool output and errors (2.268458ms)
  ✔ approves only the selected request when multiple approvals are pending (1.095084ms)
  ✔ keeps only the latest pending approval for single-card product flows (0.846959ms)
  ✔ revokes a persisted approval when the continuation dispatch fails (0.687ms)
  ✔ discards pending and approved permits during terminal cleanup (0.604125ms)
  ✔ binds an approval permit to mutable domain scope as well as visible tool args (0.609ms)
  ✔ serializes calls sharing a resource without scheduling batches (35.306ms)
  ✔ marks interrupted writes uncertain and blocks callbacks after waiting or terminal state (2.659625ms)
  ✔ does not start an unkeyed handler when its signal is already aborted (1.631292ms)
  ✔ enforces deadlines even when a handler ignores AbortSignal (22.569708ms)
  ✔ does not let a late handler result overwrite an uncertain timeout (23.376709ms)
  ✔ keeps the resource locked until a timed-out non-cooperative handler really settles (67.503625ms)
  ✔ keeps a queued cancellation from letting a third call bypass the active resource holder (13.315208ms)
✔ ToolHost (192.901625ms)
▶ PiRuntime contract
  ✔ allows workspace reads and dev notes but keeps host-owned facts read-only (4.5835ms)
  ✔ loads only frozen workspace Skills and exposes the selected Pi native file tools (2199.205333ms)
  ✔ rejects a workspace Skill that differs from the frozen run configuration (5.967666ms)
  ✔ keeps one long-lived session for ten turns with controlled resources and stable affinity (52.467916ms)
  ✔ keeps the run healthy when Pi recovers from a transient provider error (27.410083ms)
  ✔ emits one terminal runtime fault after provider retries are exhausted (20.28675ms)
  ✔ does not turn a user-cancelled provider retry into a runtime fault (15.056458ms)
  ✔ exposes only the resolved custom allowlist and crosses the durable tool-result barrier (11.915417ms)
  ✔ releases the runtime after durable persistence fails during a tool call (13.089625ms)
  ✔ honors a terminating control result even when the domain tool reports failure (11.340417ms)
  ✔ starts a new turn when a follow-up is dispatched after a terminating handoff settled (12.835125ms)
  ✔ does not compact or inject a host recovery prompt after a length stop (38.459667ms)
  ✔ does not start a host continuation after the model-turn budget stops the operation (6.215333ms)
  ✔ enforces the configured per-operation model-turn budget (8.620792ms)
✔ PiRuntime contract (2428.796959ms)
✔ counts the same all-gender avatar targets without projecting profiles or joining works (19.6955ms)
✔ pages a fixed target set and bounds labels after live insert, delete and rename (224.855917ms)
✔ handles empty sets and connection closure without recreating a database (9.410042ms)
✔ rolls back the temporary table if snapshot population fails (9.990375ms)
✔ returns only target identity in ID order without counting works with all path and gender semantics (17.581167ms)
✔ matches the complete renderer gallery order across source, ratio and nullable-position boundaries (60.153ms)
✔ returns empty versus missing actors and validates finite safe page bounds (10.692625ms)
✔ keeps count and ordered page together while another connection removes a display source (17.713917ms)
✔ returns profile counts and the global first picture without loading complete works or gallery rows (35.200541ms)
✔ keeps profile fields, physical/display counts and first picture on one read snapshot (12.332041ms)
✔ locates a stable photo after reordering, before paging and within the requested actor/source scope (25.435709ms)
✔ matches merge gender and owned search semantics while paging by full name (33.899625ms)
✔ counts each visible video once across overlapping libraries and excludes hidden/archived/orphaned videos (20.414291ms)
✔ counts only returned candidates, excluding lookahead, and skips counts for an empty page (17.082417ms)
✔ keeps candidate rows and counts on the same snapshot when another connection writes (16.928958ms)
✔ bounds labels/avatars and validates inputs and missing keep actors (34.52575ms)
✔ pages narrow labels from 10000 actors without catalog statistics or profile data (204.87475ms)
✔ preserves owned-name search matching and includes all genders (14.743208ms)
✔ sorts full names before shortening labels and bounds escaped JSON payloads (19.009833ms)
✔ rejects invalid limits, offsets and overlong search before reading (7.908875ms)
✔ bounds labels containing embedded NUL without losing the valid prefix (15.604917ms)
✔ keeps a full page below512KiB even with worst-case JSON escaping (14.456083ms)
✔ reads current picker identity by ID without hydrating actor works or profile (18.424959ms)
▶ actressRepo actress name ownership
  ✔ changes the main-name row and ownership together when an actress is renamed (17.957375ms)
  ✔ keeps ownership while another name type still declares the same normalized name (11.606333ms)
  ✔ rolls back the complete manual edit when any declared name has another owner (13.792417ms)
  ✔ rolls back profile changes and compensates new avatar files when the database write fails (21.82775ms)
✔ actressRepo actress name ownership (65.855459ms)
▶ actressRepo.listActresses
  ✔ excludes migrated pending names from search and exact identity lookup (9.264125ms)
  ✔ does not match a replaced main name that is not kept as an explicit alias (10.281125ms)
  ✔ matches main name, alias, and typed names (11.486875ms)
  ✔ treats SQL LIKE metacharacters as literal search text (15.651875ms)
  ✔ ignores stored names that are not visible name types (8.985041ms)
  ✔ sorts by video count descending by default (12.599208ms)
  ✔ projects only videos that remain reachable through an active visible library membership (13.422792ms)
✔ actressRepo.listActresses (82.002417ms)
▶ actressRepo.listActressPage
  ✔ returns a stable slice with the total number of matching actresses (10.473834ms)
  ✔ pages an explicit renderer-session actress subset with complete totals (10.391084ms)
  ✔ returns the cumulative status of every actress with per-status counts (11.887209ms)
  ✔ filters by each status while keeping the counts of the unfiltered scope (9.6685ms)
  ✔ combines the status filter with search, gender and sort (8.948042ms)
  ✔ counts statuses within the current search and gender scope (8.952625ms)
  ✔ treats a missing status as all statuses (7.782625ms)
  ✔ keeps avatar file health outside the pure database query (9.890625ms)
  ✔ does not derive avatar fingerprints during a database list query (9.692583ms)
  ✔ returns minimal avatar path candidates without inspecting files (7.728375ms)
✔ actressRepo.listActressPage (95.685416ms)
▶ actressRepo.clearActressMetadataRecord
  ✔ clears scraped profile fields while keeping main name and video links (8.74225ms)
  ✔ clears non-name metadata without claiming a migrated pending main name (8.502834ms)
  ✔ resets every cumulative state to unscraped and drops the success time (13.408333ms)
  ✔ keeps related links when clearing actress metadata (8.282333ms)
✔ actressRepo.clearActressMetadataRecord (39.066708ms)
▶ actress related links
  ✔ stores related links on an actress and returns them on detail (8.728125ms)
  ✔ unions related links on merge with the keeper first (14.768417ms)
✔ actress related links (23.575791ms)
▶ actressRepo.deleteUnlinkedActresses
  ✔ deletes every selected unlinked actress and returns its stored assets for cleanup (14.56075ms)
  ✔ rejects the whole batch when any selected actress still has a linked video (8.403208ms)
✔ actressRepo.deleteUnlinkedActresses (23.028833ms)
▶ actressRepo.mergeActresses
  ✔ merges videos, aliases, and gallery into the keeper (39.064792ms)
  ✔ rejects merging actresses with different genders (7.982208ms)
  ✔ can adopt the merged actress main name (10.064ms)
  ✔ rolls back the whole merge when final main-name reconstruction fails (7.965416ms)
  ✔ rolls back the whole merge when alias reconstruction fails (12.006709ms)
  ✔ rejects the whole merge when any resulting name belongs to a third actress (8.389708ms)
  ✔ rejects the whole merge when the selected final main name belongs to a third actress (7.959667ms)
  ✔ resolves a migrated pending name claimed only by the two merged actresses (10.017541ms)
  ✔ preserves existing aliases without reapplying scraped-value heuristics (10.02975ms)
  ✔ deletes unusable keeper avatar assets after adopting the merged actress avatar (11.479291ms)
  ✔ keeps 未刮削 when merging 未刮削 into 未刮削 (9.539ms)
  ✔ keeps 刮削失败 when merging 刮削失败 into 未刮削 (10.910709ms)
  ✔ keeps 刮削成功 when merging 刮削成功 into 未刮削 (13.639042ms)
  ✔ keeps 刮削失败 when merging 未刮削 into 刮削失败 (10.362458ms)
  ✔ keeps 刮削失败 when merging 刮削失败 into 刮削失败 (11.267167ms)
  ✔ keeps 刮削成功 when merging 刮削成功 into 刮削失败 (14.720542ms)
  ✔ keeps 刮削成功 when merging 未刮削 into 刮削成功 (11.283792ms)
  ✔ keeps 刮削成功 when merging 刮削失败 into 刮削成功 (11.214584ms)
  ✔ keeps 刮削成功 when merging 刮削成功 into 刮削成功 (9.859125ms)
  ✔ keeps the newer success time when the keeper succeeded more recently (9.178ms)
  ✔ ignores a success time left on a record that is not scraped successfully (9.696833ms)
✔ actressRepo.mergeActresses (247.171541ms)
▶ actressRepo.listActressesForBatchScrape
  ✔ filters by scope and missing fields (11.179542ms)
  ✔ filters actresses by cumulative scrape status (9.500625ms)
  ✔ combines gender and scrape status filters (8.88475ms)
  ✔ matches actresses missing any selected profile field (7.869333ms)
  ✔ limits batch targets to the explicitly selected actress ids (8.886958ms)
✔ actressRepo.listActressesForBatchScrape (46.447625ms)
▶ actressRepo.resolveEffectiveActressScrapeFields
  ✔ fillEmpty keeps only currently missing fields (10.57475ms)
  ✔ fillEmpty treats broken avatar files as missing without mutating during planning (10.106167ms)
✔ actressRepo.resolveEffectiveActressScrapeFields (20.766333ms)
▶ actressRepo.clearBrokenActressAvatarIfNeeded
  ✔ includes broken avatars in batch missing-avatar targets (11.317375ms)
  ✔ clears broken avatar source and crop while keeping a usable display avatar (10.697416ms)
✔ actressRepo.clearBrokenActressAvatarIfNeeded (22.078708ms)
▶ actressRepo.getActressAvatarSourceInfo
  ✔ uses a legacy display avatar as the source without renderer fetch (10.887167ms)
  ✔ prefers the saved original source after an avatar bundle is created (10.945708ms)
✔ actressRepo.getActressAvatarSourceInfo (21.899834ms)
▶ actressRepo.setActressAvatarBundle
  ✔ persists avatar source, display, and crop; recrops without replacing the source (9.220667ms)
  ✔ adopts recognized legacy image bytes when native dimension probing is unavailable (13.527375ms)
  ✔ repairs an existing source whose stored extension does not match its bytes (9.441ms)
  ✔ rejects invalid display bytes before writing the avatar bundle (7.079916ms)
  ✔ keeps source paths distinct for equal-length Chinese names with identical bytes (10.082583ms)
✔ actressRepo.setActressAvatarBundle (49.4745ms)
▶ actressRepo cumulative scrape status
  ✔ keeps an actress created by video scraping unscraped and exposes the status in detail (9.033416ms)
✔ actressRepo cumulative scrape status (9.071916ms)
▶ actressRepo cumulative scrape status maintenance invariants
  ✔ keeps 未刮削 and its success time through manual maintenance (12.813042ms)
  ✔ keeps 刮削成功 and its success time through manual maintenance (12.696583ms)
  ✔ keeps 刮削失败 and its success time through manual maintenance (10.828833ms)
✔ actressRepo cumulative scrape status maintenance invariants (36.416459ms)
▶ actressRepo.upsertActressFromScrape avatar adopt
  ✔ adopts a downloaded avatar into source+display+crop and drops the temp path (8.84175ms)
  ✔ gives equal-length Chinese names distinct avatar files from the same download bytes (9.539375ms)
  ✔ does not replace an existing usable avatar (8.143292ms)
✔ actressRepo.upsertActressFromScrape avatar adopt (26.602709ms)
▶ actressRepo.backfillActressGalleryAssetDimensions
  ✔ probes stored local files and fills missing gallery dimensions (7.818375ms)
✔ actressRepo.backfillActressGalleryAssetDimensions (7.85275ms)
▶ actressRepo query purity
  ✔ does not change database rows or stored resources when listing and reading details (8.09925ms)
✔ actressRepo query purity (8.133375ms)
▶ actressRepo.posterPath
  ✔ clears the poster when the referenced gallery image is deleted (7.150959ms)
✔ actressRepo.posterPath (7.185208ms)
▶ actressRepo.replaceActressGalleryAssets
  ✔ keeps local paths that remain in the replaced asset set (10.012375ms)
✔ actressRepo.replaceActressGalleryAssets (10.046666ms)
▶ actressRepo.recordActressScrapeFailure
  ✔ records failure without writing a success time or changing profile fields (7.702292ms)
✔ actressRepo.recordActressScrapeFailure (7.736375ms)
▶ actressRepo.markActressScrapeSucceeded
  ✔ promotes an unscraped actress and stamps the missing success time (7.394625ms)
  ✔ promotes a failed actress and stamps the missing success time (8.991208ms)
  ✔ keeps an existing success time instead of restamping it (11.431792ms)
  ✔ stamps a success time over a blank stored time (8.147291ms)
  ✔ rejects marking an actress that does not exist (7.757625ms)
✔ actressRepo.markActressScrapeSucceeded (43.891292ms)
▶ actressRepo.applyActressScrapeResult
  ✔ keeps every selected field plan aligned with the replace database result (11.590708ms)
  ✔ keeps every selected field plan aligned with the fillEmpty database result (18.503ms)
  ✔ keeps every selected field plan aligned with the replaceIfPresent database result (17.087959ms)
  ✔ does not backfill gallery metadata while building a read-only plan (9.581125ms)
  ✔ plans and applies a fillEmpty avatar over a broken stored path consistently (9.731ms)
  ✔ previews replace clears without changing the actress or deleting assets (12.20325ms)
  ✔ does not claim a scrape was applied when every returned alias is unusable (10.263208ms)
  ✔ rolls back profile data and cumulative success when gallery persistence fails (12.399666ms)
  ✔ skips invalid downloaded avatars while applying other profile fields (12.308542ms)
  ✔ replace keeps manual crop when scraped avatar bytes match existing source (13.866958ms)
  ✔ replace adopts a new avatar when scraped bytes differ from existing source (12.754792ms)
  ✔ replace clears an existing avatar when the source returns no avatar (11.727792ms)
  ✔ replace preserves an existing avatar when a returned avatar fails to download (10.087583ms)
  ✔ fillEmpty preserves existing measurement values while filling missing ones (9.577ms)
  ✔ replaceIfPresent updates existing profile values while preserving null scrape results (11.434416ms)
  ✔ replace clears every selected non-avatar field when the matched source returns no values (12.125083ms)
  ✔ replaceIfPresent rejects all fields when every returned alias conflicts (10.791834ms)
  ✔ fillEmpty does not report success when measurements only repeat a filled component (13.994708ms)
  ✔ rejects the whole scraped result when any alias has another owner (12.29725ms)
  ✔ treats canonically equivalent scraped aliases as conflicts (15.643375ms)
✔ actressRepo.applyActressScrapeResult (248.67825ms)
✔ pages female test choices by full name and retains owned alias search without wide data (95.053834ms)
✔ resolves the complete current runtime identity rather than its shortened display label (18.429083ms)
✔ pages the same visible works once across libraries with stable date ties and narrow cards (104.253792ms)
✔ distinguishes missing and empty actors and rejects unbounded or invalid page arguments (8.560208ms)
✔ keeps count and cards on the same read snapshot during an external visibility change (11.416ms)
✔ reads complete profile metadata without querying any associated works (14.272541ms)
✔ filters covers before counting and paging, retaining the old truthy-path semantics (10.954208ms)
▶ AgentMetadataDraftRepo
  ✔ keeps one ready draft per target and returns superseded staging paths (7.9265ms)
  ✔ advances review revisions and stores an idempotent terminal outcome (6.47325ms)
  ✔ fails closed when a stored draft uses an unsupported adapter version (5.766875ms)
✔ AgentMetadataDraftRepo (20.854ms)
✔ detects local writes, external commits and connection replacement without changing schema (13.298084ms)
▶ home discovery repo
  ✔ returns one bounded status summary for every visible media library (12.161667ms)
  ✔ uses membership time for recent additions and deduplicates shared videos (7.844125ms)
  ✔ keeps a discovery batch stable until the seed changes (7.648166ms)
  ✔ does not recommend a membership that has no playable resource in an eligible library (9.612541ms)
  ✔ does not recommend a local-only membership whose media-library root is disabled (9.420333ms)
  ✔ excludes managed resources owned by pending-removal or archived roots (7.220875ms)
  ✔ keeps rootless external links and active-root local or STRM resources eligible (7.8335ms)
  ✔ does not accept a managed resource whose root belongs to another library (6.297917ms)
  ✔ binds a shared recommendation to the source membership that has its playable resource (8.715542ms)
  ✔ searches globally without duplicates and honors an explicit library filter (6.521042ms)
  ✔ excludes libraries disabled for home discovery (4.993458ms)
  ✔ matches global ranking across cursor wrap, equal keys and hidden shared memberships (8193.374583ms)
  ✔ keeps large recent and discovery loads bounded and index-backed (42.160458ms)
  ✔ paginates a large global search without duplicates or per-row queries (67.855833ms)
✔ home discovery repo (8393.350416ms)
▶ libraryCleanup
  ✔ collects actress hints from a video (13.39275ms)
  ✔ prunes stub actresses after video links are removed (10.068417ms)
  ✔ does not prune an actress with meaningful profile data (11.427292ms)
  ✔ deletes tags that are no longer linked to any video (12.13175ms)
✔ libraryCleanup (47.669084ms)
▶ library membership repo
  ✔ creates an idempotent explicit membership with a stable discovery key (15.444166ms)
  ✔ removes only the selected library membership (5.053416ms)
  ✔ rejects archived or missing libraries (4.569458ms)
  ✔ recognizes only visible memberships in an active library surface (5.922625ms)
  ✔ does not automatically remove a resource-less membership referenced by a playlist (3.925875ms)
✔ library membership repo (35.826875ms)
▶ libraryScanRepo latest snapshot
  ✔ updates the pending path after a rename without rewriting the original scan audit (19.941791ms)
  ✔ returns summary, audit, and unrecognized files only from the requested library (11.170792ms)
  ✔ transactionally settles scan runs abandoned by the previous process (11.587708ms)
  ✔ releases archive and root-migration busy gates after restart recovery (17.878292ms)
  ✔ returns an empty snapshot before the first run and rejects an unknown library (8.35175ms)
✔ libraryScanRepo latest snapshot (69.467625ms)
✔ reads a scoped audit header without loading audit JSON or pending path arrays (24.0295ms)
✔ keeps summary failure semantics and rejects oversized summary/header payloads (17.012958ms)
✔ keeps header summary, audit availability and unrecognized count in one WAL snapshot (9.983375ms)
▶ mediaLibraryRepo
  ✔ creates a library, typed config, and canonical root projection atomically (12.996583ms)
  ✔ projects pending scan counts once per library without multiplying across roots (12.332958ms)
  ✔ keeps library and config revisions independent and rejects stale writes (11.423ms)
  ✔ rejects same, parent, child, and realpath-alias roots across active libraries (9.500083ms)
  ✔ lets disabled roots release paths and revalidates them before enabling (15.259042ms)
  ✔ preserves continuity-owned root identities while allowing empty roots to rebind (19.510875ms)
  ✔ rejects archived-library restore when any continuity-owned root changed identity (24.141375ms)
  ✔ rejects ordinary edits while a root is pending removal or archived (11.305125ms)
  ✔ requires explicit migration or cleanup before changing a root-owned path (17.154042ms)
  ✔ archives roots atomically, releases their paths, and rechecks on restore (14.512792ms)
  ✔ scopes local and STRM source identity while disabled and archived roots release paths (20.637ms)
  ✔ protects the default library and refuses to archive pending root cleanup (8.854875ms)
  ✔ requires a non-default library to be archived before preview or permanent deletion (13.646625ms)
  ✔ deletes roots and non-default libraries using the current library revision (9.287833ms)
  ✔ blocks archiving and deletion while root cleanup is active (11.784ms)
  ✔ blocks archiving and deletion while a scan run is active (10.35575ms)
  ✔ rejects a deletion preview made stale by global video lifecycle changes (14.996416ms)
  ✔ invalidates deletion impact when another library changes the exclusive-video count (11.142208ms)
  ✔ previews all owned data and permanently deletes only database ownership (17.950792ms)
  ✔ returns a frozen scan snapshot containing only active roots (9.924208ms)
  ✔ projects independently configured automatic scan state in stable library order (11.576208ms)
  ✔ accepts offline absolute roots but rejects relative paths and files (6.6175ms)
  ✔ does not let direct disabled-root deletion cascade diagnostic records (8.293292ms)
  ✔ atomically freezes the filesystem identity when an offline root first comes online (11.388458ms)
  ✔ rejects scan-time identity binding for an identity-less root with resource ownership (10.53075ms)
  ✔ rejects scan-time identity binding for an identity-less root with pending ownership (13.924916ms)
  ✔ rejects scan-time identity binding for an identity-less root with unrecognized ownership (14.0825ms)
  ✔ rejects activation of an identity-less disabled root with owned resources (14.38425ms)
  ✔ rejects restore of an identity-less archived root with owned resources (12.609416ms)
  ✔ rejects a newly-online alias of another active root without partially binding it (10.888917ms)
✔ mediaLibraryRepo (392.599917ms)
▶ media-library root migration repo
  ✔ previews and atomically migrates root-owned state without touching disk or global videos (15.307667ms)
  ✔ uses the shared availability-aware promotion rule within the source library and video (17.167792ms)
  ✔ rejects stale previews and rolls the entire migration back (10.400917ms)
  ✔ rejects resource or pending changes made after preview even when library revisions are unchanged (6.355292ms)
  ✔ moves terminal cleanup history to the replacement root during preview-confirmed migration (8.21875ms)
  ✔ rejects a stale migration preview when terminal cleanup history changes (4.890958ms)
  ✔ rolls back every dataset when a late migration write fails (11.271167ms)
  ✔ fails closed while either library has an active scan or cleanup job (7.1465ms)
  ✔ treats a failed legacy cleanup waiting marker as active work in preview and commit (5.676125ms)
  ✔ rejects target resource conflicts before mutation (4.180208ms)
  ✔ rejects target unrecognized-file conflicts before mutation (4.654875ms)
  ✔ rejects target pending-scan path conflicts during preview (5.690875ms)
  ✔ moves a disabled root without enabling it in the target library (8.919875ms)
✔ media-library root migration repo (111.001ms)
▶ database schema
  ✔ adds STRM source identity without changing existing resource identity or link deduplication (13.598375ms)
  ✔ allows duplicate codes while enforcing complete video business identity (8.097791ms)
  ✔ upgrades video identity without changing ids, resources, or site sources (8.330375ms)
  ✔ leaves a v10 database untouched when normalized business identities conflict (1.514292ms)
  ✔ migrates legacy classification text into stable entities and retires legacy storage (9.256792ms)
  ✔ retires v8 text storage without changing video metadata, entity ids, or child resources (29.802084ms)
  ✔ stores classification profiles, hierarchy, roles, links, and video references (6.003625ms)
  ✔ rolls back the complete classification migration when entity creation fails (1.895458ms)
  ✔ rolls back classification entities when retiring legacy storage fails (4.342416ms)
  ✔ migrates uncontested names to ownership and preserves cross-actress collisions for review (23.898375ms)
  ✔ rolls back name ownership data and schema version when migration fails (15.6205ms)
  ✔ creates the current schema and records user_version (3.820625ms)
  ✔ migrates v6 video files to local resources without losing data (7.722584ms)
  ✔ migrates released v1 inline video files and removes the obsolete write constraint (22.94775ms)
  ✔ rejects databases newer than the supported schema version (0.268ms)
  ✔ upgrades v1 actresses table with avatar source columns (5.683292ms)
  ✔ upgrades v2 actress names to one current primary name without removing visible names (4.573708ms)
  ✔ leaves current-version databases unchanged (0.200709ms)
  ✔ classifies v3 actresses only when a success time has actual profile evidence (10.616584ms)
  ✔ keeps the migrated classification unchanged when migration is run again (11.039625ms)
  ✔ rolls back the whole actress status migration when classification fails (0.637875ms)
✔ database schema (191.139083ms)
▶ V14 unreleased feature consolidation migration
  ✔ creates a fresh database with one active default media library (10.475084ms)
  ✔ upgrades released V13 data while keeping playlist import sessions out of the schema (6.953875ms)
  ✔ scopes pending path identity to each library in the final V14 schema (6.225708ms)
  ✔ enforces one primary per membership while archived sources can be adopted by another library (6.517583ms)
  ✔ rolls back V14 when released source paths normalize to the same identity (2.29675ms)
✔ V14 unreleased feature consolidation migration (33.183ms)
▶ V15 local NFO import migration
  ✔ creates fresh V15 databases with automatic import enabled and identity constraints (9.077542ms)
  ✔ upgrades V14 rows, preserves the default, and enforces minimal pending identity snapshots (2.12225ms)
  ✔ rolls the migration back and leaves user_version at V14 on schema conflict (0.839041ms)
✔ V15 local NFO import migration (12.698458ms)
✔ adds the cleanup queue and later indexes when upgrading V15 and preserves old business data and damaged diagnostic state (13.635583ms)
✔ rolls back both DDL and version when V16 fails after table creation, then upgrades on retry (8.15575ms)
✔ upgrades V16 without changing any business rows or other schema and matches fresh V17 (14.219167ms)
✔ rolls back index DDL and version after drop failure, then retries (6.610208ms)
✔ rolls back index DDL and version after create failure, then retries (11.17775ms)
▶ getLibraryOverviewStats
  ✔ returns aggregate library counts (16.848542ms)
  ✔ counts actress cumulative status from scraped_status, not last_scraped_at (16.902292ms)
✔ getLibraryOverviewStats (34.417125ms)
✔ scopes scan identities and groups while returning only requested IDs from a large catalog (73.347583ms)
▶ pending resource identity repository
  ✔ persists the minimum conflict snapshot while exposing only safe presentation fields (18.827458ms)
  ✔ upserts one conflict per library path and enforces revision when deleting (7.8665ms)
  ✔ rejects paths outside the root, equal identities, and malformed STRM snapshots (10.583792ms)
  ✔ removes missing conflicts only under roots proven accessible by a safe scan (12.302291ms)
✔ pending resource identity repository (50.289042ms)
✔ pages10k scan decisions in legacy order, scopes active libraries and exposes no resource snapshots (85.059167ms)
▶ pendingScanRepo media-library scope
  ✔ keeps same-code groups and resource lookups isolated between libraries (12.586209ms)
  ✔ allows the same normalized path in different libraries while deduplicating inside each library (8.740958ms)
  ✔ rejects a root or group that belongs to another library (11.311917ms)
  ✔ increments revision on upsert and rejects a stale resolution atomically (11.116833ms)
  ✔ can assign the same global video in two libraries without crossing resources (10.692ms)
  ✔ reconciles only selected roots in the selected library and bumps surviving groups (20.917375ms)
  ✔ refreshes a changed STRM snapshot and forces the caller to review the new revision (17.86575ms)
  ✔ moves an already-pending path to the new same-library code without leaving an empty group (7.856333ms)
  ✔ rolls back resources, memberships, and videos if final group deletion fails (9.25ms)
✔ pendingScanRepo media-library scope (112.659541ms)
✔ counts a large pending inbox without decoding its snapshots and follows deletions (104.52575ms)
✔ pages a 10k inbox without materializing snapshots, locates deep links and clamps deleted pages (167.218708ms)
▶ playlistRepo
  ✔ paginates and filters identically to the full playlist without losing zero-resource rows (47.381375ms)
  ✔ limits a large playlist before returning card details (217.698708ms)
  ✔ keeps metadata out of subsequent video-page queries (11.457834ms)
  ✔ creates playlists with required name and optional fields (8.719875ms)
  ✔ adds videos once per playlist and lists detail videos (25.122709ms)
  ✔ keeps playlist references visible across hidden, archived and missing memberships (8.6285ms)
  ✔ updates playlist metadata and custom cover (8.268125ms)
  ✔ reports video membership and removes videos (7.403834ms)
  ✔ allows one video in multiple playlists without duplicates in one playlist (8.495792ms)
  ✔ rejects blank playlist names (11.382625ms)
  ✔ stores related links on create and update (7.712708ms)
✔ playlistRepo (363.388542ms)
✔ opens a separate read-only WAL connection with matching SQL functions and no migration (22.193292ms)
✔ keeps a read snapshot while the writer commits and observes it on the next transaction (9.7245ms)
✔ rejects missing, old, newer and non-WAL catalogs without initializing or migrating them (4.557625ms)
✔ does not publish an unsuccessfully initialized writer and permits a subsequent valid initialization (7.213208ms)
▶ scoped video catalog repo
  ✔ keeps list resources and membership time inside one library (11.023584ms)
  ✔ loads detail from the injected database and projects only the active library resources (6.104125ms)
  ✔ deduplicates global results and selects the newest eligible membership (10.998833ms)
  ✔ interprets the none resource filter within the selected scope (9.880167ms)
  ✔ treats an archived media-library scope as unavailable (8.308792ms)
  ✔ rejects invalid scope ids before building SQL (17.900208ms)
  ✔ keeps fixed actor and tag filters unique across shared and hidden memberships (9.877875ms)
  ✔ normalizes a single active library and serves no-count pages with identical ordering (12.390875ms)
  ✔ uses bounded indexed queries for a large scoped page (28.9945ms)
✔ scoped video catalog repo (116.85125ms)
{"sourceIterationPlans":[[{"id":4,"parent":0,"notused":156,"detail":"SEARCH video_resources USING INTEGER PRIMARY KEY (rowid>? AND rowid<?)"}],[{"id":4,"parent":0,"notused":156,"detail":"SEARCH video_resources USING INTEGER PRIMARY KEY (rowid>? AND rowid<?)"}]]}
✔ iterates source-managed resources in order while deleting, with bounded reads and rollback (26.605041ms)
▶ tagRepo.pruneUnusedTags
  ✔ deletes tags with no video links and keeps tags still used by a video (16.969209ms)
✔ tagRepo.pruneUnusedTags (17.709667ms)
▶ tagRepo selected labels
  ✔ looks up only selected IDs through the tag primary key and omits deleted IDs (14.450625ms)
  ✔ bounds display labels and JSON bytes without changing full stored names (12.437291ms)
  ✔ rejects invalid or oversized requests and does no SQL work for an empty selection (10.028833ms)
✔ tagRepo selected labels (37.116292ms)
▶ tagRepo manual candidates
  ✔ pages alphabetically without counts and retains hidden/manual-only associations (20.434667ms)
  ✔ preserves Unicode/literal substring matching and searches beyond display truncation (9.347667ms)
  ✔ uses tag-key existence checks under skewed statistics and validates its work limits (20.449875ms)
✔ tagRepo manual candidates (50.387709ms)
▶ tagRepo active catalog projection
  ✔ matches manual association and visibility semantics before and after statistics maintenance (27.4235ms)
  ✔ deduplicates shared memberships and preserves manual origin and zero-count tags (9.195459ms)
  ✔ counts only videos that can be opened through the active visible catalog (9.022209ms)
✔ tagRepo active catalog projection (45.75625ms)
▶ tagRepo filter candidates
  ✔ paginates names before counts and matches global visibility counts with shared and archived members (11.950667ms)
  ✔ keeps Unicode literal search, bounded labels and page-only count parameters (36.0955ms)
✔ tagRepo filter candidates (48.131959ms)
▶ video lifecycle repo
  ✔ removes only one library membership and replays the same operation idempotently (9.523875ms)
  ✔ moves one external resource and keeps each library primary isolated (5.094333ms)
  ✔ promotes an available source fallback by kind and add time without crossing ownership scope (12.710041ms)
  ✔ rejects moving a local or STRM-managed source without transferring its root (4.121708ms)
  ✔ treats archived source libraries as read-only (4.221041ms)
  ✔ rejects a stale preview and globally deletes only after a fresh explicit preview (5.645333ms)
  ✔ invalidates a global-delete preview when any displayed relationship changes (3.825042ms)
✔ video lifecycle repo (45.688375ms)
▶ videoRepo.scrapeStatus
  ✔ does not downgrade an already scraped video when a later scrape fails (13.945625ms)
  ✔ can manually mark an unscraped or failed video as scraped (10.697083ms)
✔ videoRepo.scrapeStatus (25.227125ms)
▶ videoRepo.listVideos
  ✔ rejects attempts to restore classification text storage through generic updates (9.962625ms)
  ✔ sorts and paginates videos (12.408291ms)
  ✔ sorts facet videos by release date desc with missing dates last (10.105959ms)
  ✔ filters by status, year and facet fields (11.417041ms)
  ✔ applies multi-tag AND filters (10.183209ms)
  ✔ filters resource kinds with OR semantics and treats no-resource as zero rows (10.589542ms)
  ✔ projects resource count and primary-first deduplicated resource kinds (10.130208ms)
  ✔ searches videos by actress alias (12.4615ms)
  ✔ preserves SQL LIKE pattern matching in the video search actress branch (12.285709ms)
  ✔ excludes migrated pending actress names from video search (10.763083ms)
✔ videoRepo.listVideos (110.6565ms)
▶ videoRepo.getVideoDetail
  ✔ lists female cast before male cast (10.390041ms)
  ✔ includes external rating stats (10.539375ms)
✔ videoRepo.getVideoDetail (21.008333ms)
▶ videoRepo.setPrimaryVideoResource
  ✔ automatically marks the first resource as primary (9.483166ms)
  ✔ keeps the current primary when a requested primary insert is a duplicate (9.751417ms)
  ✔ marks one resource as primary and clears the previous primary (10.307708ms)
✔ videoRepo.setPrimaryVideoResource (29.624458ms)
▶ videoRepo.posterPath
  ✔ clears the poster when the referenced sample is deleted (7.729417ms)
✔ videoRepo.posterPath (7.769792ms)
▶ videoRepo.listVideosForBatchScrape
  ✔ filters by scrape status (11.034417ms)
  ✔ can constrain batch targets to explicit selected video ids (8.584709ms)
  ✔ filters missing fields by stored path or link, not file health (8.175541ms)
✔ videoRepo.listVideosForBatchScrape (27.970709ms)
▶ videoRepo tags by origin
  ✔ orders scraped tags before manual tags in detail (8.416834ms)
  ✔ editVideoRecord only replaces scraped tags (9.239125ms)
  ✔ editVideoRecord drops unused scraped tags while keeping tags still used elsewhere (9.575917ms)
  ✔ clearVideoMetadataRecord deletes unused scraped tags and keeps manual tags (10.859458ms)
  ✔ editVideoRecord replaces female and male cast separately (10.820209ms)
  ✔ removeManualVideoTag only removes manual tags (9.068542ms)
  ✔ removeManualVideoTag keeps tag when scraped associations remain (8.440125ms)
  ✔ promotes scraped tag to manual when adding the same name (8.330292ms)
✔ videoRepo tags by origin (75.307292ms)
▶ classification IPC contract
  ✔ registers every command and forwards typed arguments to the public services (3.071417ms)
✔ classification IPC contract (3.713291ms)
▶ IPC path guards
  ✔ rejects a rename that contains a path component (0.450917ms)
  ✔ authorizes only files under the selected active root (1.383209ms)
  ✔ rejects a path when the persisted root has been replaced (0.710792ms)
  ✔ rejects a file that escapes a configured root through a symbolic link (1.064583ms)
✔ IPC path guards (4.047708ms)
▶ IPC sender security
  ✔ accepts the configured main window and main frame (1.000417ms)
  ✔ rejects another webContents, a child frame, and an untrusted URL (0.265083ms)
  ✔ matches dev origins but requires the exact production file (0.106959ms)
✔ IPC sender security (2.028167ms)
▶ media-library IPC schemas
  ✔ accepts the complete default config sent by the create wizard, including local NFO import (1.972916ms)
  ✔ accepts boolean local NFO settings on update and rejects malformed values on both paths (1.283416ms)
  ✔ accepts exact management commands and rejects loose object shapes (3.173167ms)
  ✔ rejects invalid ids and revisions on every optimistic command shape (1.557958ms)
  ✔ strictly validates home discovery and global-search inputs (0.55175ms)
✔ media-library IPC schemas (9.135917ms)
▶ media-library IPC handlers
  ✔ registers the complete contract and forwards validated arguments (0.487167ms)
  ✔ rejects malformed calls before a dependency is invoked (0.308333ms)
  ✔ preserves root continuity domain errors across validated IPC handlers (0.150541ms)
✔ media-library IPC handlers (1.031208ms)
▶ NFO export IPC schemas
  ✔ accepts the complete closed plan request and rejects missing or extra state (1.110583ms)
✔ NFO export IPC schemas (1.409291ms)
▶ playlist import renderer lifecycle
  ✔ binds every recreated renderer once and cancels only on full navigation or loss (1.028875ms)
  ✔ cancels a non-terminal foreground import when its renderer disconnects (0.637666ms)
  ✔ leaves terminal imports untouched (0.076792ms)
✔ playlist import renderer lifecycle (2.438959ms)
▶ scan latest IPC handler
  ✔ validates libraryId and forwards the scoped latest snapshot (2.249166ms)
✔ scan latest IPC handler (2.7975ms)
✔ bounds the combined audit presence request and validates its library (1.711167ms)
✔ bounds scan pages and validates scoped detail and anchor inputs (0.985916ms)
✔ routes audit header/page through the async reader with trusted budgets and strict scope (1.353709ms)
✔ routes combined view pages with trusted budgets and preserves query and result fields (1.576ms)
✔ accepts every combined tab/outcome/filter, canonicalizable locales and strict failed anchors (2.414333ms)
✔ rejects invalid combined queries, locales, anchors, snapshots and argument counts (2.975042ms)
✔ propagates combined reader errors instead of falling back to another snapshot or raw page (0.453041ms)
▶ scrape IPC schemas
  ✔ strictly validates media-library-scoped video batch scrape commands (1.554625ms)
  ✔ validates the optional media-library scope on single-video scrape commands (0.149542ms)
✔ scrape IPC schemas (2.078375ms)
✔ bounds pending scrape pages and details at the IPC boundary (0.463167ms)
✔ bounds audit pending presence lookups (0.324042ms)
✔ validates token and safe nonnegative avatar snapshot cursor (0.571083ms)
✔ validates manual tag candidate bounds and existing-tag identities (2.567625ms)
✔ bounds selected tag label IPC requests before repository access (0.321375ms)
▶ typed IPC adapter
  ✔ does not expose the legacy unreviewed video deletion command (0.180083ms)
  ✔ forwards command arguments and returns the application result (0.175792ms)
  ✔ rejects malformed arguments before invoking the application handler (0.444667ms)
  ✔ accepts link-resource updates without an import-only target (0.544416ms)
  ✔ only accepts metadata retention when removing a last video resource (0.23225ms)
  ✔ accepts one exact plugin approval decision and rejects malformed decisions (0.279ms)
  ✔ accepts only explicit plugin continuation kinds (0.08475ms)
  ✔ accepts only typed plugin user responses with request-bound actions (0.506792ms)
  ✔ accepts plugin history clearing only without renderer-supplied run ids (0.0745ms)
  ✔ accepts unrecoverable plugin-session discard only without renderer-supplied run ids (0.061375ms)
  ✔ keeps legacy model limits out of the generic settings mutation contract (0.296792ms)
  ✔ validates playlist import start and identity controls at the IPC boundary (0.483792ms)
  ✔ requires the path-removal impact revision at the settings boundary (0.122ms)
  ✔ accepts only the structured model-management command vocabulary (0.478125ms)
  ✔ serializes successful results and thrown errors (1.300083ms)
  ✔ sends the contracted event payload unchanged (0.131209ms)
✔ typed IPC adapter (5.9075ms)
✔ bounds actress conflict summary pages and keeps detail identities exact (0.688833ms)
✔ validates bounded actress picker requests (0.616583ms)
✔ validates narrow actress identity IDs (0.225167ms)
✔ validates merge candidate paging and keep identity (0.583084ms)
✔ accepts only zero arguments for avatar crop count (0.120167ms)
✔ accepts only zero arguments for avatar crop target enumeration (0.076375ms)
✔ validates plugin actress test picker bounds and identities (0.448291ms)
✔ validates actress works page bounds and rejects unexpected filter fields (0.520292ms)
✔ validates metadata IDs and the optional cover-only actor works filter (0.236541ms)
✔ validates bounded actress gallery pages (0.547958ms)
✔ validates a profile header identity without optional wide-data flags (0.137084ms)
✔ validates the optional local photo source filter (0.125167ms)
▶ video query IPC schemas
  ✔ accepts and normalizes a complete list query at every VideoQuery boundary (1.788667ms)
  ✔ rejects malformed fields consistently for lists and global search (2.734416ms)
  ✔ strictly validates catalog scopes and video detail identifiers (0.382375ms)
✔ video query IPC schemas (5.288917ms)
▶ main window asset paths
  ✔ resolves preload and renderer from the app root when appMain is emitted as a chunk (0.379458ms)
✔ main window asset paths (0.745167ms)
▶ LocalNfoSourceAdapter
  ✔ reads its own exported samples with a separate background (portable-v1) (5.471209ms)
  ✔ reads its own exported samples with a separate background (jellyfin-current) (2.365625ms)
  ✔ reads its own exported samples with a separate background (emby-kodi-conservative) (1.683291ms)
  ✔ reads its own exported samples with a separate background (plex-nfo-1.43.1+) (1.535208ms)
  ✔ reads its own exported samples with a separate background (infuse-current) (1.355625ms)
  ✔ keeps explicit and discovered samples scoped to their video in a shared directory (1.745458ms)
  ✔ collects one candidate per physical NFO with local asset capabilities and no paths (3.539791ms)
  ✔ uses explicit gender, then existing actor gender, then dialect default (0.999458ms)
  ✔ keeps actress avatar positions aligned after gender field projection (1.256708ms)
  ✔ reads legacy and Kodi actor filenames and follows explicit references for repeated spaces (2.654125ms)
  ✔ treats no sidecar as a quiet no-match and excludes mismatched NFO identity (1.360292ms)
✔ LocalNfoSourceAdapter (24.546666ms)
▶ videoMetadataCandidateStager
  ✔ stages remote and managed-root assets without persisting host paths (11.614917ms)
✔ videoMetadataCandidateStager (12.161083ms)
▶ WebScraperSourceAdapter
  ✔ passes the stored code to legacy plugins unchanged while comparing normalized identities (1.44875ms)
  ✔ collects exact candidates with declared remote assets and source evidence (1.449333ms)
✔ WebScraperSourceAdapter (3.668125ms)
▶ VideoMetadataSourceRegistry
  ✔ resolves stable source ids while preserving legacy plugin-name lookup (0.13075ms)
✔ VideoMetadataSourceRegistry (0.193041ms)
✔ exports oriented/cropped artwork with the shipped Electron codec and encrypted asset store (437.1165ms)
▶ NfoExportModule
  ✔ inspects each plan anchor once and reuses the returned canonical directory (8.556291ms)
  ﹣ accepts alternate Windows path spellings for the same physical export directory (0.275583ms) # Windows path aliases are case-insensitive
  ✔ reads selected images linearly and isolates assets that fail or change after planning (393.246208ms)
  ✔ shares identical actor avatars across videos and removes references to conflicting content (44.485833ms)
  ✔ plans without writing and applies an exact-stem NFO plus portable cover (16.255583ms)
  ✔ keeps the default skip policy and rejects a changed target under replace (9.947458ms)
  ✔ marks every planned file stale when source metadata changes (1.765083ms)
  ✔ exports a local STRM source anchor and counts resources without anchors separately (2.315709ms)
  ✔ terminates only between files and leaves completed atomic writes intact (10.009875ms)
  ✔ isolates an image conversion failure from the NFO write (9.876458ms)
  ✔ reports an atomic write failure per item and continues later files (2.786917ms)
  ✔ exports samples as separate attachments and reads them back without background images (50.683625ms)
  ✔ marks colliding sanitized actor avatar targets and omits ambiguous NFO references (18.082084ms)
  ✔ treats case, Unicode and space-to-underscore actor targets as collisions (1.758042ms)
  ✔ makes Windows device actor names portable before planning their target (1.791208ms)
  ✔ keeps unreadable selected images as unavailable plan items without blocking NFO (10.61375ms)
  ✔ warns about requested missing artwork, avatars, and populated fields omitted by a profile (1.480875ms)
  ✔ uses the video stem itself for Infuse cover output and local reference (16.533084ms)
  ✔ plans each physical resource, deduplicates identical targets, and warns only on same-directory identity collisions (2.945375ms)
  ✔ reports real read-only directory failures without leaving temporary files (2.867375ms)
  ✔ rejects a sample-directory symlink introduced after planning (17.130542ms)
  ✔ does not fingerprint a nested export target through a pre-existing symlink (1.376708ms)
  ✔ revalidates a skip target parent before following a newly introduced symlink (17.975084ms)
  ✔ creates consumer-readable sidecars and preserves an existing target mode on replace (18.234875ms)
✔ NfoExportModule (662.913084ms)
▶ NFO export profiles
  ✔ renders all public profiles as valid movie XML without database identities (12.890416ms)
  ✔ applies profile-specific conservative fields and keeps background separate from samples (0.651125ms)
  ✔ canonicalizes and deduplicates Plex rating source aliases (1.658875ms)
  ✔ reports populated fields that the selected profile cannot represent (0.226875ms)
✔ NFO export profiles (16.389709ms)
▶ SqliteNfoExportRepository
  ✔ projects exportable metadata while excluding personal rating and watch state (28.145458ms)
✔ SqliteNfoExportRepository (28.675375ms)
▶ NFO export renderer diagnostics
  ✔ redacts POSIX and Windows absolute paths while preserving the reason (1.213917ms)
✔ NFO export renderer diagnostics (1.884541ms)
▶ NfoExportTaskController
  ✔ keeps planning leases until an asynchronous plan settles, including disposal and failures (1.210958ms)
  ✔ holds both leases from plan through apply and releases them at terminal state (2.393084ms)
  ✔ releases leases when a plan is discarded or planning fails (0.156917ms)
  ✔ requests termination and waits for apply before process disposal releases leases (0.424792ms)
  ✔ does not acquire an asset lease when another maintenance task owns the gate (0.116208ms)
✔ NfoExportTaskController (4.993166ms)
▶ NFO export main-window guard
  ✔ binds recreated windows and disposes a foreground task when their renderer is lost (0.451083ms)
  ✔ prevents navigation while a plan or task owns the foreground (0.117333ms)
  ✔ keeps the window open during a running export but allows the coordinated quit path (0.083292ms)
  ✔ releases a held preview plan and allows navigation instead of treating it as a running task (0.06925ms)
✔ NFO export main-window guard (1.148583ms)
▶ NFO artifact codec
  ✔ accepts the four synthetic third-party dialect fixtures (6.383333ms)
  ✔ round-trips five canonical Javdex fixtures with stable UTF-8 and LF output (4.672083ms)
  ✔ normalizes the MDC dialect and prefers structured ratings over its scalar duplicate (0.73525ms)
  ✔ normalizes MDCx, Javinizer, and JavSP field variants (0.73ms)
  ✔ reports unknown legal tags and remote artwork without retaining remote URLs as assets (0.347708ms)
  ✔ rejects DTD, entities, oversized input, excessive depth, node count, and field size (18.034708ms)
✔ NFO artifact codec (31.471292ms)
▶ NFO sidecar locator
  ✔ prefers exact stem and reports a differing movie.nfo without exposing either path (7.629375ms)
  ✔ uses movie.nfo only for one anchor or one logical code and rejects mixed directories (2.12825ms)
  ✔ deduplicates physical sidecars and rejects symlink escapes at issue and read time (13.551792ms)
✔ NFO sidecar locator (23.935541ms)
▶ parseCode
  ✔ parses standard codes (1.154333ms)
  ✔ parses 規格品番 ADV-R and ADV-SR (0.071125ms)
  ✔ does not mis-parse ADV-R0484 as R0-484 (0.06225ms)
  ✔ parses FC2 and Heyzo (0.054708ms)
  ✔ parses DMM h_ prefix (0.042083ms)
  ✔ parses date-based uncensored ids (0.0365ms)
  ✔ extracts code after @ in filename (0.043166ms)
  ✔ returns null for noise-only names (0.083041ms)
  ✔ rejects no-hyphen and short-prefix patterns (0.106084ms)
✔ parseCode (2.141167ms)
▶ libraryScanAuditStore
  ✔ atomically replaces and restores the complete latest audit (10.863042ms)
  ✔ fails closed for malformed audit documents (6.522334ms)
  ✔ reads schema 2 NFO dispositions while retaining schema 1 compatibility (6.982375ms)
✔ libraryScanAuditStore (25.109333ms)
▶ ScanCoordinator
  ✔ coalesces display progress while preserving per-file callbacks and the final event (16.138417ms)
  ✔ flushes pending progress before a failure without delaying the failure event (0.488458ms)
  ✔ binds an offline-created root identity and refreshes the frozen snapshot before scanning (1.516542ms)
  ✔ persists matching complete audit details with the latest summary (0.573208ms)
  ✔ publishes scan lifecycle events for every trigger (0.463625ms)
  ✔ uses one frozen configuration snapshot for the complete run (0.272625ms)
  ✔ reconciles resource identity pending rows only under roots proven safe after traversal (0.323208ms)
  ✔ preserves offline roots and removes only missing local resources under accessible roots (0.783333ms)
  ✔ aborts cleanup when a local path cannot be audited (0.776667ms)
  ✔ treats a root that becomes unreadable after traversal as offline (0.215417ms)
  ✔ rechecks the frozen root identity immediately before cleanup writes (0.187041ms)
  ✔ does not run cleanup after cancellation and releases the mutual-exclusion lease (0.268375ms)
  ✔ keeps resources after a coordinator-level failure (0.147417ms)
  ✔ skips every destructive cleanup after a file processing failure (0.086125ms)
  ✔ replaces the unrecognized-file snapshot after every safe completed scan (0.124625ms)
  ✔ completes safe cleanup with errors when failures are isolated to STRM files (0.139791ms)
  ✔ consumes deferred path cleanup only after a successful uncancelled scan (0.086333ms)
  ✔ keeps deferred path cleanup queued after a partial folder scan (0.099ms)
  ✔ allows a full cleanup-only scan after the final configured folder was removed (0.073083ms)
  ✔ removes many non-primary resources without reading sibling resource lists (2.1635ms)
  ✔ consumes cleanup references lazily and closes iteration on a path failure (0.170667ms)
  ✔ preserves all three cleanup audit sequences above the argument limit (382.308375ms)
  ✔ removes resource-less memberships after deferred cleanup on a safe full scan (0.232584ms)
  ✔ persists a sanitized failed summary without running destructive cleanup (0.193708ms)
  ✔ rolls back resource cleanup and keeps pending roots when auto-delete fails (0.155917ms)
  ✔ keeps pending roots when the cleanup transaction cannot commit (0.118959ms)
  ✔ rejects duplicate scans and scans blocked by resource maintenance (8.622208ms)
✔ ScanCoordinator (417.707584ms)
▶ scanFolders
  ✔ rejects an archived library atomically when manual import resumes after probing (14.329542ms)
  ✔ rejects manual import when the root is physically replaced while duration probing is suspended (10.941958ms)
Scan error for /var/folders/h4/zxrt6zwx6dv1n16kwxzltqgh0000gn/T/javdex-scan-EhYmFb/scan-replaced-root/RACE-003.mp4 Error: 只能操作身份有效的启用媒体库根目录内文件
    at rejectManagedRootFile (/Users/nut/Project/JavdexLabs/Javdex/src/main/services/mediaLibraryRootFileGuard.ts:32:9)
    at requireCurrentRootIdentity (/Users/nut/Project/JavdexLabs/Javdex/src/main/services/mediaLibraryRootFileGuard.ts:86:5)
    at assertRootFile (/Users/nut/Project/JavdexLabs/Javdex/src/main/services/mediaLibraryRootFileGuard.ts:98:27)
    at assertMediaLibraryRootFile (/Users/nut/Project/JavdexLabs/Javdex/src/main/services/mediaLibraryRootFileGuard.ts:170:3)
    at authorizeMediaLibraryRootFile (/Users/nut/Project/JavdexLabs/Javdex/src/main/services/mediaLibraryRootFileGuard.ts:230:3)
    at authorizeFileWrite (/Users/nut/Project/JavdexLabs/Javdex/src/main/scanner/scanner.ts:656:7)
    at scanFolders (/Users/nut/Project/JavdexLabs/Javdex/src/main/scanner/scanner.ts:1142:7)
    at async TestContext.<anonymous> (/Users/nut/Project/JavdexLabs/Javdex/src/main/scanner/scanner.test.ts:447:20)
    at async Test.run (node:internal/test_runner/test:1332:7)
    at async Suite.processPendingSubtests (node:internal/test_runner/test:911:7)
  ✔ keeps scan state unchanged when a frozen root is physically replaced during probing (18.099458ms)
Scan error for /var/folders/h4/zxrt6zwx6dv1n16kwxzltqgh0000gn/T/javdex-scan-VTrk9Z/rename-import-replaced-root/RACE-004.mp4 Error: 只能操作身份有效的启用媒体库根目录内文件
    at rejectManagedRootFile (/Users/nut/Project/JavdexLabs/Javdex/src/main/services/mediaLibraryRootFileGuard.ts:32:9)
    at requireCurrentRootIdentity (/Users/nut/Project/JavdexLabs/Javdex/src/main/services/mediaLibraryRootFileGuard.ts:86:5)
    at assertRootFile (/Users/nut/Project/JavdexLabs/Javdex/src/main/services/mediaLibraryRootFileGuard.ts:98:27)
    at assertMediaLibraryRootFile (/Users/nut/Project/JavdexLabs/Javdex/src/main/services/mediaLibraryRootFileGuard.ts:170:3)
    at authorizeMediaLibraryRootFile (/Users/nut/Project/JavdexLabs/Javdex/src/main/services/mediaLibraryRootFileGuard.ts:230:3)
    at authorizeFileWrite (/Users/nut/Project/JavdexLabs/Javdex/src/main/scanner/scanner.ts:656:7)
    at scanFolders (/Users/nut/Project/JavdexLabs/Javdex/src/main/scanner/scanner.ts:1074:9)
    at async renameAndImport (/Users/nut/Project/JavdexLabs/Javdex/src/main/scanner/scanner.ts:1444:20)
    at async TestContext.<anonymous> (/Users/nut/Project/JavdexLabs/Javdex/src/main/scanner/scanner.test.ts:536:19)
    at async Test.run (node:internal/test_runner/test:1332:7)
  ✔ does not commit or rename a replacement-root file when rename-import resumes after probing (17.693083ms)
  ✔ rejects a disabled target root at the resource transaction boundary (10.097584ms)
  ✔ reuses archived local and STRM source paths without crossing library ownership (18.033083ms)
  ✔ imports mixed local and STRM resources into one video and keeps the local file primary (12.335709ms)
  ✔ chooses the scan primary independently of directory entry order (10.063083ms)
  ✔ reselects the primary when scanning into an existing resource-less video (9.206166ms)
  ✔ keeps mixed local and STRM resources in one masked pending group (19.407375ms)
  ✔ rejects a stale pending STRM assignment, refreshes its snapshot, then accepts it (10.929834ms)
  ✔ removes an invalidated STRM snapshot from the pending group on a later scan (14.961542ms)
  ✔ syncs a changed STRM target in place while preserving primary and user-maintained fields (12.264708ms)
  ✔ isolates invalid STRM files and retries them without replacing a bound target (15.537541ms)
  ✔ relocates STRM only when the complete filename and target identify one missing source (20.758209ms)
  ✔ loads STRM candidates once per scan across imports, moves and pending writes (288.791166ms)
  ✔ relocates a bound STRM after its video code has been corrected (12.491584ms)
  ✔ holds new resources for confirmation when several videos already use the code (12.141875ms)
  ✔ keeps an already-pending path out of relocation and refreshes its pending snapshot (12.372042ms)
  ✔ holds a same-scan multi-file code together when automatic assignment is disabled (10.076625ms)
  ✔ does not let an invalid STRM force a valid same-code video into confirmation (9.843667ms)
  ✔ persists a pending scan group across database reopen and assigns it atomically (12.887292ms)
  ✔ rolls back every scan assignment when final pending-group deletion fails (9.689375ms)
  ✔ imports one unambiguous file normally when automatic assignment is disabled (10.448167ms)
  ✔ holds a new resource that matches one existing video when automatic assignment is disabled (8.891959ms)
  ✔ promotes the available resource when assigning into an existing video without a primary (11.137833ms)
  ✔ normalizes a manual code and attaches to an existing case-insensitive identity (100.137ms)
  ✔ aborts when a nested directory cannot be audited (8.055708ms)
  ✔ imports a symbolic-link video by its link path and file name (12.42025ms)
  ✔ does not follow symbolic-link directories (7.470875ms)
  ✔ silently skips a broken symbolic-link video (9.36625ms)
  ✔ leaves missing-resource cleanup to the high-level scan coordinator (10.882667ms)
  ✔ keeps distinct symbolic-link paths that point to the same target (12.894833ms)
  ✔ keeps a resource under an unavailable root when the same code appears online (15.571084ms)
  ✔ relocates one same-code video by a unique file-size match without requiring the old name (8.616209ms)
  ✔ uses full file name and size to relocate safely when several videos share a code (9.657ms)
  ✔ does not relocate when full file name and size match more than one duplicate-code video (9.165875ms)
  ✔ treats a new file normally when an old same-code path cannot be audited (12.574042ms)
  ✔ keeps an unrecognized rename and only rediscovers the renamed file (16.502292ms)
  ✔ uses the scan same-code pending flow when automatic merging is disabled (16.361125ms)
  ✔ renames and discovers the code without a manual code or target (12.202667ms)
  ✔ renames and imports an unrecognized STRM as a source-managed link (12.614917ms)
  ✔ imports recognized videos and reports unrecognized files (10.447416ms)
  ✔ reuses scanned directory entries when checking a directory without NFO files (58.376208ms)
  ✔ refreshes a changed local identity snapshot on rescan before user confirmation (13.088541ms)
  ✔ refreshes a changed strm identity snapshot on rescan before user confirmation (13.141416ms)
  ✔ uses NFO identity only for newly discovered resources when automatic import is enabled (32.68275ms)
  ✔ handles cancellation during the only or first NFO application and preserves committed file audits (27.277375ms)
  ✔ aggregates first-discovery NFO candidates once per video after all resources are assigned (14.498125ms)
  ✔ does not count an existing pending resource identity as a new same-code file (16.855375ms)
  ✔ keeps distinct local NFO candidates in the existing confirmation workflow (15.788958ms)
  ✔ persists a filename/NFO identity conflict without creating formal library records (11.44075ms)
  ✔ persists only a masked STRM target projection for an NFO identity conflict (7.644959ms)
  ✔ keeps a valid filename import when its NFO is invalid and records only a secondary warning (11.507333ms)
  ✔ uses NFO identity across libraries but never overwrites a globally scraped-success video (13.784125ms)
  ✔ applies local NFO with fill-empty semantics for new and failed videos (20.038292ms)
  ✔ reattaches a scanned file to an existing no-resource video without replacing metadata (13.010125ms)
  ✔ yields while scanning large batches (107.163833ms)
  ✔ collects a very large root without overflowing call arguments before cancellation (1694.879959ms)
  ✔ stops when cancelled (73.194292ms)
  ✔ skips new imports shorter than 30 minutes (9.480542ms)
  ✔ skips short files before unrecognized handling (7.902125ms)
  ✔ stores probed duration on import (10.152292ms)
  ✔ refreshes duration when the file changes on rescan (25.172ms)
  ✔ skips duration probe on rescan when file is unchanged (24.258958ms)
  ✔ emits one final audit outcome for every processed file (12.0975ms)
✔ scanFolders (3134.889958ms)
▶ STRM parser
  ✔ matches the STRM extension without case sensitivity (0.356459ms)
  ✔ accepts one HTTP target after BOM, blank lines, comments, and Kodi properties (1.791792ms)
  ✔ normalizes supported HTTP, Magnet, and ED2K targets through the resource contract (0.3175ms)
  ✔ rejects empty, multiple-target, invalid UTF-8, and unsupported-protocol content (0.306583ms)
  ✔ accepts exactly 1 MiB and rejects larger input without truncation (0.621709ms)
✔ STRM parser (4.365958ms)
✔ matches unique missing sources and retains filename, target, root and uncertainty rules (0.732292ms)
✔ incrementally tracks same-scan insertions and target/path changes, but invalidates unknown writes (0.186ms)
✔ does not acknowledge unrelated writes or a failed mutation as a complete cache update (0.167542ms)
✔ retains the cache for known pending writes but cannot hide an intervening external write (0.091917ms)
✔ examines one matching candidate per lookup in a 10000-resource relocation (80.122958ms)
✔ examines one matching candidate per lookup in a 20000-resource relocation (116.14175ms)
✔ examines one matching candidate per lookup in a 300382-resource relocation (1977.402958ms)
✔ examines one matching candidate per lookup in a 600764-resource relocation (4059.928333ms)
✔ indexes target keys as well as filenames when many directories use the same filename (75.722ms)
▶ videoDuration
  ✔ resolves configured minutes to seconds (0.681916ms)
  ✔ treats unknown duration as not below minimum (0.206291ms)
  ✔ flags durations shorter than threshold (0.1145ms)
  ✔ prefers scraped duration over primary resource duration (0.121792ms)
  ✔ uses primary resource duration when scraped duration is missing (0.119708ms)
  ✔ returns null when both durations are missing (0.061125ms)
  ✔ only refreshes stored local resource duration when probe value changed (0.046042ms)
  ✔ only probes when duration is missing or file fingerprint changed (0.065ms)
✔ videoDuration (2.126708ms)
▶ actressScraperManager
  ✔ returns a pending outcome without partially applying a conflicting profile (110.542708ms)
  ✔ clears the selected avatar in replace mode when the matched source has no avatar (90.279375ms)
  ✔ promotes an unscraped actress to scrape success when a profile field is applied (94.191625ms)
  ✔ records a failed scrape without a success time when no profile matches (103.942833ms)
  ✔ records a failed scrape without a success time when the source throws (97.932209ms)
  ✔ records failure in replace-if-present mode when a matched profile has no selected value (94.23525ms)
  ✔ promotes a previously failed actress when a later scrape applies valid data (85.979833ms)
  ✔ skips fill-empty scraping without changing cumulative status when no selected field is missing (55.884084ms)
  ✔ skips fillEmpty when a matched profile has no new values for remaining empty fields (92.913833ms)
  ✔ still fails fillEmpty when a matched profile has no usable field values (107.434916ms)
  ✔ keeps cumulative success and its timestamp when a later scrape fails (84.595209ms)
  ✔ lets Gfriends try stored aliases after the main name without enabling global alias search (57.397833ms)
  ✔ applies successful field sources when another source fails (198.227458ms)
  ✔ preserves a field in replace mode when its composite source fails (175.889ms)
  ✔ clears a field in replace mode when its composite source matched with no value (192.909ms)
  ✔ records failure when every configured composite source fails (146.973959ms)
  ✔ warns when a composite avatar source cannot download its result (190.7965ms)
  ✔ preserves the existing gallery when every returned image is unusable (81.506333ms)
✔ actressScraperManager (2062.803625ms)
▶ bundled video candidate plugins
  ✔ normalizes year-month values through the documented sandbox helper (55.576541ms)
  ✔ JavDB fetches every first-page exact match and never falls back to a fuzzy item (39.957ms)
  ✔ JavDB fails the complete scrape when any exact-match detail fails (42.121791ms)
  ✔ JavLibrary returns all exact cards and ignores title containment or first-item fallback (52.461375ms)
✔ bundled video candidate plugins (191.358166ms)
▶ isCloudflareChallengeText
  ✔ trusts the official cf-mitigated challenge response header signal (1.564083ms)
  ✔ detects classic JS challenge interstitial markers (0.187125ms)
  ✔ ignores passive challenge-platform scripts on normal JavDB detail pages (0.599541ms)
  ✔ detects managed challenge markers (0.044875ms)
  ✔ detects body copy only with Cloudflare co-signals (0.0835ms)
  ✔ detects turnstile-only shells but not embedded widgets on content pages (0.044167ms)
  ✔ does not treat normal pages, helper copy, or vague phrases as Cloudflare (0.144708ms)
✔ isCloudflareChallengeText (3.320959ms)
▶ buildPluginRegistry
  ✔ lets user scrapers override bundled names (0.355625ms)
✔ buildPluginRegistry (0.689458ms)
▶ runCompositeFieldGroups
  ✔ groups fields, picks, and merges across plugins (0.761166ms)
  ✔ aborts on the first plugin error when policy is abort (0.319958ms)
  ✔ collects per-plugin warnings and continues when policy is collect (0.105791ms)
  ✔ throws when every grouped source fails under collect policy (0.104709ms)
  ✔ returns a null result when every plugin yields no match (0.0735ms)
✔ runCompositeFieldGroups (1.503333ms)
▶ configuredScraperService
  ✔ normalizes legacy settings without a service config and drops an unusable MetaTube default (13.364875ms)
  ✔ normalizes origins and path prefixes while rejecting unsafe base URLs (0.951167ms)
  ✔ stores only public configuration in settings and requires acknowledgement for remote HTTP tokens (1.275708ms)
  ✔ blocks clearing while MetaTube is referenced and clears address plus token otherwise (2.270708ms)
  ✔ keeps bearer credentials on the configured origin and preserves a base path (3.963208ms)
  ✔ snapshots the address, proxy choice, and token for an in-flight scrape (3.68525ms)
  ✔ rejects cross-origin redirects before sending credentials to the target (1.653541ms)
  ✔ rejects HTTPS downgrade redirects (1.7485ms)
  ✔ classifies authentication, rate-limit, server, malformed, and oversized responses (1.2335ms)
  ✔ tests draft configuration without persisting its token (0.481666ms)
✔ configuredScraperService (31.543208ms)
▶ Gfriends bundled actress plugin
  ✔ prefers the main name and selects its last quality-ordered avatar candidate (47.211708ms)
  ✔ uses the first exact alias only when the main name has no candidate (49.829958ms)
  ✔ does not return a fuzzy name match (53.601459ms)
  ✔ uses the current jsDelivr namespace when the primary index is unavailable (37.857ms)
  ✔ reserves Gfriends as a built-in actress plugin name (0.286875ms)
✔ Gfriends bundled actress plugin (189.729625ms)
▶ MetaTube bundled video plugin
  ✔ keeps exact providers in search order and maps the documented fields (58.582459ms)
  ✔ returns no candidates for search 404 or fuzzy-only search results (75.077792ms)
  ✔ rejects a detail whose exact code differs from its search item (39.009167ms)
  ✔ rejects too many exact providers before requesting details (42.513625ms)
  ✔ fails the entire scrape if one exact detail request fails (46.907583ms)
[scraper:MetaTube] MetaTube 样张超过 40 张，已截断
  ✔ caps public sample proxy URLs at forty without putting credentials in them (39.232125ms)
  ✔ rejects incompatible known fields and caps detail concurrency at four (109.424416ms)
✔ MetaTube bundled video plugin (411.633625ms)
▶ MetaTube service integration
  ✔ runs connection checks and the bundled worker against a local fake HTTP service (97.032208ms)
✔ MetaTube service integration (97.663292ms)
▶ action network capture
  ✔ keeps http(s) query strings and strips credentials (1.128333ms)
  ✔ redacts credential-bearing query values before exposing recent requests (0.353208ms)
  ✔ omits sensitive post bodies (0.266ms)
  ✔ records only an active action window and does not label search (1.306375ms)
  ✔ keeps the newest requests when the action window overflows (0.401084ms)
✔ action network capture (4.345625ms)
▶ browser evaluate policy
  ✔ allows forbidden API names inside diagnostic strings, comments and regular expressions (3.28625ms)
  ✔ still rejects executable references and computed access to forbidden APIs (0.4145ms)
  ✔ rejects credential, storage and sensitive form access (0.368792ms)
  ✔ rejects live-page mutation and computed property access (0.314291ms)
  ✔ rejects destructuring aliases that recover live-realm capabilities (0.265125ms)
  ✔ names the forbidden API and points markup reads to html (0.893375ms)
  ✔ uses one normalized evaluator and drains timeout cleanup before rejecting (2.305917ms)
✔ browser evaluate policy (8.423625ms)
▶ ScrapeBrowserHost leases
  ✔ reuses the same owner and rejects a competing owner immediately (1.580042ms)
  ✔ freezes proxy and stops the helper as soon as a scrape lease is released (1.479041ms)
  ✔ closes the active helper session with the main window and remains reusable (0.230875ms)
  ✔ presents the helper through the lease without exposing it as a plugin browser action (0.116959ms)
  ✔ invalidates all lease actions when its operation signal is cancelled (0.108333ms)
  ✔ terminates the helper when an in-flight Playwright action is cancelled (0.505792ms)
  ✔ terminates the helper before reporting an evaluate timeout (505.852708ms)
  ✔ keeps oversized ARIA complete for the artifact layer (1.178375ms)
  ✔ sends cancel, ignores a late response and kills a non-cooperative helper after 500ms (1044.266208ms)
  ✔ keeps one click successful while transient post-action observation recovers (0.638334ms)
  ✔ blocks a disallowed main-frame navigation before an agent action sends it (0.522833ms)
  ✔ returns bounded scroll metrics and invalidates refs without changing the document revision (0.591959ms)
  ✔ extracts a host-owned load-more availability signal with the candidate snapshot (0.477959ms)
  ✔ returns the host-owned terminal proof result with the candidate snapshot (0.179958ms)
  ✔ returns pending after a successful action but makes explicit snapshot pending retryable (0.41225ms)
  ✔ classifies a failed state action with a changed revision as uncertain without replaying it (0.22925ms)
  ✔ keeps selector uniqueness failures as ordinary action failures (0.139291ms)
  ✔ reports zero matches separately from multiple matches (0.091541ms)
✔ ScrapeBrowserHost leases (1559.498167ms)
▶ normalizeNetworkUrl
  ✔ strips hash and lowercases host (0.402083ms)
  ✔ returns null for invalid URLs (0.065791ms)
✔ normalizeNetworkUrl (0.81075ms)
▶ networkUrlPathKey
  ✔ drops search and hash (0.070958ms)
✔ networkUrlPathKey (0.119208ms)
▶ isImageNetworkResource
  ✔ accepts Image resource type (0.087708ms)
  ✔ accepts image mime types (0.0605ms)
  ✔ rejects non-images and error statuses (0.04625ms)
✔ isImageNetworkResource (0.263042ms)
▶ hasImageMagicBytes
  ✔ detects jpeg and rejects html (0.104209ms)
✔ hasImageMagicBytes (0.146875ms)
▶ ImageBodyLruCache
  ✔ returns exact and aliased URLs (0.178459ms)
  ✔ matches unique path when query differs (0.094167ms)
  ✔ does not path-match when multiple distinct bodies share a path (0.146042ms)
  ✔ evicts oldest entries by count (0.100333ms)
  ✔ clears all state (0.123375ms)
✔ ImageBodyLruCache (0.708ms)
▶ prioritizeInspectLinks
  ✔ keeps a main result card when more than maxLinks navigation links precede it (0.484ms)
  ✔ preserves DOM order within priority groups and deduplicates after prioritizing (0.575916ms)
✔ prioritizeInspectLinks (1.48175ms)
▶ selectInspectLocaleLinks
  ✔ keeps locale anchors in document order and always allows an empty result (0.103166ms)
  ✔ caps locale anchors without mixing them back into content ranking (0.065292ms)
✔ selectInspectLocaleLinks (0.233542ms)
▶ selectInspectScriptSrcs
  ✔ keeps document order, deduplicates, and allows an empty result (0.095375ms)
✔ selectInspectScriptSrcs (0.145042ms)
▶ inspectLinkRawHref
  ✔ omits rawHref when the HTML attribute already matches the resolved href (0.073333ms)
  ✔ keeps protocol-relative and path-only attributes that cheerio will see (0.036625ms)
✔ inspectLinkRawHref (0.174333ms)
▶ ScrapeBrowserFramedSocket
  ✔ rejects the wrong token, parent pid, protocol version or CDP port (0.585541ms)
  ✔ round-trips authenticated hello frames and native Buffers (6.41275ms)
  ✔ rejects an oversized incoming frame before allocating its body (0.863708ms)
✔ ScrapeBrowserFramedSocket (8.289334ms)
▶ scrape browser readiness
  ✔ does not resolve an intermediate verification page even when it has matching content (0.926375ms)
  ✔ does not accept selectors found on a verification page (0.096917ms)
✔ scrape browser readiness (1.660958ms)
▶ ScrapeBrowserWaitBudget
  ✔ does not consume the page timeout while Cloudflare verification is active (0.101ms)
  ✔ still enforces the page timeout while no challenge is active (0.050542ms)
  ✔ caps manual verification independently from the page timeout (0.059ms)
  ✔ accumulates the verification cap across repeated challenge periods (0.039417ms)
✔ ScrapeBrowserWaitBudget (0.343958ms)
✔ buildScrapeUserAgent drops Electron and app product tokens (0.445416ms)
✔ derivePlatformFromOsToken maps Windows, macOS and Linux (0.161042ms)
✔ resetScrapeUaProfileCache clears memoized profile (0.222209ms)
▶ scraperManager plugin availability gates
  ✔ publishes the built-in local NFO source as runnable but not editable or exportable (2.621375ms)
  ✔ lists MetaTube for configuration but excludes it from executable names until configured (2.0375ms)
  ✔ rejects unconfigured service plugins as new composite field sources (3.465917ms)
✔ scraperManager plugin availability gates (8.775875ms)
▶ scraperPluginSandbox
  ✔ loads cheerio/slim so packaged scrapers do not need undici (40.933833ms)
  ✔ terminates a non-returning plugin worker when the caller aborts (28.088833ms)
  ✔ does not report an aborted run as settled while a started host RPC is still running (111.998542ms)
  ✔ serves repeated persistent fetchBuffer calls from the plugin resource cache (64.107292ms)
✔ scraperPluginSandbox (246.080875ms)
▶ scraperPluginService
  ✔ describes bundled video scraper fields from shipped manifests (8.848375ms)
  ✔ describes bundled actress scraper fields from shipped manifests (1.17275ms)
  ✔ drops unknown actress supported field ids from packages (42.501583ms)
  ✔ lists bundled plugins shipped with the app (0.854541ms)
  ✔ reads bundled plugin packages for export and AI debug (0.907ms)
  ✔ keeps MetaTube visible but unavailable until configured (0.658542ms)
  ✔ rejects a user package that tries to declare a trusted service binding (0.372916ms)
  ✔ does not assign a standalone delay to composite scrapers (1.328584ms)
  ✔ imports and executes a custom video plugin through the BaseScraper adapter (80.260959ms)
  ✔ normalizes video ratings to valid 5-point records only (0.594125ms)
  ✔ reads an installed custom plugin package for AI debugging (50.330417ms)
  ✔ imports and executes a custom actress plugin through the BaseActressScraper adapter (77.033375ms)
  ✔ rejects custom plugins that reuse a built-in name (1.619583ms)
  ✔ renames legacy user plugins that override built-in names to -custom (8.879292ms)
  ✔ preserves settings for a legacy user plugin named after retired JAV8 (1.499417ms)
  ✔ uses -custom-2 when -custom is already taken (2.274125ms)
  ✔ keeps bundled plugins visible after rejecting a same-name custom install (1.032916ms)
  ✔ rejects duplicate custom plugin names (36.780625ms)
  ✔ atomically replaces a user plugin without leaving staging or backup directories (74.048083ms)
  ✔ rejects plugin names that collide after filename sanitization (47.613625ms)
  ✔ rejects packages without kind (0.74025ms)
  ✔ exports packages with kind (37.099625ms)
✔ scraperPluginService (477.462375ms)
▶ ScraperResourceCache
  ✔ reuses a fresh plugin resource without another network request (3.050583ms)
  ✔ reuses a fresh plugin resource after the cache is recreated (2.200958ms)
  ✔ revalidates an expired resource with its ETag and retains a 304 body (4.048292ms)
  ✔ returns an expired resource when revalidation fails and stale fallback is enabled (1.009334ms)
  ✔ rejects a resource larger than the host entry quota (0.351042ms)
  ✔ rejects writes beyond the host quota for one plugin (0.860042ms)
  ✔ enforces the plugin quota across concurrent resource commits (0.911833ms)
✔ ScraperResourceCache (13.066042ms)
▶ trusted scraper service sandbox bridge
  ✔ exposes service methods only to a trusted binding while keeping the token in main (97.60225ms)
  ✔ fails before starting a trusted worker when the service is not configured (1.839084ms)
✔ trusted scraper service sandbox bridge (100.0835ms)
▶ scraperManager.scrapeVideo
  ✔ uses the built-in local NFO source for manual, composite, and default runs without network fallback (36.690667ms)
  ✔ treats a missing local NFO as a normal no-match without marking scrape failure (8.234625ms)
  ✔ uses only the effective composite field sources to classify a quiet local NFO no-match (63.345791ms)
  ✔ delivers actress avatars to the merged cast positions across local and web composite sources (127.597083ms)
  ✔ persists exact multi-candidate results without selecting or applying one by default (104.76425ms)
  ✔ stages every declared candidate image even when the field was not selected (108.502791ms)
  ✔ confirms a candidate from the local snapshot without visiting the remote site again (117.87225ms)
  ✔ discards pending candidates, cleans staging, and preserves cumulative success (101.883958ms)
  ✔ replaces pending staging and removes the replacement after a later unique success (299.336125ms)
  ✔ startup cleanup removes only old unreferenced video staging directories (96.185458ms)
  ✔ filters exact-code mismatches and conservatively deduplicates normalized source urls (105.683667ms)
  ✔ rejects an invalid candidate array atomically and preserves an older pending decision (185.734375ms)
  ✔ keeps the old pending snapshot and staging when a valid replacement fails mid-transaction (195.869667ms)
  ✔ returns every exact-code exclusion warning when no candidate remains (90.410792ms)
  ✔ applies the only exact candidate after exclusions without creating pending state (106.942375ms)
  ✔ normalizes a year-month release date to the first day of that month (89.4645ms)
  ✔ keeps a unique candidate pending when applying it would duplicate a business identity (100.976167ms)
  ✔ rolls back a conflict merge and candidate apply when pending deletion fails (85.215125ms)
  ✔ returns director candidates before writes and applies an explicit choice on retry (138.228791ms)
  ✔ keeps an ambiguous director during batch-style scraping and applies safe fields (96.199792ms)
  ✔ reports a matched result as skipped when no selected value can be applied (97.663042ms)
  ✔ stores composite source links and ratings under their actual field plugins (347.968167ms)
  ✔ persists and confirms composite candidates independently per source (440.696083ms)
  ✔ ignores unsupported fields before validating and applying the selected plugin result (514.091875ms)
  ✔ still rejects a malformed field when the plugin declares it as supported (584.449875ms)
  ✔ preserves a composite field when its source does not match but another source succeeds (620.280083ms)
downloadCover failed: TEST-001 https://cover.example/broken.jpg response is not a usable image
  ✔ applies text data but preserves an old cover when the returned image is unusable (573.42925ms)
downloadSamples failed: TEST-001 1 https://sample.example/two.jpg response is not a usable image
  ✔ discards the whole sample set when any sample download fails but still applies text (581.703417ms)
  ✔ compensates downloaded assets when the apply phase throws after downloads commit (573.294167ms)
  ✔ discards a downloaded cast avatar when the actress already has a usable avatar (571.951792ms)
✔ scraperManager.scrapeVideo (7166.644334ms)
▶ Xslist bundled actress plugin
  ✔ treats the site anonymous image as no avatar (49.954375ms)
  ✔ keeps a real profile avatar (40.070334ms)
✔ Xslist bundled actress plugin (90.738042ms)
▶ actress batch scrape persistence lifecycle
  ✔ persists one stable job id and advances pending targets across restart (272.288ms)
  ✔ loads a legacy task without tri-state fields using a stable fallback job id (112.851ms)
  ✔ clears a cancelled task file without deleting its completed pending result (164.9465ms)
  ✔ persists only a canonical status and the start-time target snapshot (194.388167ms)
  ✔ recovers a paused checkpoint after an application restart cache reset (119.484667ms)
  ✔ normalizes a legacy scraped paused job without rewriting progress (110.300375ms)
  ✔ normalizes an omitted scrapeStatus to all while preserving the snapshot (131.471792ms)
  ✔ marks an unknown status job unrecoverable without falling back to all (90.951833ms)
  ✔ blocks resume for an unknown status job but still allows discard (101.094125ms)
  ✔ resumes from the saved snapshot without re-applying current filters (147.280458ms)
  ✔ resumes a normalized legacy scraped job with unified scrape result semantics (175.518708ms)
✔ actress batch scrape persistence lifecycle (1621.901ms)
▶ actressBatchScrapeTargets status normalization
  ✔ keeps the four canonical cumulative-status scopes (0.960167ms)
  ✔ normalizes the legacy scraped scope to 刮削成功 (0.18675ms)
  ✔ normalizes an omitted scope to 全部 (0.146334ms)
  ✔ rejects an unknown scope instead of widening the batch (0.393875ms)
  ✔ reports unknown scopes without throwing for persisted job snapshots (1.387ms)
  ✔ never produces the legacy scope in a normalized request (0.221625ms)
✔ actressBatchScrapeTargets status normalization (4.172708ms)
▶ reconcilePersistedActressBatchJob
  ✔ rewrites scraped to success and omitted to all without touching progress (0.433417ms)
  ✔ keeps unrecognized scopes unrecoverable and does not widen to all (0.140791ms)
✔ reconcilePersistedActressBatchJob (0.676167ms)
▶ actressBatchScrapeTargets resolution
  ✔ resolves each canonical cumulative-status scope (12.753708ms)
  ✔ resolves the legacy scraped scope as 刮削成功 and an omitted scope as 全部 (9.83675ms)
  ✔ intersects gender, cumulative status and missing fields (6.870417ms)
  ✔ treats explicit ids as the whole target set, ignoring the other filters (7.823125ms)
  ✔ deduplicates explicit ids and drops ids without a stored actress (7.1715ms)
  ✔ treats an empty explicit id list as zero targets (8.492167ms)
✔ actressBatchScrapeTargets resolution (53.132584ms)
▶ actressBatchScrapeTargets estimate and start
  ✔ estimates the count the start would resolve from the same request (8.580084ms)
  ✔ resolves targets again on start, so the total may differ from an earlier estimate (9.906708ms)
  ✔ freezes target ids, display names and total when the batch starts (7.526333ms)
✔ actressBatchScrapeTargets estimate and start (26.094917ms)
▶ ActressIdentityConflictWorkflow
  ✔ inspects live ownership even when the name is not yet in a review group (18.652041ms)
  ✔ summarizes the same aggregated name groups returned by the review list (7.573917ms)
  ✔ keeps summary counts exact for mixed, multi-result, and multi-conflict groups (32.692167ms)
  ✔ lists pending name ownership without inventing a pending scrape (34.219167ms)
  ✔ rejects an unsupported pending name type instead of silently reclassifying it (14.807458ms)
  ✔ rejects a pending-name-ownership decision when the shown claim row changed (28.87875ms)
  ✔ assigns pending name ownership without creating or applying scrape data (9.307459ms)
  ✔ edits one pending name claim and resolves both resulting unique owners (8.816125ms)
  ✔ moves an edited pending name claim into another normalized-name group (9.687791ms)
  ✔ merges actresses directly from pending name ownership (9.217833ms)
  ✔ removes an illegal pending name without persisting a blacklist (8.456125ms)
  ✔ reassigns the only pending scrape to the explicit keeper after a merge (11.636541ms)
  ✔ keeps a usable keeper avatar while clearing its missing source and crop state (27.640792ms)
  ✔ uses the explicitly selected pending actress as keeper and the other current main name (10.2775ms)
  ✔ rejects merging when both actresses own pending scrape snapshots (9.703958ms)
  ✔ does not treat another conflict between the same actress pair as a merge blocker (8.387125ms)
  ✔ rejects the whole workbench merge when a resulting name belongs to a third actress (12.727625ms)
  ✔ rejects the whole merge when the pending scrape also conflicts with a third actress (8.927333ms)
  ✔ rejects merging a persisted name claimed by a third actress pending scrape (12.858833ms)
  ✔ returns stale without merging when either actress changed after confirmation was shown (12.38275ms)
  ✔ rolls back the actress merge when pending reassociation fails (15.521958ms)
  ✔ edits only the selected conflicting name and applies the unlocked scrape atomically (12.178375ms)
  ✔ moves only the edited item when its new name conflicts in another dynamic group (13.497625ms)
  ✔ moves an edited name into a group claimed by another naturally unlocked pending result (11.639916ms)
  ✔ transfers complete ownership to the pending actress only with a replacement main name (11.282417ms)
  ✔ previews and applies an assigned conflicting alias in a fill-empty alias collection (9.571791ms)
  ✔ keeps earlier ownership decisions in the final fill-empty alias preview and apply (21.0475ms)
  ✔ validates and removes every legacy claimant when assigning to the pending actress (10.258166ms)
  ✔ assigns a whole conflict group to an existing actress while applying profiles to original targets (12.251375ms)
  ✔ keeps confirmed ownership when the chosen existing actress is also a replace candidate (25.58675ms)
  ✔ removes an illegal normalized name from the whole group and applies unlocked profiles (17.702166ms)
  ✔ requires a valid replacement for every main-name claimant before illegal-name removal (11.566125ms)
  ✔ validates illegal-name replacement main names against the live conflict snapshot (18.08925ms)
  ✔ does not reconcile newly active conflicts while rejecting a stale illegal-name decision (8.684666ms)
  ✔ removes only the current illegal group and does not remember a blacklist rule (17.785708ms)
  ✔ applies a result when its other recorded conflict has already become inactive (9.996167ms)
  ✔ rolls back illegal-name handling when name deletion fails (9.0335ms)
  ✔ rolls back illegal-name handling when main replacement fails (14.66275ms)
  ✔ rolls back illegal-name handling when profile application fails (9.78375ms)
  ✔ rolls back illegal-name handling when pending cleanup fails (10.224458ms)
  ✔ keeps the whole illegal-name group pending when any resource preparation fails (12.986583ms)
  ✔ requires a replacement when assigning a current main name to a third existing actress (23.058708ms)
  ✔ finishes name-only results and preserves the original fill-empty update mode (9.841125ms)
  ✔ promotes staged resources when a name edit unlocks a pending scrape (11.400958ms)
  ✔ keeps a naturally unlocked result pending until the user explicitly applies it (10.103584ms)
  ✔ returns a stale outcome without writes when an involved actress changed (7.877458ms)
  ✔ rolls back every profile and promoted resource when a group apply fails (30.75875ms)
  ✔ freezes the complete scrape when one selected name belongs to another actress (13.30325ms)
  ✔ applies a complete result when equivalent names only belong to the target actress (9.17275ms)
  ✔ atomically replaces one actress current snapshot and removes its old staged resources (14.632ms)
  ✔ rolls back a conflict-free apply when removing the previous snapshot fails (13.468542ms)
  ✔ does not delete an existing same-url gallery file when a later apply rolls back (9.657708ms)
  ✔ discards only the selected wrong match, records cumulative failure, and cleans staging (12.851916ms)
  ✔ startup cleanup removes only old unreferenced staging directories (10.626334ms)
  ✔ deleting a target actress also removes its staged pending resources (9.743708ms)
  ✔ removes prepared formal resources when profile application rolls back (9.372459ms)
✔ ActressIdentityConflictWorkflow (777.758167ms)
✔ reuses maintenance only until local writes, schema changes or external commits (8.632375ms)
✔ does not publish rolled-back maintenance or skip checks inside a caller transaction (8.529291ms)
✔ retries failed maintenance and invalidates after reopening the same catalog (22.412208ms)
✔ does not publish a maintenance stamp if an external commit occurs during the check (8.036666ms)
✔ rechecks earlier candidates after a later candidate introduces a new conflict (9.124416ms)
✔ bounds a 10k legacy-claim queue without hydrating candidates after maintenance (46.8755ms)
✔ does not hydrate unrelated candidate results for a selected name group (10.786292ms)
✔ sorts full conflict names before truncating display captions and preserves exact anchors (32.097917ms)
✔ keeps legacy equal-caption order across pages and clamps missing anchors in a nonempty queue (10.435791ms)
✔ bounds name normalization when merged actors have many third pending conflicts (12.77375ms)
Failed to clean deleted actress asset: avatar_sources/alpha.jpg Error: file is locked
    at deleteStoredAsset (/Users/nut/Project/JavdexLabs/Javdex/src/main/services/actressMaintenanceService.test.ts:122:61)
    at Object.deleteActresses (/Users/nut/Project/JavdexLabs/Javdex/src/main/services/actressMaintenanceService.ts:87:11)
    at TestContext.<anonymous> (/Users/nut/Project/JavdexLabs/Javdex/src/main/services/actressMaintenanceService.test.ts:126:28)
    at Test.runInAsyncScope (node:async_hooks:227:14)
    at Test.run (node:internal/test_runner/test:1325:25)
    at Suite.processPendingSubtests (node:internal/test_runner/test:911:18)
    at Test.postRun (node:internal/test_runner/test:1465:19)
    at Test.run (node:internal/test_runner/test:1390:12)
    at async Suite.processPendingSubtests (node:internal/test_runner/test:911:7)
▶ actressMaintenanceService.importGalleryImage
  ✔ runs legacy dimension repair as part of the explicit gallery write flow (0.940417ms)
✔ actressMaintenanceService.importGalleryImage (1.252ms)
▶ actressMaintenanceService.deleteActresses
  ✔ deletes the complete batch and cleans stored resources (15.91025ms)
  ✔ rejects the whole batch when an actress is linked to a video (10.374833ms)
  ✔ reports resource cleanup failures after the database transaction commits (14.799542ms)
  ✔ rolls back the complete batch when a later record fails to delete (16.528958ms)
  ✔ previews current linked-actress and affected-video counts (9.553375ms)
  ✔ explicitly unlinks videos, deletes a mixed batch, and preserves video records and files (9.678209ms)
  ✔ rolls back removed video links when a later actress delete fails (22.919459ms)
  ✔ removes only the deleted actress ownership and pending result (26.524209ms)
  ✔ rejects an unknown delete mode instead of falling through to a destructive path (14.2485ms)
✔ actressMaintenanceService.deleteActresses (140.895042ms)
▶ actressQueryService.listActresses
  ✔ returns a stable page and the full matching total from the real database (17.755833ms)
  ✔ reuses one exact avatar-filter snapshot across subsequent pages (0.209625ms)
  ✔ refreshes the avatar-filter snapshot whenever the first page reloads (0.102708ms)
  ✔ inspects avatar health and fingerprints outside the database repository (19.786791ms)
✔ actressQueryService.listActresses (38.343167ms)
▶ actressQueryService.listFaceScanManifest
  ✔ exposes the dedicated minimal manifest through the query seam (0.168583ms)
✔ actressQueryService.listFaceScanManifest (0.229584ms)
✔ delegates avatar count without reading the legacy list or inspecting images (0.23ms)
▶ actressScrapeQueue.start target resolution
  ✔ scrapes exactly the targets the estimate reported for the same request (3572.212542ms)
  ✔ starts a legacy scraped request against 刮削成功 targets (570.793917ms)
  ✔ starts explicitly selected actresses regardless of the other filters (629.0745ms)
  ✔ starts no target for an empty explicit id list (555.989ms)
  ✔ refuses to start a request with an unknown cumulative-status scope (511.492166ms)
✔ actressScrapeQueue.start target resolution (5840.519584ms)
▶ AgentMetadataActivityTimeline
  ✔ projects streaming reasoning into one bounded completed turn (1.365375ms)
  ✔ retains up to 64,000 reasoning characters and reports overflow (7.639333ms)
  ✔ uses semantic browser actions while retaining safe completion summaries (1.272042ms)
  ✔ keeps direct metadata submission distinct from browser inspection (0.129542ms)
  ✔ describes playlist page checkpoints as result-producing actions (0.142041ms)
  ✔ describes browser scroll without exposing tool arguments (0.094792ms)
  ✔ retains earlier reasoning across browser-heavy runs (2.749167ms)
✔ AgentMetadataActivityTimeline (14.36175ms)
✔ uses the indexed journal cursor without loading history for a metadata snapshot (1.092584ms)
▶ Agent metadata browser URL policy
  ✔ allows a public hostname when a system proxy maps it to the RFC 2544 fake-IP range (3.025917ms)
  ✔ still rejects direct benchmark-range IPs and hostnames resolving to private networks (2.552417ms)
  ✔ keeps identity query parameters while removing credentials and fragments from display URLs (0.800458ms)
✔ Agent metadata browser URL policy (7.260625ms)
▶ Agent metadata browser evidence binding
  ✔ accepts a production artifact only for its captured document and view (9.48025ms)
  ✔ rejects incomplete, tampered, and corrupt segmented production artifacts (7.852917ms)
✔ Agent metadata browser evidence binding (17.505208ms)
▶ AgentMetadataDraftService
  ✔ rejects a preview when a staged resource no longer matches its manifest (35.224458ms)
  ✔ rechecks staged resource bytes when applying an already reviewed draft (9.233708ms)
  ✔ cleans newly staged resources when persistence fails (8.462292ms)
  ✔ routes actress name ownership conflicts to the existing pending workflow (10.031416ms)
  ✔ routes duplicate video business identities to the existing pending workflow (14.02725ms)
  ✔ requires explicit user confirmation when actress names do not match (10.883625ms)
✔ AgentMetadataDraftService (88.422208ms)
▶ app release service
  ✔ parses and compares stable release versions numerically (0.878792ms)
  ✔ accepts only trusted published GitHub releases (0.099167ms)
  ✔ validates cached update state before exposing it to the renderer (0.141667ms)
✔ app release service (1.485084ms)
▶ asset byte cache
  ✔ separates variants and invalidates all variants of only the changed asset (0.580667ms)
  ✔ checks every file identity field and isolates callers from cached mutable buffers (0.167333ms)
  ✔ enforces the entry cap while retaining recently read and replaced entries (0.446583ms)
  ✔ enforces the 96MiB byte cap and skips oversized entries without flushing other images (25.591458ms)
✔ asset byte cache (27.318083ms)
▶ image asset inspection cache
  ✔ loads an unchanged image once and reloads it when its file signature changes (0.140125ms)
  ✔ reloads an image after explicit asset invalidation (0.074541ms)
  ✔ evicts the least recently used inspection after reaching capacity (1.322667ms)
✔ image asset inspection cache (1.670458ms)
✔ retries after the first scrypt failure (111.481541ms)
✔ retries after the first importKey failure (92.697834ms)
✔ keeps the new cache when a pre-reset KDF later succeeds (95.292833ms)
✔ keeps the new cache when a pre-reset KDF later fails (101.789125ms)
✔ waits for cold key derivation on cancellation and never starts decryption (54.967917ms)
✔ reads the existing AVPK format through synchronous and asynchronous crypto (68.455167ms)
✔ coalesces cold key derivation and never uses synchronous crypto in the async reader (103.289583ms)
✔ rejects invalid or tampered encrypted bodies without returning plaintext (52.107625ms)
✔ waits for an active native job before discarding its cancelled result (50.827042ms)
▶ assetLocationMigration
  ✔ moves plain and encrypted files including alias store (82.147583ms)
  ✔ maps default path setting when relocating back to userData (11.695584ms)
  ✔ allows relocating back to default when only empty asset subfolders remain (17.307667ms)
  ✔ rolls back copied files without touching the active root (25.343792ms)
  ✔ rejects migration while the configured source root is unavailable (9.531292ms)
  ✔ rejects targets nested inside the active media root (8.595125ms)
  ✔ rejects a target that resolves to the source through a symlinked parent (10.173125ms)
  ✔ rejects a differently-cased path that resolves to the same directory (7.739167ms)
  ✔ resumes when the target contains matching files from an interrupted copy (12.241166ms)
  ✔ preserves pre-existing matching copies when a resumed migration rolls back (31.295375ms)
  ✔ keeps source files when the prepared target disappears before commit (13.104583ms)
  ✔ preserves a copied target that was replaced before a failed commit rolls back (9.307917ms)
  ✔ rejects an interrupted target whose file contents do not match the source (7.809459ms)
  ✔ rejects directory symlinks without reading or deleting files outside the asset root (10.69025ms)
  ✔ rejects a symlinked asset root without touching its external target (18.288542ms)
✔ assetLocationMigration (276.188333ms)
▶ assetMigration opaque paths
  ✔ encrypts to opaque paths and restores readable paths on decrypt (101.797166ms)
✔ assetMigration opaque paths (102.271625ms)
✔ reads legacy without rewriting and migrates on mutation preserving all entries (64.80875ms)
✔ does not reread a warm map or append unchanged values; reloads deletions (75.527416ms)
✔ preserves a legacy file when snapshot rename fails (70.871458ms)
✔ recovers an interrupted tail and truncates it before retry (71.2745ms)
✔ rejects corrupted complete ciphertext and preserves it on attempted mutation (74.997875ms)
✔ rejects missing or incomplete first snapshots (59.501375ms)
✔ reloads the actual committed record after an uncertain fsync failure (55.062833ms)
✔ compacts after sustained updates and reloads the latest values (29891.613917ms)
✔ preserves the appended result when compaction rename fails (147.038333ms)
✔ invalidates the cached map after external replacement (55.88825ms)
▶ assetPathNaming
  ✔ builds readable bases with seed and url hash (0.993709ms)
  ✔ sanitizes non-ascii seeds and truncates overly long values (0.297667ms)
  ✔ keeps equal-length Chinese actress names on distinct asset seeds (0.290708ms)
  ✔ scopes asset seeds by actress id when provided (0.134709ms)
  ✔ keeps actress id prefix when the readable label is long (0.133ms)
  ✔ builds distinct gallery paths for equal-length Chinese names and the same url (0.122334ms)
  ✔ builds opaque bases without embedding seed text (0.109791ms)
  ✔ detects opaque encrypted filenames (0.109291ms)
  ✔ derives stable opaque names from plaintext relative paths (0.136292ms)
✔ assetPathNaming (3.295583ms)
▶ AutomaticScanScheduler
  ✔ runs every due library in stable order from independent persisted state (1.207958ms)
  ✔ runs an already-enabled library with no scan history after the startup delay (1.799709ms)
  ✔ calculates each library due time from its own interval and last finished time (0.170459ms)
  ✔ waits one full interval after a library is newly enabled (0.244834ms)
  ✔ skips disabled, rootless and not-yet-due libraries (0.156209ms)
  ✔ runs a due rootless library when it still has deferred cleanup work (0.132375ms)
  ✔ defers while maintenance is busy and rechecks on the next poll (0.087042ms)
  ✔ isolates one library failure and continues the serial due queue (0.214625ms)
  ✔ keeps startup, resume, and every due library globally serial (0.178291ms)
  ✔ uses the resume delay and clears all scheduled work on stop (0.121959ms)
✔ AutomaticScanScheduler (4.93ms)
▶ AvatarAutoCropMediator
  ✔ resolves automatic crop requests and rejects stale replies (2.163125ms)
  ✔ fails pending automatic crop requests after renderer disconnects (0.12025ms)
  ✔ times out automatic crop requests without accepting a late response (1.353416ms)
  ✔ owns the crop batch token until matching end or disconnect (0.094958ms)
  ✔ rejects a second begin while a crop batch is active (0.162208ms)
✔ AvatarAutoCropMediator (4.421625ms)
✔ creates one lazy snapshot per batch and disposes only its owning token (0.217375ms)
✔ retries failed snapshot creation without poisoning the batch and clears on reinitialization (0.208625ms)
✔ settles disconnected requests despite cleanup failure and retries before allowing another snapshot (0.339916ms)
✔ writes the definition once and keeps total checkpoint bytes near-linear (38359.68025ms)
ℹ {"targets":[1000,2000],"totalWrittenBytes":[409049,822049],"definitionWritesPerJob":1}
✔ reads legacy checkpoints and migrates on the next save without losing targets (21.360542ms)
✔ preserves the last checkpoint when write fails and retries safely (31.505291ms)
✔ preserves the last checkpoint when sync fails and retries safely (31.061417ms)
✔ preserves the last checkpoint when rename fails and retries safely (34.030084ms)
✔ keeps the old definition on failed replacement and prunes unused manifests after commit (52.925792ms)
✔ refuses missing, tampered or mismatched manifests instead of treating the job as absent (19.649875ms)
✔ stops the queue on checkpoint failure and resumes from the durable cursor without skipping work (40.952125ms)
✔ rejects damaged cursor and total fields without deleting the checkpoint (18.882167ms)
✔ reloads actual disk state and retains the manifest after replace directory-sync failure (25.103083ms)
✔ reloads actual disk state and retains the manifest after clear directory-sync failure (18.811791ms)
✔ does not report committed saves or clears as failed when manifest cleanup cannot enumerate (24.202708ms)
✔ executes real read-only tag queries and observes writes through the worker cache (219.019667ms)
✔ rejects a changed catalog version at worker startup without migration (269.545875ms)
✔ settles in-flight initialization and queued requests when disposed (395.351833ms)
✔ executes all classification cover pages on the readonly worker and observes committed writes (945.118709ms)
✔ rejects image initialization against an incompatible schema without rewriting it (464.799667ms)
✔ reads bounded audit pages in the real worker, isolates operations and observes audit replacement (511.507084ms)
✔ reads audit headers on the real worker without building an index from the audit body (518.226166ms)
✔ reads combined views in the real worker, upgrades raw pages and rebuilds after writes and failures (564.145417ms)
✔ keeps missing-body pending pages available and rejects a superseded summary on the real worker (581.773083ms)
✔ counts merged subscribers toward capacity, normalizes keys, and clones each successful result (2.157167ms)
✔ serializes different revisions and keeps a folded expanding query valid in the payload (0.295833ms)
✔ rejects old generation on identity change and waits for termination (3.719959ms)
✔ rejects old generation on path change and waits for termination (0.387458ms)
✔ removes queued aborts but retains an executing slot after all subscribers abort (0.277375ms)
✔ one subscriber abort does not cancel another or retain its signal listener (0.152709ms)
✔ rejects all accepted on startup timeout, without retry or overlapping workers (16.553167ms)
✔ rejects all accepted on query timeout, without retry or overlapping workers (15.075166ms)
✔ rejects all accepted on exit, without retry or overlapping workers (0.559333ms)
✔ rejects all accepted on error, without retry or overlapping workers (0.288417ms)
✔ rejects all accepted on protocol error, without retry or overlapping workers (0.374791ms)
✔ dispose closes admission immediately and waits for a running termination (0.407625ms)
✔ fails closed if termination rejects and rejects requests waiting for replacement (0.469916ms)
✔ rejects invalid queries before creating a worker and contains factory/post failures (0.377709ms)
✔ bounds subscribers while termination is pending and supersedes a waiting generation (0.490083ms)
✔ does not launch work after repeated queued cancellations before ready (1.810292ms)
✔ contains unexpected messages and dispose drains an already-started replacement barrier (0.265333ms)
✔ expires waiting subscribers and frees capacity while native termination remains pending (2.155667ms)
✔ keeps independent waiting deadlines for coalesced subscribers and clears them at execution (0.223333ms)
✔ never executes a page whose only subscriber expired before ready (0.075917ms)
✔ shares admission across tag/image requests, keys entity kinds separately and copies caller inputs (0.366916ms)
✔ retains the executing image slot after cancellation and retires it before switching databases (0.375625ms)
✔ validates image requests before allocating a reader (0.143167ms)
✔ shares audit admission with tag/image work, coalesces snapshots and copies audit budgets (0.383ms)
✔ rejects invalid audit requests before allocation and removes an aborted queued audit (0.143791ms)
✔ copies view anchors before allocation, coalesces defaults, and shares capacity with raw/header/tag requests (19.448167ms)
✔ rejects invalid combined views without a worker and drops canceled queued view requests (0.445792ms)
▶ CheckpointedSequentialBatchQueue
  ✔ persists checkpoints, pauses, and resumes from the next index (1.777917ms)
  ✔ discards a paused job without running (0.1935ms)
  ✔ cancels a running job and clears the checkpoint (2.943875ms)
  ✔ recycles the scrape browser after each configured target interval (6.176917ms)
  ✔ rejects an invalid run plan without leaving a resumable checkpoint (0.478667ms)
  ✔ discards a corrupt checkpoint when run planning throws (0.127666ms)
✔ CheckpointedSequentialBatchQueue (12.272ms)
▶ classificationDeletionService
  ✔ previews and deletes a director while recalculating links and preserving videos/resources (393.520417ms)
  ✔ deletes an unlinked director with a zero impact (412.410083ms)
  ✔ rolls back director unlinking and skips image cleanup when deletion fails (414.822083ms)
  ✔ previews and deletes a series while recalculating videos and detaching direct children (504.091167ms)
  ✔ deletes an unlinked childless series with a zero impact (373.548292ms)
  ✔ rolls back series relations and reports image cleanup failure only after commit (519.65225ms)
✔ classificationDeletionService (2618.805625ms)
▶ classification director query and maintenance services
  ✔ keeps real same-name directors as separate stable identities and exposes candidate differences (359.860459ms)
  ✔ maintains the complete profile without changing identity or video relations (404.611583ms)
  ✔ validates calendar dates and career ranges transactionally (406.361208ms)
  ✔ searches aliases and supports only count or update sorting in both directions (473.382833ms)
✔ classification director query and maintenance services (1644.767042ms)
✔ matches all candidate fields/order and deduplicates dual-role organization links before LIMIT (1071.356625ms)
✔ holds count and candidate rows in the same snapshot across a cover removal (329.512292ms)
✔ rejects unsafe entity IDs, unsupported page flags and excessive pages (413.698625ms)
▶ classificationImageService
  ✔ imports local and remote images as owned assets and cleans a replaced image after commit (472.153334ms)
  ✔ copies an associated video cover instead of adopting the video asset (571.63575ms)
  ✔ stores a director portrait and compensates its replacement when the database update fails (478.10875ms)
  ✔ keeps the stored image when a remote download fails (474.392459ms)
  ✔ cleans the latest replaced image when a remote update finishes after another edit (564.012792ms)
  ✔ commits replacement and reports a post-commit cleanup failure (538.984958ms)
✔ classificationImageService (3100.918542ms)
✔ matches every old list field and global ordering over pages, aliases, roles and cover boundaries (1340.101292ms)
✔ keeps count and page in one read snapshot across another connection changing the role (473.541959ms)
✔ validates page boundaries in the service and typed IPC without changing complete-list APIs (415.987458ms)
▶ classification organization query and maintenance services
  ✔ shares one organization profile across role lists and searches its aliases (460.72125ms)
  ✔ sorts only by video count or update time in either direction (524.33125ms)
  ✔ treats SQL LIKE metacharacters in organization searches as literal text (451.090334ms)
  ✔ keeps stable identity and video links when editing the complete profile (436.393ms)
  ✔ rejects parent cycles without partially changing the profile (409.114584ms)
  ✔ creates an organization inline, registers the role, and retains zero-video roles (282.053375ms)
  ✔ rolls back profile fields when a name is owned by another organization (304.072666ms)
✔ classification organization query and maintenance services (2868.4285ms)
▶ classification series query and maintenance services
  ✔ maintains a stable complete profile and projects its local video coverage (516.305708ms)
  ✔ enforces normalized name ownership inside the owner scope only (513.918875ms)
  ✔ preflights every name when moving to another owner scope and rolls back on conflict (438.429ms)
  ✔ rejects self and descendant parents without partially changing the series (282.0235ms)
  ✔ searches aliases, identifies same-name candidates, and sorts in either direction (352.917ms)
  ✔ creates an unowned series inline and validates lifecycle years (285.224833ms)
✔ classification series query and maintenance services (2389.48025ms)
▶ directorMergeService
  ✔ merges source data into an explicit target while preserving target conflicts (465.104916ms)
  ✔ adopts the source portrait only when the target has no formal portrait (278.176583ms)
  ✔ rolls back target fields and video relations when the database transaction fails (276.886792ms)
  ✔ commits the merge and reports source portrait cleanup failure (330.984667ms)
  ✔ rejects using the same director as target and source (251.973041ms)
✔ directorMergeService (1603.683209ms)
▶ external link service
  ✔ accepts only bounded HTTP and HTTPS links (0.449958ms)
✔ external link service (0.903209ms)
▶ legacy media-library settings bootstrap
  ✔ keeps native V14 config defaults when a fresh database has no legacy evidence (6.654958ms)
  ✔ imports roots, cleanup work, and typed configuration into the default library once (9.315417ms)
  ✔ freezes an online legacy cleanup root identity before making the work active (8.422208ms)
  ✔ keeps parent and child legacy paths but enables only the first non-overlapping set (28.051334ms)
  ✔ keeps realpath aliases but enables only one physical legacy root (10.511458ms)
  ✔ keeps app-level scraper and cover preferences after import and repeated startup cleanup (3.637833ms)
  ✔ keeps inferred roots and links source-managed resources to the deepest matching root (3.83525ms)
  ✔ imports the last scan summary and its managed unrecognized-file snapshot (3.483875ms)
  ✔ preserves a standalone unrecognized snapshot through a synthetic legacy scan run (3.6355ms)
  ✔ keeps an older safe snapshot separate from a newer failed scan summary (3.67875ms)
  ✔ retries JSON cleanup without importing database rows twice (3.291333ms)
  ✔ rolls back every database change and skips JSON cleanup when import fails (3.865417ms)
✔ legacy media-library settings bootstrap (89.056125ms)
▶ LibraryCurator lifecycle
  ✔ releases its own runs without disposing the application AgentExecution (0.8315ms)
✔ LibraryCurator lifecycle (1.141875ms)
✔ uses the indexed journal cursor for a curator snapshot (0.780916ms)
▶ libraryPathCleanupService
  ✔ previews only resources owned by the selected library and root (478.064ms)
  ✔ previews and safely cleans a disabled root including pending and diagnostic rows (290.813ms)
  ✔ confirms with the current revision and queues an identity snapshot without deleting data (276.668125ms)
  ✔ rejects a confirmation when scan-owned resources changed after preview without a revision bump (454.55ms)
  ✔ removes and promotes resources only inside the confirmed library and root (569.510125ms)
  ✔ lets a cleanup-only scan consume the last removed root without touching another library (556.906291ms)
  ✔ recovers an offline legacy cleanup intent when a later full scan sees the root online (415.480791ms)
  ✔ keeps an overlapping legacy cleanup root waiting during a later full scan (343.393583ms)
  ✔ keeps an overlapping parent legacy cleanup root waiting during a later full scan (337.849541ms)
  ✔ keeps a realpath-alias legacy cleanup root waiting across libraries (315.914917ms)
  ✔ fails closed when a confirmed root is offline (455.992208ms)
  ✔ fails closed when the path now resolves to a replacement directory (391.988541ms)
  ✔ cancels a failed removal into a disabled, archiveable root without deleting records (340.8615ms)
  ✔ completes a confirmed cleanup after an unrelated library configuration edit (319.153459ms)
  ✔ rolls back resource removal, promotion, root state, and job completion together (429.642417ms)
✔ libraryPathCleanupService (5977.946416ms)
▶ normalizeTranslationOutput
  ✔ strips fenced and quoted model output (0.363875ms)
✔ normalizeTranslationOutput (0.679583ms)
▶ MediaAssetStore
  ✔ coalesces encrypted thumbnails, isolates size variants and preserves original preview bytes (144.466541ms)
  ✔ checks plain and decrypted image pixels before caching and recovers after replacement (113.702542ms)
  ✔ retains cancelled active slots until file read settles (69.633667ms)
  ✔ retains cancelled active slots until file close settles (71.024083ms)
  ✔ retains cancelled active slots until file metadata settles (74.958542ms)
  ✔ rejects oversized plain and encrypted files before opening or decrypting them (48.70425ms)
  ✔ does not merge a post-invalidation request into the old pending read (35.604291ms)
  ✔ shares a cold encrypted read and decryption across concurrent requests without sharing cancellation (56.434958ms)
  ✔ does not return cached bytes when cancelled while the hot-path stat is pending (37.871125ms)
  ✔ does not reuse the same relative cache key after the asset root changes (46.921625ms)
  ✔ rejects a changed file during reading without caching its old bytes (47.419125ms)
  ✔ serves hot plaintext and encrypted images without rereading or decrypting their bytes (84.392583ms)
  ✔ reloads replaced files even with restored mtime and rejects deleted files before using cache (65.035875ms)
  ✔ does not repopulate explicitly invalidated cache from a pending read (44.800208ms)
  ✔ retains read slots while cancelled encrypted requests wait for native crypto completion (97.053ms)
  ✔ cancels queued reads before opening files and keeps active slots until reads settle (81.849041ms)
downloadAvatar failed: Bad Avatar https://example.test/avatar.html response is not a usable image
Failed to delete media asset: covers/TEST-002_dbf30d9f.jpg Error: file is locked
    at FailingCleanupStore.delete (/Users/nut/Project/JavdexLabs/Javdex/src/main/services/mediaAssetStore.test.ts:936:15)
    at FailingCleanupStore.deleteImmediateBestEffort (/Users/nut/Project/JavdexLabs/Javdex/src/main/services/mediaAssetStore.ts:449:12)
    at FailingCleanupStore.finishCoordinatedChange (/Users/nut/Project/JavdexLabs/Javdex/src/main/services/mediaAssetStore.ts:561:52)
    at <anonymous> (/Users/nut/Project/JavdexLabs/Javdex/src/main/services/mediaAssetStore.ts:527:14)
    at AsyncLocalStorage.run (node:internal/async_local_storage/async_context_frame:63:14)
    at FailingCleanupStore.runCoordinatedChange (/Users/nut/Project/JavdexLabs/Javdex/src/main/services/mediaAssetStore.ts:504:31)
    at FailingCleanupStore.coordinateDatabaseChange (/Users/nut/Project/JavdexLabs/Javdex/src/main/services/mediaAssetStore.ts:465:17)
    at <anonymous> (/Users/nut/Project/JavdexLabs/Javdex/src/main/services/mediaAssetStore.test.ts:941:37)
    at getActual (node:assert:611:5)
    at strict.doesNotThrow (node:assert:779:32)
  ✔ serves plain and encrypted images asynchronously without synchronous file reads (133.835334ms)
  ✔ reads plain and encrypted images and reports a stable plaintext fingerprint (87.715291ms)
  ✔ rejects stored paths that escape the media root (4.366875ms)
  ✔ exposes bootstrap and layout paths under the media root (37.9125ms)
  ✔ encrypts a stored plain asset and lists it under stable subdirectories (116.135834ms)
  ✔ decrypts a stored encrypted asset back to its plain relative path (126.931583ms)
  ✔ compensates newly-created resources when the database operation fails (33.960625ms)
  ✔ compensates newly imported cover and sample files when a database operation fails (46.116875ms)
  ✔ compensates newly imported playlist covers when a database operation fails (42.864292ms)
  ✔ compensates async downloads when the database operation fails (41.016375ms)
  ✔ rejects unusable local image imports instead of storing them (7.872708ms)
  ✔ rejects unusable avatar downloads instead of storing them (8.906167ms)
  ✔ keeps an existing download when replacing the same URL later rolls back (51.321834ms)
  ✔ keeps an existing avatar source when importing the same bytes later rolls back (51.697208ms)
  ✔ deletes obsolete resources only after the database operation succeeds (40.097625ms)
  ✔ uses distinct paths for avatar display replacements created in the same millisecond (54.027625ms)
  ✔ discards newly created resources marked obsolete in the same coordinated change (35.865958ms)
  ✔ promotes nested created resources so a parent rollback can compensate them (39.957125ms)
  ✔ defers nested obsolete deletes of pre-existing files until the parent commits (42.983167ms)
  ✔ keeps nested obsolete pre-existing files when the parent rolls back (58.57775ms)
  ✔ does not leak nested create-then-obsolete files when the parent rolls back (35.462458ms)
  ✔ runInCoordinatedChange joins an active parent instead of nesting (41.829166ms)
  ✔ keeps isolated coordinated creates when an outer parent later rolls back (41.050041ms)
  ✔ keeps independent root work when an awaited outer coordinated change fails (48.200667ms)
  ✔ keeps relocation exclusive with coordinated and direct media mutations (36.038292ms)
  ✔ keeps relocation exclusive with a stable read lease (7.615959ms)
  ✔ keeps caller registrations off an un-awaited nested async coordinated change (47.998292ms)
  ✔ does not turn a post-commit cleanup failure into a database failure (46.028416ms)
✔ MediaAssetStore (2488.2725ms)
✔ reads empty, exact-budget and multi-chunk files without using readFile (17.680875ms)
✔ rejects oversize before reading and closes the opened handle (15.536209ms)
✔ rejects grow during reading and closes the handle (13.887416ms)
✔ rejects truncate during reading and closes the handle (18.035375ms)
✔ rejects cancel during reading and closes the handle (14.901417ms)
✔ rejects io-error during reading and closes the handle (10.6725ms)
✔ does not open an already cancelled request (11.591417ms)
✔ closes the handle on cancel-after-open before allocating body bytes (15.386416ms)
✔ closes the handle on stat-error before allocating body bytes (13.231875ms)
✔ closes the handle on directory before allocating body bytes (14.978834ms)
✔ reads PNG/WebP metadata and never follows TIFF offsets outside its chunk (1.01575ms)
✔ inspects all served formats without decoding pixels (23.517375ms)
✔ rejects a tiny encoded image with an oversized canvas and accepts the exact boundary (2.007708ms)
✔ rejects corrupt and unsupported image headers (11.530417ms)
✔ inspects the single-frame canvas of real animated GIF and WebP inputs (2.28875ms)
✔ waits for metadata completion when cancelled and destroys the reader (1.179334ms)
✔ shares a read while one consumer cancels and preserves independent result buffers (1.133041ms)
✔ drains the last cancelled consumer without deleting a newer flight under the same key (0.25825ms)
✔ fans out failures and permits a fresh attempt (0.125625ms)
✔ aborts the underlying work only after all consumers cancel and drains the final slot (0.151084ms)
✔ defaults to four active reads and 256 queued requests with reusable cancellation capacity (3.302916ms)
✔ bounds active and queued reads, removes cancelled work and releases capacity after failures (0.17575ms)
✔ does not free an active slot before an aborted reader actually settles (0.099792ms)
✔ preserves aspect ratio, respects orientation and does not enlarge small images (30.336125ms)
✔ makes a single static thumbnail from an animated image (2.387833ms)
✔ retains two decode slots until native work settles after cancellation (3.7875ms)
▶ media-library service
  ✔ validates an explicitly configured create-time video scraper before persistence (1.15825ms)
  ✔ allows unrelated config edits with a stale stored scraper but validates explicit changes (0.213083ms)
  ✔ runs the root-migration commit through the shared resource-maintenance gate (0.197375ms)
  ✔ runs every root mutation through the scan-shared maintenance gate (0.2875ms)
  ✔ preserves root continuity validation errors through service mutation gates (0.106708ms)
  ✔ serializes library and config lifecycle mutations with resource writes (0.094667ms)
  ✔ cannot archive through the service while an asynchronous resource write owns the gate (0.183959ms)
✔ media-library service (2.734875ms)
▶ mediaProtocol
  ✔ forwards a finite variant and rejects invalid size without reading (22.2315ms)
  ✔ returns 413 for oversized images with an empty HEAD body (0.8665ms)
  ✔ awaits the image reader and forwards cancellation while serving GET and HEAD (0.313458ms)
  ✔ skips reads for preflight and forbidden paths, and distinguishes busy from missing (0.44675ms)
  ✔ resolves media URLs under the asset root (0.06175ms)
  ✔ rejects path traversal outside the asset root (0.043458ms)
✔ mediaProtocol (24.4765ms)
▶ organizationDeletionService
  ✔ removes only the selected role and recalculates its linked videos at execution time (355.215292ms)
  ✔ rejects removing the final role and leaves all relations unchanged (363.345667ms)
  ✔ blocks role removal and full deletion when they would rewrite a pending video (419.234917ms)
  ✔ fully deletes an organization and detaches every supported relation after a fresh preview (587.0165ms)
  ✔ rejects full deletion when owned series names conflict in the unowned scope (418.25775ms)
  ✔ rolls back full deletion relations and skips image cleanup when deletion fails (328.68925ms)
  ✔ commits full deletion while reporting post-commit image cleanup failures (333.888667ms)
✔ organizationDeletionService (2806.364333ms)
▶ organizationMergeService
  ✔ merges cross-role records and transfers role-specific videos, children, and series (412.39725ms)
  ✔ adopts the source brand image only when the target has none (418.870084ms)
  ✔ preflights publisher transfer business identity collisions before writing (443.874833ms)
  ✔ blocks a merge that would rewrite a pending video relation (463.754041ms)
  ✔ rejects a series name collision in the target scope without changing any relation (396.131ms)
  ✔ rejects merging an ancestor into a deep descendant (363.020958ms)
  ✔ collapses a direct source-to-target hierarchy and transfers source siblings (332.878667ms)
  ✔ rolls back the profile and every relation when the transaction fails (355.049709ms)
  ✔ commits the merge and reports a brand image cleanup failure (401.692916ms)
  ✔ rejects using the same organization as target and source (344.206334ms)
✔ organizationMergeService (3932.731958ms)
▶ pending resource identity service
  ✔ uses the persisted choice, assigns the resource atomically, and applies only a matching current NFO (451.272917ms)
  ✔ completes resource ownership but does not apply metadata when the current NFO no longer matches (455.214208ms)
  ✔ finishes resource ownership when the current NFO cannot be inspected safely (493.205125ms)
  ✔ keeps the identity pending and creates no formal record when the source fingerprint is stale (419.791667ms)
  ✔ rechecks a STRM target snapshot and leaves the conflict intact when it changes (352.944625ms)
✔ pending resource identity service (2173.508667ms)
▶ PlayerService
  ✔ opens and reveals a local resource through system file operations (0.975042ms)
  ✔ opens a STRM target externally but reveals its local source file (0.100041ms)
  ✔ opens the primary direct resource with the system URL handler (0.100875ms)
  ✔ reports a system open failure and does not try another resource (0.171042ms)
  ✔ hands Magnet resources to the registered system protocol handler (0.237666ms)
  ✔ rejects every playback and reveal entry point before reading an archived or missing library (0.120416ms)
  ✔ opens and reveals only resources that belong to the selected library (6.075125ms)
✔ PlayerService (8.281958ms)
▶ playlist import browser navigation guard
  ✔ requires DOM-backed terminal reasons to carry a selector and pass host verification (1.031542ms)
  ✔ accepts known-total terminal evidence only when the checkpoint declares a total (0.081542ms)
  ✔ accepts a virtual first window only after a settled host-owned reset to the top (0.076625ms)
  ✔ revalidates terminal or link evidence in the final dynamic window before sealing (0.119833ms)
  ✔ alternates virtual scrolling with frozen load-more actions before sealing (0.082666ms)
  ✔ defers bottom-only advance validation until a virtual page reaches its terminal view (0.058958ms)
  ✔ waits for a quiet window after every asynchronous load-more change (0.275917ms)
  ✔ restarts the quiet window when a temporary dynamic expansion rolls back (0.0535ms)
  ✔ classifies foreground retry failures without treating them as restart recovery (0.255542ms)
✔ playlist import browser navigation guard (2.506959ms)
▶ playlist importer browser guidance
  ✔ prefers structured reads while leaving page semantics and interaction to the agent (0.622458ms)
  ✔ hands page semantics to the agent and prioritizes user-only blockers (0.098458ms)
  ✔ extracts a first-page playlist name only from reliable page evidence (0.092208ms)
  ✔ requires every newly opened static page to be inspected and checkpointed before advancing again (0.0715ms)
  ✔ distinguishes checkpoint evidence from status artifacts and explains terminal selectors (0.098875ms)
✔ playlist importer browser guidance (1.382ms)
▶ PlaylistImportModule interface
  ✔ returns an initial browser handoff projected during the first agent dispatch (7.652333ms)
  ✔ persists the import job before the run driver can project bootstrap observations (3.849333ms)
  ✔ returns immediately after accepting one run and replays the same start idempotently (4.694625ms)
  ✔ allows only one foreground import session at a time (4.575583ms)
  ✔ rejects invalid start targets before creating an Agent run (3.730666ms)
  ✔ includes write options in the idempotent frozen input (3.432084ms)
  ✔ rejects one idempotency key reused for different frozen input (4.904416ms)
  ✔ cancels pre-apply work without creating an empty playlist (4.50875ms)
  ✔ preserves a retryable recovery failure when apply invalidates after identity review (7.883042ms)
  ✔ retries a recoverable apply error after the target library becomes active again (5.946042ms)
  ✔ dispatches a same-session retry for a retryable discovery checkpoint (4.915458ms)
  ✔ clears a missing page checkpoint before dispatching a same-session retry (3.673416ms)
  ✔ coalesces concurrent retries with the same idempotency key before recovery side effects (4.514291ms)
  ✔ keeps discovery retry state in the foreground session instead of the durable product journal (4.091667ms)
  ✔ applies a foreground retry atomically without reserving a durable retry result (4.85875ms)
  ✔ discards a browser session when driver creation fails before persistence (3.11825ms)
✔ PlaylistImportModule interface (77.052083ms)
▶ PlaylistImportRepository
  ✔ keeps all import staging in the current SQLite connection only (6.188584ms)
  ✔ rejects credential-bearing source and detail URLs before staging them (0.4885ms)
  ✔ removes sensitive detail URL credentials and requires explicit user identity handling (7.504417ms)
  ✔ accepts a checkpoint after a source redirects between www and apex host variants (4.170459ms)
  ✔ fails an empty external list without creating an empty playlist (3.84625ms)
  ✔ fails discovery when the frozen run exceeds its wall-clock safety budget (3.488417ms)
  ✔ checkpoints every page before atomically creating/reusing videos and a new playlist (6.001875ms)
  ✔ assigns stable unique page order when numbered pagination rediscoveries overlap (4.301166ms)
  ✔ fails self-referential and A-to-B-to-A static pagination as PAGINATION_LOOP (4.550666ms)
  ✔ keeps legal duplicate pages when their concrete pagination frontiers differ (4.624125ms)
  ✔ fails a sealed dynamic page whose next URL only loops to an existing frontier (4.335625ms)
  ✔ keeps a declared page-total mismatch retryable and accepts a corrected checkpoint (5.385958ms)
  ✔ rejects a conflicting nonterminal page before sealing it and completes after correction (4.714375ms)
  ✔ restarts from the source when only the terminal page proves earlier totals wrong (9.754084ms)
  ✔ uses the first-page Agent suggestion when the user leaves the new playlist name empty (4.166334ms)
  ✔ keeps existing playlist links and deduplicates the source playlist URL when enabled (4.690958ms)
  ✔ falls back to the existing host-and-date name when the Agent returns no name (3.7475ms)
  ✔ does not let an Agent suggestion rename an append target (3.990959ms)
  ✔ skips unmatched items and omits detail links when both write options are disabled (4.122667ms)
  ✔ reuses a unique code match created after an auto-create-disabled preview (4.900584ms)
  ✔ persists target-library and target-playlist failures instead of leaving apply retry loops (7.206042ms)
  ✔ counts external convergence separately from videos already present before apply (5.028792ms)
  ✔ keeps multiple global code matches in the detail phase even when one is in the target library (4.316125ms)
  ✔ reuses a unique exact code discovered only on the detail page (4.044875ms)
  ✔ sends conflicting list and detail codes to user review without discarding list candidates (5.272333ms)
  ✔ rejects a stale direct-code decision when a duplicate appears before apply (4.625209ms)
  ✔ reopens identity resolution when another video claims the detail URL before apply (5.7635ms)
  ✔ returns target-library tiebreaks to identity review when memberships become stale (4.935709ms)
  ✔ persists an unexpected transactional apply failure and retries it atomically (4.603667ms)
  ✔ lets a unique strong detail match override the target library preference (4.482084ms)
  ✔ uses a canonical www detail link as a strong owner signal without duplicating it (4.744458ms)
  ✔ requires user review when independent strong detail signals conflict (4.627625ms)
  ✔ keeps a source owner outside the code candidates and blocks target-library tiebreaking (5.358916ms)
  ✔ invalidates the preview when a new source owner appears before apply (5.183834ms)
  ✔ treats source external-code and source-URL evidence as independent signals (5.733875ms)
  ✔ does not use the target library when complete business identity contradicts known candidates (5.856625ms)
  ✔ waits for the user when detail signals leave multiple cross-library candidates (5.045666ms)
  ✔ replays an identical page checkpoint and makes changed content recoverable (5.223208ms)
  ✔ makes a changed replay of a dynamic operation recoverable without duplicating the batch (4.509042ms)
  ✔ rolls a changed sealed dynamic page back with downstream frontiers and orphan items (82.721625ms)
  ✔ rejects a playlist name submitted after the first logical page (4.403583ms)
  ✔ persists and resumes a browser handoff without losing the current list frontier (4.223583ms)
  ✔ fails an expired browser handoff before persisting a resume checkpoint (4.270959ms)
  ✔ checkpoints overlapping virtual windows before sealing a continuous list (5.593167ms)
  ✔ persists host-owned load-more batches and seals only after the control disappears (5.885ms)
  ✔ persists load-more no-progress and fails instead of retrying the same action (4.32425ms)
  ✔ fails the run instead of truncating a source that declares totals above the safety budget (3.284042ms)
  ✔ fails and rolls back a dynamic window above the per-batch candidate budget (5.730709ms)
✔ PlaylistImportRepository (313.063875ms)
▶ PlaylistImportAgentRunDriver scripted browser integration
  ✔ dispatches the conversation before the agent opens the frozen source page (7.098ms)
  ✔ hands an initial challenge to the user through the agent browser tool (4.7905ms)
  ✔ requires the domain advance tool to claim a pending page before checkpointing it (8.304042ms)
  ✔ lets the agent choose how to return to frozen work after a handoff (4.061125ms)
  ✔ lets the agent hand a login page to the user immediately (3.986625ms)
  ✔ pauses for human verification when host-owned detail navigation hits a challenge (4.862959ms)
  ✔ replays a committed static page checkpoint after its response is lost (5.082208ms)
  ✔ replays a committed detail checkpoint after its response is lost (6.437541ms)
  ✔ restarts the changed dynamic page from its inbound frontier on product retry (5.698792ms)
  ✔ restarts a dynamic page with corrected declared totals after one product retry (9.105333ms)
  ✔ records an evidence-backed unsupported pagination report as an explicit terminal error (3.759292ms)
  ✔ requires a page checkpoint before advancing away from the current list page (4.660416ms)
  ✔ keeps a missing page checkpoint agent-correctable instead of locking the tool host (4.429583ms)
  ✔ does not expose status artifacts as eligible page-checkpoint evidence (3.486041ms)
  ✔ inspects an automatic login redirect but still rejects a checkpoint from it (3.610417ms)
  ✔ checkpoints a finite recycled virtual list without gaps and binds evidence to every view (7.60125ms)
  ✔ normalizes a one-based stable position attribute into a continuous virtual list (7.017042ms)
  ✔ backtracks to the last anchor and halves the step when variable heights skip a window (7.083ms)
  ✔ combines virtual scrolling with host-owned load-more and checkpoints the expanded window (1006.075125ms)
  ✔ retries a stalled virtual window once, then fails when it still cannot progress (5.32725ms)
✔ PlaylistImportAgentRunDriver scripted browser integration (1113.169458ms)
▶ playlistImportRecoverableToolFailure
  ✔ keeps only same-session timeout and changed-source failures retryable (0.153625ms)
✔ playlistImportRecoverableToolFailure (0.188208ms)
▶ PlaylistImporter ToolPack
  ✔ exposes static-page, virtual-window and detail checkpoints through one least-privilege pack (0.853958ms)
  ✔ lets the agent inspect and operate the same-site browser (0.252ms)
  ✔ binds every declaration to a production handler (0.083ms)
  ✔ accepts one optional page-evidenced name on the page checkpoint (0.062875ms)
  ✔ requires a mechanically verifiable terminal contract (0.057666ms)
  ✔ describes static pagination as navigation followed by a new page checkpoint (0.070333ms)
  ✔ makes checkpoint evidence eligibility and terminal selector semantics explicit (0.218833ms)
✔ PlaylistImporter ToolPack (2.177667ms)
▶ playlistService media asset seam
  ✔ creates a playlist cover through MediaAssetStore and cleans it on delete (496.522208ms)
  ✔ deletes the previous cover only after a successful cover replacement (478.688833ms)
✔ playlistService media asset seam (975.673458ms)
▶ PluginBrowserCapabilityModule
  ✔ uses action-specific result budgets (0.488959ms)
  ✔ inlines complete small page-fact sections instead of keeping an oversized snapshot (39.507542ms)
  ✔ omits an oversized page-fact section as a whole and never returns a prefix (25.795291ms)
  ✔ returns an omitted artifact section through bounded cursor pages (74.93275ms)
  ✔ keeps every omitted delta section readable from the same artifact (44.817792ms)
  ✔ returns valid artifact sections and a catalog recovery action for an unknown section (16.847334ms)
  ✔ rejects read-section paths outside the browser artifact directory (4.721833ms)
  ✔ keeps a small localeLinks section when snapshot and content links are omitted (29.445167ms)
  ✔ hides oversized artifact string segments behind read-section pagination (49.829708ms)
  ✔ returns every captured page-fact item when the complete observation fits (21.834333ms)
  ✔ keeps the hard transport limit even when the page has unusually many fact sections (457.997ms)
  ✔ marks evidence incomplete only when the complete page evidence was actually capped (16.1195ms)
  ✔ returns occurrence-aware ARIA and top-level page-fact deltas for one document (41.985167ms)
  ✔ treats a scroll view revision as a full observation and invalidates prior refs (28.910667ms)
  ✔ records a newly appeared pageFacts section after fill without throwing (14.926208ms)
  ✔ falls back explicitly to the artifact when a complete delta exceeds its budget (40.10775ms)
  ✔ isolates baselines by session and resets them when a lease is released (38.43825ms)
  ✔ unwraps evaluate values that were unnecessarily JSON-stringified (28.390709ms)
  ✔ keeps a successful action pending result successful and compact (18.403417ms)
  ✔ redacts typed text from the stored artifact (27.692417ms)
✔ PluginBrowserCapabilityModule (1022.154125ms)
▶ PluginDeveloper approval and lifecycle stability
  ✔ restores a legacy run with newly-invalid field ids as a repairable workspace (143.0545ms)
  ✔ clears every durable plugin-development history without touching other Agent use cases (48.68475ms)
  ✔ refuses to clear history while a plugin-development operation is running (0.4385ms)
  ✔ discards unrecoverable plugin-development history without touching recoverable runs (82.491125ms)
  ✔ waits for a slow terminal release before an immediate continuation reopens the run (1.017375ms)
  ✔ materializes a terminal workspace before lazy continuation projects native file tools (104.557625ms)
  ✔ projects Pi native file tools into the durable product timeline (133.231542ms)
  ✔ records exactly one domain error when a runtime fault transitions the run to failed (0.335125ms)
  ✔ surfaces an unpersistable runtime fault and resolves the active operation (0.225542ms)
  ✔ publishes the reduced active context immediately after Pi compaction (0.169042ms)
  ✔ keeps a transient invalid workspace recoverable and resyncs after a valid rewrite (132.332833ms)
  ✔ streams provider reasoning and answer while persisting each only once per completed turn (70.796125ms)
  ✔ bounds one displayed reasoning block and reports the original character count (2.151125ms)
  ✔ revokes an approved permit when Pi rejects the approval continuation (0.237041ms)
  ✔ does not consume an approval while the operation that emitted waiting_user is still settling (0.119667ms)
  ✔ binds a typed choice to the exact request without treating it as user feedback (462.449459ms)
  ✔ resumes a typed browser interaction without turning completion into defect feedback (0.163125ms)
  ✔ keeps a mechanically ready artifact waiting for user after Pi settles (130.931958ms)
  ✔ requires real feedback before continuing a mechanically ready artifact (137.662959ms)
  ✔ keeps readiness for dev-notes edits but invalidates it for package edits (169.229167ms)
  ✔ does not run hidden production execution when Pi settles without a current artifact (120.909958ms)
  ✔ projects a model-turn limit into waiting_user/working without running a hidden check (143.047208ms)
  ✔ allows installation only for the exact full production execution artifact (0.715333ms)
  ✔ marks the session completed only after the accepted artifact is installed (0.307625ms)
  ✔ adopts the installed display name when install renames to avoid a conflict (131.141292ms)
  ✔ persists the renamed installed package onto settled product state (129.715958ms)
  ✔ releases only PluginDeveloper-owned runs during application disposal (0.4165ms)
✔ PluginDeveloper approval and lifecycle stability (2147.615875ms)
✔ uses the indexed journal cursor for active and persisted plugin snapshots (0.824333ms)
✔ preserves incremental logs across stale-runtime cancellation, cold snapshot, restore and export (1355.484916ms)
✔ keeps the migrated work log reference when runtime reopen fails during recovery (284.826292ms)
✔ retries closed workspaces with intact or corrupted state without rewriting diagnostic data (337.181166ms)
✔ serializes cleanup admission and drains safely: {"initial":"clear","fail":false,"dispose":true} (324.090083ms)
✔ serializes cleanup admission and drains safely: {"initial":"discard","fail":true,"dispose":true} (350.841666ms)
✔ serializes cleanup admission and drains safely: {"initial":"clear","fail":true,"dispose":false} (438.447792ms)
▶ PluginExecutionModule
  ✔ passes only the typed actress runtime identity and preserves production facts (16.474084ms)
  ✔ records rejected production results without adding semantic issue classifications (13.70925ms)
  ✔ does not accept undefined or runtime-only output as a material production result (14.728375ms)
  ✔ does not accept a video source link without any material scraped field (19.165375ms)
  ✔ treats a full empty contract return as unmatched targets, not a broken shape (0.269292ms)
✔ PluginExecutionModule (64.933ms)
▶ PluginRunAcceptanceModule
  ✔ accepts an exact full production artifact without judging content or manifest coverage (2.053708ms)
  ✔ keeps readiness when only the plugin display name changes (0.388916ms)
  ✔ rejects targeted, stale package, stale target, stale runtime, and failed execution artifacts (0.292ms)
  ✔ never accepts a vacuous full execution with no session targets or cases (0.118125ms)
  ✔ treats a successful proper-subset run as wrong_scope, not execution_failed (0.0885ms)
  ✔ keeps execution_failed when a targeted subset itself failed (0.071041ms)
✔ PluginRunAcceptanceModule (3.562ms)
▶ PluginWorkspaceModule
  ✔ starts create mode without a requested or predeclared field set (1.404709ms)
  ✔ materializes a Pi-native file workspace and rebuilds a normalized package (93.742375ms)
  ✔ treats workspace files as authoritative and changes the artifact hash after an edit (131.75275ms)
  ✔ keeps Pi dev notes outside the plugin artifact and preserves them across instruction refreshes (165.267083ms)
  ✔ atomically records completed execution facts and the current acceptance projection (131.188375ms)
  ✔ updates current acceptance without overwriting the latest execution facts (156.593917ms)
  ✔ does not reinterpret a removed workspace field declaration as all fields (128.985042ms)
  ✔ refreshes v4 host resources without overwriting the draft or decisions (195.249541ms)
  ✔ preserves same-kind legacy targets only when current input has none (216.307792ms)
  ✔ keeps current instruction resources frozen when the workspace is reopened (138.248209ms)
  ✔ preserves an older frozen instruction set while restoring an existing run (130.07225ms)
✔ PluginWorkspaceModule (1489.882208ms)
✔ awaits asynchronous removal without recursively deleting through the synchronous API (17.429625ms)
▶ PluginDevInstructionModule
  ✔ keeps the system prompt limited to identity, workspace and host boundaries (0.555916ms)
  ✔ makes javdex-plugin-dev the only owner of the development workflow (2.455709ms)
  ✔ orders page-level search and detail code checkpoints for video and actress skills (0.597792ms)
  ✔ generates isolated result contracts and workflow examples for each plugin kind (0.440458ms)
  ✔ marks field documentation as a query table rather than an implementation checklist (0.128125ms)
  ✔ preserves a resolved choice and reassesses the remaining blocker (0.061417ms)
  ✔ resumes a completed browser handoff from the interrupted location (0.032583ms)
  ✔ uses the host initial dry-run in debug mode without requesting a duplicate run (0.097542ms)
  ✔ starts create from the Skill instead of a five-file reading ritual (0.10725ms)
  ✔ generates stable v1 resources for identical inputs (0.432958ms)
  ✔ applies user feedback without manufacturing an extra development round (0.062791ms)
  ✔ treats the resume button as continuation rather than new defect feedback (0.072292ms)
  ✔ exposes only dry-run, typed user input and the browser adapter tools (0.107708ms)
✔ PluginDevInstructionModule (5.715458ms)
▶ PluginDeveloper v1 tool executor
  ✔ rejects removed domain tools (126.98225ms)
  ✔ rejects URL-shaped targets without replacing the initial dry-run state (128.605334ms)
  ✔ preserves the prior latest facts while the workspace is temporarily invalid (143.849583ms)
  ✔ adopts the first legal explicit targets immediately and exposes runtime facts (157.319ms)
  ✔ emits adopted targets before the production runner settles (155.625ms)
  ✔ replaces session targets after a full unmatched execution (134.786ms)
  ✔ keeps later explicit targets targeted when the last full run was not an empty miss (129.230708ms)
  ✔ uses later explicit targets only for targeted diagnostics (139.631333ms)
  ✔ treats explicit targets that cover the session set as a full run (120.13675ms)
  ✔ allows the fourth and tenth real executions without an attempt limit (230.875291ms)
  ✔ reads an artifact section without acquiring the live browser lease (148.03225ms)
  ✔ maps bounded scroll arguments to the shared browser command (144.830375ms)
  ✔ terminates on browser busy without replacing the initial dry-run state (111.3015ms)
  ✔ does not replace the initial dry-run state when Cloudflare interrupts the run (125.365208ms)
  ✔ preserves the prior latest facts when a real execution is cancelled (133.013917ms)
✔ PluginDeveloper v1 tool executor (2130.581583ms)
▶ plugin developer Cloudflare handoff
  ✔ retains the browser only for browser interaction handoff requests (0.336208ms)
  ✔ recognizes the typed browser challenge signal (0.0695ms)
  ✔ turns browser action=open challenge into an immediate waiting_user handoff (115.819459ms)
  ✔ presents the helper and creates a typed login handoff without running a Playwright action (123.838583ms)
  ✔ returns typed recovery errors for uncertain actions and pending explicit observations (128.776375ms)
✔ plugin developer Cloudflare handoff (369.52325ms)
▶ PluginDeveloper ToolPack v1
  ✔ matches the compact Pi-native schema in stable order (0.989875ms)
  ✔ classifies dry-run, browser reads/interactions and secret typing explicitly (0.080958ms)
  ✔ governs every remaining host capability through permission, abort and ledger (7.678959ms)
✔ PluginDeveloper ToolPack v1 (9.126334ms)
▶ pluginDevAgent workLog
  ✔ records full tool detail and builds an exportable timeline (11.734833ms)
  ✔ never exports a failed terminal state without an error event (0.192042ms)
✔ pluginDevAgent workLog (12.275833ms)
✔ migrates a legacy log once, preserves message/event order, and reads only its committed journal interval (15.933542ms)
✔ rolls back journal appends when product state commit fails and retries without duplicates (1.654458ms)
✔ rejects changed legacy prefixes, shrinking histories, missing rows and malformed references without rewriting data (0.7195ms)
✔ keeps logical state+journal writes linear for 1k, 10k and 100k log entries (5129.496459ms)
ℹ {"results":[{"entries":1000,"stateBytes":110786,"journalBytes":131780},{"entries":10000,"stateBytes":1127788,"journalBytes":1337780},{"entries":100000,"stateBytes":11477790,"journalBytes":13577780}],"scope":"In-memory SQLite logical JSON bytes; outer transaction amortizes test setup. Not WAL/device bytes, fsync latency, UI or cold recovery memory acceptance."}
▶ pluginDevCodeEdit
  ✔ replace_snippet swaps a unique fragment (0.870166ms)
  ✔ replace_snippet rejects non-unique oldText (0.1655ms)
  ✔ replace_snippet picks match nearest nearLine (0.474833ms)
  ✔ replace_function can replace a top-level helper (0.525375ms)
  ✔ replace_function rejects re-declaring helper inside parseActress block (0.232792ms)
  ✔ listTopLevelFunctions returns names with line ranges (0.785917ms)
  ✔ findDuplicateTopLevelBindings detects duplicate function names (0.051667ms)
✔ pluginDevCodeEdit (3.584292ms)
▶ pluginDevPageFormat
  ✔ formats definition lists and dom regions for prompts (0.4785ms)
  ✔ formats inspect locale anchors without treating them as a language API (0.080208ms)
  ✔ includes link region markers (0.072792ms)
  ✔ builds full page insight prompt (0.193125ms)
  ✔ keeps forms and prioritized links when raw DOM regions are very large (0.452416ms)
✔ pluginDevPageFormat (1.735875ms)
▶ pluginDevService
  ✔ preserves an explicit empty supportedFields list for an undiscovered create draft (4.246875ms)
  ✔ rejects parse result keys used as supportedFields instead of silently dropping them (5.638708ms)
  ✔ wraps generated bare parseVideo functions before dry-run (73.913833ms)
  ✔ reports unrecognized raw result keys before normalization without suggestions (60.741833ms)
  ✔ preserves every normalized video candidate during dry-run (68.885291ms)
  ✔ rejects a video result whose code does not match the requested target (65.704917ms)
  ✔ wraps generated bare parseActress functions before dry-run (62.27425ms)
  ✔ reports legal manifest field ids even when the compatibility projection accepts an empty declaration (68.587125ms)
  ✔ coerces actress numeric and date strings during dry-run (58.259791ms)
  ✔ returns actress identity facts without adding a semantic target rejection (66.118542ms)
✔ pluginDevService (535.30275ms)
✔ coalesces a large burst and flushes the final value without leaking a timer (3.149ms)
✔ limits continuous progress to ten updates per second plus the final flush (0.497125ms)
✔ replaces pending progress with an immediate state and can publish the next state (0.139333ms)
✔ normalizeProxyUrl accepts common proxy schemes (1.168083ms)
✔ normalizeProxyUrl rejects empty and invalid values (0.175208ms)
▶ public HTTP fetch
  ✔ rejects private literals and hostnames resolving to private addresses (2.940041ms)
  ✔ connects to the validated address while preserving the logical host (20.222333ms)
  ✔ validates redirect destinations and caps streamed response bytes (0.770208ms)
  ✔ applies one timeout budget to URL validation and the request (32.47175ms)
  ✔ closes a pending SOCKS connection when the request deadline expires (61.978083ms)
✔ public HTTP fetch (119.136541ms)
▶ resourceLessVideoCleanupService
  ✔ deletes only zero-resource videos and removes their relations and owned images (523.983167ms)
  ✔ protects zero-resource videos while any playlist still references them (297.50625ms)
  ✔ counts and cleans assets only after the final guarded delete succeeds (275.049125ms)
✔ resourceLessVideoCleanupService (1097.050833ms)
✔ reuses one index and releases it before changes, revision failures and disposal (0.790458ms)
✔ expires an idle index, resets the deadline on use and cancels expiry on disposal (0.270541ms)
✔ upgrades raw to combined views with one live index, then reuses it for both operations (0.172041ms)
✔ pages every section with stable ordinal, filtered totals and independent results (363.7995ms)
✔ holds an immutable copied snapshot across writer changes and leaves main schema/data unchanged (313.713916ms)
✔ rejects source/index/page budget overflows without truncation and can rebuild after failure (281.960292ms)
✔ rejects wrong scope, mismatched versions/identity, malformed collections and non-object entries (368.484917ms)
✔ copies all collections from one read snapshot when the writer commits during construction (306.203917ms)
✔ matches every historical view field/order across combined filters, Unicode search and pages (805.641959ms)
✔ locates failed-view anchors, clamps shrink/overflow, and keeps copied pending-path state (761.211917ms)
✔ rejects invalid view inputs and oversized output without mutating the source (682.650584ms)
✔ reuses one bounded search result across pages and restores read-only mode after TEMP exhaustion (1009.673583ms)
✔ preserves pending paths without an audit body only for the exact current summary (907.517625ms)
✔ does not hide corrupt or over-budget audit bodies behind unrecognized-only fallback (991.010542ms)
▶ ScrapeJobController
  ✔ flushes and detaches UI progress on rejection before accepting another batch (6.26275ms)
  ✔ coalesces video UI progress while preserving checkpoints and done delivery (23.221292ms)
  ✔ coalesces video UI progress while preserving checkpoints and paused delivery (16.720125ms)
  ✔ coalesces video UI progress while preserving checkpoints and cancelled delivery (16.869792ms)
  ✔ coalesces actress UI progress while preserving checkpoints and done delivery (15.490416ms)
  ✔ coalesces actress UI progress while preserving checkpoints and paused delivery (15.051708ms)
  ✔ coalesces actress UI progress while preserving checkpoints and cancelled delivery (15.696875ms)
  ✔ preserves media-library scope through batch count and start orchestration (0.323209ms)
  ✔ rejects a single-video scrape outside the requesting active media library (0.3155ms)
  ✔ forwards an explicit director choice and returns structured classification outcomes (0.142125ms)
  ✔ serializes single video and actress scrape runs (0.081625ms)
  ✔ pauses an interrupted persisted job during initialization (0.081583ms)
  ✔ recovers an on-disk running checkpoint as paused after restart (82.511417ms)
  ✔ publishes progress and supports pause, resume, and discard for persisted batches (1.074417ms)
  ✔ prevents starting a scrape batch while automatic crop owns the batch lock (0.114917ms)
✔ ScrapeJobController (195.356667ms)
▶ ScraperDelayController
  ✔ starts the next same-site interval after the previous access finishes (16.091417ms)
✔ ScraperDelayController (16.4515ms)
▶ ScraperPluginCatalog
  ✔ restores the configured default after deleting a selected plugin (0.834375ms)
✔ ScraperPluginCatalog (1.425833ms)
▶ ScraperServiceConfiguration
  ✔ keeps scraper service IPC policy behind one application boundary (1.15925ms)
✔ ScraperServiceConfiguration (1.645084ms)
▶ SequentialBatchQueue
  ✔ counts success, pending, and failure as disjoint processed outcomes (1.044333ms)
  ✔ pauses after the current target and resumes from checkpoint (0.206625ms)
✔ SequentialBatchQueue (1.597666ms)
▶ seriesMergeService
  ✔ merges an explicit source into the target and transfers videos and direct children (351.731042ms)
  ✔ adopts the source cover only when the target has no formal cover (355.719958ms)
  ✔ rejects a merged name collision in the final owner scope without changing relations (522.958875ms)
  ✔ rejects a merge that would move an ancestor branch below its descendant (404.292792ms)
  ✔ collapses a direct source-to-target hierarchy without making the target its own parent (475.075458ms)
  ✔ rolls back profile, video, and child changes when the database transaction fails (399.93225ms)
  ✔ commits the merge and reports an obsolete source cover cleanup failure (436.266459ms)
  ✔ rejects using the same series as target and source (443.030625ms)
✔ seriesMergeService (3389.72725ms)
✔ reuses canonical query pages, isolates caller mutations, and invalidates local and external writes (410.440333ms)
✔ bypasses cached pages inside transactions and never publishes data that is rolled back (304.578459ms)
✔ evicts least recently used pages and validates raw search before cache lookup (435.776416ms)
✔ evicts by serialized byte budget before eight large pages accumulate (518.329167ms)
✔ observes an external commit during a read and refreshes on the next call (415.726583ms)
✔ does not cache a failed read and allows the same query to retry (410.497208ms)
✔ separates connections even when their revision counters match (833.329458ms)
✔ binds a separate cache and repository to a readonly connection, without using the writer getter (300.791375ms)
▶ videoBatchScrapeQueue feedback
  ✔ identifies scoped and global target sets in batch status text (0.429459ms)
  ✔ preserves and revalidates the original library scope when resuming a checkpoint (0.710917ms)
  ✔ revalidates every frozen scoped target immediately before scraping (0.112958ms)
  ✔ formats success, skip, and partial-warning outcomes distinctly (0.106833ms)
  ✔ counts a persisted multi-candidate result as pending instead of success or failure (0.038792ms)
✔ videoBatchScrapeQueue feedback (2.101916ms)
▶ video lifecycle service
  ✔ cleans app-owned and pending assets while never receiving source media paths (0.97725ms)
  ✔ retries cleanup safely when the repository replays an idempotent result (0.103083ms)
  ✔ deletes managed source files before committing the global video record (0.106208ms)
✔ video lifecycle service (1.559375ms)
Staged video file remains queued for deletion: /var/folders/h4/zxrt6zwx6dv1n16kwxzltqgh0000gn/T/javdex-video-maintenance-policy-1jGNCv/media-root/IPX-535.mp4.javdex-delete-cc33979d-12d1-4235-912f-ffe746a6e3a1 Error: file is busy
    at unlinkSync (/Users/nut/Project/JavdexLabs/Javdex/src/main/services/videoMaintenanceService.test.ts:1053:15)
    at finalizeStagedLocalFiles (/Users/nut/Project/JavdexLabs/Javdex/src/main/services/videoMaintenanceService.ts:389:9)
    at withStagedLocalFileDeletion (/Users/nut/Project/JavdexLabs/Javdex/src/main/services/videoMaintenanceService.ts:414:7)
    at <anonymous> (/Users/nut/Project/JavdexLabs/Javdex/src/main/services/videoMaintenanceService.ts:486:7)
    at <anonymous> (/Users/nut/Project/JavdexLabs/Javdex/src/main/services/mediaAssetStore.ts:506:24)
    at AsyncLocalStorage.run (node:internal/async_local_storage/async_context_frame:63:14)
    at MediaAssetStore.runCoordinatedChange (/Users/nut/Project/JavdexLabs/Javdex/src/main/services/mediaAssetStore.ts:504:31)
    at MediaAssetStore.coordinateDatabaseChange (/Users/nut/Project/JavdexLabs/Javdex/src/main/services/mediaAssetStore.ts:465:17)
    at MediaAssetStore.runInCoordinatedChange (/Users/nut/Project/JavdexLabs/Javdex/src/main/services/mediaAssetStore.ts:475:17)
    at removeResource (/Users/nut/Project/JavdexLabs/Javdex/src/main/services/videoMaintenanceService.ts:468:5)
Staged video file remains queued for deletion: /var/folders/h4/zxrt6zwx6dv1n16kwxzltqgh0000gn/T/javdex-video-maintenance-policy-Ej28dS/media-root/IPX-535.mp4.javdex-delete-78985825-430c-408f-9c5d-d413f5c9e0fd Error: 只能操作身份有效的启用媒体库根目录内文件
    at rejectManagedRootFile (/Users/nut/Project/JavdexLabs/Javdex/src/main/services/mediaLibraryRootFileGuard.ts:32:9)
    at requireCurrentRootIdentity (/Users/nut/Project/JavdexLabs/Javdex/src/main/services/mediaLibraryRootFileGuard.ts:86:5)
    at assertRootFile (/Users/nut/Project/JavdexLabs/Javdex/src/main/services/mediaLibraryRootFileGuard.ts:98:27)
    at assertMediaLibraryRootDeletionTarget (/Users/nut/Project/JavdexLabs/Javdex/src/main/services/mediaLibraryRootFileGuard.ts:182:3)
    at assertDeletionAllowed (/Users/nut/Project/JavdexLabs/Javdex/src/main/services/videoMaintenanceService.ts:484:9)
    at finalizeStagedLocalFiles (/Users/nut/Project/JavdexLabs/Javdex/src/main/services/videoMaintenanceService.ts:388:9)
    at withStagedLocalFileDeletion (/Users/nut/Project/JavdexLabs/Javdex/src/main/services/videoMaintenanceService.ts:414:7)
    at <anonymous> (/Users/nut/Project/JavdexLabs/Javdex/src/main/services/videoMaintenanceService.ts:486:7)
    at <anonymous> (/Users/nut/Project/JavdexLabs/Javdex/src/main/services/mediaAssetStore.ts:506:24)
    at AsyncLocalStorage.run (node:internal/async_local_storage/async_context_frame:63:14)
Failed to recover pending local file deletion: /var/folders/h4/zxrt6zwx6dv1n16kwxzltqgh0000gn/T/javdex-video-maintenance-policy-7ilAMv/offline-volume/movie.mp4.javdex-delete-interrupted Error: 暂存文件所在存储当前不可用
    at recoverPendingLocalFileDeletions (/Users/nut/Project/JavdexLabs/Javdex/src/main/services/pendingLocalFileDeletionService.ts:48:46)
    at TestContext.<anonymous> (/Users/nut/Project/JavdexLabs/Javdex/src/main/services/videoMaintenanceService.test.ts:1243:22)
    at Test.runInAsyncScope (node:async_hooks:227:14)
    at Test.run (node:internal/test_runner/test:1325:25)
    at Suite.processPendingSubtests (node:internal/test_runner/test:911:18)
    at Test.postRun (node:internal/test_runner/test:1465:19)
    at Test.run (node:internal/test_runner/test:1390:12)
    at async Suite.processPendingSubtests (node:internal/test_runner/test:911:7)
Failed to recover pending local file deletion: /var/folders/h4/zxrt6zwx6dv1n16kwxzltqgh0000gn/T/javdex-video-maintenance-policy-13uD5o/media-root/IPX-535.mp4.javdex-delete-before-rename Error: 原文件所在存储当前不可用
    at recoverPendingLocalFileDeletions (/Users/nut/Project/JavdexLabs/Javdex/src/main/services/pendingLocalFileDeletionService.ts:40:19)
    at TestContext.<anonymous> (/Users/nut/Project/JavdexLabs/Javdex/src/main/services/videoMaintenanceService.test.ts:1289:22)
    at Test.runInAsyncScope (node:async_hooks:227:14)
    at Test.run (node:internal/test_runner/test:1325:25)
    at Suite.processPendingSubtests (node:internal/test_runner/test:911:18)
    at Test.postRun (node:internal/test_runner/test:1465:19)
    at Test.run (node:internal/test_runner/test:1390:12)
    at async Suite.processPendingSubtests (node:internal/test_runner/test:911:7)
Failed to recover pending local file deletion: /var/folders/h4/zxrt6zwx6dv1n16kwxzltqgh0000gn/T/javdex-video-maintenance-policy-I08plr/media-root/missing.mp4.javdex-delete-missing Error: 暂存文件和原文件均不存在
    at recoverPendingLocalFileDeletions (/Users/nut/Project/JavdexLabs/Javdex/src/main/services/pendingLocalFileDeletionService.ts:40:19)
    at TestContext.<anonymous> (/Users/nut/Project/JavdexLabs/Javdex/src/main/services/videoMaintenanceService.test.ts:1321:22)
    at Test.runInAsyncScope (node:async_hooks:227:14)
    at Test.run (node:internal/test_runner/test:1325:25)
    at Suite.processPendingSubtests (node:internal/test_runner/test:911:18)
    at Test.postRun (node:internal/test_runner/test:1465:19)
    at Test.run (node:internal/test_runner/test:1390:12)
    at async Suite.processPendingSubtests (node:internal/test_runner/test:911:7)
▶ VideoMaintenanceService
  ✔ creates and reuses organization identities while editing video metadata (495.741833ms)
  ✔ rolls back video fields when organization assignment fails (444.47525ms)
  ✔ creates or appends HTTP resources without scraping and keeps one primary resource (483.918958ms)
  ✔ normalizes a manually entered code before attaching a resource (409.014875ms)
  ✔ attaches a normalized link to an existing legacy lowercase code (434.076791ms)
  ✔ reports the owning video when a normalized HTTP resource already exists (491.792208ms)
  ✔ imports Magnet and ED2K resources and deduplicates their protocol identities (416.222208ms)
  ✔ keeps STRM targets read-only while editing metadata and safely deletes the source file (333.755375ms)
  ✔ restores a staged STRM source and rolls back removal when primary promotion fails (299.015292ms)
  ✔ refuses to remove an active-root STRM source after the root path is replaced (315.762ms)
  ✔ edits metadata, status, rating, poster, and manual tags (276.039541ms)
  ✔ attaches the exact selected long-name tag, promotes scraped origin, and rejects deleted selections (314.835625ms)
  ✔ rolls back tag creation or origin promotion when updating the video fails (265.878625ms)
  ✔ imports and deletes a local sample in the temporary media directory (339.035041ms)
  ✔ switches the primary resource and deletes only the selected local resource (322.935375ms)
  ✔ restores a staged local file and rolls back resource removal when promotion fails (353.849625ms)
  ✔ sets any resource as primary and promotes deterministic fallbacks after removal (373.071125ms)
  ✔ does not promote an inaccessible local resource over an available web link (376.066791ms)
  ✔ requires an explicit decision when manually removing the last resource (357.774333ms)
  ✔ never turns last-resource removal into a global deletion (308.267ms)
  ✔ rejects every resource mutation for missing or archived media libraries (333.058333ms)
  ✔ updates only the display label of a local resource (304.714583ms)
  ✔ removes a symbolic-link resource without deleting its target file (354.447167ms)
  ✔ refuses to remove a disabled-root resource after the root path is replaced (241.396625ms)
  ✔ rejects local source deletion for every non-active root state before staging (261.010334ms)
  ✔ rejects physical source deletion when the resource has no root ownership (233.504083ms)
  ✔ skips unmanaged source files when deleting a video globally (246.512875ms)
  ✔ corrects an imported code (246.949458ms)
  ✔ persists a committed cleanup task when resource-file deletion must be retried (251.043ms)
  ✔ revalidates the root identity before unlinking an already staged source (309.5875ms)
  ✔ does not delete resource records when the file storage cannot be audited (272.432708ms)
  ✔ adopts an interrupted prepared task when resource removal is retried (285.856708ms)
  ✔ does not adopt a prepared resource-removal task when the original path was replaced (296.867792ms)
  ✔ restores an interrupted pre-commit file staging task (309.084334ms)
  ✔ keeps a cleanup task queued while its original storage is unavailable (267.979791ms)
  ✔ finishes cleanup after a storage remount changes its device id (301.749333ms)
  ✔ retains a pre-rename prepared task when another device occupies the original path (258.015833ms)
  ✔ retains prepared state and database records when both file paths are missing (300.003667ms)
  ✔ keeps the prepared task when storage disappears during resource-removal rollback (320.083042ms)
  ✔ clears scraped metadata and relations but keeps manual tags (320.647792ms)
  ✔ corrects to an already used code without implicitly merging videos (318.197292ms)
  ✔ explicitly merges same-code videos while preserving the chosen id and primary resource (334.088875ms)
  ✔ unions manual tags but keeps the retained scraped-tag field as a whole (376.878291ms)
  ✔ unions cast, playlists, sources, and ratings while preserving retained conflicts and scrape history (429.313916ms)
  ✔ merges cover, poster, and sample fields as whole sets and reclaims only unused media (356.275166ms)
  ✔ rejects a merge whose combined identity belongs to a third video (386.38825ms)
  ✔ rolls back an ordinary merge when deleting the source record fails (321.128792ms)
  ✔ rejects merging videos with different normalized codes (320.396125ms)
  ✔ uses the normal availability-aware promotion rule when neither merged video has a primary (329.575583ms)
  ✔ splits a non-primary resource into a metadata-empty pending-identity video (297.134958ms)
  ✔ blocks primary splitting and rolls back a failed non-primary split (266.736666ms)
  ✔ locks metadata while a video scrape result is pending but still allows resource splitting (81.060209ms)
  ✔ requires confirmation before correcting a pending video and clears staging atomically (85.372417ms)
  ✔ rolls back the whole edit when it would create a complete business identity conflict (66.588334ms)
  ✔ stores related links on a video and returns them on detail (47.292792ms)
  ✔ rejects invalid related links and keeps the previous list (46.357208ms)
  ✔ keeps related links when clearing scraped metadata (65.224375ms)
  ✔ allows related-link edits while a video scrape result is pending (53.991208ms)
  ✔ unions related links on merge with the retained video first (61.99025ms)
  ✔ leaves related links on the original video when splitting a resource (60.7055ms)
✔ VideoMaintenanceService (17433.521083ms)
▶ VideoQueryService
  ✔ lists videos and reads their detail without mutating library state (499.855375ms)
  ✔ redacts external resource locators in detail projections until explicitly requested (438.518125ms)
  ✔ projects a STRM source path while keeping its complete target main-process only (436.234958ms)
✔ VideoQueryService (1375.067167ms)
▶ VideoResourceLinkService
  ✔ tests a direct link and returns Content-Length when available (0.862625ms)
  ✔ returns a non-throwing failure without echoing a sensitive query (0.147917ms)
  ✔ routes checks through the hardened public HEAD transport (0.076209ms)
✔ VideoResourceLinkService (1.445ms)
▶ videoScrapeApplyService.resolveEffectiveScrapeFields
  ✔ fillEmpty keeps only empty scalar fields (583.183333ms)
  ✔ fillEmpty evaluates female and male cast independently (563.357ms)
  ✔ replaceIfPresent keeps all selected fields regardless of current values (647.39125ms)
  ✔ fillEmpty includes cast fields when video has no performers (538.603416ms)
✔ videoScrapeApplyService.resolveEffectiveScrapeFields (2333.087084ms)
▶ videoScrapeApplyService.planVideoScrapeResult update matrix
  ✔ title follows fillEmpty semantics for every current and scraped value state (420.839791ms)
  ✔ title follows replaceIfPresent semantics for every current and scraped value state (429.264125ms)
  ✔ title follows replace semantics for every current and scraped value state (407.184959ms)
  ✔ summary follows fillEmpty semantics for every current and scraped value state (408.498ms)
  ✔ summary follows replaceIfPresent semantics for every current and scraped value state (390.036792ms)
  ✔ summary follows replace semantics for every current and scraped value state (480.070208ms)
  ✔ cover follows fillEmpty semantics for every current and scraped value state (431.838416ms)
  ✔ cover follows replaceIfPresent semantics for every current and scraped value state (506.924917ms)
  ✔ cover follows replace semantics for every current and scraped value state (426.075167ms)
  ✔ releaseDate follows fillEmpty semantics for every current and scraped value state (438.514666ms)
  ✔ releaseDate follows replaceIfPresent semantics for every current and scraped value state (437.32625ms)
  ✔ releaseDate follows replace semantics for every current and scraped value state (433.8755ms)
  ✔ maker follows fillEmpty semantics for every current and scraped value state (250.202375ms)
  ✔ maker follows replaceIfPresent semantics for every current and scraped value state (279.671875ms)
  ✔ maker follows replace semantics for every current and scraped value state (339.986833ms)
  ✔ publisher follows fillEmpty semantics for every current and scraped value state (400.030667ms)
  ✔ publisher follows replaceIfPresent semantics for every current and scraped value state (411.859166ms)
  ✔ publisher follows replace semantics for every current and scraped value state (370.049625ms)
  ✔ series follows fillEmpty semantics for every current and scraped value state (363.870833ms)
  ✔ series follows replaceIfPresent semantics for every current and scraped value state (409.078042ms)
  ✔ series follows replace semantics for every current and scraped value state (370.916292ms)
  ✔ director follows fillEmpty semantics for every current and scraped value state (381.963917ms)
  ✔ director follows replaceIfPresent semantics for every current and scraped value state (400.025167ms)
  ✔ director follows replace semantics for every current and scraped value state (386.876667ms)
  ✔ duration follows fillEmpty semantics for every current and scraped value state (402.139875ms)
  ✔ duration follows replaceIfPresent semantics for every current and scraped value state (343.229166ms)
  ✔ duration follows replace semantics for every current and scraped value state (394.687875ms)
  ✔ actressesFemale follows fillEmpty semantics for every current and scraped value state (393.87575ms)
  ✔ actressesFemale follows replaceIfPresent semantics for every current and scraped value state (419.256167ms)
  ✔ actressesFemale follows replace semantics for every current and scraped value state (407.131334ms)
  ✔ actressesMale follows fillEmpty semantics for every current and scraped value state (380.703166ms)
  ✔ actressesMale follows replaceIfPresent semantics for every current and scraped value state (376.357167ms)
  ✔ actressesMale follows replace semantics for every current and scraped value state (373.958375ms)
  ✔ tags follows fillEmpty semantics for every current and scraped value state (327.8445ms)
  ✔ tags follows replaceIfPresent semantics for every current and scraped value state (112.518875ms)
  ✔ tags follows replace semantics for every current and scraped value state (93.254417ms)
  ✔ source follows fillEmpty semantics for every current and scraped value state (52.847041ms)
  ✔ source follows replaceIfPresent semantics for every current and scraped value state (64.513333ms)
  ✔ source follows replace semantics for every current and scraped value state (77.446041ms)
  ✔ rating follows fillEmpty semantics for every current and scraped value state (66.635958ms)
  ✔ rating follows replaceIfPresent semantics for every current and scraped value state (66.798458ms)
  ✔ rating follows replace semantics for every current and scraped value state (65.534417ms)
  ✔ samples follows fillEmpty semantics for every current and scraped value state (60.190459ms)
  ✔ samples follows replaceIfPresent semantics for every current and scraped value state (55.777958ms)
  ✔ samples follows replace semantics for every current and scraped value state (57.054125ms)
✔ videoScrapeApplyService.planVideoScrapeResult update matrix (14168.453833ms)
▶ videoScrapeApplyService.applyScrapeResult
  ✔ builds a read-only plan before applying field changes (55.909ms)
  ✔ applies scalar fields consistently across the three update modes (67.590167ms)
  ✔ does not record a successful scrape when no selected field can be written (80.101375ms)
  ✔ clears only the selected source site metadata in replace mode (101.770709ms)
  ✔ preserves existing cover and warns when a returned image is unavailable (112.994708ms)
  ✔ keeps the complete old sample set when any returned sample is unavailable (119.908666ms)
  ✔ replaces selected relation sets while preserving manual tags and the other cast gender (107.720125ms)
  ✔ keeps a committed scrape successful when post-commit library cleanup fails (85.826917ms)
  ✔ does not roll back scraped tags when orphan-tag cleanup fails after commit (73.440833ms)
  ✔ reuses the unique name owner for canonically equivalent scraped cast names (120.827917ms)
  ✔ does not create or link an actress for a migrated pending cast name (136.871167ms)
  ✔ replaceIfPresent updates existing scalars when scrape has values and keeps null scrape values (137.099ms)
  ✔ stores external stats under ratingSourceName when provided (140.73325ms)
  ✔ leaves downloaded cast avatars untouched for application-layer adoption (147.971042ms)
✔ videoScrapeApplyService.applyScrapeResult (1489.856625ms)
▶ videoScrapeApplyService classification entity resolution
  ✔ preserves entity update semantics across fillEmpty, replaceIfPresent, and replace (136.774833ms)
  ✔ matches main names, aliases, and normalized equivalents without overwriting profiles (142.724083ms)
  ✔ creates only basic entities, reuses one organization across roles, and leaves series unowned (141.882ms)
  ✔ rolls back scalar writes and newly created entities when a classification assignment fails (126.944625ms)
  ✔ keeps the current director when its alias is one of multiple candidates without updating the video (139.853666ms)
  ✔ pauses a single scrape for director choice and applies the selected candidate on retry (141.742542ms)
  ✔ preserves an ambiguous director in batch mode while applying safe fields with an actionable warning (164.470125ms)
  ✔ reports an invalid classification name structurally while applying safe fields (167.880458ms)
  ✔ treats same-name series in different owner scopes as ambiguous and never infers an owner (178.90325ms)
✔ videoScrapeApplyService classification entity resolution (1341.953334ms)
▶ videoScrapeApplyService.resolveVideoBatchTargets
  ✔ keeps active media-library batch targets inside their membership scope (98.330125ms)
  ✔ returns no targets for an archived media-library scope while preserving global compatibility (93.351416ms)
  ✔ excludes videos that already have a pending scrape decision (144.868917ms)
  ✔ filters by videos missing any selected metadata field (154.754166ms)
  ✔ combines status and missing-field filters (139.031167ms)
  ✔ treats a stored cover path as present even when the file is unreadable (134.092709ms)
✔ videoScrapeApplyService.resolveVideoBatchTargets (764.899375ms)
▶ videoScrapeApplyService tags emptiness
  ✔ fillEmpty ignores manual tags when deciding whether tags are empty (154.989709ms)
✔ videoScrapeApplyService tags emptiness (155.146709ms)
▶ llmSecretStore
  ✔ persists encrypted values and reports a degraded Linux-style backend (18.109083ms)
  ✔ removes a provider secret without affecting the remaining entries (23.119792ms)
  ✔ does not treat an unreadable secret path as an empty store (9.479209ms)
✔ llmSecretStore (51.379875ms)
▶ scraperServiceSecretStore
  ✔ persists an encrypted MetaTube token without exposing plaintext (13.976208ms)
  ✔ clears the token and rejects unavailable encryption (23.111667ms)
✔ scraperServiceSecretStore (37.586417ms)
▶ settingsStore avatar composition defaults
  ✔ uses the relaxed face-centered composition for settings without legacy values (14.6045ms)
  ✔ keeps legacy presets and explicit user values during migration (13.74875ms)
✔ settingsStore avatar composition defaults (28.797958ms)
▶ settingsStore video card preferences
  ✔ keeps resource type badges disabled for new and existing users by default (16.577125ms)
  ✔ preserves an explicit resource type badge preference (18.146667ms)
  ✔ defaults video cards to portrait and preserves an explicit landscape preference (18.100542ms)
✔ settingsStore video card preferences (52.994416ms)
▶ settingsStore NFO export preferences
  ✔ uses safe defaults and normalizes remembered selections without persisting overwrite (20.688ms)
✔ settingsStore NFO export preferences (20.773792ms)
▶ settingsStore plugin developer model-turn budget
  ✔ retires the old implicit step limit instead of carrying 24 into the new setting (11.045375ms)
  ✔ defaults to unlimited and preserves an explicit zero limit (17.323541ms)
  ✔ persists a positive limit through the settings interface (16.352ms)
  ✔ stops rewriting legacy model fields after schema v2 exists (31.055791ms)
  ✔ does not resurrect legacy model fields when the v2 document is unreadable (33.912792ms)
✔ settingsStore plugin developer model-turn budget (110.026125ms)
▶ settingsStore deferred library path cleanup
  ✔ normalizes unique non-empty roots and preserves them across cache resets (10.988833ms)
✔ settingsStore deferred library path cleanup (11.093875ms)
▶ settingsStore persistence
  ✔ does not update the cache when the settings file cannot be replaced (33.635083ms)
✔ settingsStore persistence (33.691209ms)
▶ settingsStore recovery
  ✔ backs up malformed JSON, writes defaults, and exposes one recovery notice (20.113209ms)
  ✔ does not replace a settings path that fails with an I/O error (9.964042ms)
✔ settingsStore recovery (30.215958ms)
▶ settingsStore LLM secret migration
  ✔ moves legacy API keys out of settings.json without exposing them publicly (24.793ms)
  ✔ keeps the original plaintext file and blocks later writes when migration fails (14.706667ms)
✔ settingsStore LLM secret migration (39.64625ms)
▶ settingsStore scan cleanup defaults
  ✔ keeps automatic deletion disabled and has no summary for new and existing users (16.948792ms)
  ✔ preserves an explicit automatic deletion preference (16.209584ms)
  ✔ normalizes and sanitizes the persisted latest scan summary (25.750292ms)
  ✔ normalizes the retired unrecognized-file snapshot for migration (11.031791ms)
✔ settingsStore scan cleanup defaults (70.147667ms)
▶ settingsStore automatic scan defaults
  ✔ keeps automatic scans disabled and defaults to one hour (26.792958ms)
  ✔ accepts only supported automatic scan intervals (29.0265ms)
✔ settingsStore automatic scan defaults (55.909042ms)
▶ settingsStore retired actress scrapers
  ✔ rewrites the retired idol archive default to Xslist (11.089958ms)
  ✔ rewrites composite actress field mappings that pointed at the idol archive (14.88275ms)
✔ settingsStore retired actress scrapers (26.062958ms)
▶ settingsStore retired video scrapers
  ✔ rewrites the retired JAV8 default to JavDB (19.897291ms)
  ✔ rewrites JAV8 composite mappings and removes its delay (35.85575ms)
✔ settingsStore retired video scrapers (55.882334ms)
▶ settingsStore privacy mode
  ✔ defaults to disabled with every image scope selected (11.777292ms)
  ✔ keeps valid unique scopes and discards unknown values (7.543709ms)
  ✔ keeps samples and actress galleries independently selectable (13.800084ms)
  ✔ allows all privacy scopes to be cleared explicitly (13.738542ms)
✔ settingsStore privacy mode (47.041375ms)
▶ close-to-tray setting
  ✔ defaults off and persists an explicit choice across reloads (37.080083ms)
  ✔ does not enable tray hiding from malformed legacy values (14.734625ms)
✔ close-to-tray setting (51.902ms)
▶ Web read-only catalog scope
  ✔ rechecks image authorization after async work when hidden changes (412.275208ms)
  ✔ rechecks image authorization after async work when archived changes (237.194792ms)
  ✔ rechecks image authorization after async work when cover changes (359.680042ms)
  ✔ rechecks image authorization after async work when cast changes (256.149125ms)
  ✔ rechecks image authorization after async work when sample changes (294.911708ms)
  ✔ reads only the authorized image path before and after serving, without full details (283.902041ms)
  ✔ forwards thumbnail size through the real catalog while preserving original requests (217.704166ms)
  ✔ forwards the caller signal to the async Store and drops a cancelled result (232.309834ms)
  ✔ filters archived/hidden memberships for lists, details, images, and media (338.758625ms)
  ✔ describes local resources without exposing their directory (222.009917ms)
  ✔ uses the cover rather than the background for browse, detail and image requests (332.747ms)
  ✔ queries with parameters, paginates stably and filters clear membership scopes (883.231625ms)
  ✔ uses stable desktop discovery and respects library home participation (692.225125ms)
  ✔ exposes cast display metadata and only serves avatars linked to visible videos (291.646542ms)
  ✔ downloads non-playable files and exposes only supported external links (331.755958ms)
  ✔ resolves only authorized files and refuses symlink escapes and disabled roots (348.048791ms)
✔ Web read-only catalog scope (5735.734917ms)
▶ Desktop-approved browser pairing
  ✔ requires an open window, a desktop decision and a separate secret, consumes only once (1.622084ms)
  ✔ expires requests, bounds polling, rejection, restart and approvals (0.180792ms)
  ✔ bounds the total pending requests (0.21975ms)
✔ Desktop-approved browser pairing (2.408375ms)
▶ Remembered browser lifecycle
  ✔ persists only remembered hashes, retains authorization over restart and revokes individual devices (223.363083ms)
✔ Remembered browser lifecycle (223.436292ms)
▶ Pairing HTTP boundary
  ✔ binds exchange to a private cookie, keeps approval desktop-only and remembers across server restarts (249.996917ms)
✔ Pairing HTTP boundary (250.201792ms)
▶ Device record recovery
  ✔ keeps valid sessions usable during activity write failures and retries persistence (250.419958ms)
  ✔ keeps disk and memory consistent after failed revoke, clear, rename and create (66.96025ms)
  ✔ resets a damaged snapshot without parsing it or retaining old authorization (21.876375ms)
  ✔ restores remaining pairing time from server and retains approval on issuance failure (0.145833ms)
✔ Device record recovery (339.617917ms)
▶ Per-device streaming revocation
  ✔ interrupts the revoked stream while another browser finishes its stream (49.381792ms)
✔ Per-device streaming revocation (49.51875ms)
✔ keeps the running service on staging failure and restores it after publish failure (102.346916ms)
✔ preserves remembered devices on runtime server errors, including failed state persistence (5.474417ms)
▶ Web authentication and streaming
  ✔ keeps image responses private and reports read queue overload as 503 (8.138458ms)
  ✔ forwards finite thumbnail sizes and rejects invalid sizes before image work (5.260792ms)
  ✔ reports oversized images as 413 without caching or a HEAD body (9.005667ms)
  ✔ rechecks an expired session after image work while the connection remains open (46.168875ms)
  ✔ cancels pending image work on logout and never sends its completed bytes (47.746042ms)
  ✔ cancels pending image work on disconnect and never sends its completed bytes (46.088208ms)
  ✔ stores salted password hashes and enforces minimum length (116.793542ms)
  ✔ requires a session for catalog, artwork, and video, with no credential data in failures (13.266833ms)
  ✔ serves brand and favicon PNGs without login with the correct MIME and bytes (10.786292ms)
  ✔ rejects bad credentials; issues HttpOnly SameSite cookies on login (84.098792ms)
  ✔ blocks cross-origin, missing-origin POSTs, DNS rebinding, and desktop mutation routes (12.60175ms)
  ✔ streams byte ranges, suffixes and HEAD; rejects invalid or multiple ranges (11.036625ms)
  ✔ downloads authenticated resources as attachments (3.923709ms)
  ✔ logout invalidates the cookie; desktop revocation invalidates all browsers (51.352417ms)
✔ Web authentication and streaming (605.073916ms)
▶ Session lifetimes and request limits
  ✔ expires idle and absolute sessions and limits attempts (0.154541ms)
  ✔ accepts only local peer ranges and handles byte-range edge cases (0.126709ms)
✔ Session lifetimes and request limits (0.32875ms)
▶ actress face scan cache
  ✔ reuses a result only while the avatar fingerprint is unchanged (0.348208ms)
  ✔ filters only cached no-face avatars and ignores missing or unscanned entries (0.554542ms)
  ✔ combines a minimal full-library manifest with current session results (0.086541ms)
✔ actress face scan cache (1.378583ms)
▶ actress face scan cache identity
  ✔ only changes when a current row has no reusable result (0.360666ms)
✔ actress face scan cache identity (0.675208ms)
▶ actress face detection outcome mapping
  ✔ maps the detector zero-face message to the no-face domain state (0.495042ms)
✔ actress face detection outcome mapping (1.042291ms)
▶ actress face scan queue
  ✔ reports total detection failure without confusing partial or empty results with failure (0.4725ms)
  ✔ reuses cached face statuses and does not invoke detection for them (0.546708ms)
  ✔ finishes the current target before honoring cancellation (0.082166ms)
  ✔ does not cache detector failures so a later run can retry them (0.058209ms)
✔ actress face scan queue (1.556541ms)
▶ actress face scan session
  ✔ notifies remounted consumers when an earlier scan finishes (0.33725ms)
✔ actress face scan session (0.622916ms)
▶ avatar auto-crop geometry
  ✔ rejects invalid boxes and clamps valid detector bounds (1.429292ms)
  ✔ merges overlapping tiled detections and preserves the strongest result (0.130875ms)
  ✔ requires an explicit choice when two faces have similar prominence (0.181542ms)
  ✔ accepts mid-confidence faces only when the presence floor is used (0.061125ms)
  ✔ maps ROI landmarks back to full-image normalized coordinates (0.063083ms)
  ✔ uses the hair component attached to the face for visible head bounds (0.979667ms)
✔ avatar auto-crop geometry (3.292416ms)
✔ requests CORS before loading a media avatar so its bitmap can cross the Worker boundary (0.423166ms)
✔ keeps only recent log previews after 100000 entries while counting omissions (22.126ms)
✔ bounds oversized fields without splitting surrogate pairs or mutating prior state (0.116584ms)
▶ avatar composition preview cache
  ✔ persists and restores the complete normalized face analysis (0.824375ms)
✔ avatar composition preview cache (1.16675ms)
▶ ActressAvatarEditor
  ✔ keeps rendering when the current avatar enters crop editing (56.717167ms)
  ✔ keeps rendering when a legacy avatar without its original enters crop editing (5.218541ms)
✔ ActressAvatarEditor (62.384375ms)
✔ pages associated covers without loading an actress detail or accumulating tiles (7.847125ms)
✔ does not replace a user-selected source tab when the first cover page arrives late (1.741417ms)
✔ pages photo sources with global labels and retries without fetching complete metadata (8.540416ms)
✔ keeps local selection when the user opens a file picker before photos arrive (1.898916ms)
▶ ActressDeleteModal confirmation model
  ✔ uses ordinary deletion only when the current impact has no video links (0.395083ms)
  ✔ requires the dedicated acknowledgement action and explains resource preservation (0.087584ms)
  ✔ does not let the dedicated high-risk action bypass the safe path (0.046375ms)
✔ ActressDeleteModal confirmation model (0.933333ms)
✔ bounds grid and preview windows, crosses both page edges and preserves one history entry (225.379583ms)
✔ retains the current photo on page failure, retries, and discards a response after close (39.741542ms)
✔ refreshes by stable ID after reorder and closes a removed preview without selecting its replacement (49.128041ms)
✔ deletes the last photo on a page and refreshes imported photos through the actual panel callbacks (36.991ms)
▶ ActressProfileMeta scrape record
  ✔ hides scrape record for successful actresses and keeps attention states (0.83375ms)
  ✔ offers the manual success mark only for unscraped and failed records (0.074958ms)
✔ ActressProfileMeta scrape record (1.293167ms)
▶ Button
  ✔ loads its CSS Module and preserves native button semantics (3.0665ms)
✔ Button (3.496583ms)
▶ ClassificationDeleteModal
  ✔ shows associated video and child impacts before confirming deletion (8.638667ms)
  ✔ allows a zero-impact deletion and keeps a failed confirmation open with refreshed impact (5.928541ms)
  ✔ does not report or re-preview a completed deletion when page cleanup fails (1.636167ms)
✔ ClassificationDeleteModal (16.893583ms)
✔ loads only the video source and retains the chosen original across 60/60/5 and error retry (161.294416ms)
✔ clamps a shrunken last page and ignores a response after an entity switch (6.06125ms)
✔ does not close or refresh a new entity editor when an old save settles (3.179542ms)
✔ does not replace a chosen video cover with a late URL preview after switching sources (4.346084ms)
▶ classification picker
  ✔ keeps candidates hidden until the field is used (4.59275ms)
  ✔ shows candidates once the user types (1.501042ms)
  ✔ walks candidates with the arrow keys and commits with Enter (0.969292ms)
  ✔ shows candidates once the field is focused (0.251542ms)
  ✔ shows candidates on focus even when the field is empty (0.240791ms)
  ✔ does not commit a candidate with Enter until one is active (0.199333ms)
  ✔ closes candidates on Escape without letting the dialog see the key (0.575ms)
  ✔ closes candidates when focus leaves the field (0.310542ms)
  ✔ keeps candidates open when the pointer is in the list (0.286792ms)
  ✔ closes candidates after picking one with the pointer (0.272125ms)
  ✔ hides the create hint when the typed name already exists (0.313042ms)
✔ classification picker (10.053375ms)
▶ video detail library context layout
  ✔ shares the compact detail header row with the back action (2.114084ms)
  ✔ keeps membership badges on one bounded line (0.703375ms)
✔ video detail library context layout (3.200541ms)
▶ DirectorScrapeChoiceModal
  ✔ requires an explicit candidate and submits its stable director id (5.273958ms)
✔ DirectorScrapeChoiceModal (5.634042ms)
▶ DisplayModeProvider
  ✔ loads and exposes the application-wide cover mode (20.69725ms)
✔ DisplayModeProvider (21.154375ms)
▶ form hint styles
  ✔ keeps entity-edit and settings field hints muted and caption-sized (3.464209ms)
  ✔ routes entity-edit helper copy through EditFormField instead of a bare hint class (0.493083ms)
✔ form hint styles (4.49775ms)
▶ image preview history marker
  ✔ preserves router state when adding a unique preview marker (1.267459ms)
  ✔ reads only valid image preview markers (0.096833ms)
✔ image preview history marker (1.749667ms)
✔ uses a 320 thumbnail for actress cards (137.968167ms)
✔ uses thumbnails for local video gallery tiles and original preview sources (107.812958ms)
✔ uses thumbnails for local actress gallery tiles and original preview sources (6.3765ms)
▶ LegacyLibraryRedirect
  ✔ preserves the settings return context while replacing a legacy video URL (68.323458ms)
✔ LegacyLibraryRedirect (68.945958ms)
▶ MediaLibraryCreateModal
  ✔ validates in place and exposes a keyboard-submit four-step flow (188.170917ms)
  ✔ deduplicates selected roots, submits independent config, and returns root errors to their step (6.566417ms)
✔ MediaLibraryCreateModal (195.171458ms)
▶ MediaLibraryCreateModal control style
  ✔ keeps all workflow steps at one viewport-safe dialog height (3.414333ms)
  ✔ reserves a visible gutter for the left edge of the focus ring (0.748667ms)
✔ MediaLibraryCreateModal control style (4.874334ms)
▶ MediaLibraryNav name style
  ✔ keeps visible library names on one ellipsized line (2.688542ms)
  ✔ presents media libraries as one compact navigation surface (0.863167ms)
  ✔ keeps global navigation unlabeled in the visible sidebar (0.310125ms)
✔ MediaLibraryNav name style (4.652666ms)
✔ pages40 candidates and preserves selection and name plan across pages and search (631.05775ms)
✔ retries page failures without losing the selected merge plan (92.365166ms)
✔ ignores old page responses while a changed search is debouncing (424.128459ms)
✔ locks a captured merge against duplicate submission and retains plan on failure (160.617708ms)
✔ resets session on keep identity change and ignores old page and merge completion (154.512167ms)
✔ resets the name plan only when choosing a different merge candidate or clearing selection (91.3365ms)
▶ OrganizationDeleteModal
  ✔ previews and removes only the selected role (9.075875ms)
  ✔ blocks removing the final role and directs the user to full deletion (0.966292ms)
  ✔ shows both role counts and hierarchy impacts for a full deletion (4.346333ms)
✔ OrganizationDeleteModal (14.892417ms)
▶ OrganizationMergeModal interaction
  ✔ selects a cross-role source and submits the explicit source-to-target direction (158.725417ms)
  ✔ keeps the modal open and shows an actionable error when the merge is rejected (14.054583ms)
✔ OrganizationMergeModal interaction (173.34625ms)
▶ recent text input style contract
  ✔ uses the shared text-input treatment for every recent text-like input (1.945375ms)
✔ recent text input style contract (2.455625ms)
▶ Switch
  ✔ loads its CSS Module and preserves native checkbox semantics (2.84675ms)
✔ Switch (3.157416ms)
✔ loads on open only, pages without full catalog reads and preserves cross-page selection (56.204708ms)
✔ debounces and resets search, rejecting stale page/search responses (272.557333ms)
✔ shows failure with explicit retry and enforces 100 selections while allowing removal (1.426ms)
✔ unmounts candidates with the actual parent popover and ignores late responses on reopen (3.090209ms)
▶ VideoDeleteImpact
  ✔ shows every affected domain without a duplicate source-file section (2.773292ms)
  ✔ names the current library when previewing a membership removal (0.235542ms)
✔ VideoDeleteImpact (3.401416ms)
▶ video primary metadata classification navigation
  ✔ dispatches entity-backed organizations by stable id (0.946042ms)
  ✔ does not expose a name-only organization route (0.060875ms)
  ✔ uses only the stable director id (0.061166ms)
  ✔ uses only the stable series id (0.058375ms)
✔ video primary metadata classification navigation (1.572959ms)
▶ video detail resource actions
  ✔ shows copy and external-open actions instead of play for link resources (5.0165ms)
  ✔ keeps the play action for local resources (0.49975ms)
  ✔ shows actual link kind, STRM hosting, masked target, and source path together (2.00875ms)
  ✔ exposes the cross-library move command for both links and root-managed resources (1.955417ms)
✔ video detail resource actions (9.92125ms)
▶ VideoLibraryMembershipBadges
  ✔ puts the active resource scope first and names the other memberships accessibly (3.314208ms)
  ✔ bounds the visible badges and exposes hidden library names in the overflow title (0.429833ms)
✔ VideoLibraryMembershipBadges (4.324208ms)
▶ VideoResourceImportModal
  ✔ keeps a STRM target read-only while allowing metadata edits and HTTP checks (137.017458ms)
✔ VideoResourceImportModal (137.343958ms)
✔ loads only on open, renders at most one page, and selects an existing tag by ID (16.914042ms)
✔ debounces search, resets the page, and discards earlier search responses (549.356375ms)
✔ shows errors with retry and discards closed-modal results before reopening (2.0075ms)
✔ creates from the full draft and prevents an old write completion from closing another video modal (1.577791ms)
✔ refreshes stale candidates after a failed selection without retrying the write (2.253333ms)
✔ does not inherit an open picker or issue a hidden request when switching videos (1.835791ms)
▶ actress virtual grid layout
  ✔ derives responsive columns without shrinking cards below their minimum width (0.360417ms)
  ✔ places load state on a dedicated row after an incomplete item row (0.559583ms)
✔ actress virtual grid layout (1.285125ms)
▶ AgentMetadataActivityFeed
  ✔ keeps live model thinking open and shows semantic actions (4.185875ms)
  ✔ collapses completed thinking into an expandable preview (2.005959ms)
  ✔ moves a finished live thought back into collapsed history (1.018458ms)
  ✔ caps the thinking box height and still shows the full streamed text (2.473417ms)
✔ AgentMetadataActivityFeed (10.140083ms)
▶ Agent metadata collector intro
  ✔ explains how this flow differs from regular matching (0.56175ms)
  ✔ keeps the setup steps compact and muted (3.324541ms)
✔ Agent metadata collector intro (4.312917ms)
▶ alias editor state
  ✔ promotes an alias to main name and keeps the previous main as an alias (0.880708ms)
  ✔ does not duplicate the previous main name when it is already an alias (0.077833ms)
✔ alias editor state (1.53375ms)
▶ classification image interaction state
  ✔ distinguishes formal images from dynamic fallback images (0.867708ms)
  ✔ builds explicit file, URL, and video-cover commands (0.080583ms)
✔ classification image interaction state (1.402625ms)
▶ classification merge interaction state
  ✔ keeps the selected source identity when refreshed candidates reorder (0.789959ms)
  ✔ keeps a selected source through a narrower search and rejects invalid commands (0.063667ms)
✔ classification merge interaction state (1.196292ms)
▶ classification picker state
  ✔ stays closed until the user asks for candidates (0.835416ms)
  ✔ hides candidates when the result set is empty (0.061541ms)
  ✔ opens on arrow navigation and wraps around the candidate list (0.05325ms)
  ✔ never navigates into an empty candidate list (0.039791ms)
  ✔ drops the active candidate when typing or when the result set shrinks (0.039625ms)
  ✔ closes on dismiss (0.033ms)
  ✔ hides the create hint when the query already names an existing option (0.038916ms)
✔ classification picker state (1.504209ms)
▶ director form state
  ✔ defaults to preserving a changed main name and converts profile fields (0.814833ms)
✔ director form state (1.120917ms)
▶ director picker state
  ✔ keeps typed same-name input as an explicit inline-create request (0.8575ms)
  ✔ shows stable candidate differences rather than silently choosing by name (0.085291ms)
✔ director picker state (1.378667ms)
▶ image preview swipe gesture
  ✔ switches to the previous image when dragging right past the threshold (0.336375ms)
  ✔ switches to the next image when dragging left past the threshold (0.054ms)
  ✔ ignores clicks, short drags, and vertical drags (0.055167ms)
  ✔ distinguishes a drag from a click even when movement is vertical (0.06475ms)
✔ image preview swipe gesture (0.938666ms)
▶ mediaLibraryIdentityStyle
  ✔ maps every domain color to one semantic CSS custom property (1.218791ms)
  ✔ keeps the established palette mapping stable (0.071041ms)
✔ mediaLibraryIdentityStyle (1.645334ms)
▶ organization form state
  ✔ defaults to preserving the previous main name while retaining ordered aliases and links (0.869ms)
  ✔ moves links without mutating the current form state (0.071875ms)
  ✔ retains a selected parent while search results change (0.269208ms)
✔ organization form state (1.650542ms)
▶ organization merge presentation
  ✔ shows cross-role candidate statistics without collapsing the two roles (0.402667ms)
  ✔ reports each transferred relation after a successful merge (0.056834ms)
✔ organization merge presentation (1.050583ms)
▶ organization picker state
  ✔ resolves main names and aliases to stable ids (1.06225ms)
  ✔ uses unmatched text as an explicit inline create request (0.063208ms)
  ✔ uses an empty value to remove the organization relation (0.059084ms)
  ✔ describes candidates by stable id, roles, and aliases (0.061209ms)
✔ organization picker state (1.629ms)
▶ PlaylistImportProvider workspace
  ✔ uses the Agent scrape two-pane workspace with live activity and result preview (1.879791ms)
  ✔ offers one confirmed termination action in running and waiting-user footers (0.228208ms)
  ✔ closes the import workspace after the host confirms task termination (0.1705ms)
  ✔ closes only through the actions rendered inside the import dialog (0.117625ms)
  ✔ closes the import dialog before navigating to the imported playlist (0.143875ms)
  ✔ offers frozen write options with source-playlist linking disabled by default (0.176333ms)
  ✔ selects the active default media library when opening the importer (0.129417ms)
  ✔ explains the Agent name and host-date fallback for an empty new-playlist name (0.114459ms)
  ✔ invalidates global video projections and discards stale identity choices (0.124917ms)
  ✔ broadcasts completion so recovered imports refresh mounted playlist surfaces (0.236791ms)
  ✔ renders the complete release summary instead of only aggregate reuse counts (0.16675ms)
  ✔ keeps preview rows dense and long text truncation stable (3.58125ms)
  ✔ shows enough candidate identity evidence and opens links through the app shell (0.68525ms)
✔ PlaylistImportProvider workspace (8.43425ms)
▶ PluginDevConfigRail ready actions
  ✔ makes Install primary and disables empty continuation until feedback is entered (8.203792ms)
✔ PluginDevConfigRail ready actions (8.528542ms)
▶ PluginDevConversation history controls
  ✔ presents a ready settlement as normal state and requires feedback to continue (5.559834ms)
  ✔ renders model reasoning as a quiet collapsed diagnostic block (8.040167ms)
  ✔ keeps live reasoning open and marks the answer as streaming (3.0665ms)
  ✔ renders agent answers as markdown (3.147125ms)
  ✔ renders compact context metrics with the cache-hit ratio (0.70675ms)
  ✔ exposes an explicit clear-session action for a restored historical run (0.747458ms)
  ✔ keeps typed choice, browser challenge and freeform requests as distinct controls (1.694875ms)
✔ PluginDevConversation history controls (23.569084ms)
✔ pages40/40/21, resolves full names and retains selected long identities when returning (283.749708ms)
✔ retries page failures and isolates a stale page during raw search debounce (387.739167ms)
✔ ignores choice completion after search or close and suppresses same-tick duplicate clicks (390.500666ms)
✔ reports missing or unrepresentable names without adding incorrect targets (79.530541ms)
✔ enforces existing eight-target limit and preserves video query behavior after kind switch (56.636666ms)
✔ recognizes existing long targets on a fresh mount without confusing a common preview prefix (67.245541ms)
✔ ignores a held actress choice after switching to video (68.933042ms)
✔ bounds long-label reconciliation concurrency and stops scheduling after kind switch (34.2975ms)
✔ retries failed long-label selection reconciliation (38.332125ms)
✔ guides a configured model user to the missing website, then enables development (280.018792ms)
✔ keeps the actual model readiness reason when a named model cannot run (4.064291ms)
▶ PluginDevResultPanel manifest coverage
  ✔ separates actionable field ids from runtime-only information (4.27775ms)
  ✔ renders each exact-match candidate when the plugin returns an array (0.83975ms)
  ✔ labels a targeted execution as a local diagnostic even when the saved full run is ready (0.949875ms)
  ✔ explains null and empty array plugin returns instead of hiding the section (0.319542ms)
✔ PluginDevResultPanel manifest coverage (6.794584ms)
▶ plugin dev Agent UI state
  ✔ requires feedback before continuing a mechanically ready Agent (0.419458ms)
  ✔ presents a normal Agent settlement without an error toast (0.527292ms)
  ✔ coalesces streaming reasoning and answer into their final model-turn items (0.127583ms)
  ✔ enables the existing Install button only for a current mechanical acceptance (0.043ms)
  ✔ allows clearing restored history only when its Agent is not running or busy (0.03775ms)
  ✔ auto-applies only unfinished history and leaves terminal editor state untouched (0.042041ms)
  ✔ keeps non-debuggable built-ins out of the plugin-development selector (3.91975ms)
  ✔ does not treat a loaded built-in fork as the already-selected new-plugin option (0.117125ms)
  ✔ rejects session B events while continuing session A (0.08025ms)
  ✔ binds an unbound start once and rejects later events from another session (0.064958ms)
  ✔ invalidates a snapshot after any newer live mutation (0.062708ms)
  ✔ releases restored busy state on settle but keeps a local API dispatch busy (0.057375ms)
  ✔ projects live workspace drafts from package_updated, not terminal done (0.045625ms)
  ✔ blocks ordinary messages until the exact pending approval is decided (0.062792ms)
  ✔ does not dispatch a stale approval after the request disappeared (0.037667ms)
✔ plugin dev Agent UI state (6.1595ms)
▶ series form state
  ✔ defaults a rename to retaining the previous main name (0.474417ms)
  ✔ trims text and converts optional numeric selections (0.764083ms)
✔ series form state (1.634834ms)
▶ series picker state
  ✔ keeps typed creation separate from selecting an existing stable identity (0.864125ms)
  ✔ always distinguishes same-name candidates by stable id and owner scope (0.094417ms)
✔ series picker state (1.35925ms)
✔ shows bounded log preview with explicit omission notice and full task counters (17.604917ms)
✔ applies supported fields, preserves other mappings, allows overrides and only persists on save (12.175458ms)
✔ rejects unavailable saved sources and keeps missing references visible for repair (0.860958ms)
✔ excludes nested and other-kind plugins and prevents applying unconfigured sources (0.603708ms)
✔ uses video field capabilities for bulk assignment (1.202375ms)
▶ LibraryScanAuditPanel
  ✔ defaults to the attention tab even when the latest scan has no issues (231.105666ms)
  ✔ keeps cached unrecognized files visible with their root-scoped resolution controls (3.716333ms)
  ✔ does not describe current scan failures as resolved (1.081083ms)
  ✔ offers a processing jump for cached unrecognized rows in the all-files tab (3.140083ms)
  ✔ shows an NFO identity conflict as a secondary scan disposition and opens the pending center (2.450208ms)
  ✔ routes a current NFO candidate to its scrape pending item (1.335375ms)
  ✔ shows historical NFO pending dispositions as resolved when their current rows are gone (1.513ms)
  ✔ keeps the attention badge equal to the visible list when only an NFO warning exists (1.433833ms)
✔ LibraryScanAuditPanel (246.535208ms)
✔ limits a large failed audit to100 visible rows and queries only their pending IDs (21.365542ms)
✔ routes all three kinds from one mixed pending presence response (1.361292ms)
✔ keeps a stable audit anchor when a historical group is no longer pending (0.639ms)
▶ MetaTube plugin settings
  ✔ shows pending status and blocks setting an unconfigured plugin as default (4.241917ms)
  ✔ keeps a blank token and supports explicit token clearing (5.413042ms)
  ✔ requires confirmation before saving a token over remote HTTP (2.92275ms)
  ✔ tests the current draft without changing the token mode (5.871125ms)
✔ MetaTube plugin settings (18.948833ms)
▶ Model management v2 panels
  ✔ keeps workload edits local until the explicit save action (13.367542ms)
  ✔ shows configured providers first and keeps unconfigured built-ins collapsed (0.898958ms)
  ✔ limits the default advanced view to models referenced by workloads (7.267125ms)
✔ Model management v2 panels (21.969708ms)
✔ saves proxy address and mode only on explicit commit; testing stays independent (258.340084ms)
▶ NFO export foreground modal
  ✔ vetoes full-page unload while the foreground modal is active (250.1945ms)
  ✔ is an aria-modal task surface with an explicit terminate action and no dismiss action (10.750792ms)
  ✔ keeps the terminal report open until the user confirms it (2.0745ms)
  ✔ renders a returned plan and enters blocking state before foreground execution (10.964583ms)
  ✔ discards a plan that returns after the storage panel has unmounted (2.0355ms)
  ✔ terminates an export whose start result returns after unmount (2.613291ms)
✔ NFO export foreground modal (279.530041ms)
▶ NFO export preview details
  ✔ counts only new and replaced artwork in the writing breakdown (0.76325ms)
  ✔ distinguishes stopped, partial and empty reports and exposes stop errors in the dialog (0.995667ms)
  ✔ mounts only the opened page of a large warning list and keeps every warning reachable (3.179542ms)
✔ NFO export preview details (5.045292ms)
▶ SettingsPrimitives
  ✔ retains an invalid value with an accessible error instead of silently clamping it (9.385875ms)
  ✔ keeps a multi-digit number local until the edit is committed (1.485125ms)
  ✔ supports keyboard activation of increment and does not treat empty input as zero (0.493916ms)
  ✔ renders a semantic card without losing its accessible name (0.214708ms)
  ✔ exposes status as data rather than a behavior-bearing class name (0.151084ms)
✔ SettingsPrimitives (12.36475ms)
✔ renames with no manual code or target and refreshes the pending row after failed recognition (163.180625ms)
✔ retries a failed service with saved configuration, and prevents submitting unsaved drafts via retry (3402.803667ms)
▶ library scan audit row layout
  ✔ uses compact rows only when the skipped tab also uses compact virtual slots (0.805417ms)
  ✔ keeps the variable-height attention list out of fixed-size virtualization (0.094791ms)
  ✔ keeps CSS row geometry aligned with virtual item sizes (0.508834ms)
✔ library scan audit row layout (2.294708ms)
▶ video resource card badges
  ✔ keeps primary-first order, deduplicates kinds, and limits visible labels to two (1.066916ms)
  ✔ returns no card decoration when a video has no resources (0.093708ms)
  ✔ shares full resource labels across detail and filter surfaces (0.067375ms)
✔ video resource card badges (1.798125ms)
▶ video resource import form
  ✔ shares auto detection, normalization, and size conversion across entry points (1.319083ms)
  ✔ auto-detects Magnet and keeps its protocol-derived default name (0.176666ms)
  ✔ treats blank matching input as absent without invoking strict code validation (0.068ms)
✔ video resource import form (2.035083ms)
▶ video resource import layout
  ✔ gives the size value the fluid column and keeps its unit compact (7.264292ms)
✔ video resource import layout (7.6475ms)
▶ shared workbench primitives
  ✔ composes feature classes without replacing the neutral structure (1.623917ms)
  ✔ connects tabs to their panels with a single keyboard tab stop (0.624334ms)
✔ shared workbench primitives (2.657583ms)
✔ counts avatars through the scalar API without loading targets and propagates failures (47.939125ms)
✔ consumes pages on demand and stops safely across page failure, cancellation and unmount (65.769334ms)
✔ serializes startup before target loading and releases ownership on empty, failed or unmounted startup (50.415ms)
▶ isBatchScrapeActive
  ✔ treats only running and paused batches as active (0.314959ms)
✔ isBatchScrapeActive (0.617417ms)
▶ poster grid row height
  ✔ reserves the complete membership strip without changing ordinary library rows (0.336292ms)
✔ poster grid row height (0.682292ms)
▶ facet route contracts
  ✔ only permits each entity detail under its matching facet (0.317375ms)
✔ facet route contracts (0.630667ms)
▶ global search shortcut
  ✔ accepts Cmd/Ctrl+K and rejects unrelated key combinations (0.3945ms)
  ✔ focuses and selects the Home input after two render frames (0.571042ms)
✔ global search shortcut (1.359833ms)
▶ useLatestAsyncLabel
  ✔ ignores an older request that finishes after the latest request (5.893583ms)
✔ useLatestAsyncLabel (6.94725ms)
✔ does not load hidden scan history, including manual refresh and invalidation, and releases completed data (59.953166ms)
✔ discards pending results after leaving and re-entering or switching libraries (38.230959ms)
✔ exposes history load errors and retries without treating failure as an empty history (24.8715ms)
▶ media-library scan event scope
  ✔ accepts only the current library and, once known, the current run (0.319791ms)
✔ media-library scan event scope (0.628541ms)
✔ sends no empty lookup, deduplicates IDs and rejects a stale page response (12.576125ms)
✔ distinguishes a failed lookup from processed items and retries the same page (1.728958ms)
✔ does not reuse old ready state when a page is revisited before another lookup finishes (1.770375ms)
✔ does not fetch empty/inactive selections and resolves only unique selected IDs (7.806959ms)
✔ ignores responses for previous filters and refreshes on returning from detail (1.517459ms)
✔ does not loop on a rejected lookup and discards in-flight results after deactivation (1.079958ms)
▶ isLibraryListSurfacePath
  ✔ matches list roots only (0.712833ms)
  ✔ does not match detail or stack routes (0.201916ms)
✔ isLibraryListSurfacePath (1.281292ms)
▶ shouldRefetchLibraryOnRouteChange
  ✔ refetches when entering a list root from outside (0.285375ms)
  ✔ does not refetch when opening detail stacks or hopping between list roots (0.1675ms)
✔ shouldRefetchLibraryOnRouteChange (0.577ms)
▶ global search URL state
  ✔ normalizes positive media-library ids in stable order (0.859083ms)
  ✔ canonicalizes owned state without stripping detail-only lib (0.303917ms)
  ✔ builds an explicit, paged cross-library search input and identity (0.2215ms)
✔ global search URL state (1.87675ms)
▶ library resource filter URL contract
  ✔ parses valid unique values in canonical order and ignores invalid values (1.044375ms)
  ✔ omits the default all-resources state and canonicalizes copied URLs (0.231709ms)
  ✔ removes a resource parameter containing only invalid values (0.064542ms)
  ✔ includes applied resource filters in the query and scroll-memory hash (0.257833ms)
  ✔ keeps pending scrape as an independent canonical filter dimension (0.142042ms)
  ✔ resolves omitted sort state from each media library configuration (0.176625ms)
✔ library resource filter URL contract (2.422958ms)
▶ multi-library route builders and parsers
  ✔ round-trips the home video detail stack (1.238917ms)
  ✔ round-trips the global-search video detail stack (0.143375ms)
  ✔ round-trips media-library list, detail, nested actress and settings routes (0.566959ms)
  ✔ rejects malformed, non-positive, fractional and unsafe route ids (0.427083ms)
  ✔ accepts digit-only positive ids and builders emit their canonical form (0.078833ms)
✔ multi-library route builders and parsers (2.877833ms)
▶ detail-only active-library query contract
  ✔ parses only positive safe-integer library ids (0.109375ms)
  ✔ canonicalizes the first lib value without changing other list query state (0.135833ms)
  ✔ sets, replaces and strips the detail-only library parameter immutably (0.099416ms)
  ✔ derives a single detail context and gives a library path precedence over lib (0.182ms)
  ✔ keeps lib only where the route needs query-owned detail scope (0.167709ms)
  ✔ respects a valid legacy lib hint and falls back when that membership is unavailable (0.228458ms)
✔ detail-only active-library query contract (1.031542ms)
▶ recent media-library memory
  ✔ stores only positive safe library ids and ignores malformed persisted state (0.411625ms)
✔ recent media-library memory (0.762916ms)
▶ route builders and parsers
  ✔ round-trips library detail stacks (1.232458ms)
  ✔ round-trips actress detail stacks (0.15025ms)
  ✔ round-trips playlist and classification entity detail stacks (0.287333ms)
  ✔ rejects malformed detail ids (0.163042ms)
  ✔ builds pending-center locations without page-level query concatenation (0.43475ms)
✔ route builders and parsers (2.682083ms)
▶ classification list query contract
  ✔ accepts only video count and update time sorting with video count descending by default (0.0615ms)
  ✔ includes organization search and sorting in the shareable query identity (0.097292ms)
  ✔ keeps series release sorting separate from classification-list sorting (0.069208ms)
✔ classification list query contract (0.300958ms)
▶ actress avatar filter query contract
  ✔ normalizes avatar filter values and omits the all default (0.116125ms)
  ✔ returns to the actress list without losing its query state (0.178834ms)
  ✔ keeps avatar filters distinct in the actress query hash (0.119417ms)
✔ actress avatar filter query contract (0.475958ms)
▶ actress status filter query contract
  ✔ parses the canonical status values and treats anything else as all (0.088166ms)
  ✔ omits the param for all and writes the canonical value otherwise (0.108125ms)
  ✔ includes status in the list query identity and ignores invalid values (0.06525ms)
  ✔ keeps search, gender and sort identity while only the status changes (0.064208ms)
  ✔ round-trips the status query through actress detail and back (0.104541ms)
  ✔ remembers the actress status filter across primary navigation (0.222166ms)
✔ actress status filter query contract (0.718292ms)
▶ primary navigation memory
  ✔ restores query state per list and removes unrelated nested query keys (0.30325ms)
  ✔ persists search only when leaving a list root (0.124708ms)
  ✔ forgets a root so cross-nav no longer restores it (0.04275ms)
  ✔ resolves same-section vs cross-section sidebar targets (0.112625ms)
  ✔ builds nav link href from current search when active (0.086708ms)
✔ primary navigation memory (0.705334ms)
▶ navigation helpers
  ✔ removes playlist-detail resource filters when returning to the playlist list (0.07225ms)
  ✔ keeps home, search and media-library detail stacks scoped and reversible (0.514958ms)
  ✔ closes nested actress details back to their parent video context (0.709334ms)
  ✔ keeps stable series identity and release direction through its detail stack (0.27575ms)
  ✔ keeps director identity and query state through its stable detail stack (0.223542ms)
  ✔ opens an organization by stable id while preserving its role-list query (0.1555ms)
  ✔ keeps classification query only inside the same classification stack (0.132459ms)
  ✔ keeps video and actress navigation inside the stable organization stack (0.25125ms)
  ✔ keeps video and actress navigation inside the pending workbench stack (0.271833ms)
  ✔ opens actress detail from the pending inbox and returns to it (0.232583ms)
✔ navigation helpers (3.016708ms)
▶ settings route contract
  ✔ builds canonical settings paths and resolves valid sections (0.326084ms)
✔ settings route contract (0.370542ms)
▶ media-library settings state
  ✔ builds a trimmed create command, deduplicates roots and still allows an empty library (1.23775ms)
  ✔ builds minimal identity and section-scoped config patches (0.225917ms)
  ✔ normalizes an empty scraper and validates numeric scan boundaries (0.069708ms)
  ✔ gates destructive lifecycle commands (0.067542ms)
  ✔ allows cleanup-only scans but rejects a library with no work (0.062791ms)
  ✔ routes every root-owned record through cleanup before direct deletion (0.054083ms)
  ✔ reports partial root additions explicitly (0.037708ms)
  ✔ shows a terminal query error even before form drafts exist (0.049625ms)
✔ media-library settings state (2.258667ms)
✔ loads metadata once while paging 60/60/5 works and preserving the full count (454.453709ms)
✔ retries page errors, clamps a removed last page, and rejects late actor results (10.040125ms)
✔ does not invalidate the new actor metadata when the old editor save settles late (8.836667ms)
✔ retains an open merge plan and its full count while the visible works refresh (11.278625ms)
✔ does not reuse the prior actor page when an intervening actor request is still pending (4.838334ms)
▶ series real list page
  ✔ renders 60/60/5 with server total and bounded page cache (1268.610167ms)
  ✔ clears old cards while loading and supports failed-page retry (29.564416ms)
  ✔ clamps a shrinking total to its last page, including zero (62.2105ms)
  ✔ resets search/sort to page one and rejects late search data (826.56275ms)
  ✔ invalidates uncommitted input across A → B → A history navigation (317.993833ms)
  ✔ invalidates pending input when opening detail without changing search (610.087167ms)
  ✔ retains page, active observer and scroll through nested detail and return (17.458708ms)
✔ series real list page (3212.941209ms)
▶ maker real list page
  ✔ renders 60/60/5 with server total and bounded page cache (1258.43425ms)
  ✔ clears old cards while loading and supports failed-page retry (30.455583ms)
  ✔ clamps a shrinking total to its last page, including zero (60.083875ms)
  ✔ resets search/sort to page one and rejects late search data (844.090083ms)
  ✔ invalidates uncommitted input across A → B → A history navigation (328.46475ms)
  ✔ invalidates pending input when opening detail without changing search (624.961208ms)
  ✔ retains page, active observer and scroll through nested detail and return (16.13725ms)
✔ maker real list page (3163.204709ms)
▶ director real list page
  ✔ renders 60/60/5 with server total and bounded page cache (1312.894ms)
  ✔ clears old cards while loading and supports failed-page retry (34.397042ms)
  ✔ clamps a shrinking total to its last page, including zero (62.59475ms)
  ✔ resets search/sort to page one and rejects late search data (834.832834ms)
  ✔ invalidates uncommitted input across A → B → A history navigation (324.094ms)
  ✔ invalidates pending input when opening detail without changing search (615.648625ms)
  ✔ retains page, active observer and scroll through nested detail and return (13.585792ms)
✔ director real list page (3198.762542ms)
✔ organization role change discards old filters and pending search (318.571583ms)
✔ normalizes URL offsets safely and keys distinct pages (5.001417ms)
▶ video detail section order
  ✔ renders a titled related-links section after video resources (0.402708ms)
✔ video detail section order (0.745667ms)
▶ HomePage
  ✔ searches in place while typing and restores discovery when cleared (870.986625ms)
  ✔ keeps discovery stable through refreshes and remounts until replaced (3.952208ms)
✔ HomePage (875.388209ms)
▶ HomePage search layout
  ✔ reserves shared toolbar-search padding for the icon and keyboard shortcut (3.268834ms)
  ✔ centers the search icon inside the shared input control (0.847792ms)
  ✔ keeps the keyboard shortcut on the same vertical center line (0.546583ms)
✔ HomePage search layout (5.356875ms)
✔ uses the shared switch for home discovery and keeps changes in the settings draft (237.936ms)
▶ MediaLibrarySettingsPage layout
  ✔ uses the application settings width token and stays left aligned (2.9765ms)
  ✔ keeps compact library context above the old-style import workspace (8.562709ms)
✔ MediaLibrarySettingsPage layout (11.951375ms)
▶ ScanSettingsTab
  ✔ builds domain-correct deep links for scan identities and scrape candidates (227.174834ms)
  ✔ renders automatic local NFO import enabled by default and persists a switch change immediately (8.269458ms)
✔ ScanSettingsTab (235.898917ms)
✔ distinguishes scan history loading, failure with retry and an empty result (4.1405ms)
✔ locates a deep actor group and loads only its detail before paging (357.903959ms)
✔ keeps page and detail failures distinct and retries without a full list (195.475709ms)
✔ ignores a late old detail after selecting another group (152.18725ms)
✔ preserves an explicit decision across a category switch and detail overlay (226.918458ms)
✔ applies an ownership decision then clamps a deleted last page (157.786833ms)
✔ does not let a completed old mutation reset a newer group decision (268.163708ms)
✔ keeps actor paging in the all-domain view even when a scan item comes first (130.380041ms)
✔ asks the server about names outside the current page before editing (377.155ms)
✔ keeps a stale resolution on the same group and requires a renewed decision (158.245667ms)
✔ isolates an old completion after navigating A to B and back to A (336.985708ms)
✔ stays on the deep-linked page after its selected group is resolved (159.4835ms)
✔ does not close a new discard dialog when an old A-B-A discard fails (272.138083ms)
✔ pages owner candidates and preserves a selected actor outside the current page (218.065875ms)
✔ retries picker failures and invalidates old page replies immediately while search debounces (469.754709ms)
✔ ignores an old actor choice after closing and reopening the same picker (183.660125ms)
✔ keeps the newest actor choice when earlier detail reads finish later (160.745958ms)
✔ keeps a direct group-owner decision after an older external-owner detail returns (191.653666ms)
✔ invalidates a pending external-owner choice when a decision is submitted (245.490792ms)
✔ ignores a picker choice after navigating group A-B-A (246.956375ms)
✔ locates a deep-linked pending item, pages with a bounded cache and ignores a late detail (320.206917ms)
✔ shows an explicit page error and retries without fetching the full inbox (68.412167ms)
✔ recovers the last page after deletion and selects the surviving first item (86.956416ms)
✔ does not block a different queue when scrape count fails or reuse its disabled page total (87.226209ms)
✔ ignores an old page that resolves after navigation to a newer page (105.425458ms)
▶ PendingCenterPage scrape resolution
  ✔ carries an explicit director through merge-and-apply without stacking prompts (216.08125ms)
  ✔ previews either persisted identity and submits only after explicit confirmation (38.261042ms)
  ✔ shows the library filter only for scan decisions (25.673041ms)
  ✔ clears the library filter from the scoped empty state and keeps the scan tab selected (25.700458ms)
✔ PendingCenterPage scrape resolution (306.286ms)
✔ locates scan anchors, reads only selected details and ignores late details after paging (347.703292ms)
✔ reports page errors and missing selected records without treating them as an empty queue (107.440083ms)
✔ clamps the deleted last page and does not show an old library page (177.492125ms)
✔ uses only count on another category and count failure does not block that category (44.16775ms)
✔ does not block scrape on a library listing failure (42.712959ms)
✔ resolves identity deep links to the scoped identity pane without group detail reads (46.486333ms)
✔ retries rejected selected detail without reloading full queues (134.078083ms)
✔ loads actor details only in its category and keeps inactive summary counts current (179.778833ms)
✔ shows unknown actor count without blocking scan when summary fails (43.118584ms)
✔ ignores an old playlist response arriving after navigation (207.05125ms)
✔ requests a bounded thumbnail for a playlist card (3.558083ms)
✔ does not refresh an old playlist when its removal finishes after navigation (7.243834ms)
✔ returns to the previous page when deleting the only item on the last page (5.0675ms)
✔ keeps the existing grid mounted during refresh after closing a nested video (2.872917ms)
✔ keeps the latest sort response when requests for the same playlist finish out of order (2.526541ms)
✔ reuses metadata while paging but refreshes it after a playlist mutation (3.559292ms)
✔ does not reuse stale metadata when filtering interrupts a forced refresh (3.254833ms)
✔ shows not found when a refreshed metadata read reports a deleted playlist (0.935166ms)
✔ refreshes the fallback cover with the new sort instead of reusing the old metadata (2.323417ms)
▶ PlaylistDetailPage resource filter feedback
  ✔ keeps the compact toolbar count without rendering an applied-filter bar (0.422375ms)
  ✔ uses an import action icon instead of a download icon (0.0675ms)
✔ PlaylistDetailPage resource filter feedback (0.877042ms)
▶ actress conflict review state
  ✔ keeps every action tied to its explicit user-visible scope (0.822541ms)
  ✔ expands changed impacts and keeps unchanged impacts collapsed initially (0.069125ms)
  ✔ uses the candidate-owned impact plan only when that candidate is the proposed owner (0.057542ms)
  ✔ sections groups by task state and sorts each section by display name (3.774959ms)
  ✔ selects the first source for viewing without preselecting a proposed owner (0.095667ms)
  ✔ explains empty, unchanged, moved, and conflict-free name edits (0.424625ms)
  ✔ builds the exact owner, pending, and actress versions shown to the user (0.0775ms)
  ✔ requires a replacement only when assigning away a current main name (0.062791ms)
  ✔ enables illegal-name confirmation only after every required replacement is valid (0.063041ms)
  ✔ requires an explicit partner, keeper, and final main name for conflict merges (0.165792ms)
  ✔ allows a pending-name-ownership pair to be merged (0.043042ms)
  ✔ keeps the current group or selects its next neighbor after refresh (0.15075ms)
✔ actress conflict review state (6.357375ms)
▶ conflictReviewRemote
  ✔ resolves ownership/merge/illegal and surfaces stale refresh (0.513792ms)
  ✔ discards a candidate and refreshes the queue (0.099958ms)
  ✔ validates replacement main names (0.1745ms)
  ✔ ignores an older live name inspection after a newer request wins (3.530167ms)
  ✔ invalidates an in-flight inspection cleanup (0.1305ms)
✔ conflictReviewRemote (4.88175ms)
▶ conflictReviewSession
  ✔ resets decision draft when switching groups (0.467666ms)
  ✔ opens ownership replacement dialog when claimants need new main names (4.295291ms)
  ✔ applies refresh focus and stale message (0.133792ms)
  ✔ syncSelectedGroup initializes selection for the first available group (0.044208ms)
✔ conflictReviewSession (5.351583ms)
▶ conflict review latest request gate
  ✔ accepts only the newest async validation result (0.336375ms)
  ✔ invalidates an in-flight result when the workflow closes (0.047959ms)
  ✔ does not let stale cleanup invalidate the current request (0.0395ms)
✔ conflict review latest request gate (0.910667ms)
▶ media-library list surface state
  ✔ keeps archived libraries out of the writable catalog surface (0.313834ms)
✔ media-library list surface state (0.6195ms)
▶ pending center resolution state
  ✔ requires every scan resource to have an explicit valid target (0.381042ms)
  ✔ serializes scan targets only at the select-control boundary (0.514125ms)
  ✔ starts scrape candidates unselected and rejects stale candidate ids (0.073375ms)
  ✔ shows the same deterministic default primary ordering as persisted resolution (0.139333ms)
  ✔ labels scan decisions with their owning media library (0.08275ms)
  ✔ shows resource identity conflicts in the scan queue without exposing a local path (0.04875ms)
✔ pending center resolution state (1.627125ms)
▶ matchesPlaylistResourceFilter
  ✔ uses OR semantics and treats none as global zero resources (0.339208ms)
✔ matchesPlaylistResourceFilter (0.651333ms)
▶ useConflictReviewController
  ✔ wires queue selection and resets dialog draft when switching groups (40.219292ms)
  ✔ routes resolve through the nested view-model commands (15.675125ms)
✔ useConflictReviewController (56.403ms)
✔ preserves an explicit ownership decision while detail reads are disabled and reenabled (151.9605ms)
▶ video business identity conflict presentation
  ✔ recognizes domain and database-boundary conflict messages (0.536416ms)
✔ video business identity conflict presentation (1.095584ms)
▶ video detail scraper selection
  ✔ prefers the active media-library default over the global default (0.3295ms)
  ✔ does not retain the previous library default when the active library switches (0.051625ms)
  ✔ falls back to the global default when the active library has no override (0.041625ms)
✔ video detail scraper selection (0.777ms)
▶ pending inbox state
  ✔ sums the aggregate media-library projection without per-library item reads (0.439208ms)
✔ pending inbox state (0.7815ms)
✔ keeps loading and failed inbox counts distinct from an empty inbox (0.071083ms)
▶ actress list renderer behavior
  ✔ does not load the full face-scan manifest for an ordinary actress page (2.818917ms)
  ✔ isolates cached pages when any query condition changes (0.558834ms)
  ✔ recombines the same session face-result subset for list filter changes (0.083416ms)
  ✔ keeps loaded pages after a failure and retries the same next-page offset (0.816208ms)
  ✔ keeps selected ids when later pages append more actresses (0.094625ms)
  ✔ restores scroll after detail return and resets it for a changed query (0.107292ms)
  ✔ clears every pending rail scroll scope on same-section primary navigation (0.450833ms)
✔ actress list renderer behavior (5.35625ms)
▶ actress infinite list pages
  ✔ keeps loaded pages while requesting the next offset (0.823ms)
  ✔ stops after every matching actress has loaded (0.063625ms)
✔ actress infinite list pages (1.245375ms)
▶ scoped video query keys
  ✔ keeps media-library caches isolated (0.854375ms)
  ✔ canonicalizes filtered all-library scopes (0.080625ms)
✔ scoped video query keys (1.353209ms)
▶ useInfiniteVideoList
  ✔ loads a library larger than the IPC page limit in bounded pages (23.60375ms)
✔ useInfiniteVideoList (24.221458ms)
✔ blocks route changes with a draft and saves before continuing through the real router (31.244916ms)
✔ keeps edits through unrelated refreshes and explicitly resets to the latest saved value (3.144959ms)
✔ preserves edits made while an earlier value is being saved (0.379333ms)
▶ renderer avatarCrop
  ✔ falls back to the standard preset for invalid stored values (0.504083ms)
  ✔ falls back to face centering for invalid stored values (0.056334ms)
  ✔ keeps landmark-based faces at the same visual size across source images (0.390834ms)
  ✔ reports when a tight source cannot reach the requested face size (0.052292ms)
  ✔ applies the continuous face ratio consistently (0.070125ms)
  ✔ centers the estimated crown-to-chin region in head mode (0.051375ms)
  ✔ centers segmented visible head bounds instead of the facial axis (0.052125ms)
  ✔ keeps zoom identical across centering modes (0.080833ms)
  ✔ keeps face-ratio changes effective when full-head protection is disabled (0.076792ms)
  ✔ keeps legacy near-square avatars aligned with cover preview layout (0.6155ms)
  ✔ detects the native cover-compatible default transform (0.043ms)
  ✔ does not let a tainted canvas export crash the editor (0.119792ms)
✔ renderer avatarCrop (2.64175ms)
▶ video batch request scope
  ✔ requires and preserves the current library on library-surface requests (1.391875ms)
  ✔ keeps application-settings requests in explicit global compatibility mode (0.071959ms)
✔ video batch request scope (1.811875ms)
▶ avatarCrop
  ✔ round-trips a valid v1 crop (0.805416ms)
  ✔ rejects crop when fingerprint mismatches (0.05875ms)
  ✔ scales offsets when viewSize changes (0.1185ms)
✔ avatarCrop (1.407792ms)
▶ normalizeClassificationName
  ✔ uses the shared identity normalization without collapsing meaningful script differences (0.612959ms)
  ✔ rejects names that become empty after normalization (0.150709ms)
✔ normalizeClassificationName (1.100209ms)
✔ only accepts finite thumbnail variants and preserves preview URL components (0.587375ms)
▶ buildLibraryScanNotification
  ✔ keeps a no-change successful scan quiet (0.407583ms)
  ✔ notifies for changes and reports each destructive count separately (0.102291ms)
  ✔ reports a metadata-only resource refresh as an update (0.519583ms)
  ✔ reports pending scan groups and their resource count before ordinary changes (0.043083ms)
  ✔ prioritizes offline and error outcomes over ordinary change notices (0.036458ms)
  ✔ reports isolated STRM failures without exposing target content (0.066042ms)
  ✔ reports a blocking processing failure before isolated STRM failures (0.049875ms)
✔ buildLibraryScanNotification (1.658125ms)
▶ sanitizeLibraryScanError
  ✔ removes HTTP credentials, query parameters, Magnet data, and ED2K targets (0.531084ms)
  ✔ bounds arbitrary errors and never throws while formatting them (0.093042ms)
✔ sanitizeLibraryScanError (1.012417ms)
▶ normalizeLibraryScanSummary
  ✔ persists completed STRM failures with safe messages and a 50-item bound (0.668708ms)
✔ normalizeLibraryScanSummary (0.7155ms)
▶ NFO export foreground shortcut guard
  ✔ blocks reload, history, close, and application navigation shortcuts (0.621834ms)
  ✔ leaves modal controls and copy shortcuts usable (0.072166ms)
✔ NFO export foreground shortcut guard (1.215166ms)
▶ selectDefaultPendingScanPrimary
  ✔ prefers local resources and keeps duration, size, and path ordering (0.343916ms)
  ✔ orders STRM resources by actual target kind and then source path (0.074ms)
✔ selectDefaultPendingScanPrimary (0.757959ms)
▶ pluginDevKindProfile
  ✔ normalizes testTarget and testTargets (0.834334ms)
  ✔ splits test targets only on commas or newlines and trims each group (0.119125ms)
  ✔ uses typed explicit targets as a diagnostic subset (0.692708ms)
  ✔ rejects URL/path targets and wrong-kind arguments (0.273458ms)
  ✔ testTargetsFromDryRun extracts identity from dry-run result (0.089416ms)
  ✔ profiles expose kind-specific labels and field helpers (0.257292ms)
✔ pluginDevKindProfile (2.667041ms)
▶ plugin field semantics registry
  ✔ covers every video and actress field with valid symmetric conflicts (0.483083ms)
  ✔ generates the Agent glossary from the selected registry fields (0.167917ms)
  ✔ projects female and male performers independently (0.569666ms)
  ✔ projects composite rating and measurements without collapsing their parts (0.057083ms)
✔ plugin field semantics registry (1.672792ms)
▶ PluginResultContractModule
  ✔ classifies every structural and selectable result key by kind (0.863292ms)
  ✔ projects every manifest field through at least one standard result key (0.07375ms)
  ✔ lists unknown raw keys once without guessing a field mapping (0.116625ms)
  ✔ keeps actress identity and source metadata informational (0.319625ms)
  ✔ detects field-level partial cast projection and legacy female default (0.158292ms)
  ✔ maps composite measurements and rating to their legal manifest fields (0.09325ms)
  ✔ rejects empty and identity-only effective results mechanically (0.169625ms)
✔ PluginResultContractModule (2.294917ms)
▶ file scan audit presentation
  ✔ added new video (1.205042ms)
  ✔ added existing video (0.077792ms)
  ✔ updated relocated (0.051625ms)
  ✔ updated metadata (0.061208ms)
  ✔ updated STRM (0.19525ms)
  ✔ pending new local (0.100667ms)
  ✔ pending retained STRM (0.074542ms)
  ✔ pending empty code and zero group (0.068709ms)
  ✔ skipped unchanged with video (0.114125ms)
  ✔ skipped short without video (0.209791ms)
  ✔ skipped duplicate with zero video (0.071958ms)
  ✔ unrecognized (0.043375ms)
  ✔ STRM failure (0.036042ms)
  ✔ processing failure (0.027ms)
  ✔ preserves caller indices, path fallback and explicit undefined fields (0.062875ms)
✔ file scan audit presentation (3.03625ms)
▶ NFO secondary presentation
  ✔ imported: every primary outcome, warnings and attention (0.264083ms)
  ✔ skipped: every primary outcome, warnings and attention (0.1135ms)
  ✔ warning: every primary outcome, warnings and attention (0.12675ms)
  ✔ pending-candidate: every primary outcome, warnings and attention (0.111875ms)
  ✔ identity-conflict: every primary outcome, warnings and attention (0.111042ms)
  ✔ uses only the disposition-specific non-null pending id, including zero (0.086417ms)
✔ NFO secondary presentation (0.878208ms)
▶ resource scan audit presentation
  ✔ missing: full fields, source/title/display fallback and kinds (0.333708ms)
  ✔ removed_library_path: full fields, source/title/display fallback and kinds (0.255459ms)
  ✔ promoted_after_removal: full fields, source/title/display fallback and kinds (0.742292ms)
✔ resource scan audit presentation (1.366875ms)
✔ keeps optional enrichment fields structurally available without enriching raw views (0.047042ms)
▶ complete historical scan audit view items
  ✔ deduplicates cached paths exactly, retaining first root and order even without audit (0.216208ms)
  ✔ orders failed extras, attention files and pending groups; excludes only attention-listed cache paths (0.128542ms)
  ✔ preserves all-outcome order, duplicate audit files and indices after each outcome filter (0.189ms)
  ✔ preserves NFO status precedence, historical group fields and failed/all differences (0.136875ms)
  ✔ added/updated and skipped tabs filter before indexing and do not enrich NFO status (0.07625ms)
  ✔ composes changes in removed/promoted/deleted order with independent indices and removed-video suppression (0.077959ms)
  ✔ does not mutate input or share enriched row objects between calls (0.084042ms)
✔ complete historical scan audit view items (0.953125ms)
▶ video resource source identity
  ✔ normalizes local file paths (0.340291ms)
  ✔ uses the STRM source file instead of its external target (0.046583ms)
  ✔ does not claim ownership of ordinary external resources (0.038833ms)
✔ video resource source identity (0.770875ms)
▶ videoResourceLinks
  ✔ normalizes HTTP identity without reordering query parameters or changing the path (0.887625ms)
  ✔ rejects local and executable protocols (0.172917ms)
  ✔ infers common video extensions as direct links and otherwise uses web links (0.073542ms)
  ✔ masks query parameters in normal display text (0.064834ms)
  ✔ converts optional MB, GB, and TB values to integer bytes (0.056833ms)
  ✔ uses the Magnet xt identity while preserving the original link and deriving a name (0.189291ms)
  ✔ uses the ED2K file hash identity while deriving its file name (0.046917ms)
✔ videoResourceLinks (1.909208ms)
ℹ tests 2433
ℹ suites 356
ℹ pass 2432
ℹ fail 0
ℹ cancelled 0
ℹ skipped 1
ℹ todo 0
ℹ duration_ms 49384.640917
