
> Javdex@0.6.2 pretest
> npm run check:actress-boundaries && npm run check:media-asset-store-boundaries && npm run check:metadata-source-boundaries && npm run check:classification-entity-boundaries && npm run check:agent-platform-boundaries && npm run lint && npm run check:css-architecture && npm run check:ui-controls


> Javdex@0.6.2 check:actress-boundaries
> node scripts/check-actress-boundaries.mjs

Domain IPC, shared types, and process dependency boundaries are valid.

> Javdex@0.6.2 check:media-asset-store-boundaries
> node scripts/check-media-asset-store-boundaries.mjs

MediaAssetStore implementation boundaries are valid.

> Javdex@0.6.2 check:metadata-source-boundaries
> node scripts/check-metadata-source-boundaries.mjs

Video metadata source boundaries are valid.

> Javdex@0.6.2 check:classification-entity-boundaries
> node scripts/check-classification-entity-boundaries.mjs

Classification entity storage and routing boundaries are valid.

> Javdex@0.6.2 check:agent-platform-boundaries
> node scripts/check-agent-platform-boundaries.mjs

Agent platform boundaries OK

> Javdex@0.6.2 lint
> npm run lint:ts && npm run lint:css


> Javdex@0.6.2 lint:ts
> eslint "src/**/*.{ts,tsx}" "electron.vite.config.ts"


> Javdex@0.6.2 lint:css
> stylelint "src/renderer/src/**/*.module.css" --allow-empty-input


> Javdex@0.6.2 check:css-architecture
> node scripts/check-css-architecture.mjs

CSS architecture checks passed.
┌─────────────────────────────────┬────────┐
│ (index)                         │ Values │
├─────────────────────────────────┼────────┤
│ cssFileCount                    │ 90     │
│ globalClassCount                │ 1155   │
│ crossFileDuplicateClassCount    │ 143    │
│ descendantSelectorCount         │ 803    │
│ importantDeclarationCount       │ 12     │
│ hardcodedColorDeclarationCount  │ 166    │
│ globalStateClassCount           │ 88     │
│ rawButtonClassOccurrenceCount   │ 3      │
│ classNameBehaviorInferenceCount │ 0      │
└─────────────────────────────────┴────────┘

> Javdex@0.6.2 check:ui-controls
> node scripts/check-ui-controls.mjs

UI control checks passed: shared Switch / Checkbox only.

> Javdex@0.6.2 test
> npm run typecheck && npm run test:packaging && node scripts/run-electron-tests.mjs


> Javdex@0.6.2 typecheck
> npm run typecheck:node && npm run typecheck:web


> Javdex@0.6.2 typecheck:node
> tsc --noEmit -p tsconfig.node.json --composite false


> Javdex@0.6.2 typecheck:web
> tsc --noEmit -p tsconfig.web.json --composite false && tsc --noEmit -p tsconfig.browser.json


> Javdex@0.6.2 test:packaging
> node --test scripts/packaging-runtime.test.mjs

TAP version 13
# Subtest: pruneBetterSqlitePrebuilds retains only the current platform and arch
ok 1 - pruneBetterSqlitePrebuilds retains only the current platform and arch
  ---
  duration_ms: 1.626458
  type: 'test'
  ...
# Subtest: pruneBetterSqliteBuildFiles removes sources but preserves runtime files
ok 2 - pruneBetterSqliteBuildFiles removes sources but preserves runtime files
  ---
  duration_ms: 1.481875
  type: 'test'
  ...
# Subtest: better-sqlite3 prebuild selection covers every configured packaging platform
ok 3 - better-sqlite3 prebuild selection covers every configured packaging platform
  ---
  duration_ms: 0.086917
  type: 'test'
  ...
# Subtest: pruneElectronFrameworkLocales keeps English and Chinese locale variants
ok 4 - pruneElectronFrameworkLocales keeps English and Chinese locale variants
  ---
  duration_ms: 2.230917
  type: 'test'
  ...
# Subtest: mac packaging selects a node-gyp compatible Python unless the caller chose one
ok 5 - mac packaging selects a node-gyp compatible Python unless the caller chose one
  ---
  duration_ms: 0.157875
  type: 'test'
  ...
# Subtest: packaged runtime smoke runs only for a host-compatible macOS executable
ok 6 - packaged runtime smoke runs only for a host-compatible macOS executable
  ---
  duration_ms: 0.383667
  type: 'test'
  ...
# Subtest: packaging retains the complete Cheerio runtime dependency chain
ok 7 - packaging retains the complete Cheerio runtime dependency chain
  ---
  duration_ms: 0.2155
  type: 'test'
  ...
# Subtest: mac packaging explicitly enables ad-hoc signing before invoking its custom signer
ok 8 - mac packaging explicitly enables ad-hoc signing before invoking its custom signer
  ---
  duration_ms: 0.086375
  type: 'test'
  ...
1..8
# tests 8
# suites 0
# pass 8
# fail 0
# cancelled 0
# skipped 0
# todo 0
# duration_ms 74.43775
▶ createAgentBrowserSchema
  ✔ exposes strict bounded vertical scroll branches without enabling input actions (1.194375ms)
  ✔ explains the evaluate restrictions and their supported alternatives before invocation (0.258709ms)
✔ createAgentBrowserSchema (2.564625ms)
▶ AgentConfiguration
  ✔ projects code-owned tools and permissions while injecting workload compaction (1.671ms)
  ✔ binds metadata collection to the curator workload and explicit staging capabilities (0.359333ms)
  ✔ registers playlist import as an independent least-privilege use case (0.116458ms)
✔ AgentConfiguration (2.747167ms)
▶ AgentExecution
  ✔ runs the persistence hook before the runtime can commit its bootstrap observation (4.106708ms)
  ✔ opens one runtime session and delegates ten operations without a loop or second queue (3.860958ms)
  ✔ authorizes and records Pi native tools without persisting their output (1.054042ms)
  ✔ fails closed when a Pi native tool lacks a frozen capability grant (0.542667ms)
  ✔ restores a normal checkpoint without reading ExecutionHistory (0.54325ms)
  ✔ rebuilds only for typed checkpoint corruption and only once per generation (2.368834ms)
  ✔ releases runtime resources without closing the durable run (1.398625ms)
  ✔ closes a durable run after its runtime was already released (1.160333ms)
✔ AgentExecution (15.782333ms)
✔ preserves newer product log references when aborting after a domain-only state update (2.604875ms)
✔ preserves append-only plugin history during checkpoint recovery: success (21.674333ms)
✔ preserves append-only plugin history during checkpoint recovery: hash-failure (15.091083ms)
✔ preserves append-only plugin history during checkpoint recovery: rebuild-failure (15.176458ms)
✔ preserves append-only plugin history during checkpoint recovery: unreconciled-tool (13.015ms)
▶ AgentRunStore
  ✔ returns every durable non-closed run so each use case can apply its recovery policy (11.647875ms)
  ✔ persists a frozen config without serializing credentials or functions (0.642417ms)
  ✔ encrypts recovery payloads and fails closed on integrity damage (2.176708ms)
  ✔ accepts an idempotent operation once and settles only named command ids (3.407167ms)
  ✔ keeps repeated product events from the same operation in append order (1.784959ms)
  ✔ does not overwrite a terminal runtime fault when the runtime subsequently settles (1.475708ms)
  ✔ allows one rebuild attempt per recovery generation (1.401125ms)
  ✔ records artifact refs in the product journal and fails closed on damaged refs (0.763333ms)
✔ AgentRunStore (24.084083ms)
▶ Agent product journal pagination
  ✔ reads the last cursor through the run/seq index without parsing any payload in a 100k journal (132.416959ms)
  ✔ pages with a strict size cap and no cross-run, duplicate or skipped events despite sequence gaps (27.387708ms)
✔ Agent product journal pagination (159.950167ms)
▶ Agent recovery enumeration
  ✔ filters use case and status before parsing, lazily loads one product, and releases temporary ID pages (116.034666ms)
  ✔ keeps the original recovery order across pages while timestamps change and excludes runs created mid-iteration (29.874291ms)
  ✔ drops the temporary snapshot if an owned payload cannot be parsed (0.748583ms)
✔ Agent recovery enumeration (146.722208ms)
▶ cache affinity
  ✔ is stable, role-separated and does not expose source identifiers (1.181833ms)
✔ cache affinity (1.514375ms)
▶ resolveEffectiveMaxTokens
  ✔ uses the model maximum when the preset limit is zero (0.361917ms)
  ✔ uses the lower positive limit (0.059125ms)
  ✔ rejects invalid limits instead of forwarding zero to the provider (0.185708ms)
  ✔ restores a zero sentinel as one frozen positive provider limit (0.181875ms)
  ✔ resolves live models only by workload (0.529375ms)
✔ resolveEffectiveMaxTokens (1.790041ms)
▶ ModelInvocation
  ✔ uses injected frozen verifier access and forwards preset limits and cancellation (1.082833ms)
✔ ModelInvocation (1.403709ms)
▶ ModelManagementModule
  ✔ builds the migration backup from a strict non-secret provider whitelist (1.17025ms)
  ✔ migrates released settings once and then reads the same v2 revision (13.193958ms)
  ✔ fails closed for an invalid v2 document (1.191125ms)
  ✔ fails closed for malformed nested v2 data and embedding catalog entries (2.841916ms)
  ✔ saving a provider never changes workload assignments (7.508666ms)
  ✔ refreshes protocol-derived model metadata when a connection contract changes (1.747708ms)
  ✔ never exposes credentials or Base URL query secrets in renderer snapshots (5.317ms)
  ✔ changing the default affects inherited workloads but preserves an explicit plugin model (3.335959ms)
  ✔ freezes the workload context limit into resolved model access (3.275792ms)
  ✔ rejects removing an in-use model and reports the exact workload (3.732417ms)
  ✔ restores the previous credential when configuration persistence fails (1.245333ms)
  ✔ does not touch credentials or storage on a stale revision (0.916166ms)
  ✔ keeps discovery ephemeral and reset removes manual overrides (5.311459ms)
  ✔ rejects non-tool Agent models and unsupported long cache (2.233875ms)
✔ ModelManagementModule (53.983ms)
▶ ToolHost
  ✔ records capability denials before failing closed (17.938292ms)
  ✔ requires a one-use approval permit for install effects (2.049917ms)
  ✔ stores only bounded hashes for tool output and errors (1.95325ms)
  ✔ approves only the selected request when multiple approvals are pending (2.59375ms)
  ✔ keeps only the latest pending approval for single-card product flows (1.239667ms)
  ✔ revokes a persisted approval when the continuation dispatch fails (1.231125ms)
  ✔ discards pending and approved permits during terminal cleanup (0.953ms)
  ✔ binds an approval permit to mutable domain scope as well as visible tool args (0.929875ms)
  ✔ serializes calls sharing a resource without scheduling batches (33.870625ms)
  ✔ marks interrupted writes uncertain and blocks callbacks after waiting or terminal state (2.308583ms)
  ✔ does not start an unkeyed handler when its signal is already aborted (1.228375ms)
  ✔ enforces deadlines even when a handler ignores AbortSignal (21.574209ms)
  ✔ does not let a late handler result overwrite an uncertain timeout (22.088875ms)
  ✔ keeps the resource locked until a timed-out non-cooperative handler really settles (68.459917ms)
  ✔ keeps a queued cancellation from letting a third call bypass the active resource holder (11.06075ms)
✔ ToolHost (190.433333ms)
▶ PiRuntime contract
  ✔ allows workspace reads and dev notes but keeps host-owned facts read-only (2.066125ms)
  ✔ loads only frozen workspace Skills and exposes the selected Pi native file tools (3958.54725ms)
  ✔ rejects a workspace Skill that differs from the frozen run configuration (8.445958ms)
  ✔ keeps one long-lived session for ten turns with controlled resources and stable affinity (68.97225ms)
  ✔ keeps the run healthy when Pi recovers from a transient provider error (22.565334ms)
  ✔ emits one terminal runtime fault after provider retries are exhausted (15.945292ms)
  ✔ does not turn a user-cancelled provider retry into a runtime fault (13.877667ms)
  ✔ exposes only the resolved custom allowlist and crosses the durable tool-result barrier (22.944666ms)
  ✔ releases the runtime after durable persistence fails during a tool call (18.163875ms)
  ✔ honors a terminating control result even when the domain tool reports failure (12.603125ms)
  ✔ starts a new turn when a follow-up is dispatched after a terminating handoff settled (17.215959ms)
  ✔ does not compact or inject a host recovery prompt after a length stop (17.158ms)
  ✔ does not start a host continuation after the model-turn budget stops the operation (22.567041ms)
  ✔ enforces the configured per-operation model-turn budget (10.363875ms)
✔ PiRuntime contract (4212.2935ms)
✔ counts the same all-gender avatar targets without projecting profiles or joining works (17.053667ms)
✔ pages a fixed target set and bounds labels after live insert, delete and rename (221.34375ms)
✔ handles empty sets and connection closure without recreating a database (12.300416ms)
✔ rolls back the temporary table if snapshot population fails (13.872541ms)
✔ returns only target identity in ID order without counting works with all path and gender semantics (21.924792ms)
✔ matches the complete renderer gallery order across source, ratio and nullable-position boundaries (49.613292ms)
✔ returns empty versus missing actors and validates finite safe page bounds (8.373ms)
✔ keeps count and ordered page together while another connection removes a display source (7.933ms)
✔ returns profile counts and the global first picture without loading complete works or gallery rows (36.857708ms)
✔ keeps profile fields, physical/display counts and first picture on one read snapshot (12.851708ms)
✔ locates a stable photo after reordering, before paging and within the requested actor/source scope (15.673833ms)
✔ matches merge gender and owned search semantics while paging by full name (33.216ms)
✔ counts each visible video once across overlapping libraries and excludes hidden/archived/orphaned videos (18.261666ms)
✔ counts only returned candidates, excluding lookahead, and skips counts for an empty page (10.616625ms)
✔ keeps candidate rows and counts on the same snapshot when another connection writes (11.002583ms)
✔ bounds labels/avatars and validates inputs and missing keep actors (17.25725ms)
✔ pages narrow labels from 10000 actors without catalog statistics or profile data (188.148292ms)
✔ preserves owned-name search matching and includes all genders (14.284584ms)
✔ sorts full names before shortening labels and bounds escaped JSON payloads (17.9275ms)
✔ rejects invalid limits, offsets and overlong search before reading (8.630125ms)
✔ bounds labels containing embedded NUL without losing the valid prefix (12.238125ms)
✔ keeps a full page below512KiB even with worst-case JSON escaping (16.987375ms)
✔ reads current picker identity by ID without hydrating actor works or profile (16.081584ms)
▶ actressRepo actress name ownership
  ✔ changes the main-name row and ownership together when an actress is renamed (13.873584ms)
  ✔ keeps ownership while another name type still declares the same normalized name (14.452667ms)
  ✔ rolls back the complete manual edit when any declared name has another owner (10.938459ms)
  ✔ rolls back profile changes and compensates new avatar files when the database write fails (14.346959ms)
✔ actressRepo actress name ownership (54.323166ms)
▶ actressRepo.listActresses
  ✔ excludes migrated pending names from search and exact identity lookup (10.0085ms)
  ✔ does not match a replaced main name that is not kept as an explicit alias (9.119667ms)
  ✔ matches main name, alias, and typed names (10.267542ms)
  ✔ treats SQL LIKE metacharacters as literal search text (11.55975ms)
  ✔ ignores stored names that are not visible name types (9.902209ms)
  ✔ sorts by video count descending by default (11.272333ms)
  ✔ projects only videos that remain reachable through an active visible library membership (16.265667ms)
✔ actressRepo.listActresses (78.717542ms)
▶ actressRepo.listActressPage
  ✔ returns a stable slice with the total number of matching actresses (13.427416ms)
  ✔ pages an explicit renderer-session actress subset with complete totals (18.217958ms)
  ✔ returns the cumulative status of every actress with per-status counts (7.807042ms)
  ✔ filters by each status while keeping the counts of the unfiltered scope (11.716833ms)
  ✔ combines the status filter with search, gender and sort (8.742709ms)
  ✔ counts statuses within the current search and gender scope (8.254291ms)
  ✔ treats a missing status as all statuses (10.161125ms)
  ✔ keeps avatar file health outside the pure database query (9.550791ms)
  ✔ does not derive avatar fingerprints during a database list query (7.48275ms)
  ✔ returns minimal avatar path candidates without inspecting files (8.3565ms)
✔ actressRepo.listActressPage (103.992834ms)
▶ actressRepo.clearActressMetadataRecord
  ✔ clears scraped profile fields while keeping main name and video links (9.460125ms)
  ✔ clears non-name metadata without claiming a migrated pending main name (12.89825ms)
  ✔ resets every cumulative state to unscraped and drops the success time (8.002875ms)
  ✔ keeps related links when clearing actress metadata (7.964584ms)
✔ actressRepo.clearActressMetadataRecord (38.441625ms)
▶ actress related links
  ✔ stores related links on an actress and returns them on detail (7.673792ms)
  ✔ unions related links on merge with the keeper first (9.107ms)
✔ actress related links (16.836375ms)
▶ actressRepo.deleteUnlinkedActresses
  ✔ deletes every selected unlinked actress and returns its stored assets for cleanup (14.075583ms)
  ✔ rejects the whole batch when any selected actress still has a linked video (11.378375ms)
✔ actressRepo.deleteUnlinkedActresses (25.527292ms)
▶ actressRepo.mergeActresses
  ✔ merges videos, aliases, and gallery into the keeper (19.0635ms)
  ✔ rejects merging actresses with different genders (7.190625ms)
  ✔ can adopt the merged actress main name (9.906167ms)
  ✔ rolls back the whole merge when final main-name reconstruction fails (11.201541ms)
  ✔ rolls back the whole merge when alias reconstruction fails (8.705291ms)
  ✔ rejects the whole merge when any resulting name belongs to a third actress (8.648292ms)
  ✔ rejects the whole merge when the selected final main name belongs to a third actress (11.74575ms)
  ✔ resolves a migrated pending name claimed only by the two merged actresses (8.886625ms)
  ✔ preserves existing aliases without reapplying scraped-value heuristics (7.991458ms)
  ✔ deletes unusable keeper avatar assets after adopting the merged actress avatar (9.497417ms)
  ✔ keeps 未刮削 when merging 未刮削 into 未刮削 (8.472041ms)
  ✔ keeps 刮削失败 when merging 刮削失败 into 未刮削 (9.499417ms)
  ✔ keeps 刮削成功 when merging 刮削成功 into 未刮削 (8.410625ms)
  ✔ keeps 刮削失败 when merging 未刮削 into 刮削失败 (8.88925ms)
  ✔ keeps 刮削失败 when merging 刮削失败 into 刮削失败 (10.08125ms)
  ✔ keeps 刮削成功 when merging 刮削成功 into 刮削失败 (11.137666ms)
  ✔ keeps 刮削成功 when merging 未刮削 into 刮削成功 (10.277458ms)
  ✔ keeps 刮削成功 when merging 刮削失败 into 刮削成功 (10.432ms)
  ✔ keeps 刮削成功 when merging 刮削成功 into 刮削成功 (9.581375ms)
  ✔ keeps the newer success time when the keeper succeeded more recently (10.075084ms)
  ✔ ignores a success time left on a record that is not scraped successfully (9.4395ms)
✔ actressRepo.mergeActresses (209.624375ms)
▶ actressRepo.listActressesForBatchScrape
  ✔ filters by scope and missing fields (7.669166ms)
  ✔ filters actresses by cumulative scrape status (8.590458ms)
  ✔ combines gender and scrape status filters (11.948375ms)
  ✔ matches actresses missing any selected profile field (8.394792ms)
  ✔ limits batch targets to the explicitly selected actress ids (11.700417ms)
✔ actressRepo.listActressesForBatchScrape (48.466ms)
▶ actressRepo.resolveEffectiveActressScrapeFields
  ✔ fillEmpty keeps only currently missing fields (13.545834ms)
  ✔ fillEmpty treats broken avatar files as missing without mutating during planning (8.006166ms)
✔ actressRepo.resolveEffectiveActressScrapeFields (21.650042ms)
▶ actressRepo.clearBrokenActressAvatarIfNeeded
  ✔ includes broken avatars in batch missing-avatar targets (10.964625ms)
  ✔ clears broken avatar source and crop while keeping a usable display avatar (12.626917ms)
✔ actressRepo.clearBrokenActressAvatarIfNeeded (23.685083ms)
▶ actressRepo.getActressAvatarSourceInfo
  ✔ uses a legacy display avatar as the source without renderer fetch (8.038791ms)
  ✔ prefers the saved original source after an avatar bundle is created (10.973958ms)
✔ actressRepo.getActressAvatarSourceInfo (19.077875ms)
▶ actressRepo.setActressAvatarBundle
  ✔ persists avatar source, display, and crop; recrops without replacing the source (11.481ms)
  ✔ adopts recognized legacy image bytes when native dimension probing is unavailable (10.485333ms)
  ✔ repairs an existing source whose stored extension does not match its bytes (11.130458ms)
  ✔ rejects invalid display bytes before writing the avatar bundle (9.001292ms)
  ✔ keeps source paths distinct for equal-length Chinese names with identical bytes (11.678792ms)
✔ actressRepo.setActressAvatarBundle (53.907041ms)
▶ actressRepo cumulative scrape status
  ✔ keeps an actress created by video scraping unscraped and exposes the status in detail (11.90775ms)
✔ actressRepo cumulative scrape status (11.948ms)
▶ actressRepo cumulative scrape status maintenance invariants
  ✔ keeps 未刮削 and its success time through manual maintenance (13.72075ms)
  ✔ keeps 刮削成功 and its success time through manual maintenance (9.30125ms)
  ✔ keeps 刮削失败 and its success time through manual maintenance (11.712917ms)
✔ actressRepo cumulative scrape status maintenance invariants (34.819166ms)
▶ actressRepo.upsertActressFromScrape avatar adopt
  ✔ adopts a downloaded avatar into source+display+crop and drops the temp path (11.853042ms)
  ✔ gives equal-length Chinese names distinct avatar files from the same download bytes (13.810667ms)
  ✔ does not replace an existing usable avatar (10.593291ms)
✔ actressRepo.upsertActressFromScrape avatar adopt (36.405875ms)
▶ actressRepo.backfillActressGalleryAssetDimensions
  ✔ probes stored local files and fills missing gallery dimensions (10.083ms)
✔ actressRepo.backfillActressGalleryAssetDimensions (10.175792ms)
▶ actressRepo query purity
  ✔ does not change database rows or stored resources when listing and reading details (8.201625ms)
✔ actressRepo query purity (8.266541ms)
▶ actressRepo.posterPath
  ✔ clears the poster when the referenced gallery image is deleted (6.628417ms)
✔ actressRepo.posterPath (6.669167ms)
▶ actressRepo.replaceActressGalleryAssets
  ✔ keeps local paths that remain in the replaced asset set (12.644917ms)
✔ actressRepo.replaceActressGalleryAssets (12.678542ms)
▶ actressRepo.recordActressScrapeFailure
  ✔ records failure without writing a success time or changing profile fields (12.317042ms)
✔ actressRepo.recordActressScrapeFailure (12.356875ms)
▶ actressRepo.markActressScrapeSucceeded
  ✔ promotes an unscraped actress and stamps the missing success time (11.720083ms)
  ✔ promotes a failed actress and stamps the missing success time (11.220167ms)
  ✔ keeps an existing success time instead of restamping it (12.165209ms)
  ✔ stamps a success time over a blank stored time (11.459958ms)
  ✔ rejects marking an actress that does not exist (8.159042ms)
✔ actressRepo.markActressScrapeSucceeded (54.8585ms)
▶ actressRepo.applyActressScrapeResult
  ✔ keeps every selected field plan aligned with the replace database result (13.771833ms)
  ✔ keeps every selected field plan aligned with the fillEmpty database result (12.810792ms)
  ✔ keeps every selected field plan aligned with the replaceIfPresent database result (17.479209ms)
  ✔ does not backfill gallery metadata while building a read-only plan (13.364625ms)
  ✔ plans and applies a fillEmpty avatar over a broken stored path consistently (22.023ms)
  ✔ previews replace clears without changing the actress or deleting assets (12.603166ms)
  ✔ does not claim a scrape was applied when every returned alias is unusable (12.289125ms)
  ✔ rolls back profile data and cumulative success when gallery persistence fails (8.406917ms)
  ✔ skips invalid downloaded avatars while applying other profile fields (8.048708ms)
  ✔ replace keeps manual crop when scraped avatar bytes match existing source (9.41475ms)
  ✔ replace adopts a new avatar when scraped bytes differ from existing source (11.639166ms)
  ✔ replace clears an existing avatar when the source returns no avatar (9.761417ms)
  ✔ replace preserves an existing avatar when a returned avatar fails to download (9.417875ms)
  ✔ fillEmpty preserves existing measurement values while filling missing ones (10.013ms)
  ✔ replaceIfPresent updates existing profile values while preserving null scrape results (9.124833ms)
  ✔ replace clears every selected non-avatar field when the matched source returns no values (14.295792ms)
  ✔ replaceIfPresent rejects all fields when every returned alias conflicts (10.928459ms)
  ✔ fillEmpty does not report success when measurements only repeat a filled component (9.418542ms)
  ✔ rejects the whole scraped result when any alias has another owner (9.709583ms)
  ✔ treats canonically equivalent scraped aliases as conflicts (12.833584ms)
✔ actressRepo.applyActressScrapeResult (237.783167ms)
✔ pages female test choices by full name and retains owned alias search without wide data (75.519292ms)
✔ resolves the complete current runtime identity rather than its shortened display label (9.560084ms)
✔ pages the same visible works once across libraries with stable date ties and narrow cards (86.241958ms)
✔ distinguishes missing and empty actors and rejects unbounded or invalid page arguments (11.008292ms)
✔ keeps count and cards on the same read snapshot during an external visibility change (10.936833ms)
✔ reads complete profile metadata without querying any associated works (16.17375ms)
✔ filters covers before counting and paging, retaining the old truthy-path semantics (12.205542ms)
▶ AgentMetadataDraftRepo
  ✔ keeps one ready draft per target and returns superseded staging paths (11.703875ms)
  ✔ advances review revisions and stores an idempotent terminal outcome (3.258833ms)
  ✔ fails closed when a stored draft uses an unsupported adapter version (3.233917ms)
✔ AgentMetadataDraftRepo (18.604083ms)
✔ detects local writes, external commits and connection replacement without changing schema (17.63375ms)
▶ home discovery repo
  ✔ returns one bounded status summary for every visible media library (11.508042ms)
  ✔ uses membership time for recent additions and deduplicates shared videos (10.510792ms)
  ✔ keeps a discovery batch stable until the seed changes (11.176ms)
  ✔ does not recommend a membership that has no playable resource in an eligible library (11.29325ms)
  ✔ does not recommend a local-only membership whose media-library root is disabled (11.167792ms)
  ✔ excludes managed resources owned by pending-removal or archived roots (10.429042ms)
  ✔ keeps rootless external links and active-root local or STRM resources eligible (17.050125ms)
  ✔ does not accept a managed resource whose root belongs to another library (7.320292ms)
  ✔ binds a shared recommendation to the source membership that has its playable resource (7.214625ms)
  ✔ searches globally without duplicates and honors an explicit library filter (7.288625ms)
  ✔ excludes libraries disabled for home discovery (8.130375ms)
  ✔ matches global ranking across cursor wrap, equal keys and hidden shared memberships (9070.842792ms)
  ✔ keeps large recent and discovery loads bounded and index-backed (54.617459ms)
  ✔ paginates a large global search without duplicates or per-row queries (49.898459ms)
✔ home discovery repo (9289.430416ms)
▶ libraryCleanup
  ✔ collects actress hints from a video (12.188708ms)
  ✔ prunes stub actresses after video links are removed (9.669084ms)
  ✔ does not prune an actress with meaningful profile data (10.293083ms)
  ✔ deletes tags that are no longer linked to any video (10.08375ms)
✔ libraryCleanup (43.12125ms)
▶ library membership repo
  ✔ creates an idempotent explicit membership with a stable discovery key (11.84525ms)
  ✔ removes only the selected library membership (5.5395ms)
  ✔ rejects archived or missing libraries (6.826667ms)
  ✔ recognizes only visible memberships in an active library surface (8.307ms)
  ✔ does not automatically remove a resource-less membership referenced by a playlist (8.065833ms)
✔ library membership repo (41.597166ms)
▶ libraryScanRepo latest snapshot
  ✔ updates the pending path after a rename without rewriting the original scan audit (13.756542ms)
  ✔ returns summary, audit, and unrecognized files only from the requested library (13.333625ms)
  ✔ transactionally settles scan runs abandoned by the previous process (11.269583ms)
  ✔ releases archive and root-migration busy gates after restart recovery (16.234166ms)
  ✔ returns an empty snapshot before the first run and rejects an unknown library (8.463125ms)
✔ libraryScanRepo latest snapshot (63.561167ms)
✔ reads a scoped audit header without loading audit JSON or pending path arrays (31.271375ms)
✔ keeps summary failure semantics and rejects oversized summary/header payloads (13.733833ms)
✔ keeps header summary, audit availability and unrecognized count in one WAL snapshot (15.911625ms)
▶ finishLibraryScanRun unrecognized replacement transaction
  ✔ finishes with 40000 replacement root IDs without exceeding SQLite bind limits (24.015083ms)
  ✔ deduplicates replacement roots and skips incoming files outside the selected roots (10.757667ms)
  ✔ clears selected roots when there are no matching incoming files and preserves other roots (9.076792ms)
  ✔ does not replace files for absent root targets (11.276542ms)
  ✔ does not replace files for empty root targets (11.087291ms)
  ✔ failed run never replaces preexisting unrecognized rows (12.311334ms)
  ✔ cancelled run never replaces preexisting unrecognized rows (14.953417ms)
  ✔ rolls back run, state and all original unrecognized rows when a duplicate normalized path fails insertion (12.713625ms)
✔ finishLibraryScanRun unrecognized replacement transaction (106.443458ms)
✔ does not hold a writer lock during audit stringify before the deferred transaction’s first SQL statement (14.351541ms)
✔ does not delete another library’s unrecognized rows even when its root ID is in the replacement set (9.024792ms)
▶ mediaLibraryRepo
  ✔ creates a library, typed config, and canonical root projection atomically (17.750458ms)
  ✔ projects pending scan counts once per library without multiplying across roots (14.871625ms)
  ✔ keeps library and config revisions independent and rejects stale writes (11.255917ms)
  ✔ rejects same, parent, child, and realpath-alias roots across active libraries (10.482584ms)
  ✔ lets disabled roots release paths and revalidates them before enabling (14.434875ms)
  ✔ preserves continuity-owned root identities while allowing empty roots to rebind (22.37225ms)
  ✔ rejects archived-library restore when any continuity-owned root changed identity (20.869667ms)
  ✔ rejects ordinary edits while a root is pending removal or archived (12.323542ms)
  ✔ requires explicit migration or cleanup before changing a root-owned path (15.668917ms)
  ✔ archives roots atomically, releases their paths, and rechecks on restore (13.762583ms)
  ✔ scopes local and STRM source identity while disabled and archived roots release paths (15.467083ms)
  ✔ protects the default library and refuses to archive pending root cleanup (12.091334ms)
  ✔ requires a non-default library to be archived before preview or permanent deletion (9.478166ms)
  ✔ deletes roots and non-default libraries using the current library revision (11.121042ms)
  ✔ blocks archiving and deletion while root cleanup is active (13.569875ms)
  ✔ blocks archiving and deletion while a scan run is active (8.6595ms)
  ✔ rejects a deletion preview made stale by global video lifecycle changes (12.5935ms)
  ✔ invalidates deletion impact when another library changes the exclusive-video count (9.4425ms)
  ✔ previews all owned data and permanently deletes only database ownership (14.944542ms)
  ✔ returns a frozen scan snapshot containing only active roots (13.334125ms)
  ✔ projects independently configured automatic scan state in stable library order (15.813083ms)
  ✔ accepts offline absolute roots but rejects relative paths and files (7.569333ms)
  ✔ does not let direct disabled-root deletion cascade diagnostic records (8.798708ms)
  ✔ atomically freezes the filesystem identity when an offline root first comes online (10.697375ms)
  ✔ rejects scan-time identity binding for an identity-less root with resource ownership (8.674625ms)
  ✔ rejects scan-time identity binding for an identity-less root with pending ownership (8.351708ms)
  ✔ rejects scan-time identity binding for an identity-less root with unrecognized ownership (7.916625ms)
  ✔ rejects activation of an identity-less disabled root with owned resources (11.512334ms)
  ✔ rejects restore of an identity-less archived root with owned resources (12.927583ms)
  ✔ rejects a newly-online alias of another active root without partially binding it (9.452875ms)
✔ mediaLibraryRepo (377.696583ms)
▶ media-library root migration repo
  ✔ previews and atomically migrates root-owned state without touching disk or global videos (9.814792ms)
  ✔ uses the shared availability-aware promotion rule within the source library and video (12.751375ms)
  ✔ rejects stale previews and rolls the entire migration back (6.588417ms)
  ✔ rejects resource or pending changes made after preview even when library revisions are unchanged (5.860292ms)
  ✔ moves terminal cleanup history to the replacement root during preview-confirmed migration (8.265833ms)
  ✔ rejects a stale migration preview when terminal cleanup history changes (4.570125ms)
  ✔ rolls back every dataset when a late migration write fails (6.184208ms)
  ✔ fails closed while either library has an active scan or cleanup job (6.899625ms)
  ✔ treats a failed legacy cleanup waiting marker as active work in preview and commit (8.53725ms)
  ✔ rejects target resource conflicts before mutation (3.939375ms)
  ✔ rejects target unrecognized-file conflicts before mutation (3.320083ms)
  ✔ rejects target pending-scan path conflicts during preview (5.065125ms)
  ✔ moves a disabled root without enabling it in the target library (7.236958ms)
✔ media-library root migration repo (89.816334ms)
▶ database schema
  ✔ adds STRM source identity without changing existing resource identity or link deduplication (6.262459ms)
  ✔ allows duplicate codes while enforcing complete video business identity (3.175917ms)
  ✔ upgrades video identity without changing ids, resources, or site sources (9.216791ms)
  ✔ leaves a v10 database untouched when normalized business identities conflict (0.971583ms)
  ✔ migrates legacy classification text into stable entities and retires legacy storage (11.270709ms)
  ✔ retires v8 text storage without changing video metadata, entity ids, or child resources (25.378833ms)
  ✔ stores classification profiles, hierarchy, roles, links, and video references (3.940875ms)
  ✔ rolls back the complete classification migration when entity creation fails (1.348334ms)
  ✔ rolls back classification entities when retiring legacy storage fails (2.277625ms)
  ✔ migrates uncontested names to ownership and preserves cross-actress collisions for review (23.226ms)
  ✔ rolls back name ownership data and schema version when migration fails (13.780708ms)
  ✔ creates the current schema and records user_version (4.223791ms)
  ✔ migrates v6 video files to local resources without losing data (8.936583ms)
  ✔ migrates released v1 inline video files and removes the obsolete write constraint (17.839167ms)
  ✔ rejects databases newer than the supported schema version (0.219667ms)
  ✔ upgrades v1 actresses table with avatar source columns (6.101292ms)
  ✔ upgrades v2 actress names to one current primary name without removing visible names (7.471542ms)
  ✔ leaves current-version databases unchanged (0.7215ms)
  ✔ classifies v3 actresses only when a success time has actual profile evidence (5.832417ms)
  ✔ keeps the migrated classification unchanged when migration is run again (9.17525ms)
  ✔ rolls back the whole actress status migration when classification fails (1.151625ms)
✔ database schema (163.462ms)
▶ V14 unreleased feature consolidation migration
  ✔ creates a fresh database with one active default media library (6.090125ms)
  ✔ upgrades released V13 data while keeping playlist import sessions out of the schema (4.437667ms)
  ✔ scopes pending path identity to each library in the final V14 schema (3.9395ms)
  ✔ enforces one primary per membership while archived sources can be adopted by another library (7.342167ms)
  ✔ rolls back V14 when released source paths normalize to the same identity (1.285166ms)
✔ V14 unreleased feature consolidation migration (23.678167ms)
▶ V15 local NFO import migration
  ✔ creates fresh V15 databases with automatic import enabled and identity constraints (10.231583ms)
  ✔ upgrades V14 rows, preserves the default, and enforces minimal pending identity snapshots (2.038958ms)
  ✔ rolls the migration back and leaves user_version at V14 on schema conflict (0.781625ms)
✔ V15 local NFO import migration (13.725083ms)
✔ adds the cleanup queue and later indexes when upgrading V15 and preserves old business data and damaged diagnostic state (7.97675ms)
✔ rolls back both DDL and version when V16 fails after table creation, then upgrades on retry (5.073833ms)
✔ upgrades V16 without changing any business rows or other schema and matches fresh V17 (17.619833ms)
✔ rolls back index DDL and version after drop failure, then retries (11.048042ms)
✔ rolls back index DDL and version after create failure, then retries (9.811667ms)
▶ getLibraryOverviewStats
  ✔ returns aggregate library counts (15.709042ms)
  ✔ counts actress cumulative status from scraped_status, not last_scraped_at (13.919667ms)
✔ getLibraryOverviewStats (30.223291ms)
✔ scopes scan identities and groups while returning only requested IDs from a large catalog (75.559459ms)
▶ pending resource identity repository
  ✔ persists the minimum conflict snapshot while exposing only safe presentation fields (10.777334ms)
  ✔ upserts one conflict per library path and enforces revision when deleting (11.875958ms)
  ✔ rejects paths outside the root, equal identities, and malformed STRM snapshots (9.40075ms)
  ✔ removes missing conflicts only under roots proven accessible by a safe scan (11.426125ms)
✔ pending resource identity repository (43.959375ms)
✔ matches old group order and global exact path counts without hydrating unrelated groups or resource DTOs (23.575ms)
✔ handles empty targets and empty paths while preserving zero-resource groups and library isolation (14.697958ms)
✔ keeps selected group metadata and path counts in one snapshot across an external write (21.6335ms)
✔ drives selected groups by primary key and resources by the scoped group index (16.632458ms)
✔ releases the transaction and connection when resource statement preparation fails (17.761458ms)
✔ pages10k scan decisions in legacy order, scopes active libraries and exposes no resource snapshots (48.263042ms)
▶ pendingScanRepo media-library scope
  ✔ keeps same-code groups and resource lookups isolated between libraries (16.234041ms)
  ✔ allows the same normalized path in different libraries while deduplicating inside each library (12.043625ms)
  ✔ rejects a root or group that belongs to another library (13.675375ms)
  ✔ increments revision on upsert and rejects a stale resolution atomically (15.124417ms)
  ✔ can assign the same global video in two libraries without crossing resources (14.782625ms)
  ✔ reconciles only selected roots in the selected library and bumps surviving groups (10.056042ms)
  ✔ refreshes a changed STRM snapshot and forces the caller to review the new revision (14.917375ms)
  ✔ moves an already-pending path to the new same-library code without leaving an empty group (12.683916ms)
  ✔ rolls back resources, memberships, and videos if final group deletion fails (15.137959ms)
✔ pendingScanRepo media-library scope (125.639958ms)
✔ counts a large pending inbox without decoding its snapshots and follows deletions (86.697875ms)
✔ pages a 10k inbox without materializing snapshots, locates deep links and clamps deleted pages (110.652417ms)
▶ playlistRepo
  ✔ paginates and filters identically to the full playlist without losing zero-resource rows (43.671ms)
  ✔ limits a large playlist before returning card details (161.804167ms)
  ✔ keeps metadata out of subsequent video-page queries (11.82375ms)
  ✔ creates playlists with required name and optional fields (8.004125ms)
  ✔ adds videos once per playlist and lists detail videos (9.951375ms)
  ✔ keeps playlist references visible across hidden, archived and missing memberships (11.177375ms)
  ✔ updates playlist metadata and custom cover (8.956ms)
  ✔ reports video membership and removes videos (8.525292ms)
  ✔ allows one video in multiple playlists without duplicates in one playlist (10.909542ms)
  ✔ rejects blank playlist names (8.209667ms)
  ✔ stores related links on create and update (9.103ms)
✔ playlistRepo (293.099042ms)
✔ opens a separate read-only WAL connection with matching SQL functions and no migration (17.138291ms)
✔ keeps a read snapshot while the writer commits and observes it on the next transaction (7.443958ms)
✔ rejects missing, old, newer and non-WAL catalogs without initializing or migrating them (3.512125ms)
✔ does not publish an unsuccessfully initialized writer and permits a subsequent valid initialization (9.930292ms)
▶ scoped video catalog repo
  ✔ keeps list resources and membership time inside one library (7.130958ms)
  ✔ loads detail from the injected database and projects only the active library resources (3.263916ms)
  ✔ deduplicates global results and selects the newest eligible membership (3.200458ms)
  ✔ interprets the none resource filter within the selected scope (5.799917ms)
  ✔ treats an archived media-library scope as unavailable (7.258834ms)
  ✔ rejects invalid scope ids before building SQL (2.893917ms)
  ✔ keeps fixed actor and tag filters unique across shared and hidden memberships (8.279958ms)
  ✔ normalizes a single active library and serves no-count pages with identical ordering (12.957416ms)
  ✔ uses bounded indexed queries for a large scoped page (22.310958ms)
✔ scoped video catalog repo (73.731583ms)
{"sourceIterationPlans":[[{"id":4,"parent":0,"notused":156,"detail":"SEARCH video_resources USING INTEGER PRIMARY KEY (rowid>? AND rowid<?)"}],[{"id":4,"parent":0,"notused":156,"detail":"SEARCH video_resources USING INTEGER PRIMARY KEY (rowid>? AND rowid<?)"}]]}
✔ iterates source-managed resources in order while deleting, with bounded reads and rollback (31.9705ms)
▶ tagRepo.pruneUnusedTags
  ✔ deletes tags with no video links and keeps tags still used by a video (15.944083ms)
✔ tagRepo.pruneUnusedTags (16.870875ms)
▶ tagRepo selected labels
  ✔ looks up only selected IDs through the tag primary key and omits deleted IDs (14.384791ms)
  ✔ bounds display labels and JSON bytes without changing full stored names (14.031583ms)
  ✔ rejects invalid or oversized requests and does no SQL work for an empty selection (11.466459ms)
✔ tagRepo selected labels (40.100833ms)
▶ tagRepo manual candidates
  ✔ pages alphabetically without counts and retains hidden/manual-only associations (22.386834ms)
  ✔ preserves Unicode/literal substring matching and searches beyond display truncation (8.49875ms)
  ✔ uses tag-key existence checks under skewed statistics and validates its work limits (14.237666ms)
✔ tagRepo manual candidates (45.648875ms)
▶ tagRepo active catalog projection
  ✔ matches manual association and visibility semantics before and after statistics maintenance (45.294459ms)
  ✔ deduplicates shared memberships and preserves manual origin and zero-count tags (8.015166ms)
  ✔ counts only videos that can be opened through the active visible catalog (10.676292ms)
✔ tagRepo active catalog projection (64.0755ms)
▶ tagRepo filter candidates
  ✔ paginates names before counts and matches global visibility counts with shared and archived members (10.217917ms)
  ✔ keeps Unicode literal search, bounded labels and page-only count parameters (37.24275ms)
✔ tagRepo filter candidates (47.528042ms)
▶ video lifecycle repo
  ✔ removes only one library membership and replays the same operation idempotently (10.6165ms)
  ✔ moves one external resource and keeps each library primary isolated (5.854709ms)
  ✔ promotes an available source fallback by kind and add time without crossing ownership scope (9.806959ms)
  ✔ rejects moving a local or STRM-managed source without transferring its root (7.046708ms)
  ✔ treats archived source libraries as read-only (3.001416ms)
  ✔ rejects a stale preview and globally deletes only after a fresh explicit preview (6.554292ms)
  ✔ invalidates a global-delete preview when any displayed relationship changes (3.991584ms)
✔ video lifecycle repo (47.456ms)
▶ videoRepo.scrapeStatus
  ✔ does not downgrade an already scraped video when a later scrape fails (19.339709ms)
  ✔ can manually mark an unscraped or failed video as scraped (10.420625ms)
✔ videoRepo.scrapeStatus (30.457084ms)
▶ videoRepo.listVideos
  ✔ rejects attempts to restore classification text storage through generic updates (12.682125ms)
  ✔ sorts and paginates videos (11.0575ms)
  ✔ sorts facet videos by release date desc with missing dates last (9.515542ms)
  ✔ filters by status, year and facet fields (9.250458ms)
  ✔ applies multi-tag AND filters (16.946875ms)
  ✔ filters resource kinds with OR semantics and treats no-resource as zero rows (7.984708ms)
  ✔ projects resource count and primary-first deduplicated resource kinds (8.540417ms)
  ✔ searches videos by actress alias (8.655375ms)
  ✔ preserves SQL LIKE pattern matching in the video search actress branch (12.523583ms)
  ✔ excludes migrated pending actress names from video search (11.225292ms)
✔ videoRepo.listVideos (108.71325ms)
▶ videoRepo.getVideoDetail
  ✔ lists female cast before male cast (11.961ms)
  ✔ includes external rating stats (8.801125ms)
✔ videoRepo.getVideoDetail (20.833875ms)
▶ videoRepo.setPrimaryVideoResource
  ✔ automatically marks the first resource as primary (8.531833ms)
  ✔ keeps the current primary when a requested primary insert is a duplicate (9.344667ms)
  ✔ marks one resource as primary and clears the previous primary (7.889125ms)
✔ videoRepo.setPrimaryVideoResource (25.843084ms)
▶ videoRepo.posterPath
  ✔ clears the poster when the referenced sample is deleted (9.646542ms)
✔ videoRepo.posterPath (9.686083ms)
▶ videoRepo.listVideosForBatchScrape
  ✔ filters by scrape status (8.352958ms)
  ✔ can constrain batch targets to explicit selected video ids (11.681417ms)
  ✔ filters missing fields by stored path or link, not file health (11.049583ms)
✔ videoRepo.listVideosForBatchScrape (31.177583ms)
▶ videoRepo tags by origin
  ✔ orders scraped tags before manual tags in detail (11.563958ms)
  ✔ editVideoRecord only replaces scraped tags (12.859208ms)
  ✔ editVideoRecord drops unused scraped tags while keeping tags still used elsewhere (12.211208ms)
  ✔ clearVideoMetadataRecord deletes unused scraped tags and keeps manual tags (8.79525ms)
  ✔ editVideoRecord replaces female and male cast separately (11.143958ms)
  ✔ removeManualVideoTag only removes manual tags (9.813417ms)
  ✔ removeManualVideoTag keeps tag when scraped associations remain (9.758541ms)
  ✔ promotes scraped tag to manual when adding the same name (12.209958ms)
✔ videoRepo tags by origin (88.547709ms)
▶ classification IPC contract
  ✔ registers every command and forwards typed arguments to the public services (2.782167ms)
✔ classification IPC contract (3.449625ms)
▶ IPC path guards
  ✔ rejects a rename that contains a path component (0.930083ms)
  ✔ authorizes only files under the selected active root (2.138042ms)
  ✔ rejects a path when the persisted root has been replaced (1.540708ms)
  ✔ rejects a file that escapes a configured root through a symbolic link (1.941459ms)
✔ IPC path guards (7.444542ms)
▶ IPC sender security
  ✔ accepts the configured main window and main frame (0.487833ms)
  ✔ rejects another webContents, a child frame, and an untrusted URL (0.284125ms)
  ✔ matches dev origins but requires the exact production file (0.119166ms)
✔ IPC sender security (1.257125ms)
▶ media-library IPC schemas
  ✔ accepts the complete default config sent by the create wizard, including local NFO import (3.479375ms)
  ✔ accepts boolean local NFO settings on update and rejects malformed values on both paths (1.494791ms)
  ✔ accepts exact management commands and rejects loose object shapes (2.420292ms)
  ✔ rejects invalid ids and revisions on every optimistic command shape (0.960125ms)
  ✔ strictly validates home discovery and global-search inputs (0.813083ms)
✔ media-library IPC schemas (9.921792ms)
▶ media-library IPC handlers
  ✔ registers the complete contract and forwards validated arguments (1.201333ms)
  ✔ rejects malformed calls before a dependency is invoked (0.749167ms)
  ✔ preserves root continuity domain errors across validated IPC handlers (0.333292ms)
✔ media-library IPC handlers (2.514125ms)
▶ NFO export IPC schemas
  ✔ accepts the complete closed plan request and rejects missing or extra state (1.618334ms)
✔ NFO export IPC schemas (2.089625ms)
▶ playlist import renderer lifecycle
  ✔ binds every recreated renderer once and cancels only on full navigation or loss (0.411ms)
  ✔ cancels a non-terminal foreground import when its renderer disconnects (0.599375ms)
  ✔ leaves terminal imports untouched (0.0825ms)
✔ playlist import renderer lifecycle (1.478583ms)
▶ scan latest IPC handler
  ✔ validates libraryId and forwards the scoped latest snapshot (2.338125ms)
✔ scan latest IPC handler (2.943459ms)
✔ bounds the combined audit presence request and validates its library (1.1625ms)
✔ bounds scan pages and validates scoped detail and anchor inputs (1.317417ms)
✔ routes audit header/page through the async reader with trusted budgets and strict scope (1.664833ms)
✔ routes combined view pages with trusted budgets and preserves query and result fields (1.568542ms)
✔ accepts every combined tab/outcome/filter, canonicalizable locales and strict failed anchors (2.946458ms)
✔ rejects invalid combined queries, locales, anchors, snapshots and argument counts (3.999291ms)
✔ propagates combined reader errors instead of falling back to another snapshot or raw page (0.862292ms)
✔ rejects invalid reveal paths before permission lookup and retains strict IPC arguments (0.680334ms)
✔ does not access or reveal an unauthorized audit path (0.249333ms)
✔ returns a handled verification error when the permission reader rejects (0.191375ms)
✔ awaits permission and asynchronous access before revealing the original path exactly once (0.202833ms)
✔ returns fileMissing on asynchronous access failure without revealing (0.228625ms)
▶ scrape IPC schemas
  ✔ strictly validates media-library-scoped video batch scrape commands (4.458291ms)
  ✔ validates the optional media-library scope on single-video scrape commands (0.38125ms)
✔ scrape IPC schemas (5.652917ms)
✔ bounds pending scrape pages and details at the IPC boundary (2.163083ms)
✔ bounds audit pending presence lookups (0.707209ms)
✔ validates token and safe nonnegative avatar snapshot cursor (0.329958ms)
✔ validates manual tag candidate bounds and existing-tag identities (2.690209ms)
✔ bounds selected tag label IPC requests before repository access (1.020583ms)
▶ typed IPC adapter
  ✔ does not expose the legacy unreviewed video deletion command (0.183083ms)
  ✔ forwards command arguments and returns the application result (0.175292ms)
  ✔ rejects malformed arguments before invoking the application handler (0.209042ms)
  ✔ accepts link-resource updates without an import-only target (0.394666ms)
  ✔ only accepts metadata retention when removing a last video resource (0.071875ms)
  ✔ accepts one exact plugin approval decision and rejects malformed decisions (0.254416ms)
  ✔ accepts only explicit plugin continuation kinds (0.094042ms)
  ✔ accepts only typed plugin user responses with request-bound actions (0.536375ms)
  ✔ accepts plugin history clearing only without renderer-supplied run ids (0.066583ms)
  ✔ accepts unrecoverable plugin-session discard only without renderer-supplied run ids (0.041917ms)
  ✔ keeps legacy model limits out of the generic settings mutation contract (0.29675ms)
  ✔ validates playlist import start and identity controls at the IPC boundary (0.458459ms)
  ✔ requires the path-removal impact revision at the settings boundary (0.125959ms)
  ✔ accepts only the structured model-management command vocabulary (0.412708ms)
  ✔ serializes successful results and thrown errors (0.572292ms)
  ✔ sends the contracted event payload unchanged (0.053125ms)
✔ typed IPC adapter (4.250167ms)
✔ bounds actress conflict summary pages and keeps detail identities exact (0.1725ms)
✔ validates bounded actress picker requests (0.144792ms)
✔ validates narrow actress identity IDs (0.065042ms)
✔ validates merge candidate paging and keep identity (0.147833ms)
✔ accepts only zero arguments for avatar crop count (0.023458ms)
✔ accepts only zero arguments for avatar crop target enumeration (0.024625ms)
✔ validates plugin actress test picker bounds and identities (0.127125ms)
✔ validates actress works page bounds and rejects unexpected filter fields (0.140375ms)
✔ validates metadata IDs and the optional cover-only actor works filter (0.060792ms)
✔ validates bounded actress gallery pages (0.176917ms)
✔ validates a profile header identity without optional wide-data flags (0.052625ms)
✔ validates the optional local photo source filter (0.040042ms)
▶ video query IPC schemas
  ✔ accepts and normalizes a complete list query at every VideoQuery boundary (3.175375ms)
  ✔ rejects malformed fields consistently for lists and global search (5.203375ms)
  ✔ strictly validates catalog scopes and video detail identifiers (0.627334ms)
✔ video query IPC schemas (9.937666ms)
▶ main window asset paths
  ✔ resolves preload and renderer from the app root when appMain is emitted as a chunk (0.467584ms)
✔ main window asset paths (0.880791ms)
▶ LocalNfoSourceAdapter
  ✔ reads its own exported samples with a separate background (portable-v1) (12.224916ms)
  ✔ reads its own exported samples with a separate background (jellyfin-current) (3.985833ms)
  ✔ reads its own exported samples with a separate background (emby-kodi-conservative) (1.495458ms)
  ✔ reads its own exported samples with a separate background (plex-nfo-1.43.1+) (1.383458ms)
  ✔ reads its own exported samples with a separate background (infuse-current) (1.330875ms)
  ✔ keeps explicit and discovered samples scoped to their video in a shared directory (3.125875ms)
  ✔ collects one candidate per physical NFO with local asset capabilities and no paths (8.264584ms)
  ✔ uses explicit gender, then existing actor gender, then dialect default (1.042334ms)
  ✔ keeps actress avatar positions aligned after gender field projection (1.255333ms)
  ✔ reads legacy and Kodi actor filenames and follows explicit references for repeated spaces (2.843041ms)
  ✔ treats no sidecar as a quiet no-match and excludes mismatched NFO identity (1.345667ms)
✔ LocalNfoSourceAdapter (39.201833ms)
▶ videoMetadataCandidateStager
  ✔ stages remote and managed-root assets without persisting host paths (13.343541ms)
✔ videoMetadataCandidateStager (13.87675ms)
▶ WebScraperSourceAdapter
  ✔ passes the stored code to legacy plugins unchanged while comparing normalized identities (2.166583ms)
  ✔ collects exact candidates with declared remote assets and source evidence (1.951375ms)
✔ WebScraperSourceAdapter (4.823042ms)
▶ VideoMetadataSourceRegistry
  ✔ resolves stable source ids while preserving legacy plugin-name lookup (0.314583ms)
✔ VideoMetadataSourceRegistry (0.446542ms)
✔ exports oriented/cropped artwork with the shipped Electron codec and encrypted asset store (475.155458ms)
▶ NfoExportModule
  ✔ inspects each plan anchor once and reuses the returned canonical directory (11.530083ms)
  ﹣ accepts alternate Windows path spellings for the same physical export directory (0.252125ms) # Windows path aliases are case-insensitive
  ✔ reads selected images linearly and isolates assets that fail or change after planning (447.25975ms)
  ✔ shares identical actor avatars across videos and removes references to conflicting content (48.312042ms)
  ✔ plans without writing and applies an exact-stem NFO plus portable cover (18.276833ms)
  ✔ keeps the default skip policy and rejects a changed target under replace (12.761542ms)
  ✔ marks every planned file stale when source metadata changes (2.080375ms)
  ✔ exports a local STRM source anchor and counts resources without anchors separately (1.6485ms)
  ✔ terminates only between files and leaves completed atomic writes intact (10.501708ms)
  ✔ isolates an image conversion failure from the NFO write (10.466791ms)
  ✔ reports an atomic write failure per item and continues later files (2.970042ms)
  ✔ exports samples as separate attachments and reads them back without background images (57.905417ms)
  ✔ marks colliding sanitized actor avatar targets and omits ambiguous NFO references (18.622583ms)
  ✔ treats case, Unicode and space-to-underscore actor targets as collisions (1.659459ms)
  ✔ makes Windows device actor names portable before planning their target (1.596292ms)
  ✔ keeps unreadable selected images as unavailable plan items without blocking NFO (10.688625ms)
  ✔ warns about requested missing artwork, avatars, and populated fields omitted by a profile (1.933791ms)
  ✔ uses the video stem itself for Infuse cover output and local reference (21.021459ms)
  ✔ plans each physical resource, deduplicates identical targets, and warns only on same-directory identity collisions (2.221334ms)
  ✔ reports real read-only directory failures without leaving temporary files (2.1985ms)
  ✔ rejects a sample-directory symlink introduced after planning (20.485833ms)
  ✔ does not fingerprint a nested export target through a pre-existing symlink (1.47425ms)
  ✔ revalidates a skip target parent before following a newly introduced symlink (20.91625ms)
  ✔ creates consumer-readable sidecars and preserves an existing target mode on replace (19.336834ms)
✔ NfoExportModule (747.886292ms)
▶ NFO export profiles
  ✔ renders all public profiles as valid movie XML without database identities (11.051416ms)
  ✔ applies profile-specific conservative fields and keeps background separate from samples (0.3465ms)
  ✔ canonicalizes and deduplicates Plex rating source aliases (0.978ms)
  ✔ reports populated fields that the selected profile cannot represent (0.223791ms)
✔ NFO export profiles (13.250542ms)
▶ SqliteNfoExportRepository
  ✔ projects exportable metadata while excluding personal rating and watch state (15.613292ms)
✔ SqliteNfoExportRepository (15.933833ms)
▶ NFO export renderer diagnostics
  ✔ redacts POSIX and Windows absolute paths while preserving the reason (0.676791ms)
✔ NFO export renderer diagnostics (1.020459ms)
▶ NfoExportTaskController
  ✔ keeps planning leases until an asynchronous plan settles, including disposal and failures (2.553917ms)
  ✔ holds both leases from plan through apply and releases them at terminal state (4.085167ms)
  ✔ releases leases when a plan is discarded or planning fails (0.161333ms)
  ✔ requests termination and waits for apply before process disposal releases leases (0.928542ms)
  ✔ does not acquire an asset lease when another maintenance task owns the gate (0.233125ms)
✔ NfoExportTaskController (8.9155ms)
▶ NFO export main-window guard
  ✔ binds recreated windows and disposes a foreground task when their renderer is lost (0.42525ms)
  ✔ prevents navigation while a plan or task owns the foreground (0.118333ms)
  ✔ keeps the window open during a running export but allows the coordinated quit path (0.090125ms)
  ✔ releases a held preview plan and allows navigation instead of treating it as a running task (0.073209ms)
✔ NFO export main-window guard (1.140834ms)
▶ NFO artifact codec
  ✔ accepts the four synthetic third-party dialect fixtures (5.042667ms)
  ✔ round-trips five canonical Javdex fixtures with stable UTF-8 and LF output (4.288167ms)
  ✔ normalizes the MDC dialect and prefers structured ratings over its scalar duplicate (0.29275ms)
  ✔ normalizes MDCx, Javinizer, and JavSP field variants (0.278542ms)
  ✔ reports unknown legal tags and remote artwork without retaining remote URLs as assets (0.144209ms)
  ✔ rejects DTD, entities, oversized input, excessive depth, node count, and field size (21.807875ms)
✔ NFO artifact codec (32.31875ms)
▶ NFO sidecar locator
  ✔ prefers exact stem and reports a differing movie.nfo without exposing either path (10.364708ms)
  ✔ uses movie.nfo only for one anchor or one logical code and rejects mixed directories (4.04125ms)
  ✔ deduplicates physical sidecars and rejects symlink escapes at issue and read time (13.268083ms)
✔ NFO sidecar locator (28.383042ms)
▶ parseCode
  ✔ parses standard codes (1.886583ms)
  ✔ parses 規格品番 ADV-R and ADV-SR (0.074417ms)
  ✔ does not mis-parse ADV-R0484 as R0-484 (0.059959ms)
  ✔ parses FC2 and Heyzo (0.050167ms)
  ✔ parses DMM h_ prefix (0.045667ms)
  ✔ parses date-based uncensored ids (0.030542ms)
  ✔ extracts code after @ in filename (0.042625ms)
  ✔ returns null for noise-only names (0.046917ms)
  ✔ rejects no-hyphen and short-prefix patterns (0.076291ms)
✔ parseCode (3.02925ms)
▶ libraryScanAuditStore
  ✔ atomically replaces and restores the complete latest audit (12.653292ms)
  ✔ fails closed for malformed audit documents (3.890875ms)
  ✔ reads schema 2 NFO dispositions while retaining schema 1 compatibility (8.7475ms)
✔ libraryScanAuditStore (25.963125ms)
▶ ScanCoordinator
  ✔ coalesces display progress while preserving per-file callbacks and the final event (15.10875ms)
  ✔ flushes pending progress before a failure without delaying the failure event (0.644292ms)
  ✔ binds an offline-created root identity and refreshes the frozen snapshot before scanning (0.741291ms)
  ✔ persists matching complete audit details with the latest summary (0.294167ms)
  ✔ publishes scan lifecycle events for every trigger (0.17025ms)
  ✔ uses one frozen configuration snapshot for the complete run (0.125208ms)
  ✔ reconciles resource identity pending rows only under roots proven safe after traversal (0.222167ms)
  ✔ preserves offline roots and removes only missing local resources under accessible roots (1.091583ms)
  ✔ aborts cleanup when a local path cannot be audited (0.460334ms)
  ✔ treats a root that becomes unreadable after traversal as offline (0.2355ms)
  ✔ rechecks the frozen root identity immediately before cleanup writes (0.173916ms)
  ✔ does not run cleanup after cancellation and releases the mutual-exclusion lease (0.225125ms)
  ✔ keeps resources after a coordinator-level failure (0.210167ms)
  ✔ skips every destructive cleanup after a file processing failure (0.127167ms)
  ✔ replaces the unrecognized-file snapshot after every safe completed scan (0.128166ms)
  ✔ completes safe cleanup with errors when failures are isolated to STRM files (0.1365ms)
  ✔ consumes deferred path cleanup only after a successful uncancelled scan (0.075959ms)
  ✔ keeps deferred path cleanup queued after a partial folder scan (0.097667ms)
  ✔ allows a full cleanup-only scan after the final configured folder was removed (0.065291ms)
  ✔ removes many non-primary resources without reading sibling resource lists (2.158167ms)
  ✔ consumes cleanup references lazily and closes iteration on a path failure (0.477791ms)
  ✔ preserves all three cleanup audit sequences above the argument limit (398.00125ms)
  ✔ removes resource-less memberships after deferred cleanup on a safe full scan (0.48425ms)
  ✔ persists a sanitized failed summary without running destructive cleanup (0.4155ms)
  ✔ rolls back resource cleanup and keeps pending roots when auto-delete fails (0.391125ms)
  ✔ keeps pending roots when the cleanup transaction cannot commit (0.336625ms)
  ✔ rejects duplicate scans and scans blocked by resource maintenance (15.682084ms)
✔ ScanCoordinator (439.596666ms)
✔ reads pending audit summaries with only referenced groups and all exact pending paths (0.354584ms)
✔ skips the pending audit DB reader for no-files (0.198333ms)
✔ skips the pending audit DB reader for non-pending (0.084667ms)
✔ skips the pending audit DB reader for pending-without-group (0.091ms)
▶ scanFolders
  ✔ rejects an archived library atomically when manual import resumes after probing (24.873292ms)
  ✔ rejects manual import when the root is physically replaced while duration probing is suspended (8.695375ms)
Scan error for /var/folders/h4/zxrt6zwx6dv1n16kwxzltqgh0000gn/T/javdex-scan-rKlnsB/scan-replaced-root/RACE-003.mp4 Error: 只能操作身份有效的启用媒体库根目录内文件
    at rejectManagedRootFile (/Users/nut/Project/JavdexLabs/Javdex/src/main/services/mediaLibraryRootFileGuard.ts:32:9)
    at requireCurrentRootIdentity (/Users/nut/Project/JavdexLabs/Javdex/src/main/services/mediaLibraryRootFileGuard.ts:86:5)
    at assertRootFile (/Users/nut/Project/JavdexLabs/Javdex/src/main/services/mediaLibraryRootFileGuard.ts:98:27)
    at assertMediaLibraryRootFile (/Users/nut/Project/JavdexLabs/Javdex/src/main/services/mediaLibraryRootFileGuard.ts:170:3)
    at authorizeMediaLibraryRootFile (/Users/nut/Project/JavdexLabs/Javdex/src/main/services/mediaLibraryRootFileGuard.ts:230:3)
    at authorizeFileWrite (/Users/nut/Project/JavdexLabs/Javdex/src/main/scanner/scanner.ts:656:7)
    at scanFolders (/Users/nut/Project/JavdexLabs/Javdex/src/main/scanner/scanner.ts:1142:7)
    at async TestContext.<anonymous> (/Users/nut/Project/JavdexLabs/Javdex/src/main/scanner/scanner.test.ts:447:20)
    at async Test.run (node:internal/test_runner/test:1332:7)
    at async Suite.processPendingSubtests (node:internal/test_runner/test:911:7)
  ✔ keeps scan state unchanged when a frozen root is physically replaced during probing (19.193875ms)
Scan error for /var/folders/h4/zxrt6zwx6dv1n16kwxzltqgh0000gn/T/javdex-scan-v0LqPM/rename-import-replaced-root/RACE-004.mp4 Error: 只能操作身份有效的启用媒体库根目录内文件
    at rejectManagedRootFile (/Users/nut/Project/JavdexLabs/Javdex/src/main/services/mediaLibraryRootFileGuard.ts:32:9)
    at requireCurrentRootIdentity (/Users/nut/Project/JavdexLabs/Javdex/src/main/services/mediaLibraryRootFileGuard.ts:86:5)
    at assertRootFile (/Users/nut/Project/JavdexLabs/Javdex/src/main/services/mediaLibraryRootFileGuard.ts:98:27)
    at assertMediaLibraryRootFile (/Users/nut/Project/JavdexLabs/Javdex/src/main/services/mediaLibraryRootFileGuard.ts:170:3)
    at authorizeMediaLibraryRootFile (/Users/nut/Project/JavdexLabs/Javdex/src/main/services/mediaLibraryRootFileGuard.ts:230:3)
    at authorizeFileWrite (/Users/nut/Project/JavdexLabs/Javdex/src/main/scanner/scanner.ts:656:7)
    at scanFolders (/Users/nut/Project/JavdexLabs/Javdex/src/main/scanner/scanner.ts:1074:9)
    at async renameAndImport (/Users/nut/Project/JavdexLabs/Javdex/src/main/scanner/scanner.ts:1444:20)
    at async TestContext.<anonymous> (/Users/nut/Project/JavdexLabs/Javdex/src/main/scanner/scanner.test.ts:536:19)
    at async Test.run (node:internal/test_runner/test:1332:7)
  ✔ does not commit or rename a replacement-root file when rename-import resumes after probing (14.448ms)
  ✔ rejects a disabled target root at the resource transaction boundary (8.315083ms)
  ✔ reuses archived local and STRM source paths without crossing library ownership (18.744791ms)
  ✔ imports mixed local and STRM resources into one video and keeps the local file primary (14.05975ms)
  ✔ chooses the scan primary independently of directory entry order (16.086791ms)
  ✔ reselects the primary when scanning into an existing resource-less video (16.574291ms)
  ✔ keeps mixed local and STRM resources in one masked pending group (11.770958ms)
  ✔ rejects a stale pending STRM assignment, refreshes its snapshot, then accepts it (16.72725ms)
  ✔ removes an invalidated STRM snapshot from the pending group on a later scan (22.325709ms)
  ✔ syncs a changed STRM target in place while preserving primary and user-maintained fields (10.963875ms)
  ✔ isolates invalid STRM files and retries them without replacing a bound target (14.885334ms)
  ✔ relocates STRM only when the complete filename and target identify one missing source (15.949166ms)
  ✔ loads STRM candidates once per scan across imports, moves and pending writes (280.634875ms)
  ✔ relocates a bound STRM after its video code has been corrected (16.601208ms)
  ✔ holds new resources for confirmation when several videos already use the code (8.597292ms)
  ✔ keeps an already-pending path out of relocation and refreshes its pending snapshot (9.143625ms)
  ✔ holds a same-scan multi-file code together when automatic assignment is disabled (8.552959ms)
  ✔ does not let an invalid STRM force a valid same-code video into confirmation (10.199ms)
  ✔ persists a pending scan group across database reopen and assigns it atomically (11.1235ms)
  ✔ rolls back every scan assignment when final pending-group deletion fails (9.904ms)
  ✔ imports one unambiguous file normally when automatic assignment is disabled (8.255083ms)
  ✔ holds a new resource that matches one existing video when automatic assignment is disabled (8.112917ms)
  ✔ promotes the available resource when assigning into an existing video without a primary (12.010583ms)
  ✔ normalizes a manual code and attaches to an existing case-insensitive identity (103.923083ms)
  ✔ aborts when a nested directory cannot be audited (8.883833ms)
  ✔ imports a symbolic-link video by its link path and file name (13.220375ms)
  ✔ does not follow symbolic-link directories (7.211625ms)
  ✔ silently skips a broken symbolic-link video (9.200166ms)
  ✔ leaves missing-resource cleanup to the high-level scan coordinator (12.162708ms)
  ✔ keeps distinct symbolic-link paths that point to the same target (13.632459ms)
  ✔ keeps a resource under an unavailable root when the same code appears online (14.369959ms)
  ✔ relocates one same-code video by a unique file-size match without requiring the old name (11.778584ms)
  ✔ uses full file name and size to relocate safely when several videos share a code (8.690166ms)
  ✔ does not relocate when full file name and size match more than one duplicate-code video (10.95925ms)
  ✔ treats a new file normally when an old same-code path cannot be audited (10.383542ms)
  ✔ keeps an unrecognized rename and only rediscovers the renamed file (15.658ms)
  ✔ uses the scan same-code pending flow when automatic merging is disabled (17.619708ms)
  ✔ renames and discovers the code without a manual code or target (11.038583ms)
  ✔ renames and imports an unrecognized STRM as a source-managed link (10.656375ms)
  ✔ imports recognized videos and reports unrecognized files (13.246167ms)
  ✔ reuses scanned directory entries when checking a directory without NFO files (54.16725ms)
  ✔ refreshes a changed local identity snapshot on rescan before user confirmation (20.256541ms)
  ✔ refreshes a changed strm identity snapshot on rescan before user confirmation (16.172459ms)
  ✔ uses NFO identity only for newly discovered resources when automatic import is enabled (20.386875ms)
  ✔ handles cancellation during the only or first NFO application and preserves committed file audits (28.448083ms)
  ✔ aggregates first-discovery NFO candidates once per video after all resources are assigned (12.282125ms)
  ✔ does not count an existing pending resource identity as a new same-code file (15.578792ms)
  ✔ keeps distinct local NFO candidates in the existing confirmation workflow (16.826625ms)
  ✔ persists a filename/NFO identity conflict without creating formal library records (13.74925ms)
  ✔ persists only a masked STRM target projection for an NFO identity conflict (9.829125ms)
  ✔ keeps a valid filename import when its NFO is invalid and records only a secondary warning (13.992833ms)
  ✔ uses NFO identity across libraries but never overwrites a globally scraped-success video (13.145375ms)
  ✔ applies local NFO with fill-empty semantics for new and failed videos (18.885458ms)
  ✔ reattaches a scanned file to an existing no-resource video without replacing metadata (11.808833ms)
  ✔ yields while scanning large batches (116.346959ms)
  ✔ collects a very large root without overflowing call arguments before cancellation (1826.046042ms)
  ✔ stops when cancelled (96.423958ms)
  ✔ skips new imports shorter than 30 minutes (9.858125ms)
  ✔ skips short files before unrecognized handling (8.485625ms)
  ✔ stores probed duration on import (11.143917ms)
  ✔ refreshes duration when the file changes on rescan (16.984792ms)
  ✔ skips duration probe on rescan when file is unchanged (14.338125ms)
  ✔ emits one final audit outcome for every processed file (15.139417ms)
✔ scanFolders (3292.566791ms)
▶ STRM parser
  ✔ matches the STRM extension without case sensitivity (0.387166ms)
  ✔ accepts one HTTP target after BOM, blank lines, comments, and Kodi properties (0.933542ms)
  ✔ normalizes supported HTTP, Magnet, and ED2K targets through the resource contract (0.549584ms)
  ✔ rejects empty, multiple-target, invalid UTF-8, and unsupported-protocol content (0.32875ms)
  ✔ accepts exactly 1 MiB and rejects larger input without truncation (0.599917ms)
✔ STRM parser (3.287708ms)
✔ matches unique missing sources and retains filename, target, root and uncertainty rules (1.655959ms)
✔ incrementally tracks same-scan insertions and target/path changes, but invalidates unknown writes (0.538833ms)
✔ does not acknowledge unrelated writes or a failed mutation as a complete cache update (0.376416ms)
✔ retains the cache for known pending writes but cannot hide an intervening external write (0.215584ms)
✔ examines one matching candidate per lookup in a 10000-resource relocation (80.553125ms)
✔ examines one matching candidate per lookup in a 20000-resource relocation (110.801416ms)
✔ examines one matching candidate per lookup in a 300382-resource relocation (1999.529708ms)
✔ examines one matching candidate per lookup in a 600764-resource relocation (4161.717542ms)
✔ indexes target keys as well as filenames when many directories use the same filename (89.697083ms)
▶ videoDuration
  ✔ resolves configured minutes to seconds (0.951166ms)
  ✔ treats unknown duration as not below minimum (0.097833ms)
  ✔ flags durations shorter than threshold (0.051625ms)
  ✔ prefers scraped duration over primary resource duration (0.052834ms)
  ✔ uses primary resource duration when scraped duration is missing (0.040542ms)
  ✔ returns null when both durations are missing (0.031333ms)
  ✔ only refreshes stored local resource duration when probe value changed (0.033667ms)
  ✔ only probes when duration is missing or file fingerprint changed (0.047583ms)
✔ videoDuration (2.008209ms)
▶ actressScraperManager
  ✔ returns a pending outcome without partially applying a conflicting profile (128.41525ms)
  ✔ clears the selected avatar in replace mode when the matched source has no avatar (100.628333ms)
  ✔ promotes an unscraped actress to scrape success when a profile field is applied (84.430917ms)
  ✔ records a failed scrape without a success time when no profile matches (98.060708ms)
  ✔ records a failed scrape without a success time when the source throws (107.587792ms)
  ✔ records failure in replace-if-present mode when a matched profile has no selected value (100.63275ms)
  ✔ promotes a previously failed actress when a later scrape applies valid data (97.823708ms)
  ✔ skips fill-empty scraping without changing cumulative status when no selected field is missing (52.571459ms)
  ✔ skips fillEmpty when a matched profile has no new values for remaining empty fields (85.532792ms)
  ✔ still fails fillEmpty when a matched profile has no usable field values (85.265334ms)
  ✔ keeps cumulative success and its timestamp when a later scrape fails (84.561042ms)
  ✔ lets Gfriends try stored aliases after the main name without enabling global alias search (50.356083ms)
  ✔ applies successful field sources when another source fails (200.550792ms)
  ✔ preserves a field in replace mode when its composite source fails (188.17025ms)
  ✔ clears a field in replace mode when its composite source matched with no value (174.911ms)
  ✔ records failure when every configured composite source fails (168.953042ms)
  ✔ warns when a composite avatar source cannot download its result (191.306583ms)
  ✔ preserves the existing gallery when every returned image is unusable (87.274917ms)
✔ actressScraperManager (2088.3695ms)
▶ bundled video candidate plugins
  ✔ normalizes year-month values through the documented sandbox helper (67.806167ms)
  ✔ JavDB fetches every first-page exact match and never falls back to a fuzzy item (54.785958ms)
  ✔ JavDB fails the complete scrape when any exact-match detail fails (51.113166ms)
  ✔ JavLibrary returns all exact cards and ignores title containment or first-item fallback (48.922458ms)
✔ bundled video candidate plugins (223.329958ms)
▶ isCloudflareChallengeText
  ✔ trusts the official cf-mitigated challenge response header signal (0.952375ms)
  ✔ detects classic JS challenge interstitial markers (0.145125ms)
  ✔ ignores passive challenge-platform scripts on normal JavDB detail pages (1.113916ms)
  ✔ detects managed challenge markers (0.191584ms)
  ✔ detects body copy only with Cloudflare co-signals (0.197583ms)
  ✔ detects turnstile-only shells but not embedded widgets on content pages (0.088583ms)
  ✔ does not treat normal pages, helper copy, or vague phrases as Cloudflare (0.695708ms)
✔ isCloudflareChallengeText (3.946875ms)
▶ buildPluginRegistry
  ✔ lets user scrapers override bundled names (0.339791ms)
✔ buildPluginRegistry (0.658833ms)
▶ runCompositeFieldGroups
  ✔ groups fields, picks, and merges across plugins (0.662417ms)
  ✔ aborts on the first plugin error when policy is abort (0.278583ms)
  ✔ collects per-plugin warnings and continues when policy is collect (0.101833ms)
  ✔ throws when every grouped source fails under collect policy (0.097333ms)
  ✔ returns a null result when every plugin yields no match (0.082667ms)
✔ runCompositeFieldGroups (1.3365ms)
▶ configuredScraperService
  ✔ normalizes legacy settings without a service config and drops an unusable MetaTube default (6.032ms)
  ✔ normalizes origins and path prefixes while rejecting unsafe base URLs (0.446666ms)
  ✔ stores only public configuration in settings and requires acknowledgement for remote HTTP tokens (1.33775ms)
  ✔ blocks clearing while MetaTube is referenced and clears address plus token otherwise (1.954167ms)
  ✔ keeps bearer credentials on the configured origin and preserves a base path (3.346875ms)
  ✔ snapshots the address, proxy choice, and token for an in-flight scrape (2.981125ms)
  ✔ rejects cross-origin redirects before sending credentials to the target (0.739208ms)
  ✔ rejects HTTPS downgrade redirects (0.585834ms)
  ✔ classifies authentication, rate-limit, server, malformed, and oversized responses (0.928916ms)
  ✔ tests draft configuration without persisting its token (0.432833ms)
✔ configuredScraperService (19.382667ms)
▶ Gfriends bundled actress plugin
  ✔ prefers the main name and selects its last quality-ordered avatar candidate (51.560667ms)
  ✔ uses the first exact alias only when the main name has no candidate (53.104ms)
  ✔ does not return a fuzzy name match (47.812958ms)
  ✔ uses the current jsDelivr namespace when the primary index is unavailable (49.783666ms)
  ✔ reserves Gfriends as a built-in actress plugin name (0.309792ms)
✔ Gfriends bundled actress plugin (203.784917ms)
▶ MetaTube bundled video plugin
  ✔ keeps exact providers in search order and maps the documented fields (63.753375ms)
  ✔ returns no candidates for search 404 or fuzzy-only search results (97.717625ms)
  ✔ rejects a detail whose exact code differs from its search item (46.08775ms)
  ✔ rejects too many exact providers before requesting details (44.238083ms)
  ✔ fails the entire scrape if one exact detail request fails (46.349583ms)
[scraper:MetaTube] MetaTube 样张超过 40 张，已截断
  ✔ caps public sample proxy URLs at forty without putting credentials in them (39.220625ms)
  ✔ rejects incompatible known fields and caps detail concurrency at four (102.4065ms)
✔ MetaTube bundled video plugin (441.235667ms)
▶ MetaTube service integration
  ✔ runs connection checks and the bundled worker against a local fake HTTP service (96.311625ms)
✔ MetaTube service integration (96.996291ms)
▶ action network capture
  ✔ keeps http(s) query strings and strips credentials (0.662625ms)
  ✔ redacts credential-bearing query values before exposing recent requests (0.164041ms)
  ✔ omits sensitive post bodies (0.1455ms)
  ✔ records only an active action window and does not label search (0.61175ms)
  ✔ keeps the newest requests when the action window overflows (0.186ms)
✔ action network capture (2.295834ms)
▶ browser evaluate policy
  ✔ allows forbidden API names inside diagnostic strings, comments and regular expressions (4.273917ms)
  ✔ still rejects executable references and computed access to forbidden APIs (0.635208ms)
  ✔ rejects credential, storage and sensitive form access (0.873709ms)
  ✔ rejects live-page mutation and computed property access (0.714ms)
  ✔ rejects destructuring aliases that recover live-realm capabilities (0.937542ms)
  ✔ names the forbidden API and points markup reads to html (1.89025ms)
  ✔ uses one normalized evaluator and drains timeout cleanup before rejecting (2.926542ms)
✔ browser evaluate policy (13.414875ms)
▶ ScrapeBrowserHost leases
  ✔ reuses the same owner and rejects a competing owner immediately (0.951125ms)
  ✔ freezes proxy and stops the helper as soon as a scrape lease is released (0.721417ms)
  ✔ closes the active helper session with the main window and remains reusable (0.148792ms)
  ✔ presents the helper through the lease without exposing it as a plugin browser action (0.114208ms)
  ✔ invalidates all lease actions when its operation signal is cancelled (0.11925ms)
  ✔ terminates the helper when an in-flight Playwright action is cancelled (0.2475ms)
  ✔ terminates the helper before reporting an evaluate timeout (504.347166ms)
  ✔ keeps oversized ARIA complete for the artifact layer (0.565458ms)
  ✔ sends cancel, ignores a late response and kills a non-cooperative helper after 500ms (1043.735625ms)
  ✔ keeps one click successful while transient post-action observation recovers (1.180166ms)
  ✔ blocks a disallowed main-frame navigation before an agent action sends it (2.750583ms)
  ✔ returns bounded scroll metrics and invalidates refs without changing the document revision (0.280541ms)
  ✔ extracts a host-owned load-more availability signal with the candidate snapshot (0.19275ms)
  ✔ returns the host-owned terminal proof result with the candidate snapshot (0.060708ms)
  ✔ returns pending after a successful action but makes explicit snapshot pending retryable (0.288791ms)
  ✔ classifies a failed state action with a changed revision as uncertain without replaying it (0.141792ms)
  ✔ keeps selector uniqueness failures as ordinary action failures (0.070333ms)
  ✔ reports zero matches separately from multiple matches (0.044459ms)
✔ ScrapeBrowserHost leases (1556.659583ms)
▶ normalizeNetworkUrl
  ✔ strips hash and lowercases host (0.410666ms)
  ✔ returns null for invalid URLs (0.064833ms)
✔ normalizeNetworkUrl (0.825083ms)
▶ networkUrlPathKey
  ✔ drops search and hash (0.053583ms)
✔ networkUrlPathKey (0.097833ms)
▶ isImageNetworkResource
  ✔ accepts Image resource type (0.085791ms)
  ✔ accepts image mime types (0.037291ms)
  ✔ rejects non-images and error statuses (0.054292ms)
✔ isImageNetworkResource (0.25075ms)
▶ hasImageMagicBytes
  ✔ detects jpeg and rejects html (0.351459ms)
✔ hasImageMagicBytes (0.431459ms)
▶ ImageBodyLruCache
  ✔ returns exact and aliased URLs (0.317667ms)
  ✔ matches unique path when query differs (0.22ms)
  ✔ does not path-match when multiple distinct bodies share a path (0.224917ms)
  ✔ evicts oldest entries by count (0.200458ms)
  ✔ clears all state (0.126708ms)
✔ ImageBodyLruCache (1.232292ms)
▶ prioritizeInspectLinks
  ✔ keeps a main result card when more than maxLinks navigation links precede it (0.915042ms)
  ✔ preserves DOM order within priority groups and deduplicates after prioritizing (1.099875ms)
✔ prioritizeInspectLinks (2.751417ms)
▶ selectInspectLocaleLinks
  ✔ keeps locale anchors in document order and always allows an empty result (0.201417ms)
  ✔ caps locale anchors without mixing them back into content ranking (0.087834ms)
✔ selectInspectLocaleLinks (0.382834ms)
▶ selectInspectScriptSrcs
  ✔ keeps document order, deduplicates, and allows an empty result (0.116709ms)
✔ selectInspectScriptSrcs (0.177791ms)
▶ inspectLinkRawHref
  ✔ omits rawHref when the HTML attribute already matches the resolved href (0.087458ms)
  ✔ keeps protocol-relative and path-only attributes that cheerio will see (0.041ms)
✔ inspectLinkRawHref (0.191375ms)
▶ ScrapeBrowserFramedSocket
  ✔ rejects the wrong token, parent pid, protocol version or CDP port (0.595958ms)
  ✔ round-trips authenticated hello frames and native Buffers (5.574ms)
  ✔ rejects an oversized incoming frame before allocating its body (0.784375ms)
✔ ScrapeBrowserFramedSocket (7.51125ms)
▶ scrape browser readiness
  ✔ does not resolve an intermediate verification page even when it has matching content (0.36025ms)
  ✔ does not accept selectors found on a verification page (0.059459ms)
✔ scrape browser readiness (0.831417ms)
▶ ScrapeBrowserWaitBudget
  ✔ does not consume the page timeout while Cloudflare verification is active (0.099542ms)
  ✔ still enforces the page timeout while no challenge is active (0.037334ms)
  ✔ caps manual verification independently from the page timeout (0.037209ms)
  ✔ accumulates the verification cap across repeated challenge periods (0.043417ms)
✔ ScrapeBrowserWaitBudget (0.305375ms)
✔ buildScrapeUserAgent drops Electron and app product tokens (0.447417ms)
✔ derivePlatformFromOsToken maps Windows, macOS and Linux (0.143791ms)
✔ resetScrapeUaProfileCache clears memoized profile (0.066375ms)
▶ scraperManager plugin availability gates
  ✔ publishes the built-in local NFO source as runnable but not editable or exportable (3.14125ms)
  ✔ lists MetaTube for configuration but excludes it from executable names until configured (2.131833ms)
  ✔ rejects unconfigured service plugins as new composite field sources (1.602875ms)
✔ scraperManager plugin availability gates (7.741125ms)
▶ scraperPluginSandbox
  ✔ loads cheerio/slim so packaged scrapers do not need undici (38.549042ms)
  ✔ terminates a non-returning plugin worker when the caller aborts (30.542459ms)
  ✔ does not report an aborted run as settled while a started host RPC is still running (121.14675ms)
  ✔ serves repeated persistent fetchBuffer calls from the plugin resource cache (54.328125ms)
✔ scraperPluginSandbox (245.331458ms)
▶ scraperPluginService
  ✔ describes bundled video scraper fields from shipped manifests (6.473333ms)
  ✔ describes bundled actress scraper fields from shipped manifests (1.195042ms)
  ✔ drops unknown actress supported field ids from packages (41.639417ms)
  ✔ lists bundled plugins shipped with the app (0.749208ms)
  ✔ reads bundled plugin packages for export and AI debug (0.833542ms)
  ✔ keeps MetaTube visible but unavailable until configured (0.554042ms)
  ✔ rejects a user package that tries to declare a trusted service binding (0.327792ms)
  ✔ does not assign a standalone delay to composite scrapers (1.901708ms)
  ✔ imports and executes a custom video plugin through the BaseScraper adapter (73.373625ms)
  ✔ normalizes video ratings to valid 5-point records only (0.545708ms)
  ✔ reads an installed custom plugin package for AI debugging (40.724709ms)
  ✔ imports and executes a custom actress plugin through the BaseActressScraper adapter (111.433042ms)
  ✔ rejects custom plugins that reuse a built-in name (0.854ms)
  ✔ renames legacy user plugins that override built-in names to -custom (4.046584ms)
  ✔ preserves settings for a legacy user plugin named after retired JAV8 (1.402ms)
  ✔ uses -custom-2 when -custom is already taken (1.834708ms)
  ✔ keeps bundled plugins visible after rejecting a same-name custom install (2.163ms)
  ✔ rejects duplicate custom plugin names (47.068125ms)
  ✔ atomically replaces a user plugin without leaving staging or backup directories (75.876583ms)
  ✔ rejects plugin names that collide after filename sanitization (51.138125ms)
  ✔ rejects packages without kind (1.11625ms)
  ✔ exports packages with kind (41.656375ms)
✔ scraperPluginService (508.04225ms)
▶ ScraperResourceCache
  ✔ reuses a fresh plugin resource without another network request (1.850042ms)
  ✔ reuses a fresh plugin resource after the cache is recreated (0.8605ms)
  ✔ revalidates an expired resource with its ETag and retains a 304 body (1.331667ms)
  ✔ returns an expired resource when revalidation fails and stale fallback is enabled (0.856042ms)
  ✔ rejects a resource larger than the host entry quota (0.341334ms)
  ✔ rejects writes beyond the host quota for one plugin (0.804375ms)
  ✔ enforces the plugin quota across concurrent resource commits (2.648958ms)
✔ ScraperResourceCache (9.129708ms)
▶ trusted scraper service sandbox bridge
  ✔ exposes service methods only to a trusted binding while keeping the token in main (101.923166ms)
  ✔ fails before starting a trusted worker when the service is not configured (1.260291ms)
✔ trusted scraper service sandbox bridge (103.641792ms)
▶ scraperManager.scrapeVideo
  ✔ uses the built-in local NFO source for manual, composite, and default runs without network fallback (41.565334ms)
  ✔ treats a missing local NFO as a normal no-match without marking scrape failure (10.55675ms)
  ✔ uses only the effective composite field sources to classify a quiet local NFO no-match (65.917791ms)
  ✔ delivers actress avatars to the merged cast positions across local and web composite sources (108.677125ms)
  ✔ persists exact multi-candidate results without selecting or applying one by default (114.341417ms)
  ✔ stages every declared candidate image even when the field was not selected (120.155541ms)
  ✔ confirms a candidate from the local snapshot without visiting the remote site again (93.033583ms)
  ✔ discards pending candidates, cleans staging, and preserves cumulative success (105.8005ms)
  ✔ replaces pending staging and removes the replacement after a later unique success (298.18675ms)
  ✔ startup cleanup removes only old unreferenced video staging directories (125.127208ms)
  ✔ filters exact-code mismatches and conservatively deduplicates normalized source urls (99.014834ms)
  ✔ rejects an invalid candidate array atomically and preserves an older pending decision (235.353583ms)
  ✔ keeps the old pending snapshot and staging when a valid replacement fails mid-transaction (180.595875ms)
  ✔ returns every exact-code exclusion warning when no candidate remains (98.001708ms)
  ✔ applies the only exact candidate after exclusions without creating pending state (96.706375ms)
  ✔ normalizes a year-month release date to the first day of that month (90.118625ms)
  ✔ keeps a unique candidate pending when applying it would duplicate a business identity (125.011583ms)
  ✔ rolls back a conflict merge and candidate apply when pending deletion fails (107.618042ms)
  ✔ returns director candidates before writes and applies an explicit choice on retry (156.709583ms)
  ✔ keeps an ambiguous director during batch-style scraping and applies safe fields (104.224083ms)
  ✔ reports a matched result as skipped when no selected value can be applied (103.650083ms)
  ✔ stores composite source links and ratings under their actual field plugins (167.4645ms)
  ✔ persists and confirms composite candidates independently per source (184.3995ms)
  ✔ ignores unsupported fields before validating and applying the selected plugin result (82.348917ms)
  ✔ still rejects a malformed field when the plugin declares it as supported (223.7855ms)
  ✔ preserves a composite field when its source does not match but another source succeeds (536.381209ms)
downloadCover failed: TEST-001 https://cover.example/broken.jpg response is not a usable image
  ✔ applies text data but preserves an old cover when the returned image is unusable (658.605375ms)
downloadSamples failed: TEST-001 1 https://sample.example/two.jpg response is not a usable image
  ✔ discards the whole sample set when any sample download fails but still applies text (667.954542ms)
  ✔ compensates downloaded assets when the apply phase throws after downloads commit (579.809542ms)
  ✔ discards a downloaded cast avatar when the actress already has a usable avatar (602.1095ms)
✔ scraperManager.scrapeVideo (6185.398792ms)
▶ Xslist bundled actress plugin
  ✔ treats the site anonymous image as no avatar (54.512542ms)
  ✔ keeps a real profile avatar (49.713417ms)
✔ Xslist bundled actress plugin (105.020916ms)
▶ actress batch scrape persistence lifecycle
  ✔ persists one stable job id and advances pending targets across restart (313.9535ms)
  ✔ loads a legacy task without tri-state fields using a stable fallback job id (134.865417ms)
  ✔ clears a cancelled task file without deleting its completed pending result (187.736417ms)
  ✔ persists only a canonical status and the start-time target snapshot (227.723125ms)
  ✔ recovers a paused checkpoint after an application restart cache reset (97.516375ms)
  ✔ normalizes a legacy scraped paused job without rewriting progress (120.8525ms)
  ✔ normalizes an omitted scrapeStatus to all while preserving the snapshot (126.322584ms)
  ✔ marks an unknown status job unrecoverable without falling back to all (102.779708ms)
  ✔ blocks resume for an unknown status job but still allows discard (113.133958ms)
  ✔ resumes from the saved snapshot without re-applying current filters (153.887333ms)
  ✔ resumes a normalized legacy scraped job with unified scrape result semantics (180.290083ms)
✔ actress batch scrape persistence lifecycle (1760.29125ms)
▶ actressBatchScrapeTargets status normalization
  ✔ keeps the four canonical cumulative-status scopes (1.251459ms)
  ✔ normalizes the legacy scraped scope to 刮削成功 (0.270125ms)
  ✔ normalizes an omitted scope to 全部 (0.155417ms)
  ✔ rejects an unknown scope instead of widening the batch (0.473958ms)
  ✔ reports unknown scopes without throwing for persisted job snapshots (3.647959ms)
  ✔ never produces the legacy scope in a normalized request (0.129167ms)
✔ actressBatchScrapeTargets status normalization (6.80375ms)
▶ reconcilePersistedActressBatchJob
  ✔ rewrites scraped to success and omitted to all without touching progress (0.162666ms)
  ✔ keeps unrecognized scopes unrecoverable and does not widen to all (0.103083ms)
✔ reconcilePersistedActressBatchJob (0.322625ms)
▶ actressBatchScrapeTargets resolution
  ✔ resolves each canonical cumulative-status scope (8.783166ms)
  ✔ resolves the legacy scraped scope as 刮削成功 and an omitted scope as 全部 (6.887292ms)
  ✔ intersects gender, cumulative status and missing fields (6.532709ms)
  ✔ treats explicit ids as the whole target set, ignoring the other filters (6.334625ms)
  ✔ deduplicates explicit ids and drops ids without a stored actress (5.983959ms)
  ✔ treats an empty explicit id list as zero targets (6.359792ms)
✔ actressBatchScrapeTargets resolution (41.02925ms)
▶ actressBatchScrapeTargets estimate and start
  ✔ estimates the count the start would resolve from the same request (6.279208ms)
  ✔ resolves targets again on start, so the total may differ from an earlier estimate (6.199334ms)
  ✔ freezes target ids, display names and total when the batch starts (10.960625ms)
✔ actressBatchScrapeTargets estimate and start (23.518625ms)
▶ ActressIdentityConflictWorkflow
  ✔ inspects live ownership even when the name is not yet in a review group (15.312083ms)
  ✔ summarizes the same aggregated name groups returned by the review list (7.936042ms)
  ✔ keeps summary counts exact for mixed, multi-result, and multi-conflict groups (45.1165ms)
  ✔ lists pending name ownership without inventing a pending scrape (11.585167ms)
  ✔ rejects an unsupported pending name type instead of silently reclassifying it (7.990625ms)
  ✔ rejects a pending-name-ownership decision when the shown claim row changed (36.988708ms)
  ✔ assigns pending name ownership without creating or applying scrape data (13.997375ms)
  ✔ edits one pending name claim and resolves both resulting unique owners (10.422292ms)
  ✔ moves an edited pending name claim into another normalized-name group (14.021083ms)
  ✔ merges actresses directly from pending name ownership (41.294ms)
  ✔ removes an illegal pending name without persisting a blacklist (12.353709ms)
  ✔ reassigns the only pending scrape to the explicit keeper after a merge (10.276208ms)
  ✔ keeps a usable keeper avatar while clearing its missing source and crop state (10.701792ms)
  ✔ uses the explicitly selected pending actress as keeper and the other current main name (12.590083ms)
  ✔ rejects merging when both actresses own pending scrape snapshots (20.766083ms)
  ✔ does not treat another conflict between the same actress pair as a merge blocker (18.213291ms)
  ✔ rejects the whole workbench merge when a resulting name belongs to a third actress (15.439125ms)
  ✔ rejects the whole merge when the pending scrape also conflicts with a third actress (11.69575ms)
  ✔ rejects merging a persisted name claimed by a third actress pending scrape (11.1155ms)
  ✔ returns stale without merging when either actress changed after confirmation was shown (9.306416ms)
  ✔ rolls back the actress merge when pending reassociation fails (13.048708ms)
  ✔ edits only the selected conflicting name and applies the unlocked scrape atomically (13.807291ms)
  ✔ moves only the edited item when its new name conflicts in another dynamic group (10.810792ms)
  ✔ moves an edited name into a group claimed by another naturally unlocked pending result (12.223ms)
  ✔ transfers complete ownership to the pending actress only with a replacement main name (11.167959ms)
  ✔ previews and applies an assigned conflicting alias in a fill-empty alias collection (19.011875ms)
  ✔ keeps earlier ownership decisions in the final fill-empty alias preview and apply (20.3285ms)
  ✔ validates and removes every legacy claimant when assigning to the pending actress (14.342917ms)
  ✔ assigns a whole conflict group to an existing actress while applying profiles to original targets (13.570083ms)
  ✔ keeps confirmed ownership when the chosen existing actress is also a replace candidate (9.194334ms)
  ✔ removes an illegal normalized name from the whole group and applies unlocked profiles (15.330959ms)
  ✔ requires a valid replacement for every main-name claimant before illegal-name removal (13.434333ms)
  ✔ validates illegal-name replacement main names against the live conflict snapshot (9.342584ms)
  ✔ does not reconcile newly active conflicts while rejecting a stale illegal-name decision (27.14825ms)
  ✔ removes only the current illegal group and does not remember a blacklist rule (21.786ms)
  ✔ applies a result when its other recorded conflict has already become inactive (12.2865ms)
  ✔ rolls back illegal-name handling when name deletion fails (29.277667ms)
  ✔ rolls back illegal-name handling when main replacement fails (14.063833ms)
  ✔ rolls back illegal-name handling when profile application fails (12.018875ms)
  ✔ rolls back illegal-name handling when pending cleanup fails (12.861208ms)
  ✔ keeps the whole illegal-name group pending when any resource preparation fails (16.92825ms)
  ✔ requires a replacement when assigning a current main name to a third existing actress (12.476083ms)
  ✔ finishes name-only results and preserves the original fill-empty update mode (20.137583ms)
  ✔ promotes staged resources when a name edit unlocks a pending scrape (52.116375ms)
  ✔ keeps a naturally unlocked result pending until the user explicitly applies it (9.964167ms)
  ✔ returns a stale outcome without writes when an involved actress changed (9.658417ms)
  ✔ rolls back every profile and promoted resource when a group apply fails (13.154834ms)
  ✔ freezes the complete scrape when one selected name belongs to another actress (8.44025ms)
  ✔ applies a complete result when equivalent names only belong to the target actress (28.280375ms)
  ✔ atomically replaces one actress current snapshot and removes its old staged resources (30.689833ms)
  ✔ rolls back a conflict-free apply when removing the previous snapshot fails (27.8975ms)
  ✔ does not delete an existing same-url gallery file when a later apply rolls back (12.143958ms)
  ✔ discards only the selected wrong match, records cumulative failure, and cleans staging (15.826667ms)
  ✔ startup cleanup removes only old unreferenced staging directories (9.978709ms)
  ✔ deleting a target actress also removes its staged pending resources (10.314042ms)
  ✔ removes prepared formal resources when profile application rolls back (15.692625ms)
✔ ActressIdentityConflictWorkflow (937.714333ms)
✔ reuses maintenance only until local writes, schema changes or external commits (10.881792ms)
✔ does not publish rolled-back maintenance or skip checks inside a caller transaction (8.873792ms)
✔ retries failed maintenance and invalidates after reopening the same catalog (11.643667ms)
✔ does not publish a maintenance stamp if an external commit occurs during the check (8.775625ms)
✔ rechecks earlier candidates after a later candidate introduces a new conflict (10.172125ms)
✔ bounds a 10k legacy-claim queue without hydrating candidates after maintenance (68.219834ms)
✔ does not hydrate unrelated candidate results for a selected name group (8.997917ms)
✔ sorts full conflict names before truncating display captions and preserves exact anchors (7.531791ms)
✔ keeps legacy equal-caption order across pages and clamps missing anchors in a nonempty queue (10.283791ms)
✔ bounds name normalization when merged actors have many third pending conflicts (15.332ms)
Failed to clean deleted actress asset: avatar_sources/alpha.jpg Error: file is locked
    at deleteStoredAsset (/Users/nut/Project/JavdexLabs/Javdex/src/main/services/actressMaintenanceService.test.ts:122:61)
    at Object.deleteActresses (/Users/nut/Project/JavdexLabs/Javdex/src/main/services/actressMaintenanceService.ts:87:11)
    at TestContext.<anonymous> (/Users/nut/Project/JavdexLabs/Javdex/src/main/services/actressMaintenanceService.test.ts:126:28)
    at Test.runInAsyncScope (node:async_hooks:227:14)
    at Test.run (node:internal/test_runner/test:1325:25)
    at Suite.processPendingSubtests (node:internal/test_runner/test:911:18)
    at Test.postRun (node:internal/test_runner/test:1465:19)
    at Test.run (node:internal/test_runner/test:1390:12)
    at async Suite.processPendingSubtests (node:internal/test_runner/test:911:7)
▶ actressMaintenanceService.importGalleryImage
  ✔ runs legacy dimension repair as part of the explicit gallery write flow (0.974083ms)
✔ actressMaintenanceService.importGalleryImage (1.339333ms)
▶ actressMaintenanceService.deleteActresses
  ✔ deletes the complete batch and cleans stored resources (14.7255ms)
  ✔ rejects the whole batch when an actress is linked to a video (8.550166ms)
  ✔ reports resource cleanup failures after the database transaction commits (10.146333ms)
  ✔ rolls back the complete batch when a later record fails to delete (10.27675ms)
  ✔ previews current linked-actress and affected-video counts (28.435959ms)
  ✔ explicitly unlinks videos, deletes a mixed batch, and preserves video records and files (18.8545ms)
  ✔ rolls back removed video links when a later actress delete fails (9.800292ms)
  ✔ removes only the deleted actress ownership and pending result (13.014792ms)
  ✔ rejects an unknown delete mode instead of falling through to a destructive path (11.427542ms)
✔ actressMaintenanceService.deleteActresses (125.634666ms)
▶ actressQueryService.listActresses
  ✔ returns a stable page and the full matching total from the real database (22.702167ms)
  ✔ reuses one exact avatar-filter snapshot across subsequent pages (0.439167ms)
  ✔ refreshes the avatar-filter snapshot whenever the first page reloads (0.166833ms)
  ✔ inspects avatar health and fingerprints outside the database repository (15.655417ms)
✔ actressQueryService.listActresses (40.431458ms)
▶ actressQueryService.listFaceScanManifest
  ✔ exposes the dedicated minimal manifest through the query seam (0.133083ms)
✔ actressQueryService.listFaceScanManifest (0.182125ms)
✔ delegates avatar count without reading the legacy list or inspecting images (0.089708ms)
▶ actressScrapeQueue.start target resolution
  ✔ scrapes exactly the targets the estimate reported for the same request (5122.815458ms)
  ✔ starts a legacy scraped request against 刮削成功 targets (746.632333ms)
  ✔ starts explicitly selected actresses regardless of the other filters (638.15075ms)
  ✔ starts no target for an empty explicit id list (665.718459ms)
  ✔ refuses to start a request with an unknown cumulative-status scope (611.131208ms)
✔ actressScrapeQueue.start target resolution (7785.2195ms)
▶ AgentMetadataActivityTimeline
  ✔ projects streaming reasoning into one bounded completed turn (0.592625ms)
  ✔ retains up to 64,000 reasoning characters and reports overflow (7.42775ms)
  ✔ uses semantic browser actions while retaining safe completion summaries (0.727084ms)
  ✔ keeps direct metadata submission distinct from browser inspection (0.229041ms)
  ✔ describes playlist page checkpoints as result-producing actions (0.932958ms)
  ✔ describes browser scroll without exposing tool arguments (0.0665ms)
  ✔ retains earlier reasoning across browser-heavy runs (1.15175ms)
✔ AgentMetadataActivityTimeline (11.66575ms)
✔ uses the indexed journal cursor without loading history for a metadata snapshot (2.196542ms)
▶ Agent metadata browser URL policy
  ✔ allows a public hostname when a system proxy maps it to the RFC 2544 fake-IP range (3.333166ms)
  ✔ still rejects direct benchmark-range IPs and hostnames resolving to private networks (2.065541ms)
  ✔ keeps identity query parameters while removing credentials and fragments from display URLs (1.083042ms)
✔ Agent metadata browser URL policy (7.6475ms)
▶ Agent metadata browser evidence binding
  ✔ accepts a production artifact only for its captured document and view (11.356167ms)
  ✔ rejects incomplete, tampered, and corrupt segmented production artifacts (7.440708ms)
✔ Agent metadata browser evidence binding (18.963542ms)
▶ AgentMetadataDraftService
  ✔ rejects a preview when a staged resource no longer matches its manifest (23.511208ms)
  ✔ rechecks staged resource bytes when applying an already reviewed draft (9.569958ms)
  ✔ cleans newly staged resources when persistence fails (11.321166ms)
  ✔ routes actress name ownership conflicts to the existing pending workflow (13.618417ms)
  ✔ routes duplicate video business identities to the existing pending workflow (10.711334ms)
  ✔ requires explicit user confirmation when actress names do not match (10.196541ms)
✔ AgentMetadataDraftService (79.50725ms)
▶ app release service
  ✔ parses and compares stable release versions numerically (1.970708ms)
  ✔ accepts only trusted published GitHub releases (0.283ms)
  ✔ validates cached update state before exposing it to the renderer (0.259875ms)
✔ app release service (3.130167ms)
▶ asset byte cache
  ✔ separates variants and invalidates all variants of only the changed asset (0.575417ms)
  ✔ checks every file identity field and isolates callers from cached mutable buffers (0.171666ms)
  ✔ enforces the entry cap while retaining recently read and replaced entries (0.350667ms)
  ✔ enforces the 96MiB byte cap and skips oversized entries without flushing other images (20.231042ms)
✔ asset byte cache (21.788583ms)
▶ image asset inspection cache
  ✔ loads an unchanged image once and reloads it when its file signature changes (0.165917ms)
  ✔ reloads an image after explicit asset invalidation (0.085458ms)
  ✔ evicts the least recently used inspection after reaching capacity (0.272292ms)
✔ image asset inspection cache (0.609667ms)
✔ retries after the first scrypt failure (101.529542ms)
✔ retries after the first importKey failure (113.358583ms)
✔ keeps the new cache when a pre-reset KDF later succeeds (134.026334ms)
✔ keeps the new cache when a pre-reset KDF later fails (129.331208ms)
✔ waits for cold key derivation on cancellation and never starts decryption (51.150167ms)
✔ reads the existing AVPK format through synchronous and asynchronous crypto (72.532958ms)
✔ coalesces cold key derivation and never uses synchronous crypto in the async reader (96.525834ms)
✔ rejects invalid or tampered encrypted bodies without returning plaintext (57.386166ms)
✔ waits for an active native job before discarding its cancelled result (53.219334ms)
▶ assetLocationMigration
  ✔ moves plain and encrypted files including alias store (91.986666ms)
  ✔ maps default path setting when relocating back to userData (18.218ms)
  ✔ allows relocating back to default when only empty asset subfolders remain (26.875792ms)
  ✔ rolls back copied files without touching the active root (11.229917ms)
  ✔ rejects migration while the configured source root is unavailable (8.125291ms)
  ✔ rejects targets nested inside the active media root (7.683083ms)
  ✔ rejects a target that resolves to the source through a symlinked parent (10.182ms)
  ✔ rejects a differently-cased path that resolves to the same directory (7.509375ms)
  ✔ resumes when the target contains matching files from an interrupted copy (40.587708ms)
  ✔ preserves pre-existing matching copies when a resumed migration rolls back (15.966334ms)
  ✔ keeps source files when the prepared target disappears before commit (12.477209ms)
  ✔ preserves a copied target that was replaced before a failed commit rolls back (9.337416ms)
  ✔ rejects an interrupted target whose file contents do not match the source (11.087209ms)
  ✔ rejects directory symlinks without reading or deleting files outside the asset root (21.610458ms)
  ✔ rejects a symlinked asset root without touching its external target (13.230042ms)
✔ assetLocationMigration (307.436708ms)
▶ assetMigration opaque paths
  ✔ encrypts to opaque paths and restores readable paths on decrypt (100.706833ms)
✔ assetMigration opaque paths (101.426ms)
✔ reads legacy without rewriting and migrates on mutation preserving all entries (81.8585ms)
✔ does not reread a warm map or append unchanged values; reloads deletions (95.46375ms)
✔ preserves a legacy file when snapshot rename fails (69.682166ms)
✔ recovers an interrupted tail and truncates it before retry (70.419583ms)
✔ rejects corrupted complete ciphertext and preserves it on attempted mutation (59.764666ms)
✔ rejects missing or incomplete first snapshots (57.867792ms)
✔ reloads the actual committed record after an uncertain fsync failure (64.325459ms)
✔ compacts after sustained updates and reloads the latest values (35375.607708ms)
✔ preserves the appended result when compaction rename fails (166.734166ms)
✔ invalidates the cached map after external replacement (62.64225ms)
▶ assetPathNaming
  ✔ builds readable bases with seed and url hash (0.500667ms)
  ✔ sanitizes non-ascii seeds and truncates overly long values (0.120792ms)
  ✔ keeps equal-length Chinese actress names on distinct asset seeds (0.125291ms)
  ✔ scopes asset seeds by actress id when provided (0.07225ms)
  ✔ keeps actress id prefix when the readable label is long (0.0585ms)
  ✔ builds distinct gallery paths for equal-length Chinese names and the same url (0.203375ms)
  ✔ builds opaque bases without embedding seed text (0.051834ms)
  ✔ detects opaque encrypted filenames (0.055875ms)
  ✔ derives stable opaque names from plaintext relative paths (0.07875ms)
✔ assetPathNaming (1.741666ms)
▶ AutomaticScanScheduler
  ✔ runs every due library in stable order from independent persisted state (1.0815ms)
  ✔ runs an already-enabled library with no scan history after the startup delay (0.075666ms)
  ✔ calculates each library due time from its own interval and last finished time (0.068542ms)
  ✔ waits one full interval after a library is newly enabled (0.111833ms)
  ✔ skips disabled, rootless and not-yet-due libraries (0.061ms)
  ✔ runs a due rootless library when it still has deferred cleanup work (0.069083ms)
  ✔ defers while maintenance is busy and rechecks on the next poll (0.06875ms)
  ✔ isolates one library failure and continues the serial due queue (0.146667ms)
  ✔ keeps startup, resume, and every due library globally serial (0.128458ms)
  ✔ uses the resume delay and clears all scheduled work on stop (0.119625ms)
✔ AutomaticScanScheduler (2.391084ms)
▶ AvatarAutoCropMediator
  ✔ resolves automatic crop requests and rejects stale replies (1.505458ms)
  ✔ fails pending automatic crop requests after renderer disconnects (0.113167ms)
  ✔ times out automatic crop requests without accepting a late response (1.331208ms)
  ✔ owns the crop batch token until matching end or disconnect (0.106708ms)
  ✔ rejects a second begin while a crop batch is active (0.168167ms)
✔ AvatarAutoCropMediator (3.865875ms)
✔ creates one lazy snapshot per batch and disposes only its owning token (0.131417ms)
✔ retries failed snapshot creation without poisoning the batch and clears on reinitialization (0.068708ms)
✔ settles disconnected requests despite cleanup failure and retries before allowing another snapshot (0.126167ms)
✔ writes the definition once and keeps total checkpoint bytes near-linear (44359.784958ms)
ℹ {"targets":[1000,2000],"totalWrittenBytes":[409049,822049],"definitionWritesPerJob":1}
✔ reads legacy checkpoints and migrates on the next save without losing targets (18.229375ms)
✔ preserves the last checkpoint when write fails and retries safely (32.554458ms)
✔ preserves the last checkpoint when sync fails and retries safely (29.797666ms)
✔ preserves the last checkpoint when rename fails and retries safely (31.9735ms)
✔ keeps the old definition on failed replacement and prunes unused manifests after commit (58.861541ms)
✔ refuses missing, tampered or mismatched manifests instead of treating the job as absent (21.401ms)
✔ stops the queue on checkpoint failure and resumes from the durable cursor without skipping work (38.5135ms)
✔ rejects damaged cursor and total fields without deleting the checkpoint (22.938708ms)
✔ reloads actual disk state and retains the manifest after replace directory-sync failure (24.723042ms)
✔ reloads actual disk state and retains the manifest after clear directory-sync failure (18.576791ms)
✔ does not report committed saves or clears as failed when manifest cleanup cannot enumerate (25.353208ms)
✔ executes real read-only tag queries and observes writes through the worker cache (269.448542ms)
✔ rejects a changed catalog version at worker startup without migration (454.960334ms)
✔ settles in-flight initialization and queued requests when disposed (568.184875ms)
✔ executes all classification cover pages on the readonly worker and observes committed writes (1164.487541ms)
✔ rejects image initialization against an incompatible schema without rewriting it (487.874541ms)
✔ reads bounded audit pages in the real worker, isolates operations and observes audit replacement (489.807625ms)
✔ reads audit headers on the real worker without building an index from the audit body (631.99675ms)
✔ reads combined views in the real worker, upgrades raw pages and rebuilds after writes and failures (576.959667ms)
✔ keeps missing-body pending pages available and rejects a superseded summary on the real worker (681.763208ms)
✔ checks latest audit paths on the real worker and rejects invalid later entries after a match (603.62625ms)
✔ counts merged subscribers toward capacity, normalizes keys, and clones each successful result (2.204208ms)
✔ serializes different revisions and keeps a folded expanding query valid in the payload (0.203208ms)
✔ rejects old generation on identity change and waits for termination (5.442459ms)
✔ rejects old generation on path change and waits for termination (0.468667ms)
✔ removes queued aborts but retains an executing slot after all subscribers abort (0.81475ms)
✔ one subscriber abort does not cancel another or retain its signal listener (0.261125ms)
✔ rejects all accepted on startup timeout, without retry or overlapping workers (17.121709ms)
✔ rejects all accepted on query timeout, without retry or overlapping workers (17.210209ms)
✔ rejects all accepted on exit, without retry or overlapping workers (0.759084ms)
✔ rejects all accepted on error, without retry or overlapping workers (0.612667ms)
✔ rejects all accepted on protocol error, without retry or overlapping workers (0.441583ms)
✔ dispose closes admission immediately and waits for a running termination (0.448291ms)
✔ fails closed if termination rejects and rejects requests waiting for replacement (0.512875ms)
✔ rejects invalid queries before creating a worker and contains factory/post failures (0.413458ms)
✔ bounds subscribers while termination is pending and supersedes a waiting generation (1.341958ms)
✔ does not launch work after repeated queued cancellations before ready (1.780458ms)
✔ contains unexpected messages and dispose drains an already-started replacement barrier (0.186167ms)
✔ expires waiting subscribers and frees capacity while native termination remains pending (1.240875ms)
✔ keeps independent waiting deadlines for coalesced subscribers and clears them at execution (0.391584ms)
✔ never executes a page whose only subscriber expired before ready (0.202625ms)
✔ shares admission across tag/image requests, keys entity kinds separately and copies caller inputs (0.811ms)
✔ retains the executing image slot after cancellation and retires it before switching databases (0.910167ms)
✔ validates image requests before allocating a reader (0.315ms)
✔ shares audit admission with tag/image work, coalesces snapshots and copies audit budgets (1.020792ms)
✔ rejects invalid audit requests before allocation and removes an aborted queued audit (0.480209ms)
✔ copies view anchors before allocation, coalesces defaults, and shares capacity with raw/header/tag requests (20.908459ms)
✔ rejects invalid combined views without a worker and drops canceled queued view requests (0.276208ms)
✔ shares bounded admission for audit path checks and delivers false without mixing page results (0.427291ms)
▶ CheckpointedSequentialBatchQueue
  ✔ persists checkpoints, pauses, and resumes from the next index (1.707667ms)
  ✔ discards a paused job without running (0.195041ms)
  ✔ cancels a running job and clears the checkpoint (2.811042ms)
  ✔ recycles the scrape browser after each configured target interval (6.926583ms)
  ✔ rejects an invalid run plan without leaving a resumable checkpoint (0.417916ms)
  ✔ discards a corrupt checkpoint when run planning throws (0.136208ms)
✔ CheckpointedSequentialBatchQueue (12.746ms)
▶ classificationDeletionService
  ✔ previews and deletes a director while recalculating links and preserving videos/resources (483.994958ms)
  ✔ deletes an unlinked director with a zero impact (510.491042ms)
  ✔ rolls back director unlinking and skips image cleanup when deletion fails (484.151417ms)
  ✔ previews and deletes a series while recalculating videos and detaching direct children (569.312083ms)
  ✔ deletes an unlinked childless series with a zero impact (474.375417ms)
  ✔ rolls back series relations and reports image cleanup failure only after commit (476.192167ms)
✔ classificationDeletionService (2999.339959ms)
▶ classification director query and maintenance services
  ✔ keeps real same-name directors as separate stable identities and exposes candidate differences (457.3205ms)
  ✔ maintains the complete profile without changing identity or video relations (537.58525ms)
  ✔ validates calendar dates and career ranges transactionally (419.587667ms)
  ✔ searches aliases and supports only count or update sorting in both directions (573.79725ms)
✔ classification director query and maintenance services (1989.01225ms)
✔ matches all candidate fields/order and deduplicates dual-role organization links before LIMIT (1207.011292ms)
✔ holds count and candidate rows in the same snapshot across a cover removal (547.682167ms)
✔ rejects unsafe entity IDs, unsupported page flags and excessive pages (421.928ms)
▶ classificationImageService
  ✔ imports local and remote images as owned assets and cleans a replaced image after commit (618.266583ms)
  ✔ copies an associated video cover instead of adopting the video asset (613.497333ms)
  ✔ stores a director portrait and compensates its replacement when the database update fails (572.733167ms)
  ✔ keeps the stored image when a remote download fails (527.550708ms)
  ✔ cleans the latest replaced image when a remote update finishes after another edit (471.503542ms)
  ✔ commits replacement and reports a post-commit cleanup failure (497.555916ms)
✔ classificationImageService (3301.768167ms)
✔ matches every old list field and global ordering over pages, aliases, roles and cover boundaries (1494.490875ms)
✔ keeps count and page in one read snapshot across another connection changing the role (516.257042ms)
✔ validates page boundaries in the service and typed IPC without changing complete-list APIs (470.751875ms)
▶ classification organization query and maintenance services
  ✔ shares one organization profile across role lists and searches its aliases (457.541916ms)
  ✔ sorts only by video count or update time in either direction (462.028208ms)
  ✔ treats SQL LIKE metacharacters in organization searches as literal text (611.260667ms)
  ✔ keeps stable identity and video links when editing the complete profile (519.833459ms)
  ✔ rejects parent cycles without partially changing the profile (528.317833ms)
  ✔ creates an organization inline, registers the role, and retains zero-video roles (600.226ms)
  ✔ rolls back profile fields when a name is owned by another organization (488.485208ms)
✔ classification organization query and maintenance services (3668.358208ms)
▶ classification series query and maintenance services
  ✔ maintains a stable complete profile and projects its local video coverage (652.25175ms)
  ✔ enforces normalized name ownership inside the owner scope only (571.094125ms)
  ✔ preflights every name when moving to another owner scope and rolls back on conflict (569.274625ms)
  ✔ rejects self and descendant parents without partially changing the series (594.730625ms)
  ✔ searches aliases, identifies same-name candidates, and sorts in either direction (623.34875ms)
  ✔ creates an unowned series inline and validates lifecycle years (319.255209ms)
✔ classification series query and maintenance services (3330.706375ms)
▶ directorMergeService
  ✔ merges source data into an explicit target while preserving target conflicts (603.211208ms)
  ✔ adopts the source portrait only when the target has no formal portrait (492.994875ms)
  ✔ rolls back target fields and video relations when the database transaction fails (532.514708ms)
  ✔ commits the merge and reports source portrait cleanup failure (618.140084ms)
  ✔ rejects using the same director as target and source (518.867584ms)
✔ directorMergeService (2766.2685ms)
▶ external link service
  ✔ accepts only bounded HTTP and HTTPS links (0.551834ms)
✔ external link service (0.875ms)
▶ legacy media-library settings bootstrap
  ✔ keeps native V14 config defaults when a fresh database has no legacy evidence (5.616084ms)
  ✔ imports roots, cleanup work, and typed configuration into the default library once (3.617417ms)
  ✔ freezes an online legacy cleanup root identity before making the work active (13.192834ms)
  ✔ keeps parent and child legacy paths but enables only the first non-overlapping set (29.473834ms)
  ✔ keeps realpath aliases but enables only one physical legacy root (19.407875ms)
  ✔ keeps app-level scraper and cover preferences after import and repeated startup cleanup (3.027209ms)
  ✔ keeps inferred roots and links source-managed resources to the deepest matching root (3.289875ms)
  ✔ imports the last scan summary and its managed unrecognized-file snapshot (2.961375ms)
  ✔ preserves a standalone unrecognized snapshot through a synthetic legacy scan run (2.779708ms)
  ✔ keeps an older safe snapshot separate from a newer failed scan summary (3.550125ms)
  ✔ retries JSON cleanup without importing database rows twice (3.096417ms)
  ✔ rolls back every database change and skips JSON cleanup when import fails (3.080625ms)
✔ legacy media-library settings bootstrap (93.765208ms)
▶ LibraryCurator lifecycle
  ✔ releases its own runs without disposing the application AgentExecution (0.854791ms)
✔ LibraryCurator lifecycle (1.155334ms)
✔ uses the indexed journal cursor for a curator snapshot (0.421ms)
▶ libraryPathCleanupService
  ✔ previews only resources owned by the selected library and root (781.713542ms)
  ✔ previews and safely cleans a disabled root including pending and diagnostic rows (720.561375ms)
  ✔ confirms with the current revision and queues an identity snapshot without deleting data (328.823084ms)
  ✔ rejects a confirmation when scan-owned resources changed after preview without a revision bump (281.077375ms)
  ✔ removes and promotes resources only inside the confirmed library and root (504.970708ms)
  ✔ lets a cleanup-only scan consume the last removed root without touching another library (631.012709ms)
  ✔ recovers an offline legacy cleanup intent when a later full scan sees the root online (488.868375ms)
  ✔ keeps an overlapping legacy cleanup root waiting during a later full scan (492.931708ms)
  ✔ keeps an overlapping parent legacy cleanup root waiting during a later full scan (465.980875ms)
  ✔ keeps a realpath-alias legacy cleanup root waiting across libraries (399.304375ms)
  ✔ fails closed when a confirmed root is offline (286.821875ms)
  ✔ fails closed when the path now resolves to a replacement directory (429.344959ms)
  ✔ cancels a failed removal into a disabled, archiveable root without deleting records (509.659334ms)
  ✔ completes a confirmed cleanup after an unrelated library configuration edit (473.828375ms)
  ✔ rolls back resource removal, promotion, root state, and job completion together (396.714417ms)
✔ libraryPathCleanupService (7192.701792ms)
▶ normalizeTranslationOutput
  ✔ strips fenced and quoted model output (0.318708ms)
✔ normalizeTranslationOutput (0.6075ms)
▶ MediaAssetStore
  ✔ coalesces encrypted thumbnails, isolates size variants and preserves original preview bytes (176.468916ms)
  ✔ checks plain and decrypted image pixels before caching and recovers after replacement (124.05775ms)
  ✔ retains cancelled active slots until file read settles (108.771917ms)
  ✔ retains cancelled active slots until file close settles (112.063ms)
  ✔ retains cancelled active slots until file metadata settles (92.6985ms)
  ✔ rejects oversized plain and encrypted files before opening or decrypting them (67.926208ms)
  ✔ does not merge a post-invalidation request into the old pending read (42.625291ms)
  ✔ shares a cold encrypted read and decryption across concurrent requests without sharing cancellation (58.205375ms)
  ✔ does not return cached bytes when cancelled while the hot-path stat is pending (62.21625ms)
  ✔ does not reuse the same relative cache key after the asset root changes (85.63575ms)
  ✔ rejects a changed file during reading without caching its old bytes (52.523125ms)
  ✔ serves hot plaintext and encrypted images without rereading or decrypting their bytes (85.410375ms)
  ✔ reloads replaced files even with restored mtime and rejects deleted files before using cache (73.486084ms)
  ✔ does not repopulate explicitly invalidated cache from a pending read (35.434667ms)
  ✔ retains read slots while cancelled encrypted requests wait for native crypto completion (101.91125ms)
  ✔ cancels queued reads before opening files and keeps active slots until reads settle (95.975417ms)
downloadAvatar failed: Bad Avatar https://example.test/avatar.html response is not a usable image
Failed to delete media asset: covers/TEST-002_54fd06a2.jpg Error: file is locked
    at FailingCleanupStore.delete (/Users/nut/Project/JavdexLabs/Javdex/src/main/services/mediaAssetStore.test.ts:936:15)
    at FailingCleanupStore.deleteImmediateBestEffort (/Users/nut/Project/JavdexLabs/Javdex/src/main/services/mediaAssetStore.ts:449:12)
    at FailingCleanupStore.finishCoordinatedChange (/Users/nut/Project/JavdexLabs/Javdex/src/main/services/mediaAssetStore.ts:561:52)
    at <anonymous> (/Users/nut/Project/JavdexLabs/Javdex/src/main/services/mediaAssetStore.ts:527:14)
    at AsyncLocalStorage.run (node:internal/async_local_storage/async_context_frame:63:14)
    at FailingCleanupStore.runCoordinatedChange (/Users/nut/Project/JavdexLabs/Javdex/src/main/services/mediaAssetStore.ts:504:31)
    at FailingCleanupStore.coordinateDatabaseChange (/Users/nut/Project/JavdexLabs/Javdex/src/main/services/mediaAssetStore.ts:465:17)
    at <anonymous> (/Users/nut/Project/JavdexLabs/Javdex/src/main/services/mediaAssetStore.test.ts:941:37)
    at getActual (node:assert:611:5)
    at strict.doesNotThrow (node:assert:779:32)
  ✔ serves plain and encrypted images asynchronously without synchronous file reads (128.026417ms)
  ✔ reads plain and encrypted images and reports a stable plaintext fingerprint (98.839875ms)
  ✔ rejects stored paths that escape the media root (7.667625ms)
  ✔ exposes bootstrap and layout paths under the media root (28.384833ms)
  ✔ encrypts a stored plain asset and lists it under stable subdirectories (120.897792ms)
  ✔ decrypts a stored encrypted asset back to its plain relative path (140.971834ms)
  ✔ compensates newly-created resources when the database operation fails (51.940125ms)
  ✔ compensates newly imported cover and sample files when a database operation fails (64.103375ms)
  ✔ compensates newly imported playlist covers when a database operation fails (62.953416ms)
  ✔ compensates async downloads when the database operation fails (59.836333ms)
  ✔ rejects unusable local image imports instead of storing them (12.105375ms)
  ✔ rejects unusable avatar downloads instead of storing them (9.872125ms)
  ✔ keeps an existing download when replacing the same URL later rolls back (57.102917ms)
  ✔ keeps an existing avatar source when importing the same bytes later rolls back (67.794958ms)
  ✔ deletes obsolete resources only after the database operation succeeds (59.070042ms)
  ✔ uses distinct paths for avatar display replacements created in the same millisecond (48.185291ms)
  ✔ discards newly created resources marked obsolete in the same coordinated change (45.927041ms)
  ✔ promotes nested created resources so a parent rollback can compensate them (49.850417ms)
  ✔ defers nested obsolete deletes of pre-existing files until the parent commits (62.036125ms)
  ✔ keeps nested obsolete pre-existing files when the parent rolls back (61.939584ms)
  ✔ does not leak nested create-then-obsolete files when the parent rolls back (47.822375ms)
  ✔ runInCoordinatedChange joins an active parent instead of nesting (58.990958ms)
  ✔ keeps isolated coordinated creates when an outer parent later rolls back (52.2935ms)
  ✔ keeps independent root work when an awaited outer coordinated change fails (63.459708ms)
  ✔ keeps relocation exclusive with coordinated and direct media mutations (48.30275ms)
  ✔ keeps relocation exclusive with a stable read lease (7.561292ms)
  ✔ keeps caller registrations off an un-awaited nested async coordinated change (58.31375ms)
  ✔ does not turn a post-commit cleanup failure into a database failure (63.860125ms)
✔ MediaAssetStore (3015.643583ms)
✔ reads empty, exact-budget and multi-chunk files without using readFile (21.474583ms)
✔ rejects oversize before reading and closes the opened handle (11.0225ms)
✔ rejects grow during reading and closes the handle (20.088833ms)
✔ rejects truncate during reading and closes the handle (21.863416ms)
✔ rejects cancel during reading and closes the handle (25.8455ms)
✔ rejects io-error during reading and closes the handle (18.042375ms)
✔ does not open an already cancelled request (16.32625ms)
✔ closes the handle on cancel-after-open before allocating body bytes (11.920791ms)
✔ closes the handle on stat-error before allocating body bytes (8.21275ms)
✔ closes the handle on directory before allocating body bytes (21.392084ms)
✔ reads PNG/WebP metadata and never follows TIFF offsets outside its chunk (1.00825ms)
✔ inspects all served formats without decoding pixels (28.252125ms)
✔ rejects a tiny encoded image with an oversized canvas and accepts the exact boundary (1.936958ms)
✔ rejects corrupt and unsupported image headers (14.116125ms)
✔ inspects the single-frame canvas of real animated GIF and WebP inputs (2.370041ms)
✔ waits for metadata completion when cancelled and destroys the reader (0.877459ms)
✔ shares a read while one consumer cancels and preserves independent result buffers (1.2085ms)
✔ drains the last cancelled consumer without deleting a newer flight under the same key (0.256ms)
✔ fans out failures and permits a fresh attempt (0.132416ms)
✔ aborts the underlying work only after all consumers cancel and drains the final slot (0.166708ms)
✔ defaults to four active reads and 256 queued requests with reusable cancellation capacity (3.707375ms)
✔ bounds active and queued reads, removes cancelled work and releases capacity after failures (0.20175ms)
✔ does not free an active slot before an aborted reader actually settles (0.129416ms)
✔ preserves aspect ratio, respects orientation and does not enlarge small images (29.97725ms)
✔ makes a single static thumbnail from an animated image (2.530291ms)
✔ retains two decode slots until native work settles after cancellation (3.598125ms)
▶ media-library service
  ✔ validates an explicitly configured create-time video scraper before persistence (1.240208ms)
  ✔ allows unrelated config edits with a stale stored scraper but validates explicit changes (0.096541ms)
  ✔ runs the root-migration commit through the shared resource-maintenance gate (0.0685ms)
  ✔ runs every root mutation through the scan-shared maintenance gate (0.144375ms)
  ✔ preserves root continuity validation errors through service mutation gates (0.076375ms)
  ✔ serializes library and config lifecycle mutations with resource writes (0.140583ms)
  ✔ cannot archive through the service while an asynchronous resource write owns the gate (0.115083ms)
✔ media-library service (2.334666ms)
▶ mediaProtocol
  ✔ forwards a finite variant and rejects invalid size without reading (19.776625ms)
  ✔ returns 413 for oversized images with an empty HEAD body (0.757292ms)
  ✔ awaits the image reader and forwards cancellation while serving GET and HEAD (0.4125ms)
  ✔ skips reads for preflight and forbidden paths, and distinguishes busy from missing (0.944542ms)
  ✔ resolves media URLs under the asset root (0.1585ms)
  ✔ rejects path traversal outside the asset root (0.072167ms)
✔ mediaProtocol (23.01775ms)
▶ organizationDeletionService
  ✔ removes only the selected role and recalculates its linked videos at execution time (458.779208ms)
  ✔ rejects removing the final role and leaves all relations unchanged (418.451416ms)
  ✔ blocks role removal and full deletion when they would rewrite a pending video (511.150042ms)
  ✔ fully deletes an organization and detaches every supported relation after a fresh preview (598.525167ms)
  ✔ rejects full deletion when owned series names conflict in the unowned scope (470.275417ms)
  ✔ rolls back full deletion relations and skips image cleanup when deletion fails (463.083208ms)
  ✔ commits full deletion while reporting post-commit image cleanup failures (198.79425ms)
✔ organizationDeletionService (3119.814041ms)
▶ organizationMergeService
  ✔ merges cross-role records and transfers role-specific videos, children, and series (552.187542ms)
  ✔ adopts the source brand image only when the target has none (465.837792ms)
  ✔ preflights publisher transfer business identity collisions before writing (531.870625ms)
  ✔ blocks a merge that would rewrite a pending video relation (470.252083ms)
  ✔ rejects a series name collision in the target scope without changing any relation (490.306667ms)
  ✔ rejects merging an ancestor into a deep descendant (354.337541ms)
  ✔ collapses a direct source-to-target hierarchy and transfers source siblings (353.875125ms)
  ✔ rolls back the profile and every relation when the transaction fails (476.229167ms)
  ✔ commits the merge and reports a brand image cleanup failure (458.048708ms)
  ✔ rejects using the same organization as target and source (331.445083ms)
✔ organizationMergeService (4485.243333ms)
▶ pending resource identity service
  ✔ uses the persisted choice, assigns the resource atomically, and applies only a matching current NFO (523.102708ms)
  ✔ completes resource ownership but does not apply metadata when the current NFO no longer matches (540.344917ms)
  ✔ finishes resource ownership when the current NFO cannot be inspected safely (525.094ms)
  ✔ keeps the identity pending and creates no formal record when the source fingerprint is stale (444.041334ms)
  ✔ rechecks a STRM target snapshot and leaves the conflict intact when it changes (452.897208ms)
✔ pending resource identity service (2486.329875ms)
▶ PlayerService
  ✔ opens and reveals a local resource through system file operations (1.170333ms)
  ✔ opens a STRM target externally but reveals its local source file (0.110584ms)
  ✔ opens the primary direct resource with the system URL handler (0.102208ms)
  ✔ reports a system open failure and does not try another resource (0.167583ms)
  ✔ hands Magnet resources to the registered system protocol handler (0.074292ms)
  ✔ rejects every playback and reveal entry point before reading an archived or missing library (0.075209ms)
  ✔ opens and reveals only resources that belong to the selected library (6.878708ms)
✔ PlayerService (9.04775ms)
▶ playlist import browser navigation guard
  ✔ requires DOM-backed terminal reasons to carry a selector and pass host verification (1.002458ms)
  ✔ accepts known-total terminal evidence only when the checkpoint declares a total (0.076291ms)
  ✔ accepts a virtual first window only after a settled host-owned reset to the top (0.060542ms)
  ✔ revalidates terminal or link evidence in the final dynamic window before sealing (0.076ms)
  ✔ alternates virtual scrolling with frozen load-more actions before sealing (0.047666ms)
  ✔ defers bottom-only advance validation until a virtual page reaches its terminal view (0.044667ms)
  ✔ waits for a quiet window after every asynchronous load-more change (0.053417ms)
  ✔ restarts the quiet window when a temporary dynamic expansion rolls back (0.053083ms)
  ✔ classifies foreground retry failures without treating them as restart recovery (0.239ms)
✔ playlist import browser navigation guard (2.111542ms)
▶ playlist importer browser guidance
  ✔ prefers structured reads while leaving page semantics and interaction to the agent (0.38175ms)
  ✔ hands page semantics to the agent and prioritizes user-only blockers (0.094625ms)
  ✔ extracts a first-page playlist name only from reliable page evidence (0.103333ms)
  ✔ requires every newly opened static page to be inspected and checkpointed before advancing again (0.067375ms)
  ✔ distinguishes checkpoint evidence from status artifacts and explains terminal selectors (0.091792ms)
✔ playlist importer browser guidance (1.129292ms)
▶ PlaylistImportModule interface
  ✔ returns an initial browser handoff projected during the first agent dispatch (6.588291ms)
  ✔ persists the import job before the run driver can project bootstrap observations (3.547458ms)
  ✔ returns immediately after accepting one run and replays the same start idempotently (4.629125ms)
  ✔ allows only one foreground import session at a time (4.260917ms)
  ✔ rejects invalid start targets before creating an Agent run (3.684166ms)
  ✔ includes write options in the idempotent frozen input (3.498459ms)
  ✔ rejects one idempotency key reused for different frozen input (3.857209ms)
  ✔ cancels pre-apply work without creating an empty playlist (4.141666ms)
  ✔ preserves a retryable recovery failure when apply invalidates after identity review (8.271417ms)
  ✔ retries a recoverable apply error after the target library becomes active again (6.424875ms)
  ✔ dispatches a same-session retry for a retryable discovery checkpoint (4.012542ms)
  ✔ clears a missing page checkpoint before dispatching a same-session retry (4.507375ms)
  ✔ coalesces concurrent retries with the same idempotency key before recovery side effects (3.761375ms)
  ✔ keeps discovery retry state in the foreground session instead of the durable product journal (4.843ms)
  ✔ applies a foreground retry atomically without reserving a durable retry result (4.788667ms)
  ✔ discards a browser session when driver creation fails before persistence (3.478167ms)
✔ PlaylistImportModule interface (75.146375ms)
▶ PlaylistImportRepository
  ✔ keeps all import staging in the current SQLite connection only (6.050542ms)
  ✔ rejects credential-bearing source and detail URLs before staging them (0.523791ms)
  ✔ removes sensitive detail URL credentials and requires explicit user identity handling (6.779417ms)
  ✔ accepts a checkpoint after a source redirects between www and apex host variants (4.117709ms)
  ✔ fails an empty external list without creating an empty playlist (3.614083ms)
  ✔ fails discovery when the frozen run exceeds its wall-clock safety budget (3.430792ms)
  ✔ checkpoints every page before atomically creating/reusing videos and a new playlist (5.411458ms)
  ✔ assigns stable unique page order when numbered pagination rediscoveries overlap (4.375ms)
  ✔ fails self-referential and A-to-B-to-A static pagination as PAGINATION_LOOP (4.354958ms)
  ✔ keeps legal duplicate pages when their concrete pagination frontiers differ (4.752625ms)
  ✔ fails a sealed dynamic page whose next URL only loops to an existing frontier (4.302792ms)
  ✔ keeps a declared page-total mismatch retryable and accepts a corrected checkpoint (4.18775ms)
  ✔ rejects a conflicting nonterminal page before sealing it and completes after correction (4.325875ms)
  ✔ restarts from the source when only the terminal page proves earlier totals wrong (9.597291ms)
  ✔ uses the first-page Agent suggestion when the user leaves the new playlist name empty (4.114709ms)
  ✔ keeps existing playlist links and deduplicates the source playlist URL when enabled (4.195334ms)
  ✔ falls back to the existing host-and-date name when the Agent returns no name (3.847875ms)
  ✔ does not let an Agent suggestion rename an append target (3.922375ms)
  ✔ skips unmatched items and omits detail links when both write options are disabled (4.237875ms)
  ✔ reuses a unique code match created after an auto-create-disabled preview (4.408541ms)
  ✔ persists target-library and target-playlist failures instead of leaving apply retry loops (6.918042ms)
  ✔ counts external convergence separately from videos already present before apply (5.393ms)
  ✔ keeps multiple global code matches in the detail phase even when one is in the target library (4.513791ms)
  ✔ reuses a unique exact code discovered only on the detail page (4.455ms)
  ✔ sends conflicting list and detail codes to user review without discarding list candidates (5.253417ms)
  ✔ rejects a stale direct-code decision when a duplicate appears before apply (4.46675ms)
  ✔ reopens identity resolution when another video claims the detail URL before apply (5.687958ms)
  ✔ returns target-library tiebreaks to identity review when memberships become stale (5.548417ms)
  ✔ persists an unexpected transactional apply failure and retries it atomically (4.892291ms)
  ✔ lets a unique strong detail match override the target library preference (4.904ms)
  ✔ uses a canonical www detail link as a strong owner signal without duplicating it (4.169167ms)
  ✔ requires user review when independent strong detail signals conflict (4.705917ms)
  ✔ keeps a source owner outside the code candidates and blocks target-library tiebreaking (4.29975ms)
  ✔ invalidates the preview when a new source owner appears before apply (5.258709ms)
  ✔ treats source external-code and source-URL evidence as independent signals (5.469958ms)
  ✔ does not use the target library when complete business identity contradicts known candidates (5.710125ms)
  ✔ waits for the user when detail signals leave multiple cross-library candidates (5.564208ms)
  ✔ replays an identical page checkpoint and makes changed content recoverable (4.189625ms)
  ✔ makes a changed replay of a dynamic operation recoverable without duplicating the batch (4.530791ms)
  ✔ rolls a changed sealed dynamic page back with downstream frontiers and orphan items (72.808791ms)
  ✔ rejects a playlist name submitted after the first logical page (3.748083ms)
  ✔ persists and resumes a browser handoff without losing the current list frontier (4.484583ms)
  ✔ fails an expired browser handoff before persisting a resume checkpoint (3.602959ms)
  ✔ checkpoints overlapping virtual windows before sealing a continuous list (5.632583ms)
  ✔ persists host-owned load-more batches and seals only after the control disappears (4.284167ms)
  ✔ persists load-more no-progress and fails instead of retrying the same action (3.930542ms)
  ✔ fails the run instead of truncating a source that declares totals above the safety budget (3.405917ms)
  ✔ fails and rolls back a dynamic window above the per-batch candidate budget (6.401583ms)
✔ PlaylistImportRepository (295.961417ms)
▶ PlaylistImportAgentRunDriver scripted browser integration
  ✔ dispatches the conversation before the agent opens the frozen source page (6.90725ms)
  ✔ hands an initial challenge to the user through the agent browser tool (4.464958ms)
  ✔ requires the domain advance tool to claim a pending page before checkpointing it (8.065084ms)
  ✔ lets the agent choose how to return to frozen work after a handoff (4.617458ms)
  ✔ lets the agent hand a login page to the user immediately (3.702833ms)
  ✔ pauses for human verification when host-owned detail navigation hits a challenge (4.554291ms)
  ✔ replays a committed static page checkpoint after its response is lost (4.881875ms)
  ✔ replays a committed detail checkpoint after its response is lost (6.571125ms)
  ✔ restarts the changed dynamic page from its inbound frontier on product retry (5.5375ms)
  ✔ restarts a dynamic page with corrected declared totals after one product retry (9.032875ms)
  ✔ records an evidence-backed unsupported pagination report as an explicit terminal error (3.465333ms)
  ✔ requires a page checkpoint before advancing away from the current list page (4.791542ms)
  ✔ keeps a missing page checkpoint agent-correctable instead of locking the tool host (4.482084ms)
  ✔ does not expose status artifacts as eligible page-checkpoint evidence (3.778208ms)
  ✔ inspects an automatic login redirect but still rejects a checkpoint from it (3.288458ms)
  ✔ checkpoints a finite recycled virtual list without gaps and binds evidence to every view (6.576958ms)
  ✔ normalizes a one-based stable position attribute into a continuous virtual list (6.890875ms)
  ✔ backtracks to the last anchor and halves the step when variable heights skip a window (6.945417ms)
  ✔ combines virtual scrolling with host-owned load-more and checkpoints the expanded window (1005.6025ms)
  ✔ retries a stalled virtual window once, then fails when it still cannot progress (6.1265ms)
✔ PlaylistImportAgentRunDriver scripted browser integration (1111.101708ms)
▶ playlistImportRecoverableToolFailure
  ✔ keeps only same-session timeout and changed-source failures retryable (0.165375ms)
✔ playlistImportRecoverableToolFailure (0.201917ms)
▶ PlaylistImporter ToolPack
  ✔ exposes static-page, virtual-window and detail checkpoints through one least-privilege pack (1.403458ms)
  ✔ lets the agent inspect and operate the same-site browser (0.262334ms)
  ✔ binds every declaration to a production handler (0.08775ms)
  ✔ accepts one optional page-evidenced name on the page checkpoint (0.066625ms)
  ✔ requires a mechanically verifiable terminal contract (0.059291ms)
  ✔ describes static pagination as navigation followed by a new page checkpoint (0.073208ms)
  ✔ makes checkpoint evidence eligibility and terminal selector semantics explicit (0.218958ms)
✔ PlaylistImporter ToolPack (2.578334ms)
▶ playlistService media asset seam
  ✔ creates a playlist cover through MediaAssetStore and cleans it on delete (541.543875ms)
  ✔ deletes the previous cover only after a successful cover replacement (497.34625ms)
✔ playlistService media asset seam (1039.366917ms)
▶ PluginBrowserCapabilityModule
  ✔ uses action-specific result budgets (0.473459ms)
  ✔ inlines complete small page-fact sections instead of keeping an oversized snapshot (39.230541ms)
  ✔ omits an oversized page-fact section as a whole and never returns a prefix (33.542791ms)
  ✔ returns an omitted artifact section through bounded cursor pages (77.237375ms)
  ✔ keeps every omitted delta section readable from the same artifact (55.723042ms)
  ✔ returns valid artifact sections and a catalog recovery action for an unknown section (27.122208ms)
  ✔ rejects read-section paths outside the browser artifact directory (7.549458ms)
  ✔ keeps a small localeLinks section when snapshot and content links are omitted (32.208083ms)
  ✔ hides oversized artifact string segments behind read-section pagination (48.217625ms)
  ✔ returns every captured page-fact item when the complete observation fits (29.905416ms)
  ✔ keeps the hard transport limit even when the page has unusually many fact sections (448.783583ms)
  ✔ marks evidence incomplete only when the complete page evidence was actually capped (27.712042ms)
  ✔ returns occurrence-aware ARIA and top-level page-fact deltas for one document (33.50375ms)
  ✔ treats a scroll view revision as a full observation and invalidates prior refs (49.803125ms)
  ✔ records a newly appeared pageFacts section after fill without throwing (35.219459ms)
  ✔ falls back explicitly to the artifact when a complete delta exceeds its budget (59.718167ms)
  ✔ isolates baselines by session and resets them when a lease is released (47.766292ms)
  ✔ unwraps evaluate values that were unnecessarily JSON-stringified (20.2875ms)
  ✔ keeps a successful action pending result successful and compact (28.011459ms)
  ✔ redacts typed text from the stored artifact (24.921125ms)
✔ PluginBrowserCapabilityModule (1127.881292ms)
▶ PluginDeveloper approval and lifecycle stability
  ✔ restores a legacy run with newly-invalid field ids as a repairable workspace (182.896416ms)
  ✔ clears every durable plugin-development history without touching other Agent use cases (55.474ms)
  ✔ refuses to clear history while a plugin-development operation is running (0.544042ms)
  ✔ discards unrecoverable plugin-development history without touching recoverable runs (91.207375ms)
  ✔ waits for a slow terminal release before an immediate continuation reopens the run (0.972ms)
  ✔ materializes a terminal workspace before lazy continuation projects native file tools (162.839958ms)
  ✔ projects Pi native file tools into the durable product timeline (138.755833ms)
  ✔ records exactly one domain error when a runtime fault transitions the run to failed (0.226584ms)
  ✔ surfaces an unpersistable runtime fault and resolves the active operation (0.1925ms)
  ✔ publishes the reduced active context immediately after Pi compaction (0.161292ms)
  ✔ keeps a transient invalid workspace recoverable and resyncs after a valid rewrite (129.546916ms)
  ✔ streams provider reasoning and answer while persisting each only once per completed turn (71.073291ms)
  ✔ bounds one displayed reasoning block and reports the original character count (2.463916ms)
  ✔ revokes an approved permit when Pi rejects the approval continuation (0.255208ms)
  ✔ does not consume an approval while the operation that emitted waiting_user is still settling (0.130917ms)
  ✔ binds a typed choice to the exact request without treating it as user feedback (547.736208ms)
  ✔ resumes a typed browser interaction without turning completion into defect feedback (0.27525ms)
  ✔ keeps a mechanically ready artifact waiting for user after Pi settles (150.242333ms)
  ✔ requires real feedback before continuing a mechanically ready artifact (158.04025ms)
  ✔ keeps readiness for dev-notes edits but invalidates it for package edits (198.823042ms)
  ✔ does not run hidden production execution when Pi settles without a current artifact (129.117916ms)
  ✔ projects a model-turn limit into waiting_user/working without running a hidden check (159.685334ms)
  ✔ allows installation only for the exact full production execution artifact (0.496875ms)
  ✔ marks the session completed only after the accepted artifact is installed (0.245917ms)
  ✔ adopts the installed display name when install renames to avoid a conflict (164.5175ms)
  ✔ persists the renamed installed package onto settled product state (224.892542ms)
  ✔ releases only PluginDeveloper-owned runs during application disposal (0.500958ms)
✔ PluginDeveloper approval and lifecycle stability (2572.402291ms)
✔ uses the indexed journal cursor for active and persisted plugin snapshots (0.532375ms)
✔ preserves incremental logs across stale-runtime cancellation, cold snapshot, restore and export (1617.446959ms)
✔ keeps the migrated work log reference when runtime reopen fails during recovery (385.541208ms)
✔ retries closed workspaces with intact or corrupted state without rewriting diagnostic data (399.509542ms)
✔ serializes cleanup admission and drains safely: {"initial":"clear","fail":false,"dispose":true} (458.638709ms)
✔ serializes cleanup admission and drains safely: {"initial":"discard","fail":true,"dispose":true} (381.735292ms)
✔ serializes cleanup admission and drains safely: {"initial":"clear","fail":true,"dispose":false} (360.160208ms)
▶ PluginExecutionModule
  ✔ passes only the typed actress runtime identity and preserves production facts (29.760792ms)
  ✔ records rejected production results without adding semantic issue classifications (15.977292ms)
  ✔ does not accept undefined or runtime-only output as a material production result (23.5175ms)
  ✔ does not accept a video source link without any material scraped field (18.852334ms)
  ✔ treats a full empty contract return as unmatched targets, not a broken shape (0.161042ms)
✔ PluginExecutionModule (88.967ms)
▶ PluginRunAcceptanceModule
  ✔ accepts an exact full production artifact without judging content or manifest coverage (1.558166ms)
  ✔ keeps readiness when only the plugin display name changes (0.133583ms)
  ✔ rejects targeted, stale package, stale target, stale runtime, and failed execution artifacts (0.280208ms)
  ✔ never accepts a vacuous full execution with no session targets or cases (0.18125ms)
  ✔ treats a successful proper-subset run as wrong_scope, not execution_failed (0.087667ms)
  ✔ keeps execution_failed when a targeted subset itself failed (0.272209ms)
✔ PluginRunAcceptanceModule (2.926708ms)
▶ PluginWorkspaceModule
  ✔ starts create mode without a requested or predeclared field set (0.950917ms)
  ✔ materializes a Pi-native file workspace and rebuilds a normalized package (162.142292ms)
  ✔ treats workspace files as authoritative and changes the artifact hash after an edit (134.266417ms)
  ✔ keeps Pi dev notes outside the plugin artifact and preserves them across instruction refreshes (182.106208ms)
  ✔ atomically records completed execution facts and the current acceptance projection (168.178208ms)
  ✔ updates current acceptance without overwriting the latest execution facts (160.770333ms)
  ✔ does not reinterpret a removed workspace field declaration as all fields (149.182291ms)
  ✔ refreshes v4 host resources without overwriting the draft or decisions (241.988208ms)
  ✔ preserves same-kind legacy targets only when current input has none (259.848542ms)
  ✔ keeps current instruction resources frozen when the workspace is reopened (189.717792ms)
  ✔ preserves an older frozen instruction set while restoring an existing run (154.098666ms)
✔ PluginWorkspaceModule (1803.929708ms)
✔ awaits asynchronous removal without recursively deleting through the synchronous API (26.827875ms)
▶ PluginDevInstructionModule
  ✔ keeps the system prompt limited to identity, workspace and host boundaries (0.586167ms)
  ✔ makes javdex-plugin-dev the only owner of the development workflow (2.492833ms)
  ✔ orders page-level search and detail code checkpoints for video and actress skills (0.535458ms)
  ✔ generates isolated result contracts and workflow examples for each plugin kind (0.924292ms)
  ✔ marks field documentation as a query table rather than an implementation checklist (0.266541ms)
  ✔ preserves a resolved choice and reassesses the remaining blocker (0.107625ms)
  ✔ resumes a completed browser handoff from the interrupted location (0.043209ms)
  ✔ uses the host initial dry-run in debug mode without requesting a duplicate run (0.129709ms)
  ✔ starts create from the Skill instead of a five-file reading ritual (0.143791ms)
  ✔ generates stable v1 resources for identical inputs (0.699791ms)
  ✔ applies user feedback without manufacturing an extra development round (0.066709ms)
  ✔ treats the resume button as continuation rather than new defect feedback (0.057541ms)
  ✔ exposes only dry-run, typed user input and the browser adapter tools (0.114041ms)
✔ PluginDevInstructionModule (6.769708ms)
▶ PluginDeveloper v1 tool executor
  ✔ rejects removed domain tools (157.5925ms)
  ✔ rejects URL-shaped targets without replacing the initial dry-run state (116.655416ms)
  ✔ preserves the prior latest facts while the workspace is temporarily invalid (164.693209ms)
  ✔ adopts the first legal explicit targets immediately and exposes runtime facts (215.917375ms)
  ✔ emits adopted targets before the production runner settles (165.497792ms)
  ✔ replaces session targets after a full unmatched execution (202.397208ms)
  ✔ keeps later explicit targets targeted when the last full run was not an empty miss (129.732417ms)
  ✔ uses later explicit targets only for targeted diagnostics (175.52775ms)
  ✔ treats explicit targets that cover the session set as a full run (169.508208ms)
  ✔ allows the fourth and tenth real executions without an attempt limit (311.565292ms)
  ✔ reads an artifact section without acquiring the live browser lease (140.022833ms)
  ✔ maps bounded scroll arguments to the shared browser command (175.892584ms)
  ✔ terminates on browser busy without replacing the initial dry-run state (147.63725ms)
  ✔ does not replace the initial dry-run state when Cloudflare interrupts the run (146.469792ms)
  ✔ preserves the prior latest facts when a real execution is cancelled (161.849834ms)
✔ PluginDeveloper v1 tool executor (2582.291125ms)
▶ plugin developer Cloudflare handoff
  ✔ retains the browser only for browser interaction handoff requests (0.67125ms)
  ✔ recognizes the typed browser challenge signal (0.084167ms)
  ✔ turns browser action=open challenge into an immediate waiting_user handoff (152.501875ms)
  ✔ presents the helper and creates a typed login handoff without running a Playwright action (153.861ms)
  ✔ returns typed recovery errors for uncertain actions and pending explicit observations (153.104208ms)
✔ plugin developer Cloudflare handoff (460.837041ms)
▶ PluginDeveloper ToolPack v1
  ✔ matches the compact Pi-native schema in stable order (1.036459ms)
  ✔ classifies dry-run, browser reads/interactions and secret typing explicitly (0.084667ms)
  ✔ governs every remaining host capability through permission, abort and ledger (7.888917ms)
✔ PluginDeveloper ToolPack v1 (9.373791ms)
▶ pluginDevAgent workLog
  ✔ records full tool detail and builds an exportable timeline (25.7845ms)
  ✔ never exports a failed terminal state without an error event (0.2105ms)
✔ pluginDevAgent workLog (26.466542ms)
✔ migrates a legacy log once, preserves message/event order, and reads only its committed journal interval (15.707833ms)
✔ rolls back journal appends when product state commit fails and retries without duplicates (1.348834ms)
✔ rejects changed legacy prefixes, shrinking histories, missing rows and malformed references without rewriting data (0.606333ms)
✔ keeps logical state+journal writes linear for 1k, 10k and 100k log entries (4611.69425ms)
ℹ {"results":[{"entries":1000,"stateBytes":110786,"journalBytes":131780},{"entries":10000,"stateBytes":1127788,"journalBytes":1337780},{"entries":100000,"stateBytes":11477790,"journalBytes":13577780}],"scope":"In-memory SQLite logical JSON bytes; outer transaction amortizes test setup. Not WAL/device bytes, fsync latency, UI or cold recovery memory acceptance."}
▶ pluginDevCodeEdit
  ✔ replace_snippet swaps a unique fragment (0.84825ms)
  ✔ replace_snippet rejects non-unique oldText (0.13875ms)
  ✔ replace_snippet picks match nearest nearLine (0.25ms)
  ✔ replace_function can replace a top-level helper (0.342375ms)
  ✔ replace_function rejects re-declaring helper inside parseActress block (0.27225ms)
  ✔ listTopLevelFunctions returns names with line ranges (0.923334ms)
  ✔ findDuplicateTopLevelBindings detects duplicate function names (0.053458ms)
✔ pluginDevCodeEdit (3.269667ms)
▶ pluginDevPageFormat
  ✔ formats definition lists and dom regions for prompts (0.4025ms)
  ✔ formats inspect locale anchors without treating them as a language API (0.060292ms)
  ✔ includes link region markers (0.057666ms)
  ✔ builds full page insight prompt (0.172958ms)
  ✔ keeps forms and prioritized links when raw DOM regions are very large (0.436333ms)
✔ pluginDevPageFormat (1.501709ms)
▶ pluginDevService
  ✔ preserves an explicit empty supportedFields list for an undiscovered create draft (8.105791ms)
  ✔ rejects parse result keys used as supportedFields instead of silently dropping them (7.988375ms)
  ✔ wraps generated bare parseVideo functions before dry-run (67.769042ms)
  ✔ reports unrecognized raw result keys before normalization without suggestions (55.652625ms)
  ✔ preserves every normalized video candidate during dry-run (55.879375ms)
  ✔ rejects a video result whose code does not match the requested target (56.685125ms)
  ✔ wraps generated bare parseActress functions before dry-run (66.815292ms)
  ✔ reports legal manifest field ids even when the compatibility projection accepts an empty declaration (59.865083ms)
  ✔ coerces actress numeric and date strings during dry-run (57.400083ms)
  ✔ returns actress identity facts without adding a semantic target rejection (59.665542ms)
✔ pluginDevService (496.807625ms)
✔ coalesces a large burst and flushes the final value without leaking a timer (3.485084ms)
✔ limits continuous progress to ten updates per second plus the final flush (0.43525ms)
✔ replaces pending progress with an immediate state and can publish the next state (0.139084ms)
✔ normalizeProxyUrl accepts common proxy schemes (0.393583ms)
✔ normalizeProxyUrl rejects empty and invalid values (0.233167ms)
▶ public HTTP fetch
  ✔ rejects private literals and hostnames resolving to private addresses (3.782375ms)
  ✔ connects to the validated address while preserving the logical host (22.1635ms)
  ✔ validates redirect destinations and caps streamed response bytes (1.270417ms)
  ✔ applies one timeout budget to URL validation and the request (32.898458ms)
  ✔ closes a pending SOCKS connection when the request deadline expires (61.466209ms)
✔ public HTTP fetch (122.439334ms)
▶ resourceLessVideoCleanupService
  ✔ deletes only zero-resource videos and removes their relations and owned images (579.969334ms)
  ✔ protects zero-resource videos while any playlist still references them (412.035583ms)
  ✔ counts and cleans assets only after the final guarded delete succeeds (489.232292ms)
✔ resourceLessVideoCleanupService (1481.791458ms)
✔ reuses one index and releases it before changes, revision failures and disposal (0.817083ms)
✔ expires an idle index, resets the deadline on use and cancels expiry on disposal (0.31525ms)
✔ upgrades raw to combined views with one live index, then reuses it for both operations (0.19725ms)
✔ matches legacy validation and folded path membership across all permitted sources (452.171542ms)
✔ uses the latest non-null run, ignores summary identity and allows indexed unrecognized paths without parsing bad audit (401.232625ms)
✔ never parses the complete body in JavaScript and validates later entries after an early path match (641.041083ms)
✔ keeps authorization on one WAL snapshot when a writer replaces the audit during entry validation (358.726167ms)
✔ fails closed on duplicate known fields and object strings instead of object entries (389.987209ms)
✔ checks the trusted source cap before parsing audit JSON (457.168208ms)
✔ pages every section with stable ordinal, filtered totals and independent results (464.92825ms)
✔ holds an immutable copied snapshot across writer changes and leaves main schema/data unchanged (421.646458ms)
✔ rejects source/index/page budget overflows without truncation and can rebuild after failure (510.784ms)
✔ rejects wrong scope, mismatched versions/identity, malformed collections and non-object entries (434.980916ms)
✔ copies all collections from one read snapshot when the writer commits during construction (457.841625ms)
✔ matches every historical view field/order across combined filters, Unicode search and pages (1080.930291ms)
✔ locates failed-view anchors, clamps shrink/overflow, and keeps copied pending-path state (846.005083ms)
✔ rejects invalid view inputs and oversized output without mutating the source (930.532333ms)
✔ reuses one bounded search result across pages and restores read-only mode after TEMP exhaustion (1026.91925ms)
✔ preserves pending paths without an audit body only for the exact current summary (1077.880583ms)
✔ does not hide corrupt or over-budget audit bodies behind unrecognized-only fallback (1182.005583ms)
▶ ScrapeJobController
  ✔ flushes and detaches UI progress on rejection before accepting another batch (3.935125ms)
  ✔ coalesces video UI progress while preserving checkpoints and done delivery (22.258375ms)
  ✔ coalesces video UI progress while preserving checkpoints and paused delivery (16.78825ms)
  ✔ coalesces video UI progress while preserving checkpoints and cancelled delivery (15.705958ms)
  ✔ coalesces actress UI progress while preserving checkpoints and done delivery (15.023167ms)
  ✔ coalesces actress UI progress while preserving checkpoints and paused delivery (14.181708ms)
  ✔ coalesces actress UI progress while preserving checkpoints and cancelled delivery (14.797042ms)
  ✔ preserves media-library scope through batch count and start orchestration (0.357208ms)
  ✔ rejects a single-video scrape outside the requesting active media library (0.315792ms)
  ✔ forwards an explicit director choice and returns structured classification outcomes (0.127459ms)
  ✔ serializes single video and actress scrape runs (0.103375ms)
  ✔ pauses an interrupted persisted job during initialization (0.116ms)
  ✔ recovers an on-disk running checkpoint as paused after restart (105.479292ms)
  ✔ publishes progress and supports pause, resume, and discard for persisted batches (0.669292ms)
  ✔ prevents starting a scrape batch while automatic crop owns the batch lock (0.092208ms)
✔ ScrapeJobController (210.685209ms)
▶ ScraperDelayController
  ✔ starts the next same-site interval after the previous access finishes (23.843792ms)
✔ ScraperDelayController (24.15075ms)
▶ ScraperPluginCatalog
  ✔ restores the configured default after deleting a selected plugin (0.830833ms)
✔ ScraperPluginCatalog (1.344708ms)
▶ ScraperServiceConfiguration
  ✔ keeps scraper service IPC policy behind one application boundary (1.362583ms)
✔ ScraperServiceConfiguration (1.706375ms)
▶ SequentialBatchQueue
  ✔ counts success, pending, and failure as disjoint processed outcomes (2.736292ms)
  ✔ pauses after the current target and resumes from checkpoint (0.661084ms)
✔ SequentialBatchQueue (3.903333ms)
▶ seriesMergeService
  ✔ merges an explicit source into the target and transfers videos and direct children (588.649583ms)
  ✔ adopts the source cover only when the target has no formal cover (345.574375ms)
  ✔ rejects a merged name collision in the final owner scope without changing relations (398.268333ms)
  ✔ rejects a merge that would move an ancestor branch below its descendant (492.268875ms)
  ✔ collapses a direct source-to-target hierarchy without making the target its own parent (555.96025ms)
  ✔ rolls back profile, video, and child changes when the database transaction fails (485.576ms)
  ✔ commits the merge and reports an obsolete source cover cleanup failure (533.121209ms)
  ✔ rejects using the same series as target and source (474.144541ms)
✔ seriesMergeService (3874.633709ms)
✔ reuses canonical query pages, isolates caller mutations, and invalidates local and external writes (562.344792ms)
✔ bypasses cached pages inside transactions and never publishes data that is rolled back (370.17325ms)
✔ evicts least recently used pages and validates raw search before cache lookup (357.830375ms)
✔ evicts by serialized byte budget before eight large pages accumulate (625.301167ms)
✔ observes an external commit during a read and refreshes on the next call (484.934875ms)
✔ does not cache a failed read and allows the same query to retry (458.506208ms)
✔ separates connections even when their revision counters match (1064.492667ms)
✔ binds a separate cache and repository to a readonly connection, without using the writer getter (362.317875ms)
▶ videoBatchScrapeQueue feedback
  ✔ identifies scoped and global target sets in batch status text (2.31725ms)
  ✔ preserves and revalidates the original library scope when resuming a checkpoint (0.720167ms)
  ✔ revalidates every frozen scoped target immediately before scraping (0.094209ms)
  ✔ formats success, skip, and partial-warning outcomes distinctly (0.095708ms)
  ✔ counts a persisted multi-candidate result as pending instead of success or failure (0.037709ms)
✔ videoBatchScrapeQueue feedback (3.780541ms)
▶ video lifecycle service
  ✔ cleans app-owned and pending assets while never receiving source media paths (0.957292ms)
  ✔ retries cleanup safely when the repository replays an idempotent result (0.113084ms)
  ✔ deletes managed source files before committing the global video record (0.106ms)
✔ video lifecycle service (1.552833ms)
Staged video file remains queued for deletion: /var/folders/h4/zxrt6zwx6dv1n16kwxzltqgh0000gn/T/javdex-video-maintenance-policy-CWHmR9/media-root/IPX-535.mp4.javdex-delete-00fd8c95-e600-4a70-9e4d-43302f863a05 Error: file is busy
    at unlinkSync (/Users/nut/Project/JavdexLabs/Javdex/src/main/services/videoMaintenanceService.test.ts:1053:15)
    at finalizeStagedLocalFiles (/Users/nut/Project/JavdexLabs/Javdex/src/main/services/videoMaintenanceService.ts:389:9)
    at withStagedLocalFileDeletion (/Users/nut/Project/JavdexLabs/Javdex/src/main/services/videoMaintenanceService.ts:414:7)
    at <anonymous> (/Users/nut/Project/JavdexLabs/Javdex/src/main/services/videoMaintenanceService.ts:486:7)
    at <anonymous> (/Users/nut/Project/JavdexLabs/Javdex/src/main/services/mediaAssetStore.ts:506:24)
    at AsyncLocalStorage.run (node:internal/async_local_storage/async_context_frame:63:14)
    at MediaAssetStore.runCoordinatedChange (/Users/nut/Project/JavdexLabs/Javdex/src/main/services/mediaAssetStore.ts:504:31)
    at MediaAssetStore.coordinateDatabaseChange (/Users/nut/Project/JavdexLabs/Javdex/src/main/services/mediaAssetStore.ts:465:17)
    at MediaAssetStore.runInCoordinatedChange (/Users/nut/Project/JavdexLabs/Javdex/src/main/services/mediaAssetStore.ts:475:17)
    at removeResource (/Users/nut/Project/JavdexLabs/Javdex/src/main/services/videoMaintenanceService.ts:468:5)
Staged video file remains queued for deletion: /var/folders/h4/zxrt6zwx6dv1n16kwxzltqgh0000gn/T/javdex-video-maintenance-policy-VhLlcY/media-root/IPX-535.mp4.javdex-delete-798c834c-8e0c-465e-bd3e-0ed592933b2a Error: 只能操作身份有效的启用媒体库根目录内文件
    at rejectManagedRootFile (/Users/nut/Project/JavdexLabs/Javdex/src/main/services/mediaLibraryRootFileGuard.ts:32:9)
    at requireCurrentRootIdentity (/Users/nut/Project/JavdexLabs/Javdex/src/main/services/mediaLibraryRootFileGuard.ts:86:5)
    at assertRootFile (/Users/nut/Project/JavdexLabs/Javdex/src/main/services/mediaLibraryRootFileGuard.ts:98:27)
    at assertMediaLibraryRootDeletionTarget (/Users/nut/Project/JavdexLabs/Javdex/src/main/services/mediaLibraryRootFileGuard.ts:182:3)
    at assertDeletionAllowed (/Users/nut/Project/JavdexLabs/Javdex/src/main/services/videoMaintenanceService.ts:484:9)
    at finalizeStagedLocalFiles (/Users/nut/Project/JavdexLabs/Javdex/src/main/services/videoMaintenanceService.ts:388:9)
    at withStagedLocalFileDeletion (/Users/nut/Project/JavdexLabs/Javdex/src/main/services/videoMaintenanceService.ts:414:7)
    at <anonymous> (/Users/nut/Project/JavdexLabs/Javdex/src/main/services/videoMaintenanceService.ts:486:7)
    at <anonymous> (/Users/nut/Project/JavdexLabs/Javdex/src/main/services/mediaAssetStore.ts:506:24)
    at AsyncLocalStorage.run (node:internal/async_local_storage/async_context_frame:63:14)
Failed to recover pending local file deletion: /var/folders/h4/zxrt6zwx6dv1n16kwxzltqgh0000gn/T/javdex-video-maintenance-policy-RkyV4s/offline-volume/movie.mp4.javdex-delete-interrupted Error: 暂存文件所在存储当前不可用
    at recoverPendingLocalFileDeletions (/Users/nut/Project/JavdexLabs/Javdex/src/main/services/pendingLocalFileDeletionService.ts:48:46)
    at TestContext.<anonymous> (/Users/nut/Project/JavdexLabs/Javdex/src/main/services/videoMaintenanceService.test.ts:1243:22)
    at Test.runInAsyncScope (node:async_hooks:227:14)
    at Test.run (node:internal/test_runner/test:1325:25)
    at Suite.processPendingSubtests (node:internal/test_runner/test:911:18)
    at Test.postRun (node:internal/test_runner/test:1465:19)
    at Test.run (node:internal/test_runner/test:1390:12)
    at async Suite.processPendingSubtests (node:internal/test_runner/test:911:7)
Failed to recover pending local file deletion: /var/folders/h4/zxrt6zwx6dv1n16kwxzltqgh0000gn/T/javdex-video-maintenance-policy-YmfKEm/media-root/IPX-535.mp4.javdex-delete-before-rename Error: 原文件所在存储当前不可用
    at recoverPendingLocalFileDeletions (/Users/nut/Project/JavdexLabs/Javdex/src/main/services/pendingLocalFileDeletionService.ts:40:19)
    at TestContext.<anonymous> (/Users/nut/Project/JavdexLabs/Javdex/src/main/services/videoMaintenanceService.test.ts:1289:22)
    at Test.runInAsyncScope (node:async_hooks:227:14)
    at Test.run (node:internal/test_runner/test:1325:25)
    at Suite.processPendingSubtests (node:internal/test_runner/test:911:18)
    at Test.postRun (node:internal/test_runner/test:1465:19)
    at Test.run (node:internal/test_runner/test:1390:12)
    at async Suite.processPendingSubtests (node:internal/test_runner/test:911:7)
Failed to recover pending local file deletion: /var/folders/h4/zxrt6zwx6dv1n16kwxzltqgh0000gn/T/javdex-video-maintenance-policy-TEtoRn/media-root/missing.mp4.javdex-delete-missing Error: 暂存文件和原文件均不存在
    at recoverPendingLocalFileDeletions (/Users/nut/Project/JavdexLabs/Javdex/src/main/services/pendingLocalFileDeletionService.ts:40:19)
    at TestContext.<anonymous> (/Users/nut/Project/JavdexLabs/Javdex/src/main/services/videoMaintenanceService.test.ts:1321:22)
    at Test.runInAsyncScope (node:async_hooks:227:14)
    at Test.run (node:internal/test_runner/test:1325:25)
    at Suite.processPendingSubtests (node:internal/test_runner/test:911:18)
    at Test.postRun (node:internal/test_runner/test:1465:19)
    at Test.run (node:internal/test_runner/test:1390:12)
    at async Suite.processPendingSubtests (node:internal/test_runner/test:911:7)
▶ VideoMaintenanceService
  ✔ creates and reuses organization identities while editing video metadata (480.678667ms)
  ✔ rolls back video fields when organization assignment fails (539.012167ms)
  ✔ creates or appends HTTP resources without scraping and keeps one primary resource (617.01275ms)
  ✔ normalizes a manually entered code before attaching a resource (578.247375ms)
  ✔ attaches a normalized link to an existing legacy lowercase code (568.396792ms)
  ✔ reports the owning video when a normalized HTTP resource already exists (473.39575ms)
  ✔ imports Magnet and ED2K resources and deduplicates their protocol identities (398.8355ms)
  ✔ keeps STRM targets read-only while editing metadata and safely deletes the source file (380.028625ms)
  ✔ restores a staged STRM source and rolls back removal when primary promotion fails (350.331917ms)
  ✔ refuses to remove an active-root STRM source after the root path is replaced (312.191125ms)
  ✔ edits metadata, status, rating, poster, and manual tags (264.07975ms)
  ✔ attaches the exact selected long-name tag, promotes scraped origin, and rejects deleted selections (272.0465ms)
  ✔ rolls back tag creation or origin promotion when updating the video fails (299.85225ms)
  ✔ imports and deletes a local sample in the temporary media directory (352.178125ms)
  ✔ switches the primary resource and deletes only the selected local resource (312.91225ms)
  ✔ restores a staged local file and rolls back resource removal when promotion fails (363.82575ms)
  ✔ sets any resource as primary and promotes deterministic fallbacks after removal (417.970959ms)
  ✔ does not promote an inaccessible local resource over an available web link (306.350375ms)
  ✔ requires an explicit decision when manually removing the last resource (380.815708ms)
  ✔ never turns last-resource removal into a global deletion (292.090917ms)
  ✔ rejects every resource mutation for missing or archived media libraries (258.374375ms)
  ✔ updates only the display label of a local resource (277.644708ms)
  ✔ removes a symbolic-link resource without deleting its target file (234.858875ms)
  ✔ refuses to remove a disabled-root resource after the root path is replaced (239.845916ms)
  ✔ rejects local source deletion for every non-active root state before staging (264.837542ms)
  ✔ rejects physical source deletion when the resource has no root ownership (305.215541ms)
  ✔ skips unmanaged source files when deleting a video globally (340.894041ms)
  ✔ corrects an imported code (311.952084ms)
  ✔ persists a committed cleanup task when resource-file deletion must be retried (312.919542ms)
  ✔ revalidates the root identity before unlinking an already staged source (290.962834ms)
  ✔ does not delete resource records when the file storage cannot be audited (360.968458ms)
  ✔ adopts an interrupted prepared task when resource removal is retried (337.093709ms)
  ✔ does not adopt a prepared resource-removal task when the original path was replaced (341.973958ms)
  ✔ restores an interrupted pre-commit file staging task (361.8425ms)
  ✔ keeps a cleanup task queued while its original storage is unavailable (398.177041ms)
  ✔ finishes cleanup after a storage remount changes its device id (229.010333ms)
  ✔ retains a pre-rename prepared task when another device occupies the original path (368.763709ms)
  ✔ retains prepared state and database records when both file paths are missing (353.91125ms)
  ✔ keeps the prepared task when storage disappears during resource-removal rollback (425.142458ms)
  ✔ clears scraped metadata and relations but keeps manual tags (382.645417ms)
  ✔ corrects to an already used code without implicitly merging videos (362.035ms)
  ✔ explicitly merges same-code videos while preserving the chosen id and primary resource (534.631334ms)
  ✔ unions manual tags but keeps the retained scraped-tag field as a whole (414.327875ms)
  ✔ unions cast, playlists, sources, and ratings while preserving retained conflicts and scrape history (407.426375ms)
  ✔ merges cover, poster, and sample fields as whole sets and reclaims only unused media (417.00475ms)
  ✔ rejects a merge whose combined identity belongs to a third video (405.745334ms)
  ✔ rolls back an ordinary merge when deleting the source record fails (365.248167ms)
  ✔ rejects merging videos with different normalized codes (361.748791ms)
  ✔ uses the normal availability-aware promotion rule when neither merged video has a primary (362.968541ms)
  ✔ splits a non-primary resource into a metadata-empty pending-identity video (377.735167ms)
  ✔ blocks primary splitting and rolls back a failed non-primary split (339.863708ms)
  ✔ locks metadata while a video scrape result is pending but still allows resource splitting (354.809ms)
  ✔ requires confirmation before correcting a pending video and clears staging atomically (306.937333ms)
  ✔ rolls back the whole edit when it would create a complete business identity conflict (382.607625ms)
  ✔ stores related links on a video and returns them on detail (107.146709ms)
  ✔ rejects invalid related links and keeps the previous list (103.993458ms)
  ✔ keeps related links when clearing scraped metadata (73.216084ms)
  ✔ allows related-link edits while a video scrape result is pending (57.094458ms)
  ✔ unions related links on merge with the retained video first (79.565542ms)
  ✔ leaves related links on the original video when splitting a resource (98.280167ms)
✔ VideoMaintenanceService (20273.286583ms)
▶ VideoQueryService
  ✔ lists videos and reads their detail without mutating library state (504.231583ms)
  ✔ redacts external resource locators in detail projections until explicitly requested (544.849334ms)
  ✔ projects a STRM source path while keeping its complete target main-process only (526.429333ms)
✔ VideoQueryService (1576.499916ms)
▶ VideoResourceLinkService
  ✔ tests a direct link and returns Content-Length when available (1.219541ms)
  ✔ returns a non-throwing failure without echoing a sensitive query (0.355583ms)
  ✔ routes checks through the hardened public HEAD transport (0.11225ms)
✔ VideoResourceLinkService (2.173209ms)
▶ videoScrapeApplyService.resolveEffectiveScrapeFields
  ✔ fillEmpty keeps only empty scalar fields (711.640708ms)
  ✔ fillEmpty evaluates female and male cast independently (696.098875ms)
  ✔ replaceIfPresent keeps all selected fields regardless of current values (765.500042ms)
  ✔ fillEmpty includes cast fields when video has no performers (614.840542ms)
✔ videoScrapeApplyService.resolveEffectiveScrapeFields (2788.995917ms)
▶ videoScrapeApplyService.planVideoScrapeResult update matrix
  ✔ title follows fillEmpty semantics for every current and scraped value state (549.584375ms)
  ✔ title follows replaceIfPresent semantics for every current and scraped value state (394.193125ms)
  ✔ title follows replace semantics for every current and scraped value state (457.381792ms)
  ✔ summary follows fillEmpty semantics for every current and scraped value state (370.443ms)
  ✔ summary follows replaceIfPresent semantics for every current and scraped value state (328.667083ms)
  ✔ summary follows replace semantics for every current and scraped value state (425.909792ms)
  ✔ cover follows fillEmpty semantics for every current and scraped value state (441.781833ms)
  ✔ cover follows replaceIfPresent semantics for every current and scraped value state (492.15975ms)
  ✔ cover follows replace semantics for every current and scraped value state (407.452042ms)
  ✔ releaseDate follows fillEmpty semantics for every current and scraped value state (456.531708ms)
  ✔ releaseDate follows replaceIfPresent semantics for every current and scraped value state (268.177583ms)
  ✔ releaseDate follows replace semantics for every current and scraped value state (398.963458ms)
  ✔ maker follows fillEmpty semantics for every current and scraped value state (405.170208ms)
  ✔ maker follows replaceIfPresent semantics for every current and scraped value state (333.910875ms)
  ✔ maker follows replace semantics for every current and scraped value state (337.733167ms)
  ✔ publisher follows fillEmpty semantics for every current and scraped value state (394.43575ms)
  ✔ publisher follows replaceIfPresent semantics for every current and scraped value state (411.222459ms)
  ✔ publisher follows replace semantics for every current and scraped value state (426.150958ms)
  ✔ series follows fillEmpty semantics for every current and scraped value state (411.25825ms)
  ✔ series follows replaceIfPresent semantics for every current and scraped value state (446.973292ms)
  ✔ series follows replace semantics for every current and scraped value state (462.096208ms)
  ✔ director follows fillEmpty semantics for every current and scraped value state (537.5895ms)
  ✔ director follows replaceIfPresent semantics for every current and scraped value state (439.894375ms)
  ✔ director follows replace semantics for every current and scraped value state (467.01275ms)
  ✔ duration follows fillEmpty semantics for every current and scraped value state (446.171459ms)
  ✔ duration follows replaceIfPresent semantics for every current and scraped value state (442.081167ms)
  ✔ duration follows replace semantics for every current and scraped value state (425.924667ms)
  ✔ actressesFemale follows fillEmpty semantics for every current and scraped value state (547.088958ms)
  ✔ actressesFemale follows replaceIfPresent semantics for every current and scraped value state (451.312167ms)
  ✔ actressesFemale follows replace semantics for every current and scraped value state (416.651959ms)
  ✔ actressesMale follows fillEmpty semantics for every current and scraped value state (413.680958ms)
  ✔ actressesMale follows replaceIfPresent semantics for every current and scraped value state (444.196125ms)
  ✔ actressesMale follows replace semantics for every current and scraped value state (461.516459ms)
  ✔ tags follows fillEmpty semantics for every current and scraped value state (417.890292ms)
  ✔ tags follows replaceIfPresent semantics for every current and scraped value state (481.769084ms)
  ✔ tags follows replace semantics for every current and scraped value state (424.044292ms)
  ✔ source follows fillEmpty semantics for every current and scraped value state (402.087875ms)
  ✔ source follows replaceIfPresent semantics for every current and scraped value state (442.074208ms)
  ✔ source follows replace semantics for every current and scraped value state (231.492333ms)
  ✔ rating follows fillEmpty semantics for every current and scraped value state (129.074375ms)
  ✔ rating follows replaceIfPresent semantics for every current and scraped value state (87.046333ms)
  ✔ rating follows replace semantics for every current and scraped value state (76.452917ms)
  ✔ samples follows fillEmpty semantics for every current and scraped value state (102.237833ms)
  ✔ samples follows replaceIfPresent semantics for every current and scraped value state (100.665709ms)
  ✔ samples follows replace semantics for every current and scraped value state (70.265625ms)
✔ videoScrapeApplyService.planVideoScrapeResult update matrix (17080.700875ms)
▶ videoScrapeApplyService.applyScrapeResult
  ✔ builds a read-only plan before applying field changes (90.222875ms)
  ✔ applies scalar fields consistently across the three update modes (152.964541ms)
  ✔ does not record a successful scrape when no selected field can be written (88.815042ms)
  ✔ clears only the selected source site metadata in replace mode (94.568667ms)
  ✔ preserves existing cover and warns when a returned image is unavailable (78.448792ms)
  ✔ keeps the complete old sample set when any returned sample is unavailable (143.245541ms)
  ✔ replaces selected relation sets while preserving manual tags and the other cast gender (151.28575ms)
  ✔ keeps a committed scrape successful when post-commit library cleanup fails (140.602291ms)
  ✔ does not roll back scraped tags when orphan-tag cleanup fails after commit (153.622041ms)
  ✔ reuses the unique name owner for canonically equivalent scraped cast names (165.864875ms)
  ✔ does not create or link an actress for a migrated pending cast name (141.894417ms)
  ✔ replaceIfPresent updates existing scalars when scrape has values and keeps null scrape values (132.766375ms)
  ✔ stores external stats under ratingSourceName when provided (140.112875ms)
  ✔ leaves downloaded cast avatars untouched for application-layer adoption (129.638708ms)
✔ videoScrapeApplyService.applyScrapeResult (1805.19575ms)
▶ videoScrapeApplyService classification entity resolution
  ✔ preserves entity update semantics across fillEmpty, replaceIfPresent, and replace (159.01175ms)
  ✔ matches main names, aliases, and normalized equivalents without overwriting profiles (145.098125ms)
  ✔ creates only basic entities, reuses one organization across roles, and leaves series unowned (153.865917ms)
  ✔ rolls back scalar writes and newly created entities when a classification assignment fails (145.568042ms)
  ✔ keeps the current director when its alias is one of multiple candidates without updating the video (144.861375ms)
  ✔ pauses a single scrape for director choice and applies the selected candidate on retry (149.251792ms)
  ✔ preserves an ambiguous director in batch mode while applying safe fields with an actionable warning (133.697375ms)
  ✔ reports an invalid classification name structurally while applying safe fields (143.714ms)
  ✔ treats same-name series in different owner scopes as ambiguous and never infers an owner (143.909875ms)
✔ videoScrapeApplyService classification entity resolution (1319.858708ms)
▶ videoScrapeApplyService.resolveVideoBatchTargets
  ✔ keeps active media-library batch targets inside their membership scope (162.023292ms)
  ✔ returns no targets for an archived media-library scope while preserving global compatibility (156.962667ms)
  ✔ excludes videos that already have a pending scrape decision (138.332167ms)
  ✔ filters by videos missing any selected metadata field (147.605292ms)
  ✔ combines status and missing-field filters (134.994458ms)
  ✔ treats a stored cover path as present even when the file is unreadable (141.464417ms)
✔ videoScrapeApplyService.resolveVideoBatchTargets (881.949333ms)
▶ videoScrapeApplyService tags emptiness
  ✔ fillEmpty ignores manual tags when deciding whether tags are empty (146.696958ms)
✔ videoScrapeApplyService tags emptiness (146.953833ms)
▶ llmSecretStore
  ✔ persists encrypted values and reports a degraded Linux-style backend (10.262208ms)
  ✔ removes a provider secret without affecting the remaining entries (31.926667ms)
  ✔ does not treat an unreadable secret path as an empty store (11.674542ms)
✔ llmSecretStore (54.296292ms)
▶ scraperServiceSecretStore
  ✔ persists an encrypted MetaTube token without exposing plaintext (13.325916ms)
  ✔ clears the token and rejects unavailable encryption (30.944333ms)
✔ scraperServiceSecretStore (44.747083ms)
▶ settingsStore avatar composition defaults
  ✔ uses the relaxed face-centered composition for settings without legacy values (13.242667ms)
  ✔ keeps legacy presets and explicit user values during migration (31.89925ms)
✔ settingsStore avatar composition defaults (45.5725ms)
▶ settingsStore video card preferences
  ✔ keeps resource type badges disabled for new and existing users by default (14.483208ms)
  ✔ preserves an explicit resource type badge preference (14.274583ms)
  ✔ defaults video cards to portrait and preserves an explicit landscape preference (26.868417ms)
✔ settingsStore video card preferences (55.80325ms)
▶ settingsStore NFO export preferences
  ✔ uses safe defaults and normalizes remembered selections without persisting overwrite (23.226375ms)
✔ settingsStore NFO export preferences (23.308333ms)
▶ settingsStore plugin developer model-turn budget
  ✔ retires the old implicit step limit instead of carrying 24 into the new setting (23.24975ms)
  ✔ defaults to unlimited and preserves an explicit zero limit (26.936792ms)
  ✔ persists a positive limit through the settings interface (19.791875ms)
  ✔ stops rewriting legacy model fields after schema v2 exists (24.291709ms)
  ✔ does not resurrect legacy model fields when the v2 document is unreadable (37.71775ms)
✔ settingsStore plugin developer model-turn budget (132.368708ms)
▶ settingsStore deferred library path cleanup
  ✔ normalizes unique non-empty roots and preserves them across cache resets (15.93725ms)
✔ settingsStore deferred library path cleanup (16.138334ms)
▶ settingsStore persistence
  ✔ does not update the cache when the settings file cannot be replaced (44.732708ms)
✔ settingsStore persistence (45.032958ms)
▶ settingsStore recovery
  ✔ backs up malformed JSON, writes defaults, and exposes one recovery notice (32.784833ms)
  ✔ does not replace a settings path that fails with an I/O error (12.01675ms)
✔ settingsStore recovery (44.954ms)
▶ settingsStore LLM secret migration
  ✔ moves legacy API keys out of settings.json without exposing them publicly (40.153375ms)
  ✔ keeps the original plaintext file and blocks later writes when migration fails (11.450667ms)
✔ settingsStore LLM secret migration (51.775625ms)
▶ settingsStore scan cleanup defaults
  ✔ keeps automatic deletion disabled and has no summary for new and existing users (20.9925ms)
  ✔ preserves an explicit automatic deletion preference (22.123542ms)
  ✔ normalizes and sanitizes the persisted latest scan summary (18.914917ms)
  ✔ normalizes the retired unrecognized-file snapshot for migration (15.3025ms)
✔ settingsStore scan cleanup defaults (77.723084ms)
▶ settingsStore automatic scan defaults
  ✔ keeps automatic scans disabled and defaults to one hour (12.316875ms)
  ✔ accepts only supported automatic scan intervals (46.839208ms)
✔ settingsStore automatic scan defaults (59.404166ms)
▶ settingsStore retired actress scrapers
  ✔ rewrites the retired idol archive default to Xslist (16.43975ms)
  ✔ rewrites composite actress field mappings that pointed at the idol archive (23.116458ms)
✔ settingsStore retired actress scrapers (40.182041ms)
▶ settingsStore retired video scrapers
  ✔ rewrites the retired JAV8 default to JavDB (23.831375ms)
  ✔ rewrites JAV8 composite mappings and removes its delay (27.657417ms)
✔ settingsStore retired video scrapers (51.731625ms)
▶ settingsStore privacy mode
  ✔ defaults to disabled with every image scope selected (20.125417ms)
  ✔ keeps valid unique scopes and discards unknown values (15.428541ms)
  ✔ keeps samples and actress galleries independently selectable (25.183542ms)
  ✔ allows all privacy scopes to be cleared explicitly (21.946875ms)
✔ settingsStore privacy mode (83.177791ms)
▶ close-to-tray setting
  ✔ defaults off and persists an explicit choice across reloads (42.0175ms)
  ✔ does not enable tray hiding from malformed legacy values (11.45475ms)
✔ close-to-tray setting (53.737334ms)
▶ Web read-only catalog scope
  ✔ rechecks image authorization after async work when hidden changes (553.908167ms)
  ✔ rechecks image authorization after async work when archived changes (549.613917ms)
  ✔ rechecks image authorization after async work when cover changes (337.995542ms)
  ✔ rechecks image authorization after async work when cast changes (353.991125ms)
  ✔ rechecks image authorization after async work when sample changes (313.62175ms)
  ✔ reads only the authorized image path before and after serving, without full details (290.334166ms)
  ✔ forwards thumbnail size through the real catalog while preserving original requests (254.91725ms)
  ✔ forwards the caller signal to the async Store and drops a cancelled result (190.8675ms)
  ✔ filters archived/hidden memberships for lists, details, images, and media (258.96225ms)
  ✔ describes local resources without exposing their directory (220.850542ms)
  ✔ uses the cover rather than the background for browse, detail and image requests (256.947292ms)
  ✔ queries with parameters, paginates stably and filters clear membership scopes (910.465125ms)
  ✔ uses stable desktop discovery and respects library home participation (734.890583ms)
  ✔ exposes cast display metadata and only serves avatars linked to visible videos (294.775084ms)
  ✔ downloads non-playable files and exposes only supported external links (249.702167ms)
  ✔ resolves only authorized files and refuses symlink escapes and disabled roots (255.327542ms)
✔ Web read-only catalog scope (6028.362042ms)
▶ Desktop-approved browser pairing
  ✔ requires an open window, a desktop decision and a separate secret, consumes only once (1.495417ms)
  ✔ expires requests, bounds polling, rejection, restart and approvals (0.253666ms)
  ✔ bounds the total pending requests (0.321667ms)
✔ Desktop-approved browser pairing (2.44575ms)
▶ Remembered browser lifecycle
  ✔ persists only remembered hashes, retains authorization over restart and revokes individual devices (298.340417ms)
✔ Remembered browser lifecycle (298.433042ms)
▶ Pairing HTTP boundary
  ✔ binds exchange to a private cookie, keeps approval desktop-only and remembers across server restarts (227.741541ms)
✔ Pairing HTTP boundary (227.93375ms)
▶ Device record recovery
  ✔ keeps valid sessions usable during activity write failures and retries persistence (360.494584ms)
  ✔ keeps disk and memory consistent after failed revoke, clear, rename and create (94.889125ms)
  ✔ resets a damaged snapshot without parsing it or retaining old authorization (36.098125ms)
  ✔ restores remaining pairing time from server and retains approval on issuance failure (0.192542ms)
✔ Device record recovery (491.804458ms)
▶ Per-device streaming revocation
  ✔ interrupts the revoked stream while another browser finishes its stream (74.351041ms)
✔ Per-device streaming revocation (74.49675ms)
✔ keeps the running service on staging failure and restores it after publish failure (117.178667ms)
✔ preserves remembered devices on runtime server errors, including failed state persistence (4.837208ms)
▶ Web authentication and streaming
  ✔ keeps image responses private and reports read queue overload as 503 (8.430875ms)
  ✔ forwards finite thumbnail sizes and rejects invalid sizes before image work (4.9325ms)
  ✔ reports oversized images as 413 without caching or a HEAD body (8.978042ms)
  ✔ rechecks an expired session after image work while the connection remains open (45.207458ms)
  ✔ cancels pending image work on logout and never sends its completed bytes (46.081709ms)
  ✔ cancels pending image work on disconnect and never sends its completed bytes (44.384ms)
  ✔ stores salted password hashes and enforces minimum length (124.46175ms)
  ✔ requires a session for catalog, artwork, and video, with no credential data in failures (14.421125ms)
  ✔ serves brand and favicon PNGs without login with the correct MIME and bytes (11.470625ms)
  ✔ rejects bad credentials; issues HttpOnly SameSite cookies on login (92.906542ms)
  ✔ blocks cross-origin, missing-origin POSTs, DNS rebinding, and desktop mutation routes (15.721459ms)
  ✔ streams byte ranges, suffixes and HEAD; rejects invalid or multiple ranges (13.297708ms)
  ✔ downloads authenticated resources as attachments (4.049417ms)
  ✔ logout invalidates the cookie; desktop revocation invalidates all browsers (50.208625ms)
✔ Web authentication and streaming (630.050042ms)
▶ Session lifetimes and request limits
  ✔ expires idle and absolute sessions and limits attempts (0.149958ms)
  ✔ accepts only local peer ranges and handles byte-range edge cases (0.125125ms)
✔ Session lifetimes and request limits (0.320959ms)
▶ actress face scan cache
  ✔ reuses a result only while the avatar fingerprint is unchanged (0.428417ms)
  ✔ filters only cached no-face avatars and ignores missing or unscanned entries (0.665459ms)
  ✔ combines a minimal full-library manifest with current session results (0.10075ms)
✔ actress face scan cache (1.629125ms)
▶ actress face scan cache identity
  ✔ only changes when a current row has no reusable result (0.35975ms)
✔ actress face scan cache identity (0.667459ms)
▶ actress face detection outcome mapping
  ✔ maps the detector zero-face message to the no-face domain state (0.3215ms)
✔ actress face detection outcome mapping (0.629833ms)
▶ actress face scan queue
  ✔ reports total detection failure without confusing partial or empty results with failure (0.594042ms)
  ✔ reuses cached face statuses and does not invoke detection for them (0.820666ms)
  ✔ finishes the current target before honoring cancellation (0.101292ms)
  ✔ does not cache detector failures so a later run can retry them (0.068417ms)
✔ actress face scan queue (2.053416ms)
▶ actress face scan session
  ✔ notifies remounted consumers when an earlier scan finishes (0.499708ms)
✔ actress face scan session (0.96925ms)
▶ avatar auto-crop geometry
  ✔ rejects invalid boxes and clamps valid detector bounds (0.853833ms)
  ✔ merges overlapping tiled detections and preserves the strongest result (0.101625ms)
  ✔ requires an explicit choice when two faces have similar prominence (0.172958ms)
  ✔ accepts mid-confidence faces only when the presence floor is used (0.054667ms)
  ✔ maps ROI landmarks back to full-image normalized coordinates (0.059833ms)
  ✔ uses the hair component attached to the face for visible head bounds (1.4195ms)
✔ avatar auto-crop geometry (3.092667ms)
✔ requests CORS before loading a media avatar so its bitmap can cross the Worker boundary (0.458583ms)
✔ keeps only recent log previews after 100000 entries while counting omissions (24.243791ms)
✔ bounds oversized fields without splitting surrogate pairs or mutating prior state (0.124666ms)
▶ avatar composition preview cache
  ✔ persists and restores the complete normalized face analysis (0.684ms)
✔ avatar composition preview cache (1.024917ms)
▶ ActressAvatarEditor
  ✔ keeps rendering when the current avatar enters crop editing (60.4645ms)
  ✔ keeps rendering when a legacy avatar without its original enters crop editing (4.995416ms)
✔ ActressAvatarEditor (65.948458ms)
✔ pages associated covers without loading an actress detail or accumulating tiles (7.768208ms)
✔ does not replace a user-selected source tab when the first cover page arrives late (1.97825ms)
✔ pages photo sources with global labels and retries without fetching complete metadata (7.73825ms)
✔ keeps local selection when the user opens a file picker before photos arrive (1.234958ms)
▶ ActressDeleteModal confirmation model
  ✔ uses ordinary deletion only when the current impact has no video links (0.397209ms)
  ✔ requires the dedicated acknowledgement action and explains resource preservation (0.079292ms)
  ✔ does not let the dedicated high-risk action bypass the safe path (0.049875ms)
✔ ActressDeleteModal confirmation model (1.112292ms)
✔ bounds grid and preview windows, crosses both page edges and preserves one history entry (247.873416ms)
✔ retains the current photo on page failure, retries, and discards a response after close (34.64425ms)
✔ refreshes by stable ID after reorder and closes a removed preview without selecting its replacement (52.44675ms)
✔ deletes the last photo on a page and refreshes imported photos through the actual panel callbacks (35.995833ms)
▶ ActressProfileMeta scrape record
  ✔ hides scrape record for successful actresses and keeps attention states (1.036584ms)
  ✔ offers the manual success mark only for unscraped and failed records (0.074709ms)
✔ ActressProfileMeta scrape record (1.474334ms)
▶ Button
  ✔ loads its CSS Module and preserves native button semantics (3.029ms)
✔ Button (3.345834ms)
▶ ClassificationDeleteModal
  ✔ shows associated video and child impacts before confirming deletion (8.923334ms)
  ✔ allows a zero-impact deletion and keeps a failed confirmation open with refreshed impact (4.583375ms)
  ✔ does not report or re-preview a completed deletion when page cleanup fails (1.514833ms)
✔ ClassificationDeleteModal (15.61ms)
✔ loads only the video source and retains the chosen original across 60/60/5 and error retry (167.653625ms)
✔ clamps a shrunken last page and ignores a response after an entity switch (6.697791ms)
✔ does not close or refresh a new entity editor when an old save settles (4.593042ms)
✔ does not replace a chosen video cover with a late URL preview after switching sources (5.909625ms)
▶ classification picker
  ✔ keeps candidates hidden until the field is used (3.915541ms)
  ✔ shows candidates once the user types (1.321875ms)
  ✔ walks candidates with the arrow keys and commits with Enter (1.043583ms)
  ✔ shows candidates once the field is focused (0.261834ms)
  ✔ shows candidates on focus even when the field is empty (0.2395ms)
  ✔ does not commit a candidate with Enter until one is active (0.188625ms)
  ✔ closes candidates on Escape without letting the dialog see the key (0.236833ms)
  ✔ closes candidates when focus leaves the field (0.224667ms)
  ✔ keeps candidates open when the pointer is in the list (0.216833ms)
  ✔ closes candidates after picking one with the pointer (0.217834ms)
  ✔ hides the create hint when the typed name already exists (0.293625ms)
✔ classification picker (8.875375ms)
▶ video detail library context layout
  ✔ shares the compact detail header row with the back action (3.799666ms)
  ✔ keeps membership badges on one bounded line (1.424542ms)
✔ video detail library context layout (5.59425ms)
▶ DirectorScrapeChoiceModal
  ✔ requires an explicit candidate and submits its stable director id (5.218166ms)
✔ DirectorScrapeChoiceModal (5.677916ms)
▶ DisplayModeProvider
  ✔ loads and exposes the application-wide cover mode (24.249125ms)
✔ DisplayModeProvider (24.680209ms)
▶ form hint styles
  ✔ keeps entity-edit and settings field hints muted and caption-sized (4.045625ms)
  ✔ routes entity-edit helper copy through EditFormField instead of a bare hint class (1.340791ms)
✔ form hint styles (5.996791ms)
▶ image preview history marker
  ✔ preserves router state when adding a unique preview marker (0.822334ms)
  ✔ reads only valid image preview markers (0.131542ms)
✔ image preview history marker (1.308042ms)
✔ uses a 320 thumbnail for actress cards (163.215667ms)
✔ uses thumbnails for local video gallery tiles and original preview sources (113.85925ms)
✔ uses thumbnails for local actress gallery tiles and original preview sources (4.91ms)
▶ LegacyLibraryRedirect
  ✔ preserves the settings return context while replacing a legacy video URL (74.982542ms)
✔ LegacyLibraryRedirect (75.84725ms)
▶ MediaLibraryCreateModal
  ✔ validates in place and exposes a keyboard-submit four-step flow (191.565625ms)
  ✔ deduplicates selected roots, submits independent config, and returns root errors to their step (6.217792ms)
✔ MediaLibraryCreateModal (198.21875ms)
▶ MediaLibraryCreateModal control style
  ✔ keeps all workflow steps at one viewport-safe dialog height (3.716666ms)
  ✔ reserves a visible gutter for the left edge of the focus ring (1.123417ms)
✔ MediaLibraryCreateModal control style (5.4635ms)
▶ MediaLibraryNav name style
  ✔ keeps visible library names on one ellipsized line (3.010125ms)
  ✔ presents media libraries as one compact navigation surface (0.799459ms)
  ✔ keeps global navigation unlabeled in the visible sidebar (0.309208ms)
✔ MediaLibraryNav name style (4.503542ms)
✔ pages40 candidates and preserves selection and name plan across pages and search (638.209875ms)
✔ retries page failures without losing the selected merge plan (92.200459ms)
✔ ignores old page responses while a changed search is debouncing (421.461666ms)
✔ locks a captured merge against duplicate submission and retains plan on failure (161.795166ms)
✔ resets session on keep identity change and ignores old page and merge completion (157.97925ms)
✔ resets the name plan only when choosing a different merge candidate or clearing selection (89.171625ms)
▶ OrganizationDeleteModal
  ✔ previews and removes only the selected role (10.714541ms)
  ✔ blocks removing the final role and directs the user to full deletion (4.736708ms)
  ✔ shows both role counts and hierarchy impacts for a full deletion (1.387959ms)
✔ OrganizationDeleteModal (17.501542ms)
▶ OrganizationMergeModal interaction
  ✔ selects a cross-role source and submits the explicit source-to-target direction (140.578041ms)
  ✔ keeps the modal open and shows an actionable error when the merge is rejected (14.339125ms)
✔ OrganizationMergeModal interaction (155.406333ms)
▶ recent text input style contract
  ✔ uses the shared text-input treatment for every recent text-like input (2.6ms)
✔ recent text input style contract (2.91775ms)
▶ Switch
  ✔ loads its CSS Module and preserves native checkbox semantics (3.250917ms)
✔ Switch (3.639166ms)
✔ loads on open only, pages without full catalog reads and preserves cross-page selection (56.052416ms)
✔ debounces and resets search, rejecting stale page/search responses (273.325292ms)
✔ shows failure with explicit retry and enforces 100 selections while allowing removal (1.75775ms)
✔ unmounts candidates with the actual parent popover and ignores late responses on reopen (2.742541ms)
▶ VideoDeleteImpact
  ✔ shows every affected domain without a duplicate source-file section (2.11475ms)
  ✔ names the current library when previewing a membership removal (0.200417ms)
✔ VideoDeleteImpact (2.674042ms)
▶ video primary metadata classification navigation
  ✔ dispatches entity-backed organizations by stable id (0.91875ms)
  ✔ does not expose a name-only organization route (0.18825ms)
  ✔ uses only the stable director id (0.139875ms)
  ✔ uses only the stable series id (0.081667ms)
✔ video primary metadata classification navigation (1.756875ms)
▶ video detail resource actions
  ✔ shows copy and external-open actions instead of play for link resources (4.251292ms)
  ✔ keeps the play action for local resources (0.471542ms)
  ✔ shows actual link kind, STRM hosting, masked target, and source path together (1.345958ms)
  ✔ exposes the cross-library move command for both links and root-managed resources (2.401833ms)
✔ video detail resource actions (8.901625ms)
▶ VideoLibraryMembershipBadges
  ✔ puts the active resource scope first and names the other memberships accessibly (3.657833ms)
  ✔ bounds the visible badges and exposes hidden library names in the overflow title (0.389417ms)
✔ VideoLibraryMembershipBadges (4.394541ms)
▶ VideoResourceImportModal
  ✔ keeps a STRM target read-only while allowing metadata edits and HTTP checks (139.682375ms)
✔ VideoResourceImportModal (140.00325ms)
✔ loads only on open, renders at most one page, and selects an existing tag by ID (13.018792ms)
✔ debounces search, resets the page, and discards earlier search responses (547.830709ms)
✔ shows errors with retry and discards closed-modal results before reopening (2.04525ms)
✔ creates from the full draft and prevents an old write completion from closing another video modal (2.030125ms)
✔ refreshes stale candidates after a failed selection without retrying the write (1.832834ms)
✔ does not inherit an open picker or issue a hidden request when switching videos (1.954875ms)
▶ actress virtual grid layout
  ✔ derives responsive columns without shrinking cards below their minimum width (0.696208ms)
  ✔ places load state on a dedicated row after an incomplete item row (0.568584ms)
✔ actress virtual grid layout (1.652459ms)
▶ AgentMetadataActivityFeed
  ✔ keeps live model thinking open and shows semantic actions (4.783625ms)
  ✔ collapses completed thinking into an expandable preview (1.344667ms)
  ✔ moves a finished live thought back into collapsed history (1.100792ms)
  ✔ caps the thinking box height and still shows the full streamed text (4.006583ms)
✔ AgentMetadataActivityFeed (11.807625ms)
▶ Agent metadata collector intro
  ✔ explains how this flow differs from regular matching (0.503542ms)
  ✔ keeps the setup steps compact and muted (3.065666ms)
✔ Agent metadata collector intro (3.967792ms)
▶ alias editor state
  ✔ promotes an alias to main name and keeps the previous main as an alias (0.799417ms)
  ✔ does not duplicate the previous main name when it is already an alias (0.057125ms)
✔ alias editor state (1.313958ms)
▶ classification image interaction state
  ✔ distinguishes formal images from dynamic fallback images (0.76925ms)
  ✔ builds explicit file, URL, and video-cover commands (0.078792ms)
✔ classification image interaction state (1.184791ms)
▶ classification merge interaction state
  ✔ keeps the selected source identity when refreshed candidates reorder (0.879ms)
  ✔ keeps a selected source through a narrower search and rejects invalid commands (0.057833ms)
✔ classification merge interaction state (1.297875ms)
▶ classification picker state
  ✔ stays closed until the user asks for candidates (0.847125ms)
  ✔ hides candidates when the result set is empty (0.061708ms)
  ✔ opens on arrow navigation and wraps around the candidate list (0.054083ms)
  ✔ never navigates into an empty candidate list (0.037333ms)
  ✔ drops the active candidate when typing or when the result set shrinks (0.040166ms)
  ✔ closes on dismiss (0.034042ms)
  ✔ hides the create hint when the query already names an existing option (0.039917ms)
✔ classification picker state (1.536667ms)
▶ director form state
  ✔ defaults to preserving a changed main name and converts profile fields (0.941667ms)
✔ director form state (1.407958ms)
▶ director picker state
  ✔ keeps typed same-name input as an explicit inline-create request (0.767583ms)
  ✔ shows stable candidate differences rather than silently choosing by name (0.083792ms)
✔ director picker state (1.192458ms)
▶ image preview swipe gesture
  ✔ switches to the previous image when dragging right past the threshold (0.347ms)
  ✔ switches to the next image when dragging left past the threshold (0.062458ms)
  ✔ ignores clicks, short drags, and vertical drags (0.055708ms)
  ✔ distinguishes a drag from a click even when movement is vertical (0.056416ms)
✔ image preview swipe gesture (0.996875ms)
▶ mediaLibraryIdentityStyle
  ✔ maps every domain color to one semantic CSS custom property (0.9885ms)
  ✔ keeps the established palette mapping stable (0.070959ms)
✔ mediaLibraryIdentityStyle (1.428667ms)
▶ organization form state
  ✔ defaults to preserving the previous main name while retaining ordered aliases and links (1.808542ms)
  ✔ moves links without mutating the current form state (0.090834ms)
  ✔ retains a selected parent while search results change (0.091291ms)
✔ organization form state (2.535625ms)
▶ organization merge presentation
  ✔ shows cross-role candidate statistics without collapsing the two roles (0.338666ms)
  ✔ reports each transferred relation after a successful merge (0.066375ms)
✔ organization merge presentation (0.762292ms)
▶ organization picker state
  ✔ resolves main names and aliases to stable ids (1.511708ms)
  ✔ uses unmatched text as an explicit inline create request (0.058417ms)
  ✔ uses an empty value to remove the organization relation (0.050709ms)
  ✔ describes candidates by stable id, roles, and aliases (0.058708ms)
✔ organization picker state (2.13325ms)
▶ PlaylistImportProvider workspace
  ✔ uses the Agent scrape two-pane workspace with live activity and result preview (1.533458ms)
  ✔ offers one confirmed termination action in running and waiting-user footers (0.485333ms)
  ✔ closes the import workspace after the host confirms task termination (0.333833ms)
  ✔ closes only through the actions rendered inside the import dialog (0.30025ms)
  ✔ closes the import dialog before navigating to the imported playlist (0.348667ms)
  ✔ offers frozen write options with source-playlist linking disabled by default (0.44975ms)
  ✔ selects the active default media library when opening the importer (0.187834ms)
  ✔ explains the Agent name and host-date fallback for an empty new-playlist name (0.148042ms)
  ✔ invalidates global video projections and discards stale identity choices (0.282125ms)
  ✔ broadcasts completion so recovered imports refresh mounted playlist surfaces (1.056041ms)
  ✔ renders the complete release summary instead of only aggregate reuse counts (0.150917ms)
  ✔ keeps preview rows dense and long text truncation stable (4.096ms)
  ✔ shows enough candidate identity evidence and opens links through the app shell (0.360125ms)
✔ PlaylistImportProvider workspace (10.470375ms)
▶ PluginDevConfigRail ready actions
  ✔ makes Install primary and disables empty continuation until feedback is entered (6.407333ms)
✔ PluginDevConfigRail ready actions (6.715708ms)
▶ PluginDevConversation history controls
  ✔ presents a ready settlement as normal state and requires feedback to continue (5.058542ms)
  ✔ renders model reasoning as a quiet collapsed diagnostic block (7.784625ms)
  ✔ keeps live reasoning open and marks the answer as streaming (3.142334ms)
  ✔ renders agent answers as markdown (4.139959ms)
  ✔ renders compact context metrics with the cache-hit ratio (0.825667ms)
  ✔ exposes an explicit clear-session action for a restored historical run (0.600875ms)
  ✔ keeps typed choice, browser challenge and freeform requests as distinct controls (2.094583ms)
✔ PluginDevConversation history controls (24.112ms)
✔ pages40/40/21, resolves full names and retains selected long identities when returning (270.65375ms)
✔ retries page failures and isolates a stale page during raw search debounce (390.666542ms)
✔ ignores choice completion after search or close and suppresses same-tick duplicate clicks (387.168125ms)
✔ reports missing or unrepresentable names without adding incorrect targets (78.570292ms)
✔ enforces existing eight-target limit and preserves video query behavior after kind switch (59.209666ms)
✔ recognizes existing long targets on a fresh mount without confusing a common preview prefix (67.190375ms)
✔ ignores a held actress choice after switching to video (71.9565ms)
✔ bounds long-label reconciliation concurrency and stops scheduling after kind switch (35.004583ms)
✔ retries failed long-label selection reconciliation (42.138167ms)
✔ guides a configured model user to the missing website, then enables development (284.865292ms)
✔ keeps the actual model readiness reason when a named model cannot run (4.124458ms)
▶ PluginDevResultPanel manifest coverage
  ✔ separates actionable field ids from runtime-only information (4.27675ms)
  ✔ renders each exact-match candidate when the plugin returns an array (0.758334ms)
  ✔ labels a targeted execution as a local diagnostic even when the saved full run is ready (0.409375ms)
  ✔ explains null and empty array plugin returns instead of hiding the section (0.282875ms)
✔ PluginDevResultPanel manifest coverage (6.135916ms)
▶ plugin dev Agent UI state
  ✔ requires feedback before continuing a mechanically ready Agent (0.627292ms)
  ✔ presents a normal Agent settlement without an error toast (0.570458ms)
  ✔ coalesces streaming reasoning and answer into their final model-turn items (0.13525ms)
  ✔ enables the existing Install button only for a current mechanical acceptance (0.045583ms)
  ✔ allows clearing restored history only when its Agent is not running or busy (0.041875ms)
  ✔ auto-applies only unfinished history and leaves terminal editor state untouched (0.043542ms)
  ✔ keeps non-debuggable built-ins out of the plugin-development selector (3.997084ms)
  ✔ does not treat a loaded built-in fork as the already-selected new-plugin option (0.114ms)
  ✔ rejects session B events while continuing session A (0.08575ms)
  ✔ binds an unbound start once and rejects later events from another session (0.082917ms)
  ✔ invalidates a snapshot after any newer live mutation (0.08ms)
  ✔ releases restored busy state on settle but keeps a local API dispatch busy (0.070125ms)
  ✔ projects live workspace drafts from package_updated, not terminal done (0.057ms)
  ✔ blocks ordinary messages until the exact pending approval is decided (0.07975ms)
  ✔ does not dispatch a stale approval after the request disappeared (0.068125ms)
✔ plugin dev Agent UI state (6.717875ms)
▶ series form state
  ✔ defaults a rename to retaining the previous main name (0.407334ms)
  ✔ trims text and converts optional numeric selections (0.584417ms)
✔ series form state (1.454458ms)
▶ series picker state
  ✔ keeps typed creation separate from selecting an existing stable identity (1.14ms)
  ✔ always distinguishes same-name candidates by stable id and owner scope (0.107458ms)
✔ series picker state (1.596125ms)
✔ shows bounded log preview with explicit omission notice and full task counters (16.074917ms)
✔ applies supported fields, preserves other mappings, allows overrides and only persists on save (12.505708ms)
✔ rejects unavailable saved sources and keeps missing references visible for repair (0.929084ms)
✔ excludes nested and other-kind plugins and prevents applying unconfigured sources (0.658333ms)
✔ uses video field capabilities for bulk assignment (0.900542ms)
✔ uses server totals/offset, 100/100/5 rows, browser locale and current-page presence (40.968458ms)
✔ hides rows during loading/error and waits for refreshed header before retrying current props (4.440791ms)
✔ isolates old retry resolve across library A → B → A (2.142083ms)
✔ isolates old retry reject across library A → B → A (1.591667ms)
✔ debounces 200ms, hides rows immediately, and rejects search ABA and library ABA responses (625.505875ms)
✔ cancels a search timer on library change and unmount; filters reset offset and use the server (529.229375ms)
✔ resolves unrecognized once through header refresh and refetches the current page (5.581417ms)
✔ renders missing-body notice alongside cached rows and never calls it a filtered empty page (3.350875ms)
✔ anchors all → failed by path, honors returned page and safely focuses exact DOM anchor (15.110625ms)
✔ anchors all → failed by group, honors returned page and safely focuses exact DOM anchor (12.957959ms)
✔ waits for delayed header props after refresh promise resolves (run) (33.856792ms)
✔ waits for delayed header props after refresh promise resolves (next) (34.759709ms)
✔ shows refresh errors with retry and allows a new library to proceed (2.607875ms)
✔ held anchor response respects user focus: origin (24.024375ms)
✔ held anchor response respects user focus: body (23.361917ms)
✔ held anchor response respects user focus: documentElement (28.380375ms)
✔ held anchor response respects user focus: input (45.228667ms)
✔ held anchor response respects user focus: toolbar (45.688375ms)
✔ keeps the actual anchored page when resolving its target, clears anchor and accepts server clamp (3.177375ms)
✔ late resolution from an old row cannot reset the user’s newer page (3.270209ms)
✔ late resolution from library A cannot replace B or a new A page state (7.3005ms)
▶ LibraryScanAuditPanel
  ✔ defaults to the attention tab even when the latest scan has no issues (261.708875ms)
  ✔ keeps cached unrecognized files visible with their root-scoped resolution controls (4.952541ms)
  ✔ does not describe current scan failures as resolved (2.366334ms)
  ✔ offers a processing jump for cached unrecognized rows in the all-files tab (4.151667ms)
  ✔ shows an NFO identity conflict as a secondary scan disposition and opens the pending center (3.2375ms)
  ✔ routes a current NFO candidate to its scrape pending item (3.214667ms)
  ✔ shows historical NFO pending dispositions as resolved when their current rows are gone (2.600292ms)
  ✔ keeps the attention badge equal to the visible list when only an NFO warning exists (1.643958ms)
✔ LibraryScanAuditPanel (284.522875ms)
✔ limits a large failed audit to100 visible rows and queries only their pending IDs (23.478083ms)
✔ routes all three kinds from one mixed pending presence response (1.936875ms)
✔ keeps a stable audit anchor when a historical group is no longer pending (0.981208ms)
▶ MetaTube plugin settings
  ✔ shows pending status and blocks setting an unconfigured plugin as default (4.090584ms)
  ✔ keeps a blank token and supports explicit token clearing (4.23475ms)
  ✔ requires confirmation before saving a token over remote HTTP (3.042125ms)
  ✔ tests the current draft without changing the token mode (5.512625ms)
✔ MetaTube plugin settings (17.371334ms)
▶ Model management v2 panels
  ✔ keeps workload edits local until the explicit save action (10.499417ms)
  ✔ shows configured providers first and keeps unconfigured built-ins collapsed (0.912375ms)
  ✔ limits the default advanced view to models referenced by workloads (7.429042ms)
✔ Model management v2 panels (19.331042ms)
✔ saves proxy address and mode only on explicit commit; testing stays independent (287.371709ms)
▶ NFO export foreground modal
  ✔ vetoes full-page unload while the foreground modal is active (266.653625ms)
  ✔ is an aria-modal task surface with an explicit terminate action and no dismiss action (7.59725ms)
  ✔ keeps the terminal report open until the user confirms it (1.336791ms)
  ✔ renders a returned plan and enters blocking state before foreground execution (12.637917ms)
  ✔ discards a plan that returns after the storage panel has unmounted (2.09ms)
  ✔ terminates an export whose start result returns after unmount (1.890375ms)
✔ NFO export foreground modal (292.793709ms)
▶ NFO export preview details
  ✔ counts only new and replaced artwork in the writing breakdown (0.702041ms)
  ✔ distinguishes stopped, partial and empty reports and exposes stop errors in the dialog (1.285417ms)
  ✔ mounts only the opened page of a large warning list and keeps every warning reachable (4.147125ms)
✔ NFO export preview details (6.239ms)
▶ SettingsPrimitives
  ✔ retains an invalid value with an accessible error instead of silently clamping it (5.172583ms)
  ✔ keeps a multi-digit number local until the edit is committed (1.231084ms)
  ✔ supports keyboard activation of increment and does not treat empty input as zero (0.585833ms)
  ✔ renders a semantic card without losing its accessible name (0.258791ms)
  ✔ exposes status as data rather than a behavior-bearing class name (0.21775ms)
✔ SettingsPrimitives (8.130625ms)
✔ renames with no manual code or target and refreshes the pending row after failed recognition (160.348083ms)
✔ retries a failed service with saved configuration, and prevents submitting unsaved drafts via retry (3417.62325ms)
▶ library scan audit row layout
  ✔ uses compact rows only when the skipped tab also uses compact virtual slots (0.335125ms)
  ✔ keeps the variable-height attention list out of fixed-size virtualization (0.060125ms)
  ✔ keeps CSS row geometry aligned with virtual item sizes (1.559916ms)
✔ library scan audit row layout (2.409125ms)
▶ video resource card badges
  ✔ keeps primary-first order, deduplicates kinds, and limits visible labels to two (0.849292ms)
  ✔ returns no card decoration when a video has no resources (0.0685ms)
  ✔ shares full resource labels across detail and filter surfaces (0.064416ms)
✔ video resource card badges (1.379292ms)
▶ video resource import form
  ✔ shares auto detection, normalization, and size conversion across entry points (1.274792ms)
  ✔ auto-detects Magnet and keeps its protocol-derived default name (0.20725ms)
  ✔ treats blank matching input as absent without invoking strict code validation (0.061208ms)
✔ video resource import form (2.082916ms)
▶ video resource import layout
  ✔ gives the size value the fluid column and keeps its unit compact (9.501708ms)
✔ video resource import layout (9.895709ms)
▶ shared workbench primitives
  ✔ composes feature classes without replacing the neutral structure (1.54225ms)
  ✔ connects tabs to their panels with a single keyboard tab stop (0.41175ms)
✔ shared workbench primitives (2.611375ms)
✔ counts avatars through the scalar API without loading targets and propagates failures (38.400666ms)
✔ consumes pages on demand and stops safely across page failure, cancellation and unmount (61.093417ms)
✔ serializes startup before target loading and releases ownership on empty, failed or unmounted startup (51.252667ms)
▶ isBatchScrapeActive
  ✔ treats only running and paused batches as active (0.318375ms)
✔ isBatchScrapeActive (0.630958ms)
▶ poster grid row height
  ✔ reserves the complete membership strip without changing ordinary library rows (0.681083ms)
✔ poster grid row height (1.205875ms)
▶ facet route contracts
  ✔ only permits each entity detail under its matching facet (0.3415ms)
✔ facet route contracts (0.705166ms)
▶ global search shortcut
  ✔ accepts Cmd/Ctrl+K and rejects unrelated key combinations (0.321625ms)
  ✔ focuses and selects the Home input after two render frames (0.554833ms)
✔ global search shortcut (1.224375ms)
▶ useLatestAsyncLabel
  ✔ ignores an older request that finishes after the latest request (5.283084ms)
✔ useLatestAsyncLabel (5.907625ms)
✔ does not load hidden scan history, including manual refresh and invalidation, and releases completed data (58.611792ms)
✔ discards pending results after leaving and re-entering or switching libraries (37.049ms)
✔ exposes history load errors and retries without treating failure as an empty history (24.780958ms)
✔ advances page refresh revision even when the returned header is unchanged (24.964416ms)
✔ retries a failed page through the real header controller without issuing the old run again (224.528875ms)
▶ media-library scan event scope
  ✔ accepts only the current library and, once known, the current run (0.311959ms)
✔ media-library scan event scope (0.619375ms)
✔ sends no empty lookup, deduplicates IDs and rejects a stale page response (14.531292ms)
✔ distinguishes a failed lookup from processed items and retries the same page (2.016125ms)
✔ does not reuse old ready state when a page is revisited before another lookup finishes (1.810375ms)
✔ does not fetch empty/inactive selections and resolves only unique selected IDs (6.909042ms)
✔ ignores responses for previous filters and refreshes on returning from detail (1.06425ms)
✔ does not loop on a rejected lookup and discards in-flight results after deactivation (0.819125ms)
▶ isLibraryListSurfacePath
  ✔ matches list roots only (0.995167ms)
  ✔ does not match detail or stack routes (0.305084ms)
✔ isLibraryListSurfacePath (1.793333ms)
▶ shouldRefetchLibraryOnRouteChange
  ✔ refetches when entering a list root from outside (0.111917ms)
  ✔ does not refetch when opening detail stacks or hopping between list roots (0.076291ms)
✔ shouldRefetchLibraryOnRouteChange (0.260292ms)
▶ global search URL state
  ✔ normalizes positive media-library ids in stable order (0.834ms)
  ✔ canonicalizes owned state without stripping detail-only lib (0.251916ms)
  ✔ builds an explicit, paged cross-library search input and identity (0.229833ms)
✔ global search URL state (1.68225ms)
▶ library resource filter URL contract
  ✔ parses valid unique values in canonical order and ignores invalid values (0.850333ms)
  ✔ omits the default all-resources state and canonicalizes copied URLs (0.223916ms)
  ✔ removes a resource parameter containing only invalid values (0.063ms)
  ✔ includes applied resource filters in the query and scroll-memory hash (0.114334ms)
  ✔ keeps pending scrape as an independent canonical filter dimension (0.0685ms)
  ✔ resolves omitted sort state from each media library configuration (0.151292ms)
✔ library resource filter URL contract (1.87375ms)
▶ multi-library route builders and parsers
  ✔ round-trips the home video detail stack (1.254458ms)
  ✔ round-trips the global-search video detail stack (0.229ms)
  ✔ round-trips media-library list, detail, nested actress and settings routes (0.975959ms)
  ✔ rejects malformed, non-positive, fractional and unsafe route ids (0.327ms)
  ✔ accepts digit-only positive ids and builders emit their canonical form (0.068458ms)
✔ multi-library route builders and parsers (3.423333ms)
▶ detail-only active-library query contract
  ✔ parses only positive safe-integer library ids (0.099042ms)
  ✔ canonicalizes the first lib value without changing other list query state (0.123417ms)
  ✔ sets, replaces and strips the detail-only library parameter immutably (0.097291ms)
  ✔ derives a single detail context and gives a library path precedence over lib (0.169333ms)
  ✔ keeps lib only where the route needs query-owned detail scope (0.164834ms)
  ✔ respects a valid legacy lib hint and falls back when that membership is unavailable (0.199ms)
✔ detail-only active-library query contract (0.957958ms)
▶ recent media-library memory
  ✔ stores only positive safe library ids and ignores malformed persisted state (0.383ms)
✔ recent media-library memory (0.689125ms)
▶ route builders and parsers
  ✔ round-trips library detail stacks (1.306666ms)
  ✔ round-trips actress detail stacks (0.169ms)
  ✔ round-trips playlist and classification entity detail stacks (0.312416ms)
  ✔ rejects malformed detail ids (0.149125ms)
  ✔ builds pending-center locations without page-level query concatenation (0.761583ms)
✔ route builders and parsers (3.159958ms)
▶ classification list query contract
  ✔ accepts only video count and update time sorting with video count descending by default (0.143708ms)
  ✔ includes organization search and sorting in the shareable query identity (0.163917ms)
  ✔ keeps series release sorting separate from classification-list sorting (0.130292ms)
✔ classification list query contract (0.595ms)
▶ actress avatar filter query contract
  ✔ normalizes avatar filter values and omits the all default (0.130125ms)
  ✔ returns to the actress list without losing its query state (0.172292ms)
  ✔ keeps avatar filters distinct in the actress query hash (0.174ms)
✔ actress avatar filter query contract (0.579667ms)
▶ actress status filter query contract
  ✔ parses the canonical status values and treats anything else as all (0.115791ms)
  ✔ omits the param for all and writes the canonical value otherwise (0.104583ms)
  ✔ includes status in the list query identity and ignores invalid values (0.06975ms)
  ✔ keeps search, gender and sort identity while only the status changes (0.076167ms)
  ✔ round-trips the status query through actress detail and back (0.164584ms)
  ✔ remembers the actress status filter across primary navigation (0.449958ms)
✔ actress status filter query contract (1.083208ms)
▶ primary navigation memory
  ✔ restores query state per list and removes unrelated nested query keys (0.500292ms)
  ✔ persists search only when leaving a list root (0.146917ms)
  ✔ forgets a root so cross-nav no longer restores it (0.096333ms)
  ✔ resolves same-section vs cross-section sidebar targets (0.456125ms)
  ✔ builds nav link href from current search when active (0.307083ms)
✔ primary navigation memory (1.6325ms)
▶ navigation helpers
  ✔ removes playlist-detail resource filters when returning to the playlist list (0.236416ms)
  ✔ keeps home, search and media-library detail stacks scoped and reversible (1.283041ms)
  ✔ closes nested actress details back to their parent video context (0.702ms)
  ✔ keeps stable series identity and release direction through its detail stack (0.21675ms)
  ✔ keeps director identity and query state through its stable detail stack (0.213458ms)
  ✔ opens an organization by stable id while preserving its role-list query (0.14975ms)
  ✔ keeps classification query only inside the same classification stack (0.148542ms)
  ✔ keeps video and actress navigation inside the stable organization stack (0.37175ms)
  ✔ keeps video and actress navigation inside the pending workbench stack (0.224917ms)
  ✔ opens actress detail from the pending inbox and returns to it (0.125458ms)
✔ navigation helpers (3.903875ms)
▶ settings route contract
  ✔ builds canonical settings paths and resolves valid sections (0.171291ms)
✔ settings route contract (0.193167ms)
▶ media-library settings state
  ✔ builds a trimmed create command, deduplicates roots and still allows an empty library (0.981125ms)
  ✔ builds minimal identity and section-scoped config patches (0.657542ms)
  ✔ normalizes an empty scraper and validates numeric scan boundaries (0.087125ms)
  ✔ gates destructive lifecycle commands (0.089542ms)
  ✔ allows cleanup-only scans but rejects a library with no work (0.147417ms)
  ✔ routes every root-owned record through cleanup before direct deletion (0.107708ms)
  ✔ reports partial root additions explicitly (0.080209ms)
  ✔ shows a terminal query error even before form drafts exist (0.08175ms)
✔ media-library settings state (2.846291ms)
✔ loads metadata once while paging 60/60/5 works and preserving the full count (455.543958ms)
✔ retries page errors, clamps a removed last page, and rejects late actor results (9.437375ms)
✔ does not invalidate the new actor metadata when the old editor save settles late (9.594083ms)
✔ retains an open merge plan and its full count while the visible works refresh (9.50425ms)
✔ does not reuse the prior actor page when an intervening actor request is still pending (4.04925ms)
▶ series real list page
  ✔ renders 60/60/5 with server total and bounded page cache (1244.700083ms)
  ✔ clears old cards while loading and supports failed-page retry (37.059833ms)
  ✔ clamps a shrinking total to its last page, including zero (59.514375ms)
  ✔ resets search/sort to page one and rejects late search data (830.918625ms)
  ✔ invalidates uncommitted input across A → B → A history navigation (317.711ms)
  ✔ invalidates pending input when opening detail without changing search (618.224209ms)
  ✔ retains page, active observer and scroll through nested detail and return (10.300625ms)
✔ series real list page (3192.861334ms)
▶ maker real list page
  ✔ renders 60/60/5 with server total and bounded page cache (1268.898042ms)
  ✔ clears old cards while loading and supports failed-page retry (36.6535ms)
  ✔ clamps a shrinking total to its last page, including zero (52.855666ms)
  ✔ resets search/sort to page one and rejects late search data (841.254ms)
  ✔ invalidates uncommitted input across A → B → A history navigation (332.506166ms)
  ✔ invalidates pending input when opening detail without changing search (620.30875ms)
  ✔ retains page, active observer and scroll through nested detail and return (19.760375ms)
✔ maker real list page (3172.938334ms)
▶ director real list page
  ✔ renders 60/60/5 with server total and bounded page cache (1281.160875ms)
  ✔ clears old cards while loading and supports failed-page retry (37.336708ms)
  ✔ clamps a shrinking total to its last page, including zero (50.809334ms)
  ✔ resets search/sort to page one and rejects late search data (840.214917ms)
  ✔ invalidates uncommitted input across A → B → A history navigation (321.420209ms)
  ✔ invalidates pending input when opening detail without changing search (618.690708ms)
  ✔ retains page, active observer and scroll through nested detail and return (19.675416ms)
✔ director real list page (3169.780875ms)
✔ organization role change discards old filters and pending search (328.767958ms)
✔ normalizes URL offsets safely and keys distinct pages (14.054083ms)
▶ video detail section order
  ✔ renders a titled related-links section after video resources (0.387042ms)
✔ video detail section order (0.704917ms)
▶ HomePage
  ✔ searches in place while typing and restores discovery when cleared (862.664458ms)
  ✔ keeps discovery stable through refreshes and remounts until replaced (14.270958ms)
✔ HomePage (877.563041ms)
▶ HomePage search layout
  ✔ reserves shared toolbar-search padding for the icon and keyboard shortcut (2.302125ms)
  ✔ centers the search icon inside the shared input control (0.398417ms)
  ✔ keeps the keyboard shortcut on the same vertical center line (0.9105ms)
✔ HomePage search layout (4.074791ms)
✔ uses the shared switch for home discovery and keeps changes in the settings draft (236.237667ms)
▶ MediaLibrarySettingsPage layout
  ✔ uses the application settings width token and stays left aligned (3.806125ms)
  ✔ keeps compact library context above the old-style import workspace (9.98725ms)
✔ MediaLibrarySettingsPage layout (14.397334ms)
▶ ScanSettingsTab
  ✔ builds domain-correct deep links for scan identities and scrape candidates (232.352542ms)
  ✔ renders automatic local NFO import enabled by default and persists a switch change immediately (8.231375ms)
✔ ScanSettingsTab (240.99625ms)
✔ distinguishes scan history loading, failure with retry and an empty result (4.676458ms)
✔ feeds summary-only history into the paged panel and refreshes pages when the header revision advances (42.640625ms)
✔ locates a deep actor group and loads only its detail before paging (375.811084ms)
✔ keeps page and detail failures distinct and retries without a full list (188.651583ms)
✔ ignores a late old detail after selecting another group (154.796458ms)
✔ preserves an explicit decision across a category switch and detail overlay (225.660166ms)
✔ applies an ownership decision then clamps a deleted last page (159.61325ms)
✔ does not let a completed old mutation reset a newer group decision (271.835917ms)
✔ keeps actor paging in the all-domain view even when a scan item comes first (131.037625ms)
✔ asks the server about names outside the current page before editing (375.139833ms)
✔ keeps a stale resolution on the same group and requires a renewed decision (160.37ms)
✔ isolates an old completion after navigating A to B and back to A (341.7195ms)
✔ stays on the deep-linked page after its selected group is resolved (155.040792ms)
✔ does not close a new discard dialog when an old A-B-A discard fails (275.951584ms)
✔ pages owner candidates and preserves a selected actor outside the current page (214.815541ms)
✔ retries picker failures and invalidates old page replies immediately while search debounces (467.223459ms)
✔ ignores an old actor choice after closing and reopening the same picker (189.404041ms)
✔ keeps the newest actor choice when earlier detail reads finish later (165.927125ms)
✔ keeps a direct group-owner decision after an older external-owner detail returns (198.754791ms)
✔ invalidates a pending external-owner choice when a decision is submitted (248.407ms)
✔ ignores a picker choice after navigating group A-B-A (254.763583ms)
✔ locates a deep-linked pending item, pages with a bounded cache and ignores a late detail (320.701583ms)
✔ shows an explicit page error and retries without fetching the full inbox (70.100583ms)
✔ recovers the last page after deletion and selects the surviving first item (88.418833ms)
✔ does not block a different queue when scrape count fails or reuse its disabled page total (87.758334ms)
✔ ignores an old page that resolves after navigation to a newer page (101.152833ms)
▶ PendingCenterPage scrape resolution
  ✔ carries an explicit director through merge-and-apply without stacking prompts (232.853917ms)
  ✔ previews either persisted identity and submits only after explicit confirmation (39.930375ms)
  ✔ shows the library filter only for scan decisions (28.958917ms)
  ✔ clears the library filter from the scoped empty state and keeps the scan tab selected (21.891583ms)
✔ PendingCenterPage scrape resolution (324.277416ms)
✔ locates scan anchors, reads only selected details and ignores late details after paging (380.349208ms)
✔ reports page errors and missing selected records without treating them as an empty queue (108.05575ms)
✔ clamps the deleted last page and does not show an old library page (180.528459ms)
✔ uses only count on another category and count failure does not block that category (44.2295ms)
✔ does not block scrape on a library listing failure (46.707208ms)
✔ resolves identity deep links to the scoped identity pane without group detail reads (45.857958ms)
✔ retries rejected selected detail without reloading full queues (132.587875ms)
✔ loads actor details only in its category and keeps inactive summary counts current (178.248458ms)
✔ shows unknown actor count without blocking scan when summary fails (47.397042ms)
✔ ignores an old playlist response arriving after navigation (222.128625ms)
✔ requests a bounded thumbnail for a playlist card (3.667041ms)
✔ does not refresh an old playlist when its removal finishes after navigation (5.939958ms)
✔ returns to the previous page when deleting the only item on the last page (5.6575ms)
✔ keeps the existing grid mounted during refresh after closing a nested video (2.708542ms)
✔ keeps the latest sort response when requests for the same playlist finish out of order (3.111583ms)
✔ reuses metadata while paging but refreshes it after a playlist mutation (3.900708ms)
✔ does not reuse stale metadata when filtering interrupts a forced refresh (3.1215ms)
✔ shows not found when a refreshed metadata read reports a deleted playlist (1.3895ms)
✔ refreshes the fallback cover with the new sort instead of reusing the old metadata (2.769ms)
▶ PlaylistDetailPage resource filter feedback
  ✔ keeps the compact toolbar count without rendering an applied-filter bar (0.3885ms)
  ✔ uses an import action icon instead of a download icon (0.057417ms)
✔ PlaylistDetailPage resource filter feedback (0.808ms)
▶ actress conflict review state
  ✔ keeps every action tied to its explicit user-visible scope (0.903875ms)
  ✔ expands changed impacts and keeps unchanged impacts collapsed initially (0.071ms)
  ✔ uses the candidate-owned impact plan only when that candidate is the proposed owner (0.062542ms)
  ✔ sections groups by task state and sorts each section by display name (3.9655ms)
  ✔ selects the first source for viewing without preselecting a proposed owner (0.098667ms)
  ✔ explains empty, unchanged, moved, and conflict-free name edits (0.40975ms)
  ✔ builds the exact owner, pending, and actress versions shown to the user (0.068708ms)
  ✔ requires a replacement only when assigning away a current main name (0.057958ms)
  ✔ enables illegal-name confirmation only after every required replacement is valid (0.055166ms)
  ✔ requires an explicit partner, keeper, and final main name for conflict merges (0.159875ms)
  ✔ allows a pending-name-ownership pair to be merged (0.038875ms)
  ✔ keeps the current group or selects its next neighbor after refresh (0.132667ms)
✔ actress conflict review state (6.495625ms)
▶ conflictReviewRemote
  ✔ resolves ownership/merge/illegal and surfaces stale refresh (0.517916ms)
  ✔ discards a candidate and refreshes the queue (0.101917ms)
  ✔ validates replacement main names (0.168959ms)
  ✔ ignores an older live name inspection after a newer request wins (3.053541ms)
  ✔ invalidates an in-flight inspection cleanup (0.10075ms)
✔ conflictReviewRemote (4.357333ms)
▶ conflictReviewSession
  ✔ resets decision draft when switching groups (0.440042ms)
  ✔ opens ownership replacement dialog when claimants need new main names (4.776ms)
  ✔ applies refresh focus and stale message (0.142833ms)
  ✔ syncSelectedGroup initializes selection for the first available group (0.046625ms)
✔ conflictReviewSession (5.792709ms)
▶ conflict review latest request gate
  ✔ accepts only the newest async validation result (0.32025ms)
  ✔ invalidates an in-flight result when the workflow closes (0.047708ms)
  ✔ does not let stale cleanup invalidate the current request (0.038291ms)
✔ conflict review latest request gate (0.751625ms)
▶ media-library list surface state
  ✔ keeps archived libraries out of the writable catalog surface (0.304542ms)
✔ media-library list surface state (0.610333ms)
▶ pending center resolution state
  ✔ requires every scan resource to have an explicit valid target (0.382167ms)
  ✔ serializes scan targets only at the select-control boundary (0.522333ms)
  ✔ starts scrape candidates unselected and rejects stale candidate ids (0.069042ms)
  ✔ shows the same deterministic default primary ordering as persisted resolution (0.1635ms)
  ✔ labels scan decisions with their owning media library (0.085041ms)
  ✔ shows resource identity conflicts in the scan queue without exposing a local path (0.050875ms)
✔ pending center resolution state (1.66625ms)
▶ matchesPlaylistResourceFilter
  ✔ uses OR semantics and treats none as global zero resources (0.325875ms)
✔ matchesPlaylistResourceFilter (0.63125ms)
▶ useConflictReviewController
  ✔ wires queue selection and resets dialog draft when switching groups (40.65975ms)
  ✔ routes resolve through the nested view-model commands (13.810834ms)
✔ useConflictReviewController (54.894459ms)
✔ preserves an explicit ownership decision while detail reads are disabled and reenabled (150.174708ms)
▶ video business identity conflict presentation
  ✔ recognizes domain and database-boundary conflict messages (0.442917ms)
✔ video business identity conflict presentation (0.749458ms)
▶ video detail scraper selection
  ✔ prefers the active media-library default over the global default (0.318834ms)
  ✔ does not retain the previous library default when the active library switches (0.045416ms)
  ✔ falls back to the global default when the active library has no override (0.037334ms)
✔ video detail scraper selection (0.750875ms)
▶ pending inbox state
  ✔ sums the aggregate media-library projection without per-library item reads (0.324125ms)
✔ pending inbox state (0.645916ms)
✔ keeps loading and failed inbox counts distinct from an empty inbox (0.057291ms)
▶ actress list renderer behavior
  ✔ does not load the full face-scan manifest for an ordinary actress page (2.12775ms)
  ✔ isolates cached pages when any query condition changes (0.914959ms)
  ✔ recombines the same session face-result subset for list filter changes (0.084916ms)
  ✔ keeps loaded pages after a failure and retries the same next-page offset (1.521958ms)
  ✔ keeps selected ids when later pages append more actresses (0.113ms)
  ✔ restores scroll after detail return and resets it for a changed query (0.081833ms)
  ✔ clears every pending rail scroll scope on same-section primary navigation (0.422167ms)
✔ actress list renderer behavior (5.858958ms)
▶ actress infinite list pages
  ✔ keeps loaded pages while requesting the next offset (0.936958ms)
  ✔ stops after every matching actress has loaded (0.127667ms)
✔ actress infinite list pages (1.661083ms)
▶ scoped video query keys
  ✔ keeps media-library caches isolated (0.86675ms)
  ✔ canonicalizes filtered all-library scopes (0.087083ms)
✔ scoped video query keys (1.500083ms)
▶ useInfiniteVideoList
  ✔ loads a library larger than the IPC page limit in bounded pages (28.865833ms)
✔ useInfiniteVideoList (29.283958ms)
✔ blocks route changes with a draft and saves before continuing through the real router (31.690125ms)
✔ keeps edits through unrelated refreshes and explicitly resets to the latest saved value (4.006375ms)
✔ preserves edits made while an earlier value is being saved (0.393084ms)
▶ renderer avatarCrop
  ✔ falls back to the standard preset for invalid stored values (0.847042ms)
  ✔ falls back to face centering for invalid stored values (0.060875ms)
  ✔ keeps landmark-based faces at the same visual size across source images (0.277625ms)
  ✔ reports when a tight source cannot reach the requested face size (0.050833ms)
  ✔ applies the continuous face ratio consistently (0.070875ms)
  ✔ centers the estimated crown-to-chin region in head mode (0.051916ms)
  ✔ centers segmented visible head bounds instead of the facial axis (0.056458ms)
  ✔ keeps zoom identical across centering modes (0.226041ms)
  ✔ keeps face-ratio changes effective when full-head protection is disabled (0.070292ms)
  ✔ keeps legacy near-square avatars aligned with cover preview layout (0.569958ms)
  ✔ detects the native cover-compatible default transform (0.035916ms)
  ✔ does not let a tainted canvas export crash the editor (0.106709ms)
✔ renderer avatarCrop (3.228084ms)
▶ video batch request scope
  ✔ requires and preserves the current library on library-surface requests (0.956ms)
  ✔ keeps application-settings requests in explicit global compatibility mode (0.090334ms)
✔ video batch request scope (1.432042ms)
▶ avatarCrop
  ✔ round-trips a valid v1 crop (0.949458ms)
  ✔ rejects crop when fingerprint mismatches (0.07625ms)
  ✔ scales offsets when viewSize changes (0.072125ms)
✔ avatarCrop (1.494667ms)
▶ normalizeClassificationName
  ✔ uses the shared identity normalization without collapsing meaningful script differences (0.95925ms)
  ✔ rejects names that become empty after normalization (0.185125ms)
✔ normalizeClassificationName (1.572417ms)
✔ only accepts finite thumbnail variants and preserves preview URL components (0.573167ms)
▶ buildLibraryScanNotification
  ✔ keeps a no-change successful scan quiet (0.415791ms)
  ✔ notifies for changes and reports each destructive count separately (0.102125ms)
  ✔ reports a metadata-only resource refresh as an update (0.589667ms)
  ✔ reports pending scan groups and their resource count before ordinary changes (0.063041ms)
  ✔ prioritizes offline and error outcomes over ordinary change notices (0.044042ms)
  ✔ reports isolated STRM failures without exposing target content (0.079625ms)
  ✔ reports a blocking processing failure before isolated STRM failures (0.063375ms)
✔ buildLibraryScanNotification (1.785958ms)
▶ sanitizeLibraryScanError
  ✔ removes HTTP credentials, query parameters, Magnet data, and ED2K targets (0.51625ms)
  ✔ bounds arbitrary errors and never throws while formatting them (0.094375ms)
✔ sanitizeLibraryScanError (0.949292ms)
▶ normalizeLibraryScanSummary
  ✔ persists completed STRM failures with safe messages and a 50-item bound (0.681709ms)
✔ normalizeLibraryScanSummary (0.7245ms)
▶ NFO export foreground shortcut guard
  ✔ blocks reload, history, close, and application navigation shortcuts (0.372917ms)
  ✔ leaves modal controls and copy shortcuts usable (0.064875ms)
✔ NFO export foreground shortcut guard (1.008916ms)
▶ selectDefaultPendingScanPrimary
  ✔ prefers local resources and keeps duration, size, and path ordering (0.367333ms)
  ✔ orders STRM resources by actual target kind and then source path (0.074792ms)
✔ selectDefaultPendingScanPrimary (0.800791ms)
▶ pluginDevKindProfile
  ✔ normalizes testTarget and testTargets (1.162584ms)
  ✔ splits test targets only on commas or newlines and trims each group (0.139333ms)
  ✔ uses typed explicit targets as a diagnostic subset (0.721542ms)
  ✔ rejects URL/path targets and wrong-kind arguments (0.214542ms)
  ✔ testTargetsFromDryRun extracts identity from dry-run result (0.273291ms)
  ✔ profiles expose kind-specific labels and field helpers (0.102917ms)
✔ pluginDevKindProfile (3.259125ms)
▶ plugin field semantics registry
  ✔ covers every video and actress field with valid symmetric conflicts (0.728125ms)
  ✔ generates the Agent glossary from the selected registry fields (0.189833ms)
  ✔ projects female and male performers independently (1.090291ms)
  ✔ projects composite rating and measurements without collapsing their parts (0.07725ms)
✔ plugin field semantics registry (2.532125ms)
▶ PluginResultContractModule
  ✔ classifies every structural and selectable result key by kind (0.960792ms)
  ✔ projects every manifest field through at least one standard result key (0.085084ms)
  ✔ lists unknown raw keys once without guessing a field mapping (0.126166ms)
  ✔ keeps actress identity and source metadata informational (0.193666ms)
  ✔ detects field-level partial cast projection and legacy female default (0.08175ms)
  ✔ maps composite measurements and rating to their legal manifest fields (0.080208ms)
  ✔ rejects empty and identity-only effective results mechanically (0.118625ms)
✔ PluginResultContractModule (2.08225ms)
▶ file scan audit presentation
  ✔ added new video (1.002625ms)
  ✔ added existing video (0.058792ms)
  ✔ updated relocated (0.044959ms)
  ✔ updated metadata (0.055042ms)
  ✔ updated STRM (0.051917ms)
  ✔ pending new local (0.041541ms)
  ✔ pending retained STRM (0.034916ms)
  ✔ pending empty code and zero group (0.037833ms)
  ✔ skipped unchanged with video (0.071167ms)
  ✔ skipped short without video (0.074542ms)
  ✔ skipped duplicate with zero video (0.053041ms)
  ✔ unrecognized (0.053916ms)
  ✔ STRM failure (0.036208ms)
  ✔ processing failure (0.037625ms)
  ✔ preserves caller indices, path fallback and explicit undefined fields (0.061292ms)
✔ file scan audit presentation (2.205958ms)
▶ NFO secondary presentation
  ✔ imported: every primary outcome, warnings and attention (0.269833ms)
  ✔ skipped: every primary outcome, warnings and attention (0.221916ms)
  ✔ warning: every primary outcome, warnings and attention (0.327958ms)
  ✔ pending-candidate: every primary outcome, warnings and attention (0.219125ms)
  ✔ identity-conflict: every primary outcome, warnings and attention (0.227334ms)
  ✔ uses only the disposition-specific non-null pending id, including zero (0.1455ms)
✔ NFO secondary presentation (1.535958ms)
▶ resource scan audit presentation
  ✔ missing: full fields, source/title/display fallback and kinds (0.420375ms)
  ✔ removed_library_path: full fields, source/title/display fallback and kinds (0.278ms)
  ✔ promoted_after_removal: full fields, source/title/display fallback and kinds (0.664583ms)
✔ resource scan audit presentation (1.451541ms)
✔ keeps optional enrichment fields structurally available without enriching raw views (0.040209ms)
▶ complete historical scan audit view items
  ✔ deduplicates cached paths exactly, retaining first root and order even without audit (0.217084ms)
  ✔ orders failed extras, attention files and pending groups; excludes only attention-listed cache paths (0.125584ms)
  ✔ preserves all-outcome order, duplicate audit files and indices after each outcome filter (0.190375ms)
  ✔ preserves NFO status precedence, historical group fields and failed/all differences (0.131958ms)
  ✔ added/updated and skipped tabs filter before indexing and do not enrich NFO status (0.076209ms)
  ✔ composes changes in removed/promoted/deleted order with independent indices and removed-video suppression (0.075083ms)
  ✔ does not mutate input or share enriched row objects between calls (0.08425ms)
✔ complete historical scan audit view items (0.943083ms)
▶ video resource source identity
  ✔ normalizes local file paths (0.327417ms)
  ✔ uses the STRM source file instead of its external target (0.045ms)
  ✔ does not claim ownership of ordinary external resources (0.053083ms)
✔ video resource source identity (0.777ms)
▶ videoResourceLinks
  ✔ normalizes HTTP identity without reordering query parameters or changing the path (0.790625ms)
  ✔ rejects local and executable protocols (0.165042ms)
  ✔ infers common video extensions as direct links and otherwise uses web links (0.06625ms)
  ✔ masks query parameters in normal display text (0.060375ms)
  ✔ converts optional MB, GB, and TB values to integer bytes (0.050333ms)
  ✔ uses the Magnet xt identity while preserving the original link and deriving a name (0.188792ms)
  ✔ uses the ED2K file hash identity while deriving its file name (0.047125ms)
✔ videoResourceLinks (1.832958ms)
ℹ tests 2489
ℹ suites 357
ℹ pass 2488
ℹ fail 0
ℹ cancelled 0
ℹ skipped 1
ℹ todo 0
ℹ duration_ms 55992.770708
