
> Javdex@0.6.2 pretest
> npm run check:actress-boundaries && npm run check:media-asset-store-boundaries && npm run check:metadata-source-boundaries && npm run check:classification-entity-boundaries && npm run check:agent-platform-boundaries && npm run lint && npm run check:css-architecture && npm run check:ui-controls


> Javdex@0.6.2 check:actress-boundaries
> node scripts/check-actress-boundaries.mjs

Domain IPC, shared types, and process dependency boundaries are valid.

> Javdex@0.6.2 check:media-asset-store-boundaries
> node scripts/check-media-asset-store-boundaries.mjs

MediaAssetStore implementation boundaries are valid.

> Javdex@0.6.2 check:metadata-source-boundaries
> node scripts/check-metadata-source-boundaries.mjs

Video metadata source boundaries are valid.

> Javdex@0.6.2 check:classification-entity-boundaries
> node scripts/check-classification-entity-boundaries.mjs

Classification entity storage and routing boundaries are valid.

> Javdex@0.6.2 check:agent-platform-boundaries
> node scripts/check-agent-platform-boundaries.mjs

Agent platform boundaries OK

> Javdex@0.6.2 lint
> npm run lint:ts && npm run lint:css


> Javdex@0.6.2 lint:ts
> eslint "src/**/*.{ts,tsx}" "electron.vite.config.ts"


> Javdex@0.6.2 lint:css
> stylelint "src/renderer/src/**/*.module.css" --allow-empty-input


> Javdex@0.6.2 check:css-architecture
> node scripts/check-css-architecture.mjs

CSS architecture checks passed.
┌─────────────────────────────────┬────────┐
│ (index)                         │ Values │
├─────────────────────────────────┼────────┤
│ cssFileCount                    │ 90     │
│ globalClassCount                │ 1150   │
│ crossFileDuplicateClassCount    │ 143    │
│ descendantSelectorCount         │ 801    │
│ importantDeclarationCount       │ 12     │
│ hardcodedColorDeclarationCount  │ 166    │
│ globalStateClassCount           │ 88     │
│ rawButtonClassOccurrenceCount   │ 3      │
│ classNameBehaviorInferenceCount │ 0      │
└─────────────────────────────────┴────────┘

> Javdex@0.6.2 check:ui-controls
> node scripts/check-ui-controls.mjs

UI control checks passed: shared Switch / Checkbox only.

> Javdex@0.6.2 test
> npm run typecheck && npm run test:packaging && node scripts/run-electron-tests.mjs


> Javdex@0.6.2 typecheck
> npm run typecheck:node && npm run typecheck:web


> Javdex@0.6.2 typecheck:node
> tsc --noEmit -p tsconfig.node.json --composite false


> Javdex@0.6.2 typecheck:web
> tsc --noEmit -p tsconfig.web.json --composite false && tsc --noEmit -p tsconfig.browser.json


> Javdex@0.6.2 test:packaging
> node --test scripts/packaging-runtime.test.mjs

TAP version 13
# Subtest: pruneBetterSqlitePrebuilds retains only the current platform and arch
ok 1 - pruneBetterSqlitePrebuilds retains only the current platform and arch
  ---
  duration_ms: 2.45
  type: 'test'
  ...
# Subtest: pruneBetterSqliteBuildFiles removes sources but preserves runtime files
ok 2 - pruneBetterSqliteBuildFiles removes sources but preserves runtime files
  ---
  duration_ms: 2.406583
  type: 'test'
  ...
# Subtest: better-sqlite3 prebuild selection covers every configured packaging platform
ok 3 - better-sqlite3 prebuild selection covers every configured packaging platform
  ---
  duration_ms: 0.209375
  type: 'test'
  ...
# Subtest: pruneElectronFrameworkLocales keeps English and Chinese locale variants
ok 4 - pruneElectronFrameworkLocales keeps English and Chinese locale variants
  ---
  duration_ms: 13.496416
  type: 'test'
  ...
# Subtest: mac packaging selects a node-gyp compatible Python unless the caller chose one
ok 5 - mac packaging selects a node-gyp compatible Python unless the caller chose one
  ---
  duration_ms: 1.214125
  type: 'test'
  ...
# Subtest: packaged runtime smoke runs only for a host-compatible macOS executable
ok 6 - packaged runtime smoke runs only for a host-compatible macOS executable
  ---
  duration_ms: 1.804458
  type: 'test'
  ...
# Subtest: packaging retains the complete Cheerio runtime dependency chain
ok 7 - packaging retains the complete Cheerio runtime dependency chain
  ---
  duration_ms: 0.89625
  type: 'test'
  ...
# Subtest: mac packaging explicitly enables ad-hoc signing before invoking its custom signer
ok 8 - mac packaging explicitly enables ad-hoc signing before invoking its custom signer
  ---
  duration_ms: 0.762625
  type: 'test'
  ...
1..8
# tests 8
# suites 0
# pass 8
# fail 0
# cancelled 0
# skipped 0
# todo 0
# duration_ms 177.715042
▶ createAgentBrowserSchema
  ✔ exposes strict bounded vertical scroll branches without enabling input actions (1.3005ms)
  ✔ explains the evaluate restrictions and their supported alternatives before invocation (0.1475ms)
✔ createAgentBrowserSchema (2.154458ms)
▶ AgentConfiguration
  ✔ projects code-owned tools and permissions while injecting workload compaction (1.2075ms)
  ✔ binds metadata collection to the curator workload and explicit staging capabilities (0.109042ms)
  ✔ registers playlist import as an independent least-privilege use case (0.074833ms)
✔ AgentConfiguration (1.869625ms)
▶ AgentExecution
  ✔ runs the persistence hook before the runtime can commit its bootstrap observation (13.816875ms)
  ✔ opens one runtime session and delegates ten operations without a loop or second queue (4.948708ms)
  ✔ authorizes and records Pi native tools without persisting their output (3.78975ms)
  ✔ fails closed when a Pi native tool lacks a frozen capability grant (2.109667ms)
  ✔ restores a normal checkpoint without reading ExecutionHistory (6.46425ms)
  ✔ rebuilds only for typed checkpoint corruption and only once per generation (4.498708ms)
  ✔ releases runtime resources without closing the durable run (4.376959ms)
  ✔ closes a durable run after its runtime was already released (8.448458ms)
✔ AgentExecution (50.417334ms)
✔ preserves newer product log references when aborting after a domain-only state update (6.62975ms)
✔ preserves append-only plugin history during checkpoint recovery: success (35.475375ms)
✔ preserves append-only plugin history during checkpoint recovery: hash-failure (15.196917ms)
✔ preserves append-only plugin history during checkpoint recovery: rebuild-failure (21.214792ms)
✔ preserves append-only plugin history during checkpoint recovery: unreconciled-tool (18.413125ms)
▶ AgentRunStore
  ✔ returns every durable non-closed run so each use case can apply its recovery policy (10.415584ms)
  ✔ persists a frozen config without serializing credentials or functions (0.888958ms)
  ✔ encrypts recovery payloads and fails closed on integrity damage (7.097042ms)
  ✔ accepts an idempotent operation once and settles only named command ids (1.930333ms)
  ✔ keeps repeated product events from the same operation in append order (0.902459ms)
  ✔ does not overwrite a terminal runtime fault when the runtime subsequently settles (3.622375ms)
  ✔ allows one rebuild attempt per recovery generation (6.611083ms)
  ✔ records artifact refs in the product journal and fails closed on damaged refs (3.886375ms)
✔ AgentRunStore (37.530959ms)
▶ Agent product journal pagination
  ✔ reads the last cursor through the run/seq index without parsing any payload in a 100k journal (293.150125ms)
  ✔ pages with a strict size cap and no cross-run, duplicate or skipped events despite sequence gaps (49.560542ms)
✔ Agent product journal pagination (342.869375ms)
▶ Agent recovery enumeration
  ✔ filters use case and status before parsing, lazily loads one product, and releases temporary ID pages (135.202416ms)
  ✔ keeps the original recovery order across pages while timestamps change and excludes runs created mid-iteration (77.195417ms)
  ✔ drops the temporary snapshot if an owned payload cannot be parsed (1.845292ms)
✔ Agent recovery enumeration (214.347167ms)
▶ cache affinity
  ✔ is stable, role-separated and does not expose source identifiers (2.586791ms)
✔ cache affinity (3.273375ms)
▶ resolveEffectiveMaxTokens
  ✔ uses the model maximum when the preset limit is zero (0.401041ms)
  ✔ uses the lower positive limit (0.062333ms)
  ✔ rejects invalid limits instead of forwarding zero to the provider (0.2115ms)
  ✔ restores a zero sentinel as one frozen positive provider limit (0.14875ms)
  ✔ resolves live models only by workload (0.5965ms)
✔ resolveEffectiveMaxTokens (2.1115ms)
▶ ModelInvocation
  ✔ uses injected frozen verifier access and forwards preset limits and cancellation (3.261208ms)
✔ ModelInvocation (4.306084ms)
▶ ModelManagementModule
  ✔ builds the migration backup from a strict non-secret provider whitelist (0.740209ms)
  ✔ migrates released settings once and then reads the same v2 revision (19.914125ms)
  ✔ fails closed for an invalid v2 document (1.49775ms)
  ✔ fails closed for malformed nested v2 data and embedding catalog entries (14.59525ms)
  ✔ saving a provider never changes workload assignments (10.72625ms)
  ✔ refreshes protocol-derived model metadata when a connection contract changes (6.781959ms)
  ✔ never exposes credentials or Base URL query secrets in renderer snapshots (6.713417ms)
  ✔ changing the default affects inherited workloads but preserves an explicit plugin model (6.102333ms)
  ✔ freezes the workload context limit into resolved model access (6.113125ms)
  ✔ rejects removing an in-use model and reports the exact workload (5.042208ms)
  ✔ restores the previous credential when configuration persistence fails (3.301167ms)
  ✔ does not touch credentials or storage on a stale revision (2.656417ms)
  ✔ keeps discovery ephemeral and reset removes manual overrides (19.670917ms)
  ✔ rejects non-tool Agent models and unsupported long cache (4.522959ms)
✔ ModelManagementModule (109.959459ms)
▶ ToolHost
  ✔ records capability denials before failing closed (17.09025ms)
  ✔ requires a one-use approval permit for install effects (4.064917ms)
  ✔ stores only bounded hashes for tool output and errors (1.280084ms)
  ✔ approves only the selected request when multiple approvals are pending (1.376417ms)
  ✔ keeps only the latest pending approval for single-card product flows (5.038166ms)
  ✔ revokes a persisted approval when the continuation dispatch fails (6.252375ms)
  ✔ discards pending and approved permits during terminal cleanup (5.267208ms)
  ✔ binds an approval permit to mutable domain scope as well as visible tool args (3.899375ms)
  ✔ serializes calls sharing a resource without scheduling batches (47.862417ms)
  ✔ marks interrupted writes uncertain and blocks callbacks after waiting or terminal state (3.412375ms)
  ✔ does not start an unkeyed handler when its signal is already aborted (2.675083ms)
  ✔ enforces deadlines even when a handler ignores AbortSignal (23.331916ms)
  ✔ does not let a late handler result overwrite an uncertain timeout (23.19225ms)
  ✔ keeps the resource locked until a timed-out non-cooperative handler really settles (69.287208ms)
  ✔ keeps a queued cancellation from letting a third call bypass the active resource holder (15.506667ms)
✔ ToolHost (232.438791ms)
▶ PiRuntime contract
  ✔ allows workspace reads and dev notes but keeps host-owned facts read-only (5.638166ms)
  ✔ loads only frozen workspace Skills and exposes the selected Pi native file tools (4032.3175ms)
  ✔ rejects a workspace Skill that differs from the frozen run configuration (10.093167ms)
  ✔ keeps one long-lived session for ten turns with controlled resources and stable affinity (90.177208ms)
  ✔ keeps the run healthy when Pi recovers from a transient provider error (44.128917ms)
  ✔ emits one terminal runtime fault after provider retries are exhausted (40.181584ms)
  ✔ does not turn a user-cancelled provider retry into a runtime fault (120.115792ms)
  ✔ exposes only the resolved custom allowlist and crosses the durable tool-result barrier (23.81575ms)
  ✔ releases the runtime after durable persistence fails during a tool call (29.44075ms)
  ✔ honors a terminating control result even when the domain tool reports failure (39.063375ms)
  ✔ starts a new turn when a follow-up is dispatched after a terminating handoff settled (37.1555ms)
  ✔ does not compact or inject a host recovery prompt after a length stop (19.940542ms)
  ✔ does not start a host continuation after the model-turn budget stops the operation (18.437667ms)
  ✔ enforces the configured per-operation model-turn budget (19.306833ms)
✔ PiRuntime contract (4531.098375ms)
▶ actressRepo actress name ownership
  ✔ changes the main-name row and ownership together when an actress is renamed (19.803667ms)
  ✔ keeps ownership while another name type still declares the same normalized name (13.4615ms)
  ✔ rolls back the complete manual edit when any declared name has another owner (13.542ms)
  ✔ rolls back profile changes and compensates new avatar files when the database write fails (22.316583ms)
✔ actressRepo actress name ownership (69.996625ms)
▶ actressRepo.listActresses
  ✔ excludes migrated pending names from search and exact identity lookup (36.702917ms)
  ✔ does not match a replaced main name that is not kept as an explicit alias (20.661041ms)
  ✔ matches main name, alias, and typed names (19.557666ms)
  ✔ treats SQL LIKE metacharacters as literal search text (14.944833ms)
  ✔ ignores stored names that are not visible name types (11.309ms)
  ✔ sorts by video count descending by default (11.1965ms)
  ✔ projects only videos that remain reachable through an active visible library membership (20.214917ms)
✔ actressRepo.listActresses (135.189708ms)
▶ actressRepo.listActressPage
  ✔ returns a stable slice with the total number of matching actresses (10.162416ms)
  ✔ pages an explicit renderer-session actress subset with complete totals (9.99125ms)
  ✔ returns the cumulative status of every actress with per-status counts (10.935458ms)
  ✔ filters by each status while keeping the counts of the unfiltered scope (8.715583ms)
  ✔ combines the status filter with search, gender and sort (10.655375ms)
  ✔ counts statuses within the current search and gender scope (11.812542ms)
  ✔ treats a missing status as all statuses (10.824625ms)
  ✔ keeps avatar file health outside the pure database query (10.676625ms)
  ✔ does not derive avatar fingerprints during a database list query (16.826417ms)
  ✔ returns minimal avatar path candidates without inspecting files (11.874875ms)
✔ actressRepo.listActressPage (112.892459ms)
▶ actressRepo.clearActressMetadataRecord
  ✔ clears scraped profile fields while keeping main name and video links (10.531958ms)
  ✔ clears non-name metadata without claiming a migrated pending main name (14.5685ms)
  ✔ resets every cumulative state to unscraped and drops the success time (13.594291ms)
  ✔ keeps related links when clearing actress metadata (13.748ms)
✔ actressRepo.clearActressMetadataRecord (52.706ms)
▶ actress related links
  ✔ stores related links on an actress and returns them on detail (14.477458ms)
  ✔ unions related links on merge with the keeper first (18.475792ms)
✔ actress related links (33.084208ms)
▶ actressRepo.deleteUnlinkedActresses
  ✔ deletes every selected unlinked actress and returns its stored assets for cleanup (16.1175ms)
  ✔ rejects the whole batch when any selected actress still has a linked video (16.190042ms)
✔ actressRepo.deleteUnlinkedActresses (32.460583ms)
▶ actressRepo.mergeActresses
  ✔ merges videos, aliases, and gallery into the keeper (14.940167ms)
  ✔ rejects merging actresses with different genders (12.371958ms)
  ✔ can adopt the merged actress main name (12.53225ms)
  ✔ rolls back the whole merge when final main-name reconstruction fails (17.674ms)
  ✔ rolls back the whole merge when alias reconstruction fails (16.501458ms)
  ✔ rejects the whole merge when any resulting name belongs to a third actress (18.455416ms)
  ✔ rejects the whole merge when the selected final main name belongs to a third actress (10.522542ms)
  ✔ resolves a migrated pending name claimed only by the two merged actresses (12.645708ms)
  ✔ preserves existing aliases without reapplying scraped-value heuristics (16.036542ms)
  ✔ deletes unusable keeper avatar assets after adopting the merged actress avatar (14.542417ms)
  ✔ keeps 未刮削 when merging 未刮削 into 未刮削 (17.135791ms)
  ✔ keeps 刮削失败 when merging 刮削失败 into 未刮削 (20.14175ms)
  ✔ keeps 刮削成功 when merging 刮削成功 into 未刮削 (15.917041ms)
  ✔ keeps 刮削失败 when merging 未刮削 into 刮削失败 (14.782791ms)
  ✔ keeps 刮削失败 when merging 刮削失败 into 刮削失败 (13.014583ms)
  ✔ keeps 刮削成功 when merging 刮削成功 into 刮削失败 (12.916375ms)
  ✔ keeps 刮削成功 when merging 未刮削 into 刮削成功 (12.519334ms)
  ✔ keeps 刮削成功 when merging 刮削失败 into 刮削成功 (14.485375ms)
  ✔ keeps 刮削成功 when merging 刮削成功 into 刮削成功 (16.114542ms)
  ✔ keeps the newer success time when the keeper succeeded more recently (10.3495ms)
  ✔ ignores a success time left on a record that is not scraped successfully (10.285666ms)
✔ actressRepo.mergeActresses (304.669542ms)
▶ actressRepo.listActressesForBatchScrape
  ✔ filters by scope and missing fields (12.125958ms)
  ✔ filters actresses by cumulative scrape status (11.569542ms)
  ✔ combines gender and scrape status filters (12.338458ms)
  ✔ matches actresses missing any selected profile field (13.060917ms)
  ✔ limits batch targets to the explicitly selected actress ids (15.684333ms)
✔ actressRepo.listActressesForBatchScrape (65.10475ms)
▶ actressRepo.resolveEffectiveActressScrapeFields
  ✔ fillEmpty keeps only currently missing fields (14.828208ms)
  ✔ fillEmpty treats broken avatar files as missing without mutating during planning (16.505416ms)
✔ actressRepo.resolveEffectiveActressScrapeFields (31.4485ms)
▶ actressRepo.clearBrokenActressAvatarIfNeeded
  ✔ includes broken avatars in batch missing-avatar targets (16.452ms)
  ✔ clears broken avatar source and crop while keeping a usable display avatar (13.0665ms)
✔ actressRepo.clearBrokenActressAvatarIfNeeded (29.673583ms)
▶ actressRepo.getActressAvatarSourceInfo
  ✔ uses a legacy display avatar as the source without renderer fetch (17.33725ms)
  ✔ prefers the saved original source after an avatar bundle is created (28.988459ms)
✔ actressRepo.getActressAvatarSourceInfo (46.442709ms)
▶ actressRepo.setActressAvatarBundle
  ✔ persists avatar source, display, and crop; recrops without replacing the source (27.489958ms)
  ✔ adopts recognized legacy image bytes when native dimension probing is unavailable (28.075916ms)
  ✔ repairs an existing source whose stored extension does not match its bytes (29.68825ms)
  ✔ rejects invalid display bytes before writing the avatar bundle (15.709292ms)
  ✔ keeps source paths distinct for equal-length Chinese names with identical bytes (28.448333ms)
✔ actressRepo.setActressAvatarBundle (129.622417ms)
▶ actressRepo cumulative scrape status
  ✔ keeps an actress created by video scraping unscraped and exposes the status in detail (18.343125ms)
✔ actressRepo cumulative scrape status (18.400167ms)
▶ actressRepo cumulative scrape status maintenance invariants
  ✔ keeps 未刮削 and its success time through manual maintenance (28.169125ms)
  ✔ keeps 刮削成功 and its success time through manual maintenance (24.681ms)
  ✔ keeps 刮削失败 and its success time through manual maintenance (108.53475ms)
✔ actressRepo cumulative scrape status maintenance invariants (161.486875ms)
▶ actressRepo.upsertActressFromScrape avatar adopt
  ✔ adopts a downloaded avatar into source+display+crop and drops the temp path (33.786333ms)
  ✔ gives equal-length Chinese names distinct avatar files from the same download bytes (27.365416ms)
  ✔ does not replace an existing usable avatar (22.444584ms)
✔ actressRepo.upsertActressFromScrape avatar adopt (83.821ms)
▶ actressRepo.backfillActressGalleryAssetDimensions
  ✔ probes stored local files and fills missing gallery dimensions (25.659834ms)
✔ actressRepo.backfillActressGalleryAssetDimensions (25.771709ms)
▶ actressRepo query purity
  ✔ does not change database rows or stored resources when listing and reading details (19.255833ms)
✔ actressRepo query purity (20.015833ms)
▶ actressRepo.posterPath
  ✔ clears the poster when the referenced gallery image is deleted (16.881833ms)
✔ actressRepo.posterPath (16.960583ms)
▶ actressRepo.replaceActressGalleryAssets
  ✔ keeps local paths that remain in the replaced asset set (14.906041ms)
✔ actressRepo.replaceActressGalleryAssets (14.951583ms)
▶ actressRepo.recordActressScrapeFailure
  ✔ records failure without writing a success time or changing profile fields (17.960542ms)
✔ actressRepo.recordActressScrapeFailure (18.019625ms)
▶ actressRepo.markActressScrapeSucceeded
  ✔ promotes an unscraped actress and stamps the missing success time (17.842583ms)
  ✔ promotes a failed actress and stamps the missing success time (18.229375ms)
  ✔ keeps an existing success time instead of restamping it (17.852084ms)
  ✔ stamps a success time over a blank stored time (19.371875ms)
  ✔ rejects marking an actress that does not exist (12.777417ms)
✔ actressRepo.markActressScrapeSucceeded (86.556375ms)
▶ actressRepo.applyActressScrapeResult
  ✔ keeps every selected field plan aligned with the replace database result (23.886ms)
  ✔ keeps every selected field plan aligned with the fillEmpty database result (22.2635ms)
  ✔ keeps every selected field plan aligned with the replaceIfPresent database result (22.131667ms)
  ✔ does not backfill gallery metadata while building a read-only plan (12.183583ms)
  ✔ plans and applies a fillEmpty avatar over a broken stored path consistently (21.543708ms)
  ✔ previews replace clears without changing the actress or deleting assets (18.198542ms)
  ✔ does not claim a scrape was applied when every returned alias is unusable (20.783709ms)
  ✔ rolls back profile data and cumulative success when gallery persistence fails (24.620958ms)
  ✔ skips invalid downloaded avatars while applying other profile fields (20.052667ms)
  ✔ replace keeps manual crop when scraped avatar bytes match existing source (22.207834ms)
  ✔ replace adopts a new avatar when scraped bytes differ from existing source (28.908875ms)
  ✔ replace clears an existing avatar when the source returns no avatar (20.632667ms)
  ✔ replace preserves an existing avatar when a returned avatar fails to download (16.396583ms)
  ✔ fillEmpty preserves existing measurement values while filling missing ones (17.741459ms)
  ✔ replaceIfPresent updates existing profile values while preserving null scrape results (17.082917ms)
  ✔ replace clears every selected non-avatar field when the matched source returns no values (21.475708ms)
  ✔ replaceIfPresent rejects all fields when every returned alias conflicts (19.594791ms)
  ✔ fillEmpty does not report success when measurements only repeat a filled component (18.036083ms)
  ✔ rejects the whole scraped result when any alias has another owner (18.48575ms)
  ✔ treats canonically equivalent scraped aliases as conflicts (23.923125ms)
✔ actressRepo.applyActressScrapeResult (410.855708ms)
▶ AgentMetadataDraftRepo
  ✔ keeps one ready draft per target and returns superseded staging paths (18.0485ms)
  ✔ advances review revisions and stores an idempotent terminal outcome (41.370541ms)
  ✔ fails closed when a stored draft uses an unsupported adapter version (20.090875ms)
✔ AgentMetadataDraftRepo (80.797375ms)
✔ detects local writes, external commits and connection replacement without changing schema (22.470958ms)
▶ home discovery repo
  ✔ returns one bounded status summary for every visible media library (21.046083ms)
  ✔ uses membership time for recent additions and deduplicates shared videos (9.676916ms)
  ✔ keeps a discovery batch stable until the seed changes (16.360584ms)
  ✔ does not recommend a membership that has no playable resource in an eligible library (21.3695ms)
  ✔ does not recommend a local-only membership whose media-library root is disabled (28.795666ms)
  ✔ excludes managed resources owned by pending-removal or archived roots (8.933875ms)
  ✔ keeps rootless external links and active-root local or STRM resources eligible (10.042959ms)
  ✔ does not accept a managed resource whose root belongs to another library (6.717875ms)
  ✔ binds a shared recommendation to the source membership that has its playable resource (9.358416ms)
  ✔ searches globally without duplicates and honors an explicit library filter (6.461083ms)
  ✔ excludes libraries disabled for home discovery (5.31475ms)
  ✔ matches global ranking across cursor wrap, equal keys and hidden shared memberships (18771.973083ms)
  ✔ keeps large recent and discovery loads bounded and index-backed (97.83625ms)
  ✔ paginates a large global search without duplicates or per-row queries (98.6745ms)
✔ home discovery repo (19114.248375ms)
▶ libraryCleanup
  ✔ collects actress hints from a video (20.049334ms)
  ✔ prunes stub actresses after video links are removed (15.700916ms)
  ✔ does not prune an actress with meaningful profile data (15.004ms)
  ✔ deletes tags that are no longer linked to any video (9.538ms)
✔ libraryCleanup (61.379291ms)
▶ library membership repo
  ✔ creates an idempotent explicit membership with a stable discovery key (13.703375ms)
  ✔ removes only the selected library membership (8.892542ms)
  ✔ rejects archived or missing libraries (6.505625ms)
  ✔ recognizes only visible memberships in an active library surface (6.497833ms)
  ✔ does not automatically remove a resource-less membership referenced by a playlist (7.0685ms)
✔ library membership repo (43.759041ms)
▶ libraryScanRepo latest snapshot
  ✔ updates the pending path after a rename without rewriting the original scan audit (28.572333ms)
  ✔ returns summary, audit, and unrecognized files only from the requested library (19.4525ms)
  ✔ transactionally settles scan runs abandoned by the previous process (17.259875ms)
  ✔ releases archive and root-migration busy gates after restart recovery (18.957333ms)
  ✔ returns an empty snapshot before the first run and rejects an unknown library (13.840666ms)
✔ libraryScanRepo latest snapshot (99.897208ms)
▶ mediaLibraryRepo
  ✔ creates a library, typed config, and canonical root projection atomically (34.725833ms)
  ✔ projects pending scan counts once per library without multiplying across roots (26.572083ms)
  ✔ keeps library and config revisions independent and rejects stale writes (26.088ms)
  ✔ rejects same, parent, child, and realpath-alias roots across active libraries (24.126666ms)
  ✔ lets disabled roots release paths and revalidates them before enabling (20.476833ms)
  ✔ preserves continuity-owned root identities while allowing empty roots to rebind (40.009042ms)
  ✔ rejects archived-library restore when any continuity-owned root changed identity (36.980625ms)
  ✔ rejects ordinary edits while a root is pending removal or archived (24.193959ms)
  ✔ requires explicit migration or cleanup before changing a root-owned path (47.060959ms)
  ✔ archives roots atomically, releases their paths, and rechecks on restore (22.220416ms)
  ✔ scopes local and STRM source identity while disabled and archived roots release paths (39.488209ms)
  ✔ protects the default library and refuses to archive pending root cleanup (17.923667ms)
  ✔ requires a non-default library to be archived before preview or permanent deletion (50.260791ms)
  ✔ deletes roots and non-default libraries using the current library revision (23.025875ms)
  ✔ blocks archiving and deletion while root cleanup is active (12.604458ms)
  ✔ blocks archiving and deletion while a scan run is active (15.069125ms)
  ✔ rejects a deletion preview made stale by global video lifecycle changes (25.385875ms)
  ✔ invalidates deletion impact when another library changes the exclusive-video count (17.93525ms)
  ✔ previews all owned data and permanently deletes only database ownership (62.265333ms)
  ✔ returns a frozen scan snapshot containing only active roots (51.617833ms)
  ✔ projects independently configured automatic scan state in stable library order (24.986542ms)
  ✔ accepts offline absolute roots but rejects relative paths and files (14.538875ms)
  ✔ does not let direct disabled-root deletion cascade diagnostic records (11.774208ms)
  ✔ atomically freezes the filesystem identity when an offline root first comes online (18.163875ms)
  ✔ rejects scan-time identity binding for an identity-less root with resource ownership (24.687041ms)
  ✔ rejects scan-time identity binding for an identity-less root with pending ownership (25.675083ms)
  ✔ rejects scan-time identity binding for an identity-less root with unrecognized ownership (22.030209ms)
  ✔ rejects activation of an identity-less disabled root with owned resources (23.259333ms)
  ✔ rejects restore of an identity-less archived root with owned resources (25.407666ms)
  ✔ rejects a newly-online alias of another active root without partially binding it (23.342084ms)
✔ mediaLibraryRepo (834.633875ms)
▶ media-library root migration repo
  ✔ previews and atomically migrates root-owned state without touching disk or global videos (15.09425ms)
  ✔ uses the shared availability-aware promotion rule within the source library and video (13.8235ms)
  ✔ rejects stale previews and rolls the entire migration back (10.759334ms)
  ✔ rejects resource or pending changes made after preview even when library revisions are unchanged (8.131083ms)
  ✔ moves terminal cleanup history to the replacement root during preview-confirmed migration (7.89275ms)
  ✔ rejects a stale migration preview when terminal cleanup history changes (6.331125ms)
  ✔ rolls back every dataset when a late migration write fails (10.468208ms)
  ✔ fails closed while either library has an active scan or cleanup job (5.397458ms)
  ✔ treats a failed legacy cleanup waiting marker as active work in preview and commit (8.105084ms)
  ✔ rejects target resource conflicts before mutation (6.453833ms)
  ✔ rejects target unrecognized-file conflicts before mutation (3.947375ms)
  ✔ rejects target pending-scan path conflicts during preview (5.175791ms)
  ✔ moves a disabled root without enabling it in the target library (6.943833ms)
✔ media-library root migration repo (110.147625ms)
▶ database schema
  ✔ adds STRM source identity without changing existing resource identity or link deduplication (14.01525ms)
  ✔ allows duplicate codes while enforcing complete video business identity (7.79ms)
  ✔ upgrades video identity without changing ids, resources, or site sources (14.416125ms)
  ✔ leaves a v10 database untouched when normalized business identities conflict (6.350625ms)
  ✔ migrates legacy classification text into stable entities and retires legacy storage (51.3365ms)
  ✔ retires v8 text storage without changing video metadata, entity ids, or child resources (74.415167ms)
  ✔ stores classification profiles, hierarchy, roles, links, and video references (7.944417ms)
  ✔ rolls back the complete classification migration when entity creation fails (4.70625ms)
  ✔ rolls back classification entities when retiring legacy storage fails (7.716125ms)
  ✔ migrates uncontested names to ownership and preserves cross-actress collisions for review (48.287833ms)
  ✔ rolls back name ownership data and schema version when migration fails (30.402083ms)
  ✔ creates the current schema and records user_version (12.245208ms)
  ✔ migrates v6 video files to local resources without losing data (18.049792ms)
  ✔ migrates released v1 inline video files and removes the obsolete write constraint (29.975292ms)
  ✔ rejects databases newer than the supported schema version (0.243042ms)
  ✔ upgrades v1 actresses table with avatar source columns (15.634459ms)
  ✔ upgrades v2 actress names to one current primary name without removing visible names (12.874333ms)
  ✔ leaves current-version databases unchanged (0.463417ms)
  ✔ classifies v3 actresses only when a success time has actual profile evidence (13.16725ms)
  ✔ keeps the migrated classification unchanged when migration is run again (15.18325ms)
  ✔ rolls back the whole actress status migration when classification fails (3.850083ms)
✔ database schema (391.44425ms)
▶ V14 unreleased feature consolidation migration
  ✔ creates a fresh database with one active default media library (9.033959ms)
  ✔ upgrades released V13 data while keeping playlist import sessions out of the schema (9.158459ms)
  ✔ scopes pending path identity to each library in the final V14 schema (5.266375ms)
  ✔ enforces one primary per membership while archived sources can be adopted by another library (5.152625ms)
  ✔ rolls back V14 when released source paths normalize to the same identity (1.924541ms)
✔ V14 unreleased feature consolidation migration (31.319ms)
▶ V15 local NFO import migration
  ✔ creates fresh V15 databases with automatic import enabled and identity constraints (10.562208ms)
  ✔ upgrades V14 rows, preserves the default, and enforces minimal pending identity snapshots (2.364083ms)
  ✔ rolls the migration back and leaves user_version at V14 on schema conflict (0.513417ms)
✔ V15 local NFO import migration (14.661167ms)
✔ adds the cleanup queue and later indexes when upgrading V15 and preserves old business data and damaged diagnostic state (17.00325ms)
✔ rolls back both DDL and version when V16 fails after table creation, then upgrades on retry (5.331708ms)
✔ upgrades V16 without changing any business rows or other schema and matches fresh V17 (46.131292ms)
✔ rolls back index DDL and version after drop failure, then retries (14.456084ms)
✔ rolls back index DDL and version after create failure, then retries (27.646875ms)
▶ getLibraryOverviewStats
  ✔ returns aggregate library counts (38.961958ms)
  ✔ counts actress cumulative status from scraped_status, not last_scraped_at (19.278542ms)
✔ getLibraryOverviewStats (59.226917ms)
✔ scopes scan identities and groups while returning only requested IDs from a large catalog (97.719833ms)
▶ pending resource identity repository
  ✔ persists the minimum conflict snapshot while exposing only safe presentation fields (27.911542ms)
  ✔ upserts one conflict per library path and enforces revision when deleting (19.2605ms)
  ✔ rejects paths outside the root, equal identities, and malformed STRM snapshots (19.344459ms)
  ✔ removes missing conflicts only under roots proven accessible by a safe scan (23.989167ms)
✔ pending resource identity repository (91.774959ms)
▶ pendingScanRepo media-library scope
  ✔ keeps same-code groups and resource lookups isolated between libraries (27.518125ms)
  ✔ allows the same normalized path in different libraries while deduplicating inside each library (24.811917ms)
  ✔ rejects a root or group that belongs to another library (25.096042ms)
  ✔ increments revision on upsert and rejects a stale resolution atomically (25.423083ms)
  ✔ can assign the same global video in two libraries without crossing resources (24.382375ms)
  ✔ reconciles only selected roots in the selected library and bumps surviving groups (22.322917ms)
  ✔ refreshes a changed STRM snapshot and forces the caller to review the new revision (30.710042ms)
  ✔ moves an already-pending path to the new same-library code without leaving an empty group (16.884ms)
  ✔ rolls back resources, memberships, and videos if final group deletion fails (12.484833ms)
✔ pendingScanRepo media-library scope (212.777709ms)
✔ counts a large pending inbox without decoding its snapshots and follows deletions (116.522667ms)
✔ pages a 10k inbox without materializing snapshots, locates deep links and clamps deleted pages (161.844ms)
▶ playlistRepo
  ✔ paginates and filters identically to the full playlist without losing zero-resource rows (60.311916ms)
  ✔ limits a large playlist before returning card details (247.747666ms)
  ✔ keeps metadata out of subsequent video-page queries (16.904375ms)
  ✔ creates playlists with required name and optional fields (15.447458ms)
  ✔ adds videos once per playlist and lists detail videos (16.274416ms)
  ✔ keeps playlist references visible across hidden, archived and missing memberships (39.749208ms)
  ✔ updates playlist metadata and custom cover (13.420125ms)
  ✔ reports video membership and removes videos (13.894125ms)
  ✔ allows one video in multiple playlists without duplicates in one playlist (14.029625ms)
  ✔ rejects blank playlist names (9.929416ms)
  ✔ stores related links on create and update (16.532ms)
✔ playlistRepo (466.221541ms)
✔ opens a separate read-only WAL connection with matching SQL functions and no migration (28.311916ms)
✔ keeps a read snapshot while the writer commits and observes it on the next transaction (19.62025ms)
✔ rejects missing, old, newer and non-WAL catalogs without initializing or migrating them (4.930583ms)
✔ does not publish an unsuccessfully initialized writer and permits a subsequent valid initialization (16.352125ms)
▶ scoped video catalog repo
  ✔ keeps list resources and membership time inside one library (14.286833ms)
  ✔ loads detail from the injected database and projects only the active library resources (9.301625ms)
  ✔ deduplicates global results and selects the newest eligible membership (18.393958ms)
  ✔ interprets the none resource filter within the selected scope (12.774041ms)
  ✔ treats an archived media-library scope as unavailable (13.17725ms)
  ✔ rejects invalid scope ids before building SQL (13.245833ms)
  ✔ keeps fixed actor and tag filters unique across shared and hidden memberships (38.264333ms)
  ✔ normalizes a single active library and serves no-count pages with identical ordering (59.896375ms)
  ✔ uses bounded indexed queries for a large scoped page (34.580875ms)
✔ scoped video catalog repo (215.62875ms)
▶ tagRepo.pruneUnusedTags
  ✔ deletes tags with no video links and keeps tags still used by a video (18.45375ms)
✔ tagRepo.pruneUnusedTags (20.832292ms)
▶ tagRepo selected labels
  ✔ looks up only selected IDs through the tag primary key and omits deleted IDs (20.885083ms)
  ✔ bounds display labels and JSON bytes without changing full stored names (18.384167ms)
  ✔ rejects invalid or oversized requests and does no SQL work for an empty selection (14.327583ms)
✔ tagRepo selected labels (53.988209ms)
▶ tagRepo manual candidates
  ✔ pages alphabetically without counts and retains hidden/manual-only associations (40.103917ms)
  ✔ preserves Unicode/literal substring matching and searches beyond display truncation (24.64375ms)
  ✔ uses tag-key existence checks under skewed statistics and validates its work limits (24.760541ms)
✔ tagRepo manual candidates (89.924083ms)
▶ tagRepo active catalog projection
  ✔ matches manual association and visibility semantics before and after statistics maintenance (75.198334ms)
  ✔ deduplicates shared memberships and preserves manual origin and zero-count tags (17.947041ms)
  ✔ counts only videos that can be opened through the active visible catalog (10.14025ms)
✔ tagRepo active catalog projection (103.461125ms)
▶ tagRepo filter candidates
  ✔ paginates names before counts and matches global visibility counts with shared and archived members (22.735542ms)
  ✔ keeps Unicode literal search, bounded labels and page-only count parameters (83.577291ms)
✔ tagRepo filter candidates (106.402416ms)
▶ video lifecycle repo
  ✔ removes only one library membership and replays the same operation idempotently (28.866458ms)
  ✔ moves one external resource and keeps each library primary isolated (30.0645ms)
  ✔ promotes an available source fallback by kind and add time without crossing ownership scope (32.0865ms)
  ✔ rejects moving a local or STRM-managed source without transferring its root (14.313583ms)
  ✔ treats archived source libraries as read-only (11.788125ms)
  ✔ rejects a stale preview and globally deletes only after a fresh explicit preview (21.040708ms)
  ✔ invalidates a global-delete preview when any displayed relationship changes (17.740833ms)
✔ video lifecycle repo (158.350708ms)
▶ videoRepo.scrapeStatus
  ✔ does not downgrade an already scraped video when a later scrape fails (37.675084ms)
  ✔ can manually mark an unscraped or failed video as scraped (18.692333ms)
✔ videoRepo.scrapeStatus (59.2585ms)
▶ videoRepo.listVideos
  ✔ rejects attempts to restore classification text storage through generic updates (18.729042ms)
  ✔ sorts and paginates videos (18.489417ms)
  ✔ sorts facet videos by release date desc with missing dates last (20.046167ms)
  ✔ filters by status, year and facet fields (11.465416ms)
  ✔ applies multi-tag AND filters (12.043583ms)
  ✔ filters resource kinds with OR semantics and treats no-resource as zero rows (18.694333ms)
  ✔ projects resource count and primary-first deduplicated resource kinds (18.407542ms)
  ✔ searches videos by actress alias (16.591625ms)
  ✔ preserves SQL LIKE pattern matching in the video search actress branch (16.051583ms)
  ✔ excludes migrated pending actress names from video search (18.685834ms)
✔ videoRepo.listVideos (169.730291ms)
▶ videoRepo.getVideoDetail
  ✔ lists female cast before male cast (103.010417ms)
  ✔ includes external rating stats (13.201291ms)
✔ videoRepo.getVideoDetail (116.396333ms)
▶ videoRepo.setPrimaryVideoResource
  ✔ automatically marks the first resource as primary (14.648584ms)
  ✔ keeps the current primary when a requested primary insert is a duplicate (15.560083ms)
  ✔ marks one resource as primary and clears the previous primary (18.449833ms)
✔ videoRepo.setPrimaryVideoResource (48.885458ms)
▶ videoRepo.posterPath
  ✔ clears the poster when the referenced sample is deleted (16.654916ms)
✔ videoRepo.posterPath (16.751542ms)
▶ videoRepo.listVideosForBatchScrape
  ✔ filters by scrape status (14.86875ms)
  ✔ can constrain batch targets to explicit selected video ids (18.874417ms)
  ✔ filters missing fields by stored path or link, not file health (17.470334ms)
✔ videoRepo.listVideosForBatchScrape (51.375875ms)
▶ videoRepo tags by origin
  ✔ orders scraped tags before manual tags in detail (26.784709ms)
  ✔ editVideoRecord only replaces scraped tags (17.783125ms)
  ✔ editVideoRecord drops unused scraped tags while keeping tags still used elsewhere (13.886875ms)
  ✔ clearVideoMetadataRecord deletes unused scraped tags and keeps manual tags (15.679875ms)
  ✔ editVideoRecord replaces female and male cast separately (23.498375ms)
  ✔ removeManualVideoTag only removes manual tags (20.566416ms)
  ✔ removeManualVideoTag keeps tag when scraped associations remain (34.695458ms)
  ✔ promotes scraped tag to manual when adding the same name (11.816208ms)
✔ videoRepo tags by origin (165.069834ms)
▶ classification IPC contract
  ✔ registers every command and forwards typed arguments to the public services (3.559959ms)
✔ classification IPC contract (4.377042ms)
▶ IPC path guards
  ✔ rejects a rename that contains a path component (2.075458ms)
  ✔ authorizes only files under the selected active root (4.522792ms)
  ✔ rejects a path when the persisted root has been replaced (2.396542ms)
  ✔ rejects a file that escapes a configured root through a symbolic link (2.92375ms)
✔ IPC path guards (16.200458ms)
▶ IPC sender security
  ✔ accepts the configured main window and main frame (0.691709ms)
  ✔ rejects another webContents, a child frame, and an untrusted URL (0.358292ms)
  ✔ matches dev origins but requires the exact production file (0.104709ms)
✔ IPC sender security (1.880125ms)
▶ media-library IPC schemas
  ✔ accepts the complete default config sent by the create wizard, including local NFO import (5.093542ms)
  ✔ accepts boolean local NFO settings on update and rejects malformed values on both paths (3.404083ms)
  ✔ accepts exact management commands and rejects loose object shapes (6.684167ms)
  ✔ rejects invalid ids and revisions on every optimistic command shape (1.562041ms)
  ✔ strictly validates home discovery and global-search inputs (1.230208ms)
✔ media-library IPC schemas (19.123833ms)
▶ media-library IPC handlers
  ✔ registers the complete contract and forwards validated arguments (1.32225ms)
  ✔ rejects malformed calls before a dependency is invoked (0.37475ms)
  ✔ preserves root continuity domain errors across validated IPC handlers (0.179042ms)
✔ media-library IPC handlers (2.0095ms)
▶ NFO export IPC schemas
  ✔ accepts the complete closed plan request and rejects missing or extra state (4.051041ms)
✔ NFO export IPC schemas (5.085708ms)
▶ playlist import renderer lifecycle
  ✔ binds every recreated renderer once and cancels only on full navigation or loss (0.837583ms)
  ✔ cancels a non-terminal foreground import when its renderer disconnects (1.340833ms)
  ✔ leaves terminal imports untouched (0.158458ms)
✔ playlist import renderer lifecycle (3.276417ms)
▶ scan latest IPC handler
  ✔ validates libraryId and forwards the scoped latest snapshot (4.660583ms)
✔ scan latest IPC handler (5.804709ms)
✔ bounds the combined audit presence request and validates its library (2.546ms)
▶ scrape IPC schemas
  ✔ strictly validates media-library-scoped video batch scrape commands (22.772084ms)
  ✔ validates the optional media-library scope on single-video scrape commands (0.8675ms)
✔ scrape IPC schemas (30.948708ms)
✔ bounds pending scrape pages and details at the IPC boundary (2.560084ms)
✔ bounds audit pending presence lookups (0.657583ms)
✔ validates manual tag candidate bounds and existing-tag identities (6.356209ms)
✔ bounds selected tag label IPC requests before repository access (1.321709ms)
▶ typed IPC adapter
  ✔ does not expose the legacy unreviewed video deletion command (0.637083ms)
  ✔ forwards command arguments and returns the application result (0.538292ms)
  ✔ rejects malformed arguments before invoking the application handler (0.578667ms)
  ✔ accepts link-resource updates without an import-only target (0.3175ms)
  ✔ only accepts metadata retention when removing a last video resource (0.075042ms)
  ✔ accepts one exact plugin approval decision and rejects malformed decisions (0.335625ms)
  ✔ accepts only explicit plugin continuation kinds (1.855083ms)
  ✔ accepts only typed plugin user responses with request-bound actions (2.6665ms)
  ✔ accepts plugin history clearing only without renderer-supplied run ids (0.785708ms)
  ✔ accepts unrecoverable plugin-session discard only without renderer-supplied run ids (0.129292ms)
  ✔ keeps legacy model limits out of the generic settings mutation contract (0.79225ms)
  ✔ validates playlist import start and identity controls at the IPC boundary (8.31ms)
  ✔ requires the path-removal impact revision at the settings boundary (1.181084ms)
  ✔ accepts only the structured model-management command vocabulary (5.2735ms)
  ✔ serializes successful results and thrown errors (4.486166ms)
  ✔ sends the contracted event payload unchanged (0.218084ms)
✔ typed IPC adapter (29.481375ms)
▶ video query IPC schemas
  ✔ accepts and normalizes a complete list query at every VideoQuery boundary (6.299958ms)
  ✔ rejects malformed fields consistently for lists and global search (3.181375ms)
  ✔ strictly validates catalog scopes and video detail identifiers (3.749041ms)
✔ video query IPC schemas (13.765417ms)
▶ main window asset paths
  ✔ resolves preload and renderer from the app root when appMain is emitted as a chunk (1.111958ms)
✔ main window asset paths (2.072292ms)
▶ LocalNfoSourceAdapter
  ✔ reads its own exported samples with a separate background (portable-v1) (12.043917ms)
  ✔ reads its own exported samples with a separate background (jellyfin-current) (6.907042ms)
  ✔ reads its own exported samples with a separate background (emby-kodi-conservative) (5.405375ms)
  ✔ reads its own exported samples with a separate background (plex-nfo-1.43.1+) (3.521834ms)
  ✔ reads its own exported samples with a separate background (infuse-current) (5.056792ms)
  ✔ keeps explicit and discovered samples scoped to their video in a shared directory (6.023917ms)
  ✔ collects one candidate per physical NFO with local asset capabilities and no paths (11.261792ms)
  ✔ uses explicit gender, then existing actor gender, then dialect default (3.65025ms)
  ✔ keeps actress avatar positions aligned after gender field projection (4.366583ms)
  ✔ reads legacy and Kodi actor filenames and follows explicit references for repeated spaces (8.182416ms)
  ✔ treats no sidecar as a quiet no-match and excludes mismatched NFO identity (2.693084ms)
✔ LocalNfoSourceAdapter (71.159042ms)
▶ videoMetadataCandidateStager
  ✔ stages remote and managed-root assets without persisting host paths (15.722708ms)
✔ videoMetadataCandidateStager (16.456209ms)
▶ WebScraperSourceAdapter
  ✔ passes the stored code to legacy plugins unchanged while comparing normalized identities (1.281416ms)
  ✔ collects exact candidates with declared remote assets and source evidence (1.770583ms)
✔ WebScraperSourceAdapter (3.982459ms)
▶ VideoMetadataSourceRegistry
  ✔ resolves stable source ids while preserving legacy plugin-name lookup (0.137541ms)
✔ VideoMetadataSourceRegistry (0.195833ms)
✔ exports oriented/cropped artwork with the shipped Electron codec and encrypted asset store (709.442584ms)
▶ NfoExportModule
  ✔ inspects each plan anchor once and reuses the returned canonical directory (12.617833ms)
  ﹣ accepts alternate Windows path spellings for the same physical export directory (0.101542ms) # Windows path aliases are case-insensitive
  ✔ reads selected images linearly and isolates assets that fail or change after planning (439.896125ms)
  ✔ shares identical actor avatars across videos and removes references to conflicting content (59.060334ms)
  ✔ plans without writing and applies an exact-stem NFO plus portable cover (27.588583ms)
  ✔ keeps the default skip policy and rejects a changed target under replace (14.53575ms)
  ✔ marks every planned file stale when source metadata changes (2.079208ms)
  ✔ exports a local STRM source anchor and counts resources without anchors separately (1.850834ms)
  ✔ terminates only between files and leaves completed atomic writes intact (10.09475ms)
  ✔ isolates an image conversion failure from the NFO write (12.018041ms)
  ✔ reports an atomic write failure per item and continues later files (3.022917ms)
  ✔ exports samples as separate attachments and reads them back without background images (73.483167ms)
  ✔ marks colliding sanitized actor avatar targets and omits ambiguous NFO references (22.014417ms)
  ✔ treats case, Unicode and space-to-underscore actor targets as collisions (5.094375ms)
  ✔ makes Windows device actor names portable before planning their target (3.084208ms)
  ✔ keeps unreadable selected images as unavailable plan items without blocking NFO (12.636ms)
  ✔ warns about requested missing artwork, avatars, and populated fields omitted by a profile (2.392584ms)
  ✔ uses the video stem itself for Infuse cover output and local reference (23.589667ms)
  ✔ plans each physical resource, deduplicates identical targets, and warns only on same-directory identity collisions (6.31725ms)
  ✔ reports real read-only directory failures without leaving temporary files (7.343042ms)
  ✔ rejects a sample-directory symlink introduced after planning (27.3365ms)
  ✔ does not fingerprint a nested export target through a pre-existing symlink (7.399458ms)
  ✔ revalidates a skip target parent before following a newly introduced symlink (26.847ms)
  ✔ creates consumer-readable sidecars and preserves an existing target mode on replace (22.75175ms)
✔ NfoExportModule (826.820916ms)
▶ NFO export profiles
  ✔ renders all public profiles as valid movie XML without database identities (30.315041ms)
  ✔ applies profile-specific conservative fields and keeps background separate from samples (0.887375ms)
  ✔ canonicalizes and deduplicates Plex rating source aliases (1.291ms)
  ✔ reports populated fields that the selected profile cannot represent (0.250041ms)
✔ NFO export profiles (34.393583ms)
▶ SqliteNfoExportRepository
  ✔ projects exportable metadata while excluding personal rating and watch state (22.837542ms)
✔ SqliteNfoExportRepository (23.547042ms)
▶ NFO export renderer diagnostics
  ✔ redacts POSIX and Windows absolute paths while preserving the reason (1.516333ms)
✔ NFO export renderer diagnostics (2.178834ms)
▶ NfoExportTaskController
  ✔ keeps planning leases until an asynchronous plan settles, including disposal and failures (2.898375ms)
  ✔ holds both leases from plan through apply and releases them at terminal state (4.652167ms)
  ✔ releases leases when a plan is discarded or planning fails (0.286042ms)
  ✔ requests termination and waits for apply before process disposal releases leases (0.530333ms)
  ✔ does not acquire an asset lease when another maintenance task owns the gate (0.138167ms)
✔ NfoExportTaskController (10.096292ms)
▶ NFO export main-window guard
  ✔ binds recreated windows and disposes a foreground task when their renderer is lost (0.563334ms)
  ✔ prevents navigation while a plan or task owns the foreground (0.321458ms)
  ✔ keeps the window open during a running export but allows the coordinated quit path (0.223042ms)
  ✔ releases a held preview plan and allows navigation instead of treating it as a running task (0.248958ms)
✔ NFO export main-window guard (2.563417ms)
▶ NFO artifact codec
  ✔ accepts the four synthetic third-party dialect fixtures (5.689292ms)
  ✔ round-trips five canonical Javdex fixtures with stable UTF-8 and LF output (7.530167ms)
  ✔ normalizes the MDC dialect and prefers structured ratings over its scalar duplicate (0.321083ms)
  ✔ normalizes MDCx, Javinizer, and JavSP field variants (0.387084ms)
  ✔ reports unknown legal tags and remote artwork without retaining remote URLs as assets (0.222125ms)
  ✔ rejects DTD, entities, oversized input, excessive depth, node count, and field size (20.352916ms)
✔ NFO artifact codec (35.28325ms)
▶ NFO sidecar locator
  ✔ prefers exact stem and reports a differing movie.nfo without exposing either path (8.488417ms)
  ✔ uses movie.nfo only for one anchor or one logical code and rejects mixed directories (1.894875ms)
  ✔ deduplicates physical sidecars and rejects symlink escapes at issue and read time (13.775167ms)
✔ NFO sidecar locator (25.16125ms)
▶ parseCode
  ✔ parses standard codes (1.739833ms)
  ✔ parses 規格品番 ADV-R and ADV-SR (0.361ms)
  ✔ does not mis-parse ADV-R0484 as R0-484 (0.517125ms)
  ✔ parses FC2 and Heyzo (0.20075ms)
  ✔ parses DMM h_ prefix (0.056625ms)
  ✔ parses date-based uncensored ids (0.037833ms)
  ✔ extracts code after @ in filename (0.04475ms)
  ✔ returns null for noise-only names (0.055917ms)
  ✔ rejects no-hyphen and short-prefix patterns (0.06425ms)
✔ parseCode (4.0885ms)
▶ libraryScanAuditStore
  ✔ atomically replaces and restores the complete latest audit (10.375417ms)
  ✔ fails closed for malformed audit documents (3.702208ms)
  ✔ reads schema 2 NFO dispositions while retaining schema 1 compatibility (7.841208ms)
✔ libraryScanAuditStore (23.398458ms)
▶ ScanCoordinator
  ✔ coalesces display progress while preserving per-file callbacks and the final event (30.894459ms)
  ✔ flushes pending progress before a failure without delaying the failure event (1.40275ms)
  ✔ binds an offline-created root identity and refreshes the frozen snapshot before scanning (2.668542ms)
  ✔ persists matching complete audit details with the latest summary (0.383709ms)
  ✔ publishes scan lifecycle events for every trigger (0.397209ms)
  ✔ uses one frozen configuration snapshot for the complete run (0.15775ms)
  ✔ reconciles resource identity pending rows only under roots proven safe after traversal (0.167833ms)
  ✔ preserves offline roots and removes only missing local resources under accessible roots (1.985459ms)
  ✔ aborts cleanup when a local path cannot be audited (0.643416ms)
  ✔ treats a root that becomes unreadable after traversal as offline (0.191584ms)
  ✔ rechecks the frozen root identity immediately before cleanup writes (0.286125ms)
  ✔ does not run cleanup after cancellation and releases the mutual-exclusion lease (0.341583ms)
  ✔ keeps resources after a coordinator-level failure (0.168ms)
  ✔ skips every destructive cleanup after a file processing failure (0.093333ms)
  ✔ replaces the unrecognized-file snapshot after every safe completed scan (0.152625ms)
  ✔ completes safe cleanup with errors when failures are isolated to STRM files (0.126791ms)
  ✔ consumes deferred path cleanup only after a successful uncancelled scan (0.071333ms)
  ✔ keeps deferred path cleanup queued after a partial folder scan (0.154833ms)
  ✔ allows a full cleanup-only scan after the final configured folder was removed (0.058917ms)
  ✔ preserves all three cleanup audit sequences above the argument limit (569.259208ms)
  ✔ removes resource-less memberships after deferred cleanup on a safe full scan (0.901208ms)
  ✔ persists a sanitized failed summary without running destructive cleanup (0.627083ms)
  ✔ rolls back resource cleanup and keeps pending roots when auto-delete fails (0.9965ms)
  ✔ keeps pending roots when the cleanup transaction cannot commit (0.680459ms)
  ✔ rejects duplicate scans and scans blocked by resource maintenance (11.071375ms)
✔ ScanCoordinator (629.608875ms)
▶ scanFolders
  ✔ rejects an archived library atomically when manual import resumes after probing (18.474666ms)
  ✔ rejects manual import when the root is physically replaced while duration probing is suspended (16.274292ms)
Scan error for /var/folders/h4/zxrt6zwx6dv1n16kwxzltqgh0000gn/T/javdex-scan-YwyrW4/scan-replaced-root/RACE-003.mp4 Error: 只能操作身份有效的启用媒体库根目录内文件
    at rejectManagedRootFile (/Users/nut/Project/JavdexLabs/Javdex/src/main/services/mediaLibraryRootFileGuard.ts:32:9)
    at requireCurrentRootIdentity (/Users/nut/Project/JavdexLabs/Javdex/src/main/services/mediaLibraryRootFileGuard.ts:86:5)
    at assertRootFile (/Users/nut/Project/JavdexLabs/Javdex/src/main/services/mediaLibraryRootFileGuard.ts:98:27)
    at assertMediaLibraryRootFile (/Users/nut/Project/JavdexLabs/Javdex/src/main/services/mediaLibraryRootFileGuard.ts:170:3)
    at authorizeMediaLibraryRootFile (/Users/nut/Project/JavdexLabs/Javdex/src/main/services/mediaLibraryRootFileGuard.ts:230:3)
    at authorizeFileWrite (/Users/nut/Project/JavdexLabs/Javdex/src/main/scanner/scanner.ts:656:7)
    at scanFolders (/Users/nut/Project/JavdexLabs/Javdex/src/main/scanner/scanner.ts:1142:7)
    at async TestContext.<anonymous> (/Users/nut/Project/JavdexLabs/Javdex/src/main/scanner/scanner.test.ts:447:20)
    at async Test.run (node:internal/test_runner/test:1332:7)
    at async Suite.processPendingSubtests (node:internal/test_runner/test:911:7)
  ✔ keeps scan state unchanged when a frozen root is physically replaced during probing (26.890083ms)
Scan error for /var/folders/h4/zxrt6zwx6dv1n16kwxzltqgh0000gn/T/javdex-scan-7dVIg3/rename-import-replaced-root/RACE-004.mp4 Error: 只能操作身份有效的启用媒体库根目录内文件
    at rejectManagedRootFile (/Users/nut/Project/JavdexLabs/Javdex/src/main/services/mediaLibraryRootFileGuard.ts:32:9)
    at requireCurrentRootIdentity (/Users/nut/Project/JavdexLabs/Javdex/src/main/services/mediaLibraryRootFileGuard.ts:86:5)
    at assertRootFile (/Users/nut/Project/JavdexLabs/Javdex/src/main/services/mediaLibraryRootFileGuard.ts:98:27)
    at assertMediaLibraryRootFile (/Users/nut/Project/JavdexLabs/Javdex/src/main/services/mediaLibraryRootFileGuard.ts:170:3)
    at authorizeMediaLibraryRootFile (/Users/nut/Project/JavdexLabs/Javdex/src/main/services/mediaLibraryRootFileGuard.ts:230:3)
    at authorizeFileWrite (/Users/nut/Project/JavdexLabs/Javdex/src/main/scanner/scanner.ts:656:7)
    at scanFolders (/Users/nut/Project/JavdexLabs/Javdex/src/main/scanner/scanner.ts:1074:9)
    at async renameAndImport (/Users/nut/Project/JavdexLabs/Javdex/src/main/scanner/scanner.ts:1444:20)
    at async TestContext.<anonymous> (/Users/nut/Project/JavdexLabs/Javdex/src/main/scanner/scanner.test.ts:536:19)
    at async Test.run (node:internal/test_runner/test:1332:7)
  ✔ does not commit or rename a replacement-root file when rename-import resumes after probing (25.288875ms)
  ✔ rejects a disabled target root at the resource transaction boundary (13.562417ms)
  ✔ reuses archived local and STRM source paths without crossing library ownership (36.369541ms)
  ✔ imports mixed local and STRM resources into one video and keeps the local file primary (27.830541ms)
  ✔ chooses the scan primary independently of directory entry order (22.83875ms)
  ✔ reselects the primary when scanning into an existing resource-less video (14.745208ms)
  ✔ keeps mixed local and STRM resources in one masked pending group (26.736333ms)
  ✔ rejects a stale pending STRM assignment, refreshes its snapshot, then accepts it (28.387667ms)
  ✔ removes an invalidated STRM snapshot from the pending group on a later scan (21.096042ms)
  ✔ syncs a changed STRM target in place while preserving primary and user-maintained fields (31.50175ms)
  ✔ isolates invalid STRM files and retries them without replacing a bound target (35.928541ms)
  ✔ relocates STRM only when the complete filename and target identify one missing source (32.564833ms)
  ✔ loads STRM candidates once per scan across imports, moves and pending writes (567.847916ms)
  ✔ relocates a bound STRM after its video code has been corrected (24.869959ms)
  ✔ holds new resources for confirmation when several videos already use the code (14.397542ms)
  ✔ keeps an already-pending path out of relocation and refreshes its pending snapshot (13.2005ms)
  ✔ holds a same-scan multi-file code together when automatic assignment is disabled (14.304458ms)
  ✔ does not let an invalid STRM force a valid same-code video into confirmation (20.890083ms)
  ✔ persists a pending scan group across database reopen and assigns it atomically (20.069709ms)
  ✔ rolls back every scan assignment when final pending-group deletion fails (16.361542ms)
  ✔ imports one unambiguous file normally when automatic assignment is disabled (13.223417ms)
  ✔ holds a new resource that matches one existing video when automatic assignment is disabled (14.921208ms)
  ✔ promotes the available resource when assigning into an existing video without a primary (24.02725ms)
  ✔ normalizes a manual code and attaches to an existing case-insensitive identity (173.934708ms)
  ✔ aborts when a nested directory cannot be audited (12.453167ms)
  ✔ imports a symbolic-link video by its link path and file name (22.54125ms)
  ✔ does not follow symbolic-link directories (14.023208ms)
  ✔ silently skips a broken symbolic-link video (12.08475ms)
  ✔ leaves missing-resource cleanup to the high-level scan coordinator (23.193333ms)
  ✔ keeps distinct symbolic-link paths that point to the same target (21.174416ms)
  ✔ keeps a resource under an unavailable root when the same code appears online (22.049875ms)
  ✔ relocates one same-code video by a unique file-size match without requiring the old name (13.181333ms)
  ✔ uses full file name and size to relocate safely when several videos share a code (16.892375ms)
  ✔ does not relocate when full file name and size match more than one duplicate-code video (13.832667ms)
  ✔ treats a new file normally when an old same-code path cannot be audited (20.138917ms)
  ✔ keeps an unrecognized rename and only rediscovers the renamed file (24.538ms)
  ✔ uses the scan same-code pending flow when automatic merging is disabled (23.236208ms)
  ✔ renames and discovers the code without a manual code or target (23.709417ms)
  ✔ renames and imports an unrecognized STRM as a source-managed link (23.627708ms)
  ✔ imports recognized videos and reports unrecognized files (23.146583ms)
  ✔ reuses scanned directory entries when checking a directory without NFO files (137.276791ms)
  ✔ refreshes a changed local identity snapshot on rescan before user confirmation (16.8265ms)
  ✔ refreshes a changed strm identity snapshot on rescan before user confirmation (22.45025ms)
  ✔ uses NFO identity only for newly discovered resources when automatic import is enabled (41.58825ms)
  ✔ handles cancellation during the only or first NFO application and preserves committed file audits (35.888292ms)
  ✔ aggregates first-discovery NFO candidates once per video after all resources are assigned (23.700541ms)
  ✔ does not count an existing pending resource identity as a new same-code file (21.5045ms)
  ✔ keeps distinct local NFO candidates in the existing confirmation workflow (60.748292ms)
  ✔ persists a filename/NFO identity conflict without creating formal library records (27.689916ms)
  ✔ persists only a masked STRM target projection for an NFO identity conflict (28.503167ms)
  ✔ keeps a valid filename import when its NFO is invalid and records only a secondary warning (31.432542ms)
  ✔ uses NFO identity across libraries but never overwrites a globally scraped-success video (30.289208ms)
  ✔ applies local NFO with fill-empty semantics for new and failed videos (39.35125ms)
  ✔ reattaches a scanned file to an existing no-resource video without replacing metadata (18.007125ms)
  ✔ yields while scanning large batches (251.123208ms)
  ✔ collects a very large root without overflowing call arguments before cancellation (2671.564166ms)
  ✔ stops when cancelled (113.227584ms)
  ✔ skips new imports shorter than 30 minutes (19.178792ms)
  ✔ skips short files before unrecognized handling (19.301833ms)
  ✔ stores probed duration on import (49.389792ms)
  ✔ refreshes duration when the file changes on rescan (22.801875ms)
  ✔ skips duration probe on rescan when file is unchanged (22.509458ms)
  ✔ emits one final audit outcome for every processed file (20.277792ms)
✔ scanFolders (5340.973917ms)
▶ STRM parser
  ✔ matches the STRM extension without case sensitivity (0.910459ms)
  ✔ accepts one HTTP target after BOM, blank lines, comments, and Kodi properties (1.726792ms)
  ✔ normalizes supported HTTP, Magnet, and ED2K targets through the resource contract (0.684416ms)
  ✔ rejects empty, multiple-target, invalid UTF-8, and unsupported-protocol content (2.143167ms)
  ✔ accepts exactly 1 MiB and rejects larger input without truncation (2.58475ms)
✔ STRM parser (9.622708ms)
✔ matches unique missing sources and retains filename, target, root and uncertainty rules (1.9065ms)
✔ incrementally tracks same-scan insertions and target/path changes, but invalidates unknown writes (0.375375ms)
✔ does not acknowledge unrelated writes or a failed mutation as a complete cache update (0.229792ms)
✔ retains the cache for known pending writes but cannot hide an intervening external write (0.14075ms)
✔ examines one matching candidate per lookup in a 10000-resource relocation (84.026875ms)
✔ examines one matching candidate per lookup in a 20000-resource relocation (172.402125ms)
✔ examines one matching candidate per lookup in a 300382-resource relocation (3113.179292ms)
✔ examines one matching candidate per lookup in a 600764-resource relocation (9161.246959ms)
✔ indexes target keys as well as filenames when many directories use the same filename (239.970417ms)
▶ videoDuration
  ✔ resolves configured minutes to seconds (0.701709ms)
  ✔ treats unknown duration as not below minimum (0.084917ms)
  ✔ flags durations shorter than threshold (0.052291ms)
  ✔ prefers scraped duration over primary resource duration (0.051959ms)
  ✔ uses primary resource duration when scraped duration is missing (0.033333ms)
  ✔ returns null when both durations are missing (0.028583ms)
  ✔ only refreshes stored local resource duration when probe value changed (0.034ms)
  ✔ only probes when duration is missing or file fingerprint changed (0.0875ms)
✔ videoDuration (1.993208ms)
▶ actressScraperManager
  ✔ returns a pending outcome without partially applying a conflicting profile (157.822417ms)
  ✔ clears the selected avatar in replace mode when the matched source has no avatar (148.720125ms)
  ✔ promotes an unscraped actress to scrape success when a profile field is applied (174.291ms)
  ✔ records a failed scrape without a success time when no profile matches (167.46825ms)
  ✔ records a failed scrape without a success time when the source throws (167.636209ms)
  ✔ records failure in replace-if-present mode when a matched profile has no selected value (134.739292ms)
  ✔ promotes a previously failed actress when a later scrape applies valid data (152.606708ms)
  ✔ skips fill-empty scraping without changing cumulative status when no selected field is missing (76.212125ms)
  ✔ skips fillEmpty when a matched profile has no new values for remaining empty fields (147.327167ms)
  ✔ still fails fillEmpty when a matched profile has no usable field values (133.614375ms)
  ✔ keeps cumulative success and its timestamp when a later scrape fails (142.094666ms)
  ✔ lets Gfriends try stored aliases after the main name without enabling global alias search (84.636ms)
  ✔ applies successful field sources when another source fails (282.53025ms)
  ✔ preserves a field in replace mode when its composite source fails (337.483625ms)
  ✔ clears a field in replace mode when its composite source matched with no value (310.750625ms)
  ✔ records failure when every configured composite source fails (248.735583ms)
  ✔ warns when a composite avatar source cannot download its result (295.977042ms)
  ✔ preserves the existing gallery when every returned image is unusable (132.910916ms)
✔ actressScraperManager (3298.111709ms)
▶ bundled video candidate plugins
  ✔ normalizes year-month values through the documented sandbox helper (76.07425ms)
  ✔ JavDB fetches every first-page exact match and never falls back to a fuzzy item (78.874209ms)
  ✔ JavDB fails the complete scrape when any exact-match detail fails (67.415375ms)
  ✔ JavLibrary returns all exact cards and ignores title containment or first-item fallback (73.291083ms)
✔ bundled video candidate plugins (297.016458ms)
▶ isCloudflareChallengeText
  ✔ trusts the official cf-mitigated challenge response header signal (1.147958ms)
  ✔ detects classic JS challenge interstitial markers (0.160083ms)
  ✔ ignores passive challenge-platform scripts on normal JavDB detail pages (1.63625ms)
  ✔ detects managed challenge markers (0.08225ms)
  ✔ detects body copy only with Cloudflare co-signals (0.118417ms)
  ✔ detects turnstile-only shells but not embedded widgets on content pages (0.042958ms)
  ✔ does not treat normal pages, helper copy, or vague phrases as Cloudflare (0.317291ms)
✔ isCloudflareChallengeText (4.107042ms)
▶ buildPluginRegistry
  ✔ lets user scrapers override bundled names (0.790208ms)
✔ buildPluginRegistry (1.257542ms)
▶ runCompositeFieldGroups
  ✔ groups fields, picks, and merges across plugins (1.506667ms)
  ✔ aborts on the first plugin error when policy is abort (1.171917ms)
  ✔ collects per-plugin warnings and continues when policy is collect (0.184333ms)
  ✔ throws when every grouped source fails under collect policy (0.123959ms)
  ✔ returns a null result when every plugin yields no match (0.081291ms)
✔ runCompositeFieldGroups (3.356125ms)
▶ configuredScraperService
  ✔ normalizes legacy settings without a service config and drops an unusable MetaTube default (16.940958ms)
  ✔ normalizes origins and path prefixes while rejecting unsafe base URLs (1.675667ms)
  ✔ stores only public configuration in settings and requires acknowledgement for remote HTTP tokens (1.970292ms)
  ✔ blocks clearing while MetaTube is referenced and clears address plus token otherwise (6.193042ms)
  ✔ keeps bearer credentials on the configured origin and preserves a base path (5.06ms)
  ✔ snapshots the address, proxy choice, and token for an in-flight scrape (2.005ms)
  ✔ rejects cross-origin redirects before sending credentials to the target (0.705375ms)
  ✔ rejects HTTPS downgrade redirects (1.149666ms)
  ✔ classifies authentication, rate-limit, server, malformed, and oversized responses (1.363292ms)
  ✔ tests draft configuration without persisting its token (1.090958ms)
✔ configuredScraperService (40.421833ms)
▶ Gfriends bundled actress plugin
  ✔ prefers the main name and selects its last quality-ordered avatar candidate (68.428834ms)
  ✔ uses the first exact alias only when the main name has no candidate (79.129459ms)
  ✔ does not return a fuzzy name match (70.618417ms)
  ✔ uses the current jsDelivr namespace when the primary index is unavailable (73.153958ms)
  ✔ reserves Gfriends as a built-in actress plugin name (0.537958ms)
✔ Gfriends bundled actress plugin (292.65675ms)
▶ MetaTube bundled video plugin
  ✔ keeps exact providers in search order and maps the documented fields (109.523667ms)
  ✔ returns no candidates for search 404 or fuzzy-only search results (155.547208ms)
  ✔ rejects a detail whose exact code differs from its search item (87.291875ms)
  ✔ rejects too many exact providers before requesting details (73.043667ms)
  ✔ fails the entire scrape if one exact detail request fails (65.690541ms)
[scraper:MetaTube] MetaTube 样张超过 40 张，已截断
  ✔ caps public sample proxy URLs at forty without putting credentials in them (82.261291ms)
  ✔ rejects incompatible known fields and caps detail concurrency at four (154.525417ms)
✔ MetaTube bundled video plugin (731.112083ms)
▶ MetaTube service integration
  ✔ runs connection checks and the bundled worker against a local fake HTTP service (162.578917ms)
✔ MetaTube service integration (163.514042ms)
▶ action network capture
  ✔ keeps http(s) query strings and strips credentials (1.577541ms)
  ✔ redacts credential-bearing query values before exposing recent requests (0.804166ms)
  ✔ omits sensitive post bodies (0.45625ms)
  ✔ records only an active action window and does not label search (2.006292ms)
  ✔ keeps the newest requests when the action window overflows (0.506667ms)
✔ action network capture (6.510417ms)
▶ browser evaluate policy
  ✔ allows forbidden API names inside diagnostic strings, comments and regular expressions (8.5575ms)
  ✔ still rejects executable references and computed access to forbidden APIs (0.745625ms)
  ✔ rejects credential, storage and sensitive form access (0.345583ms)
  ✔ rejects live-page mutation and computed property access (0.8165ms)
  ✔ rejects destructuring aliases that recover live-realm capabilities (0.653458ms)
  ✔ names the forbidden API and points markup reads to html (1.867875ms)
  ✔ uses one normalized evaluator and drains timeout cleanup before rejecting (5.744875ms)
✔ browser evaluate policy (20.627709ms)
▶ ScrapeBrowserHost leases
  ✔ reuses the same owner and rejects a competing owner immediately (1.878125ms)
  ✔ freezes proxy and stops the helper as soon as a scrape lease is released (2.720042ms)
  ✔ closes the active helper session with the main window and remains reusable (0.461792ms)
  ✔ presents the helper through the lease without exposing it as a plugin browser action (0.138625ms)
  ✔ invalidates all lease actions when its operation signal is cancelled (0.778458ms)
  ✔ terminates the helper when an in-flight Playwright action is cancelled (3.388084ms)
  ✔ terminates the helper before reporting an evaluate timeout (506.0115ms)
  ✔ keeps oversized ARIA complete for the artifact layer (0.872416ms)
  ✔ sends cancel, ignores a late response and kills a non-cooperative helper after 500ms (1044.943ms)
  ✔ keeps one click successful while transient post-action observation recovers (1.874792ms)
  ✔ blocks a disallowed main-frame navigation before an agent action sends it (0.352333ms)
  ✔ returns bounded scroll metrics and invalidates refs without changing the document revision (0.387709ms)
  ✔ extracts a host-owned load-more availability signal with the candidate snapshot (0.294708ms)
  ✔ returns the host-owned terminal proof result with the candidate snapshot (0.077416ms)
  ✔ returns pending after a successful action but makes explicit snapshot pending retryable (0.658334ms)
  ✔ classifies a failed state action with a changed revision as uncertain without replaying it (0.671292ms)
  ✔ keeps selector uniqueness failures as ordinary action failures (0.188541ms)
  ✔ reports zero matches separately from multiple matches (0.303417ms)
✔ ScrapeBrowserHost leases (1569.436791ms)
▶ normalizeNetworkUrl
  ✔ strips hash and lowercases host (0.845ms)
  ✔ returns null for invalid URLs (0.17075ms)
✔ normalizeNetworkUrl (1.957833ms)
▶ networkUrlPathKey
  ✔ drops search and hash (0.167083ms)
✔ networkUrlPathKey (0.296583ms)
▶ isImageNetworkResource
  ✔ accepts Image resource type (0.154083ms)
  ✔ accepts image mime types (0.061542ms)
  ✔ rejects non-images and error statuses (0.047791ms)
✔ isImageNetworkResource (0.401875ms)
▶ hasImageMagicBytes
  ✔ detects jpeg and rejects html (0.538959ms)
✔ hasImageMagicBytes (0.881959ms)
▶ ImageBodyLruCache
  ✔ returns exact and aliased URLs (0.604709ms)
  ✔ matches unique path when query differs (0.388042ms)
  ✔ does not path-match when multiple distinct bodies share a path (1.032291ms)
  ✔ evicts oldest entries by count (0.407167ms)
  ✔ clears all state (0.598459ms)
✔ ImageBodyLruCache (3.350166ms)
▶ prioritizeInspectLinks
  ✔ keeps a main result card when more than maxLinks navigation links precede it (0.528209ms)
  ✔ preserves DOM order within priority groups and deduplicates after prioritizing (0.556875ms)
✔ prioritizeInspectLinks (1.4995ms)
▶ selectInspectLocaleLinks
  ✔ keeps locale anchors in document order and always allows an empty result (0.107833ms)
  ✔ caps locale anchors without mixing them back into content ranking (0.07125ms)
✔ selectInspectLocaleLinks (0.248375ms)
▶ selectInspectScriptSrcs
  ✔ keeps document order, deduplicates, and allows an empty result (0.092042ms)
✔ selectInspectScriptSrcs (0.148292ms)
▶ inspectLinkRawHref
  ✔ omits rawHref when the HTML attribute already matches the resolved href (0.063709ms)
  ✔ keeps protocol-relative and path-only attributes that cheerio will see (0.038708ms)
✔ inspectLinkRawHref (0.161458ms)
▶ ScrapeBrowserFramedSocket
  ✔ rejects the wrong token, parent pid, protocol version or CDP port (2.332ms)
  ✔ round-trips authenticated hello frames and native Buffers (9.628ms)
  ✔ rejects an oversized incoming frame before allocating its body (1.108167ms)
✔ ScrapeBrowserFramedSocket (14.527333ms)
▶ scrape browser readiness
  ✔ does not resolve an intermediate verification page even when it has matching content (0.704833ms)
  ✔ does not accept selectors found on a verification page (0.066541ms)
✔ scrape browser readiness (1.909333ms)
▶ ScrapeBrowserWaitBudget
  ✔ does not consume the page timeout while Cloudflare verification is active (0.116625ms)
  ✔ still enforces the page timeout while no challenge is active (0.040709ms)
  ✔ caps manual verification independently from the page timeout (0.03825ms)
  ✔ accumulates the verification cap across repeated challenge periods (0.033209ms)
✔ ScrapeBrowserWaitBudget (0.324791ms)
✔ buildScrapeUserAgent drops Electron and app product tokens (1.333458ms)
✔ derivePlatformFromOsToken maps Windows, macOS and Linux (0.617167ms)
✔ resetScrapeUaProfileCache clears memoized profile (0.345667ms)
▶ scraperManager plugin availability gates
  ✔ publishes the built-in local NFO source as runnable but not editable or exportable (10.092459ms)
  ✔ lists MetaTube for configuration but excludes it from executable names until configured (7.258958ms)
  ✔ rejects unconfigured service plugins as new composite field sources (2.848584ms)
✔ scraperManager plugin availability gates (21.954ms)
▶ scraperPluginSandbox
  ✔ loads cheerio/slim so packaged scrapers do not need undici (82.3625ms)
  ✔ terminates a non-returning plugin worker when the caller aborts (36.23225ms)
  ✔ does not report an aborted run as settled while a started host RPC is still running (151.443125ms)
  ✔ serves repeated persistent fetchBuffer calls from the plugin resource cache (84.21ms)
✔ scraperPluginSandbox (355.326459ms)
▶ scraperPluginService
  ✔ describes bundled video scraper fields from shipped manifests (9.482792ms)
  ✔ describes bundled actress scraper fields from shipped manifests (2.685375ms)
  ✔ drops unknown actress supported field ids from packages (76.508667ms)
  ✔ lists bundled plugins shipped with the app (1.011041ms)
  ✔ reads bundled plugin packages for export and AI debug (4.075083ms)
  ✔ keeps MetaTube visible but unavailable until configured (1.01175ms)
  ✔ rejects a user package that tries to declare a trusted service binding (1.938084ms)
  ✔ does not assign a standalone delay to composite scrapers (5.178ms)
  ✔ imports and executes a custom video plugin through the BaseScraper adapter (122.048458ms)
  ✔ normalizes video ratings to valid 5-point records only (1.609958ms)
  ✔ reads an installed custom plugin package for AI debugging (53.396333ms)
  ✔ imports and executes a custom actress plugin through the BaseActressScraper adapter (128.194875ms)
  ✔ rejects custom plugins that reuse a built-in name (1.366166ms)
  ✔ renames legacy user plugins that override built-in names to -custom (11.07425ms)
  ✔ preserves settings for a legacy user plugin named after retired JAV8 (4.751666ms)
  ✔ uses -custom-2 when -custom is already taken (3.091042ms)
  ✔ keeps bundled plugins visible after rejecting a same-name custom install (0.996375ms)
  ✔ rejects duplicate custom plugin names (81.695209ms)
  ✔ atomically replaces a user plugin without leaving staging or backup directories (140.226375ms)
  ✔ rejects plugin names that collide after filename sanitization (63.624167ms)
  ✔ rejects packages without kind (1.692208ms)
  ✔ exports packages with kind (64.76975ms)
✔ scraperPluginService (782.253833ms)
▶ ScraperResourceCache
  ✔ reuses a fresh plugin resource without another network request (4.842209ms)
  ✔ reuses a fresh plugin resource after the cache is recreated (4.228167ms)
  ✔ revalidates an expired resource with its ETag and retains a 304 body (3.563083ms)
  ✔ returns an expired resource when revalidation fails and stale fallback is enabled (1.350292ms)
  ✔ rejects a resource larger than the host entry quota (0.884833ms)
  ✔ rejects writes beyond the host quota for one plugin (4.837875ms)
  ✔ enforces the plugin quota across concurrent resource commits (2.434042ms)
✔ ScraperResourceCache (23.522125ms)
▶ trusted scraper service sandbox bridge
  ✔ exposes service methods only to a trusted binding while keeping the token in main (176.129041ms)
  ✔ fails before starting a trusted worker when the service is not configured (0.870625ms)
✔ trusted scraper service sandbox bridge (177.812125ms)
▶ scraperManager.scrapeVideo
  ✔ uses the built-in local NFO source for manual, composite, and default runs without network fallback (64.301625ms)
  ✔ treats a missing local NFO as a normal no-match without marking scrape failure (17.464375ms)
  ✔ uses only the effective composite field sources to classify a quiet local NFO no-match (86.629667ms)
  ✔ delivers actress avatars to the merged cast positions across local and web composite sources (198.581667ms)
  ✔ persists exact multi-candidate results without selecting or applying one by default (142.852125ms)
  ✔ stages every declared candidate image even when the field was not selected (147.737208ms)
  ✔ confirms a candidate from the local snapshot without visiting the remote site again (167.716584ms)
  ✔ discards pending candidates, cleans staging, and preserves cumulative success (184.323125ms)
  ✔ replaces pending staging and removes the replacement after a later unique success (468.17675ms)
  ✔ startup cleanup removes only old unreferenced video staging directories (147.927958ms)
  ✔ filters exact-code mismatches and conservatively deduplicates normalized source urls (111.694958ms)
  ✔ rejects an invalid candidate array atomically and preserves an older pending decision (275.95475ms)
  ✔ keeps the old pending snapshot and staging when a valid replacement fails mid-transaction (287.562833ms)
  ✔ returns every exact-code exclusion warning when no candidate remains (145.48825ms)
  ✔ applies the only exact candidate after exclusions without creating pending state (141.625583ms)
  ✔ normalizes a year-month release date to the first day of that month (151.812708ms)
  ✔ keeps a unique candidate pending when applying it would duplicate a business identity (162.440708ms)
  ✔ rolls back a conflict merge and candidate apply when pending deletion fails (187.38525ms)
  ✔ returns director candidates before writes and applies an explicit choice on retry (485.395375ms)
  ✔ keeps an ambiguous director during batch-style scraping and applies safe fields (503.039084ms)
  ✔ reports a matched result as skipped when no selected value can be applied (339.095416ms)
  ✔ stores composite source links and ratings under their actual field plugins (639.685334ms)
  ✔ persists and confirms composite candidates independently per source (398.563541ms)
  ✔ ignores unsupported fields before validating and applying the selected plugin result (216.401042ms)
  ✔ still rejects a malformed field when the plugin declares it as supported (269.548625ms)
  ✔ preserves a composite field when its source does not match but another source succeeds (549.056959ms)
downloadCover failed: TEST-001 https://cover.example/broken.jpg response is not a usable image
  ✔ applies text data but preserves an old cover when the returned image is unusable (285.03775ms)
downloadSamples failed: TEST-001 1 https://sample.example/two.jpg response is not a usable image
  ✔ discards the whole sample set when any sample download fails but still applies text (290.175916ms)
  ✔ compensates downloaded assets when the apply phase throws after downloads commit (383.576375ms)
  ✔ discards a downloaded cast avatar when the actress already has a usable avatar (444.298166ms)
✔ scraperManager.scrapeVideo (7896.256333ms)
▶ Xslist bundled actress plugin
  ✔ treats the site anonymous image as no avatar (72.09425ms)
  ✔ keeps a real profile avatar (72.696958ms)
✔ Xslist bundled actress plugin (145.505708ms)
▶ actress batch scrape persistence lifecycle
  ✔ persists one stable job id and advances pending targets across restart (415.943083ms)
  ✔ loads a legacy task without tri-state fields using a stable fallback job id (163.1435ms)
  ✔ clears a cancelled task file without deleting its completed pending result (279.078542ms)
  ✔ persists only a canonical status and the start-time target snapshot (260.600125ms)
  ✔ recovers a paused checkpoint after an application restart cache reset (133.945416ms)
  ✔ normalizes a legacy scraped paused job without rewriting progress (156.050834ms)
  ✔ normalizes an omitted scrapeStatus to all while preserving the snapshot (180.285167ms)
  ✔ marks an unknown status job unrecoverable without falling back to all (136.506542ms)
  ✔ blocks resume for an unknown status job but still allows discard (134.563375ms)
  ✔ resumes from the saved snapshot without re-applying current filters (246.378ms)
  ✔ resumes a normalized legacy scraped job with unified scrape result semantics (323.047458ms)
✔ actress batch scrape persistence lifecycle (2431.022208ms)
▶ actressBatchScrapeTargets status normalization
  ✔ keeps the four canonical cumulative-status scopes (0.978583ms)
  ✔ normalizes the legacy scraped scope to 刮削成功 (0.192708ms)
  ✔ normalizes an omitted scope to 全部 (0.325375ms)
  ✔ rejects an unknown scope instead of widening the batch (0.934375ms)
  ✔ reports unknown scopes without throwing for persisted job snapshots (7.036083ms)
  ✔ never produces the legacy scope in a normalized request (0.812875ms)
✔ actressBatchScrapeTargets status normalization (11.156667ms)
▶ reconcilePersistedActressBatchJob
  ✔ rewrites scraped to success and omitted to all without touching progress (0.747166ms)
  ✔ keeps unrecognized scopes unrecoverable and does not widen to all (0.406ms)
✔ reconcilePersistedActressBatchJob (1.311958ms)
▶ actressBatchScrapeTargets resolution
  ✔ resolves each canonical cumulative-status scope (24.944208ms)
  ✔ resolves the legacy scraped scope as 刮削成功 and an omitted scope as 全部 (9.837875ms)
  ✔ intersects gender, cumulative status and missing fields (12.144542ms)
  ✔ treats explicit ids as the whole target set, ignoring the other filters (9.591375ms)
  ✔ deduplicates explicit ids and drops ids without a stored actress (9.043792ms)
  ✔ treats an empty explicit id list as zero targets (12.2085ms)
✔ actressBatchScrapeTargets resolution (78.069709ms)
▶ actressBatchScrapeTargets estimate and start
  ✔ estimates the count the start would resolve from the same request (8.190167ms)
  ✔ resolves targets again on start, so the total may differ from an earlier estimate (10.811708ms)
  ✔ freezes target ids, display names and total when the batch starts (9.783333ms)
✔ actressBatchScrapeTargets estimate and start (28.932ms)
▶ ActressIdentityConflictWorkflow
  ✔ inspects live ownership even when the name is not yet in a review group (18.632417ms)
  ✔ summarizes the same aggregated name groups returned by the review list (13.252958ms)
  ✔ keeps summary counts exact for mixed, multi-result, and multi-conflict groups (33.512916ms)
  ✔ lists pending name ownership without inventing a pending scrape (14.630917ms)
  ✔ rejects an unsupported pending name type instead of silently reclassifying it (15.853875ms)
  ✔ rejects a pending-name-ownership decision when the shown claim row changed (21.361541ms)
  ✔ assigns pending name ownership without creating or applying scrape data (18.424625ms)
  ✔ edits one pending name claim and resolves both resulting unique owners (16.774583ms)
  ✔ moves an edited pending name claim into another normalized-name group (22.219959ms)
  ✔ merges actresses directly from pending name ownership (19.60775ms)
  ✔ removes an illegal pending name without persisting a blacklist (18.9015ms)
  ✔ reassigns the only pending scrape to the explicit keeper after a merge (32.641166ms)
  ✔ keeps a usable keeper avatar while clearing its missing source and crop state (19.815709ms)
  ✔ uses the explicitly selected pending actress as keeper and the other current main name (22.433ms)
  ✔ rejects merging when both actresses own pending scrape snapshots (12.975458ms)
  ✔ does not treat another conflict between the same actress pair as a merge blocker (14.5005ms)
  ✔ rejects the whole workbench merge when a resulting name belongs to a third actress (17.166708ms)
  ✔ rejects the whole merge when the pending scrape also conflicts with a third actress (12.446541ms)
  ✔ rejects merging a persisted name claimed by a third actress pending scrape (20.379875ms)
  ✔ returns stale without merging when either actress changed after confirmation was shown (11.952958ms)
  ✔ rolls back the actress merge when pending reassociation fails (14.347209ms)
  ✔ edits only the selected conflicting name and applies the unlocked scrape atomically (16.326125ms)
  ✔ moves only the edited item when its new name conflicts in another dynamic group (21.048542ms)
  ✔ moves an edited name into a group claimed by another naturally unlocked pending result (25.481916ms)
  ✔ transfers complete ownership to the pending actress only with a replacement main name (23.265834ms)
  ✔ previews and applies an assigned conflicting alias in a fill-empty alias collection (20.351959ms)
  ✔ keeps earlier ownership decisions in the final fill-empty alias preview and apply (19.208ms)
  ✔ validates and removes every legacy claimant when assigning to the pending actress (31.739625ms)
  ✔ assigns a whole conflict group to an existing actress while applying profiles to original targets (19.868417ms)
  ✔ keeps confirmed ownership when the chosen existing actress is also a replace candidate (15.376875ms)
  ✔ removes an illegal normalized name from the whole group and applies unlocked profiles (14.809ms)
  ✔ requires a valid replacement for every main-name claimant before illegal-name removal (25.762625ms)
  ✔ validates illegal-name replacement main names against the live conflict snapshot (22.761167ms)
  ✔ does not reconcile newly active conflicts while rejecting a stale illegal-name decision (24.628083ms)
  ✔ removes only the current illegal group and does not remember a blacklist rule (31.558417ms)
  ✔ applies a result when its other recorded conflict has already become inactive (21.553417ms)
  ✔ rolls back illegal-name handling when name deletion fails (21.378792ms)
  ✔ rolls back illegal-name handling when main replacement fails (19.763709ms)
  ✔ rolls back illegal-name handling when profile application fails (40.804166ms)
  ✔ rolls back illegal-name handling when pending cleanup fails (21.018958ms)
  ✔ keeps the whole illegal-name group pending when any resource preparation fails (24.738709ms)
  ✔ requires a replacement when assigning a current main name to a third existing actress (18.531ms)
  ✔ finishes name-only results and preserves the original fill-empty update mode (47.456083ms)
  ✔ promotes staged resources when a name edit unlocks a pending scrape (29.78125ms)
  ✔ keeps a naturally unlocked result pending until the user explicitly applies it (72.545417ms)
  ✔ returns a stale outcome without writes when an involved actress changed (15.904875ms)
  ✔ rolls back every profile and promoted resource when a group apply fails (33.308042ms)
  ✔ freezes the complete scrape when one selected name belongs to another actress (14.78525ms)
  ✔ applies a complete result when equivalent names only belong to the target actress (15.146ms)
  ✔ atomically replaces one actress current snapshot and removes its old staged resources (19.488875ms)
  ✔ rolls back a conflict-free apply when removing the previous snapshot fails (14.582ms)
  ✔ does not delete an existing same-url gallery file when a later apply rolls back (29.044458ms)
  ✔ discards only the selected wrong match, records cumulative failure, and cleans staging (66.737583ms)
  ✔ startup cleanup removes only old unreferenced staging directories (12.939625ms)
  ✔ deleting a target actress also removes its staged pending resources (15.197708ms)
  ✔ removes prepared formal resources when profile application rolls back (20.050959ms)
✔ ActressIdentityConflictWorkflow (1283.216917ms)
Failed to clean deleted actress asset: avatar_sources/alpha.jpg Error: file is locked
    at deleteStoredAsset (/Users/nut/Project/JavdexLabs/Javdex/src/main/services/actressMaintenanceService.test.ts:122:61)
    at Object.deleteActresses (/Users/nut/Project/JavdexLabs/Javdex/src/main/services/actressMaintenanceService.ts:87:11)
    at TestContext.<anonymous> (/Users/nut/Project/JavdexLabs/Javdex/src/main/services/actressMaintenanceService.test.ts:126:28)
    at Test.runInAsyncScope (node:async_hooks:227:14)
    at Test.run (node:internal/test_runner/test:1325:25)
    at Suite.processPendingSubtests (node:internal/test_runner/test:911:18)
    at Test.postRun (node:internal/test_runner/test:1465:19)
    at Test.run (node:internal/test_runner/test:1390:12)
    at async Suite.processPendingSubtests (node:internal/test_runner/test:911:7)
▶ actressMaintenanceService.importGalleryImage
  ✔ runs legacy dimension repair as part of the explicit gallery write flow (2.50025ms)
✔ actressMaintenanceService.importGalleryImage (2.831292ms)
▶ actressMaintenanceService.deleteActresses
  ✔ deletes the complete batch and cleans stored resources (35.483625ms)
  ✔ rejects the whole batch when an actress is linked to a video (18.889625ms)
  ✔ reports resource cleanup failures after the database transaction commits (63.554791ms)
  ✔ rolls back the complete batch when a later record fails to delete (16.006166ms)
  ✔ previews current linked-actress and affected-video counts (18.352333ms)
  ✔ explicitly unlinks videos, deletes a mixed batch, and preserves video records and files (11.740875ms)
  ✔ rolls back removed video links when a later actress delete fails (15.650208ms)
  ✔ removes only the deleted actress ownership and pending result (16.081583ms)
  ✔ rejects an unknown delete mode instead of falling through to a destructive path (18.764084ms)
✔ actressMaintenanceService.deleteActresses (215.402417ms)
▶ actressQueryService.listActresses
  ✔ returns a stable page and the full matching total from the real database (22.799792ms)
  ✔ reuses one exact avatar-filter snapshot across subsequent pages (0.268542ms)
  ✔ refreshes the avatar-filter snapshot whenever the first page reloads (0.107834ms)
  ✔ inspects avatar health and fingerprints outside the database repository (32.96225ms)
✔ actressQueryService.listActresses (57.04275ms)
▶ actressQueryService.listFaceScanManifest
  ✔ exposes the dedicated minimal manifest through the query seam (0.222167ms)
✔ actressQueryService.listFaceScanManifest (0.30025ms)
▶ actressScrapeQueue.start target resolution
  ✔ scrapes exactly the targets the estimate reported for the same request (3791.648458ms)
  ✔ starts a legacy scraped request against 刮削成功 targets (295.555667ms)
  ✔ starts explicitly selected actresses regardless of the other filters (404.81275ms)
  ✔ starts no target for an empty explicit id list (251.124542ms)
  ✔ refuses to start a request with an unknown cumulative-status scope (209.7425ms)
✔ actressScrapeQueue.start target resolution (4954.291875ms)
▶ AgentMetadataActivityTimeline
  ✔ projects streaming reasoning into one bounded completed turn (2.838458ms)
  ✔ retains up to 64,000 reasoning characters and reports overflow (7.93875ms)
  ✔ uses semantic browser actions while retaining safe completion summaries (1.521167ms)
  ✔ keeps direct metadata submission distinct from browser inspection (0.408917ms)
  ✔ describes playlist page checkpoints as result-producing actions (0.435875ms)
  ✔ describes browser scroll without exposing tool arguments (0.239834ms)
  ✔ retains earlier reasoning across browser-heavy runs (3.236542ms)
✔ AgentMetadataActivityTimeline (19.92375ms)
✔ uses the indexed journal cursor without loading history for a metadata snapshot (3.039791ms)
▶ Agent metadata browser URL policy
  ✔ allows a public hostname when a system proxy maps it to the RFC 2544 fake-IP range (4.462625ms)
  ✔ still rejects direct benchmark-range IPs and hostnames resolving to private networks (7.85325ms)
  ✔ keeps identity query parameters while removing credentials and fragments from display URLs (7.14575ms)
✔ Agent metadata browser URL policy (21.55525ms)
▶ Agent metadata browser evidence binding
  ✔ accepts a production artifact only for its captured document and view (7.509375ms)
  ✔ rejects incomplete, tampered, and corrupt segmented production artifacts (14.578125ms)
✔ Agent metadata browser evidence binding (22.383834ms)
▶ AgentMetadataDraftService
  ✔ rejects a preview when a staged resource no longer matches its manifest (26.973333ms)
  ✔ rechecks staged resource bytes when applying an already reviewed draft (14.806792ms)
  ✔ cleans newly staged resources when persistence fails (19.341833ms)
  ✔ routes actress name ownership conflicts to the existing pending workflow (21.259959ms)
  ✔ routes duplicate video business identities to the existing pending workflow (45.161542ms)
  ✔ requires explicit user confirmation when actress names do not match (16.593667ms)
✔ AgentMetadataDraftService (145.347167ms)
▶ app release service
  ✔ parses and compares stable release versions numerically (1.002125ms)
  ✔ accepts only trusted published GitHub releases (0.121459ms)
  ✔ validates cached update state before exposing it to the renderer (0.149583ms)
✔ app release service (1.681042ms)
▶ asset byte cache
  ✔ separates variants and invalidates all variants of only the changed asset (4.609083ms)
  ✔ checks every file identity field and isolates callers from cached mutable buffers (0.751375ms)
  ✔ enforces the entry cap while retaining recently read and replaced entries (1.284458ms)
  ✔ enforces the 96MiB byte cap and skips oversized entries without flushing other images (37.053375ms)
✔ asset byte cache (48.27875ms)
▶ image asset inspection cache
  ✔ loads an unchanged image once and reloads it when its file signature changes (0.516ms)
  ✔ reloads an image after explicit asset invalidation (0.324667ms)
  ✔ evicts the least recently used inspection after reaching capacity (0.584334ms)
✔ image asset inspection cache (1.706166ms)
✔ retries after the first scrypt failure (182.973083ms)
✔ retries after the first importKey failure (173.076083ms)
✔ keeps the new cache when a pre-reset KDF later succeeds (159.309917ms)
✔ keeps the new cache when a pre-reset KDF later fails (187.621ms)
✔ waits for cold key derivation on cancellation and never starts decryption (113.712167ms)
✔ reads the existing AVPK format through synchronous and asynchronous crypto (330.518584ms)
✔ coalesces cold key derivation and never uses synchronous crypto in the async reader (273.473542ms)
✔ rejects invalid or tampered encrypted bodies without returning plaintext (227.519208ms)
✔ waits for an active native job before discarding its cancelled result (476.956ms)
▶ assetLocationMigration
  ✔ moves plain and encrypted files including alias store (135.0895ms)
  ✔ maps default path setting when relocating back to userData (162.363791ms)
  ✔ allows relocating back to default when only empty asset subfolders remain (73.365917ms)
  ✔ rolls back copied files without touching the active root (21.630791ms)
  ✔ rejects migration while the configured source root is unavailable (32.768417ms)
  ✔ rejects targets nested inside the active media root (52.382291ms)
  ✔ rejects a target that resolves to the source through a symlinked parent (44.853958ms)
  ✔ rejects a differently-cased path that resolves to the same directory (23.256875ms)
  ✔ resumes when the target contains matching files from an interrupted copy (27.1335ms)
  ✔ preserves pre-existing matching copies when a resumed migration rolls back (43.022959ms)
  ✔ keeps source files when the prepared target disappears before commit (76.908667ms)
  ✔ preserves a copied target that was replaced before a failed commit rolls back (24.474584ms)
  ✔ rejects an interrupted target whose file contents do not match the source (23.843959ms)
  ✔ rejects directory symlinks without reading or deleting files outside the asset root (62.490083ms)
  ✔ rejects a symlinked asset root without touching its external target (36.964042ms)
✔ assetLocationMigration (842.431708ms)
▶ assetMigration opaque paths
  ✔ encrypts to opaque paths and restores readable paths on decrypt (186.316834ms)
✔ assetMigration opaque paths (188.121459ms)
✔ reads legacy without rewriting and migrates on mutation preserving all entries (349.343209ms)
✔ does not reread a warm map or append unchanged values; reloads deletions (174.025167ms)
✔ preserves a legacy file when snapshot rename fails (501.538125ms)
✔ recovers an interrupted tail and truncates it before retry (158.034209ms)
✔ rejects corrupted complete ciphertext and preserves it on attempted mutation (111.105917ms)
✔ rejects missing or incomplete first snapshots (200.95225ms)
✔ reloads the actual committed record after an uncertain fsync failure (124.060958ms)
✔ compacts after sustained updates and reloads the latest values (31734.367334ms)
✔ preserves the appended result when compaction rename fails (140.520625ms)
✔ invalidates the cached map after external replacement (63.463042ms)
▶ assetPathNaming
  ✔ builds readable bases with seed and url hash (2.579375ms)
  ✔ sanitizes non-ascii seeds and truncates overly long values (0.298417ms)
  ✔ keeps equal-length Chinese actress names on distinct asset seeds (0.556834ms)
  ✔ scopes asset seeds by actress id when provided (0.480583ms)
  ✔ keeps actress id prefix when the readable label is long (0.299667ms)
  ✔ builds distinct gallery paths for equal-length Chinese names and the same url (0.268458ms)
  ✔ builds opaque bases without embedding seed text (0.347333ms)
  ✔ detects opaque encrypted filenames (0.694625ms)
  ✔ derives stable opaque names from plaintext relative paths (0.316917ms)
✔ assetPathNaming (11.411084ms)
▶ AutomaticScanScheduler
  ✔ runs every due library in stable order from independent persisted state (2.623375ms)
  ✔ runs an already-enabled library with no scan history after the startup delay (0.11875ms)
  ✔ calculates each library due time from its own interval and last finished time (0.07675ms)
  ✔ waits one full interval after a library is newly enabled (0.139125ms)
  ✔ skips disabled, rootless and not-yet-due libraries (0.071416ms)
  ✔ runs a due rootless library when it still has deferred cleanup work (0.071791ms)
  ✔ defers while maintenance is busy and rechecks on the next poll (0.068834ms)
  ✔ isolates one library failure and continues the serial due queue (0.237458ms)
  ✔ keeps startup, resume, and every due library globally serial (1.351458ms)
  ✔ uses the resume delay and clears all scheduled work on stop (0.503583ms)
✔ AutomaticScanScheduler (6.386ms)
▶ AvatarAutoCropMediator
  ✔ resolves automatic crop requests and rejects stale replies (1.743667ms)
  ✔ fails pending automatic crop requests after renderer disconnects (0.130083ms)
  ✔ times out automatic crop requests without accepting a late response (2.7325ms)
  ✔ owns the crop batch token until matching end or disconnect (0.188208ms)
  ✔ rejects a second begin while a crop batch is active (0.1965ms)
✔ AvatarAutoCropMediator (5.943666ms)
✔ writes the definition once and keeps total checkpoint bytes near-linear (38785.737375ms)
ℹ {"targets":[1000,2000],"totalWrittenBytes":[409049,822049],"definitionWritesPerJob":1}
✔ reads legacy checkpoints and migrates on the next save without losing targets (15.7655ms)
✔ preserves the last checkpoint when write fails and retries safely (25.889917ms)
✔ preserves the last checkpoint when sync fails and retries safely (24.813208ms)
✔ preserves the last checkpoint when rename fails and retries safely (25.941ms)
✔ keeps the old definition on failed replacement and prunes unused manifests after commit (44.822542ms)
✔ refuses missing, tampered or mismatched manifests instead of treating the job as absent (16.217333ms)
✔ stops the queue on checkpoint failure and resumes from the durable cursor without skipping work (31.75775ms)
✔ rejects damaged cursor and total fields without deleting the checkpoint (16.420083ms)
✔ reloads actual disk state and retains the manifest after replace directory-sync failure (18.597125ms)
✔ reloads actual disk state and retains the manifest after clear directory-sync failure (15.790833ms)
✔ does not report committed saves or clears as failed when manifest cleanup cannot enumerate (19.858333ms)
✔ executes real read-only tag queries and observes writes through the worker cache (219.57175ms)
✔ rejects a changed catalog version at worker startup without migration (118.061583ms)
✔ settles in-flight initialization and queued requests when disposed (171.155375ms)
✔ counts merged subscribers toward capacity, normalizes keys, and clones each successful result (11.188917ms)
✔ serializes different revisions and keeps a folded expanding query valid in the payload (1.370917ms)
✔ rejects old generation on identity change and waits for termination (20.953875ms)
✔ rejects old generation on path change and waits for termination (2.322667ms)
✔ removes queued aborts but retains an executing slot after all subscribers abort (0.788042ms)
✔ one subscriber abort does not cancel another or retain its signal listener (2.073ms)
✔ rejects all accepted on startup timeout, without retry or overlapping workers (16.272ms)
✔ rejects all accepted on query timeout, without retry or overlapping workers (17.689625ms)
✔ rejects all accepted on exit, without retry or overlapping workers (1.108208ms)
✔ rejects all accepted on error, without retry or overlapping workers (1.516709ms)
✔ rejects all accepted on protocol error, without retry or overlapping workers (0.7935ms)
✔ dispose closes admission immediately and waits for a running termination (2.634125ms)
✔ fails closed if termination rejects and rejects requests waiting for replacement (1.362875ms)
✔ rejects invalid queries before creating a worker and contains factory/post failures (1.762333ms)
✔ bounds subscribers while termination is pending and supersedes a waiting generation (3.056417ms)
✔ does not launch work after repeated queued cancellations before ready (4.803208ms)
✔ contains unexpected messages and dispose drains an already-started replacement barrier (0.328125ms)
✔ expires waiting subscribers and frees capacity while native termination remains pending (2.478459ms)
✔ keeps independent waiting deadlines for coalesced subscribers and clears them at execution (0.539583ms)
✔ never executes a page whose only subscriber expired before ready (0.646333ms)
▶ CheckpointedSequentialBatchQueue
  ✔ persists checkpoints, pauses, and resumes from the next index (3.091083ms)
  ✔ discards a paused job without running (0.693583ms)
  ✔ cancels a running job and clears the checkpoint (9.3645ms)
  ✔ recycles the scrape browser after each configured target interval (39.28025ms)
  ✔ rejects an invalid run plan without leaving a resumable checkpoint (2.687875ms)
  ✔ discards a corrupt checkpoint when run planning throws (0.797209ms)
✔ CheckpointedSequentialBatchQueue (57.411042ms)
▶ classificationDeletionService
  ✔ previews and deletes a director while recalculating links and preserving videos/resources (180.131459ms)
  ✔ deletes an unlinked director with a zero impact (354.017167ms)
  ✔ rolls back director unlinking and skips image cleanup when deletion fails (416.248875ms)
  ✔ previews and deletes a series while recalculating videos and detaching direct children (263.196209ms)
  ✔ deletes an unlinked childless series with a zero impact (232.763458ms)
  ✔ rolls back series relations and reports image cleanup failure only after commit (327.797666ms)
✔ classificationDeletionService (1775.310583ms)
▶ classification director query and maintenance services
  ✔ keeps real same-name directors as separate stable identities and exposes candidate differences (132.45875ms)
  ✔ maintains the complete profile without changing identity or video relations (162.717958ms)
  ✔ validates calendar dates and career ranges transactionally (279.5595ms)
  ✔ searches aliases and supports only count or update sorting in both directions (437.689167ms)
✔ classification director query and maintenance services (1013.257042ms)
▶ classificationImageService
  ✔ imports local and remote images as owned assets and cleans a replaced image after commit (447.206875ms)
  ✔ copies an associated video cover instead of adopting the video asset (297.522209ms)
  ✔ stores a director portrait and compensates its replacement when the database update fails (299.987416ms)
  ✔ keeps the stored image when a remote download fails (263.210917ms)
  ✔ cleans the latest replaced image when a remote update finishes after another edit (321.682834ms)
  ✔ commits replacement and reports a post-commit cleanup failure (243.160792ms)
✔ classificationImageService (1873.853166ms)
▶ classification organization query and maintenance services
  ✔ shares one organization profile across role lists and searches its aliases (211.948125ms)
  ✔ sorts only by video count or update time in either direction (430.97475ms)
  ✔ treats SQL LIKE metacharacters in organization searches as literal text (288.861583ms)
  ✔ keeps stable identity and video links when editing the complete profile (224.568542ms)
  ✔ rejects parent cycles without partially changing the profile (181.869417ms)
  ✔ creates an organization inline, registers the role, and retains zero-video roles (284.816792ms)
  ✔ rolls back profile fields when a name is owned by another organization (253.825833ms)
✔ classification organization query and maintenance services (1877.817959ms)
▶ classification series query and maintenance services
  ✔ maintains a stable complete profile and projects its local video coverage (462.593875ms)
  ✔ enforces normalized name ownership inside the owner scope only (283.476417ms)
  ✔ preflights every name when moving to another owner scope and rolls back on conflict (285.89225ms)
  ✔ rejects self and descendant parents without partially changing the series (215.865416ms)
  ✔ searches aliases, identifies same-name candidates, and sorts in either direction (342.288333ms)
  ✔ creates an unowned series inline and validates lifecycle years (169.99375ms)
✔ classification series query and maintenance services (1762.218375ms)
▶ directorMergeService
  ✔ merges source data into an explicit target while preserving target conflicts (297.984458ms)
  ✔ adopts the source portrait only when the target has no formal portrait (175.559625ms)
  ✔ rolls back target fields and video relations when the database transaction fails (160.170458ms)
  ✔ commits the merge and reports source portrait cleanup failure (164.629333ms)
  ✔ rejects using the same director as target and source (95.877291ms)
✔ directorMergeService (896.3315ms)
▶ external link service
  ✔ accepts only bounded HTTP and HTTPS links (0.374166ms)
✔ external link service (0.714375ms)
▶ legacy media-library settings bootstrap
  ✔ keeps native V14 config defaults when a fresh database has no legacy evidence (14.783417ms)
  ✔ imports roots, cleanup work, and typed configuration into the default library once (8.811291ms)
  ✔ freezes an online legacy cleanup root identity before making the work active (14.691625ms)
  ✔ keeps parent and child legacy paths but enables only the first non-overlapping set (28.096375ms)
  ✔ keeps realpath aliases but enables only one physical legacy root (27.497041ms)
  ✔ keeps app-level scraper and cover preferences after import and repeated startup cleanup (15.072834ms)
  ✔ keeps inferred roots and links source-managed resources to the deepest matching root (11.305167ms)
  ✔ imports the last scan summary and its managed unrecognized-file snapshot (9.085833ms)
  ✔ preserves a standalone unrecognized snapshot through a synthetic legacy scan run (9.910458ms)
  ✔ keeps an older safe snapshot separate from a newer failed scan summary (10.02075ms)
  ✔ retries JSON cleanup without importing database rows twice (8.24475ms)
  ✔ rolls back every database change and skips JSON cleanup when import fails (11.349125ms)
✔ legacy media-library settings bootstrap (170.81ms)
▶ LibraryCurator lifecycle
  ✔ releases its own runs without disposing the application AgentExecution (1.510375ms)
✔ LibraryCurator lifecycle (2.019083ms)
✔ uses the indexed journal cursor for a curator snapshot (0.74075ms)
▶ libraryPathCleanupService
  ✔ previews only resources owned by the selected library and root (248.34725ms)
  ✔ previews and safely cleans a disabled root including pending and diagnostic rows (300.983625ms)
  ✔ confirms with the current revision and queues an identity snapshot without deleting data (242.702916ms)
  ✔ rejects a confirmation when scan-owned resources changed after preview without a revision bump (317.475333ms)
  ✔ removes and promotes resources only inside the confirmed library and root (472.443875ms)
  ✔ lets a cleanup-only scan consume the last removed root without touching another library (487.735666ms)
  ✔ recovers an offline legacy cleanup intent when a later full scan sees the root online (333.232958ms)
  ✔ keeps an overlapping legacy cleanup root waiting during a later full scan (347.504667ms)
  ✔ keeps an overlapping parent legacy cleanup root waiting during a later full scan (368.099625ms)
  ✔ keeps a realpath-alias legacy cleanup root waiting across libraries (178.279125ms)
  ✔ fails closed when a confirmed root is offline (186.09525ms)
  ✔ fails closed when the path now resolves to a replacement directory (163.000416ms)
  ✔ cancels a failed removal into a disabled, archiveable root without deleting records (216.531ms)
  ✔ completes a confirmed cleanup after an unrelated library configuration edit (215.952542ms)
  ✔ rolls back resource removal, promotion, root state, and job completion together (249.898041ms)
✔ libraryPathCleanupService (4330.429208ms)
▶ normalizeTranslationOutput
  ✔ strips fenced and quoted model output (0.485208ms)
✔ normalizeTranslationOutput (1.008833ms)
▶ MediaAssetStore
  ✔ coalesces encrypted thumbnails, isolates size variants and preserves original preview bytes (269.121958ms)
  ✔ checks plain and decrypted image pixels before caching and recovers after replacement (234.991208ms)
  ✔ retains cancelled active slots until file read settles (67.9845ms)
  ✔ retains cancelled active slots until file close settles (70.090875ms)
  ✔ retains cancelled active slots until file metadata settles (47.420416ms)
  ✔ rejects oversized plain and encrypted files before opening or decrypting them (50.284625ms)
  ✔ does not merge a post-invalidation request into the old pending read (37.370833ms)
  ✔ shares a cold encrypted read and decryption across concurrent requests without sharing cancellation (90.068292ms)
  ✔ does not return cached bytes when cancelled while the hot-path stat is pending (46.158542ms)
  ✔ does not reuse the same relative cache key after the asset root changes (51.712875ms)
  ✔ rejects a changed file during reading without caching its old bytes (50.12225ms)
  ✔ serves hot plaintext and encrypted images without rereading or decrypting their bytes (159.518583ms)
  ✔ reloads replaced files even with restored mtime and rejects deleted files before using cache (57.115125ms)
  ✔ does not repopulate explicitly invalidated cache from a pending read (28.709291ms)
  ✔ retains read slots while cancelled encrypted requests wait for native crypto completion (147.4385ms)
  ✔ cancels queued reads before opening files and keeps active slots until reads settle (72.285583ms)
downloadAvatar failed: Bad Avatar https://example.test/avatar.html response is not a usable image
Failed to delete media asset: covers/TEST-002_bf7b281b.jpg Error: file is locked
    at FailingCleanupStore.delete (/Users/nut/Project/JavdexLabs/Javdex/src/main/services/mediaAssetStore.test.ts:936:15)
    at FailingCleanupStore.deleteImmediateBestEffort (/Users/nut/Project/JavdexLabs/Javdex/src/main/services/mediaAssetStore.ts:449:12)
    at FailingCleanupStore.finishCoordinatedChange (/Users/nut/Project/JavdexLabs/Javdex/src/main/services/mediaAssetStore.ts:561:52)
    at <anonymous> (/Users/nut/Project/JavdexLabs/Javdex/src/main/services/mediaAssetStore.ts:527:14)
    at AsyncLocalStorage.run (node:internal/async_local_storage/async_context_frame:63:14)
    at FailingCleanupStore.runCoordinatedChange (/Users/nut/Project/JavdexLabs/Javdex/src/main/services/mediaAssetStore.ts:504:31)
    at FailingCleanupStore.coordinateDatabaseChange (/Users/nut/Project/JavdexLabs/Javdex/src/main/services/mediaAssetStore.ts:465:17)
    at <anonymous> (/Users/nut/Project/JavdexLabs/Javdex/src/main/services/mediaAssetStore.test.ts:941:37)
    at getActual (node:assert:611:5)
    at strict.doesNotThrow (node:assert:779:32)
  ✔ serves plain and encrypted images asynchronously without synchronous file reads (173.92375ms)
  ✔ reads plain and encrypted images and reports a stable plaintext fingerprint (106.326917ms)
  ✔ rejects stored paths that escape the media root (2.914042ms)
  ✔ exposes bootstrap and layout paths under the media root (34.666875ms)
  ✔ encrypts a stored plain asset and lists it under stable subdirectories (128.215709ms)
  ✔ decrypts a stored encrypted asset back to its plain relative path (175.170917ms)
  ✔ compensates newly-created resources when the database operation fails (56.55275ms)
  ✔ compensates newly imported cover and sample files when a database operation fails (64.056583ms)
  ✔ compensates newly imported playlist covers when a database operation fails (54.27925ms)
  ✔ compensates async downloads when the database operation fails (42.319208ms)
  ✔ rejects unusable local image imports instead of storing them (8.099333ms)
  ✔ rejects unusable avatar downloads instead of storing them (7.18125ms)
  ✔ keeps an existing download when replacing the same URL later rolls back (50.950208ms)
  ✔ keeps an existing avatar source when importing the same bytes later rolls back (71.799792ms)
  ✔ deletes obsolete resources only after the database operation succeeds (36.523458ms)
  ✔ uses distinct paths for avatar display replacements created in the same millisecond (57.628083ms)
  ✔ discards newly created resources marked obsolete in the same coordinated change (44.572917ms)
  ✔ promotes nested created resources so a parent rollback can compensate them (37.966791ms)
  ✔ defers nested obsolete deletes of pre-existing files until the parent commits (41.222625ms)
  ✔ keeps nested obsolete pre-existing files when the parent rolls back (62.914291ms)
  ✔ does not leak nested create-then-obsolete files when the parent rolls back (51.794958ms)
  ✔ runInCoordinatedChange joins an active parent instead of nesting (35.987292ms)
  ✔ keeps isolated coordinated creates when an outer parent later rolls back (34.233958ms)
  ✔ keeps independent root work when an awaited outer coordinated change fails (54.525458ms)
  ✔ keeps relocation exclusive with coordinated and direct media mutations (46.943958ms)
  ✔ keeps relocation exclusive with a stable read lease (7.463417ms)
  ✔ keeps caller registrations off an un-awaited nested async coordinated change (51.654458ms)
  ✔ does not turn a post-commit cleanup failure into a database failure (46.041541ms)
✔ MediaAssetStore (3072.299542ms)
✔ reads empty, exact-budget and multi-chunk files without using readFile (49.780333ms)
✔ rejects oversize before reading and closes the opened handle (26.306666ms)
✔ rejects grow during reading and closes the handle (10.636791ms)
✔ rejects truncate during reading and closes the handle (17.745333ms)
✔ rejects cancel during reading and closes the handle (16.800333ms)
✔ rejects io-error during reading and closes the handle (18.924583ms)
✔ does not open an already cancelled request (20.590709ms)
✔ closes the handle on cancel-after-open before allocating body bytes (14.243625ms)
✔ closes the handle on stat-error before allocating body bytes (17.467459ms)
✔ closes the handle on directory before allocating body bytes (10.001625ms)
✔ reads PNG/WebP metadata and never follows TIFF offsets outside its chunk (2.18ms)
✔ inspects all served formats without decoding pixels (42.562042ms)
✔ rejects a tiny encoded image with an oversized canvas and accepts the exact boundary (7.120791ms)
✔ rejects corrupt and unsupported image headers (18.105125ms)
✔ inspects the single-frame canvas of real animated GIF and WebP inputs (9.026792ms)
✔ waits for metadata completion when cancelled and destroys the reader (3.548625ms)
✔ shares a read while one consumer cancels and preserves independent result buffers (3.097333ms)
✔ drains the last cancelled consumer without deleting a newer flight under the same key (4.67825ms)
✔ fans out failures and permits a fresh attempt (0.743167ms)
✔ aborts the underlying work only after all consumers cancel and drains the final slot (4.845ms)
✔ defaults to four active reads and 256 queued requests with reusable cancellation capacity (18.374458ms)
✔ bounds active and queued reads, removes cancelled work and releases capacity after failures (0.312ms)
✔ does not free an active slot before an aborted reader actually settles (1.1915ms)
✔ preserves aspect ratio, respects orientation and does not enlarge small images (66.655333ms)
✔ makes a single static thumbnail from an animated image (3.998458ms)
✔ retains two decode slots until native work settles after cancellation (6.545875ms)
▶ media-library service
  ✔ validates an explicitly configured create-time video scraper before persistence (1.943583ms)
  ✔ allows unrelated config edits with a stale stored scraper but validates explicit changes (0.291417ms)
  ✔ runs the root-migration commit through the shared resource-maintenance gate (0.326458ms)
  ✔ runs every root mutation through the scan-shared maintenance gate (0.213417ms)
  ✔ preserves root continuity validation errors through service mutation gates (0.378792ms)
  ✔ serializes library and config lifecycle mutations with resource writes (0.234792ms)
  ✔ cannot archive through the service while an asynchronous resource write owns the gate (0.167459ms)
✔ media-library service (4.340375ms)
▶ mediaProtocol
  ✔ forwards a finite variant and rejects invalid size without reading (52.149125ms)
  ✔ returns 413 for oversized images with an empty HEAD body (1.878834ms)
  ✔ awaits the image reader and forwards cancellation while serving GET and HEAD (0.699583ms)
  ✔ skips reads for preflight and forbidden paths, and distinguishes busy from missing (1.512041ms)
  ✔ resolves media URLs under the asset root (0.089875ms)
  ✔ rejects path traversal outside the asset root (0.035709ms)
✔ mediaProtocol (57.511083ms)
▶ organizationDeletionService
  ✔ removes only the selected role and recalculates its linked videos at execution time (221.435541ms)
  ✔ rejects removing the final role and leaves all relations unchanged (255.052833ms)
  ✔ blocks role removal and full deletion when they would rewrite a pending video (324.499834ms)
  ✔ fully deletes an organization and detaches every supported relation after a fresh preview (498.528084ms)
  ✔ rejects full deletion when owned series names conflict in the unowned scope (322.989333ms)
  ✔ rolls back full deletion relations and skips image cleanup when deletion fails (343.558791ms)
  ✔ commits full deletion while reporting post-commit image cleanup failures (430.881834ms)
✔ organizationDeletionService (2397.966583ms)
▶ organizationMergeService
  ✔ merges cross-role records and transfers role-specific videos, children, and series (389.319542ms)
  ✔ adopts the source brand image only when the target has none (371.100125ms)
  ✔ preflights publisher transfer business identity collisions before writing (400.130458ms)
  ✔ blocks a merge that would rewrite a pending video relation (356.374458ms)
  ✔ rejects a series name collision in the target scope without changing any relation (446.6645ms)
  ✔ rejects merging an ancestor into a deep descendant (304.326167ms)
  ✔ collapses a direct source-to-target hierarchy and transfers source siblings (219.172375ms)
  ✔ rolls back the profile and every relation when the transaction fails (195.587875ms)
  ✔ commits the merge and reports a brand image cleanup failure (158.176333ms)
  ✔ rejects using the same organization as target and source (119.526ms)
✔ organizationMergeService (2961.7795ms)
▶ pending resource identity service
  ✔ uses the persisted choice, assigns the resource atomically, and applies only a matching current NFO (359.798417ms)
  ✔ completes resource ownership but does not apply metadata when the current NFO no longer matches (475.167208ms)
  ✔ finishes resource ownership when the current NFO cannot be inspected safely (363.953ms)
  ✔ keeps the identity pending and creates no formal record when the source fingerprint is stale (335.772792ms)
  ✔ rechecks a STRM target snapshot and leaves the conflict intact when it changes (413.990875ms)
✔ pending resource identity service (1949.783459ms)
▶ PlayerService
  ✔ opens and reveals a local resource through system file operations (1.748458ms)
  ✔ opens a STRM target externally but reveals its local source file (0.308875ms)
  ✔ opens the primary direct resource with the system URL handler (0.212291ms)
  ✔ reports a system open failure and does not try another resource (0.369792ms)
  ✔ hands Magnet resources to the registered system protocol handler (0.293208ms)
  ✔ rejects every playback and reveal entry point before reading an archived or missing library (0.11875ms)
  ✔ opens and reveals only resources that belong to the selected library (8.781625ms)
✔ PlayerService (12.8195ms)
▶ playlist import browser navigation guard
  ✔ requires DOM-backed terminal reasons to carry a selector and pass host verification (1.341292ms)
  ✔ accepts known-total terminal evidence only when the checkpoint declares a total (0.134541ms)
  ✔ accepts a virtual first window only after a settled host-owned reset to the top (0.076208ms)
  ✔ revalidates terminal or link evidence in the final dynamic window before sealing (0.08875ms)
  ✔ alternates virtual scrolling with frozen load-more actions before sealing (0.050833ms)
  ✔ defers bottom-only advance validation until a virtual page reaches its terminal view (0.047958ms)
  ✔ waits for a quiet window after every asynchronous load-more change (0.155333ms)
  ✔ restarts the quiet window when a temporary dynamic expansion rolls back (0.052083ms)
  ✔ classifies foreground retry failures without treating them as restart recovery (0.270625ms)
✔ playlist import browser navigation guard (3.013625ms)
▶ playlist importer browser guidance
  ✔ prefers structured reads while leaving page semantics and interaction to the agent (0.80025ms)
  ✔ hands page semantics to the agent and prioritizes user-only blockers (0.116875ms)
  ✔ extracts a first-page playlist name only from reliable page evidence (0.096625ms)
  ✔ requires every newly opened static page to be inspected and checkpointed before advancing again (0.066792ms)
  ✔ distinguishes checkpoint evidence from status artifacts and explains terminal selectors (0.096458ms)
✔ playlist importer browser guidance (1.965333ms)
▶ PlaylistImportModule interface
  ✔ returns an initial browser handoff projected during the first agent dispatch (8.61775ms)
  ✔ persists the import job before the run driver can project bootstrap observations (5.061416ms)
  ✔ returns immediately after accepting one run and replays the same start idempotently (6.813666ms)
  ✔ allows only one foreground import session at a time (9.104708ms)
  ✔ rejects invalid start targets before creating an Agent run (5.315ms)
  ✔ includes write options in the idempotent frozen input (5.873875ms)
  ✔ rejects one idempotency key reused for different frozen input (5.7675ms)
  ✔ cancels pre-apply work without creating an empty playlist (7.496792ms)
  ✔ preserves a retryable recovery failure when apply invalidates after identity review (13.518875ms)
  ✔ retries a recoverable apply error after the target library becomes active again (10.688667ms)
  ✔ dispatches a same-session retry for a retryable discovery checkpoint (6.697917ms)
  ✔ clears a missing page checkpoint before dispatching a same-session retry (6.041292ms)
  ✔ coalesces concurrent retries with the same idempotency key before recovery side effects (4.745834ms)
  ✔ keeps discovery retry state in the foreground session instead of the durable product journal (6.14425ms)
  ✔ applies a foreground retry atomically without reserving a durable retry result (7.897958ms)
  ✔ discards a browser session when driver creation fails before persistence (5.542375ms)
✔ PlaylistImportModule interface (116.573875ms)
▶ PlaylistImportRepository
  ✔ keeps all import staging in the current SQLite connection only (8.25175ms)
  ✔ rejects credential-bearing source and detail URLs before staging them (0.621791ms)
  ✔ removes sensitive detail URL credentials and requires explicit user identity handling (8.053833ms)
  ✔ accepts a checkpoint after a source redirects between www and apex host variants (5.705542ms)
  ✔ fails an empty external list without creating an empty playlist (4.869292ms)
  ✔ fails discovery when the frozen run exceeds its wall-clock safety budget (5.360291ms)
  ✔ checkpoints every page before atomically creating/reusing videos and a new playlist (7.383458ms)
  ✔ assigns stable unique page order when numbered pagination rediscoveries overlap (5.321625ms)
  ✔ fails self-referential and A-to-B-to-A static pagination as PAGINATION_LOOP (5.497125ms)
  ✔ keeps legal duplicate pages when their concrete pagination frontiers differ (5.719875ms)
  ✔ fails a sealed dynamic page whose next URL only loops to an existing frontier (4.965166ms)
  ✔ keeps a declared page-total mismatch retryable and accepts a corrected checkpoint (5.3715ms)
  ✔ rejects a conflicting nonterminal page before sealing it and completes after correction (6.172708ms)
  ✔ restarts from the source when only the terminal page proves earlier totals wrong (10.997209ms)
  ✔ uses the first-page Agent suggestion when the user leaves the new playlist name empty (5.524375ms)
  ✔ keeps existing playlist links and deduplicates the source playlist URL when enabled (5.53125ms)
  ✔ falls back to the existing host-and-date name when the Agent returns no name (5.357333ms)
  ✔ does not let an Agent suggestion rename an append target (5.503709ms)
  ✔ skips unmatched items and omits detail links when both write options are disabled (5.763792ms)
  ✔ reuses a unique code match created after an auto-create-disabled preview (6.5095ms)
  ✔ persists target-library and target-playlist failures instead of leaving apply retry loops (10.848208ms)
  ✔ counts external convergence separately from videos already present before apply (7.411667ms)
  ✔ keeps multiple global code matches in the detail phase even when one is in the target library (5.196708ms)
  ✔ reuses a unique exact code discovered only on the detail page (6.302ms)
  ✔ sends conflicting list and detail codes to user review without discarding list candidates (6.683167ms)
  ✔ rejects a stale direct-code decision when a duplicate appears before apply (7.6355ms)
  ✔ reopens identity resolution when another video claims the detail URL before apply (7.681875ms)
  ✔ returns target-library tiebreaks to identity review when memberships become stale (5.586208ms)
  ✔ persists an unexpected transactional apply failure and retries it atomically (6.236958ms)
  ✔ lets a unique strong detail match override the target library preference (6.676875ms)
  ✔ uses a canonical www detail link as a strong owner signal without duplicating it (5.254625ms)
  ✔ requires user review when independent strong detail signals conflict (5.066458ms)
  ✔ keeps a source owner outside the code candidates and blocks target-library tiebreaking (6.333917ms)
  ✔ invalidates the preview when a new source owner appears before apply (5.753584ms)
  ✔ treats source external-code and source-URL evidence as independent signals (5.831666ms)
  ✔ does not use the target library when complete business identity contradicts known candidates (6.60925ms)
  ✔ waits for the user when detail signals leave multiple cross-library candidates (6.494916ms)
  ✔ replays an identical page checkpoint and makes changed content recoverable (6.368709ms)
  ✔ makes a changed replay of a dynamic operation recoverable without duplicating the batch (5.824167ms)
  ✔ rolls a changed sealed dynamic page back with downstream frontiers and orphan items (80.97275ms)
  ✔ rejects a playlist name submitted after the first logical page (4.641959ms)
  ✔ persists and resumes a browser handoff without losing the current list frontier (4.489667ms)
  ✔ fails an expired browser handoff before persisting a resume checkpoint (4.050166ms)
  ✔ checkpoints overlapping virtual windows before sealing a continuous list (7.274291ms)
  ✔ persists host-owned load-more batches and seals only after the control disappears (5.545166ms)
  ✔ persists load-more no-progress and fails instead of retrying the same action (5.330292ms)
  ✔ fails the run instead of truncating a source that declares totals above the safety budget (5.23ms)
  ✔ fails and rolls back a dynamic window above the per-batch candidate budget (7.33075ms)
✔ PlaylistImportRepository (369.179875ms)
▶ PlaylistImportAgentRunDriver scripted browser integration
  ✔ dispatches the conversation before the agent opens the frozen source page (7.986041ms)
  ✔ hands an initial challenge to the user through the agent browser tool (5.054375ms)
  ✔ requires the domain advance tool to claim a pending page before checkpointing it (18.517333ms)
  ✔ lets the agent choose how to return to frozen work after a handoff (6.563417ms)
  ✔ lets the agent hand a login page to the user immediately (5.722166ms)
  ✔ pauses for human verification when host-owned detail navigation hits a challenge (6.822209ms)
  ✔ replays a committed static page checkpoint after its response is lost (7.185167ms)
  ✔ replays a committed detail checkpoint after its response is lost (8.946334ms)
  ✔ restarts the changed dynamic page from its inbound frontier on product retry (7.890584ms)
  ✔ restarts a dynamic page with corrected declared totals after one product retry (12.071458ms)
  ✔ records an evidence-backed unsupported pagination report as an explicit terminal error (4.885208ms)
  ✔ requires a page checkpoint before advancing away from the current list page (5.643333ms)
  ✔ keeps a missing page checkpoint agent-correctable instead of locking the tool host (7.336417ms)
  ✔ does not expose status artifacts as eligible page-checkpoint evidence (5.018583ms)
  ✔ inspects an automatic login redirect but still rejects a checkpoint from it (5.114375ms)
  ✔ checkpoints a finite recycled virtual list without gaps and binds evidence to every view (11.25025ms)
  ✔ normalizes a one-based stable position attribute into a continuous virtual list (10.502916ms)
  ✔ backtracks to the last anchor and halves the step when variable heights skip a window (12.061041ms)
  ✔ combines virtual scrolling with host-owned load-more and checkpoints the expanded window (1023.037125ms)
  ✔ retries a stalled virtual window once, then fails when it still cannot progress (8.653458ms)
✔ PlaylistImportAgentRunDriver scripted browser integration (1181.257792ms)
▶ playlistImportRecoverableToolFailure
  ✔ keeps only same-session timeout and changed-source failures retryable (0.219292ms)
✔ playlistImportRecoverableToolFailure (0.262834ms)
▶ PlaylistImporter ToolPack
  ✔ exposes static-page, virtual-window and detail checkpoints through one least-privilege pack (0.8985ms)
  ✔ lets the agent inspect and operate the same-site browser (0.61275ms)
  ✔ binds every declaration to a production handler (0.144417ms)
  ✔ accepts one optional page-evidenced name on the page checkpoint (0.096625ms)
  ✔ requires a mechanically verifiable terminal contract (0.292542ms)
  ✔ describes static pagination as navigation followed by a new page checkpoint (0.430041ms)
  ✔ makes checkpoint evidence eligibility and terminal selector semantics explicit (0.309709ms)
✔ PlaylistImporter ToolPack (3.380625ms)
▶ playlistService media asset seam
  ✔ creates a playlist cover through MediaAssetStore and cleans it on delete (363.364292ms)
  ✔ deletes the previous cover only after a successful cover replacement (392.192959ms)
✔ playlistService media asset seam (756.13625ms)
▶ PluginBrowserCapabilityModule
  ✔ uses action-specific result budgets (0.589791ms)
  ✔ inlines complete small page-fact sections instead of keeping an oversized snapshot (43.376709ms)
  ✔ omits an oversized page-fact section as a whole and never returns a prefix (21.71775ms)
  ✔ returns an omitted artifact section through bounded cursor pages (110.416459ms)
  ✔ keeps every omitted delta section readable from the same artifact (68.72175ms)
  ✔ returns valid artifact sections and a catalog recovery action for an unknown section (19.038375ms)
  ✔ rejects read-section paths outside the browser artifact directory (4.585583ms)
  ✔ keeps a small localeLinks section when snapshot and content links are omitted (49.699291ms)
  ✔ hides oversized artifact string segments behind read-section pagination (49.534875ms)
  ✔ returns every captured page-fact item when the complete observation fits (23.316458ms)
  ✔ keeps the hard transport limit even when the page has unusually many fact sections (743.9775ms)
  ✔ marks evidence incomplete only when the complete page evidence was actually capped (28.246417ms)
  ✔ returns occurrence-aware ARIA and top-level page-fact deltas for one document (22.168625ms)
  ✔ treats a scroll view revision as a full observation and invalidates prior refs (28.717666ms)
  ✔ records a newly appeared pageFacts section after fill without throwing (12.900125ms)
  ✔ falls back explicitly to the artifact when a complete delta exceeds its budget (58.157666ms)
  ✔ isolates baselines by session and resets them when a lease is released (31.088083ms)
  ✔ unwraps evaluate values that were unnecessarily JSON-stringified (20.623625ms)
  ✔ keeps a successful action pending result successful and compact (21.57ms)
  ✔ redacts typed text from the stored artifact (12.284791ms)
✔ PluginBrowserCapabilityModule (1372.318791ms)
▶ PluginDeveloper approval and lifecycle stability
  ✔ restores a legacy run with newly-invalid field ids as a repairable workspace (118.501292ms)
  ✔ clears every durable plugin-development history without touching other Agent use cases (50.927791ms)
  ✔ refuses to clear history while a plugin-development operation is running (1.779375ms)
  ✔ discards unrecoverable plugin-development history without touching recoverable runs (63.162167ms)
  ✔ waits for a slow terminal release before an immediate continuation reopens the run (2.097166ms)
  ✔ materializes a terminal workspace before lazy continuation projects native file tools (89.961916ms)
  ✔ projects Pi native file tools into the durable product timeline (114.283333ms)
  ✔ records exactly one domain error when a runtime fault transitions the run to failed (1.179417ms)
  ✔ surfaces an unpersistable runtime fault and resolves the active operation (0.311ms)
  ✔ publishes the reduced active context immediately after Pi compaction (0.203833ms)
  ✔ keeps a transient invalid workspace recoverable and resyncs after a valid rewrite (134.624417ms)
  ✔ streams provider reasoning and answer while persisting each only once per completed turn (72.041666ms)
  ✔ bounds one displayed reasoning block and reports the original character count (3.789916ms)
  ✔ revokes an approved permit when Pi rejects the approval continuation (0.520084ms)
  ✔ does not consume an approval while the operation that emitted waiting_user is still settling (0.543583ms)
  ✔ binds a typed choice to the exact request without treating it as user feedback (355.096667ms)
  ✔ resumes a typed browser interaction without turning completion into defect feedback (0.261584ms)
  ✔ keeps a mechanically ready artifact waiting for user after Pi settles (95.438083ms)
  ✔ requires real feedback before continuing a mechanically ready artifact (152.785709ms)
  ✔ keeps readiness for dev-notes edits but invalidates it for package edits (143.038583ms)
  ✔ does not run hidden production execution when Pi settles without a current artifact (83.744ms)
  ✔ projects a model-turn limit into waiting_user/working without running a hidden check (99.710416ms)
  ✔ allows installation only for the exact full production execution artifact (2.3065ms)
  ✔ marks the session completed only after the accepted artifact is installed (1.084959ms)
  ✔ adopts the installed display name when install renames to avoid a conflict (117.762208ms)
  ✔ persists the renamed installed package onto settled product state (146.947ms)
  ✔ releases only PluginDeveloper-owned runs during application disposal (0.53375ms)
✔ PluginDeveloper approval and lifecycle stability (1854.770167ms)
✔ uses the indexed journal cursor for active and persisted plugin snapshots (0.608166ms)
✔ preserves incremental logs across stale-runtime cancellation, cold snapshot, restore and export (1397.718625ms)
✔ keeps the migrated work log reference when runtime reopen fails during recovery (137.9725ms)
✔ retries closed workspaces with intact or corrupted state without rewriting diagnostic data (262.830667ms)
✔ serializes cleanup admission and drains safely: {"initial":"clear","fail":false,"dispose":true} (179.016209ms)
✔ serializes cleanup admission and drains safely: {"initial":"discard","fail":true,"dispose":true} (168.838708ms)
✔ serializes cleanup admission and drains safely: {"initial":"clear","fail":true,"dispose":false} (215.036708ms)
▶ PluginExecutionModule
  ✔ passes only the typed actress runtime identity and preserves production facts (8.458417ms)
  ✔ records rejected production results without adding semantic issue classifications (12.689042ms)
  ✔ does not accept undefined or runtime-only output as a material production result (8.7665ms)
  ✔ does not accept a video source link without any material scraped field (13.738084ms)
  ✔ treats a full empty contract return as unmatched targets, not a broken shape (0.6975ms)
✔ PluginExecutionModule (45.069209ms)
▶ PluginRunAcceptanceModule
  ✔ accepts an exact full production artifact without judging content or manifest coverage (3.375334ms)
  ✔ keeps readiness when only the plugin display name changes (0.291583ms)
  ✔ rejects targeted, stale package, stale target, stale runtime, and failed execution artifacts (1.511708ms)
  ✔ never accepts a vacuous full execution with no session targets or cases (0.572209ms)
  ✔ treats a successful proper-subset run as wrong_scope, not execution_failed (0.412166ms)
  ✔ keeps execution_failed when a targeted subset itself failed (0.379083ms)
✔ PluginRunAcceptanceModule (7.737ms)
▶ PluginWorkspaceModule
  ✔ starts create mode without a requested or predeclared field set (2.0015ms)
  ✔ materializes a Pi-native file workspace and rebuilds a normalized package (113.291584ms)
  ✔ treats workspace files as authoritative and changes the artifact hash after an edit (110.863833ms)
  ✔ keeps Pi dev notes outside the plugin artifact and preserves them across instruction refreshes (119.1325ms)
  ✔ atomically records completed execution facts and the current acceptance projection (93.71075ms)
  ✔ updates current acceptance without overwriting the latest execution facts (122.610167ms)
  ✔ does not reinterpret a removed workspace field declaration as all fields (109.662333ms)
  ✔ refreshes v4 host resources without overwriting the draft or decisions (183.409166ms)
  ✔ preserves same-kind legacy targets only when current input has none (222.038542ms)
  ✔ keeps current instruction resources frozen when the workspace is reopened (100.80475ms)
  ✔ preserves an older frozen instruction set while restoring an existing run (119.421875ms)
✔ PluginWorkspaceModule (1298.94625ms)
✔ awaits asynchronous removal without recursively deleting through the synchronous API (45.181667ms)
▶ PluginDevInstructionModule
  ✔ keeps the system prompt limited to identity, workspace and host boundaries (0.635ms)
  ✔ makes javdex-plugin-dev the only owner of the development workflow (3.636708ms)
  ✔ orders page-level search and detail code checkpoints for video and actress skills (1.424833ms)
  ✔ generates isolated result contracts and workflow examples for each plugin kind (0.880042ms)
  ✔ marks field documentation as a query table rather than an implementation checklist (0.720834ms)
  ✔ preserves a resolved choice and reassesses the remaining blocker (0.301583ms)
  ✔ resumes a completed browser handoff from the interrupted location (0.189541ms)
  ✔ uses the host initial dry-run in debug mode without requesting a duplicate run (0.511667ms)
  ✔ starts create from the Skill instead of a five-file reading ritual (0.557083ms)
  ✔ generates stable v1 resources for identical inputs (1.026709ms)
  ✔ applies user feedback without manufacturing an extra development round (0.368916ms)
  ✔ treats the resume button as continuation rather than new defect feedback (0.10375ms)
  ✔ exposes only dry-run, typed user input and the browser adapter tools (0.160208ms)
✔ PluginDevInstructionModule (11.470125ms)
▶ PluginDeveloper v1 tool executor
  ✔ rejects removed domain tools (101.785458ms)
  ✔ rejects URL-shaped targets without replacing the initial dry-run state (103.017625ms)
  ✔ preserves the prior latest facts while the workspace is temporarily invalid (111.386333ms)
  ✔ adopts the first legal explicit targets immediately and exposes runtime facts (166.555541ms)
  ✔ emits adopted targets before the production runner settles (149.259083ms)
  ✔ replaces session targets after a full unmatched execution (157.755875ms)
  ✔ keeps later explicit targets targeted when the last full run was not an empty miss (103.39325ms)
  ✔ uses later explicit targets only for targeted diagnostics (95.931875ms)
  ✔ treats explicit targets that cover the session set as a full run (137.846959ms)
  ✔ allows the fourth and tenth real executions without an attempt limit (187.668833ms)
  ✔ reads an artifact section without acquiring the live browser lease (141.546958ms)
  ✔ maps bounded scroll arguments to the shared browser command (104.263333ms)
  ✔ terminates on browser busy without replacing the initial dry-run state (102.171583ms)
  ✔ does not replace the initial dry-run state when Cloudflare interrupts the run (99.299416ms)
  ✔ preserves the prior latest facts when a real execution is cancelled (134.046333ms)
✔ PluginDeveloper v1 tool executor (1897.490916ms)
▶ plugin developer Cloudflare handoff
  ✔ retains the browser only for browser interaction handoff requests (0.656542ms)
  ✔ recognizes the typed browser challenge signal (0.094958ms)
  ✔ turns browser action=open challenge into an immediate waiting_user handoff (132.2625ms)
  ✔ presents the helper and creates a typed login handoff without running a Playwright action (109.165541ms)
  ✔ returns typed recovery errors for uncertain actions and pending explicit observations (129.820208ms)
✔ plugin developer Cloudflare handoff (372.863083ms)
▶ PluginDeveloper ToolPack v1
  ✔ matches the compact Pi-native schema in stable order (1.16675ms)
  ✔ classifies dry-run, browser reads/interactions and secret typing explicitly (0.114875ms)
  ✔ governs every remaining host capability through permission, abort and ledger (10.426542ms)
✔ PluginDeveloper ToolPack v1 (12.153417ms)
▶ pluginDevAgent workLog
  ✔ records full tool detail and builds an exportable timeline (21.488625ms)
  ✔ never exports a failed terminal state without an error event (0.336833ms)
✔ pluginDevAgent workLog (22.339125ms)
✔ migrates a legacy log once, preserves message/event order, and reads only its committed journal interval (26.551084ms)
✔ rolls back journal appends when product state commit fails and retries without duplicates (2.853958ms)
✔ rejects changed legacy prefixes, shrinking histories, missing rows and malformed references without rewriting data (1.247875ms)
✔ keeps logical state+journal writes linear for 1k, 10k and 100k log entries (7767.541292ms)
ℹ {"results":[{"entries":1000,"stateBytes":110786,"journalBytes":131780},{"entries":10000,"stateBytes":1127788,"journalBytes":1337780},{"entries":100000,"stateBytes":11477790,"journalBytes":13577780}],"scope":"In-memory SQLite logical JSON bytes; outer transaction amortizes test setup. Not WAL/device bytes, fsync latency, UI or cold recovery memory acceptance."}
▶ pluginDevCodeEdit
  ✔ replace_snippet swaps a unique fragment (3.025666ms)
  ✔ replace_snippet rejects non-unique oldText (0.332458ms)
  ✔ replace_snippet picks match nearest nearLine (0.365208ms)
  ✔ replace_function can replace a top-level helper (0.936417ms)
  ✔ replace_function rejects re-declaring helper inside parseActress block (0.253625ms)
  ✔ listTopLevelFunctions returns names with line ranges (1.01475ms)
  ✔ findDuplicateTopLevelBindings detects duplicate function names (0.062834ms)
✔ pluginDevCodeEdit (6.922ms)
▶ pluginDevPageFormat
  ✔ formats definition lists and dom regions for prompts (0.621958ms)
  ✔ formats inspect locale anchors without treating them as a language API (0.36525ms)
  ✔ includes link region markers (0.16325ms)
  ✔ builds full page insight prompt (0.241875ms)
  ✔ keeps forms and prioritized links when raw DOM regions are very large (0.701ms)
✔ pluginDevPageFormat (3.926416ms)
▶ pluginDevService
  ✔ preserves an explicit empty supportedFields list for an undiscovered create draft (17.135583ms)
  ✔ rejects parse result keys used as supportedFields instead of silently dropping them (8.873ms)
  ✔ wraps generated bare parseVideo functions before dry-run (134.166666ms)
  ✔ reports unrecognized raw result keys before normalization without suggestions (110.4115ms)
  ✔ preserves every normalized video candidate during dry-run (106.788708ms)
  ✔ rejects a video result whose code does not match the requested target (144.812125ms)
  ✔ wraps generated bare parseActress functions before dry-run (111.78775ms)
  ✔ reports legal manifest field ids even when the compatibility projection accepts an empty declaration (101.949959ms)
  ✔ coerces actress numeric and date strings during dry-run (109.913791ms)
  ✔ returns actress identity facts without adding a semantic target rejection (121.517291ms)
✔ pluginDevService (968.925625ms)
✔ coalesces a large burst and flushes the final value without leaking a timer (5.062709ms)
✔ limits continuous progress to ten updates per second plus the final flush (1.117167ms)
✔ replaces pending progress with an immediate state and can publish the next state (0.121709ms)
✔ normalizeProxyUrl accepts common proxy schemes (0.576583ms)
✔ normalizeProxyUrl rejects empty and invalid values (0.237083ms)
▶ public HTTP fetch
  ✔ rejects private literals and hostnames resolving to private addresses (5.330833ms)
  ✔ connects to the validated address while preserving the logical host (34.632625ms)
  ✔ validates redirect destinations and caps streamed response bytes (0.964708ms)
  ✔ applies one timeout budget to URL validation and the request (31.553792ms)
  ✔ closes a pending SOCKS connection when the request deadline expires (63.759125ms)
✔ public HTTP fetch (137.182292ms)
▶ resourceLessVideoCleanupService
  ✔ deletes only zero-resource videos and removes their relations and owned images (271.188166ms)
  ✔ protects zero-resource videos while any playlist still references them (144.536375ms)
  ✔ counts and cleans assets only after the final guarded delete succeeds (154.296333ms)
✔ resourceLessVideoCleanupService (570.957833ms)
▶ ScrapeJobController
  ✔ flushes and detaches UI progress on rejection before accepting another batch (8.068542ms)
  ✔ coalesces video UI progress while preserving checkpoints and done delivery (61.780209ms)
  ✔ coalesces video UI progress while preserving checkpoints and paused delivery (66.657667ms)
  ✔ coalesces video UI progress while preserving checkpoints and cancelled delivery (49.353084ms)
  ✔ coalesces actress UI progress while preserving checkpoints and done delivery (31.855458ms)
  ✔ coalesces actress UI progress while preserving checkpoints and paused delivery (34.521375ms)
  ✔ coalesces actress UI progress while preserving checkpoints and cancelled delivery (29.792292ms)
  ✔ preserves media-library scope through batch count and start orchestration (0.530167ms)
  ✔ rejects a single-video scrape outside the requesting active media library (0.462875ms)
  ✔ forwards an explicit director choice and returns structured classification outcomes (0.14525ms)
  ✔ serializes single video and actress scrape runs (0.1445ms)
  ✔ pauses an interrupted persisted job during initialization (0.243625ms)
  ✔ recovers an on-disk running checkpoint as paused after restart (97.186208ms)
  ✔ publishes progress and supports pause, resume, and discard for persisted batches (2.018542ms)
  ✔ prevents starting a scrape batch while automatic crop owns the batch lock (0.242333ms)
✔ ScrapeJobController (385.248042ms)
▶ ScraperDelayController
  ✔ starts the next same-site interval after the previous access finishes (21.027708ms)
✔ ScraperDelayController (21.817125ms)
▶ ScraperPluginCatalog
  ✔ restores the configured default after deleting a selected plugin (2.18925ms)
✔ ScraperPluginCatalog (2.685417ms)
▶ ScraperServiceConfiguration
  ✔ keeps scraper service IPC policy behind one application boundary (3.254417ms)
✔ ScraperServiceConfiguration (4.243833ms)
▶ SequentialBatchQueue
  ✔ counts success, pending, and failure as disjoint processed outcomes (1.39975ms)
  ✔ pauses after the current target and resumes from checkpoint (0.265583ms)
✔ SequentialBatchQueue (2.25475ms)
▶ seriesMergeService
  ✔ merges an explicit source into the target and transfers videos and direct children (220.336708ms)
  ✔ adopts the source cover only when the target has no formal cover (162.142708ms)
  ✔ rejects a merged name collision in the final owner scope without changing relations (252.33825ms)
  ✔ rejects a merge that would move an ancestor branch below its descendant (156.920541ms)
  ✔ collapses a direct source-to-target hierarchy without making the target its own parent (338.35425ms)
  ✔ rolls back profile, video, and child changes when the database transaction fails (420.32825ms)
  ✔ commits the merge and reports an obsolete source cover cleanup failure (402.988042ms)
  ✔ rejects using the same series as target and source (265.9535ms)
✔ seriesMergeService (2220.493042ms)
✔ reuses canonical query pages, isolates caller mutations, and invalidates local and external writes (219.585542ms)
✔ bypasses cached pages inside transactions and never publishes data that is rolled back (150.931375ms)
✔ evicts least recently used pages and validates raw search before cache lookup (159.113ms)
✔ evicts by serialized byte budget before eight large pages accumulate (226.793541ms)
✔ observes an external commit during a read and refreshes on the next call (210.873708ms)
✔ does not cache a failed read and allows the same query to retry (219.2695ms)
✔ separates connections even when their revision counters match (697.971542ms)
✔ binds a separate cache and repository to a readonly connection, without using the writer getter (254.123167ms)
▶ videoBatchScrapeQueue feedback
  ✔ identifies scoped and global target sets in batch status text (0.71375ms)
  ✔ preserves and revalidates the original library scope when resuming a checkpoint (5.112291ms)
  ✔ revalidates every frozen scoped target immediately before scraping (0.129666ms)
  ✔ formats success, skip, and partial-warning outcomes distinctly (0.110541ms)
  ✔ counts a persisted multi-candidate result as pending instead of success or failure (0.170208ms)
✔ videoBatchScrapeQueue feedback (7.079083ms)
▶ video lifecycle service
  ✔ cleans app-owned and pending assets while never receiving source media paths (1.440041ms)
  ✔ retries cleanup safely when the repository replays an idempotent result (0.153042ms)
  ✔ deletes managed source files before committing the global video record (0.134333ms)
✔ video lifecycle service (2.187791ms)
Staged video file remains queued for deletion: /var/folders/h4/zxrt6zwx6dv1n16kwxzltqgh0000gn/T/javdex-video-maintenance-policy-mgcimY/media-root/IPX-535.mp4.javdex-delete-a41aae07-a7af-493c-9023-34aefd2040b4 Error: file is busy
    at unlinkSync (/Users/nut/Project/JavdexLabs/Javdex/src/main/services/videoMaintenanceService.test.ts:1053:15)
    at finalizeStagedLocalFiles (/Users/nut/Project/JavdexLabs/Javdex/src/main/services/videoMaintenanceService.ts:389:9)
    at withStagedLocalFileDeletion (/Users/nut/Project/JavdexLabs/Javdex/src/main/services/videoMaintenanceService.ts:414:7)
    at <anonymous> (/Users/nut/Project/JavdexLabs/Javdex/src/main/services/videoMaintenanceService.ts:486:7)
    at <anonymous> (/Users/nut/Project/JavdexLabs/Javdex/src/main/services/mediaAssetStore.ts:506:24)
    at AsyncLocalStorage.run (node:internal/async_local_storage/async_context_frame:63:14)
    at MediaAssetStore.runCoordinatedChange (/Users/nut/Project/JavdexLabs/Javdex/src/main/services/mediaAssetStore.ts:504:31)
    at MediaAssetStore.coordinateDatabaseChange (/Users/nut/Project/JavdexLabs/Javdex/src/main/services/mediaAssetStore.ts:465:17)
    at MediaAssetStore.runInCoordinatedChange (/Users/nut/Project/JavdexLabs/Javdex/src/main/services/mediaAssetStore.ts:475:17)
    at removeResource (/Users/nut/Project/JavdexLabs/Javdex/src/main/services/videoMaintenanceService.ts:468:5)
Staged video file remains queued for deletion: /var/folders/h4/zxrt6zwx6dv1n16kwxzltqgh0000gn/T/javdex-video-maintenance-policy-0pQcLe/media-root/IPX-535.mp4.javdex-delete-f234eb16-1f1c-44cf-98c7-ed22bdfa78be Error: 只能操作身份有效的启用媒体库根目录内文件
    at rejectManagedRootFile (/Users/nut/Project/JavdexLabs/Javdex/src/main/services/mediaLibraryRootFileGuard.ts:32:9)
    at requireCurrentRootIdentity (/Users/nut/Project/JavdexLabs/Javdex/src/main/services/mediaLibraryRootFileGuard.ts:86:5)
    at assertRootFile (/Users/nut/Project/JavdexLabs/Javdex/src/main/services/mediaLibraryRootFileGuard.ts:98:27)
    at assertMediaLibraryRootDeletionTarget (/Users/nut/Project/JavdexLabs/Javdex/src/main/services/mediaLibraryRootFileGuard.ts:182:3)
    at assertDeletionAllowed (/Users/nut/Project/JavdexLabs/Javdex/src/main/services/videoMaintenanceService.ts:484:9)
    at finalizeStagedLocalFiles (/Users/nut/Project/JavdexLabs/Javdex/src/main/services/videoMaintenanceService.ts:388:9)
    at withStagedLocalFileDeletion (/Users/nut/Project/JavdexLabs/Javdex/src/main/services/videoMaintenanceService.ts:414:7)
    at <anonymous> (/Users/nut/Project/JavdexLabs/Javdex/src/main/services/videoMaintenanceService.ts:486:7)
    at <anonymous> (/Users/nut/Project/JavdexLabs/Javdex/src/main/services/mediaAssetStore.ts:506:24)
    at AsyncLocalStorage.run (node:internal/async_local_storage/async_context_frame:63:14)
Failed to recover pending local file deletion: /var/folders/h4/zxrt6zwx6dv1n16kwxzltqgh0000gn/T/javdex-video-maintenance-policy-7yOS9R/offline-volume/movie.mp4.javdex-delete-interrupted Error: 暂存文件所在存储当前不可用
    at recoverPendingLocalFileDeletions (/Users/nut/Project/JavdexLabs/Javdex/src/main/services/pendingLocalFileDeletionService.ts:48:46)
    at TestContext.<anonymous> (/Users/nut/Project/JavdexLabs/Javdex/src/main/services/videoMaintenanceService.test.ts:1243:22)
    at Test.runInAsyncScope (node:async_hooks:227:14)
    at Test.run (node:internal/test_runner/test:1325:25)
    at Suite.processPendingSubtests (node:internal/test_runner/test:911:18)
    at Test.postRun (node:internal/test_runner/test:1465:19)
    at Test.run (node:internal/test_runner/test:1390:12)
    at async Suite.processPendingSubtests (node:internal/test_runner/test:911:7)
Failed to recover pending local file deletion: /var/folders/h4/zxrt6zwx6dv1n16kwxzltqgh0000gn/T/javdex-video-maintenance-policy-FMk8S0/media-root/IPX-535.mp4.javdex-delete-before-rename Error: 原文件所在存储当前不可用
    at recoverPendingLocalFileDeletions (/Users/nut/Project/JavdexLabs/Javdex/src/main/services/pendingLocalFileDeletionService.ts:40:19)
    at TestContext.<anonymous> (/Users/nut/Project/JavdexLabs/Javdex/src/main/services/videoMaintenanceService.test.ts:1289:22)
    at Test.runInAsyncScope (node:async_hooks:227:14)
    at Test.run (node:internal/test_runner/test:1325:25)
    at Suite.processPendingSubtests (node:internal/test_runner/test:911:18)
    at Test.postRun (node:internal/test_runner/test:1465:19)
    at Test.run (node:internal/test_runner/test:1390:12)
    at async Suite.processPendingSubtests (node:internal/test_runner/test:911:7)
Failed to recover pending local file deletion: /var/folders/h4/zxrt6zwx6dv1n16kwxzltqgh0000gn/T/javdex-video-maintenance-policy-fF910X/media-root/missing.mp4.javdex-delete-missing Error: 暂存文件和原文件均不存在
    at recoverPendingLocalFileDeletions (/Users/nut/Project/JavdexLabs/Javdex/src/main/services/pendingLocalFileDeletionService.ts:40:19)
    at TestContext.<anonymous> (/Users/nut/Project/JavdexLabs/Javdex/src/main/services/videoMaintenanceService.test.ts:1321:22)
    at Test.runInAsyncScope (node:async_hooks:227:14)
    at Test.run (node:internal/test_runner/test:1325:25)
    at Suite.processPendingSubtests (node:internal/test_runner/test:911:18)
    at Test.postRun (node:internal/test_runner/test:1465:19)
    at Test.run (node:internal/test_runner/test:1390:12)
    at async Suite.processPendingSubtests (node:internal/test_runner/test:911:7)
▶ VideoMaintenanceService
  ✔ creates and reuses organization identities while editing video metadata (256.909916ms)
  ✔ rolls back video fields when organization assignment fails (458.545042ms)
  ✔ creates or appends HTTP resources without scraping and keeps one primary resource (410.647667ms)
  ✔ normalizes a manually entered code before attaching a resource (329.891791ms)
  ✔ attaches a normalized link to an existing legacy lowercase code (336.548333ms)
  ✔ reports the owning video when a normalized HTTP resource already exists (270.719542ms)
  ✔ imports Magnet and ED2K resources and deduplicates their protocol identities (335.494375ms)
  ✔ keeps STRM targets read-only while editing metadata and safely deletes the source file (312.911125ms)
  ✔ restores a staged STRM source and rolls back removal when primary promotion fails (273.953208ms)
  ✔ refuses to remove an active-root STRM source after the root path is replaced (244.692167ms)
  ✔ edits metadata, status, rating, poster, and manual tags (278.439166ms)
  ✔ attaches the exact selected long-name tag, promotes scraped origin, and rejects deleted selections (250.968167ms)
  ✔ rolls back tag creation or origin promotion when updating the video fails (236.888709ms)
  ✔ imports and deletes a local sample in the temporary media directory (272.785667ms)
  ✔ switches the primary resource and deletes only the selected local resource (234.007667ms)
  ✔ restores a staged local file and rolls back resource removal when promotion fails (229.991375ms)
  ✔ sets any resource as primary and promotes deterministic fallbacks after removal (347.024292ms)
  ✔ does not promote an inaccessible local resource over an available web link (186.181291ms)
  ✔ requires an explicit decision when manually removing the last resource (250.370875ms)
  ✔ never turns last-resource removal into a global deletion (281.238ms)
  ✔ rejects every resource mutation for missing or archived media libraries (266.926375ms)
  ✔ updates only the display label of a local resource (180.972542ms)
  ✔ removes a symbolic-link resource without deleting its target file (165.463792ms)
  ✔ refuses to remove a disabled-root resource after the root path is replaced (286.057792ms)
  ✔ rejects local source deletion for every non-active root state before staging (220.255625ms)
  ✔ rejects physical source deletion when the resource has no root ownership (199.180959ms)
  ✔ skips unmanaged source files when deleting a video globally (194.735666ms)
  ✔ corrects an imported code (158.005959ms)
  ✔ persists a committed cleanup task when resource-file deletion must be retried (192.921875ms)
  ✔ revalidates the root identity before unlinking an already staged source (232.780042ms)
  ✔ does not delete resource records when the file storage cannot be audited (143.794583ms)
  ✔ adopts an interrupted prepared task when resource removal is retried (178.487459ms)
  ✔ does not adopt a prepared resource-removal task when the original path was replaced (151.9395ms)
  ✔ restores an interrupted pre-commit file staging task (187.892209ms)
  ✔ keeps a cleanup task queued while its original storage is unavailable (233.877333ms)
  ✔ finishes cleanup after a storage remount changes its device id (209.036ms)
  ✔ retains a pre-rename prepared task when another device occupies the original path (233.705375ms)
  ✔ retains prepared state and database records when both file paths are missing (263.985417ms)
  ✔ keeps the prepared task when storage disappears during resource-removal rollback (247.986375ms)
  ✔ clears scraped metadata and relations but keeps manual tags (212.905417ms)
  ✔ corrects to an already used code without implicitly merging videos (268.502375ms)
  ✔ explicitly merges same-code videos while preserving the chosen id and primary resource (238.155083ms)
  ✔ unions manual tags but keeps the retained scraped-tag field as a whole (220.91ms)
  ✔ unions cast, playlists, sources, and ratings while preserving retained conflicts and scrape history (232.24475ms)
  ✔ merges cover, poster, and sample fields as whole sets and reclaims only unused media (271.114792ms)
  ✔ rejects a merge whose combined identity belongs to a third video (279.949833ms)
  ✔ rolls back an ordinary merge when deleting the source record fails (257.131375ms)
  ✔ rejects merging videos with different normalized codes (273.000709ms)
  ✔ uses the normal availability-aware promotion rule when neither merged video has a primary (270.05575ms)
  ✔ splits a non-primary resource into a metadata-empty pending-identity video (183.827792ms)
  ✔ blocks primary splitting and rolls back a failed non-primary split (228.926416ms)
  ✔ locks metadata while a video scrape result is pending but still allows resource splitting (254.282792ms)
  ✔ requires confirmation before correcting a pending video and clears staging atomically (174.67525ms)
  ✔ rolls back the whole edit when it would create a complete business identity conflict (237.797583ms)
  ✔ stores related links on a video and returns them on detail (242.27575ms)
  ✔ rejects invalid related links and keeps the previous list (202.575541ms)
  ✔ keeps related links when clearing scraped metadata (258.393625ms)
  ✔ allows related-link edits while a video scrape result is pending (299.670708ms)
  ✔ unions related links on merge with the retained video first (301.022709ms)
  ✔ leaves related links on the original video when splitting a resource (271.022417ms)
✔ VideoMaintenanceService (14928.88125ms)
▶ VideoQueryService
  ✔ lists videos and reads their detail without mutating library state (323.841875ms)
  ✔ redacts external resource locators in detail projections until explicitly requested (396.650417ms)
  ✔ projects a STRM source path while keeping its complete target main-process only (413.072ms)
✔ VideoQueryService (1134.299333ms)
▶ VideoResourceLinkService
  ✔ tests a direct link and returns Content-Length when available (1.057292ms)
  ✔ returns a non-throwing failure without echoing a sensitive query (0.248208ms)
  ✔ routes checks through the hardened public HEAD transport (0.26325ms)
✔ VideoResourceLinkService (2.055375ms)
▶ videoScrapeApplyService.resolveEffectiveScrapeFields
  ✔ fillEmpty keeps only empty scalar fields (595.946916ms)
  ✔ fillEmpty evaluates female and male cast independently (475.656417ms)
  ✔ replaceIfPresent keeps all selected fields regardless of current values (390.967209ms)
  ✔ fillEmpty includes cast fields when video has no performers (403.724875ms)
✔ videoScrapeApplyService.resolveEffectiveScrapeFields (1866.964208ms)
▶ videoScrapeApplyService.planVideoScrapeResult update matrix
  ✔ title follows fillEmpty semantics for every current and scraped value state (435.032375ms)
  ✔ title follows replaceIfPresent semantics for every current and scraped value state (372.661208ms)
  ✔ title follows replace semantics for every current and scraped value state (357.025833ms)
  ✔ summary follows fillEmpty semantics for every current and scraped value state (330.082209ms)
  ✔ summary follows replaceIfPresent semantics for every current and scraped value state (343.435041ms)
  ✔ summary follows replace semantics for every current and scraped value state (354.201458ms)
  ✔ cover follows fillEmpty semantics for every current and scraped value state (396.553583ms)
  ✔ cover follows replaceIfPresent semantics for every current and scraped value state (387.548541ms)
  ✔ cover follows replace semantics for every current and scraped value state (394.679334ms)
  ✔ releaseDate follows fillEmpty semantics for every current and scraped value state (331.522833ms)
  ✔ releaseDate follows replaceIfPresent semantics for every current and scraped value state (282.651542ms)
  ✔ releaseDate follows replace semantics for every current and scraped value state (299.595375ms)
  ✔ maker follows fillEmpty semantics for every current and scraped value state (362.955958ms)
  ✔ maker follows replaceIfPresent semantics for every current and scraped value state (299.200375ms)
  ✔ maker follows replace semantics for every current and scraped value state (164.864166ms)
  ✔ publisher follows fillEmpty semantics for every current and scraped value state (289.822917ms)
  ✔ publisher follows replaceIfPresent semantics for every current and scraped value state (272.528792ms)
  ✔ publisher follows replace semantics for every current and scraped value state (244.108875ms)
  ✔ series follows fillEmpty semantics for every current and scraped value state (223.092166ms)
  ✔ series follows replaceIfPresent semantics for every current and scraped value state (246.312584ms)
  ✔ series follows replace semantics for every current and scraped value state (227.553167ms)
  ✔ director follows fillEmpty semantics for every current and scraped value state (233.753666ms)
  ✔ director follows replaceIfPresent semantics for every current and scraped value state (340.218667ms)
  ✔ director follows replace semantics for every current and scraped value state (326.042708ms)
  ✔ duration follows fillEmpty semantics for every current and scraped value state (269.024459ms)
  ✔ duration follows replaceIfPresent semantics for every current and scraped value state (302.219791ms)
  ✔ duration follows replace semantics for every current and scraped value state (305.582958ms)
  ✔ actressesFemale follows fillEmpty semantics for every current and scraped value state (267.745042ms)
  ✔ actressesFemale follows replaceIfPresent semantics for every current and scraped value state (272.063458ms)
  ✔ actressesFemale follows replace semantics for every current and scraped value state (302.391791ms)
  ✔ actressesMale follows fillEmpty semantics for every current and scraped value state (322.623083ms)
  ✔ actressesMale follows replaceIfPresent semantics for every current and scraped value state (317.896208ms)
  ✔ actressesMale follows replace semantics for every current and scraped value state (294.8535ms)
  ✔ tags follows fillEmpty semantics for every current and scraped value state (291.063542ms)
  ✔ tags follows replaceIfPresent semantics for every current and scraped value state (286.86ms)
  ✔ tags follows replace semantics for every current and scraped value state (300.032791ms)
  ✔ source follows fillEmpty semantics for every current and scraped value state (441.052208ms)
  ✔ source follows replaceIfPresent semantics for every current and scraped value state (328.764292ms)
  ✔ source follows replace semantics for every current and scraped value state (363.085042ms)
  ✔ rating follows fillEmpty semantics for every current and scraped value state (332.676958ms)
  ✔ rating follows replaceIfPresent semantics for every current and scraped value state (332.979834ms)
  ✔ rating follows replace semantics for every current and scraped value state (300.186291ms)
  ✔ samples follows fillEmpty semantics for every current and scraped value state (345.478833ms)
  ✔ samples follows replaceIfPresent semantics for every current and scraped value state (375.1765ms)
  ✔ samples follows replace semantics for every current and scraped value state (377.125709ms)
✔ videoScrapeApplyService.planVideoScrapeResult update matrix (14247.106042ms)
▶ videoScrapeApplyService.applyScrapeResult
  ✔ builds a read-only plan before applying field changes (284.191833ms)
  ✔ applies scalar fields consistently across the three update modes (362.997625ms)
  ✔ does not record a successful scrape when no selected field can be written (277.12475ms)
  ✔ clears only the selected source site metadata in replace mode (295.939833ms)
  ✔ preserves existing cover and warns when a returned image is unavailable (313.923208ms)
  ✔ keeps the complete old sample set when any returned sample is unavailable (141.496667ms)
  ✔ replaces selected relation sets while preserving manual tags and the other cast gender (106.091917ms)
  ✔ keeps a committed scrape successful when post-commit library cleanup fails (78.988458ms)
  ✔ does not roll back scraped tags when orphan-tag cleanup fails after commit (47.395667ms)
  ✔ reuses the unique name owner for canonically equivalent scraped cast names (53.843459ms)
  ✔ does not create or link an actress for a migrated pending cast name (52.779667ms)
  ✔ replaceIfPresent updates existing scalars when scrape has values and keeps null scrape values (48.857583ms)
  ✔ stores external stats under ratingSourceName when provided (42.871041ms)
  ✔ leaves downloaded cast avatars untouched for application-layer adoption (56.700708ms)
✔ videoScrapeApplyService.applyScrapeResult (2163.802417ms)
▶ videoScrapeApplyService classification entity resolution
  ✔ preserves entity update semantics across fillEmpty, replaceIfPresent, and replace (60.761667ms)
  ✔ matches main names, aliases, and normalized equivalents without overwriting profiles (54.096834ms)
  ✔ creates only basic entities, reuses one organization across roles, and leaves series unowned (57.181667ms)
  ✔ rolls back scalar writes and newly created entities when a classification assignment fails (86.137709ms)
  ✔ keeps the current director when its alias is one of multiple candidates without updating the video (80.786542ms)
  ✔ pauses a single scrape for director choice and applies the selected candidate on retry (59.252625ms)
  ✔ preserves an ambiguous director in batch mode while applying safe fields with an actionable warning (54.209625ms)
  ✔ reports an invalid classification name structurally while applying safe fields (63.741292ms)
  ✔ treats same-name series in different owner scopes as ambiguous and never infers an owner (87.589083ms)
✔ videoScrapeApplyService classification entity resolution (608.398625ms)
▶ videoScrapeApplyService.resolveVideoBatchTargets
  ✔ keeps active media-library batch targets inside their membership scope (53.432958ms)
  ✔ returns no targets for an archived media-library scope while preserving global compatibility (89.704875ms)
  ✔ excludes videos that already have a pending scrape decision (78.575167ms)
  ✔ filters by videos missing any selected metadata field (63.597167ms)
  ✔ combines status and missing-field filters (78.486625ms)
  ✔ treats a stored cover path as present even when the file is unreadable (81.711209ms)
✔ videoScrapeApplyService.resolveVideoBatchTargets (445.899792ms)
▶ videoScrapeApplyService tags emptiness
  ✔ fillEmpty ignores manual tags when deciding whether tags are empty (55.114167ms)
✔ videoScrapeApplyService tags emptiness (55.165125ms)
▶ llmSecretStore
  ✔ persists encrypted values and reports a degraded Linux-style backend (11.038625ms)
  ✔ removes a provider secret without affecting the remaining entries (30.409708ms)
  ✔ does not treat an unreadable secret path as an empty store (20.351166ms)
✔ llmSecretStore (62.66125ms)
▶ scraperServiceSecretStore
  ✔ persists an encrypted MetaTube token without exposing plaintext (26.232708ms)
  ✔ clears the token and rejects unavailable encryption (35.397834ms)
✔ scraperServiceSecretStore (62.107625ms)
▶ settingsStore avatar composition defaults
  ✔ uses the relaxed face-centered composition for settings without legacy values (18.167292ms)
  ✔ keeps legacy presets and explicit user values during migration (11.384583ms)
✔ settingsStore avatar composition defaults (30.060333ms)
▶ settingsStore video card preferences
  ✔ keeps resource type badges disabled for new and existing users by default (12.584292ms)
  ✔ preserves an explicit resource type badge preference (11.131875ms)
  ✔ defaults video cards to portrait and preserves an explicit landscape preference (23.921916ms)
✔ settingsStore video card preferences (47.811333ms)
▶ settingsStore NFO export preferences
  ✔ uses safe defaults and normalizes remembered selections without persisting overwrite (21.051833ms)
✔ settingsStore NFO export preferences (21.164625ms)
▶ settingsStore plugin developer model-turn budget
  ✔ retires the old implicit step limit instead of carrying 24 into the new setting (17.277334ms)
  ✔ defaults to unlimited and preserves an explicit zero limit (14.101959ms)
  ✔ persists a positive limit through the settings interface (16.872917ms)
  ✔ stops rewriting legacy model fields after schema v2 exists (28.227042ms)
  ✔ does not resurrect legacy model fields when the v2 document is unreadable (25.339666ms)
✔ settingsStore plugin developer model-turn budget (102.085375ms)
▶ settingsStore deferred library path cleanup
  ✔ normalizes unique non-empty roots and preserves them across cache resets (14.472583ms)
✔ settingsStore deferred library path cleanup (14.5415ms)
▶ settingsStore persistence
  ✔ does not update the cache when the settings file cannot be replaced (37.285084ms)
✔ settingsStore persistence (37.351208ms)
▶ settingsStore recovery
  ✔ backs up malformed JSON, writes defaults, and exposes one recovery notice (20.419666ms)
  ✔ does not replace a settings path that fails with an I/O error (14.147542ms)
✔ settingsStore recovery (34.666375ms)
▶ settingsStore LLM secret migration
  ✔ moves legacy API keys out of settings.json without exposing them publicly (28.025458ms)
  ✔ keeps the original plaintext file and blocks later writes when migration fails (13.845167ms)
✔ settingsStore LLM secret migration (42.007042ms)
▶ settingsStore scan cleanup defaults
  ✔ keeps automatic deletion disabled and has no summary for new and existing users (19.803833ms)
  ✔ preserves an explicit automatic deletion preference (18.261875ms)
  ✔ normalizes and sanitizes the persisted latest scan summary (14.641084ms)
  ✔ normalizes the retired unrecognized-file snapshot for migration (17.484541ms)
✔ settingsStore scan cleanup defaults (70.498875ms)
▶ settingsStore automatic scan defaults
  ✔ keeps automatic scans disabled and defaults to one hour (8.440209ms)
  ✔ accepts only supported automatic scan intervals (42.076875ms)
✔ settingsStore automatic scan defaults (50.761666ms)
▶ settingsStore retired actress scrapers
  ✔ rewrites the retired idol archive default to Xslist (10.649209ms)
  ✔ rewrites composite actress field mappings that pointed at the idol archive (11.2215ms)
✔ settingsStore retired actress scrapers (22.038292ms)
▶ settingsStore retired video scrapers
  ✔ rewrites the retired JAV8 default to JavDB (33.844709ms)
  ✔ rewrites JAV8 composite mappings and removes its delay (19.65475ms)
✔ settingsStore retired video scrapers (53.615042ms)
▶ settingsStore privacy mode
  ✔ defaults to disabled with every image scope selected (5.916917ms)
  ✔ keeps valid unique scopes and discards unknown values (17.780542ms)
  ✔ keeps samples and actress galleries independently selectable (11.232ms)
  ✔ allows all privacy scopes to be cleared explicitly (10.025333ms)
✔ settingsStore privacy mode (45.157583ms)
▶ close-to-tray setting
  ✔ defaults off and persists an explicit choice across reloads (29.775ms)
  ✔ does not enable tray hiding from malformed legacy values (16.508916ms)
✔ close-to-tray setting (46.407666ms)
▶ Web read-only catalog scope
  ✔ rechecks image authorization after async work when hidden changes (311.640083ms)
  ✔ rechecks image authorization after async work when archived changes (266.3465ms)
  ✔ rechecks image authorization after async work when cover changes (215.560917ms)
  ✔ rechecks image authorization after async work when cast changes (302.649084ms)
  ✔ rechecks image authorization after async work when sample changes (288.734833ms)
  ✔ reads only the authorized image path before and after serving, without full details (240.956209ms)
  ✔ forwards thumbnail size through the real catalog while preserving original requests (220.439875ms)
  ✔ forwards the caller signal to the async Store and drops a cancelled result (205.862166ms)
  ✔ filters archived/hidden memberships for lists, details, images, and media (267.563708ms)
  ✔ describes local resources without exposing their directory (208.941291ms)
  ✔ uses the cover rather than the background for browse, detail and image requests (248.041584ms)
  ✔ queries with parameters, paginates stably and filters clear membership scopes (714.858833ms)
  ✔ uses stable desktop discovery and respects library home participation (477.061708ms)
  ✔ exposes cast display metadata and only serves avatars linked to visible videos (230.013542ms)
  ✔ downloads non-playable files and exposes only supported external links (229.1055ms)
  ✔ resolves only authorized files and refuses symlink escapes and disabled roots (256.775167ms)
✔ Web read-only catalog scope (4686.9565ms)
▶ Desktop-approved browser pairing
  ✔ requires an open window, a desktop decision and a separate secret, consumes only once (1.683917ms)
  ✔ expires requests, bounds polling, rejection, restart and approvals (0.233916ms)
  ✔ bounds the total pending requests (0.325875ms)
✔ Desktop-approved browser pairing (2.672ms)
▶ Remembered browser lifecycle
  ✔ persists only remembered hashes, retains authorization over restart and revokes individual devices (278.129458ms)
✔ Remembered browser lifecycle (278.214166ms)
▶ Pairing HTTP boundary
  ✔ binds exchange to a private cookie, keeps approval desktop-only and remembers across server restarts (414.6975ms)
✔ Pairing HTTP boundary (414.864666ms)
▶ Device record recovery
  ✔ keeps valid sessions usable during activity write failures and retries persistence (266.93775ms)
  ✔ keeps disk and memory consistent after failed revoke, clear, rename and create (74.678125ms)
  ✔ resets a damaged snapshot without parsing it or retaining old authorization (38.612042ms)
  ✔ restores remaining pairing time from server and retains approval on issuance failure (0.551166ms)
✔ Device record recovery (381.117042ms)
▶ Per-device streaming revocation
  ✔ interrupts the revoked stream while another browser finishes its stream (116.514125ms)
✔ Per-device streaming revocation (116.836541ms)
✔ keeps the running service on staging failure and restores it after publish failure (122.305917ms)
✔ preserves remembered devices on runtime server errors, including failed state persistence (7.039625ms)
▶ Web authentication and streaming
  ✔ keeps image responses private and reports read queue overload as 503 (11.560084ms)
  ✔ forwards finite thumbnail sizes and rejects invalid sizes before image work (3.633417ms)
  ✔ reports oversized images as 413 without caching or a HEAD body (10.352084ms)
  ✔ rechecks an expired session after image work while the connection remains open (55.831584ms)
  ✔ cancels pending image work on logout and never sends its completed bytes (64.026ms)
  ✔ cancels pending image work on disconnect and never sends its completed bytes (55.624042ms)
  ✔ stores salted password hashes and enforces minimum length (154.628542ms)
  ✔ requires a session for catalog, artwork, and video, with no credential data in failures (16.179542ms)
  ✔ serves brand and favicon PNGs without login with the correct MIME and bytes (15.508584ms)
  ✔ rejects bad credentials; issues HttpOnly SameSite cookies on login (137.946875ms)
  ✔ blocks cross-origin, missing-origin POSTs, DNS rebinding, and desktop mutation routes (18.187791ms)
  ✔ streams byte ranges, suffixes and HEAD; rejects invalid or multiple ranges (15.231625ms)
  ✔ downloads authenticated resources as attachments (4.936667ms)
  ✔ logout invalidates the cookie; desktop revocation invalidates all browsers (68.762416ms)
✔ Web authentication and streaming (805.283875ms)
▶ Session lifetimes and request limits
  ✔ expires idle and absolute sessions and limits attempts (0.229541ms)
  ✔ accepts only local peer ranges and handles byte-range edge cases (0.199458ms)
✔ Session lifetimes and request limits (0.495792ms)
▶ actress face scan cache
  ✔ reuses a result only while the avatar fingerprint is unchanged (0.734125ms)
  ✔ filters only cached no-face avatars and ignores missing or unscanned entries (0.65675ms)
  ✔ combines a minimal full-library manifest with current session results (0.086833ms)
✔ actress face scan cache (2.005125ms)
▶ actress face scan cache identity
  ✔ only changes when a current row has no reusable result (0.465416ms)
✔ actress face scan cache identity (0.886417ms)
▶ actress face detection outcome mapping
  ✔ maps the detector zero-face message to the no-face domain state (0.384041ms)
✔ actress face detection outcome mapping (0.770333ms)
▶ actress face scan queue
  ✔ reports total detection failure without confusing partial or empty results with failure (0.59275ms)
  ✔ reuses cached face statuses and does not invoke detection for them (0.734167ms)
  ✔ finishes the current target before honoring cancellation (0.102417ms)
  ✔ does not cache detector failures so a later run can retry them (0.084667ms)
✔ actress face scan queue (2.00875ms)
▶ actress face scan session
  ✔ notifies remounted consumers when an earlier scan finishes (0.511333ms)
✔ actress face scan session (0.8765ms)
▶ avatar auto-crop geometry
  ✔ rejects invalid boxes and clamps valid detector bounds (1.510166ms)
  ✔ merges overlapping tiled detections and preserves the strongest result (0.261917ms)
  ✔ requires an explicit choice when two faces have similar prominence (0.3455ms)
  ✔ accepts mid-confidence faces only when the presence floor is used (0.06275ms)
  ✔ maps ROI landmarks back to full-image normalized coordinates (0.0695ms)
  ✔ uses the hair component attached to the face for visible head bounds (1.539166ms)
✔ avatar auto-crop geometry (4.471792ms)
✔ requests CORS before loading a media avatar so its bitmap can cross the Worker boundary (0.470791ms)
▶ avatar composition preview cache
  ✔ persists and restores the complete normalized face analysis (0.769083ms)
✔ avatar composition preview cache (1.227541ms)
▶ ActressAvatarEditor
  ✔ keeps rendering when the current avatar enters crop editing (80.209458ms)
  ✔ keeps rendering when a legacy avatar without its original enters crop editing (16.564ms)
✔ ActressAvatarEditor (97.640375ms)
▶ ActressDeleteModal confirmation model
  ✔ uses ordinary deletion only when the current impact has no video links (1.044166ms)
  ✔ requires the dedicated acknowledgement action and explains resource preservation (0.277333ms)
  ✔ does not let the dedicated high-risk action bypass the safe path (0.17675ms)
✔ ActressDeleteModal confirmation model (2.056042ms)
▶ ActressProfileMeta scrape record
  ✔ hides scrape record for successful actresses and keeps attention states (2.085333ms)
  ✔ offers the manual success mark only for unscraped and failed records (0.146583ms)
✔ ActressProfileMeta scrape record (2.934875ms)
▶ Button
  ✔ loads its CSS Module and preserves native button semantics (4.247084ms)
✔ Button (4.830583ms)
▶ ClassificationDeleteModal
  ✔ shows associated video and child impacts before confirming deletion (14.760291ms)
  ✔ allows a zero-impact deletion and keeps a failed confirmation open with refreshed impact (5.405333ms)
  ✔ does not report or re-preview a completed deletion when page cleanup fails (2.518958ms)
✔ ClassificationDeleteModal (23.818458ms)
▶ classification picker
  ✔ keeps candidates hidden until the field is used (5.6545ms)
  ✔ shows candidates once the user types (2.040833ms)
  ✔ walks candidates with the arrow keys and commits with Enter (1.4535ms)
  ✔ shows candidates once the field is focused (0.343709ms)
  ✔ shows candidates on focus even when the field is empty (0.280792ms)
  ✔ does not commit a candidate with Enter until one is active (0.232ms)
  ✔ closes candidates on Escape without letting the dialog see the key (0.30625ms)
  ✔ closes candidates when focus leaves the field (0.394042ms)
  ✔ keeps candidates open when the pointer is in the list (0.310583ms)
  ✔ closes candidates after picking one with the pointer (0.271167ms)
  ✔ hides the create hint when the typed name already exists (1.364625ms)
✔ classification picker (13.43975ms)
▶ video detail library context layout
  ✔ shares the compact detail header row with the back action (3.758167ms)
  ✔ keeps membership badges on one bounded line (0.914625ms)
✔ video detail library context layout (5.694833ms)
▶ DirectorScrapeChoiceModal
  ✔ requires an explicit candidate and submits its stable director id (8.213666ms)
✔ DirectorScrapeChoiceModal (8.7885ms)
▶ DisplayModeProvider
  ✔ loads and exposes the application-wide cover mode (45.189542ms)
✔ DisplayModeProvider (45.735083ms)
▶ form hint styles
  ✔ keeps entity-edit and settings field hints muted and caption-sized (4.258292ms)
  ✔ routes entity-edit helper copy through EditFormField instead of a bare hint class (1.628208ms)
✔ form hint styles (6.440375ms)
▶ image preview history marker
  ✔ preserves router state when adding a unique preview marker (2.385125ms)
  ✔ reads only valid image preview markers (0.276166ms)
✔ image preview history marker (3.385333ms)
✔ uses a 320 thumbnail for actress cards (197.781542ms)
✔ uses thumbnails for local video gallery tiles and original preview sources (171.564417ms)
✔ uses thumbnails for local actress gallery tiles and original preview sources (5.598083ms)
▶ LegacyLibraryRedirect
  ✔ preserves the settings return context while replacing a legacy video URL (116.508792ms)
✔ LegacyLibraryRedirect (117.368ms)
▶ MediaLibraryCreateModal
  ✔ validates in place and exposes a keyboard-submit four-step flow (265.707625ms)
  ✔ deduplicates selected roots, submits independent config, and returns root errors to their step (7.847583ms)
✔ MediaLibraryCreateModal (274.093458ms)
▶ MediaLibraryCreateModal control style
  ✔ keeps all workflow steps at one viewport-safe dialog height (4.272708ms)
  ✔ reserves a visible gutter for the left edge of the focus ring (1.137791ms)
✔ MediaLibraryCreateModal control style (6.458375ms)
▶ MediaLibraryNav name style
  ✔ keeps visible library names on one ellipsized line (2.86925ms)
  ✔ presents media libraries as one compact navigation surface (1.308791ms)
  ✔ keeps global navigation unlabeled in the visible sidebar (0.432708ms)
✔ MediaLibraryNav name style (5.084834ms)
▶ OrganizationDeleteModal
  ✔ previews and removes only the selected role (21.138541ms)
  ✔ blocks removing the final role and directs the user to full deletion (2.028084ms)
  ✔ shows both role counts and hierarchy impacts for a full deletion (1.9125ms)
✔ OrganizationDeleteModal (26.093333ms)
▶ OrganizationMergeModal interaction
  ✔ selects a cross-role source and submits the explicit source-to-target direction (202.991709ms)
  ✔ keeps the modal open and shows an actionable error when the merge is rejected (5.645041ms)
✔ OrganizationMergeModal interaction (209.65875ms)
▶ recent text input style contract
  ✔ uses the shared text-input treatment for every recent text-like input (4.04275ms)
✔ recent text input style contract (4.535541ms)
▶ Switch
  ✔ loads its CSS Module and preserves native checkbox semantics (5.312292ms)
✔ Switch (5.977667ms)
✔ loads on open only, pages without full catalog reads and preserves cross-page selection (87.028958ms)
✔ debounces and resets search, rejecting stale page/search responses (274.034792ms)
✔ shows failure with explicit retry and enforces 100 selections while allowing removal (3.306708ms)
✔ unmounts candidates with the actual parent popover and ignores late responses on reopen (4.761709ms)
▶ VideoDeleteImpact
  ✔ shows every affected domain without a duplicate source-file section (4.6435ms)
  ✔ names the current library when previewing a membership removal (0.922708ms)
✔ VideoDeleteImpact (6.230375ms)
▶ video primary metadata classification navigation
  ✔ dispatches entity-backed organizations by stable id (1.210083ms)
  ✔ does not expose a name-only organization route (0.067875ms)
  ✔ uses only the stable director id (0.069334ms)
  ✔ uses only the stable series id (0.055084ms)
✔ video primary metadata classification navigation (1.805875ms)
▶ video detail resource actions
  ✔ shows copy and external-open actions instead of play for link resources (7.047792ms)
  ✔ keeps the play action for local resources (1.170667ms)
  ✔ shows actual link kind, STRM hosting, masked target, and source path together (1.910792ms)
  ✔ exposes the cross-library move command for both links and root-managed resources (3.77325ms)
✔ video detail resource actions (14.699834ms)
▶ VideoLibraryMembershipBadges
  ✔ puts the active resource scope first and names the other memberships accessibly (4.202458ms)
  ✔ bounds the visible badges and exposes hidden library names in the overflow title (0.591875ms)
✔ VideoLibraryMembershipBadges (5.335916ms)
▶ VideoResourceImportModal
  ✔ keeps a STRM target read-only while allowing metadata edits and HTTP checks (236.659458ms)
✔ VideoResourceImportModal (237.038375ms)
✔ loads only on open, renders at most one page, and selects an existing tag by ID (19.207792ms)
✔ debounces search, resets the page, and discards earlier search responses (547.598166ms)
✔ shows errors with retry and discards closed-modal results before reopening (4.754083ms)
✔ creates from the full draft and prevents an old write completion from closing another video modal (5.4875ms)
✔ refreshes stale candidates after a failed selection without retrying the write (2.758875ms)
✔ does not inherit an open picker or issue a hidden request when switching videos (2.242333ms)
▶ actress virtual grid layout
  ✔ derives responsive columns without shrinking cards below their minimum width (0.75775ms)
  ✔ places load state on a dedicated row after an incomplete item row (1.175375ms)
✔ actress virtual grid layout (2.438834ms)
▶ AgentMetadataActivityFeed
  ✔ keeps live model thinking open and shows semantic actions (6.902208ms)
  ✔ collapses completed thinking into an expandable preview (2.913792ms)
  ✔ moves a finished live thought back into collapsed history (0.927791ms)
  ✔ caps the thinking box height and still shows the full streamed text (3.401167ms)
✔ AgentMetadataActivityFeed (14.949792ms)
▶ Agent metadata collector intro
  ✔ explains how this flow differs from regular matching (0.544458ms)
  ✔ keeps the setup steps compact and muted (4.443792ms)
✔ Agent metadata collector intro (5.654917ms)
▶ alias editor state
  ✔ promotes an alias to main name and keeps the previous main as an alias (1.632583ms)
  ✔ does not duplicate the previous main name when it is already an alias (0.077375ms)
✔ alias editor state (2.117292ms)
▶ classification image interaction state
  ✔ distinguishes formal images from dynamic fallback images (0.904833ms)
  ✔ builds explicit file, URL, and video-cover commands (0.130708ms)
✔ classification image interaction state (1.70075ms)
▶ classification merge interaction state
  ✔ keeps the selected source identity when refreshed candidates reorder (1.519458ms)
  ✔ keeps a selected source through a narrower search and rejects invalid commands (0.08725ms)
✔ classification merge interaction state (2.099541ms)
▶ classification picker state
  ✔ stays closed until the user asks for candidates (1.243916ms)
  ✔ hides candidates when the result set is empty (0.109625ms)
  ✔ opens on arrow navigation and wraps around the candidate list (0.193834ms)
  ✔ never navigates into an empty candidate list (0.09125ms)
  ✔ drops the active candidate when typing or when the result set shrinks (0.075167ms)
  ✔ closes on dismiss (0.042416ms)
  ✔ hides the create hint when the query already names an existing option (0.053125ms)
✔ classification picker state (2.451792ms)
▶ director form state
  ✔ defaults to preserving a changed main name and converts profile fields (1.162ms)
✔ director form state (1.653875ms)
▶ director picker state
  ✔ keeps typed same-name input as an explicit inline-create request (0.836375ms)
  ✔ shows stable candidate differences rather than silently choosing by name (0.134584ms)
✔ director picker state (1.371625ms)
▶ image preview swipe gesture
  ✔ switches to the previous image when dragging right past the threshold (0.658334ms)
  ✔ switches to the next image when dragging left past the threshold (0.077ms)
  ✔ ignores clicks, short drags, and vertical drags (0.061ms)
  ✔ distinguishes a drag from a click even when movement is vertical (0.071833ms)
✔ image preview swipe gesture (1.528167ms)
▶ mediaLibraryIdentityStyle
  ✔ maps every domain color to one semantic CSS custom property (1.287541ms)
  ✔ keeps the established palette mapping stable (0.116209ms)
✔ mediaLibraryIdentityStyle (2.093375ms)
▶ organization form state
  ✔ defaults to preserving the previous main name while retaining ordered aliases and links (1.688875ms)
  ✔ moves links without mutating the current form state (0.141875ms)
  ✔ retains a selected parent while search results change (0.098042ms)
✔ organization form state (2.370333ms)
▶ organization merge presentation
  ✔ shows cross-role candidate statistics without collapsing the two roles (0.730667ms)
  ✔ reports each transferred relation after a successful merge (0.240875ms)
✔ organization merge presentation (1.493542ms)
▶ organization picker state
  ✔ resolves main names and aliases to stable ids (1.348208ms)
  ✔ uses unmatched text as an explicit inline create request (0.085375ms)
  ✔ uses an empty value to remove the organization relation (0.249208ms)
  ✔ describes candidates by stable id, roles, and aliases (0.097917ms)
✔ organization picker state (2.369542ms)
▶ PlaylistImportProvider workspace
  ✔ uses the Agent scrape two-pane workspace with live activity and result preview (1.165375ms)
  ✔ offers one confirmed termination action in running and waiting-user footers (0.219541ms)
  ✔ closes the import workspace after the host confirms task termination (0.184875ms)
  ✔ closes only through the actions rendered inside the import dialog (0.379625ms)
  ✔ closes the import dialog before navigating to the imported playlist (0.671625ms)
  ✔ offers frozen write options with source-playlist linking disabled by default (0.770791ms)
  ✔ selects the active default media library when opening the importer (0.176333ms)
  ✔ explains the Agent name and host-date fallback for an empty new-playlist name (0.120541ms)
  ✔ invalidates global video projections and discards stale identity choices (0.142917ms)
  ✔ broadcasts completion so recovered imports refresh mounted playlist surfaces (1.697125ms)
  ✔ renders the complete release summary instead of only aggregate reuse counts (0.410083ms)
  ✔ keeps preview rows dense and long text truncation stable (4.446916ms)
  ✔ shows enough candidate identity evidence and opens links through the app shell (1.49675ms)
✔ PlaylistImportProvider workspace (12.925125ms)
▶ PluginDevConfigRail ready actions
  ✔ makes Install primary and disables empty continuation until feedback is entered (12.699625ms)
✔ PluginDevConfigRail ready actions (13.256875ms)
▶ PluginDevConversation history controls
  ✔ presents a ready settlement as normal state and requires feedback to continue (7.906625ms)
  ✔ renders model reasoning as a quiet collapsed diagnostic block (18.814083ms)
  ✔ keeps live reasoning open and marks the answer as streaming (4.03125ms)
  ✔ renders agent answers as markdown (4.25075ms)
  ✔ renders compact context metrics with the cache-hit ratio (1.649583ms)
  ✔ exposes an explicit clear-session action for a restored historical run (1.160208ms)
  ✔ keeps typed choice, browser challenge and freeform requests as distinct controls (3.956958ms)
✔ PluginDevConversation history controls (42.594625ms)
✔ guides a configured model user to the missing website, then enables development (648.971334ms)
✔ keeps the actual model readiness reason when a named model cannot run (10.955083ms)
▶ PluginDevResultPanel manifest coverage
  ✔ separates actionable field ids from runtime-only information (6.165375ms)
  ✔ renders each exact-match candidate when the plugin returns an array (1.184875ms)
  ✔ labels a targeted execution as a local diagnostic even when the saved full run is ready (0.475792ms)
  ✔ explains null and empty array plugin returns instead of hiding the section (0.243667ms)
✔ PluginDevResultPanel manifest coverage (9.171375ms)
▶ plugin dev Agent UI state
  ✔ requires feedback before continuing a mechanically ready Agent (0.562291ms)
  ✔ presents a normal Agent settlement without an error toast (0.600584ms)
  ✔ coalesces streaming reasoning and answer into their final model-turn items (0.394292ms)
  ✔ enables the existing Install button only for a current mechanical acceptance (0.315042ms)
  ✔ allows clearing restored history only when its Agent is not running or busy (0.334875ms)
  ✔ auto-applies only unfinished history and leaves terminal editor state untouched (0.191791ms)
  ✔ keeps non-debuggable built-ins out of the plugin-development selector (7.54875ms)
  ✔ does not treat a loaded built-in fork as the already-selected new-plugin option (0.228375ms)
  ✔ rejects session B events while continuing session A (0.228458ms)
  ✔ binds an unbound start once and rejects later events from another session (0.423375ms)
  ✔ invalidates a snapshot after any newer live mutation (0.353708ms)
  ✔ releases restored busy state on settle but keeps a local API dispatch busy (0.1715ms)
  ✔ projects live workspace drafts from package_updated, not terminal done (0.058917ms)
  ✔ blocks ordinary messages until the exact pending approval is decided (0.081333ms)
  ✔ does not dispatch a stale approval after the request disappeared (0.039125ms)
✔ plugin dev Agent UI state (12.987417ms)
▶ series form state
  ✔ defaults a rename to retaining the previous main name (0.422209ms)
  ✔ trims text and converts optional numeric selections (0.700292ms)
✔ series form state (1.49825ms)
▶ series picker state
  ✔ keeps typed creation separate from selecting an existing stable identity (1.412708ms)
  ✔ always distinguishes same-name candidates by stable id and owner scope (0.502542ms)
✔ series picker state (2.906541ms)
✔ applies supported fields, preserves other mappings, allows overrides and only persists on save (22.802875ms)
✔ rejects unavailable saved sources and keeps missing references visible for repair (2.104625ms)
✔ excludes nested and other-kind plugins and prevents applying unconfigured sources (1.8165ms)
✔ uses video field capabilities for bulk assignment (2.097458ms)
▶ LibraryScanAuditPanel
  ✔ defaults to the attention tab even when the latest scan has no issues (483.937666ms)
  ✔ keeps cached unrecognized files visible with their root-scoped resolution controls (7.200583ms)
  ✔ does not describe current scan failures as resolved (3.921459ms)
  ✔ offers a processing jump for cached unrecognized rows in the all-files tab (4.760667ms)
  ✔ shows an NFO identity conflict as a secondary scan disposition and opens the pending center (5.533916ms)
  ✔ routes a current NFO candidate to its scrape pending item (4.6855ms)
  ✔ shows historical NFO pending dispositions as resolved when their current rows are gone (4.068042ms)
  ✔ keeps the attention badge equal to the visible list when only an NFO warning exists (2.921833ms)
✔ LibraryScanAuditPanel (517.975459ms)
✔ limits a large failed audit to100 visible rows and queries only their pending IDs (46.4325ms)
✔ routes all three kinds from one mixed pending presence response (5.611083ms)
✔ keeps a stable audit anchor when a historical group is no longer pending (2.959292ms)
▶ MetaTube plugin settings
  ✔ shows pending status and blocks setting an unconfigured plugin as default (6.91875ms)
  ✔ keeps a blank token and supports explicit token clearing (11.02975ms)
  ✔ requires confirmation before saving a token over remote HTTP (6.849875ms)
  ✔ tests the current draft without changing the token mode (8.164875ms)
✔ MetaTube plugin settings (33.759541ms)
▶ Model management v2 panels
  ✔ keeps workload edits local until the explicit save action (21.092708ms)
  ✔ shows configured providers first and keeps unconfigured built-ins collapsed (1.8945ms)
  ✔ limits the default advanced view to models referenced by workloads (18.177166ms)
✔ Model management v2 panels (42.636666ms)
✔ saves proxy address and mode only on explicit commit; testing stays independent (391.07825ms)
▶ NFO export foreground modal
  ✔ vetoes full-page unload while the foreground modal is active (349.984042ms)
  ✔ is an aria-modal task surface with an explicit terminate action and no dismiss action (13.6365ms)
  ✔ keeps the terminal report open until the user confirms it (3.898958ms)
  ✔ renders a returned plan and enters blocking state before foreground execution (20.642916ms)
  ✔ discards a plan that returns after the storage panel has unmounted (4.10975ms)
  ✔ terminates an export whose start result returns after unmount (5.738125ms)
✔ NFO export foreground modal (398.826209ms)
▶ NFO export preview details
  ✔ counts only new and replaced artwork in the writing breakdown (1.656916ms)
  ✔ distinguishes stopped, partial and empty reports and exposes stop errors in the dialog (2.508209ms)
  ✔ mounts only the opened page of a large warning list and keeps every warning reachable (7.581667ms)
✔ NFO export preview details (11.965542ms)
▶ SettingsPrimitives
  ✔ retains an invalid value with an accessible error instead of silently clamping it (8.099667ms)
  ✔ keeps a multi-digit number local until the edit is committed (2.286834ms)
  ✔ supports keyboard activation of increment and does not treat empty input as zero (0.934667ms)
  ✔ renders a semantic card without losing its accessible name (0.641375ms)
  ✔ exposes status as data rather than a behavior-bearing class name (0.234416ms)
✔ SettingsPrimitives (12.8925ms)
✔ renames with no manual code or target and refreshes the pending row after failed recognition (257.313917ms)
✔ retries a failed service with saved configuration, and prevents submitting unsaved drafts via retry (3554.939375ms)
▶ library scan audit row layout
  ✔ uses compact rows only when the skipped tab also uses compact virtual slots (0.578959ms)
  ✔ keeps the variable-height attention list out of fixed-size virtualization (0.218291ms)
  ✔ keeps CSS row geometry aligned with virtual item sizes (0.923ms)
✔ library scan audit row layout (2.588041ms)
▶ video resource card badges
  ✔ keeps primary-first order, deduplicates kinds, and limits visible labels to two (1.020875ms)
  ✔ returns no card decoration when a video has no resources (0.087916ms)
  ✔ shares full resource labels across detail and filter surfaces (0.067875ms)
✔ video resource card badges (2.292791ms)
▶ video resource import form
  ✔ shares auto detection, normalization, and size conversion across entry points (1.794209ms)
  ✔ auto-detects Magnet and keeps its protocol-derived default name (0.560291ms)
  ✔ treats blank matching input as absent without invoking strict code validation (0.240791ms)
✔ video resource import form (3.514625ms)
▶ video resource import layout
  ✔ gives the size value the fluid column and keeps its unit compact (11.568791ms)
✔ video resource import layout (12.363542ms)
▶ shared workbench primitives
  ✔ composes feature classes without replacing the neutral structure (1.981583ms)
  ✔ connects tabs to their panels with a single keyboard tab stop (0.516417ms)
✔ shared workbench primitives (2.975708ms)
▶ isBatchScrapeActive
  ✔ treats only running and paused batches as active (0.599291ms)
✔ isBatchScrapeActive (1.098542ms)
▶ poster grid row height
  ✔ reserves the complete membership strip without changing ordinary library rows (0.719083ms)
✔ poster grid row height (1.234416ms)
▶ facet route contracts
  ✔ only permits each entity detail under its matching facet (0.356583ms)
✔ facet route contracts (0.697167ms)
▶ global search shortcut
  ✔ accepts Cmd/Ctrl+K and rejects unrelated key combinations (0.5565ms)
  ✔ focuses and selects the Home input after two render frames (0.601291ms)
✔ global search shortcut (1.557209ms)
▶ useLatestAsyncLabel
  ✔ ignores an older request that finishes after the latest request (7.567584ms)
✔ useLatestAsyncLabel (8.138166ms)
▶ media-library scan event scope
  ✔ accepts only the current library and, once known, the current run (0.689458ms)
✔ media-library scan event scope (1.228583ms)
✔ sends no empty lookup, deduplicates IDs and rejects a stale page response (18.473ms)
✔ distinguishes a failed lookup from processed items and retries the same page (3.890208ms)
✔ does not reuse old ready state when a page is revisited before another lookup finishes (3.316625ms)
✔ does not fetch empty/inactive selections and resolves only unique selected IDs (10.980584ms)
✔ ignores responses for previous filters and refreshes on returning from detail (3.131084ms)
✔ does not loop on a rejected lookup and discards in-flight results after deactivation (1.85025ms)
▶ isLibraryListSurfacePath
  ✔ matches list roots only (1.287459ms)
  ✔ does not match detail or stack routes (0.439958ms)
✔ isLibraryListSurfacePath (2.418334ms)
▶ shouldRefetchLibraryOnRouteChange
  ✔ refetches when entering a list root from outside (0.207292ms)
  ✔ does not refetch when opening detail stacks or hopping between list roots (0.166041ms)
✔ shouldRefetchLibraryOnRouteChange (0.515083ms)
▶ global search URL state
  ✔ normalizes positive media-library ids in stable order (1.005291ms)
  ✔ canonicalizes owned state without stripping detail-only lib (0.349125ms)
  ✔ builds an explicit, paged cross-library search input and identity (0.138625ms)
✔ global search URL state (1.950916ms)
▶ library resource filter URL contract
  ✔ parses valid unique values in canonical order and ignores invalid values (0.9975ms)
  ✔ omits the default all-resources state and canonicalizes copied URLs (0.259167ms)
  ✔ removes a resource parameter containing only invalid values (0.150791ms)
  ✔ includes applied resource filters in the query and scroll-memory hash (0.150083ms)
  ✔ keeps pending scrape as an independent canonical filter dimension (0.076917ms)
  ✔ resolves omitted sort state from each media library configuration (0.15ms)
✔ library resource filter URL contract (2.357625ms)
▶ multi-library route builders and parsers
  ✔ round-trips the home video detail stack (2.536208ms)
  ✔ round-trips the global-search video detail stack (0.239167ms)
  ✔ round-trips media-library list, detail, nested actress and settings routes (0.723125ms)
  ✔ rejects malformed, non-positive, fractional and unsafe route ids (0.396875ms)
  ✔ accepts digit-only positive ids and builders emit their canonical form (0.086375ms)
✔ multi-library route builders and parsers (4.75125ms)
▶ detail-only active-library query contract
  ✔ parses only positive safe-integer library ids (0.125917ms)
  ✔ canonicalizes the first lib value without changing other list query state (0.143375ms)
  ✔ sets, replaces and strips the detail-only library parameter immutably (0.082333ms)
  ✔ derives a single detail context and gives a library path precedence over lib (0.624083ms)
  ✔ keeps lib only where the route needs query-owned detail scope (0.275292ms)
  ✔ respects a valid legacy lib hint and falls back when that membership is unavailable (0.487625ms)
✔ detail-only active-library query contract (1.949583ms)
▶ recent media-library memory
  ✔ stores only positive safe library ids and ignores malformed persisted state (0.450167ms)
✔ recent media-library memory (0.812625ms)
▶ route builders and parsers
  ✔ round-trips library detail stacks (2.153625ms)
  ✔ round-trips actress detail stacks (0.200375ms)
  ✔ round-trips playlist and classification entity detail stacks (0.632458ms)
  ✔ rejects malformed detail ids (0.234417ms)
  ✔ builds pending-center locations without page-level query concatenation (1.388875ms)
✔ route builders and parsers (5.49025ms)
▶ classification list query contract
  ✔ accepts only video count and update time sorting with video count descending by default (0.241167ms)
  ✔ includes organization search and sorting in the shareable query identity (0.304125ms)
  ✔ keeps series release sorting separate from classification-list sorting (0.3035ms)
✔ classification list query contract (1.151416ms)
▶ actress avatar filter query contract
  ✔ normalizes avatar filter values and omits the all default (0.113791ms)
  ✔ returns to the actress list without losing its query state (0.114417ms)
  ✔ keeps avatar filters distinct in the actress query hash (0.111583ms)
✔ actress avatar filter query contract (0.423292ms)
▶ actress status filter query contract
  ✔ parses the canonical status values and treats anything else as all (0.153458ms)
  ✔ omits the param for all and writes the canonical value otherwise (0.179083ms)
  ✔ includes status in the list query identity and ignores invalid values (0.067958ms)
  ✔ keeps search, gender and sort identity while only the status changes (0.071917ms)
  ✔ round-trips the status query through actress detail and back (0.154834ms)
  ✔ remembers the actress status filter across primary navigation (0.744083ms)
✔ actress status filter query contract (1.447708ms)
▶ primary navigation memory
  ✔ restores query state per list and removes unrelated nested query keys (0.465458ms)
  ✔ persists search only when leaving a list root (0.157417ms)
  ✔ forgets a root so cross-nav no longer restores it (0.043708ms)
  ✔ resolves same-section vs cross-section sidebar targets (0.121208ms)
  ✔ builds nav link href from current search when active (0.096417ms)
✔ primary navigation memory (0.933875ms)
▶ navigation helpers
  ✔ removes playlist-detail resource filters when returning to the playlist list (0.08875ms)
  ✔ keeps home, search and media-library detail stacks scoped and reversible (1.598417ms)
  ✔ closes nested actress details back to their parent video context (1.206041ms)
  ✔ keeps stable series identity and release direction through its detail stack (0.223792ms)
  ✔ keeps director identity and query state through its stable detail stack (0.14675ms)
  ✔ opens an organization by stable id while preserving its role-list query (0.09325ms)
  ✔ keeps classification query only inside the same classification stack (0.070625ms)
  ✔ keeps video and actress navigation inside the stable organization stack (0.110208ms)
  ✔ keeps video and actress navigation inside the pending workbench stack (0.099292ms)
  ✔ opens actress detail from the pending inbox and returns to it (0.052083ms)
✔ navigation helpers (3.828708ms)
▶ settings route contract
  ✔ builds canonical settings paths and resolves valid sections (0.324709ms)
✔ settings route contract (0.353041ms)
▶ media-library settings state
  ✔ builds a trimmed create command, deduplicates roots and still allows an empty library (1.610541ms)
  ✔ builds minimal identity and section-scoped config patches (0.2665ms)
  ✔ normalizes an empty scraper and validates numeric scan boundaries (0.064208ms)
  ✔ gates destructive lifecycle commands (0.072875ms)
  ✔ allows cleanup-only scans but rejects a library with no work (0.040625ms)
  ✔ routes every root-owned record through cleanup before direct deletion (0.042834ms)
  ✔ reports partial root additions explicitly (0.034166ms)
  ✔ shows a terminal query error even before form drafts exist (0.037958ms)
✔ media-library settings state (2.984041ms)
▶ video detail section order
  ✔ renders a titled related-links section after video resources (0.737333ms)
✔ video detail section order (1.321917ms)
▶ HomePage
  ✔ searches in place while typing and restores discovery when cleared (1053.055375ms)
  ✔ keeps discovery stable through refreshes and remounts until replaced (18.490791ms)
✔ HomePage (1072.275ms)
▶ HomePage search layout
  ✔ reserves shared toolbar-search padding for the icon and keyboard shortcut (3.930416ms)
  ✔ centers the search icon inside the shared input control (0.576208ms)
  ✔ keeps the keyboard shortcut on the same vertical center line (1.00575ms)
✔ HomePage search layout (6.085166ms)
✔ uses the shared switch for home discovery and keeps changes in the settings draft (415.863333ms)
▶ MediaLibrarySettingsPage layout
  ✔ uses the application settings width token and stays left aligned (6.982625ms)
  ✔ keeps compact library context above the old-style import workspace (17.2425ms)
✔ MediaLibrarySettingsPage layout (24.895542ms)
▶ ScanSettingsTab
  ✔ builds domain-correct deep links for scan identities and scrape candidates (366.368583ms)
  ✔ renders automatic local NFO import enabled by default and persists a switch change immediately (11.288666ms)
✔ ScanSettingsTab (378.229083ms)
✔ locates a deep-linked pending item, pages with a bounded cache and ignores a late detail (538.558625ms)
✔ shows an explicit page error and retries without fetching the full inbox (69.881917ms)
✔ recovers the last page after deletion and selects the surviving first item (86.839875ms)
✔ does not block a different queue when scrape count fails or reuse its disabled page total (86.344791ms)
✔ ignores an old page that resolves after navigation to a newer page (102.251083ms)
▶ PendingCenterPage scrape resolution
  ✔ carries an explicit director through merge-and-apply without stacking prompts (377.446167ms)
  ✔ previews either persisted identity and submits only after explicit confirmation (20.6735ms)
  ✔ shows the library filter only for scan decisions (15.49ms)
  ✔ clears the library filter from the scoped empty state and keeps the scan tab selected (14.739ms)
✔ PendingCenterPage scrape resolution (429.587541ms)
✔ ignores an old playlist response arriving after navigation (380.702625ms)
✔ requests a bounded thumbnail for a playlist card (6.223833ms)
✔ does not refresh an old playlist when its removal finishes after navigation (13.304834ms)
✔ returns to the previous page when deleting the only item on the last page (12.191417ms)
✔ keeps the existing grid mounted during refresh after closing a nested video (7.042542ms)
✔ keeps the latest sort response when requests for the same playlist finish out of order (7.301958ms)
✔ reuses metadata while paging but refreshes it after a playlist mutation (8.569916ms)
✔ does not reuse stale metadata when filtering interrupts a forced refresh (6.146292ms)
✔ shows not found when a refreshed metadata read reports a deleted playlist (2.942375ms)
✔ refreshes the fallback cover with the new sort instead of reusing the old metadata (4.886917ms)
▶ PlaylistDetailPage resource filter feedback
  ✔ keeps the compact toolbar count without rendering an applied-filter bar (0.521541ms)
  ✔ uses an import action icon instead of a download icon (0.084167ms)
✔ PlaylistDetailPage resource filter feedback (1.134291ms)
▶ actress conflict review state
  ✔ keeps every action tied to its explicit user-visible scope (1.843917ms)
  ✔ expands changed impacts and keeps unchanged impacts collapsed initially (0.105125ms)
  ✔ uses the candidate-owned impact plan only when that candidate is the proposed owner (0.079292ms)
  ✔ sections groups by task state and sorts each section by display name (6.2325ms)
  ✔ selects the first source for viewing without preselecting a proposed owner (0.127833ms)
  ✔ explains empty, unchanged, moved, and conflict-free name edits (0.519209ms)
  ✔ builds the exact owner, pending, and actress versions shown to the user (0.085209ms)
  ✔ requires a replacement only when assigning away a current main name (0.085166ms)
  ✔ enables illegal-name confirmation only after every required replacement is valid (0.1005ms)
  ✔ requires an explicit partner, keeper, and final main name for conflict merges (0.391167ms)
  ✔ allows a pending-name-ownership pair to be merged (0.052417ms)
  ✔ keeps the current group or selects its next neighbor after refresh (0.655542ms)
✔ actress conflict review state (11.083333ms)
▶ conflictReviewRemote
  ✔ resolves ownership/merge/illegal and surfaces stale refresh (0.715541ms)
  ✔ discards a candidate and refreshes the queue (0.171041ms)
  ✔ validates replacement main names (0.293875ms)
  ✔ ignores an older live name inspection after a newer request wins (6.459417ms)
  ✔ invalidates an in-flight inspection cleanup (0.172292ms)
✔ conflictReviewRemote (8.503083ms)
▶ conflictReviewSession
  ✔ resets decision draft when switching groups (0.706625ms)
  ✔ opens ownership replacement dialog when claimants need new main names (6.294875ms)
  ✔ applies refresh focus and stale message (0.174458ms)
  ✔ syncSelectedGroup initializes selection for the first available group (0.053333ms)
✔ conflictReviewSession (7.840917ms)
▶ conflict review latest request gate
  ✔ accepts only the newest async validation result (1.133541ms)
  ✔ invalidates an in-flight result when the workflow closes (0.11575ms)
  ✔ does not let stale cleanup invalidate the current request (0.053875ms)
✔ conflict review latest request gate (2.060583ms)
▶ media-library list surface state
  ✔ keeps archived libraries out of the writable catalog surface (0.371166ms)
✔ media-library list surface state (1.003125ms)
▶ pending center resolution state
  ✔ requires every scan resource to have an explicit valid target (0.859166ms)
  ✔ serializes scan targets only at the select-control boundary (1.631ms)
  ✔ starts scrape candidates unselected and rejects stale candidate ids (0.151833ms)
  ✔ shows the same deterministic default primary ordering as persisted resolution (0.196792ms)
  ✔ labels scan decisions with their owning media library (0.253542ms)
  ✔ shows resource identity conflicts in the scan queue without exposing a local path (0.399875ms)
✔ pending center resolution state (4.831791ms)
▶ matchesPlaylistResourceFilter
  ✔ uses OR semantics and treats none as global zero resources (0.381416ms)
✔ matchesPlaylistResourceFilter (0.794041ms)
▶ useConflictReviewController
  ✔ wires queue selection and resets dialog draft when switching groups (92.8895ms)
  ✔ routes resolve through the nested view-model commands (15.434833ms)
✔ useConflictReviewController (109.287334ms)
▶ video business identity conflict presentation
  ✔ recognizes domain and database-boundary conflict messages (0.694458ms)
✔ video business identity conflict presentation (1.525791ms)
▶ video detail scraper selection
  ✔ prefers the active media-library default over the global default (1.020125ms)
  ✔ does not retain the previous library default when the active library switches (0.3655ms)
  ✔ falls back to the global default when the active library has no override (0.1615ms)
✔ video detail scraper selection (2.407375ms)
▶ pending inbox state
  ✔ sums the aggregate media-library projection without per-library item reads (0.967875ms)
✔ pending inbox state (2.011291ms)
✔ keeps loading and failed inbox counts distinct from an empty inbox (0.235375ms)
▶ actress list renderer behavior
  ✔ does not load the full face-scan manifest for an ordinary actress page (4.492834ms)
  ✔ isolates cached pages when any query condition changes (0.699875ms)
  ✔ recombines the same session face-result subset for list filter changes (0.294041ms)
  ✔ keeps loaded pages after a failure and retries the same next-page offset (2.192542ms)
  ✔ keeps selected ids when later pages append more actresses (0.454833ms)
  ✔ restores scroll after detail return and resets it for a changed query (0.539708ms)
  ✔ clears every pending rail scroll scope on same-section primary navigation (1.256333ms)
✔ actress list renderer behavior (11.113ms)
▶ actress infinite list pages
  ✔ keeps loaded pages while requesting the next offset (1.674875ms)
  ✔ stops after every matching actress has loaded (0.120625ms)
✔ actress infinite list pages (2.243375ms)
▶ scoped video query keys
  ✔ keeps media-library caches isolated (1.217667ms)
  ✔ canonicalizes filtered all-library scopes (0.11325ms)
✔ scoped video query keys (2.151667ms)
▶ useInfiniteVideoList
  ✔ loads a library larger than the IPC page limit in bounded pages (46.234542ms)
✔ useInfiniteVideoList (47.059667ms)
✔ blocks route changes with a draft and saves before continuing through the real router (48.462625ms)
✔ keeps edits through unrelated refreshes and explicitly resets to the latest saved value (6.61075ms)
✔ preserves edits made while an earlier value is being saved (1.605833ms)
▶ renderer avatarCrop
  ✔ falls back to the standard preset for invalid stored values (1.219042ms)
  ✔ falls back to face centering for invalid stored values (0.207833ms)
  ✔ keeps landmark-based faces at the same visual size across source images (0.549416ms)
  ✔ reports when a tight source cannot reach the requested face size (0.0625ms)
  ✔ applies the continuous face ratio consistently (0.079833ms)
  ✔ centers the estimated crown-to-chin region in head mode (0.062209ms)
  ✔ centers segmented visible head bounds instead of the facial axis (0.0965ms)
  ✔ keeps zoom identical across centering modes (0.175ms)
  ✔ keeps face-ratio changes effective when full-head protection is disabled (0.100209ms)
  ✔ keeps legacy near-square avatars aligned with cover preview layout (0.875666ms)
  ✔ detects the native cover-compatible default transform (0.038834ms)
  ✔ does not let a tainted canvas export crash the editor (0.607958ms)
✔ renderer avatarCrop (4.988833ms)
▶ video batch request scope
  ✔ requires and preserves the current library on library-surface requests (1.790209ms)
  ✔ keeps application-settings requests in explicit global compatibility mode (0.092167ms)
✔ video batch request scope (3.180708ms)
▶ avatarCrop
  ✔ round-trips a valid v1 crop (0.956083ms)
  ✔ rejects crop when fingerprint mismatches (0.067459ms)
  ✔ scales offsets when viewSize changes (0.066625ms)
✔ avatarCrop (1.920292ms)
▶ normalizeClassificationName
  ✔ uses the shared identity normalization without collapsing meaningful script differences (1.74325ms)
  ✔ rejects names that become empty after normalization (0.505542ms)
✔ normalizeClassificationName (2.988333ms)
✔ only accepts finite thumbnail variants and preserves preview URL components (0.776708ms)
▶ buildLibraryScanNotification
  ✔ keeps a no-change successful scan quiet (0.966375ms)
  ✔ notifies for changes and reports each destructive count separately (0.4325ms)
  ✔ reports a metadata-only resource refresh as an update (0.999541ms)
  ✔ reports pending scan groups and their resource count before ordinary changes (0.113875ms)
  ✔ prioritizes offline and error outcomes over ordinary change notices (0.04775ms)
  ✔ reports isolated STRM failures without exposing target content (0.293958ms)
  ✔ reports a blocking processing failure before isolated STRM failures (0.060291ms)
✔ buildLibraryScanNotification (3.803709ms)
▶ sanitizeLibraryScanError
  ✔ removes HTTP credentials, query parameters, Magnet data, and ED2K targets (1.171209ms)
  ✔ bounds arbitrary errors and never throws while formatting them (0.169125ms)
✔ sanitizeLibraryScanError (2.130208ms)
▶ normalizeLibraryScanSummary
  ✔ persists completed STRM failures with safe messages and a 50-item bound (1.134708ms)
✔ normalizeLibraryScanSummary (1.201167ms)
▶ NFO export foreground shortcut guard
  ✔ blocks reload, history, close, and application navigation shortcuts (0.728958ms)
  ✔ leaves modal controls and copy shortcuts usable (0.187209ms)
✔ NFO export foreground shortcut guard (2.148209ms)
▶ selectDefaultPendingScanPrimary
  ✔ prefers local resources and keeps duration, size, and path ordering (1.063875ms)
  ✔ orders STRM resources by actual target kind and then source path (0.2815ms)
✔ selectDefaultPendingScanPrimary (3.071ms)
▶ pluginDevKindProfile
  ✔ normalizes testTarget and testTargets (1.508833ms)
  ✔ splits test targets only on commas or newlines and trims each group (0.292708ms)
  ✔ uses typed explicit targets as a diagnostic subset (1.884792ms)
  ✔ rejects URL/path targets and wrong-kind arguments (0.848666ms)
  ✔ testTargetsFromDryRun extracts identity from dry-run result (0.471416ms)
  ✔ profiles expose kind-specific labels and field helpers (0.325708ms)
✔ pluginDevKindProfile (6.1575ms)
▶ plugin field semantics registry
  ✔ covers every video and actress field with valid symmetric conflicts (1.142667ms)
  ✔ generates the Agent glossary from the selected registry fields (2.016709ms)
  ✔ projects female and male performers independently (1.7405ms)
  ✔ projects composite rating and measurements without collapsing their parts (0.196458ms)
✔ plugin field semantics registry (6.835792ms)
▶ PluginResultContractModule
  ✔ classifies every structural and selectable result key by kind (1.220834ms)
  ✔ projects every manifest field through at least one standard result key (0.138458ms)
  ✔ lists unknown raw keys once without guessing a field mapping (0.105417ms)
  ✔ keeps actress identity and source metadata informational (0.210417ms)
  ✔ detects field-level partial cast projection and legacy female default (0.192167ms)
  ✔ maps composite measurements and rating to their legal manifest fields (0.078ms)
  ✔ rejects empty and identity-only effective results mechanically (0.10525ms)
✔ PluginResultContractModule (2.88975ms)
▶ video resource source identity
  ✔ normalizes local file paths (0.43625ms)
  ✔ uses the STRM source file instead of its external target (0.058334ms)
  ✔ does not claim ownership of ordinary external resources (0.046166ms)
✔ video resource source identity (1.004708ms)
▶ videoResourceLinks
  ✔ normalizes HTTP identity without reordering query parameters or changing the path (1.09025ms)
  ✔ rejects local and executable protocols (0.167959ms)
  ✔ infers common video extensions as direct links and otherwise uses web links (0.092292ms)
  ✔ masks query parameters in normal display text (0.067209ms)
  ✔ converts optional MB, GB, and TB values to integer bytes (0.059917ms)
  ✔ uses the Magnet xt identity while preserving the original link and deriving a name (0.251ms)
  ✔ uses the ED2K file hash identity while deriving its file name (0.070208ms)
✔ videoResourceLinks (2.26575ms)
ℹ tests 2204
ℹ suites 349
ℹ pass 2203
ℹ fail 0
ℹ cancelled 0
ℹ skipped 1
ℹ todo 0
ℹ duration_ms 57471.044958
