
> Javdex@0.6.2 pretest
> npm run check:actress-boundaries && npm run check:media-asset-store-boundaries && npm run check:metadata-source-boundaries && npm run check:classification-entity-boundaries && npm run check:agent-platform-boundaries && npm run lint && npm run check:css-architecture && npm run check:ui-controls


> Javdex@0.6.2 check:actress-boundaries
> node scripts/check-actress-boundaries.mjs

Domain IPC, shared types, and process dependency boundaries are valid.

> Javdex@0.6.2 check:media-asset-store-boundaries
> node scripts/check-media-asset-store-boundaries.mjs

MediaAssetStore implementation boundaries are valid.

> Javdex@0.6.2 check:metadata-source-boundaries
> node scripts/check-metadata-source-boundaries.mjs

Video metadata source boundaries are valid.

> Javdex@0.6.2 check:classification-entity-boundaries
> node scripts/check-classification-entity-boundaries.mjs

Classification entity storage and routing boundaries are valid.

> Javdex@0.6.2 check:agent-platform-boundaries
> node scripts/check-agent-platform-boundaries.mjs

Agent platform boundaries OK

> Javdex@0.6.2 lint
> npm run lint:ts && npm run lint:css


> Javdex@0.6.2 lint:ts
> eslint "src/**/*.{ts,tsx}" "electron.vite.config.ts"


> Javdex@0.6.2 lint:css
> stylelint "src/renderer/src/**/*.module.css" --allow-empty-input


> Javdex@0.6.2 check:css-architecture
> node scripts/check-css-architecture.mjs

CSS architecture checks passed.
┌─────────────────────────────────┬────────┐
│ (index)                         │ Values │
├─────────────────────────────────┼────────┤
│ cssFileCount                    │ 90     │
│ globalClassCount                │ 1150   │
│ crossFileDuplicateClassCount    │ 143    │
│ descendantSelectorCount         │ 801    │
│ importantDeclarationCount       │ 12     │
│ hardcodedColorDeclarationCount  │ 166    │
│ globalStateClassCount           │ 88     │
│ rawButtonClassOccurrenceCount   │ 3      │
│ classNameBehaviorInferenceCount │ 0      │
└─────────────────────────────────┴────────┘

> Javdex@0.6.2 check:ui-controls
> node scripts/check-ui-controls.mjs

UI control checks passed: shared Switch / Checkbox only.

> Javdex@0.6.2 test
> npm run typecheck && npm run test:packaging && node scripts/run-electron-tests.mjs


> Javdex@0.6.2 typecheck
> npm run typecheck:node && npm run typecheck:web


> Javdex@0.6.2 typecheck:node
> tsc --noEmit -p tsconfig.node.json --composite false


> Javdex@0.6.2 typecheck:web
> tsc --noEmit -p tsconfig.web.json --composite false && tsc --noEmit -p tsconfig.browser.json


> Javdex@0.6.2 test:packaging
> node --test scripts/packaging-runtime.test.mjs

TAP version 13
# Subtest: pruneBetterSqlitePrebuilds retains only the current platform and arch
ok 1 - pruneBetterSqlitePrebuilds retains only the current platform and arch
  ---
  duration_ms: 1.850791
  type: 'test'
  ...
# Subtest: pruneBetterSqliteBuildFiles removes sources but preserves runtime files
ok 2 - pruneBetterSqliteBuildFiles removes sources but preserves runtime files
  ---
  duration_ms: 1.946459
  type: 'test'
  ...
# Subtest: better-sqlite3 prebuild selection covers every configured packaging platform
ok 3 - better-sqlite3 prebuild selection covers every configured packaging platform
  ---
  duration_ms: 0.107834
  type: 'test'
  ...
# Subtest: pruneElectronFrameworkLocales keeps English and Chinese locale variants
ok 4 - pruneElectronFrameworkLocales keeps English and Chinese locale variants
  ---
  duration_ms: 1.894541
  type: 'test'
  ...
# Subtest: mac packaging selects a node-gyp compatible Python unless the caller chose one
ok 5 - mac packaging selects a node-gyp compatible Python unless the caller chose one
  ---
  duration_ms: 0.172125
  type: 'test'
  ...
# Subtest: packaged runtime smoke runs only for a host-compatible macOS executable
ok 6 - packaged runtime smoke runs only for a host-compatible macOS executable
  ---
  duration_ms: 0.43275
  type: 'test'
  ...
# Subtest: packaging retains the complete Cheerio runtime dependency chain
ok 7 - packaging retains the complete Cheerio runtime dependency chain
  ---
  duration_ms: 0.242417
  type: 'test'
  ...
# Subtest: mac packaging explicitly enables ad-hoc signing before invoking its custom signer
ok 8 - mac packaging explicitly enables ad-hoc signing before invoking its custom signer
  ---
  duration_ms: 0.095959
  type: 'test'
  ...
1..8
# tests 8
# suites 0
# pass 8
# fail 0
# cancelled 0
# skipped 0
# todo 0
# duration_ms 86.7125
▶ createAgentBrowserSchema
  ✔ exposes strict bounded vertical scroll branches without enabling input actions (2.339791ms)
  ✔ explains the evaluate restrictions and their supported alternatives before invocation (0.331041ms)
✔ createAgentBrowserSchema (3.629375ms)
▶ AgentConfiguration
  ✔ projects code-owned tools and permissions while injecting workload compaction (3.196291ms)
  ✔ binds metadata collection to the curator workload and explicit staging capabilities (0.137833ms)
  ✔ registers playlist import as an independent least-privilege use case (0.274584ms)
✔ AgentConfiguration (4.375416ms)
▶ AgentExecution
  ✔ runs the persistence hook before the runtime can commit its bootstrap observation (6.713125ms)
  ✔ opens one runtime session and delegates ten operations without a loop or second queue (2.277792ms)
  ✔ authorizes and records Pi native tools without persisting their output (2.222708ms)
  ✔ fails closed when a Pi native tool lacks a frozen capability grant (1.783167ms)
  ✔ restores a normal checkpoint without reading ExecutionHistory (2.122084ms)
  ✔ rebuilds only for typed checkpoint corruption and only once per generation (2.734916ms)
  ✔ releases runtime resources without closing the durable run (2.032709ms)
  ✔ closes a durable run after its runtime was already released (1.786ms)
✔ AgentExecution (22.425208ms)
✔ preserves newer product log references when aborting after a domain-only state update (3.557458ms)
✔ preserves append-only plugin history during checkpoint recovery: success (15.549ms)
✔ preserves append-only plugin history during checkpoint recovery: hash-failure (26.184834ms)
✔ preserves append-only plugin history during checkpoint recovery: rebuild-failure (15.492417ms)
✔ preserves append-only plugin history during checkpoint recovery: unreconciled-tool (21.242375ms)
▶ AgentRunStore
  ✔ returns every durable non-closed run so each use case can apply its recovery policy (14.108125ms)
  ✔ persists a frozen config without serializing credentials or functions (1.469458ms)
  ✔ encrypts recovery payloads and fails closed on integrity damage (2.356208ms)
  ✔ accepts an idempotent operation once and settles only named command ids (1.034708ms)
  ✔ keeps repeated product events from the same operation in append order (1.38325ms)
  ✔ does not overwrite a terminal runtime fault when the runtime subsequently settles (1.840625ms)
  ✔ allows one rebuild attempt per recovery generation (1.464458ms)
  ✔ records artifact refs in the product journal and fails closed on damaged refs (2.527541ms)
✔ AgentRunStore (27.633833ms)
▶ Agent product journal pagination
  ✔ reads the last cursor through the run/seq index without parsing any payload in a 100k journal (227.799708ms)
  ✔ pages with a strict size cap and no cross-run, duplicate or skipped events despite sequence gaps (65.041ms)
✔ Agent product journal pagination (293.020417ms)
▶ Agent recovery enumeration
  ✔ filters use case and status before parsing, lazily loads one product, and releases temporary ID pages (227.053292ms)
  ✔ keeps the original recovery order across pages while timestamps change and excludes runs created mid-iteration (99.619458ms)
  ✔ drops the temporary snapshot if an owned payload cannot be parsed (0.68ms)
✔ Agent recovery enumeration (327.486125ms)
▶ cache affinity
  ✔ is stable, role-separated and does not expose source identifiers (1.927458ms)
✔ cache affinity (2.724709ms)
▶ resolveEffectiveMaxTokens
  ✔ uses the model maximum when the preset limit is zero (0.376041ms)
  ✔ uses the lower positive limit (0.057209ms)
  ✔ rejects invalid limits instead of forwarding zero to the provider (0.169916ms)
  ✔ restores a zero sentinel as one frozen positive provider limit (0.146333ms)
  ✔ resolves live models only by workload (0.654416ms)
✔ resolveEffectiveMaxTokens (2.545459ms)
▶ ModelInvocation
  ✔ uses injected frozen verifier access and forwards preset limits and cancellation (1.28225ms)
✔ ModelInvocation (1.610625ms)
▶ ModelManagementModule
  ✔ builds the migration backup from a strict non-secret provider whitelist (2.080166ms)
  ✔ migrates released settings once and then reads the same v2 revision (33.093459ms)
  ✔ fails closed for an invalid v2 document (1.706541ms)
  ✔ fails closed for malformed nested v2 data and embedding catalog entries (7.482917ms)
  ✔ saving a provider never changes workload assignments (8.288167ms)
  ✔ refreshes protocol-derived model metadata when a connection contract changes (4.485125ms)
  ✔ never exposes credentials or Base URL query secrets in renderer snapshots (4.455833ms)
  ✔ changing the default affects inherited workloads but preserves an explicit plugin model (6.277167ms)
  ✔ freezes the workload context limit into resolved model access (4.490833ms)
  ✔ rejects removing an in-use model and reports the exact workload (3.941625ms)
  ✔ restores the previous credential when configuration persistence fails (2.38725ms)
  ✔ does not touch credentials or storage on a stale revision (2.163875ms)
  ✔ keeps discovery ephemeral and reset removes manual overrides (6.488ms)
  ✔ rejects non-tool Agent models and unsupported long cache (8.341541ms)
✔ ModelManagementModule (97.149792ms)
▶ ToolHost
  ✔ records capability denials before failing closed (14.727416ms)
  ✔ requires a one-use approval permit for install effects (6.071958ms)
  ✔ stores only bounded hashes for tool output and errors (1.099833ms)
  ✔ approves only the selected request when multiple approvals are pending (1.03275ms)
  ✔ keeps only the latest pending approval for single-card product flows (0.854542ms)
  ✔ revokes a persisted approval when the continuation dispatch fails (1.218792ms)
  ✔ discards pending and approved permits during terminal cleanup (1.147125ms)
  ✔ binds an approval permit to mutable domain scope as well as visible tool args (0.745833ms)
  ✔ serializes calls sharing a resource without scheduling batches (36.750583ms)
  ✔ marks interrupted writes uncertain and blocks callbacks after waiting or terminal state (2.767083ms)
  ✔ does not start an unkeyed handler when its signal is already aborted (1.133625ms)
  ✔ enforces deadlines even when a handler ignores AbortSignal (22.4875ms)
  ✔ does not let a late handler result overwrite an uncertain timeout (26.684166ms)
  ✔ keeps the resource locked until a timed-out non-cooperative handler really settles (65.913166ms)
  ✔ keeps a queued cancellation from letting a third call bypass the active resource holder (15.319042ms)
✔ ToolHost (199.31125ms)
▶ PiRuntime contract
  ✔ allows workspace reads and dev notes but keeps host-owned facts read-only (2.52525ms)
  ✔ loads only frozen workspace Skills and exposes the selected Pi native file tools (3893.148958ms)
  ✔ rejects a workspace Skill that differs from the frozen run configuration (5.09575ms)
  ✔ keeps one long-lived session for ten turns with controlled resources and stable affinity (58.078ms)
  ✔ keeps the run healthy when Pi recovers from a transient provider error (35.950334ms)
  ✔ emits one terminal runtime fault after provider retries are exhausted (33.102625ms)
  ✔ does not turn a user-cancelled provider retry into a runtime fault (15.043292ms)
  ✔ exposes only the resolved custom allowlist and crosses the durable tool-result barrier (27.332584ms)
  ✔ releases the runtime after durable persistence fails during a tool call (24.165333ms)
  ✔ honors a terminating control result even when the domain tool reports failure (21.093ms)
  ✔ starts a new turn when a follow-up is dispatched after a terminating handoff settled (34.974125ms)
  ✔ does not compact or inject a host recovery prompt after a length stop (24.901333ms)
  ✔ does not start a host continuation after the model-turn budget stops the operation (60.20375ms)
  ✔ enforces the configured per-operation model-turn budget (17.883ms)
✔ PiRuntime contract (4254.512083ms)
▶ actressRepo actress name ownership
  ✔ changes the main-name row and ownership together when an actress is renamed (16.081708ms)
  ✔ keeps ownership while another name type still declares the same normalized name (14.161584ms)
  ✔ rolls back the complete manual edit when any declared name has another owner (9.247083ms)
  ✔ rolls back profile changes and compensates new avatar files when the database write fails (24.71325ms)
✔ actressRepo actress name ownership (64.946833ms)
▶ actressRepo.listActresses
  ✔ excludes migrated pending names from search and exact identity lookup (11.233917ms)
  ✔ does not match a replaced main name that is not kept as an explicit alias (15.309042ms)
  ✔ matches main name, alias, and typed names (13.843209ms)
  ✔ treats SQL LIKE metacharacters as literal search text (13.925125ms)
  ✔ ignores stored names that are not visible name types (9.0865ms)
  ✔ sorts by video count descending by default (21.574584ms)
  ✔ projects only videos that remain reachable through an active visible library membership (12.960209ms)
✔ actressRepo.listActresses (98.25375ms)
▶ actressRepo.listActressPage
  ✔ returns a stable slice with the total number of matching actresses (10.351708ms)
  ✔ pages an explicit renderer-session actress subset with complete totals (10.91525ms)
  ✔ returns the cumulative status of every actress with per-status counts (9.28ms)
  ✔ filters by each status while keeping the counts of the unfiltered scope (11.387875ms)
  ✔ combines the status filter with search, gender and sort (9.567417ms)
  ✔ counts statuses within the current search and gender scope (12.146917ms)
  ✔ treats a missing status as all statuses (9.128625ms)
  ✔ keeps avatar file health outside the pure database query (12.090667ms)
  ✔ does not derive avatar fingerprints during a database list query (12.750083ms)
  ✔ returns minimal avatar path candidates without inspecting files (9.956708ms)
✔ actressRepo.listActressPage (107.872084ms)
▶ actressRepo.clearActressMetadataRecord
  ✔ clears scraped profile fields while keeping main name and video links (14.228125ms)
  ✔ clears non-name metadata without claiming a migrated pending main name (10.26475ms)
  ✔ resets every cumulative state to unscraped and drops the success time (9.934208ms)
  ✔ keeps related links when clearing actress metadata (15.489583ms)
✔ actressRepo.clearActressMetadataRecord (50.075292ms)
▶ actress related links
  ✔ stores related links on an actress and returns them on detail (9.447416ms)
  ✔ unions related links on merge with the keeper first (13.620542ms)
✔ actress related links (23.149542ms)
▶ actressRepo.deleteUnlinkedActresses
  ✔ deletes every selected unlinked actress and returns its stored assets for cleanup (8.299167ms)
  ✔ rejects the whole batch when any selected actress still has a linked video (8.970625ms)
✔ actressRepo.deleteUnlinkedActresses (17.3475ms)
▶ actressRepo.mergeActresses
  ✔ merges videos, aliases, and gallery into the keeper (16.999208ms)
  ✔ rejects merging actresses with different genders (11.118125ms)
  ✔ can adopt the merged actress main name (10.179417ms)
  ✔ rolls back the whole merge when final main-name reconstruction fails (11.672541ms)
  ✔ rolls back the whole merge when alias reconstruction fails (13.321833ms)
  ✔ rejects the whole merge when any resulting name belongs to a third actress (12.209375ms)
  ✔ rejects the whole merge when the selected final main name belongs to a third actress (13.625583ms)
  ✔ resolves a migrated pending name claimed only by the two merged actresses (16.882834ms)
  ✔ preserves existing aliases without reapplying scraped-value heuristics (10.934ms)
  ✔ deletes unusable keeper avatar assets after adopting the merged actress avatar (12.240208ms)
  ✔ keeps 未刮削 when merging 未刮削 into 未刮削 (11.552709ms)
  ✔ keeps 刮削失败 when merging 刮削失败 into 未刮削 (10.414625ms)
  ✔ keeps 刮削成功 when merging 刮削成功 into 未刮削 (12.090291ms)
  ✔ keeps 刮削失败 when merging 未刮削 into 刮削失败 (10.048167ms)
  ✔ keeps 刮削失败 when merging 刮削失败 into 刮削失败 (14.022542ms)
  ✔ keeps 刮削成功 when merging 刮削成功 into 刮削失败 (11.321833ms)
  ✔ keeps 刮削成功 when merging 未刮削 into 刮削成功 (18.984208ms)
  ✔ keeps 刮削成功 when merging 刮削失败 into 刮削成功 (15.068709ms)
  ✔ keeps 刮削成功 when merging 刮削成功 into 刮削成功 (14.314167ms)
  ✔ keeps the newer success time when the keeper succeeded more recently (12.421167ms)
  ✔ ignores a success time left on a record that is not scraped successfully (13.140666ms)
✔ actressRepo.mergeActresses (273.207084ms)
▶ actressRepo.listActressesForBatchScrape
  ✔ filters by scope and missing fields (9.32075ms)
  ✔ filters actresses by cumulative scrape status (10.985958ms)
  ✔ combines gender and scrape status filters (12.3225ms)
  ✔ matches actresses missing any selected profile field (12.225834ms)
  ✔ limits batch targets to the explicitly selected actress ids (9.8935ms)
✔ actressRepo.listActressesForBatchScrape (54.911125ms)
▶ actressRepo.resolveEffectiveActressScrapeFields
  ✔ fillEmpty keeps only currently missing fields (13.043166ms)
  ✔ fillEmpty treats broken avatar files as missing without mutating during planning (19.800625ms)
✔ actressRepo.resolveEffectiveActressScrapeFields (32.924333ms)
▶ actressRepo.clearBrokenActressAvatarIfNeeded
  ✔ includes broken avatars in batch missing-avatar targets (13.875583ms)
  ✔ clears broken avatar source and crop while keeping a usable display avatar (15.430375ms)
✔ actressRepo.clearBrokenActressAvatarIfNeeded (29.404125ms)
▶ actressRepo.getActressAvatarSourceInfo
  ✔ uses a legacy display avatar as the source without renderer fetch (10.065959ms)
  ✔ prefers the saved original source after an avatar bundle is created (14.967875ms)
✔ actressRepo.getActressAvatarSourceInfo (25.113667ms)
▶ actressRepo.setActressAvatarBundle
  ✔ persists avatar source, display, and crop; recrops without replacing the source (14.178625ms)
  ✔ adopts recognized legacy image bytes when native dimension probing is unavailable (18.738625ms)
  ✔ repairs an existing source whose stored extension does not match its bytes (15.651917ms)
  ✔ rejects invalid display bytes before writing the avatar bundle (12.66375ms)
  ✔ keeps source paths distinct for equal-length Chinese names with identical bytes (19.125375ms)
✔ actressRepo.setActressAvatarBundle (80.511208ms)
▶ actressRepo cumulative scrape status
  ✔ keeps an actress created by video scraping unscraped and exposes the status in detail (17.760791ms)
✔ actressRepo cumulative scrape status (17.825333ms)
▶ actressRepo cumulative scrape status maintenance invariants
  ✔ keeps 未刮削 and its success time through manual maintenance (19.841125ms)
  ✔ keeps 刮削成功 and its success time through manual maintenance (17.990458ms)
  ✔ keeps 刮削失败 and its success time through manual maintenance (22.394166ms)
✔ actressRepo cumulative scrape status maintenance invariants (60.371583ms)
▶ actressRepo.upsertActressFromScrape avatar adopt
  ✔ adopts a downloaded avatar into source+display+crop and drops the temp path (22.62375ms)
  ✔ gives equal-length Chinese names distinct avatar files from the same download bytes (24.473833ms)
  ✔ does not replace an existing usable avatar (13.409625ms)
✔ actressRepo.upsertActressFromScrape avatar adopt (60.630208ms)
▶ actressRepo.backfillActressGalleryAssetDimensions
  ✔ probes stored local files and fills missing gallery dimensions (10.434958ms)
✔ actressRepo.backfillActressGalleryAssetDimensions (14.62525ms)
▶ actressRepo query purity
  ✔ does not change database rows or stored resources when listing and reading details (24.2275ms)
✔ actressRepo query purity (24.285166ms)
▶ actressRepo.posterPath
  ✔ clears the poster when the referenced gallery image is deleted (14.158167ms)
✔ actressRepo.posterPath (14.2385ms)
▶ actressRepo.replaceActressGalleryAssets
  ✔ keeps local paths that remain in the replaced asset set (14.219292ms)
✔ actressRepo.replaceActressGalleryAssets (14.259625ms)
▶ actressRepo.recordActressScrapeFailure
  ✔ records failure without writing a success time or changing profile fields (11.86225ms)
✔ actressRepo.recordActressScrapeFailure (11.914292ms)
▶ actressRepo.markActressScrapeSucceeded
  ✔ promotes an unscraped actress and stamps the missing success time (12.285292ms)
  ✔ promotes a failed actress and stamps the missing success time (12.171042ms)
  ✔ keeps an existing success time instead of restamping it (11.296542ms)
  ✔ stamps a success time over a blank stored time (8.870167ms)
  ✔ rejects marking an actress that does not exist (10.944334ms)
✔ actressRepo.markActressScrapeSucceeded (55.734459ms)
▶ actressRepo.applyActressScrapeResult
  ✔ keeps every selected field plan aligned with the replace database result (15.589375ms)
  ✔ keeps every selected field plan aligned with the fillEmpty database result (22.441334ms)
  ✔ keeps every selected field plan aligned with the replaceIfPresent database result (10.769875ms)
  ✔ does not backfill gallery metadata while building a read-only plan (11.189334ms)
  ✔ plans and applies a fillEmpty avatar over a broken stored path consistently (13.651916ms)
  ✔ previews replace clears without changing the actress or deleting assets (14.202709ms)
  ✔ does not claim a scrape was applied when every returned alias is unusable (13.43775ms)
  ✔ rolls back profile data and cumulative success when gallery persistence fails (12.720041ms)
  ✔ skips invalid downloaded avatars while applying other profile fields (13.433ms)
  ✔ replace keeps manual crop when scraped avatar bytes match existing source (17.445084ms)
  ✔ replace adopts a new avatar when scraped bytes differ from existing source (19.44475ms)
  ✔ replace clears an existing avatar when the source returns no avatar (10.583417ms)
  ✔ replace preserves an existing avatar when a returned avatar fails to download (12.523416ms)
  ✔ fillEmpty preserves existing measurement values while filling missing ones (15.729583ms)
  ✔ replaceIfPresent updates existing profile values while preserving null scrape results (17.708291ms)
  ✔ replace clears every selected non-avatar field when the matched source returns no values (16.492625ms)
  ✔ replaceIfPresent rejects all fields when every returned alias conflicts (18.160792ms)
  ✔ fillEmpty does not report success when measurements only repeat a filled component (22.397917ms)
  ✔ rejects the whole scraped result when any alias has another owner (18.468167ms)
  ✔ treats canonically equivalent scraped aliases as conflicts (10.300125ms)
✔ actressRepo.applyActressScrapeResult (307.171791ms)
▶ AgentMetadataDraftRepo
  ✔ keeps one ready draft per target and returns superseded staging paths (17.627417ms)
  ✔ advances review revisions and stores an idempotent terminal outcome (7.172541ms)
  ✔ fails closed when a stored draft uses an unsupported adapter version (27.926375ms)
✔ AgentMetadataDraftRepo (53.573958ms)
✔ detects local writes, external commits and connection replacement without changing schema (14.621208ms)
▶ home discovery repo
  ✔ returns one bounded status summary for every visible media library (13.860375ms)
  ✔ uses membership time for recent additions and deduplicates shared videos (7.829ms)
  ✔ keeps a discovery batch stable until the seed changes (9.360208ms)
  ✔ does not recommend a membership that has no playable resource in an eligible library (9.418ms)
  ✔ does not recommend a local-only membership whose media-library root is disabled (6.094083ms)
  ✔ excludes managed resources owned by pending-removal or archived roots (7.017334ms)
  ✔ keeps rootless external links and active-root local or STRM resources eligible (15.178959ms)
  ✔ does not accept a managed resource whose root belongs to another library (22.623708ms)
  ✔ binds a shared recommendation to the source membership that has its playable resource (6.654542ms)
  ✔ searches globally without duplicates and honors an explicit library filter (18.106625ms)
  ✔ excludes libraries disabled for home discovery (13.167375ms)
  ✔ matches global ranking across cursor wrap, equal keys and hidden shared memberships (11350.124ms)
  ✔ keeps large recent and discovery loads bounded and index-backed (33.335791ms)
  ✔ paginates a large global search without duplicates or per-row queries (32.934083ms)
✔ home discovery repo (11546.493041ms)
▶ libraryCleanup
  ✔ collects actress hints from a video (15.887458ms)
  ✔ prunes stub actresses after video links are removed (14.275917ms)
  ✔ does not prune an actress with meaningful profile data (12.195375ms)
  ✔ deletes tags that are no longer linked to any video (11.310042ms)
✔ libraryCleanup (54.922333ms)
▶ library membership repo
  ✔ creates an idempotent explicit membership with a stable discovery key (10.869625ms)
  ✔ removes only the selected library membership (4.378166ms)
  ✔ rejects archived or missing libraries (6.006333ms)
  ✔ recognizes only visible memberships in an active library surface (4.778625ms)
  ✔ does not automatically remove a resource-less membership referenced by a playlist (7.5715ms)
✔ library membership repo (35.722375ms)
▶ libraryScanRepo latest snapshot
  ✔ updates the pending path after a rename without rewriting the original scan audit (18.863333ms)
  ✔ returns summary, audit, and unrecognized files only from the requested library (14.463083ms)
  ✔ transactionally settles scan runs abandoned by the previous process (11.974625ms)
  ✔ releases archive and root-migration busy gates after restart recovery (16.072625ms)
  ✔ returns an empty snapshot before the first run and rejects an unknown library (12.563917ms)
✔ libraryScanRepo latest snapshot (74.652917ms)
▶ mediaLibraryRepo
  ✔ creates a library, typed config, and canonical root projection atomically (17.879917ms)
  ✔ projects pending scan counts once per library without multiplying across roots (12.869ms)
  ✔ keeps library and config revisions independent and rejects stale writes (10.739334ms)
  ✔ rejects same, parent, child, and realpath-alias roots across active libraries (17.765541ms)
  ✔ lets disabled roots release paths and revalidates them before enabling (12.780959ms)
  ✔ preserves continuity-owned root identities while allowing empty roots to rebind (29.253041ms)
  ✔ rejects archived-library restore when any continuity-owned root changed identity (24.332125ms)
  ✔ rejects ordinary edits while a root is pending removal or archived (16.292084ms)
  ✔ requires explicit migration or cleanup before changing a root-owned path (25.741042ms)
  ✔ archives roots atomically, releases their paths, and rechecks on restore (16.031417ms)
  ✔ scopes local and STRM source identity while disabled and archived roots release paths (23.855958ms)
  ✔ protects the default library and refuses to archive pending root cleanup (20.824167ms)
  ✔ requires a non-default library to be archived before preview or permanent deletion (19.25075ms)
  ✔ deletes roots and non-default libraries using the current library revision (15.111042ms)
  ✔ blocks archiving and deletion while root cleanup is active (12.377125ms)
  ✔ blocks archiving and deletion while a scan run is active (16.108292ms)
  ✔ rejects a deletion preview made stale by global video lifecycle changes (19.88575ms)
  ✔ invalidates deletion impact when another library changes the exclusive-video count (17.03625ms)
  ✔ previews all owned data and permanently deletes only database ownership (27.90425ms)
  ✔ returns a frozen scan snapshot containing only active roots (11.226333ms)
  ✔ projects independently configured automatic scan state in stable library order (19.391041ms)
  ✔ accepts offline absolute roots but rejects relative paths and files (14.632666ms)
  ✔ does not let direct disabled-root deletion cascade diagnostic records (7.910541ms)
  ✔ atomically freezes the filesystem identity when an offline root first comes online (11.82975ms)
  ✔ rejects scan-time identity binding for an identity-less root with resource ownership (12.865542ms)
  ✔ rejects scan-time identity binding for an identity-less root with pending ownership (12.003041ms)
  ✔ rejects scan-time identity binding for an identity-less root with unrecognized ownership (14.759709ms)
  ✔ rejects activation of an identity-less disabled root with owned resources (14.825791ms)
  ✔ rejects restore of an identity-less archived root with owned resources (17.620583ms)
  ✔ rejects a newly-online alias of another active root without partially binding it (11.51ms)
✔ mediaLibraryRepo (506.024625ms)
▶ media-library root migration repo
  ✔ previews and atomically migrates root-owned state without touching disk or global videos (24.231708ms)
  ✔ uses the shared availability-aware promotion rule within the source library and video (29.3095ms)
  ✔ rejects stale previews and rolls the entire migration back (11.045375ms)
  ✔ rejects resource or pending changes made after preview even when library revisions are unchanged (17.959958ms)
  ✔ moves terminal cleanup history to the replacement root during preview-confirmed migration (13.398375ms)
  ✔ rejects a stale migration preview when terminal cleanup history changes (9.144667ms)
  ✔ rolls back every dataset when a late migration write fails (8.722333ms)
  ✔ fails closed while either library has an active scan or cleanup job (6.312208ms)
  ✔ treats a failed legacy cleanup waiting marker as active work in preview and commit (6.393792ms)
  ✔ rejects target resource conflicts before mutation (5.136125ms)
  ✔ rejects target unrecognized-file conflicts before mutation (3.154292ms)
  ✔ rejects target pending-scan path conflicts during preview (5.054ms)
  ✔ moves a disabled root without enabling it in the target library (9.689ms)
✔ media-library root migration repo (151.632834ms)
▶ database schema
  ✔ adds STRM source identity without changing existing resource identity or link deduplication (11.079042ms)
  ✔ allows duplicate codes while enforcing complete video business identity (8.004667ms)
  ✔ upgrades video identity without changing ids, resources, or site sources (9.036084ms)
  ✔ leaves a v10 database untouched when normalized business identities conflict (1.544625ms)
  ✔ migrates legacy classification text into stable entities and retires legacy storage (15.083833ms)
  ✔ retires v8 text storage without changing video metadata, entity ids, or child resources (23.928458ms)
  ✔ stores classification profiles, hierarchy, roles, links, and video references (5.869625ms)
  ✔ rolls back the complete classification migration when entity creation fails (4.391375ms)
  ✔ rolls back classification entities when retiring legacy storage fails (3.715792ms)
  ✔ migrates uncontested names to ownership and preserves cross-actress collisions for review (25.185417ms)
  ✔ rolls back name ownership data and schema version when migration fails (15.962666ms)
  ✔ creates the current schema and records user_version (5.757958ms)
  ✔ migrates v6 video files to local resources without losing data (12.216208ms)
  ✔ migrates released v1 inline video files and removes the obsolete write constraint (18.38775ms)
  ✔ rejects databases newer than the supported schema version (0.326458ms)
  ✔ upgrades v1 actresses table with avatar source columns (7.578458ms)
  ✔ upgrades v2 actress names to one current primary name without removing visible names (6.539375ms)
  ✔ leaves current-version databases unchanged (0.771625ms)
  ✔ classifies v3 actresses only when a success time has actual profile evidence (8.163458ms)
  ✔ keeps the migrated classification unchanged when migration is run again (7.201083ms)
  ✔ rolls back the whole actress status migration when classification fails (1.183083ms)
✔ database schema (193.598083ms)
▶ V14 unreleased feature consolidation migration
  ✔ creates a fresh database with one active default media library (7.806334ms)
  ✔ upgrades released V13 data while keeping playlist import sessions out of the schema (5.269583ms)
  ✔ scopes pending path identity to each library in the final V14 schema (11.622083ms)
  ✔ enforces one primary per membership while archived sources can be adopted by another library (9.352041ms)
  ✔ rolls back V14 when released source paths normalize to the same identity (2.432791ms)
✔ V14 unreleased feature consolidation migration (37.734ms)
▶ V15 local NFO import migration
  ✔ creates fresh V15 databases with automatic import enabled and identity constraints (7.932917ms)
  ✔ upgrades V14 rows, preserves the default, and enforces minimal pending identity snapshots (0.987833ms)
  ✔ rolls the migration back and leaves user_version at V14 on schema conflict (0.544125ms)
✔ V15 local NFO import migration (10.178042ms)
✔ adds the cleanup queue and later indexes when upgrading V15 and preserves old business data and damaged diagnostic state (16.487292ms)
✔ rolls back both DDL and version when V16 fails after table creation, then upgrades on retry (5.114417ms)
✔ upgrades V16 without changing any business rows or other schema and matches fresh V17 (22.994042ms)
✔ rolls back index DDL and version after drop failure, then retries (9.616583ms)
✔ rolls back index DDL and version after create failure, then retries (12.844791ms)
▶ getLibraryOverviewStats
  ✔ returns aggregate library counts (24.18375ms)
  ✔ counts actress cumulative status from scraped_status, not last_scraped_at (15.591666ms)
✔ getLibraryOverviewStats (40.183ms)
✔ scopes scan identities and groups while returning only requested IDs from a large catalog (79.668167ms)
▶ pending resource identity repository
  ✔ persists the minimum conflict snapshot while exposing only safe presentation fields (19.510834ms)
  ✔ upserts one conflict per library path and enforces revision when deleting (12.066416ms)
  ✔ rejects paths outside the root, equal identities, and malformed STRM snapshots (15.434375ms)
  ✔ removes missing conflicts only under roots proven accessible by a safe scan (14.474458ms)
✔ pending resource identity repository (62.343208ms)
✔ pages10k scan decisions in legacy order, scopes active libraries and exposes no resource snapshots (82.733125ms)
▶ pendingScanRepo media-library scope
  ✔ keeps same-code groups and resource lookups isolated between libraries (22.249042ms)
  ✔ allows the same normalized path in different libraries while deduplicating inside each library (19.5355ms)
  ✔ rejects a root or group that belongs to another library (20.29975ms)
  ✔ increments revision on upsert and rejects a stale resolution atomically (17.095667ms)
  ✔ can assign the same global video in two libraries without crossing resources (21.38925ms)
  ✔ reconciles only selected roots in the selected library and bumps surviving groups (19.52175ms)
  ✔ refreshes a changed STRM snapshot and forces the caller to review the new revision (19.56975ms)
  ✔ moves an already-pending path to the new same-library code without leaving an empty group (17.907875ms)
  ✔ rolls back resources, memberships, and videos if final group deletion fails (22.034625ms)
✔ pendingScanRepo media-library scope (180.893708ms)
✔ counts a large pending inbox without decoding its snapshots and follows deletions (130.69925ms)
✔ pages a 10k inbox without materializing snapshots, locates deep links and clamps deleted pages (134.241791ms)
▶ playlistRepo
  ✔ paginates and filters identically to the full playlist without losing zero-resource rows (43.485167ms)
  ✔ limits a large playlist before returning card details (197.755417ms)
  ✔ keeps metadata out of subsequent video-page queries (11.765416ms)
  ✔ creates playlists with required name and optional fields (12.589417ms)
  ✔ adds videos once per playlist and lists detail videos (17.038458ms)
  ✔ keeps playlist references visible across hidden, archived and missing memberships (12.390458ms)
  ✔ updates playlist metadata and custom cover (13.267625ms)
  ✔ reports video membership and removes videos (15.415084ms)
  ✔ allows one video in multiple playlists without duplicates in one playlist (18.639083ms)
  ✔ rejects blank playlist names (9.922041ms)
  ✔ stores related links on create and update (17.820792ms)
✔ playlistRepo (371.518ms)
✔ opens a separate read-only WAL connection with matching SQL functions and no migration (20.437292ms)
✔ keeps a read snapshot while the writer commits and observes it on the next transaction (17.099709ms)
✔ rejects missing, old, newer and non-WAL catalogs without initializing or migrating them (3.97625ms)
✔ does not publish an unsuccessfully initialized writer and permits a subsequent valid initialization (11.596375ms)
▶ scoped video catalog repo
  ✔ keeps list resources and membership time inside one library (7.352416ms)
  ✔ loads detail from the injected database and projects only the active library resources (5.652167ms)
  ✔ deduplicates global results and selects the newest eligible membership (7.559167ms)
  ✔ interprets the none resource filter within the selected scope (9.86625ms)
  ✔ treats an archived media-library scope as unavailable (5.591667ms)
  ✔ rejects invalid scope ids before building SQL (9.79075ms)
  ✔ keeps fixed actor and tag filters unique across shared and hidden memberships (16.032208ms)
  ✔ normalizes a single active library and serves no-count pages with identical ordering (15.790417ms)
  ✔ uses bounded indexed queries for a large scoped page (30.226ms)
✔ scoped video catalog repo (108.618417ms)
▶ tagRepo.pruneUnusedTags
  ✔ deletes tags with no video links and keeps tags still used by a video (19.176084ms)
✔ tagRepo.pruneUnusedTags (19.835417ms)
▶ tagRepo selected labels
  ✔ looks up only selected IDs through the tag primary key and omits deleted IDs (15.50925ms)
  ✔ bounds display labels and JSON bytes without changing full stored names (16.762834ms)
  ✔ rejects invalid or oversized requests and does no SQL work for an empty selection (10.355667ms)
✔ tagRepo selected labels (42.898083ms)
▶ tagRepo manual candidates
  ✔ pages alphabetically without counts and retains hidden/manual-only associations (36.263792ms)
  ✔ preserves Unicode/literal substring matching and searches beyond display truncation (23.94725ms)
  ✔ uses tag-key existence checks under skewed statistics and validates its work limits (25.98625ms)
✔ tagRepo manual candidates (86.357042ms)
▶ tagRepo active catalog projection
  ✔ matches manual association and visibility semantics before and after statistics maintenance (32.878708ms)
  ✔ deduplicates shared memberships and preserves manual origin and zero-count tags (8.097083ms)
  ✔ counts only videos that can be opened through the active visible catalog (7.101375ms)
✔ tagRepo active catalog projection (48.196ms)
▶ tagRepo filter candidates
  ✔ paginates names before counts and matches global visibility counts with shared and archived members (16.6145ms)
  ✔ keeps Unicode literal search, bounded labels and page-only count parameters (48.298375ms)
✔ tagRepo filter candidates (64.983917ms)
▶ video lifecycle repo
  ✔ removes only one library membership and replays the same operation idempotently (15.76625ms)
  ✔ moves one external resource and keeps each library primary isolated (7.062167ms)
  ✔ promotes an available source fallback by kind and add time without crossing ownership scope (7.959042ms)
  ✔ rejects moving a local or STRM-managed source without transferring its root (5.48525ms)
  ✔ treats archived source libraries as read-only (5.270709ms)
  ✔ rejects a stale preview and globally deletes only after a fresh explicit preview (10.8805ms)
  ✔ invalidates a global-delete preview when any displayed relationship changes (8.775959ms)
✔ video lifecycle repo (62.325125ms)
▶ videoRepo.scrapeStatus
  ✔ does not downgrade an already scraped video when a later scrape fails (22.903709ms)
  ✔ can manually mark an unscraped or failed video as scraped (16.317042ms)
✔ videoRepo.scrapeStatus (39.879458ms)
▶ videoRepo.listVideos
  ✔ rejects attempts to restore classification text storage through generic updates (13.662542ms)
  ✔ sorts and paginates videos (10.445542ms)
  ✔ sorts facet videos by release date desc with missing dates last (13.339042ms)
  ✔ filters by status, year and facet fields (16.009958ms)
  ✔ applies multi-tag AND filters (9.564917ms)
  ✔ filters resource kinds with OR semantics and treats no-resource as zero rows (10.749709ms)
  ✔ projects resource count and primary-first deduplicated resource kinds (10.184959ms)
  ✔ searches videos by actress alias (12.171875ms)
  ✔ preserves SQL LIKE pattern matching in the video search actress branch (10.455625ms)
  ✔ excludes migrated pending actress names from video search (12.146625ms)
✔ videoRepo.listVideos (119.09675ms)
▶ videoRepo.getVideoDetail
  ✔ lists female cast before male cast (11.287ms)
  ✔ includes external rating stats (11.618333ms)
✔ videoRepo.getVideoDetail (23.021083ms)
▶ videoRepo.setPrimaryVideoResource
  ✔ automatically marks the first resource as primary (16.462834ms)
  ✔ keeps the current primary when a requested primary insert is a duplicate (12.935834ms)
  ✔ marks one resource as primary and clears the previous primary (11.338ms)
✔ videoRepo.setPrimaryVideoResource (40.830625ms)
▶ videoRepo.posterPath
  ✔ clears the poster when the referenced sample is deleted (13.741166ms)
✔ videoRepo.posterPath (13.787042ms)
▶ videoRepo.listVideosForBatchScrape
  ✔ filters by scrape status (11.868125ms)
  ✔ can constrain batch targets to explicit selected video ids (10.7015ms)
  ✔ filters missing fields by stored path or link, not file health (12.830708ms)
✔ videoRepo.listVideosForBatchScrape (35.495834ms)
▶ videoRepo tags by origin
  ✔ orders scraped tags before manual tags in detail (16.805583ms)
  ✔ editVideoRecord only replaces scraped tags (15.117625ms)
  ✔ editVideoRecord drops unused scraped tags while keeping tags still used elsewhere (12.427042ms)
  ✔ clearVideoMetadataRecord deletes unused scraped tags and keeps manual tags (15.205583ms)
  ✔ editVideoRecord replaces female and male cast separately (14.753375ms)
  ✔ removeManualVideoTag only removes manual tags (12.3875ms)
  ✔ removeManualVideoTag keeps tag when scraped associations remain (14.326458ms)
  ✔ promotes scraped tag to manual when adding the same name (10.208125ms)
✔ videoRepo tags by origin (111.438084ms)
▶ classification IPC contract
  ✔ registers every command and forwards typed arguments to the public services (1.282084ms)
✔ classification IPC contract (2.119167ms)
▶ IPC path guards
  ✔ rejects a rename that contains a path component (0.475125ms)
  ✔ authorizes only files under the selected active root (1.135542ms)
  ✔ rejects a path when the persisted root has been replaced (0.594792ms)
  ✔ rejects a file that escapes a configured root through a symbolic link (0.670959ms)
✔ IPC path guards (3.492208ms)
▶ IPC sender security
  ✔ accepts the configured main window and main frame (1.223458ms)
  ✔ rejects another webContents, a child frame, and an untrusted URL (0.73225ms)
  ✔ matches dev origins but requires the exact production file (0.277667ms)
✔ IPC sender security (3.149833ms)
▶ media-library IPC schemas
  ✔ accepts the complete default config sent by the create wizard, including local NFO import (3.765417ms)
  ✔ accepts boolean local NFO settings on update and rejects malformed values on both paths (2.307458ms)
  ✔ accepts exact management commands and rejects loose object shapes (3.275875ms)
  ✔ rejects invalid ids and revisions on every optimistic command shape (1.4165ms)
  ✔ strictly validates home discovery and global-search inputs (1.108625ms)
✔ media-library IPC schemas (12.745583ms)
▶ media-library IPC handlers
  ✔ registers the complete contract and forwards validated arguments (1.755625ms)
  ✔ rejects malformed calls before a dependency is invoked (0.773667ms)
  ✔ preserves root continuity domain errors across validated IPC handlers (0.41175ms)
✔ media-library IPC handlers (3.173958ms)
▶ NFO export IPC schemas
  ✔ accepts the complete closed plan request and rejects missing or extra state (2.48025ms)
✔ NFO export IPC schemas (3.088083ms)
▶ playlist import renderer lifecycle
  ✔ binds every recreated renderer once and cancels only on full navigation or loss (0.370833ms)
  ✔ cancels a non-terminal foreground import when its renderer disconnects (1.031417ms)
  ✔ leaves terminal imports untouched (0.276542ms)
✔ playlist import renderer lifecycle (2.216125ms)
▶ scan latest IPC handler
  ✔ validates libraryId and forwards the scoped latest snapshot (3.306666ms)
✔ scan latest IPC handler (4.347833ms)
✔ bounds the combined audit presence request and validates its library (1.6015ms)
✔ bounds scan pages and validates scoped detail and anchor inputs (1.042291ms)
▶ scrape IPC schemas
  ✔ strictly validates media-library-scoped video batch scrape commands (4.265125ms)
  ✔ validates the optional media-library scope on single-video scrape commands (0.453625ms)
✔ scrape IPC schemas (5.437125ms)
✔ bounds pending scrape pages and details at the IPC boundary (1.060042ms)
✔ bounds audit pending presence lookups (0.448958ms)
✔ validates manual tag candidate bounds and existing-tag identities (2.213875ms)
✔ bounds selected tag label IPC requests before repository access (0.391375ms)
▶ typed IPC adapter
  ✔ does not expose the legacy unreviewed video deletion command (0.626417ms)
  ✔ forwards command arguments and returns the application result (0.406667ms)
  ✔ rejects malformed arguments before invoking the application handler (0.452ms)
  ✔ accepts link-resource updates without an import-only target (0.318625ms)
  ✔ only accepts metadata retention when removing a last video resource (0.076583ms)
  ✔ accepts one exact plugin approval decision and rejects malformed decisions (0.250334ms)
  ✔ accepts only explicit plugin continuation kinds (0.069625ms)
  ✔ accepts only typed plugin user responses with request-bound actions (5.974708ms)
  ✔ accepts plugin history clearing only without renderer-supplied run ids (0.091375ms)
  ✔ accepts unrecoverable plugin-session discard only without renderer-supplied run ids (0.05525ms)
  ✔ keeps legacy model limits out of the generic settings mutation contract (0.337042ms)
  ✔ validates playlist import start and identity controls at the IPC boundary (0.479875ms)
  ✔ requires the path-removal impact revision at the settings boundary (0.109834ms)
  ✔ accepts only the structured model-management command vocabulary (0.430583ms)
  ✔ serializes successful results and thrown errors (0.616375ms)
  ✔ sends the contracted event payload unchanged (0.064875ms)
✔ typed IPC adapter (10.928959ms)
✔ bounds actress conflict summary pages and keeps detail identities exact (0.2015ms)
▶ video query IPC schemas
  ✔ accepts and normalizes a complete list query at every VideoQuery boundary (6.391458ms)
  ✔ rejects malformed fields consistently for lists and global search (13.746666ms)
  ✔ strictly validates catalog scopes and video detail identifiers (1.508583ms)
✔ video query IPC schemas (22.4695ms)
▶ main window asset paths
  ✔ resolves preload and renderer from the app root when appMain is emitted as a chunk (0.858917ms)
✔ main window asset paths (1.71825ms)
▶ LocalNfoSourceAdapter
  ✔ reads its own exported samples with a separate background (portable-v1) (9.096084ms)
  ✔ reads its own exported samples with a separate background (jellyfin-current) (4.501333ms)
  ✔ reads its own exported samples with a separate background (emby-kodi-conservative) (3.066209ms)
  ✔ reads its own exported samples with a separate background (plex-nfo-1.43.1+) (2.957792ms)
  ✔ reads its own exported samples with a separate background (infuse-current) (1.660667ms)
  ✔ keeps explicit and discovered samples scoped to their video in a shared directory (5.81475ms)
  ✔ collects one candidate per physical NFO with local asset capabilities and no paths (7.522458ms)
  ✔ uses explicit gender, then existing actor gender, then dialect default (1.254625ms)
  ✔ keeps actress avatar positions aligned after gender field projection (1.208292ms)
  ✔ reads legacy and Kodi actor filenames and follows explicit references for repeated spaces (3.381958ms)
  ✔ treats no sidecar as a quiet no-match and excludes mismatched NFO identity (0.732791ms)
✔ LocalNfoSourceAdapter (42.207459ms)
▶ videoMetadataCandidateStager
  ✔ stages remote and managed-root assets without persisting host paths (16.049167ms)
✔ videoMetadataCandidateStager (17.314292ms)
▶ WebScraperSourceAdapter
  ✔ passes the stored code to legacy plugins unchanged while comparing normalized identities (1.768875ms)
  ✔ collects exact candidates with declared remote assets and source evidence (2.074334ms)
✔ WebScraperSourceAdapter (4.744375ms)
▶ VideoMetadataSourceRegistry
  ✔ resolves stable source ids while preserving legacy plugin-name lookup (0.304833ms)
✔ VideoMetadataSourceRegistry (0.426417ms)
✔ exports oriented/cropped artwork with the shipped Electron codec and encrypted asset store (547.002125ms)
▶ NfoExportModule
  ✔ inspects each plan anchor once and reuses the returned canonical directory (9.426459ms)
  ﹣ accepts alternate Windows path spellings for the same physical export directory (0.13925ms) # Windows path aliases are case-insensitive
  ✔ reads selected images linearly and isolates assets that fail or change after planning (446.710792ms)
  ✔ shares identical actor avatars across videos and removes references to conflicting content (48.224792ms)
  ✔ plans without writing and applies an exact-stem NFO plus portable cover (20.530583ms)
  ✔ keeps the default skip policy and rejects a changed target under replace (10.533209ms)
  ✔ marks every planned file stale when source metadata changes (3.657917ms)
  ✔ exports a local STRM source anchor and counts resources without anchors separately (1.316125ms)
  ✔ terminates only between files and leaves completed atomic writes intact (10.0415ms)
  ✔ isolates an image conversion failure from the NFO write (13.684709ms)
  ✔ reports an atomic write failure per item and continues later files (2.100708ms)
  ✔ exports samples as separate attachments and reads them back without background images (58.207333ms)
  ✔ marks colliding sanitized actor avatar targets and omits ambiguous NFO references (18.407416ms)
  ✔ treats case, Unicode and space-to-underscore actor targets as collisions (1.18625ms)
  ✔ makes Windows device actor names portable before planning their target (0.786166ms)
  ✔ keeps unreadable selected images as unavailable plan items without blocking NFO (10.051917ms)
  ✔ warns about requested missing artwork, avatars, and populated fields omitted by a profile (2.146542ms)
  ✔ uses the video stem itself for Infuse cover output and local reference (20.339125ms)
  ✔ plans each physical resource, deduplicates identical targets, and warns only on same-directory identity collisions (3.915958ms)
  ✔ reports real read-only directory failures without leaving temporary files (2.691125ms)
  ✔ rejects a sample-directory symlink introduced after planning (20.832125ms)
  ✔ does not fingerprint a nested export target through a pre-existing symlink (1.444333ms)
  ✔ revalidates a skip target parent before following a newly introduced symlink (20.818042ms)
  ✔ creates consumer-readable sidecars and preserves an existing target mode on replace (21.389292ms)
✔ NfoExportModule (750.634458ms)
▶ NFO export profiles
  ✔ renders all public profiles as valid movie XML without database identities (11.562209ms)
  ✔ applies profile-specific conservative fields and keeps background separate from samples (0.304042ms)
  ✔ canonicalizes and deduplicates Plex rating source aliases (0.714541ms)
  ✔ reports populated fields that the selected profile cannot represent (0.100625ms)
✔ NFO export profiles (13.335959ms)
▶ SqliteNfoExportRepository
  ✔ projects exportable metadata while excluding personal rating and watch state (36.564459ms)
✔ SqliteNfoExportRepository (37.184167ms)
▶ NFO export renderer diagnostics
  ✔ redacts POSIX and Windows absolute paths while preserving the reason (0.746625ms)
✔ NFO export renderer diagnostics (1.103125ms)
▶ NfoExportTaskController
  ✔ keeps planning leases until an asynchronous plan settles, including disposal and failures (1.40825ms)
  ✔ holds both leases from plan through apply and releases them at terminal state (2.98125ms)
  ✔ releases leases when a plan is discarded or planning fails (0.191542ms)
  ✔ requests termination and waits for apply before process disposal releases leases (0.565625ms)
  ✔ does not acquire an asset lease when another maintenance task owns the gate (0.230625ms)
✔ NfoExportTaskController (6.027708ms)
▶ NFO export main-window guard
  ✔ binds recreated windows and disposes a foreground task when their renderer is lost (0.625125ms)
  ✔ prevents navigation while a plan or task owns the foreground (0.242791ms)
  ✔ keeps the window open during a running export but allows the coordinated quit path (0.188541ms)
  ✔ releases a held preview plan and allows navigation instead of treating it as a running task (0.088958ms)
✔ NFO export main-window guard (1.865042ms)
▶ NFO artifact codec
  ✔ accepts the four synthetic third-party dialect fixtures (7.9285ms)
  ✔ round-trips five canonical Javdex fixtures with stable UTF-8 and LF output (7.969875ms)
  ✔ normalizes the MDC dialect and prefers structured ratings over its scalar duplicate (0.936458ms)
  ✔ normalizes MDCx, Javinizer, and JavSP field variants (0.854917ms)
  ✔ reports unknown legal tags and remote artwork without retaining remote URLs as assets (0.616375ms)
  ✔ rejects DTD, entities, oversized input, excessive depth, node count, and field size (25.363375ms)
✔ NFO artifact codec (44.503708ms)
▶ NFO sidecar locator
  ✔ prefers exact stem and reports a differing movie.nfo without exposing either path (16.32225ms)
  ✔ uses movie.nfo only for one anchor or one logical code and rejects mixed directories (7.235542ms)
  ✔ deduplicates physical sidecars and rejects symlink escapes at issue and read time (17.050542ms)
✔ NFO sidecar locator (41.263584ms)
▶ parseCode
  ✔ parses standard codes (2.052042ms)
  ✔ parses 規格品番 ADV-R and ADV-SR (0.093ms)
  ✔ does not mis-parse ADV-R0484 as R0-484 (0.064875ms)
  ✔ parses FC2 and Heyzo (0.055917ms)
  ✔ parses DMM h_ prefix (0.041666ms)
  ✔ parses date-based uncensored ids (0.041583ms)
  ✔ extracts code after @ in filename (0.041083ms)
  ✔ returns null for noise-only names (0.050708ms)
  ✔ rejects no-hyphen and short-prefix patterns (0.517167ms)
✔ parseCode (3.734542ms)
▶ libraryScanAuditStore
  ✔ atomically replaces and restores the complete latest audit (12.655125ms)
  ✔ fails closed for malformed audit documents (4.076375ms)
  ✔ reads schema 2 NFO dispositions while retaining schema 1 compatibility (12.085416ms)
✔ libraryScanAuditStore (29.610583ms)
▶ ScanCoordinator
  ✔ coalesces display progress while preserving per-file callbacks and the final event (24.708958ms)
  ✔ flushes pending progress before a failure without delaying the failure event (1.367333ms)
  ✔ binds an offline-created root identity and refreshes the frozen snapshot before scanning (1.062083ms)
  ✔ persists matching complete audit details with the latest summary (0.378625ms)
  ✔ publishes scan lifecycle events for every trigger (0.792334ms)
  ✔ uses one frozen configuration snapshot for the complete run (0.393375ms)
  ✔ reconciles resource identity pending rows only under roots proven safe after traversal (0.457958ms)
  ✔ preserves offline roots and removes only missing local resources under accessible roots (0.763083ms)
  ✔ aborts cleanup when a local path cannot be audited (0.533542ms)
  ✔ treats a root that becomes unreadable after traversal as offline (0.257875ms)
  ✔ rechecks the frozen root identity immediately before cleanup writes (0.189875ms)
  ✔ does not run cleanup after cancellation and releases the mutual-exclusion lease (0.206916ms)
  ✔ keeps resources after a coordinator-level failure (0.147833ms)
  ✔ skips every destructive cleanup after a file processing failure (0.087042ms)
  ✔ replaces the unrecognized-file snapshot after every safe completed scan (0.127666ms)
  ✔ completes safe cleanup with errors when failures are isolated to STRM files (0.126708ms)
  ✔ consumes deferred path cleanup only after a successful uncancelled scan (0.088834ms)
  ✔ keeps deferred path cleanup queued after a partial folder scan (0.08775ms)
  ✔ allows a full cleanup-only scan after the final configured folder was removed (0.062875ms)
  ✔ preserves all three cleanup audit sequences above the argument limit (413.838708ms)
  ✔ removes resource-less memberships after deferred cleanup on a safe full scan (0.233875ms)
  ✔ persists a sanitized failed summary without running destructive cleanup (0.214792ms)
  ✔ rolls back resource cleanup and keeps pending roots when auto-delete fails (0.200375ms)
  ✔ keeps pending roots when the cleanup transaction cannot commit (0.922125ms)
  ✔ rejects duplicate scans and scans blocked by resource maintenance (17.356958ms)
✔ ScanCoordinator (466.154417ms)
▶ scanFolders
  ✔ rejects an archived library atomically when manual import resumes after probing (15.25825ms)
  ✔ rejects manual import when the root is physically replaced while duration probing is suspended (10.932167ms)
Scan error for /var/folders/h4/zxrt6zwx6dv1n16kwxzltqgh0000gn/T/javdex-scan-winFj7/scan-replaced-root/RACE-003.mp4 Error: 只能操作身份有效的启用媒体库根目录内文件
    at rejectManagedRootFile (/Users/nut/Project/JavdexLabs/Javdex/src/main/services/mediaLibraryRootFileGuard.ts:32:9)
    at requireCurrentRootIdentity (/Users/nut/Project/JavdexLabs/Javdex/src/main/services/mediaLibraryRootFileGuard.ts:86:5)
    at assertRootFile (/Users/nut/Project/JavdexLabs/Javdex/src/main/services/mediaLibraryRootFileGuard.ts:98:27)
    at assertMediaLibraryRootFile (/Users/nut/Project/JavdexLabs/Javdex/src/main/services/mediaLibraryRootFileGuard.ts:170:3)
    at authorizeMediaLibraryRootFile (/Users/nut/Project/JavdexLabs/Javdex/src/main/services/mediaLibraryRootFileGuard.ts:230:3)
    at authorizeFileWrite (/Users/nut/Project/JavdexLabs/Javdex/src/main/scanner/scanner.ts:656:7)
    at scanFolders (/Users/nut/Project/JavdexLabs/Javdex/src/main/scanner/scanner.ts:1142:7)
    at async TestContext.<anonymous> (/Users/nut/Project/JavdexLabs/Javdex/src/main/scanner/scanner.test.ts:447:20)
    at async Test.run (node:internal/test_runner/test:1332:7)
    at async Suite.processPendingSubtests (node:internal/test_runner/test:911:7)
  ✔ keeps scan state unchanged when a frozen root is physically replaced during probing (20.821417ms)
Scan error for /var/folders/h4/zxrt6zwx6dv1n16kwxzltqgh0000gn/T/javdex-scan-0hAt9j/rename-import-replaced-root/RACE-004.mp4 Error: 只能操作身份有效的启用媒体库根目录内文件
    at rejectManagedRootFile (/Users/nut/Project/JavdexLabs/Javdex/src/main/services/mediaLibraryRootFileGuard.ts:32:9)
    at requireCurrentRootIdentity (/Users/nut/Project/JavdexLabs/Javdex/src/main/services/mediaLibraryRootFileGuard.ts:86:5)
    at assertRootFile (/Users/nut/Project/JavdexLabs/Javdex/src/main/services/mediaLibraryRootFileGuard.ts:98:27)
    at assertMediaLibraryRootFile (/Users/nut/Project/JavdexLabs/Javdex/src/main/services/mediaLibraryRootFileGuard.ts:170:3)
    at authorizeMediaLibraryRootFile (/Users/nut/Project/JavdexLabs/Javdex/src/main/services/mediaLibraryRootFileGuard.ts:230:3)
    at authorizeFileWrite (/Users/nut/Project/JavdexLabs/Javdex/src/main/scanner/scanner.ts:656:7)
    at scanFolders (/Users/nut/Project/JavdexLabs/Javdex/src/main/scanner/scanner.ts:1074:9)
    at async renameAndImport (/Users/nut/Project/JavdexLabs/Javdex/src/main/scanner/scanner.ts:1444:20)
    at async TestContext.<anonymous> (/Users/nut/Project/JavdexLabs/Javdex/src/main/scanner/scanner.test.ts:536:19)
    at async Test.run (node:internal/test_runner/test:1332:7)
  ✔ does not commit or rename a replacement-root file when rename-import resumes after probing (19.322792ms)
  ✔ rejects a disabled target root at the resource transaction boundary (8.297666ms)
  ✔ reuses archived local and STRM source paths without crossing library ownership (21.978666ms)
  ✔ imports mixed local and STRM resources into one video and keeps the local file primary (13.028792ms)
  ✔ chooses the scan primary independently of directory entry order (13.986291ms)
  ✔ reselects the primary when scanning into an existing resource-less video (20.502042ms)
  ✔ keeps mixed local and STRM resources in one masked pending group (18.571083ms)
  ✔ rejects a stale pending STRM assignment, refreshes its snapshot, then accepts it (13.980792ms)
  ✔ removes an invalidated STRM snapshot from the pending group on a later scan (15.982792ms)
  ✔ syncs a changed STRM target in place while preserving primary and user-maintained fields (21.959125ms)
  ✔ isolates invalid STRM files and retries them without replacing a bound target (23.427041ms)
  ✔ relocates STRM only when the complete filename and target identify one missing source (15.528209ms)
  ✔ loads STRM candidates once per scan across imports, moves and pending writes (346.684291ms)
  ✔ relocates a bound STRM after its video code has been corrected (18.820292ms)
  ✔ holds new resources for confirmation when several videos already use the code (26.969583ms)
  ✔ keeps an already-pending path out of relocation and refreshes its pending snapshot (11.19725ms)
  ✔ holds a same-scan multi-file code together when automatic assignment is disabled (11.957958ms)
  ✔ does not let an invalid STRM force a valid same-code video into confirmation (15.340083ms)
  ✔ persists a pending scan group across database reopen and assigns it atomically (19.75575ms)
  ✔ rolls back every scan assignment when final pending-group deletion fails (14.966791ms)
  ✔ imports one unambiguous file normally when automatic assignment is disabled (12.775417ms)
  ✔ holds a new resource that matches one existing video when automatic assignment is disabled (9.633916ms)
  ✔ promotes the available resource when assigning into an existing video without a primary (10.344ms)
  ✔ normalizes a manual code and attaches to an existing case-insensitive identity (140.637583ms)
  ✔ aborts when a nested directory cannot be audited (9.723208ms)
  ✔ imports a symbolic-link video by its link path and file name (12.57275ms)
  ✔ does not follow symbolic-link directories (16.528792ms)
  ✔ silently skips a broken symbolic-link video (8.462ms)
  ✔ leaves missing-resource cleanup to the high-level scan coordinator (14.295667ms)
  ✔ keeps distinct symbolic-link paths that point to the same target (12.886125ms)
  ✔ keeps a resource under an unavailable root when the same code appears online (16.072417ms)
  ✔ relocates one same-code video by a unique file-size match without requiring the old name (12.328541ms)
  ✔ uses full file name and size to relocate safely when several videos share a code (10.491792ms)
  ✔ does not relocate when full file name and size match more than one duplicate-code video (11.381584ms)
  ✔ treats a new file normally when an old same-code path cannot be audited (18.006917ms)
  ✔ keeps an unrecognized rename and only rediscovers the renamed file (18.481166ms)
  ✔ uses the scan same-code pending flow when automatic merging is disabled (21.573459ms)
  ✔ renames and discovers the code without a manual code or target (17.647083ms)
  ✔ renames and imports an unrecognized STRM as a source-managed link (14.342583ms)
  ✔ imports recognized videos and reports unrecognized files (14.824ms)
  ✔ reuses scanned directory entries when checking a directory without NFO files (82.411042ms)
  ✔ refreshes a changed local identity snapshot on rescan before user confirmation (13.826125ms)
  ✔ refreshes a changed strm identity snapshot on rescan before user confirmation (14.429417ms)
  ✔ uses NFO identity only for newly discovered resources when automatic import is enabled (23.72525ms)
  ✔ handles cancellation during the only or first NFO application and preserves committed file audits (29.3945ms)
  ✔ aggregates first-discovery NFO candidates once per video after all resources are assigned (15.40625ms)
  ✔ does not count an existing pending resource identity as a new same-code file (21.376042ms)
  ✔ keeps distinct local NFO candidates in the existing confirmation workflow (19.891583ms)
  ✔ persists a filename/NFO identity conflict without creating formal library records (8.996167ms)
  ✔ persists only a masked STRM target projection for an NFO identity conflict (13.8655ms)
  ✔ keeps a valid filename import when its NFO is invalid and records only a secondary warning (13.899041ms)
  ✔ uses NFO identity across libraries but never overwrites a globally scraped-success video (18.141958ms)
  ✔ applies local NFO with fill-empty semantics for new and failed videos (22.026084ms)
  ✔ reattaches a scanned file to an existing no-resource video without replacing metadata (10.723ms)
  ✔ yields while scanning large batches (128.428917ms)
  ✔ collects a very large root without overflowing call arguments before cancellation (1972.391875ms)
  ✔ stops when cancelled (70.04ms)
  ✔ skips new imports shorter than 30 minutes (36.005625ms)
  ✔ skips short files before unrecognized handling (11.041625ms)
  ✔ stores probed duration on import (16.271542ms)
  ✔ refreshes duration when the file changes on rescan (14.071083ms)
  ✔ skips duration probe on rescan when file is unchanged (46.581292ms)
  ✔ emits one final audit outcome for every processed file (21.384625ms)
✔ scanFolders (3749.911833ms)
▶ STRM parser
  ✔ matches the STRM extension without case sensitivity (1.003667ms)
  ✔ accepts one HTTP target after BOM, blank lines, comments, and Kodi properties (1.733167ms)
  ✔ normalizes supported HTTP, Magnet, and ED2K targets through the resource contract (0.885917ms)
  ✔ rejects empty, multiple-target, invalid UTF-8, and unsupported-protocol content (0.665125ms)
  ✔ accepts exactly 1 MiB and rejects larger input without truncation (1.815083ms)
✔ STRM parser (6.919625ms)
✔ matches unique missing sources and retains filename, target, root and uncertainty rules (0.839667ms)
✔ incrementally tracks same-scan insertions and target/path changes, but invalidates unknown writes (0.179042ms)
✔ does not acknowledge unrelated writes or a failed mutation as a complete cache update (0.152209ms)
✔ retains the cache for known pending writes but cannot hide an intervening external write (0.0985ms)
✔ examines one matching candidate per lookup in a 10000-resource relocation (80.813833ms)
✔ examines one matching candidate per lookup in a 20000-resource relocation (127.009333ms)
✔ examines one matching candidate per lookup in a 300382-resource relocation (2338.398333ms)
✔ examines one matching candidate per lookup in a 600764-resource relocation (5148.4965ms)
✔ indexes target keys as well as filenames when many directories use the same filename (82.665792ms)
▶ videoDuration
  ✔ resolves configured minutes to seconds (0.407042ms)
  ✔ treats unknown duration as not below minimum (0.048542ms)
  ✔ flags durations shorter than threshold (0.03825ms)
  ✔ prefers scraped duration over primary resource duration (0.043708ms)
  ✔ uses primary resource duration when scraped duration is missing (0.03325ms)
  ✔ returns null when both durations are missing (0.038667ms)
  ✔ only refreshes stored local resource duration when probe value changed (0.047875ms)
  ✔ only probes when duration is missing or file fingerprint changed (0.04725ms)
✔ videoDuration (1.169042ms)
▶ actressScraperManager
  ✔ returns a pending outcome without partially applying a conflicting profile (131.921458ms)
  ✔ clears the selected avatar in replace mode when the matched source has no avatar (104.421333ms)
  ✔ promotes an unscraped actress to scrape success when a profile field is applied (104.695833ms)
  ✔ records a failed scrape without a success time when no profile matches (121.752666ms)
  ✔ records a failed scrape without a success time when the source throws (108.104708ms)
  ✔ records failure in replace-if-present mode when a matched profile has no selected value (113.711167ms)
  ✔ promotes a previously failed actress when a later scrape applies valid data (105.629209ms)
  ✔ skips fill-empty scraping without changing cumulative status when no selected field is missing (55.870916ms)
  ✔ skips fillEmpty when a matched profile has no new values for remaining empty fields (138.166084ms)
  ✔ still fails fillEmpty when a matched profile has no usable field values (98.321333ms)
  ✔ keeps cumulative success and its timestamp when a later scrape fails (107.176417ms)
  ✔ lets Gfriends try stored aliases after the main name without enabling global alias search (72.417ms)
  ✔ applies successful field sources when another source fails (227.263458ms)
  ✔ preserves a field in replace mode when its composite source fails (208.113542ms)
  ✔ clears a field in replace mode when its composite source matched with no value (183.915458ms)
  ✔ records failure when every configured composite source fails (208.741791ms)
  ✔ warns when a composite avatar source cannot download its result (202.357ms)
  ✔ preserves the existing gallery when every returned image is unusable (108.444ms)
✔ actressScraperManager (2402.646083ms)
▶ bundled video candidate plugins
  ✔ normalizes year-month values through the documented sandbox helper (76.540458ms)
  ✔ JavDB fetches every first-page exact match and never falls back to a fuzzy item (54.444334ms)
  ✔ JavDB fails the complete scrape when any exact-match detail fails (44.7305ms)
  ✔ JavLibrary returns all exact cards and ignores title containment or first-item fallback (43.67775ms)
✔ bundled video candidate plugins (220.732292ms)
▶ isCloudflareChallengeText
  ✔ trusts the official cf-mitigated challenge response header signal (2.499416ms)
  ✔ detects classic JS challenge interstitial markers (0.404125ms)
  ✔ ignores passive challenge-platform scripts on normal JavDB detail pages (1.489667ms)
  ✔ detects managed challenge markers (0.289458ms)
  ✔ detects body copy only with Cloudflare co-signals (0.342916ms)
  ✔ detects turnstile-only shells but not embedded widgets on content pages (0.174167ms)
  ✔ does not treat normal pages, helper copy, or vague phrases as Cloudflare (0.446667ms)
✔ isCloudflareChallengeText (6.823833ms)
▶ buildPluginRegistry
  ✔ lets user scrapers override bundled names (0.379833ms)
✔ buildPluginRegistry (0.871875ms)
▶ runCompositeFieldGroups
  ✔ groups fields, picks, and merges across plugins (0.688542ms)
  ✔ aborts on the first plugin error when policy is abort (0.279667ms)
  ✔ collects per-plugin warnings and continues when policy is collect (0.101333ms)
  ✔ throws when every grouped source fails under collect policy (0.102583ms)
  ✔ returns a null result when every plugin yields no match (0.065875ms)
✔ runCompositeFieldGroups (1.360292ms)
▶ configuredScraperService
  ✔ normalizes legacy settings without a service config and drops an unusable MetaTube default (7.283667ms)
  ✔ normalizes origins and path prefixes while rejecting unsafe base URLs (0.745834ms)
  ✔ stores only public configuration in settings and requires acknowledgement for remote HTTP tokens (3.675083ms)
  ✔ blocks clearing while MetaTube is referenced and clears address plus token otherwise (2.635959ms)
  ✔ keeps bearer credentials on the configured origin and preserves a base path (1.461917ms)
  ✔ snapshots the address, proxy choice, and token for an in-flight scrape (1.492083ms)
  ✔ rejects cross-origin redirects before sending credentials to the target (0.728333ms)
  ✔ rejects HTTPS downgrade redirects (0.5515ms)
  ✔ classifies authentication, rate-limit, server, malformed, and oversized responses (0.964125ms)
  ✔ tests draft configuration without persisting its token (0.484875ms)
✔ configuredScraperService (20.684667ms)
▶ Gfriends bundled actress plugin
  ✔ prefers the main name and selects its last quality-ordered avatar candidate (57.381375ms)
  ✔ uses the first exact alias only when the main name has no candidate (55.6705ms)
  ✔ does not return a fuzzy name match (54.720042ms)
  ✔ uses the current jsDelivr namespace when the primary index is unavailable (51.134541ms)
  ✔ reserves Gfriends as a built-in actress plugin name (0.150709ms)
✔ Gfriends bundled actress plugin (221.877667ms)
▶ MetaTube bundled video plugin
  ✔ keeps exact providers in search order and maps the documented fields (76.140291ms)
  ✔ returns no candidates for search 404 or fuzzy-only search results (105.099417ms)
  ✔ rejects a detail whose exact code differs from its search item (50.070458ms)
  ✔ rejects too many exact providers before requesting details (47.514875ms)
  ✔ fails the entire scrape if one exact detail request fails (46.257875ms)
[scraper:MetaTube] MetaTube 样张超过 40 张，已截断
  ✔ caps public sample proxy URLs at forty without putting credentials in them (60.637083ms)
  ✔ rejects incompatible known fields and caps detail concurrency at four (112.239834ms)
✔ MetaTube bundled video plugin (499.05475ms)
▶ MetaTube service integration
  ✔ runs connection checks and the bundled worker against a local fake HTTP service (112.419375ms)
✔ MetaTube service integration (113.074625ms)
▶ action network capture
  ✔ keeps http(s) query strings and strips credentials (0.8315ms)
  ✔ redacts credential-bearing query values before exposing recent requests (0.192667ms)
  ✔ omits sensitive post bodies (0.164791ms)
  ✔ records only an active action window and does not label search (0.715125ms)
  ✔ keeps the newest requests when the action window overflows (0.171166ms)
✔ action network capture (2.690125ms)
▶ browser evaluate policy
  ✔ allows forbidden API names inside diagnostic strings, comments and regular expressions (4.439875ms)
  ✔ still rejects executable references and computed access to forbidden APIs (0.511709ms)
  ✔ rejects credential, storage and sensitive form access (0.528875ms)
  ✔ rejects live-page mutation and computed property access (0.349708ms)
  ✔ rejects destructuring aliases that recover live-realm capabilities (0.2805ms)
  ✔ names the forbidden API and points markup reads to html (0.867958ms)
  ✔ uses one normalized evaluator and drains timeout cleanup before rejecting (2.545208ms)
✔ browser evaluate policy (10.258291ms)
▶ ScrapeBrowserHost leases
  ✔ reuses the same owner and rejects a competing owner immediately (0.996375ms)
  ✔ freezes proxy and stops the helper as soon as a scrape lease is released (0.728917ms)
  ✔ closes the active helper session with the main window and remains reusable (0.210166ms)
  ✔ presents the helper through the lease without exposing it as a plugin browser action (0.144709ms)
  ✔ invalidates all lease actions when its operation signal is cancelled (0.275375ms)
  ✔ terminates the helper when an in-flight Playwright action is cancelled (0.551125ms)
  ✔ terminates the helper before reporting an evaluate timeout (506.28575ms)
  ✔ keeps oversized ARIA complete for the artifact layer (1.645125ms)
  ✔ sends cancel, ignores a late response and kills a non-cooperative helper after 500ms (1043.310042ms)
  ✔ keeps one click successful while transient post-action observation recovers (1.163541ms)
  ✔ blocks a disallowed main-frame navigation before an agent action sends it (0.406958ms)
  ✔ returns bounded scroll metrics and invalidates refs without changing the document revision (0.546833ms)
  ✔ extracts a host-owned load-more availability signal with the candidate snapshot (0.430667ms)
  ✔ returns the host-owned terminal proof result with the candidate snapshot (1.408333ms)
  ✔ returns pending after a successful action but makes explicit snapshot pending retryable (0.325333ms)
  ✔ classifies a failed state action with a changed revision as uncertain without replaying it (0.151875ms)
  ✔ keeps selector uniqueness failures as ordinary action failures (0.079042ms)
  ✔ reports zero matches separately from multiple matches (0.059084ms)
✔ ScrapeBrowserHost leases (1560.141042ms)
▶ normalizeNetworkUrl
  ✔ strips hash and lowercases host (0.433417ms)
  ✔ returns null for invalid URLs (0.064833ms)
✔ normalizeNetworkUrl (0.867542ms)
▶ networkUrlPathKey
  ✔ drops search and hash (0.068791ms)
✔ networkUrlPathKey (0.115625ms)
▶ isImageNetworkResource
  ✔ accepts Image resource type (0.082917ms)
  ✔ accepts image mime types (0.046875ms)
  ✔ rejects non-images and error statuses (0.049792ms)
✔ isImageNetworkResource (0.248416ms)
▶ hasImageMagicBytes
  ✔ detects jpeg and rejects html (0.126083ms)
✔ hasImageMagicBytes (0.183334ms)
▶ ImageBodyLruCache
  ✔ returns exact and aliased URLs (0.200042ms)
  ✔ matches unique path when query differs (0.122375ms)
  ✔ does not path-match when multiple distinct bodies share a path (0.142958ms)
  ✔ evicts oldest entries by count (0.115209ms)
  ✔ clears all state (0.145583ms)
✔ ImageBodyLruCache (0.803083ms)
▶ prioritizeInspectLinks
  ✔ keeps a main result card when more than maxLinks navigation links precede it (0.925083ms)
  ✔ preserves DOM order within priority groups and deduplicates after prioritizing (0.604125ms)
✔ prioritizeInspectLinks (2.201917ms)
▶ selectInspectLocaleLinks
  ✔ keeps locale anchors in document order and always allows an empty result (0.10125ms)
  ✔ caps locale anchors without mixing them back into content ranking (0.068292ms)
✔ selectInspectLocaleLinks (0.241125ms)
▶ selectInspectScriptSrcs
  ✔ keeps document order, deduplicates, and allows an empty result (0.106208ms)
✔ selectInspectScriptSrcs (0.158417ms)
▶ inspectLinkRawHref
  ✔ omits rawHref when the HTML attribute already matches the resolved href (0.066958ms)
  ✔ keeps protocol-relative and path-only attributes that cheerio will see (0.054834ms)
✔ inspectLinkRawHref (0.192958ms)
▶ ScrapeBrowserFramedSocket
  ✔ rejects the wrong token, parent pid, protocol version or CDP port (1.051125ms)
  ✔ round-trips authenticated hello frames and native Buffers (5.717875ms)
  ✔ rejects an oversized incoming frame before allocating its body (1.041166ms)
✔ ScrapeBrowserFramedSocket (8.360375ms)
▶ scrape browser readiness
  ✔ does not resolve an intermediate verification page even when it has matching content (0.835042ms)
  ✔ does not accept selectors found on a verification page (0.129625ms)
✔ scrape browser readiness (1.788ms)
▶ ScrapeBrowserWaitBudget
  ✔ does not consume the page timeout while Cloudflare verification is active (0.195875ms)
  ✔ still enforces the page timeout while no challenge is active (0.093583ms)
  ✔ caps manual verification independently from the page timeout (0.082333ms)
  ✔ accumulates the verification cap across repeated challenge periods (0.089167ms)
✔ ScrapeBrowserWaitBudget (0.657667ms)
✔ buildScrapeUserAgent drops Electron and app product tokens (0.583375ms)
✔ derivePlatformFromOsToken maps Windows, macOS and Linux (0.171416ms)
✔ resetScrapeUaProfileCache clears memoized profile (0.097291ms)
▶ scraperManager plugin availability gates
  ✔ publishes the built-in local NFO source as runnable but not editable or exportable (3.484667ms)
  ✔ lists MetaTube for configuration but excludes it from executable names until configured (2.57125ms)
  ✔ rejects unconfigured service plugins as new composite field sources (3.458042ms)
✔ scraperManager plugin availability gates (10.453541ms)
▶ scraperPluginSandbox
  ✔ loads cheerio/slim so packaged scrapers do not need undici (54.907959ms)
  ✔ terminates a non-returning plugin worker when the caller aborts (29.224ms)
  ✔ does not report an aborted run as settled while a started host RPC is still running (133.154542ms)
  ✔ serves repeated persistent fetchBuffer calls from the plugin resource cache (70.427625ms)
✔ scraperPluginSandbox (288.371791ms)
▶ scraperPluginService
  ✔ describes bundled video scraper fields from shipped manifests (8.804125ms)
  ✔ describes bundled actress scraper fields from shipped manifests (1.247833ms)
  ✔ drops unknown actress supported field ids from packages (54.85375ms)
  ✔ lists bundled plugins shipped with the app (0.769791ms)
  ✔ reads bundled plugin packages for export and AI debug (1.001666ms)
  ✔ keeps MetaTube visible but unavailable until configured (0.699083ms)
  ✔ rejects a user package that tries to declare a trusted service binding (1.118417ms)
  ✔ does not assign a standalone delay to composite scrapers (1.842667ms)
  ✔ imports and executes a custom video plugin through the BaseScraper adapter (75.017333ms)
  ✔ normalizes video ratings to valid 5-point records only (0.517625ms)
  ✔ reads an installed custom plugin package for AI debugging (52.687417ms)
  ✔ imports and executes a custom actress plugin through the BaseActressScraper adapter (86.270333ms)
  ✔ rejects custom plugins that reuse a built-in name (0.832667ms)
  ✔ renames legacy user plugins that override built-in names to -custom (6.320542ms)
  ✔ preserves settings for a legacy user plugin named after retired JAV8 (1.9565ms)
  ✔ uses -custom-2 when -custom is already taken (4.561ms)
  ✔ keeps bundled plugins visible after rejecting a same-name custom install (2.10175ms)
  ✔ rejects duplicate custom plugin names (45.996917ms)
  ✔ atomically replaces a user plugin without leaving staging or backup directories (97.495917ms)
  ✔ rejects plugin names that collide after filename sanitization (35.667792ms)
  ✔ rejects packages without kind (1.1545ms)
  ✔ exports packages with kind (41.140458ms)
✔ scraperPluginService (523.249209ms)
▶ ScraperResourceCache
  ✔ reuses a fresh plugin resource without another network request (5.546792ms)
  ✔ reuses a fresh plugin resource after the cache is recreated (1.797833ms)
  ✔ revalidates an expired resource with its ETag and retains a 304 body (2.478417ms)
  ✔ returns an expired resource when revalidation fails and stale fallback is enabled (0.914584ms)
  ✔ rejects a resource larger than the host entry quota (0.381ms)
  ✔ rejects writes beyond the host quota for one plugin (0.820084ms)
  ✔ enforces the plugin quota across concurrent resource commits (0.87775ms)
✔ ScraperResourceCache (13.538291ms)
▶ trusted scraper service sandbox bridge
  ✔ exposes service methods only to a trusted binding while keeping the token in main (93.649458ms)
  ✔ fails before starting a trusted worker when the service is not configured (0.6265ms)
✔ trusted scraper service sandbox bridge (94.9965ms)
▶ scraperManager.scrapeVideo
  ✔ uses the built-in local NFO source for manual, composite, and default runs without network fallback (40.235834ms)
  ✔ treats a missing local NFO as a normal no-match without marking scrape failure (9.53825ms)
  ✔ uses only the effective composite field sources to classify a quiet local NFO no-match (64.854833ms)
  ✔ delivers actress avatars to the merged cast positions across local and web composite sources (135.345792ms)
  ✔ persists exact multi-candidate results without selecting or applying one by default (122.482916ms)
  ✔ stages every declared candidate image even when the field was not selected (148.14225ms)
  ✔ confirms a candidate from the local snapshot without visiting the remote site again (138.305334ms)
  ✔ discards pending candidates, cleans staging, and preserves cumulative success (141.901375ms)
  ✔ replaces pending staging and removes the replacement after a later unique success (470.976416ms)
  ✔ startup cleanup removes only old unreferenced video staging directories (154.515083ms)
  ✔ filters exact-code mismatches and conservatively deduplicates normalized source urls (132.263083ms)
  ✔ rejects an invalid candidate array atomically and preserves an older pending decision (232.351792ms)
  ✔ keeps the old pending snapshot and staging when a valid replacement fails mid-transaction (194.034167ms)
  ✔ returns every exact-code exclusion warning when no candidate remains (109.010875ms)
  ✔ applies the only exact candidate after exclusions without creating pending state (109.420792ms)
  ✔ normalizes a year-month release date to the first day of that month (119.751166ms)
  ✔ keeps a unique candidate pending when applying it would duplicate a business identity (114.684916ms)
  ✔ rolls back a conflict merge and candidate apply when pending deletion fails (125.606709ms)
  ✔ returns director candidates before writes and applies an explicit choice on retry (178.812125ms)
  ✔ keeps an ambiguous director during batch-style scraping and applies safe fields (123.274833ms)
  ✔ reports a matched result as skipped when no selected value can be applied (121.443375ms)
  ✔ stores composite source links and ratings under their actual field plugins (261.047291ms)
  ✔ persists and confirms composite candidates independently per source (308.408417ms)
  ✔ ignores unsupported fields before validating and applying the selected plugin result (289.106083ms)
  ✔ still rejects a malformed field when the plugin declares it as supported (298.143ms)
  ✔ preserves a composite field when its source does not match but another source succeeds (585.668125ms)
downloadCover failed: TEST-001 https://cover.example/broken.jpg response is not a usable image
  ✔ applies text data but preserves an old cover when the returned image is unusable (601.660583ms)
downloadSamples failed: TEST-001 1 https://sample.example/two.jpg response is not a usable image
  ✔ discards the whole sample set when any sample download fails but still applies text (636.141875ms)
  ✔ compensates downloaded assets when the apply phase throws after downloads commit (661.488209ms)
  ✔ discards a downloaded cast avatar when the actress already has a usable avatar (730.404542ms)
✔ scraperManager.scrapeVideo (7361.076916ms)
▶ Xslist bundled actress plugin
  ✔ treats the site anonymous image as no avatar (65.258041ms)
  ✔ keeps a real profile avatar (52.662167ms)
✔ Xslist bundled actress plugin (118.730042ms)
▶ actress batch scrape persistence lifecycle
  ✔ persists one stable job id and advances pending targets across restart (352.155167ms)
  ✔ loads a legacy task without tri-state fields using a stable fallback job id (143.898041ms)
  ✔ clears a cancelled task file without deleting its completed pending result (239.015333ms)
  ✔ persists only a canonical status and the start-time target snapshot (338.226458ms)
  ✔ recovers a paused checkpoint after an application restart cache reset (130.685417ms)
  ✔ normalizes a legacy scraped paused job without rewriting progress (134.761583ms)
  ✔ normalizes an omitted scrapeStatus to all while preserving the snapshot (138.166625ms)
  ✔ marks an unknown status job unrecoverable without falling back to all (133.802458ms)
  ✔ blocks resume for an unknown status job but still allows discard (121.855167ms)
  ✔ resumes from the saved snapshot without re-applying current filters (201.762834ms)
  ✔ resumes a normalized legacy scraped job with unified scrape result semantics (202.016458ms)
✔ actress batch scrape persistence lifecycle (2137.334375ms)
▶ actressBatchScrapeTargets status normalization
  ✔ keeps the four canonical cumulative-status scopes (1.550333ms)
  ✔ normalizes the legacy scraped scope to 刮削成功 (0.401459ms)
  ✔ normalizes an omitted scope to 全部 (0.251875ms)
  ✔ rejects an unknown scope instead of widening the batch (0.597208ms)
  ✔ reports unknown scopes without throwing for persisted job snapshots (1.571334ms)
  ✔ never produces the legacy scope in a normalized request (0.960041ms)
✔ actressBatchScrapeTargets status normalization (6.743459ms)
▶ reconcilePersistedActressBatchJob
  ✔ rewrites scraped to success and omitted to all without touching progress (0.204541ms)
  ✔ keeps unrecognized scopes unrecoverable and does not widen to all (0.170375ms)
✔ reconcilePersistedActressBatchJob (0.510333ms)
▶ actressBatchScrapeTargets resolution
  ✔ resolves each canonical cumulative-status scope (16.554083ms)
  ✔ resolves the legacy scraped scope as 刮削成功 and an omitted scope as 全部 (11.156167ms)
  ✔ intersects gender, cumulative status and missing fields (8.215333ms)
  ✔ treats explicit ids as the whole target set, ignoring the other filters (7.247291ms)
  ✔ deduplicates explicit ids and drops ids without a stored actress (7.273083ms)
  ✔ treats an empty explicit id list as zero targets (7.377333ms)
✔ actressBatchScrapeTargets resolution (58.002208ms)
▶ actressBatchScrapeTargets estimate and start
  ✔ estimates the count the start would resolve from the same request (11.457458ms)
  ✔ resolves targets again on start, so the total may differ from an earlier estimate (9.696ms)
  ✔ freezes target ids, display names and total when the batch starts (9.178625ms)
✔ actressBatchScrapeTargets estimate and start (31.148708ms)
▶ ActressIdentityConflictWorkflow
  ✔ inspects live ownership even when the name is not yet in a review group (17.056667ms)
  ✔ summarizes the same aggregated name groups returned by the review list (11.013709ms)
  ✔ keeps summary counts exact for mixed, multi-result, and multi-conflict groups (55.716291ms)
  ✔ lists pending name ownership without inventing a pending scrape (10.3125ms)
  ✔ rejects an unsupported pending name type instead of silently reclassifying it (9.570834ms)
  ✔ rejects a pending-name-ownership decision when the shown claim row changed (15.495042ms)
  ✔ assigns pending name ownership without creating or applying scrape data (14.215ms)
  ✔ edits one pending name claim and resolves both resulting unique owners (13.713417ms)
  ✔ moves an edited pending name claim into another normalized-name group (15.787416ms)
  ✔ merges actresses directly from pending name ownership (12.695875ms)
  ✔ removes an illegal pending name without persisting a blacklist (19.603458ms)
  ✔ reassigns the only pending scrape to the explicit keeper after a merge (23.3945ms)
  ✔ keeps a usable keeper avatar while clearing its missing source and crop state (19.789833ms)
  ✔ uses the explicitly selected pending actress as keeper and the other current main name (18.067583ms)
  ✔ rejects merging when both actresses own pending scrape snapshots (11.696959ms)
  ✔ does not treat another conflict between the same actress pair as a merge blocker (11.293791ms)
  ✔ rejects the whole workbench merge when a resulting name belongs to a third actress (12.419583ms)
  ✔ rejects the whole merge when the pending scrape also conflicts with a third actress (37.927875ms)
  ✔ rejects merging a persisted name claimed by a third actress pending scrape (14.662167ms)
  ✔ returns stale without merging when either actress changed after confirmation was shown (14.436083ms)
  ✔ rolls back the actress merge when pending reassociation fails (14.757292ms)
  ✔ edits only the selected conflicting name and applies the unlocked scrape atomically (46.593875ms)
  ✔ moves only the edited item when its new name conflicts in another dynamic group (15.540333ms)
  ✔ moves an edited name into a group claimed by another naturally unlocked pending result (15.174541ms)
  ✔ transfers complete ownership to the pending actress only with a replacement main name (13.281416ms)
  ✔ previews and applies an assigned conflicting alias in a fill-empty alias collection (13.692459ms)
  ✔ keeps earlier ownership decisions in the final fill-empty alias preview and apply (36.975833ms)
  ✔ validates and removes every legacy claimant when assigning to the pending actress (29.54025ms)
  ✔ assigns a whole conflict group to an existing actress while applying profiles to original targets (19.778458ms)
  ✔ keeps confirmed ownership when the chosen existing actress is also a replace candidate (18.110125ms)
  ✔ removes an illegal normalized name from the whole group and applies unlocked profiles (16.179959ms)
  ✔ requires a valid replacement for every main-name claimant before illegal-name removal (20.800375ms)
  ✔ validates illegal-name replacement main names against the live conflict snapshot (12.6385ms)
  ✔ does not reconcile newly active conflicts while rejecting a stale illegal-name decision (15.140417ms)
  ✔ removes only the current illegal group and does not remember a blacklist rule (40.33ms)
  ✔ applies a result when its other recorded conflict has already become inactive (11.69375ms)
  ✔ rolls back illegal-name handling when name deletion fails (13.615708ms)
  ✔ rolls back illegal-name handling when main replacement fails (15.310084ms)
  ✔ rolls back illegal-name handling when profile application fails (10.856042ms)
  ✔ rolls back illegal-name handling when pending cleanup fails (14.77325ms)
  ✔ keeps the whole illegal-name group pending when any resource preparation fails (30.537166ms)
  ✔ requires a replacement when assigning a current main name to a third existing actress (34.854875ms)
  ✔ finishes name-only results and preserves the original fill-empty update mode (12.495708ms)
  ✔ promotes staged resources when a name edit unlocks a pending scrape (16.637333ms)
  ✔ keeps a naturally unlocked result pending until the user explicitly applies it (10.9515ms)
  ✔ returns a stale outcome without writes when an involved actress changed (8.397667ms)
  ✔ rolls back every profile and promoted resource when a group apply fails (33.279417ms)
  ✔ freezes the complete scrape when one selected name belongs to another actress (12.800917ms)
  ✔ applies a complete result when equivalent names only belong to the target actress (15.387917ms)
  ✔ atomically replaces one actress current snapshot and removes its old staged resources (14.076917ms)
  ✔ rolls back a conflict-free apply when removing the previous snapshot fails (9.4415ms)
  ✔ does not delete an existing same-url gallery file when a later apply rolls back (52.328458ms)
  ✔ discards only the selected wrong match, records cumulative failure, and cleans staging (44.382333ms)
  ✔ startup cleanup removes only old unreferenced staging directories (54.4935ms)
  ✔ deleting a target actress also removes its staged pending resources (36.497792ms)
  ✔ removes prepared formal resources when profile application rolls back (12.871792ms)
✔ ActressIdentityConflictWorkflow (1155.518042ms)
✔ reuses maintenance only until local writes, schema changes or external commits (18.413917ms)
✔ does not publish rolled-back maintenance or skip checks inside a caller transaction (16.56875ms)
✔ retries failed maintenance and invalidates after reopening the same catalog (54.419791ms)
✔ does not publish a maintenance stamp if an external commit occurs during the check (14.346375ms)
✔ rechecks earlier candidates after a later candidate introduces a new conflict (9.245458ms)
✔ bounds a 10k legacy-claim queue without hydrating candidates after maintenance (66.832ms)
✔ does not hydrate unrelated candidate results for a selected name group (9.721917ms)
✔ sorts full conflict names before truncating display captions and preserves exact anchors (8.640375ms)
✔ keeps legacy equal-caption order across pages and clamps missing anchors in a nonempty queue (19.612667ms)
Failed to clean deleted actress asset: avatar_sources/alpha.jpg Error: file is locked
    at deleteStoredAsset (/Users/nut/Project/JavdexLabs/Javdex/src/main/services/actressMaintenanceService.test.ts:122:61)
    at Object.deleteActresses (/Users/nut/Project/JavdexLabs/Javdex/src/main/services/actressMaintenanceService.ts:87:11)
    at TestContext.<anonymous> (/Users/nut/Project/JavdexLabs/Javdex/src/main/services/actressMaintenanceService.test.ts:126:28)
    at Test.runInAsyncScope (node:async_hooks:227:14)
    at Test.run (node:internal/test_runner/test:1325:25)
    at Suite.processPendingSubtests (node:internal/test_runner/test:911:18)
    at Test.postRun (node:internal/test_runner/test:1465:19)
    at Test.run (node:internal/test_runner/test:1390:12)
    at async Suite.processPendingSubtests (node:internal/test_runner/test:911:7)
▶ actressMaintenanceService.importGalleryImage
  ✔ runs legacy dimension repair as part of the explicit gallery write flow (0.960292ms)
✔ actressMaintenanceService.importGalleryImage (1.280833ms)
▶ actressMaintenanceService.deleteActresses
  ✔ deletes the complete batch and cleans stored resources (25.828333ms)
  ✔ rejects the whole batch when an actress is linked to a video (11.020125ms)
  ✔ reports resource cleanup failures after the database transaction commits (11.331125ms)
  ✔ rolls back the complete batch when a later record fails to delete (11.400208ms)
  ✔ previews current linked-actress and affected-video counts (11.571417ms)
  ✔ explicitly unlinks videos, deletes a mixed batch, and preserves video records and files (11.483083ms)
  ✔ rolls back removed video links when a later actress delete fails (15.354542ms)
  ✔ removes only the deleted actress ownership and pending result (14.953833ms)
  ✔ rejects an unknown delete mode instead of falling through to a destructive path (15.6625ms)
✔ actressMaintenanceService.deleteActresses (129.17575ms)
▶ actressQueryService.listActresses
  ✔ returns a stable page and the full matching total from the real database (30.483375ms)
  ✔ reuses one exact avatar-filter snapshot across subsequent pages (0.235708ms)
  ✔ refreshes the avatar-filter snapshot whenever the first page reloads (0.119375ms)
  ✔ inspects avatar health and fingerprints outside the database repository (23.694792ms)
✔ actressQueryService.listActresses (55.159125ms)
▶ actressQueryService.listFaceScanManifest
  ✔ exposes the dedicated minimal manifest through the query seam (0.200708ms)
✔ actressQueryService.listFaceScanManifest (0.258292ms)
▶ actressScrapeQueue.start target resolution
  ✔ scrapes exactly the targets the estimate reported for the same request (4207.681125ms)
  ✔ starts a legacy scraped request against 刮削成功 targets (699.936208ms)
  ✔ starts explicitly selected actresses regardless of the other filters (619.285334ms)
  ✔ starts no target for an empty explicit id list (366.157334ms)
  ✔ refuses to start a request with an unknown cumulative-status scope (281.019458ms)
✔ actressScrapeQueue.start target resolution (6175.050167ms)
▶ AgentMetadataActivityTimeline
  ✔ projects streaming reasoning into one bounded completed turn (1.597583ms)
  ✔ retains up to 64,000 reasoning characters and reports overflow (6.678084ms)
  ✔ uses semantic browser actions while retaining safe completion summaries (0.873583ms)
  ✔ keeps direct metadata submission distinct from browser inspection (0.150333ms)
  ✔ describes playlist page checkpoints as result-producing actions (0.150416ms)
  ✔ describes browser scroll without exposing tool arguments (0.094667ms)
  ✔ retains earlier reasoning across browser-heavy runs (3.512333ms)
✔ AgentMetadataActivityTimeline (14.294166ms)
✔ uses the indexed journal cursor without loading history for a metadata snapshot (1.210042ms)
▶ Agent metadata browser URL policy
  ✔ allows a public hostname when a system proxy maps it to the RFC 2544 fake-IP range (2.463041ms)
  ✔ still rejects direct benchmark-range IPs and hostnames resolving to private networks (1.512833ms)
  ✔ keeps identity query parameters while removing credentials and fragments from display URLs (0.468833ms)
✔ Agent metadata browser URL policy (5.539791ms)
▶ Agent metadata browser evidence binding
  ✔ accepts a production artifact only for its captured document and view (9.143917ms)
  ✔ rejects incomplete, tampered, and corrupt segmented production artifacts (27.214833ms)
✔ Agent metadata browser evidence binding (36.510042ms)
▶ AgentMetadataDraftService
  ✔ rejects a preview when a staged resource no longer matches its manifest (40.812458ms)
  ✔ rechecks staged resource bytes when applying an already reviewed draft (12.225208ms)
  ✔ cleans newly staged resources when persistence fails (9.322833ms)
  ✔ routes actress name ownership conflicts to the existing pending workflow (22.902083ms)
  ✔ routes duplicate video business identities to the existing pending workflow (12.0005ms)
  ✔ requires explicit user confirmation when actress names do not match (14.420667ms)
✔ AgentMetadataDraftService (112.59725ms)
▶ app release service
  ✔ parses and compares stable release versions numerically (2.386334ms)
  ✔ accepts only trusted published GitHub releases (0.327541ms)
  ✔ validates cached update state before exposing it to the renderer (0.52075ms)
✔ app release service (5.374334ms)
▶ asset byte cache
  ✔ separates variants and invalidates all variants of only the changed asset (0.527417ms)
  ✔ checks every file identity field and isolates callers from cached mutable buffers (0.148ms)
  ✔ enforces the entry cap while retaining recently read and replaced entries (0.315417ms)
  ✔ enforces the 96MiB byte cap and skips oversized entries without flushing other images (38.681667ms)
✔ asset byte cache (40.239417ms)
▶ image asset inspection cache
  ✔ loads an unchanged image once and reloads it when its file signature changes (0.536125ms)
  ✔ reloads an image after explicit asset invalidation (0.180541ms)
  ✔ evicts the least recently used inspection after reaching capacity (0.476041ms)
✔ image asset inspection cache (1.433042ms)
✔ retries after the first scrypt failure (131.542083ms)
✔ retries after the first importKey failure (115.691417ms)
✔ keeps the new cache when a pre-reset KDF later succeeds (142.596167ms)
✔ keeps the new cache when a pre-reset KDF later fails (164.409416ms)
✔ waits for cold key derivation on cancellation and never starts decryption (61.925917ms)
✔ reads the existing AVPK format through synchronous and asynchronous crypto (93.708583ms)
✔ coalesces cold key derivation and never uses synchronous crypto in the async reader (116.6505ms)
✔ rejects invalid or tampered encrypted bodies without returning plaintext (62.393208ms)
✔ waits for an active native job before discarding its cancelled result (64.482083ms)
▶ assetLocationMigration
  ✔ moves plain and encrypted files including alias store (88.146833ms)
  ✔ maps default path setting when relocating back to userData (18.529ms)
  ✔ allows relocating back to default when only empty asset subfolders remain (16.953625ms)
  ✔ rolls back copied files without touching the active root (17.826917ms)
  ✔ rejects migration while the configured source root is unavailable (11.545542ms)
  ✔ rejects targets nested inside the active media root (8.736041ms)
  ✔ rejects a target that resolves to the source through a symlinked parent (8.308333ms)
  ✔ rejects a differently-cased path that resolves to the same directory (24.794292ms)
  ✔ resumes when the target contains matching files from an interrupted copy (15.910042ms)
  ✔ preserves pre-existing matching copies when a resumed migration rolls back (16.009583ms)
  ✔ keeps source files when the prepared target disappears before commit (16.384291ms)
  ✔ preserves a copied target that was replaced before a failed commit rolls back (14.183959ms)
  ✔ rejects an interrupted target whose file contents do not match the source (30.908542ms)
  ✔ rejects directory symlinks without reading or deleting files outside the asset root (15.070083ms)
  ✔ rejects a symlinked asset root without touching its external target (12.539209ms)
✔ assetLocationMigration (317.276084ms)
▶ assetMigration opaque paths
  ✔ encrypts to opaque paths and restores readable paths on decrypt (123.521416ms)
✔ assetMigration opaque paths (124.05425ms)
✔ reads legacy without rewriting and migrates on mutation preserving all entries (95.76175ms)
✔ does not reread a warm map or append unchanged values; reloads deletions (93.456041ms)
✔ preserves a legacy file when snapshot rename fails (81.87875ms)
✔ recovers an interrupted tail and truncates it before retry (75.235667ms)
✔ rejects corrupted complete ciphertext and preserves it on attempted mutation (74.244042ms)
✔ rejects missing or incomplete first snapshots (73.5205ms)
✔ reloads the actual committed record after an uncertain fsync failure (75.392666ms)
✔ compacts after sustained updates and reloads the latest values (31727.487959ms)
✔ preserves the appended result when compaction rename fails (161.833208ms)
✔ invalidates the cached map after external replacement (59.189125ms)
▶ assetPathNaming
  ✔ builds readable bases with seed and url hash (1.291667ms)
  ✔ sanitizes non-ascii seeds and truncates overly long values (0.167041ms)
  ✔ keeps equal-length Chinese actress names on distinct asset seeds (0.124ms)
  ✔ scopes asset seeds by actress id when provided (0.066167ms)
  ✔ keeps actress id prefix when the readable label is long (0.075041ms)
  ✔ builds distinct gallery paths for equal-length Chinese names and the same url (0.079792ms)
  ✔ builds opaque bases without embedding seed text (0.06ms)
  ✔ detects opaque encrypted filenames (0.06175ms)
  ✔ derives stable opaque names from plaintext relative paths (0.063833ms)
✔ assetPathNaming (2.835792ms)
▶ AutomaticScanScheduler
  ✔ runs every due library in stable order from independent persisted state (4.836875ms)
  ✔ runs an already-enabled library with no scan history after the startup delay (0.179209ms)
  ✔ calculates each library due time from its own interval and last finished time (0.102417ms)
  ✔ waits one full interval after a library is newly enabled (0.137709ms)
  ✔ skips disabled, rootless and not-yet-due libraries (0.081208ms)
  ✔ runs a due rootless library when it still has deferred cleanup work (0.071166ms)
  ✔ defers while maintenance is busy and rechecks on the next poll (0.084292ms)
  ✔ isolates one library failure and continues the serial due queue (0.176958ms)
  ✔ keeps startup, resume, and every due library globally serial (0.172875ms)
  ✔ uses the resume delay and clears all scheduled work on stop (0.103792ms)
✔ AutomaticScanScheduler (6.659875ms)
▶ AvatarAutoCropMediator
  ✔ resolves automatic crop requests and rejects stale replies (1.078667ms)
  ✔ fails pending automatic crop requests after renderer disconnects (0.094875ms)
  ✔ times out automatic crop requests without accepting a late response (1.589084ms)
  ✔ owns the crop batch token until matching end or disconnect (0.296708ms)
  ✔ rejects a second begin while a crop batch is active (0.377916ms)
✔ AvatarAutoCropMediator (4.10625ms)
✔ writes the definition once and keeps total checkpoint bytes near-linear (39048.093875ms)
ℹ {"targets":[1000,2000],"totalWrittenBytes":[409049,822049],"definitionWritesPerJob":1}
✔ reads legacy checkpoints and migrates on the next save without losing targets (17.190917ms)
✔ preserves the last checkpoint when write fails and retries safely (27.83725ms)
✔ preserves the last checkpoint when sync fails and retries safely (26.575ms)
✔ preserves the last checkpoint when rename fails and retries safely (31.688916ms)
✔ keeps the old definition on failed replacement and prunes unused manifests after commit (49.44275ms)
✔ refuses missing, tampered or mismatched manifests instead of treating the job as absent (17.407333ms)
✔ stops the queue on checkpoint failure and resumes from the durable cursor without skipping work (32.643041ms)
✔ rejects damaged cursor and total fields without deleting the checkpoint (19.015083ms)
✔ reloads actual disk state and retains the manifest after replace directory-sync failure (22.731542ms)
✔ reloads actual disk state and retains the manifest after clear directory-sync failure (16.52725ms)
✔ does not report committed saves or clears as failed when manifest cleanup cannot enumerate (22.6725ms)
✔ executes real read-only tag queries and observes writes through the worker cache (239.46ms)
✔ rejects a changed catalog version at worker startup without migration (238.517584ms)
✔ settles in-flight initialization and queued requests when disposed (188.515375ms)
✔ counts merged subscribers toward capacity, normalizes keys, and clones each successful result (4.706667ms)
✔ serializes different revisions and keeps a folded expanding query valid in the payload (0.291667ms)
✔ rejects old generation on identity change and waits for termination (3.71475ms)
✔ rejects old generation on path change and waits for termination (1.407875ms)
✔ removes queued aborts but retains an executing slot after all subscribers abort (0.486958ms)
✔ one subscriber abort does not cancel another or retain its signal listener (0.548042ms)
✔ rejects all accepted on startup timeout, without retry or overlapping workers (16.4375ms)
✔ rejects all accepted on query timeout, without retry or overlapping workers (17.611167ms)
✔ rejects all accepted on exit, without retry or overlapping workers (0.400375ms)
✔ rejects all accepted on error, without retry or overlapping workers (1.389292ms)
✔ rejects all accepted on protocol error, without retry or overlapping workers (0.58325ms)
✔ dispose closes admission immediately and waits for a running termination (0.410583ms)
✔ fails closed if termination rejects and rejects requests waiting for replacement (0.537291ms)
✔ rejects invalid queries before creating a worker and contains factory/post failures (0.533458ms)
✔ bounds subscribers while termination is pending and supersedes a waiting generation (2.764416ms)
✔ does not launch work after repeated queued cancellations before ready (1.342458ms)
✔ contains unexpected messages and dispose drains an already-started replacement barrier (0.111459ms)
✔ expires waiting subscribers and frees capacity while native termination remains pending (1.256709ms)
✔ keeps independent waiting deadlines for coalesced subscribers and clears them at execution (0.340084ms)
✔ never executes a page whose only subscriber expired before ready (0.178875ms)
▶ CheckpointedSequentialBatchQueue
  ✔ persists checkpoints, pauses, and resumes from the next index (1.997833ms)
  ✔ discards a paused job without running (0.209875ms)
  ✔ cancels a running job and clears the checkpoint (3.942625ms)
  ✔ recycles the scrape browser after each configured target interval (6.779041ms)
  ✔ rejects an invalid run plan without leaving a resumable checkpoint (0.441375ms)
  ✔ discards a corrupt checkpoint when run planning throws (0.1185ms)
✔ CheckpointedSequentialBatchQueue (14.129458ms)
▶ classificationDeletionService
  ✔ previews and deletes a director while recalculating links and preserving videos/resources (463.846708ms)
  ✔ deletes an unlinked director with a zero impact (430.383625ms)
  ✔ rolls back director unlinking and skips image cleanup when deletion fails (489.546459ms)
  ✔ previews and deletes a series while recalculating videos and detaching direct children (585.04125ms)
  ✔ deletes an unlinked childless series with a zero impact (530.96525ms)
  ✔ rolls back series relations and reports image cleanup failure only after commit (579.132ms)
✔ classificationDeletionService (3079.735334ms)
▶ classification director query and maintenance services
  ✔ keeps real same-name directors as separate stable identities and exposes candidate differences (328.079125ms)
  ✔ maintains the complete profile without changing identity or video relations (504.069209ms)
  ✔ validates calendar dates and career ranges transactionally (426.687666ms)
  ✔ searches aliases and supports only count or update sorting in both directions (467.362875ms)
✔ classification director query and maintenance services (1726.872833ms)
▶ classificationImageService
  ✔ imports local and remote images as owned assets and cleans a replaced image after commit (503.127583ms)
  ✔ copies an associated video cover instead of adopting the video asset (533.077417ms)
  ✔ stores a director portrait and compensates its replacement when the database update fails (524.643417ms)
  ✔ keeps the stored image when a remote download fails (449.680375ms)
  ✔ cleans the latest replaced image when a remote update finishes after another edit (609.117834ms)
  ✔ commits replacement and reports a post-commit cleanup failure (546.001542ms)
✔ classificationImageService (3166.622ms)
▶ classification organization query and maintenance services
  ✔ shares one organization profile across role lists and searches its aliases (414.858125ms)
  ✔ sorts only by video count or update time in either direction (532.154208ms)
  ✔ treats SQL LIKE metacharacters in organization searches as literal text (478.468ms)
  ✔ keeps stable identity and video links when editing the complete profile (482.6935ms)
  ✔ rejects parent cycles without partially changing the profile (538.525833ms)
  ✔ creates an organization inline, registers the role, and retains zero-video roles (458.227458ms)
  ✔ rolls back profile fields when a name is owned by another organization (427.351708ms)
✔ classification organization query and maintenance services (3333.1865ms)
▶ classification series query and maintenance services
  ✔ maintains a stable complete profile and projects its local video coverage (549.321709ms)
  ✔ enforces normalized name ownership inside the owner scope only (481.941917ms)
  ✔ preflights every name when moving to another owner scope and rolls back on conflict (503.635583ms)
  ✔ rejects self and descendant parents without partially changing the series (477.9315ms)
  ✔ searches aliases, identifies same-name candidates, and sorts in either direction (650.867ms)
  ✔ creates an unowned series inline and validates lifecycle years (462.019958ms)
✔ classification series query and maintenance services (3126.447584ms)
▶ directorMergeService
  ✔ merges source data into an explicit target while preserving target conflicts (647.4805ms)
  ✔ adopts the source portrait only when the target has no formal portrait (541.875875ms)
  ✔ rolls back target fields and video relations when the database transaction fails (310.298834ms)
  ✔ commits the merge and reports source portrait cleanup failure (207.987667ms)
  ✔ rejects using the same director as target and source (230.293834ms)
✔ directorMergeService (1938.528959ms)
▶ external link service
  ✔ accepts only bounded HTTP and HTTPS links (0.374666ms)
✔ external link service (0.70475ms)
▶ legacy media-library settings bootstrap
  ✔ keeps native V14 config defaults when a fresh database has no legacy evidence (8.580791ms)
  ✔ imports roots, cleanup work, and typed configuration into the default library once (4.53975ms)
  ✔ freezes an online legacy cleanup root identity before making the work active (18.684708ms)
  ✔ keeps parent and child legacy paths but enables only the first non-overlapping set (12.218541ms)
  ✔ keeps realpath aliases but enables only one physical legacy root (13.770209ms)
  ✔ keeps app-level scraper and cover preferences after import and repeated startup cleanup (6.660333ms)
  ✔ keeps inferred roots and links source-managed resources to the deepest matching root (4.817958ms)
  ✔ imports the last scan summary and its managed unrecognized-file snapshot (5.906875ms)
  ✔ preserves a standalone unrecognized snapshot through a synthetic legacy scan run (4.291875ms)
  ✔ keeps an older safe snapshot separate from a newer failed scan summary (4.672667ms)
  ✔ retries JSON cleanup without importing database rows twice (4.341166ms)
  ✔ rolls back every database change and skips JSON cleanup when import fails (5.830417ms)
✔ legacy media-library settings bootstrap (95.093083ms)
▶ LibraryCurator lifecycle
  ✔ releases its own runs without disposing the application AgentExecution (0.885958ms)
✔ LibraryCurator lifecycle (1.221583ms)
✔ uses the indexed journal cursor for a curator snapshot (1.073084ms)
▶ libraryPathCleanupService
  ✔ previews only resources owned by the selected library and root (331.055458ms)
  ✔ previews and safely cleans a disabled root including pending and diagnostic rows (346.58625ms)
  ✔ confirms with the current revision and queues an identity snapshot without deleting data (471.982375ms)
  ✔ rejects a confirmation when scan-owned resources changed after preview without a revision bump (544.912709ms)
  ✔ removes and promotes resources only inside the confirmed library and root (651.613292ms)
  ✔ lets a cleanup-only scan consume the last removed root without touching another library (527.791834ms)
  ✔ recovers an offline legacy cleanup intent when a later full scan sees the root online (348.375292ms)
  ✔ keeps an overlapping legacy cleanup root waiting during a later full scan (273.061083ms)
  ✔ keeps an overlapping parent legacy cleanup root waiting during a later full scan (305.79775ms)
  ✔ keeps a realpath-alias legacy cleanup root waiting across libraries (328.667042ms)
  ✔ fails closed when a confirmed root is offline (453.181708ms)
  ✔ fails closed when the path now resolves to a replacement directory (350.962875ms)
  ✔ cancels a failed removal into a disabled, archiveable root without deleting records (363.877917ms)
  ✔ completes a confirmed cleanup after an unrelated library configuration edit (328.085917ms)
  ✔ rolls back resource removal, promotion, root state, and job completion together (313.738583ms)
✔ libraryPathCleanupService (5940.8665ms)
▶ normalizeTranslationOutput
  ✔ strips fenced and quoted model output (0.407291ms)
✔ normalizeTranslationOutput (0.716625ms)
▶ MediaAssetStore
  ✔ coalesces encrypted thumbnails, isolates size variants and preserves original preview bytes (158.139709ms)
  ✔ checks plain and decrypted image pixels before caching and recovers after replacement (123.6725ms)
  ✔ retains cancelled active slots until file read settles (63.823792ms)
  ✔ retains cancelled active slots until file close settles (77.046417ms)
  ✔ retains cancelled active slots until file metadata settles (76.846166ms)
  ✔ rejects oversized plain and encrypted files before opening or decrypting them (41.471458ms)
  ✔ does not merge a post-invalidation request into the old pending read (36.3965ms)
  ✔ shares a cold encrypted read and decryption across concurrent requests without sharing cancellation (72.312083ms)
  ✔ does not return cached bytes when cancelled while the hot-path stat is pending (43.943083ms)
  ✔ does not reuse the same relative cache key after the asset root changes (77.182417ms)
  ✔ rejects a changed file during reading without caching its old bytes (43.643125ms)
  ✔ serves hot plaintext and encrypted images without rereading or decrypting their bytes (113.139833ms)
  ✔ reloads replaced files even with restored mtime and rejects deleted files before using cache (67.064792ms)
  ✔ does not repopulate explicitly invalidated cache from a pending read (41.359334ms)
  ✔ retains read slots while cancelled encrypted requests wait for native crypto completion (121.8925ms)
  ✔ cancels queued reads before opening files and keeps active slots until reads settle (110.318792ms)
downloadAvatar failed: Bad Avatar https://example.test/avatar.html response is not a usable image
Failed to delete media asset: covers/TEST-002_bcc6309c.jpg Error: file is locked
    at FailingCleanupStore.delete (/Users/nut/Project/JavdexLabs/Javdex/src/main/services/mediaAssetStore.test.ts:936:15)
    at FailingCleanupStore.deleteImmediateBestEffort (/Users/nut/Project/JavdexLabs/Javdex/src/main/services/mediaAssetStore.ts:449:12)
    at FailingCleanupStore.finishCoordinatedChange (/Users/nut/Project/JavdexLabs/Javdex/src/main/services/mediaAssetStore.ts:561:52)
    at <anonymous> (/Users/nut/Project/JavdexLabs/Javdex/src/main/services/mediaAssetStore.ts:527:14)
    at AsyncLocalStorage.run (node:internal/async_local_storage/async_context_frame:63:14)
    at FailingCleanupStore.runCoordinatedChange (/Users/nut/Project/JavdexLabs/Javdex/src/main/services/mediaAssetStore.ts:504:31)
    at FailingCleanupStore.coordinateDatabaseChange (/Users/nut/Project/JavdexLabs/Javdex/src/main/services/mediaAssetStore.ts:465:17)
    at <anonymous> (/Users/nut/Project/JavdexLabs/Javdex/src/main/services/mediaAssetStore.test.ts:941:37)
    at getActual (node:assert:611:5)
    at strict.doesNotThrow (node:assert:779:32)
  ✔ serves plain and encrypted images asynchronously without synchronous file reads (155.895875ms)
  ✔ reads plain and encrypted images and reports a stable plaintext fingerprint (112.008208ms)
  ✔ rejects stored paths that escape the media root (4.042541ms)
  ✔ exposes bootstrap and layout paths under the media root (41.569041ms)
  ✔ encrypts a stored plain asset and lists it under stable subdirectories (141.253292ms)
  ✔ decrypts a stored encrypted asset back to its plain relative path (152.976875ms)
  ✔ compensates newly-created resources when the database operation fails (56.050833ms)
  ✔ compensates newly imported cover and sample files when a database operation fails (78.0385ms)
  ✔ compensates newly imported playlist covers when a database operation fails (61.804959ms)
  ✔ compensates async downloads when the database operation fails (56.780666ms)
  ✔ rejects unusable local image imports instead of storing them (15.907375ms)
  ✔ rejects unusable avatar downloads instead of storing them (4.415541ms)
  ✔ keeps an existing download when replacing the same URL later rolls back (53.444542ms)
  ✔ keeps an existing avatar source when importing the same bytes later rolls back (58.363667ms)
  ✔ deletes obsolete resources only after the database operation succeeds (43.994333ms)
  ✔ uses distinct paths for avatar display replacements created in the same millisecond (60.000167ms)
  ✔ discards newly created resources marked obsolete in the same coordinated change (49.506167ms)
  ✔ promotes nested created resources so a parent rollback can compensate them (44.405167ms)
  ✔ defers nested obsolete deletes of pre-existing files until the parent commits (69.935041ms)
  ✔ keeps nested obsolete pre-existing files when the parent rolls back (61.067708ms)
  ✔ does not leak nested create-then-obsolete files when the parent rolls back (46.850833ms)
  ✔ runInCoordinatedChange joins an active parent instead of nesting (33.648125ms)
  ✔ keeps isolated coordinated creates when an outer parent later rolls back (34.614458ms)
  ✔ keeps independent root work when an awaited outer coordinated change fails (54.587459ms)
  ✔ keeps relocation exclusive with coordinated and direct media mutations (32.115042ms)
  ✔ keeps relocation exclusive with a stable read lease (6.971167ms)
  ✔ keeps caller registrations off an un-awaited nested async coordinated change (48.433666ms)
  ✔ does not turn a post-commit cleanup failure into a database failure (43.684917ms)
✔ MediaAssetStore (2893.208875ms)
✔ reads empty, exact-budget and multi-chunk files without using readFile (23.38525ms)
✔ rejects oversize before reading and closes the opened handle (15.126166ms)
✔ rejects grow during reading and closes the handle (20.18525ms)
✔ rejects truncate during reading and closes the handle (18.06025ms)
✔ rejects cancel during reading and closes the handle (16.010834ms)
✔ rejects io-error during reading and closes the handle (15.965459ms)
✔ does not open an already cancelled request (15.701708ms)
✔ closes the handle on cancel-after-open before allocating body bytes (12.147ms)
✔ closes the handle on stat-error before allocating body bytes (16.616792ms)
✔ closes the handle on directory before allocating body bytes (16.255584ms)
✔ reads PNG/WebP metadata and never follows TIFF offsets outside its chunk (0.956334ms)
✔ inspects all served formats without decoding pixels (26.004708ms)
✔ rejects a tiny encoded image with an oversized canvas and accepts the exact boundary (2.839292ms)
✔ rejects corrupt and unsupported image headers (14.634167ms)
✔ inspects the single-frame canvas of real animated GIF and WebP inputs (3.483333ms)
✔ waits for metadata completion when cancelled and destroys the reader (1.420166ms)
✔ shares a read while one consumer cancels and preserves independent result buffers (1.605542ms)
✔ drains the last cancelled consumer without deleting a newer flight under the same key (0.435292ms)
✔ fans out failures and permits a fresh attempt (0.343166ms)
✔ aborts the underlying work only after all consumers cancel and drains the final slot (0.203459ms)
✔ defaults to four active reads and 256 queued requests with reusable cancellation capacity (4.997666ms)
✔ bounds active and queued reads, removes cancelled work and releases capacity after failures (0.771083ms)
✔ does not free an active slot before an aborted reader actually settles (0.30625ms)
✔ preserves aspect ratio, respects orientation and does not enlarge small images (33.565666ms)
✔ makes a single static thumbnail from an animated image (2.876333ms)
✔ retains two decode slots until native work settles after cancellation (3.91025ms)
▶ media-library service
  ✔ validates an explicitly configured create-time video scraper before persistence (1.173792ms)
  ✔ allows unrelated config edits with a stale stored scraper but validates explicit changes (0.098209ms)
  ✔ runs the root-migration commit through the shared resource-maintenance gate (0.100833ms)
  ✔ runs every root mutation through the scan-shared maintenance gate (0.152667ms)
  ✔ preserves root continuity validation errors through service mutation gates (0.089125ms)
  ✔ serializes library and config lifecycle mutations with resource writes (0.129583ms)
  ✔ cannot archive through the service while an asynchronous resource write owns the gate (0.127583ms)
✔ media-library service (2.394417ms)
▶ mediaProtocol
  ✔ forwards a finite variant and rejects invalid size without reading (21.1915ms)
  ✔ returns 413 for oversized images with an empty HEAD body (1.22125ms)
  ✔ awaits the image reader and forwards cancellation while serving GET and HEAD (0.407083ms)
  ✔ skips reads for preflight and forbidden paths, and distinguishes busy from missing (0.860833ms)
  ✔ resolves media URLs under the asset root (0.081792ms)
  ✔ rejects path traversal outside the asset root (0.034958ms)
✔ mediaProtocol (24.688791ms)
▶ organizationDeletionService
  ✔ removes only the selected role and recalculates its linked videos at execution time (415.9875ms)
  ✔ rejects removing the final role and leaves all relations unchanged (422.996875ms)
  ✔ blocks role removal and full deletion when they would rewrite a pending video (485.672209ms)
  ✔ fully deletes an organization and detaches every supported relation after a fresh preview (648.8865ms)
  ✔ rejects full deletion when owned series names conflict in the unowned scope (402.585875ms)
  ✔ rolls back full deletion relations and skips image cleanup when deletion fails (321.283709ms)
  ✔ commits full deletion while reporting post-commit image cleanup failures (275.517625ms)
✔ organizationDeletionService (2973.876417ms)
▶ organizationMergeService
  ✔ merges cross-role records and transfers role-specific videos, children, and series (510.229ms)
  ✔ adopts the source brand image only when the target has none (417.735417ms)
  ✔ preflights publisher transfer business identity collisions before writing (431.803292ms)
  ✔ blocks a merge that would rewrite a pending video relation (503.632292ms)
  ✔ rejects a series name collision in the target scope without changing any relation (442.1015ms)
  ✔ rejects merging an ancestor into a deep descendant (310.602875ms)
  ✔ collapses a direct source-to-target hierarchy and transfers source siblings (263.367416ms)
  ✔ rolls back the profile and every relation when the transaction fails (308.169833ms)
  ✔ commits the merge and reports a brand image cleanup failure (337.407584ms)
  ✔ rejects using the same organization as target and source (403.624375ms)
✔ organizationMergeService (3929.483417ms)
▶ pending resource identity service
  ✔ uses the persisted choice, assigns the resource atomically, and applies only a matching current NFO (432.14325ms)
  ✔ completes resource ownership but does not apply metadata when the current NFO no longer matches (526.515ms)
  ✔ finishes resource ownership when the current NFO cannot be inspected safely (527.191666ms)
  ✔ keeps the identity pending and creates no formal record when the source fingerprint is stale (458.341875ms)
  ✔ rechecks a STRM target snapshot and leaves the conflict intact when it changes (335.37875ms)
✔ pending resource identity service (2280.559125ms)
▶ PlayerService
  ✔ opens and reveals a local resource through system file operations (1.195833ms)
  ✔ opens a STRM target externally but reveals its local source file (0.118125ms)
  ✔ opens the primary direct resource with the system URL handler (0.091167ms)
  ✔ reports a system open failure and does not try another resource (0.136958ms)
  ✔ hands Magnet resources to the registered system protocol handler (0.062333ms)
  ✔ rejects every playback and reveal entry point before reading an archived or missing library (0.082709ms)
  ✔ opens and reveals only resources that belong to the selected library (5.978083ms)
✔ PlayerService (8.492875ms)
▶ playlist import browser navigation guard
  ✔ requires DOM-backed terminal reasons to carry a selector and pass host verification (1.004791ms)
  ✔ accepts known-total terminal evidence only when the checkpoint declares a total (0.078667ms)
  ✔ accepts a virtual first window only after a settled host-owned reset to the top (0.061625ms)
  ✔ revalidates terminal or link evidence in the final dynamic window before sealing (0.075708ms)
  ✔ alternates virtual scrolling with frozen load-more actions before sealing (0.046458ms)
  ✔ defers bottom-only advance validation until a virtual page reaches its terminal view (0.045125ms)
  ✔ waits for a quiet window after every asynchronous load-more change (0.050875ms)
  ✔ restarts the quiet window when a temporary dynamic expansion rolls back (0.0395ms)
  ✔ classifies foreground retry failures without treating them as restart recovery (0.209875ms)
✔ playlist import browser navigation guard (2.0615ms)
▶ playlist importer browser guidance
  ✔ prefers structured reads while leaving page semantics and interaction to the agent (0.448875ms)
  ✔ hands page semantics to the agent and prioritizes user-only blockers (0.101291ms)
  ✔ extracts a first-page playlist name only from reliable page evidence (0.096417ms)
  ✔ requires every newly opened static page to be inspected and checkpointed before advancing again (0.068167ms)
  ✔ distinguishes checkpoint evidence from status artifacts and explains terminal selectors (0.099917ms)
✔ playlist importer browser guidance (1.237916ms)
▶ PlaylistImportModule interface
  ✔ returns an initial browser handoff projected during the first agent dispatch (7.123708ms)
  ✔ persists the import job before the run driver can project bootstrap observations (4.315417ms)
  ✔ returns immediately after accepting one run and replays the same start idempotently (4.632334ms)
  ✔ allows only one foreground import session at a time (5.149917ms)
  ✔ rejects invalid start targets before creating an Agent run (3.474166ms)
  ✔ includes write options in the idempotent frozen input (3.969292ms)
  ✔ rejects one idempotency key reused for different frozen input (3.843166ms)
  ✔ cancels pre-apply work without creating an empty playlist (4.507875ms)
  ✔ preserves a retryable recovery failure when apply invalidates after identity review (8.119792ms)
  ✔ retries a recoverable apply error after the target library becomes active again (5.963416ms)
  ✔ dispatches a same-session retry for a retryable discovery checkpoint (4.458959ms)
  ✔ clears a missing page checkpoint before dispatching a same-session retry (4.034541ms)
  ✔ coalesces concurrent retries with the same idempotency key before recovery side effects (4.067833ms)
  ✔ keeps discovery retry state in the foreground session instead of the durable product journal (4.418834ms)
  ✔ applies a foreground retry atomically without reserving a durable retry result (4.64875ms)
  ✔ discards a browser session when driver creation fails before persistence (3.532625ms)
✔ PlaylistImportModule interface (76.940042ms)
▶ PlaylistImportRepository
  ✔ keeps all import staging in the current SQLite connection only (6.836ms)
  ✔ rejects credential-bearing source and detail URLs before staging them (0.589ms)
  ✔ removes sensitive detail URL credentials and requires explicit user identity handling (7.462709ms)
  ✔ accepts a checkpoint after a source redirects between www and apex host variants (4.688875ms)
  ✔ fails an empty external list without creating an empty playlist (4.321583ms)
  ✔ fails discovery when the frozen run exceeds its wall-clock safety budget (3.928708ms)
  ✔ checkpoints every page before atomically creating/reusing videos and a new playlist (6.801916ms)
  ✔ assigns stable unique page order when numbered pagination rediscoveries overlap (5.174333ms)
  ✔ fails self-referential and A-to-B-to-A static pagination as PAGINATION_LOOP (4.98725ms)
  ✔ keeps legal duplicate pages when their concrete pagination frontiers differ (4.987083ms)
  ✔ fails a sealed dynamic page whose next URL only loops to an existing frontier (5.15525ms)
  ✔ keeps a declared page-total mismatch retryable and accepts a corrected checkpoint (4.808042ms)
  ✔ rejects a conflicting nonterminal page before sealing it and completes after correction (6.079667ms)
  ✔ restarts from the source when only the terminal page proves earlier totals wrong (9.65725ms)
  ✔ uses the first-page Agent suggestion when the user leaves the new playlist name empty (4.767541ms)
  ✔ keeps existing playlist links and deduplicates the source playlist URL when enabled (4.33875ms)
  ✔ falls back to the existing host-and-date name when the Agent returns no name (4.176834ms)
  ✔ does not let an Agent suggestion rename an append target (5.508083ms)
  ✔ skips unmatched items and omits detail links when both write options are disabled (4.513291ms)
  ✔ reuses a unique code match created after an auto-create-disabled preview (5.41175ms)
  ✔ persists target-library and target-playlist failures instead of leaving apply retry loops (8.510791ms)
  ✔ counts external convergence separately from videos already present before apply (5.657667ms)
  ✔ keeps multiple global code matches in the detail phase even when one is in the target library (4.346542ms)
  ✔ reuses a unique exact code discovered only on the detail page (5.145875ms)
  ✔ sends conflicting list and detail codes to user review without discarding list candidates (6.052125ms)
  ✔ rejects a stale direct-code decision when a duplicate appears before apply (5.178167ms)
  ✔ reopens identity resolution when another video claims the detail URL before apply (5.574959ms)
  ✔ returns target-library tiebreaks to identity review when memberships become stale (5.166375ms)
  ✔ persists an unexpected transactional apply failure and retries it atomically (5.713792ms)
  ✔ lets a unique strong detail match override the target library preference (5.239166ms)
  ✔ uses a canonical www detail link as a strong owner signal without duplicating it (5.14475ms)
  ✔ requires user review when independent strong detail signals conflict (5.887292ms)
  ✔ keeps a source owner outside the code candidates and blocks target-library tiebreaking (5.242667ms)
  ✔ invalidates the preview when a new source owner appears before apply (5.992125ms)
  ✔ treats source external-code and source-URL evidence as independent signals (7.841666ms)
  ✔ does not use the target library when complete business identity contradicts known candidates (5.821375ms)
  ✔ waits for the user when detail signals leave multiple cross-library candidates (6.228792ms)
  ✔ replays an identical page checkpoint and makes changed content recoverable (4.928542ms)
  ✔ makes a changed replay of a dynamic operation recoverable without duplicating the batch (5.188209ms)
  ✔ rolls a changed sealed dynamic page back with downstream frontiers and orphan items (98.280583ms)
  ✔ rejects a playlist name submitted after the first logical page (4.272291ms)
  ✔ persists and resumes a browser handoff without losing the current list frontier (5.013708ms)
  ✔ fails an expired browser handoff before persisting a resume checkpoint (3.856834ms)
  ✔ checkpoints overlapping virtual windows before sealing a continuous list (6.0125ms)
  ✔ persists host-owned load-more batches and seals only after the control disappears (5.694083ms)
  ✔ persists load-more no-progress and fails instead of retrying the same action (4.689875ms)
  ✔ fails the run instead of truncating a source that declares totals above the safety budget (3.675917ms)
  ✔ fails and rolls back a dynamic window above the per-batch candidate budget (5.683959ms)
✔ PlaylistImportRepository (351.659333ms)
▶ PlaylistImportAgentRunDriver scripted browser integration
  ✔ dispatches the conversation before the agent opens the frozen source page (7.707916ms)
  ✔ hands an initial challenge to the user through the agent browser tool (5.542125ms)
  ✔ requires the domain advance tool to claim a pending page before checkpointing it (9.701083ms)
  ✔ lets the agent choose how to return to frozen work after a handoff (5.541708ms)
  ✔ lets the agent hand a login page to the user immediately (5.393709ms)
  ✔ pauses for human verification when host-owned detail navigation hits a challenge (5.174291ms)
  ✔ replays a committed static page checkpoint after its response is lost (5.637708ms)
  ✔ replays a committed detail checkpoint after its response is lost (6.733708ms)
  ✔ restarts the changed dynamic page from its inbound frontier on product retry (5.867958ms)
  ✔ restarts a dynamic page with corrected declared totals after one product retry (9.203834ms)
  ✔ records an evidence-backed unsupported pagination report as an explicit terminal error (4.297708ms)
  ✔ requires a page checkpoint before advancing away from the current list page (4.923666ms)
  ✔ keeps a missing page checkpoint agent-correctable instead of locking the tool host (5.135041ms)
  ✔ does not expose status artifacts as eligible page-checkpoint evidence (3.4525ms)
  ✔ inspects an automatic login redirect but still rejects a checkpoint from it (3.764ms)
  ✔ checkpoints a finite recycled virtual list without gaps and binds evidence to every view (7.142292ms)
  ✔ normalizes a one-based stable position attribute into a continuous virtual list (7.253291ms)
  ✔ backtracks to the last anchor and halves the step when variable heights skip a window (7.665417ms)
  ✔ combines virtual scrolling with host-owned load-more and checkpoints the expanded window (1006.727708ms)
  ✔ retries a stalled virtual window once, then fails when it still cannot progress (5.401375ms)
✔ PlaylistImportAgentRunDriver scripted browser integration (1123.1715ms)
▶ playlistImportRecoverableToolFailure
  ✔ keeps only same-session timeout and changed-source failures retryable (0.165791ms)
✔ playlistImportRecoverableToolFailure (0.196458ms)
▶ PlaylistImporter ToolPack
  ✔ exposes static-page, virtual-window and detail checkpoints through one least-privilege pack (0.86ms)
  ✔ lets the agent inspect and operate the same-site browser (0.36625ms)
  ✔ binds every declaration to a production handler (0.087708ms)
  ✔ accepts one optional page-evidenced name on the page checkpoint (0.067375ms)
  ✔ requires a mechanically verifiable terminal contract (0.055791ms)
  ✔ describes static pagination as navigation followed by a new page checkpoint (0.106833ms)
  ✔ makes checkpoint evidence eligibility and terminal selector semantics explicit (0.240166ms)
✔ PlaylistImporter ToolPack (2.299125ms)
▶ playlistService media asset seam
  ✔ creates a playlist cover through MediaAssetStore and cleans it on delete (523.290334ms)
  ✔ deletes the previous cover only after a successful cover replacement (441.159875ms)
✔ playlistService media asset seam (964.894708ms)
▶ PluginBrowserCapabilityModule
  ✔ uses action-specific result budgets (0.923333ms)
  ✔ inlines complete small page-fact sections instead of keeping an oversized snapshot (35.009375ms)
  ✔ omits an oversized page-fact section as a whole and never returns a prefix (26.570083ms)
  ✔ returns an omitted artifact section through bounded cursor pages (81.446292ms)
  ✔ keeps every omitted delta section readable from the same artifact (37.790917ms)
  ✔ returns valid artifact sections and a catalog recovery action for an unknown section (24.925041ms)
  ✔ rejects read-section paths outside the browser artifact directory (8.162833ms)
  ✔ keeps a small localeLinks section when snapshot and content links are omitted (37.708ms)
  ✔ hides oversized artifact string segments behind read-section pagination (46.957292ms)
  ✔ returns every captured page-fact item when the complete observation fits (21.289666ms)
  ✔ keeps the hard transport limit even when the page has unusually many fact sections (497.274834ms)
  ✔ marks evidence incomplete only when the complete page evidence was actually capped (33.258208ms)
  ✔ returns occurrence-aware ARIA and top-level page-fact deltas for one document (32.140792ms)
  ✔ treats a scroll view revision as a full observation and invalidates prior refs (31.949959ms)
  ✔ records a newly appeared pageFacts section after fill without throwing (30.870292ms)
  ✔ falls back explicitly to the artifact when a complete delta exceeds its budget (35.686709ms)
  ✔ isolates baselines by session and resets them when a lease is released (47.118375ms)
  ✔ unwraps evaluate values that were unnecessarily JSON-stringified (16.57525ms)
  ✔ keeps a successful action pending result successful and compact (19.580625ms)
  ✔ redacts typed text from the stored artifact (11.094166ms)
✔ PluginBrowserCapabilityModule (1077.677875ms)
▶ PluginDeveloper approval and lifecycle stability
  ✔ restores a legacy run with newly-invalid field ids as a repairable workspace (136.003ms)
  ✔ clears every durable plugin-development history without touching other Agent use cases (53.222875ms)
  ✔ refuses to clear history while a plugin-development operation is running (0.430333ms)
  ✔ discards unrecoverable plugin-development history without touching recoverable runs (59.625833ms)
  ✔ waits for a slow terminal release before an immediate continuation reopens the run (1.260375ms)
  ✔ materializes a terminal workspace before lazy continuation projects native file tools (116.548875ms)
  ✔ projects Pi native file tools into the durable product timeline (123.120792ms)
  ✔ records exactly one domain error when a runtime fault transitions the run to failed (0.304041ms)
  ✔ surfaces an unpersistable runtime fault and resolves the active operation (0.242ms)
  ✔ publishes the reduced active context immediately after Pi compaction (0.211333ms)
  ✔ keeps a transient invalid workspace recoverable and resyncs after a valid rewrite (143.133084ms)
  ✔ streams provider reasoning and answer while persisting each only once per completed turn (72.832708ms)
  ✔ bounds one displayed reasoning block and reports the original character count (1.86125ms)
  ✔ revokes an approved permit when Pi rejects the approval continuation (0.247917ms)
  ✔ does not consume an approval while the operation that emitted waiting_user is still settling (0.142917ms)
  ✔ binds a typed choice to the exact request without treating it as user feedback (439.800875ms)
  ✔ resumes a typed browser interaction without turning completion into defect feedback (0.234542ms)
  ✔ keeps a mechanically ready artifact waiting for user after Pi settles (145.777042ms)
  ✔ requires real feedback before continuing a mechanically ready artifact (130.704916ms)
  ✔ keeps readiness for dev-notes edits but invalidates it for package edits (163.089167ms)
  ✔ does not run hidden production execution when Pi settles without a current artifact (123.958833ms)
  ✔ projects a model-turn limit into waiting_user/working without running a hidden check (139.0905ms)
  ✔ allows installation only for the exact full production execution artifact (0.46075ms)
  ✔ marks the session completed only after the accepted artifact is installed (0.245583ms)
  ✔ adopts the installed display name when install renames to avoid a conflict (146.071916ms)
  ✔ persists the renamed installed package onto settled product state (131.574875ms)
  ✔ releases only PluginDeveloper-owned runs during application disposal (0.441ms)
✔ PluginDeveloper approval and lifecycle stability (2131.839042ms)
✔ uses the indexed journal cursor for active and persisted plugin snapshots (0.415292ms)
✔ preserves incremental logs across stale-runtime cancellation, cold snapshot, restore and export (1378.811833ms)
✔ keeps the migrated work log reference when runtime reopen fails during recovery (217.414542ms)
✔ retries closed workspaces with intact or corrupted state without rewriting diagnostic data (315.056542ms)
✔ serializes cleanup admission and drains safely: {"initial":"clear","fail":false,"dispose":true} (348.039709ms)
✔ serializes cleanup admission and drains safely: {"initial":"discard","fail":true,"dispose":true} (442.987375ms)
✔ serializes cleanup admission and drains safely: {"initial":"clear","fail":true,"dispose":false} (463.015667ms)
▶ PluginExecutionModule
  ✔ passes only the typed actress runtime identity and preserves production facts (16.850291ms)
  ✔ records rejected production results without adding semantic issue classifications (21.380291ms)
  ✔ does not accept undefined or runtime-only output as a material production result (14.912333ms)
  ✔ does not accept a video source link without any material scraped field (14.836625ms)
  ✔ treats a full empty contract return as unmatched targets, not a broken shape (0.37225ms)
✔ PluginExecutionModule (69.001ms)
▶ PluginRunAcceptanceModule
  ✔ accepts an exact full production artifact without judging content or manifest coverage (2.202833ms)
  ✔ keeps readiness when only the plugin display name changes (0.196209ms)
  ✔ rejects targeted, stale package, stale target, stale runtime, and failed execution artifacts (0.27775ms)
  ✔ never accepts a vacuous full execution with no session targets or cases (0.083584ms)
  ✔ treats a successful proper-subset run as wrong_scope, not execution_failed (0.070666ms)
  ✔ keeps execution_failed when a targeted subset itself failed (0.073375ms)
✔ PluginRunAcceptanceModule (3.363417ms)
▶ PluginWorkspaceModule
  ✔ starts create mode without a requested or predeclared field set (1.211708ms)
  ✔ materializes a Pi-native file workspace and rebuilds a normalized package (117.102958ms)
  ✔ treats workspace files as authoritative and changes the artifact hash after an edit (103.828625ms)
  ✔ keeps Pi dev notes outside the plugin artifact and preserves them across instruction refreshes (176.244583ms)
  ✔ atomically records completed execution facts and the current acceptance projection (154.726666ms)
  ✔ updates current acceptance without overwriting the latest execution facts (144.038833ms)
  ✔ does not reinterpret a removed workspace field declaration as all fields (137.273417ms)
  ✔ refreshes v4 host resources without overwriting the draft or decisions (229.917833ms)
  ✔ preserves same-kind legacy targets only when current input has none (227.816125ms)
  ✔ keeps current instruction resources frozen when the workspace is reopened (124.7785ms)
  ✔ preserves an older frozen instruction set while restoring an existing run (131.889833ms)
✔ PluginWorkspaceModule (1549.673417ms)
✔ awaits asynchronous removal without recursively deleting through the synchronous API (26.162583ms)
▶ PluginDevInstructionModule
  ✔ keeps the system prompt limited to identity, workspace and host boundaries (0.61975ms)
  ✔ makes javdex-plugin-dev the only owner of the development workflow (2.920916ms)
  ✔ orders page-level search and detail code checkpoints for video and actress skills (2.78575ms)
  ✔ generates isolated result contracts and workflow examples for each plugin kind (0.74ms)
  ✔ marks field documentation as a query table rather than an implementation checklist (0.263333ms)
  ✔ preserves a resolved choice and reassesses the remaining blocker (0.147375ms)
  ✔ resumes a completed browser handoff from the interrupted location (0.055083ms)
  ✔ uses the host initial dry-run in debug mode without requesting a duplicate run (0.139917ms)
  ✔ starts create from the Skill instead of a five-file reading ritual (0.119458ms)
  ✔ generates stable v1 resources for identical inputs (0.429541ms)
  ✔ applies user feedback without manufacturing an extra development round (0.050625ms)
  ✔ treats the resume button as continuation rather than new defect feedback (0.056333ms)
  ✔ exposes only dry-run, typed user input and the browser adapter tools (0.116416ms)
✔ PluginDevInstructionModule (9.089708ms)
▶ PluginDeveloper v1 tool executor
  ✔ rejects removed domain tools (123.986542ms)
  ✔ rejects URL-shaped targets without replacing the initial dry-run state (137.440167ms)
  ✔ preserves the prior latest facts while the workspace is temporarily invalid (146.203ms)
  ✔ adopts the first legal explicit targets immediately and exposes runtime facts (191.046708ms)
  ✔ emits adopted targets before the production runner settles (169.752166ms)
  ✔ replaces session targets after a full unmatched execution (163.9495ms)
  ✔ keeps later explicit targets targeted when the last full run was not an empty miss (128.885416ms)
  ✔ uses later explicit targets only for targeted diagnostics (132.701ms)
  ✔ treats explicit targets that cover the session set as a full run (150.221166ms)
  ✔ allows the fourth and tenth real executions without an attempt limit (213.827334ms)
  ✔ reads an artifact section without acquiring the live browser lease (144.269625ms)
  ✔ maps bounded scroll arguments to the shared browser command (136.611792ms)
  ✔ terminates on browser busy without replacing the initial dry-run state (122.2215ms)
  ✔ does not replace the initial dry-run state when Cloudflare interrupts the run (125.761291ms)
  ✔ preserves the prior latest facts when a real execution is cancelled (100.282875ms)
✔ PluginDeveloper v1 tool executor (2188.349625ms)
▶ plugin developer Cloudflare handoff
  ✔ retains the browser only for browser interaction handoff requests (0.424125ms)
  ✔ recognizes the typed browser challenge signal (0.078208ms)
  ✔ turns browser action=open challenge into an immediate waiting_user handoff (146.365333ms)
  ✔ presents the helper and creates a typed login handoff without running a Playwright action (134.487708ms)
  ✔ returns typed recovery errors for uncertain actions and pending explicit observations (126.866917ms)
✔ plugin developer Cloudflare handoff (408.79575ms)
▶ PluginDeveloper ToolPack v1
  ✔ matches the compact Pi-native schema in stable order (0.79075ms)
  ✔ classifies dry-run, browser reads/interactions and secret typing explicitly (0.081209ms)
  ✔ governs every remaining host capability through permission, abort and ledger (8.167417ms)
✔ PluginDeveloper ToolPack v1 (9.391875ms)
▶ pluginDevAgent workLog
  ✔ records full tool detail and builds an exportable timeline (15.612166ms)
  ✔ never exports a failed terminal state without an error event (0.20125ms)
✔ pluginDevAgent workLog (16.163833ms)
✔ migrates a legacy log once, preserves message/event order, and reads only its committed journal interval (18.623042ms)
✔ rolls back journal appends when product state commit fails and retries without duplicates (1.997125ms)
✔ rejects changed legacy prefixes, shrinking histories, missing rows and malformed references without rewriting data (0.807917ms)
✔ keeps logical state+journal writes linear for 1k, 10k and 100k log entries (5405.688333ms)
ℹ {"results":[{"entries":1000,"stateBytes":110786,"journalBytes":131780},{"entries":10000,"stateBytes":1127788,"journalBytes":1337780},{"entries":100000,"stateBytes":11477790,"journalBytes":13577780}],"scope":"In-memory SQLite logical JSON bytes; outer transaction amortizes test setup. Not WAL/device bytes, fsync latency, UI or cold recovery memory acceptance."}
▶ pluginDevCodeEdit
  ✔ replace_snippet swaps a unique fragment (1.085791ms)
  ✔ replace_snippet rejects non-unique oldText (0.146083ms)
  ✔ replace_snippet picks match nearest nearLine (0.417791ms)
  ✔ replace_function can replace a top-level helper (0.440958ms)
  ✔ replace_function rejects re-declaring helper inside parseActress block (0.346708ms)
  ✔ listTopLevelFunctions returns names with line ranges (0.751333ms)
  ✔ findDuplicateTopLevelBindings detects duplicate function names (0.045625ms)
✔ pluginDevCodeEdit (3.77725ms)
▶ pluginDevPageFormat
  ✔ formats definition lists and dom regions for prompts (0.487417ms)
  ✔ formats inspect locale anchors without treating them as a language API (0.26075ms)
  ✔ includes link region markers (0.091041ms)
  ✔ builds full page insight prompt (0.368917ms)
  ✔ keeps forms and prioritized links when raw DOM regions are very large (0.53725ms)
✔ pluginDevPageFormat (2.218ms)
▶ pluginDevService
  ✔ preserves an explicit empty supportedFields list for an undiscovered create draft (5.697584ms)
  ✔ rejects parse result keys used as supportedFields instead of silently dropping them (6.448916ms)
  ✔ wraps generated bare parseVideo functions before dry-run (72.56325ms)
  ✔ reports unrecognized raw result keys before normalization without suggestions (69.137ms)
  ✔ preserves every normalized video candidate during dry-run (65.032917ms)
  ✔ rejects a video result whose code does not match the requested target (73.106416ms)
  ✔ wraps generated bare parseActress functions before dry-run (77.586834ms)
  ✔ reports legal manifest field ids even when the compatibility projection accepts an empty declaration (75.974042ms)
  ✔ coerces actress numeric and date strings during dry-run (73.24225ms)
  ✔ returns actress identity facts without adding a semantic target rejection (77.614ms)
✔ pluginDevService (597.371292ms)
✔ coalesces a large burst and flushes the final value without leaking a timer (4.773375ms)
✔ limits continuous progress to ten updates per second plus the final flush (0.733833ms)
✔ replaces pending progress with an immediate state and can publish the next state (0.105ms)
✔ normalizeProxyUrl accepts common proxy schemes (0.428334ms)
✔ normalizeProxyUrl rejects empty and invalid values (0.228542ms)
▶ public HTTP fetch
  ✔ rejects private literals and hostnames resolving to private addresses (3.927042ms)
  ✔ connects to the validated address while preserving the logical host (25.21575ms)
  ✔ validates redirect destinations and caps streamed response bytes (0.885708ms)
  ✔ applies one timeout budget to URL validation and the request (32.244ms)
  ✔ closes a pending SOCKS connection when the request deadline expires (61.339583ms)
✔ public HTTP fetch (124.235917ms)
▶ resourceLessVideoCleanupService
  ✔ deletes only zero-resource videos and removes their relations and owned images (395.119167ms)
  ✔ protects zero-resource videos while any playlist still references them (168.25125ms)
  ✔ counts and cleans assets only after the final guarded delete succeeds (210.0875ms)
✔ resourceLessVideoCleanupService (774.165625ms)
▶ ScrapeJobController
  ✔ flushes and detaches UI progress on rejection before accepting another batch (6.982625ms)
  ✔ coalesces video UI progress while preserving checkpoints and done delivery (31.209708ms)
  ✔ coalesces video UI progress while preserving checkpoints and paused delivery (20.183417ms)
  ✔ coalesces video UI progress while preserving checkpoints and cancelled delivery (18.463709ms)
  ✔ coalesces actress UI progress while preserving checkpoints and done delivery (22.665791ms)
  ✔ coalesces actress UI progress while preserving checkpoints and paused delivery (19.132167ms)
  ✔ coalesces actress UI progress while preserving checkpoints and cancelled delivery (20.119167ms)
  ✔ preserves media-library scope through batch count and start orchestration (0.665375ms)
  ✔ rejects a single-video scrape outside the requesting active media library (0.606833ms)
  ✔ forwards an explicit director choice and returns structured classification outcomes (0.235ms)
  ✔ serializes single video and actress scrape runs (0.157584ms)
  ✔ pauses an interrupted persisted job during initialization (0.168833ms)
  ✔ recovers an on-disk running checkpoint as paused after restart (67.719792ms)
  ✔ publishes progress and supports pause, resume, and discard for persisted batches (1.081459ms)
  ✔ prevents starting a scrape batch while automatic crop owns the batch lock (0.287542ms)
✔ ScrapeJobController (211.3705ms)
▶ ScraperDelayController
  ✔ starts the next same-site interval after the previous access finishes (19.05725ms)
✔ ScraperDelayController (19.400458ms)
▶ ScraperPluginCatalog
  ✔ restores the configured default after deleting a selected plugin (1.077083ms)
✔ ScraperPluginCatalog (1.669209ms)
▶ ScraperServiceConfiguration
  ✔ keeps scraper service IPC policy behind one application boundary (1.1915ms)
✔ ScraperServiceConfiguration (1.588042ms)
▶ SequentialBatchQueue
  ✔ counts success, pending, and failure as disjoint processed outcomes (1.617833ms)
  ✔ pauses after the current target and resumes from checkpoint (0.229334ms)
✔ SequentialBatchQueue (2.438416ms)
▶ seriesMergeService
  ✔ merges an explicit source into the target and transfers videos and direct children (319.833125ms)
  ✔ adopts the source cover only when the target has no formal cover (339.430541ms)
  ✔ rejects a merged name collision in the final owner scope without changing relations (471.675125ms)
  ✔ rejects a merge that would move an ancestor branch below its descendant (450.05925ms)
  ✔ collapses a direct source-to-target hierarchy without making the target its own parent (420.169292ms)
  ✔ rolls back profile, video, and child changes when the database transaction fails (385.90825ms)
  ✔ commits the merge and reports an obsolete source cover cleanup failure (482.017083ms)
  ✔ rejects using the same series as target and source (326.021041ms)
✔ seriesMergeService (3195.85725ms)
✔ reuses canonical query pages, isolates caller mutations, and invalidates local and external writes (207.666375ms)
✔ bypasses cached pages inside transactions and never publishes data that is rolled back (261.848875ms)
✔ evicts least recently used pages and validates raw search before cache lookup (268.014166ms)
✔ evicts by serialized byte budget before eight large pages accumulate (479.811209ms)
✔ observes an external commit during a read and refreshes on the next call (460.828042ms)
✔ does not cache a failed read and allows the same query to retry (430.263458ms)
✔ separates connections even when their revision counters match (814.160292ms)
✔ binds a separate cache and repository to a readonly connection, without using the writer getter (267.996958ms)
▶ videoBatchScrapeQueue feedback
  ✔ identifies scoped and global target sets in batch status text (0.417458ms)
  ✔ preserves and revalidates the original library scope when resuming a checkpoint (5.022083ms)
  ✔ revalidates every frozen scoped target immediately before scraping (0.242666ms)
  ✔ formats success, skip, and partial-warning outcomes distinctly (0.179625ms)
  ✔ counts a persisted multi-candidate result as pending instead of success or failure (0.067459ms)
✔ videoBatchScrapeQueue feedback (6.482375ms)
▶ video lifecycle service
  ✔ cleans app-owned and pending assets while never receiving source media paths (1.342917ms)
  ✔ retries cleanup safely when the repository replays an idempotent result (0.167334ms)
  ✔ deletes managed source files before committing the global video record (0.146625ms)
✔ video lifecycle service (2.214959ms)
Staged video file remains queued for deletion: /var/folders/h4/zxrt6zwx6dv1n16kwxzltqgh0000gn/T/javdex-video-maintenance-policy-G6Xfqw/media-root/IPX-535.mp4.javdex-delete-c1b074f1-cb85-4cb1-88e2-2f748d346b6b Error: file is busy
    at unlinkSync (/Users/nut/Project/JavdexLabs/Javdex/src/main/services/videoMaintenanceService.test.ts:1053:15)
    at finalizeStagedLocalFiles (/Users/nut/Project/JavdexLabs/Javdex/src/main/services/videoMaintenanceService.ts:389:9)
    at withStagedLocalFileDeletion (/Users/nut/Project/JavdexLabs/Javdex/src/main/services/videoMaintenanceService.ts:414:7)
    at <anonymous> (/Users/nut/Project/JavdexLabs/Javdex/src/main/services/videoMaintenanceService.ts:486:7)
    at <anonymous> (/Users/nut/Project/JavdexLabs/Javdex/src/main/services/mediaAssetStore.ts:506:24)
    at AsyncLocalStorage.run (node:internal/async_local_storage/async_context_frame:63:14)
    at MediaAssetStore.runCoordinatedChange (/Users/nut/Project/JavdexLabs/Javdex/src/main/services/mediaAssetStore.ts:504:31)
    at MediaAssetStore.coordinateDatabaseChange (/Users/nut/Project/JavdexLabs/Javdex/src/main/services/mediaAssetStore.ts:465:17)
    at MediaAssetStore.runInCoordinatedChange (/Users/nut/Project/JavdexLabs/Javdex/src/main/services/mediaAssetStore.ts:475:17)
    at removeResource (/Users/nut/Project/JavdexLabs/Javdex/src/main/services/videoMaintenanceService.ts:468:5)
Staged video file remains queued for deletion: /var/folders/h4/zxrt6zwx6dv1n16kwxzltqgh0000gn/T/javdex-video-maintenance-policy-RyvqXC/media-root/IPX-535.mp4.javdex-delete-842d5208-f6ba-4b36-ab03-f4b6982e8f68 Error: 只能操作身份有效的启用媒体库根目录内文件
    at rejectManagedRootFile (/Users/nut/Project/JavdexLabs/Javdex/src/main/services/mediaLibraryRootFileGuard.ts:32:9)
    at requireCurrentRootIdentity (/Users/nut/Project/JavdexLabs/Javdex/src/main/services/mediaLibraryRootFileGuard.ts:86:5)
    at assertRootFile (/Users/nut/Project/JavdexLabs/Javdex/src/main/services/mediaLibraryRootFileGuard.ts:98:27)
    at assertMediaLibraryRootDeletionTarget (/Users/nut/Project/JavdexLabs/Javdex/src/main/services/mediaLibraryRootFileGuard.ts:182:3)
    at assertDeletionAllowed (/Users/nut/Project/JavdexLabs/Javdex/src/main/services/videoMaintenanceService.ts:484:9)
    at finalizeStagedLocalFiles (/Users/nut/Project/JavdexLabs/Javdex/src/main/services/videoMaintenanceService.ts:388:9)
    at withStagedLocalFileDeletion (/Users/nut/Project/JavdexLabs/Javdex/src/main/services/videoMaintenanceService.ts:414:7)
    at <anonymous> (/Users/nut/Project/JavdexLabs/Javdex/src/main/services/videoMaintenanceService.ts:486:7)
    at <anonymous> (/Users/nut/Project/JavdexLabs/Javdex/src/main/services/mediaAssetStore.ts:506:24)
    at AsyncLocalStorage.run (node:internal/async_local_storage/async_context_frame:63:14)
Failed to recover pending local file deletion: /var/folders/h4/zxrt6zwx6dv1n16kwxzltqgh0000gn/T/javdex-video-maintenance-policy-3UPqkM/offline-volume/movie.mp4.javdex-delete-interrupted Error: 暂存文件所在存储当前不可用
    at recoverPendingLocalFileDeletions (/Users/nut/Project/JavdexLabs/Javdex/src/main/services/pendingLocalFileDeletionService.ts:48:46)
    at TestContext.<anonymous> (/Users/nut/Project/JavdexLabs/Javdex/src/main/services/videoMaintenanceService.test.ts:1243:22)
    at Test.runInAsyncScope (node:async_hooks:227:14)
    at Test.run (node:internal/test_runner/test:1325:25)
    at Suite.processPendingSubtests (node:internal/test_runner/test:911:18)
    at Test.postRun (node:internal/test_runner/test:1465:19)
    at Test.run (node:internal/test_runner/test:1390:12)
    at async Suite.processPendingSubtests (node:internal/test_runner/test:911:7)
Failed to recover pending local file deletion: /var/folders/h4/zxrt6zwx6dv1n16kwxzltqgh0000gn/T/javdex-video-maintenance-policy-wVq5uY/media-root/IPX-535.mp4.javdex-delete-before-rename Error: 原文件所在存储当前不可用
    at recoverPendingLocalFileDeletions (/Users/nut/Project/JavdexLabs/Javdex/src/main/services/pendingLocalFileDeletionService.ts:40:19)
    at TestContext.<anonymous> (/Users/nut/Project/JavdexLabs/Javdex/src/main/services/videoMaintenanceService.test.ts:1289:22)
    at Test.runInAsyncScope (node:async_hooks:227:14)
    at Test.run (node:internal/test_runner/test:1325:25)
    at Suite.processPendingSubtests (node:internal/test_runner/test:911:18)
    at Test.postRun (node:internal/test_runner/test:1465:19)
    at Test.run (node:internal/test_runner/test:1390:12)
    at async Suite.processPendingSubtests (node:internal/test_runner/test:911:7)
Failed to recover pending local file deletion: /var/folders/h4/zxrt6zwx6dv1n16kwxzltqgh0000gn/T/javdex-video-maintenance-policy-1wmR4v/media-root/missing.mp4.javdex-delete-missing Error: 暂存文件和原文件均不存在
    at recoverPendingLocalFileDeletions (/Users/nut/Project/JavdexLabs/Javdex/src/main/services/pendingLocalFileDeletionService.ts:40:19)
    at TestContext.<anonymous> (/Users/nut/Project/JavdexLabs/Javdex/src/main/services/videoMaintenanceService.test.ts:1321:22)
    at Test.runInAsyncScope (node:async_hooks:227:14)
    at Test.run (node:internal/test_runner/test:1325:25)
    at Suite.processPendingSubtests (node:internal/test_runner/test:911:18)
    at Test.postRun (node:internal/test_runner/test:1465:19)
    at Test.run (node:internal/test_runner/test:1390:12)
    at async Suite.processPendingSubtests (node:internal/test_runner/test:911:7)
▶ VideoMaintenanceService
  ✔ creates and reuses organization identities while editing video metadata (399.05075ms)
  ✔ rolls back video fields when organization assignment fails (463.598584ms)
  ✔ creates or appends HTTP resources without scraping and keeps one primary resource (501.690375ms)
  ✔ normalizes a manually entered code before attaching a resource (413.13225ms)
  ✔ attaches a normalized link to an existing legacy lowercase code (381.336709ms)
  ✔ reports the owning video when a normalized HTTP resource already exists (444.610334ms)
  ✔ imports Magnet and ED2K resources and deduplicates their protocol identities (386.439917ms)
  ✔ keeps STRM targets read-only while editing metadata and safely deletes the source file (318.360917ms)
  ✔ restores a staged STRM source and rolls back removal when primary promotion fails (332.487ms)
  ✔ refuses to remove an active-root STRM source after the root path is replaced (353.474208ms)
  ✔ edits metadata, status, rating, poster, and manual tags (287.189292ms)
  ✔ attaches the exact selected long-name tag, promotes scraped origin, and rejects deleted selections (307.908333ms)
  ✔ rolls back tag creation or origin promotion when updating the video fails (261.619292ms)
  ✔ imports and deletes a local sample in the temporary media directory (345.823583ms)
  ✔ switches the primary resource and deletes only the selected local resource (359.24675ms)
  ✔ restores a staged local file and rolls back resource removal when promotion fails (287.020333ms)
  ✔ sets any resource as primary and promotes deterministic fallbacks after removal (317.736ms)
  ✔ does not promote an inaccessible local resource over an available web link (359.087917ms)
  ✔ requires an explicit decision when manually removing the last resource (318.175875ms)
  ✔ never turns last-resource removal into a global deletion (256.75075ms)
  ✔ rejects every resource mutation for missing or archived media libraries (238.768458ms)
  ✔ updates only the display label of a local resource (293.491833ms)
  ✔ removes a symbolic-link resource without deleting its target file (174.313291ms)
  ✔ refuses to remove a disabled-root resource after the root path is replaced (265.9465ms)
  ✔ rejects local source deletion for every non-active root state before staging (220.962709ms)
  ✔ rejects physical source deletion when the resource has no root ownership (153.867584ms)
  ✔ skips unmanaged source files when deleting a video globally (214.003958ms)
  ✔ corrects an imported code (226.640667ms)
  ✔ persists a committed cleanup task when resource-file deletion must be retried (283.932875ms)
  ✔ revalidates the root identity before unlinking an already staged source (251.251416ms)
  ✔ does not delete resource records when the file storage cannot be audited (235.965042ms)
  ✔ adopts an interrupted prepared task when resource removal is retried (239.886625ms)
  ✔ does not adopt a prepared resource-removal task when the original path was replaced (229.820584ms)
  ✔ restores an interrupted pre-commit file staging task (300.085625ms)
  ✔ keeps a cleanup task queued while its original storage is unavailable (245.837291ms)
  ✔ finishes cleanup after a storage remount changes its device id (236.039166ms)
  ✔ retains a pre-rename prepared task when another device occupies the original path (297.007583ms)
  ✔ retains prepared state and database records when both file paths are missing (250.828667ms)
  ✔ keeps the prepared task when storage disappears during resource-removal rollback (310.98525ms)
  ✔ clears scraped metadata and relations but keeps manual tags (280.081917ms)
  ✔ corrects to an already used code without implicitly merging videos (332.03725ms)
  ✔ explicitly merges same-code videos while preserving the chosen id and primary resource (307.519583ms)
  ✔ unions manual tags but keeps the retained scraped-tag field as a whole (317.460584ms)
  ✔ unions cast, playlists, sources, and ratings while preserving retained conflicts and scrape history (363.691875ms)
  ✔ merges cover, poster, and sample fields as whole sets and reclaims only unused media (372.411917ms)
  ✔ rejects a merge whose combined identity belongs to a third video (383.397541ms)
  ✔ rolls back an ordinary merge when deleting the source record fails (355.309916ms)
  ✔ rejects merging videos with different normalized codes (319.840083ms)
  ✔ uses the normal availability-aware promotion rule when neither merged video has a primary (338.812875ms)
  ✔ splits a non-primary resource into a metadata-empty pending-identity video (295.366583ms)
  ✔ blocks primary splitting and rolls back a failed non-primary split (269.800291ms)
  ✔ locks metadata while a video scrape result is pending but still allows resource splitting (298.31925ms)
  ✔ requires confirmation before correcting a pending video and clears staging atomically (293.670125ms)
  ✔ rolls back the whole edit when it would create a complete business identity conflict (300.484541ms)
  ✔ stores related links on a video and returns them on detail (294.189708ms)
  ✔ rejects invalid related links and keeps the previous list (301.212209ms)
  ✔ keeps related links when clearing scraped metadata (311.086958ms)
  ✔ allows related-link edits while a video scrape result is pending (281.709ms)
  ✔ unions related links on merge with the retained video first (317.642167ms)
  ✔ leaves related links on the original video when splitting a resource (293.09325ms)
✔ VideoMaintenanceService (18395.130292ms)
▶ VideoQueryService
  ✔ lists videos and reads their detail without mutating library state (382.683875ms)
  ✔ redacts external resource locators in detail projections until explicitly requested (480.272917ms)
  ✔ projects a STRM source path while keeping its complete target main-process only (450.115958ms)
✔ VideoQueryService (1313.586458ms)
▶ VideoResourceLinkService
  ✔ tests a direct link and returns Content-Length when available (1.024167ms)
  ✔ returns a non-throwing failure without echoing a sensitive query (0.166375ms)
  ✔ routes checks through the hardened public HEAD transport (0.250584ms)
✔ VideoResourceLinkService (2.003334ms)
▶ videoScrapeApplyService.resolveEffectiveScrapeFields
  ✔ fillEmpty keeps only empty scalar fields (610.636958ms)
  ✔ fillEmpty evaluates female and male cast independently (607.623208ms)
  ✔ replaceIfPresent keeps all selected fields regardless of current values (568.965833ms)
  ✔ fillEmpty includes cast fields when video has no performers (552.296208ms)
✔ videoScrapeApplyService.resolveEffectiveScrapeFields (2340.255625ms)
▶ videoScrapeApplyService.planVideoScrapeResult update matrix
  ✔ title follows fillEmpty semantics for every current and scraped value state (464.146375ms)
  ✔ title follows replaceIfPresent semantics for every current and scraped value state (450.936167ms)
  ✔ title follows replace semantics for every current and scraped value state (387.239375ms)
  ✔ summary follows fillEmpty semantics for every current and scraped value state (393.592375ms)
  ✔ summary follows replaceIfPresent semantics for every current and scraped value state (381.093833ms)
  ✔ summary follows replace semantics for every current and scraped value state (421.853916ms)
  ✔ cover follows fillEmpty semantics for every current and scraped value state (362.929833ms)
  ✔ cover follows replaceIfPresent semantics for every current and scraped value state (374.975333ms)
  ✔ cover follows replace semantics for every current and scraped value state (455.62525ms)
  ✔ releaseDate follows fillEmpty semantics for every current and scraped value state (395.619791ms)
  ✔ releaseDate follows replaceIfPresent semantics for every current and scraped value state (322.804541ms)
  ✔ releaseDate follows replace semantics for every current and scraped value state (363.96275ms)
  ✔ maker follows fillEmpty semantics for every current and scraped value state (126.835ms)
  ✔ maker follows replaceIfPresent semantics for every current and scraped value state (364.091792ms)
  ✔ maker follows replace semantics for every current and scraped value state (240.038708ms)
  ✔ publisher follows fillEmpty semantics for every current and scraped value state (326.05175ms)
  ✔ publisher follows replaceIfPresent semantics for every current and scraped value state (335.798125ms)
  ✔ publisher follows replace semantics for every current and scraped value state (324.090708ms)
  ✔ series follows fillEmpty semantics for every current and scraped value state (329.800125ms)
  ✔ series follows replaceIfPresent semantics for every current and scraped value state (305.961125ms)
  ✔ series follows replace semantics for every current and scraped value state (296.879375ms)
  ✔ director follows fillEmpty semantics for every current and scraped value state (336.991542ms)
  ✔ director follows replaceIfPresent semantics for every current and scraped value state (359.127083ms)
  ✔ director follows replace semantics for every current and scraped value state (398.731125ms)
  ✔ duration follows fillEmpty semantics for every current and scraped value state (380.268375ms)
  ✔ duration follows replaceIfPresent semantics for every current and scraped value state (334.741667ms)
  ✔ duration follows replace semantics for every current and scraped value state (347.987541ms)
  ✔ actressesFemale follows fillEmpty semantics for every current and scraped value state (342.960875ms)
  ✔ actressesFemale follows replaceIfPresent semantics for every current and scraped value state (378.924041ms)
  ✔ actressesFemale follows replace semantics for every current and scraped value state (370.138708ms)
  ✔ actressesMale follows fillEmpty semantics for every current and scraped value state (381.757125ms)
  ✔ actressesMale follows replaceIfPresent semantics for every current and scraped value state (420.455834ms)
  ✔ actressesMale follows replace semantics for every current and scraped value state (404.774917ms)
  ✔ tags follows fillEmpty semantics for every current and scraped value state (406.55825ms)
  ✔ tags follows replaceIfPresent semantics for every current and scraped value state (352.599625ms)
  ✔ tags follows replace semantics for every current and scraped value state (336.964833ms)
  ✔ source follows fillEmpty semantics for every current and scraped value state (387.896333ms)
  ✔ source follows replaceIfPresent semantics for every current and scraped value state (375.972417ms)
  ✔ source follows replace semantics for every current and scraped value state (396.476958ms)
  ✔ rating follows fillEmpty semantics for every current and scraped value state (375.210042ms)
  ✔ rating follows replaceIfPresent semantics for every current and scraped value state (353.774208ms)
  ✔ rating follows replace semantics for every current and scraped value state (376.649167ms)
  ✔ samples follows fillEmpty semantics for every current and scraped value state (387.363833ms)
  ✔ samples follows replaceIfPresent semantics for every current and scraped value state (365.334417ms)
  ✔ samples follows replace semantics for every current and scraped value state (342.165416ms)
✔ videoScrapeApplyService.planVideoScrapeResult update matrix (16340.892708ms)
▶ videoScrapeApplyService.applyScrapeResult
  ✔ builds a read-only plan before applying field changes (326.87025ms)
  ✔ applies scalar fields consistently across the three update modes (208.427167ms)
  ✔ does not record a successful scrape when no selected field can be written (88.816209ms)
  ✔ clears only the selected source site metadata in replace mode (88.409083ms)
  ✔ preserves existing cover and warns when a returned image is unavailable (47.60575ms)
  ✔ keeps the complete old sample set when any returned sample is unavailable (54.190292ms)
  ✔ replaces selected relation sets while preserving manual tags and the other cast gender (66.914625ms)
  ✔ keeps a committed scrape successful when post-commit library cleanup fails (72.417042ms)
  ✔ does not roll back scraped tags when orphan-tag cleanup fails after commit (80.785375ms)
  ✔ reuses the unique name owner for canonically equivalent scraped cast names (97.44075ms)
  ✔ does not create or link an actress for a migrated pending cast name (110.716333ms)
  ✔ replaceIfPresent updates existing scalars when scrape has values and keeps null scrape values (113.1435ms)
  ✔ stores external stats under ratingSourceName when provided (114.806791ms)
  ✔ leaves downloaded cast avatars untouched for application-layer adoption (126.65325ms)
✔ videoScrapeApplyService.applyScrapeResult (1598.025959ms)
▶ videoScrapeApplyService classification entity resolution
  ✔ preserves entity update semantics across fillEmpty, replaceIfPresent, and replace (141.150916ms)
  ✔ matches main names, aliases, and normalized equivalents without overwriting profiles (127.565208ms)
  ✔ creates only basic entities, reuses one organization across roles, and leaves series unowned (134.281125ms)
  ✔ rolls back scalar writes and newly created entities when a classification assignment fails (129.704916ms)
  ✔ keeps the current director when its alias is one of multiple candidates without updating the video (111.893959ms)
  ✔ pauses a single scrape for director choice and applies the selected candidate on retry (122.205292ms)
  ✔ preserves an ambiguous director in batch mode while applying safe fields with an actionable warning (127.412375ms)
  ✔ reports an invalid classification name structurally while applying safe fields (108.157125ms)
  ✔ treats same-name series in different owner scopes as ambiguous and never infers an owner (151.29525ms)
✔ videoScrapeApplyService classification entity resolution (1154.374ms)
▶ videoScrapeApplyService.resolveVideoBatchTargets
  ✔ keeps active media-library batch targets inside their membership scope (122.748041ms)
  ✔ returns no targets for an archived media-library scope while preserving global compatibility (67.662875ms)
  ✔ excludes videos that already have a pending scrape decision (65.473958ms)
  ✔ filters by videos missing any selected metadata field (53.524833ms)
  ✔ combines status and missing-field filters (53.726084ms)
  ✔ treats a stored cover path as present even when the file is unreadable (61.923792ms)
✔ videoScrapeApplyService.resolveVideoBatchTargets (425.312417ms)
▶ videoScrapeApplyService tags emptiness
  ✔ fillEmpty ignores manual tags when deciding whether tags are empty (75.935125ms)
✔ videoScrapeApplyService tags emptiness (76.007292ms)
▶ llmSecretStore
  ✔ persists encrypted values and reports a degraded Linux-style backend (11.162917ms)
  ✔ removes a provider secret without affecting the remaining entries (21.637291ms)
  ✔ does not treat an unreadable secret path as an empty store (16.804791ms)
✔ llmSecretStore (50.1075ms)
▶ scraperServiceSecretStore
  ✔ persists an encrypted MetaTube token without exposing plaintext (16.063583ms)
  ✔ clears the token and rejects unavailable encryption (18.8435ms)
✔ scraperServiceSecretStore (35.289417ms)
▶ settingsStore avatar composition defaults
  ✔ uses the relaxed face-centered composition for settings without legacy values (14.456917ms)
  ✔ keeps legacy presets and explicit user values during migration (20.733625ms)
✔ settingsStore avatar composition defaults (35.600833ms)
▶ settingsStore video card preferences
  ✔ keeps resource type badges disabled for new and existing users by default (8.505958ms)
  ✔ preserves an explicit resource type badge preference (9.886583ms)
  ✔ defaults video cards to portrait and preserves an explicit landscape preference (16.200875ms)
✔ settingsStore video card preferences (34.845958ms)
▶ settingsStore NFO export preferences
  ✔ uses safe defaults and normalizes remembered selections without persisting overwrite (20.568084ms)
✔ settingsStore NFO export preferences (20.630208ms)
▶ settingsStore plugin developer model-turn budget
  ✔ retires the old implicit step limit instead of carrying 24 into the new setting (13.927667ms)
  ✔ defaults to unlimited and preserves an explicit zero limit (19.195541ms)
  ✔ persists a positive limit through the settings interface (20.104667ms)
  ✔ stops rewriting legacy model fields after schema v2 exists (22.722625ms)
  ✔ does not resurrect legacy model fields when the v2 document is unreadable (28.131584ms)
✔ settingsStore plugin developer model-turn budget (104.259916ms)
▶ settingsStore deferred library path cleanup
  ✔ normalizes unique non-empty roots and preserves them across cache resets (15.979458ms)
✔ settingsStore deferred library path cleanup (16.026583ms)
▶ settingsStore persistence
  ✔ does not update the cache when the settings file cannot be replaced (31.885833ms)
✔ settingsStore persistence (31.928792ms)
▶ settingsStore recovery
  ✔ backs up malformed JSON, writes defaults, and exposes one recovery notice (30.79725ms)
  ✔ does not replace a settings path that fails with an I/O error (7.13025ms)
✔ settingsStore recovery (38.001333ms)
▶ settingsStore LLM secret migration
  ✔ moves legacy API keys out of settings.json without exposing them publicly (34.952625ms)
  ✔ keeps the original plaintext file and blocks later writes when migration fails (21.612541ms)
✔ settingsStore LLM secret migration (56.678708ms)
▶ settingsStore scan cleanup defaults
  ✔ keeps automatic deletion disabled and has no summary for new and existing users (15.234375ms)
  ✔ preserves an explicit automatic deletion preference (10.171542ms)
  ✔ normalizes and sanitizes the persisted latest scan summary (19.367292ms)
  ✔ normalizes the retired unrecognized-file snapshot for migration (16.007333ms)
✔ settingsStore scan cleanup defaults (61.042167ms)
▶ settingsStore automatic scan defaults
  ✔ keeps automatic scans disabled and defaults to one hour (10.274041ms)
  ✔ accepts only supported automatic scan intervals (46.539209ms)
✔ settingsStore automatic scan defaults (56.919917ms)
▶ settingsStore retired actress scrapers
  ✔ rewrites the retired idol archive default to Xslist (14.146834ms)
  ✔ rewrites composite actress field mappings that pointed at the idol archive (17.889375ms)
✔ settingsStore retired actress scrapers (32.130708ms)
▶ settingsStore retired video scrapers
  ✔ rewrites the retired JAV8 default to JavDB (19.892459ms)
  ✔ rewrites JAV8 composite mappings and removes its delay (19.879292ms)
✔ settingsStore retired video scrapers (39.893ms)
▶ settingsStore privacy mode
  ✔ defaults to disabled with every image scope selected (13.139542ms)
  ✔ keeps valid unique scopes and discards unknown values (14.4145ms)
  ✔ keeps samples and actress galleries independently selectable (20.447792ms)
  ✔ allows all privacy scopes to be cleared explicitly (17.235208ms)
✔ settingsStore privacy mode (65.534959ms)
▶ close-to-tray setting
  ✔ defaults off and persists an explicit choice across reloads (38.510042ms)
  ✔ does not enable tray hiding from malformed legacy values (16.942334ms)
✔ close-to-tray setting (55.574292ms)
▶ Web read-only catalog scope
  ✔ rechecks image authorization after async work when hidden changes (475.705333ms)
  ✔ rechecks image authorization after async work when archived changes (355.984042ms)
  ✔ rechecks image authorization after async work when cover changes (303.649541ms)
  ✔ rechecks image authorization after async work when cast changes (320.756125ms)
  ✔ rechecks image authorization after async work when sample changes (281.992584ms)
  ✔ reads only the authorized image path before and after serving, without full details (320.969792ms)
  ✔ forwards thumbnail size through the real catalog while preserving original requests (267.048083ms)
  ✔ forwards the caller signal to the async Store and drops a cancelled result (253.021583ms)
  ✔ filters archived/hidden memberships for lists, details, images, and media (303.947125ms)
  ✔ describes local resources without exposing their directory (233.807833ms)
  ✔ uses the cover rather than the background for browse, detail and image requests (259.789334ms)
  ✔ queries with parameters, paginates stably and filters clear membership scopes (714.004459ms)
  ✔ uses stable desktop discovery and respects library home participation (681.68125ms)
  ✔ exposes cast display metadata and only serves avatars linked to visible videos (279.612334ms)
  ✔ downloads non-playable files and exposes only supported external links (263.464083ms)
  ✔ resolves only authorized files and refuses symlink escapes and disabled roots (279.162916ms)
✔ Web read-only catalog scope (5595.638875ms)
▶ Desktop-approved browser pairing
  ✔ requires an open window, a desktop decision and a separate secret, consumes only once (1.359583ms)
  ✔ expires requests, bounds polling, rejection, restart and approvals (0.285667ms)
  ✔ bounds the total pending requests (0.54675ms)
✔ Desktop-approved browser pairing (2.58775ms)
▶ Remembered browser lifecycle
  ✔ persists only remembered hashes, retains authorization over restart and revokes individual devices (221.972375ms)
✔ Remembered browser lifecycle (222.079708ms)
▶ Pairing HTTP boundary
  ✔ binds exchange to a private cookie, keeps approval desktop-only and remembers across server restarts (313.699541ms)
✔ Pairing HTTP boundary (313.954ms)
▶ Device record recovery
  ✔ keeps valid sessions usable during activity write failures and retries persistence (272.697875ms)
  ✔ keeps disk and memory consistent after failed revoke, clear, rename and create (67.833167ms)
  ✔ resets a damaged snapshot without parsing it or retaining old authorization (26.383417ms)
  ✔ restores remaining pairing time from server and retains approval on issuance failure (0.375834ms)
✔ Device record recovery (367.529834ms)
▶ Per-device streaming revocation
  ✔ interrupts the revoked stream while another browser finishes its stream (74.587917ms)
✔ Per-device streaming revocation (74.821041ms)
✔ keeps the running service on staging failure and restores it after publish failure (134.956792ms)
✔ preserves remembered devices on runtime server errors, including failed state persistence (5.806833ms)
▶ Web authentication and streaming
  ✔ keeps image responses private and reports read queue overload as 503 (5.375791ms)
  ✔ forwards finite thumbnail sizes and rejects invalid sizes before image work (4.050875ms)
  ✔ reports oversized images as 413 without caching or a HEAD body (8.93725ms)
  ✔ rechecks an expired session after image work while the connection remains open (48.807333ms)
  ✔ cancels pending image work on logout and never sends its completed bytes (51.5235ms)
  ✔ cancels pending image work on disconnect and never sends its completed bytes (52.326167ms)
  ✔ stores salted password hashes and enforces minimum length (139.803125ms)
  ✔ requires a session for catalog, artwork, and video, with no credential data in failures (14.664084ms)
  ✔ serves brand and favicon PNGs without login with the correct MIME and bytes (14.217625ms)
  ✔ rejects bad credentials; issues HttpOnly SameSite cookies on login (96.551667ms)
  ✔ blocks cross-origin, missing-origin POSTs, DNS rebinding, and desktop mutation routes (14.894959ms)
  ✔ streams byte ranges, suffixes and HEAD; rejects invalid or multiple ranges (14.102ms)
  ✔ downloads authenticated resources as attachments (5.510666ms)
  ✔ logout invalidates the cookie; desktop revocation invalidates all browsers (56.0365ms)
✔ Web authentication and streaming (676.020083ms)
▶ Session lifetimes and request limits
  ✔ expires idle and absolute sessions and limits attempts (0.165ms)
  ✔ accepts only local peer ranges and handles byte-range edge cases (0.140875ms)
✔ Session lifetimes and request limits (0.357375ms)
▶ actress face scan cache
  ✔ reuses a result only while the avatar fingerprint is unchanged (0.346833ms)
  ✔ filters only cached no-face avatars and ignores missing or unscanned entries (0.57675ms)
  ✔ combines a minimal full-library manifest with current session results (0.08625ms)
✔ actress face scan cache (1.401833ms)
▶ actress face scan cache identity
  ✔ only changes when a current row has no reusable result (0.504958ms)
✔ actress face scan cache identity (1.037833ms)
▶ actress face detection outcome mapping
  ✔ maps the detector zero-face message to the no-face domain state (0.354708ms)
✔ actress face detection outcome mapping (0.735167ms)
▶ actress face scan queue
  ✔ reports total detection failure without confusing partial or empty results with failure (0.511583ms)
  ✔ reuses cached face statuses and does not invoke detection for them (0.926959ms)
  ✔ finishes the current target before honoring cancellation (0.098792ms)
  ✔ does not cache detector failures so a later run can retry them (0.076208ms)
✔ actress face scan queue (2.032375ms)
▶ actress face scan session
  ✔ notifies remounted consumers when an earlier scan finishes (0.706458ms)
✔ actress face scan session (1.198459ms)
▶ avatar auto-crop geometry
  ✔ rejects invalid boxes and clamps valid detector bounds (1.132209ms)
  ✔ merges overlapping tiled detections and preserves the strongest result (0.113583ms)
  ✔ requires an explicit choice when two faces have similar prominence (0.173958ms)
  ✔ accepts mid-confidence faces only when the presence floor is used (0.050084ms)
  ✔ maps ROI landmarks back to full-image normalized coordinates (0.062583ms)
  ✔ uses the hair component attached to the face for visible head bounds (1.6165ms)
✔ avatar auto-crop geometry (3.686083ms)
✔ requests CORS before loading a media avatar so its bitmap can cross the Worker boundary (1.000292ms)
▶ avatar composition preview cache
  ✔ persists and restores the complete normalized face analysis (0.861083ms)
✔ avatar composition preview cache (1.243959ms)
▶ ActressAvatarEditor
  ✔ keeps rendering when the current avatar enters crop editing (69.263333ms)
  ✔ keeps rendering when a legacy avatar without its original enters crop editing (18.452958ms)
✔ ActressAvatarEditor (88.522458ms)
▶ ActressDeleteModal confirmation model
  ✔ uses ordinary deletion only when the current impact has no video links (0.42425ms)
  ✔ requires the dedicated acknowledgement action and explains resource preservation (0.081166ms)
  ✔ does not let the dedicated high-risk action bypass the safe path (0.050292ms)
✔ ActressDeleteModal confirmation model (0.992458ms)
▶ ActressProfileMeta scrape record
  ✔ hides scrape record for successful actresses and keeps attention states (0.908459ms)
  ✔ offers the manual success mark only for unscraped and failed records (0.075125ms)
✔ ActressProfileMeta scrape record (1.373875ms)
▶ Button
  ✔ loads its CSS Module and preserves native button semantics (2.898041ms)
✔ Button (3.213291ms)
▶ ClassificationDeleteModal
  ✔ shows associated video and child impacts before confirming deletion (9.165542ms)
  ✔ allows a zero-impact deletion and keeps a failed confirmation open with refreshed impact (6.410666ms)
  ✔ does not report or re-preview a completed deletion when page cleanup fails (1.99075ms)
✔ ClassificationDeleteModal (18.302792ms)
▶ classification picker
  ✔ keeps candidates hidden until the field is used (3.842375ms)
  ✔ shows candidates once the user types (1.628708ms)
  ✔ walks candidates with the arrow keys and commits with Enter (1.798292ms)
  ✔ shows candidates once the field is focused (0.752167ms)
  ✔ shows candidates on focus even when the field is empty (0.578375ms)
  ✔ does not commit a candidate with Enter until one is active (0.251917ms)
  ✔ closes candidates on Escape without letting the dialog see the key (0.225ms)
  ✔ closes candidates when focus leaves the field (0.234917ms)
  ✔ keeps candidates open when the pointer is in the list (0.701708ms)
  ✔ closes candidates after picking one with the pointer (0.560292ms)
  ✔ hides the create hint when the typed name already exists (0.276125ms)
✔ classification picker (11.430625ms)
▶ video detail library context layout
  ✔ shares the compact detail header row with the back action (3.2925ms)
  ✔ keeps membership badges on one bounded line (1.486708ms)
✔ video detail library context layout (5.568458ms)
▶ DirectorScrapeChoiceModal
  ✔ requires an explicit candidate and submits its stable director id (5.915834ms)
✔ DirectorScrapeChoiceModal (6.27425ms)
▶ DisplayModeProvider
  ✔ loads and exposes the application-wide cover mode (29.351125ms)
✔ DisplayModeProvider (30.06275ms)
▶ form hint styles
  ✔ keeps entity-edit and settings field hints muted and caption-sized (3.978ms)
  ✔ routes entity-edit helper copy through EditFormField instead of a bare hint class (0.74525ms)
✔ form hint styles (5.327208ms)
▶ image preview history marker
  ✔ preserves router state when adding a unique preview marker (0.894792ms)
  ✔ reads only valid image preview markers (0.0825ms)
✔ image preview history marker (1.339209ms)
✔ uses a 320 thumbnail for actress cards (163.442083ms)
✔ uses thumbnails for local video gallery tiles and original preview sources (118.294292ms)
✔ uses thumbnails for local actress gallery tiles and original preview sources (3.872041ms)
▶ LegacyLibraryRedirect
  ✔ preserves the settings return context while replacing a legacy video URL (82.842833ms)
✔ LegacyLibraryRedirect (83.503333ms)
▶ MediaLibraryCreateModal
  ✔ validates in place and exposes a keyboard-submit four-step flow (204.722625ms)
  ✔ deduplicates selected roots, submits independent config, and returns root errors to their step (6.997375ms)
✔ MediaLibraryCreateModal (212.283417ms)
▶ MediaLibraryCreateModal control style
  ✔ keeps all workflow steps at one viewport-safe dialog height (3.836667ms)
  ✔ reserves a visible gutter for the left edge of the focus ring (0.717041ms)
✔ MediaLibraryCreateModal control style (5.035167ms)
▶ MediaLibraryNav name style
  ✔ keeps visible library names on one ellipsized line (3.424708ms)
  ✔ presents media libraries as one compact navigation surface (2.214292ms)
  ✔ keeps global navigation unlabeled in the visible sidebar (0.419709ms)
✔ MediaLibraryNav name style (6.698709ms)
▶ OrganizationDeleteModal
  ✔ previews and removes only the selected role (16.208459ms)
  ✔ blocks removing the final role and directs the user to full deletion (1.261583ms)
  ✔ shows both role counts and hierarchy impacts for a full deletion (1.32975ms)
✔ OrganizationDeleteModal (19.312958ms)
▶ OrganizationMergeModal interaction
  ✔ selects a cross-role source and submits the explicit source-to-target direction (167.545334ms)
  ✔ keeps the modal open and shows an actionable error when the merge is rejected (17.071417ms)
✔ OrganizationMergeModal interaction (185.443792ms)
▶ recent text input style contract
  ✔ uses the shared text-input treatment for every recent text-like input (2.167708ms)
✔ recent text input style contract (2.536458ms)
▶ Switch
  ✔ loads its CSS Module and preserves native checkbox semantics (3.403292ms)
✔ Switch (3.748917ms)
✔ loads on open only, pages without full catalog reads and preserves cross-page selection (67.0795ms)
✔ debounces and resets search, rejecting stale page/search responses (271.682833ms)
✔ shows failure with explicit retry and enforces 100 selections while allowing removal (1.975958ms)
✔ unmounts candidates with the actual parent popover and ignores late responses on reopen (2.726ms)
▶ VideoDeleteImpact
  ✔ shows every affected domain without a duplicate source-file section (2.669625ms)
  ✔ names the current library when previewing a membership removal (0.347333ms)
✔ VideoDeleteImpact (3.418625ms)
▶ video primary metadata classification navigation
  ✔ dispatches entity-backed organizations by stable id (0.945084ms)
  ✔ does not expose a name-only organization route (0.056375ms)
  ✔ uses only the stable director id (0.058416ms)
  ✔ uses only the stable series id (0.055208ms)
✔ video primary metadata classification navigation (1.504375ms)
▶ video detail resource actions
  ✔ shows copy and external-open actions instead of play for link resources (4.715ms)
  ✔ keeps the play action for local resources (0.887584ms)
  ✔ shows actual link kind, STRM hosting, masked target, and source path together (2.1505ms)
  ✔ exposes the cross-library move command for both links and root-managed resources (1.9835ms)
✔ video detail resource actions (10.530708ms)
▶ VideoLibraryMembershipBadges
  ✔ puts the active resource scope first and names the other memberships accessibly (5.748875ms)
  ✔ bounds the visible badges and exposes hidden library names in the overflow title (0.52225ms)
✔ VideoLibraryMembershipBadges (6.92775ms)
▶ VideoResourceImportModal
  ✔ keeps a STRM target read-only while allowing metadata edits and HTTP checks (161.409042ms)
✔ VideoResourceImportModal (161.736542ms)
✔ loads only on open, renders at most one page, and selects an existing tag by ID (18.395667ms)
✔ debounces search, resets the page, and discards earlier search responses (549.584541ms)
✔ shows errors with retry and discards closed-modal results before reopening (2.073458ms)
✔ creates from the full draft and prevents an old write completion from closing another video modal (3.591ms)
✔ refreshes stale candidates after a failed selection without retrying the write (2.341ms)
✔ does not inherit an open picker or issue a hidden request when switching videos (2.155666ms)
▶ actress virtual grid layout
  ✔ derives responsive columns without shrinking cards below their minimum width (0.375791ms)
  ✔ places load state on a dedicated row after an incomplete item row (0.546291ms)
✔ actress virtual grid layout (1.28875ms)
▶ AgentMetadataActivityFeed
  ✔ keeps live model thinking open and shows semantic actions (4.785042ms)
  ✔ collapses completed thinking into an expandable preview (1.424833ms)
  ✔ moves a finished live thought back into collapsed history (1.21475ms)
  ✔ caps the thinking box height and still shows the full streamed text (2.791042ms)
✔ AgentMetadataActivityFeed (10.655042ms)
▶ Agent metadata collector intro
  ✔ explains how this flow differs from regular matching (0.547542ms)
  ✔ keeps the setup steps compact and muted (3.35225ms)
✔ Agent metadata collector intro (4.685292ms)
▶ alias editor state
  ✔ promotes an alias to main name and keeps the previous main as an alias (0.929167ms)
  ✔ does not duplicate the previous main name when it is already an alias (0.071916ms)
✔ alias editor state (1.429666ms)
▶ classification image interaction state
  ✔ distinguishes formal images from dynamic fallback images (0.828708ms)
  ✔ builds explicit file, URL, and video-cover commands (0.088042ms)
✔ classification image interaction state (1.285125ms)
▶ classification merge interaction state
  ✔ keeps the selected source identity when refreshed candidates reorder (1.185666ms)
  ✔ keeps a selected source through a narrower search and rejects invalid commands (0.077375ms)
✔ classification merge interaction state (1.852417ms)
▶ classification picker state
  ✔ stays closed until the user asks for candidates (1.385917ms)
  ✔ hides candidates when the result set is empty (0.070375ms)
  ✔ opens on arrow navigation and wraps around the candidate list (0.06075ms)
  ✔ never navigates into an empty candidate list (0.071792ms)
  ✔ drops the active candidate when typing or when the result set shrinks (0.062125ms)
  ✔ closes on dismiss (0.044625ms)
  ✔ hides the create hint when the query already names an existing option (0.086542ms)
✔ classification picker state (2.33325ms)
▶ director form state
  ✔ defaults to preserving a changed main name and converts profile fields (1.064166ms)
✔ director form state (1.510167ms)
▶ director picker state
  ✔ keeps typed same-name input as an explicit inline-create request (0.818959ms)
  ✔ shows stable candidate differences rather than silently choosing by name (0.094ms)
✔ director picker state (1.273334ms)
▶ image preview swipe gesture
  ✔ switches to the previous image when dragging right past the threshold (0.371375ms)
  ✔ switches to the next image when dragging left past the threshold (0.087ms)
  ✔ ignores clicks, short drags, and vertical drags (0.1435ms)
  ✔ distinguishes a drag from a click even when movement is vertical (0.079417ms)
✔ image preview swipe gesture (1.198708ms)
▶ mediaLibraryIdentityStyle
  ✔ maps every domain color to one semantic CSS custom property (1.055ms)
  ✔ keeps the established palette mapping stable (0.11675ms)
✔ mediaLibraryIdentityStyle (1.715583ms)
▶ organization form state
  ✔ defaults to preserving the previous main name while retaining ordered aliases and links (1.071ms)
  ✔ moves links without mutating the current form state (0.080083ms)
  ✔ retains a selected parent while search results change (0.091541ms)
✔ organization form state (1.903875ms)
▶ organization merge presentation
  ✔ shows cross-role candidate statistics without collapsing the two roles (0.366833ms)
  ✔ reports each transferred relation after a successful merge (0.070041ms)
✔ organization merge presentation (0.807458ms)
▶ organization picker state
  ✔ resolves main names and aliases to stable ids (1.205958ms)
  ✔ uses unmatched text as an explicit inline create request (0.068333ms)
  ✔ uses an empty value to remove the organization relation (0.059666ms)
  ✔ describes candidates by stable id, roles, and aliases (0.068292ms)
✔ organization picker state (2.027542ms)
▶ PlaylistImportProvider workspace
  ✔ uses the Agent scrape two-pane workspace with live activity and result preview (1.455166ms)
  ✔ offers one confirmed termination action in running and waiting-user footers (0.233958ms)
  ✔ closes the import workspace after the host confirms task termination (0.137541ms)
  ✔ closes only through the actions rendered inside the import dialog (0.106625ms)
  ✔ closes the import dialog before navigating to the imported playlist (0.146916ms)
  ✔ offers frozen write options with source-playlist linking disabled by default (0.215166ms)
  ✔ selects the active default media library when opening the importer (0.118583ms)
  ✔ explains the Agent name and host-date fallback for an empty new-playlist name (0.107792ms)
  ✔ invalidates global video projections and discards stale identity choices (0.12975ms)
  ✔ broadcasts completion so recovered imports refresh mounted playlist surfaces (0.639917ms)
  ✔ renders the complete release summary instead of only aggregate reuse counts (0.443541ms)
  ✔ keeps preview rows dense and long text truncation stable (2.760875ms)
  ✔ shows enough candidate identity evidence and opens links through the app shell (1.208666ms)
✔ PlaylistImportProvider workspace (8.522042ms)
▶ PluginDevConfigRail ready actions
  ✔ makes Install primary and disables empty continuation until feedback is entered (11.180292ms)
✔ PluginDevConfigRail ready actions (11.704292ms)
▶ PluginDevConversation history controls
  ✔ presents a ready settlement as normal state and requires feedback to continue (6.525959ms)
  ✔ renders model reasoning as a quiet collapsed diagnostic block (18.041458ms)
  ✔ keeps live reasoning open and marks the answer as streaming (4.148125ms)
  ✔ renders agent answers as markdown (3.479625ms)
  ✔ renders compact context metrics with the cache-hit ratio (0.684958ms)
  ✔ exposes an explicit clear-session action for a restored historical run (0.616375ms)
  ✔ keeps typed choice, browser challenge and freeform requests as distinct controls (3.538458ms)
✔ PluginDevConversation history controls (37.668375ms)
✔ guides a configured model user to the missing website, then enables development (366.309958ms)
✔ keeps the actual model readiness reason when a named model cannot run (10.84875ms)
▶ PluginDevResultPanel manifest coverage
  ✔ separates actionable field ids from runtime-only information (4.654667ms)
  ✔ renders each exact-match candidate when the plugin returns an array (1.741333ms)
  ✔ labels a targeted execution as a local diagnostic even when the saved full run is ready (0.555959ms)
  ✔ explains null and empty array plugin returns instead of hiding the section (0.271542ms)
✔ PluginDevResultPanel manifest coverage (7.811458ms)
▶ plugin dev Agent UI state
  ✔ requires feedback before continuing a mechanically ready Agent (0.507667ms)
  ✔ presents a normal Agent settlement without an error toast (0.811875ms)
  ✔ coalesces streaming reasoning and answer into their final model-turn items (0.165083ms)
  ✔ enables the existing Install button only for a current mechanical acceptance (0.056583ms)
  ✔ allows clearing restored history only when its Agent is not running or busy (0.050041ms)
  ✔ auto-applies only unfinished history and leaves terminal editor state untouched (0.063083ms)
  ✔ keeps non-debuggable built-ins out of the plugin-development selector (4.209958ms)
  ✔ does not treat a loaded built-in fork as the already-selected new-plugin option (0.094791ms)
  ✔ rejects session B events while continuing session A (0.070541ms)
  ✔ binds an unbound start once and rejects later events from another session (0.080584ms)
  ✔ invalidates a snapshot after any newer live mutation (0.069542ms)
  ✔ releases restored busy state on settle but keeps a local API dispatch busy (0.065833ms)
  ✔ projects live workspace drafts from package_updated, not terminal done (0.043916ms)
  ✔ blocks ordinary messages until the exact pending approval is decided (0.062125ms)
  ✔ does not dispatch a stale approval after the request disappeared (0.022416ms)
✔ plugin dev Agent UI state (7.172125ms)
▶ series form state
  ✔ defaults a rename to retaining the previous main name (0.439917ms)
  ✔ trims text and converts optional numeric selections (0.575792ms)
✔ series form state (1.398167ms)
▶ series picker state
  ✔ keeps typed creation separate from selecting an existing stable identity (0.925042ms)
  ✔ always distinguishes same-name candidates by stable id and owner scope (0.128625ms)
✔ series picker state (1.603916ms)
✔ applies supported fields, preserves other mappings, allows overrides and only persists on save (19.073958ms)
✔ rejects unavailable saved sources and keeps missing references visible for repair (1.087375ms)
✔ excludes nested and other-kind plugins and prevents applying unconfigured sources (1.493375ms)
✔ uses video field capabilities for bulk assignment (1.476083ms)
▶ LibraryScanAuditPanel
  ✔ defaults to the attention tab even when the latest scan has no issues (416.641625ms)
  ✔ keeps cached unrecognized files visible with their root-scoped resolution controls (6.056125ms)
  ✔ does not describe current scan failures as resolved (1.861333ms)
  ✔ offers a processing jump for cached unrecognized rows in the all-files tab (3.528625ms)
  ✔ shows an NFO identity conflict as a secondary scan disposition and opens the pending center (3.748208ms)
  ✔ routes a current NFO candidate to its scrape pending item (3.219209ms)
  ✔ shows historical NFO pending dispositions as resolved when their current rows are gone (1.631416ms)
  ✔ keeps the attention badge equal to the visible list when only an NFO warning exists (1.430416ms)
✔ LibraryScanAuditPanel (438.849458ms)
✔ limits a large failed audit to100 visible rows and queries only their pending IDs (29.364542ms)
✔ routes all three kinds from one mixed pending presence response (3.292542ms)
✔ keeps a stable audit anchor when a historical group is no longer pending (1.66975ms)
▶ MetaTube plugin settings
  ✔ shows pending status and blocks setting an unconfigured plugin as default (8.690834ms)
  ✔ keeps a blank token and supports explicit token clearing (6.989791ms)
  ✔ requires confirmation before saving a token over remote HTTP (6.236667ms)
  ✔ tests the current draft without changing the token mode (7.466084ms)
✔ MetaTube plugin settings (30.425333ms)
▶ Model management v2 panels
  ✔ keeps workload edits local until the explicit save action (14.938125ms)
  ✔ shows configured providers first and keeps unconfigured built-ins collapsed (2.649542ms)
  ✔ limits the default advanced view to models referenced by workloads (15.494209ms)
✔ Model management v2 panels (33.777417ms)
✔ saves proxy address and mode only on explicit commit; testing stays independent (306.50125ms)
▶ NFO export foreground modal
  ✔ vetoes full-page unload while the foreground modal is active (280.479541ms)
  ✔ is an aria-modal task surface with an explicit terminate action and no dismiss action (14.368708ms)
  ✔ keeps the terminal report open until the user confirms it (2.511208ms)
  ✔ renders a returned plan and enters blocking state before foreground execution (18.328708ms)
  ✔ discards a plan that returns after the storage panel has unmounted (5.878041ms)
  ✔ terminates an export whose start result returns after unmount (3.765167ms)
✔ NFO export foreground modal (326.390583ms)
▶ NFO export preview details
  ✔ counts only new and replaced artwork in the writing breakdown (0.905959ms)
  ✔ distinguishes stopped, partial and empty reports and exposes stop errors in the dialog (2.800875ms)
  ✔ mounts only the opened page of a large warning list and keeps every warning reachable (4.401292ms)
✔ NFO export preview details (8.301125ms)
▶ SettingsPrimitives
  ✔ retains an invalid value with an accessible error instead of silently clamping it (7.426375ms)
  ✔ keeps a multi-digit number local until the edit is committed (2.283875ms)
  ✔ supports keyboard activation of increment and does not treat empty input as zero (0.946458ms)
  ✔ renders a semantic card without losing its accessible name (0.468916ms)
  ✔ exposes status as data rather than a behavior-bearing class name (0.38275ms)
✔ SettingsPrimitives (12.241667ms)
✔ renames with no manual code or target and refreshes the pending row after failed recognition (207.913417ms)
✔ retries a failed service with saved configuration, and prevents submitting unsaved drafts via retry (3452.017833ms)
▶ library scan audit row layout
  ✔ uses compact rows only when the skipped tab also uses compact virtual slots (0.474167ms)
  ✔ keeps the variable-height attention list out of fixed-size virtualization (0.068625ms)
  ✔ keeps CSS row geometry aligned with virtual item sizes (0.589541ms)
✔ library scan audit row layout (1.838709ms)
▶ video resource card badges
  ✔ keeps primary-first order, deduplicates kinds, and limits visible labels to two (1.290416ms)
  ✔ returns no card decoration when a video has no resources (0.08525ms)
  ✔ shares full resource labels across detail and filter surfaces (0.064458ms)
✔ video resource card badges (2.061292ms)
▶ video resource import form
  ✔ shares auto detection, normalization, and size conversion across entry points (1.043167ms)
  ✔ auto-detects Magnet and keeps its protocol-derived default name (0.220459ms)
  ✔ treats blank matching input as absent without invoking strict code validation (0.067542ms)
✔ video resource import form (1.943417ms)
▶ video resource import layout
  ✔ gives the size value the fluid column and keeps its unit compact (6.549625ms)
✔ video resource import layout (7.320791ms)
▶ shared workbench primitives
  ✔ composes feature classes without replacing the neutral structure (2.198458ms)
  ✔ connects tabs to their panels with a single keyboard tab stop (0.488167ms)
✔ shared workbench primitives (3.053584ms)
▶ isBatchScrapeActive
  ✔ treats only running and paused batches as active (0.391292ms)
✔ isBatchScrapeActive (0.866875ms)
▶ poster grid row height
  ✔ reserves the complete membership strip without changing ordinary library rows (0.337042ms)
✔ poster grid row height (0.694667ms)
▶ facet route contracts
  ✔ only permits each entity detail under its matching facet (0.342208ms)
✔ facet route contracts (0.678083ms)
▶ global search shortcut
  ✔ accepts Cmd/Ctrl+K and rejects unrelated key combinations (0.479625ms)
  ✔ focuses and selects the Home input after two render frames (0.658667ms)
✔ global search shortcut (1.770333ms)
▶ useLatestAsyncLabel
  ✔ ignores an older request that finishes after the latest request (6.672584ms)
✔ useLatestAsyncLabel (7.133375ms)
▶ media-library scan event scope
  ✔ accepts only the current library and, once known, the current run (0.605666ms)
✔ media-library scan event scope (0.955208ms)
✔ sends no empty lookup, deduplicates IDs and rejects a stale page response (14.719083ms)
✔ distinguishes a failed lookup from processed items and retries the same page (2.730542ms)
✔ does not reuse old ready state when a page is revisited before another lookup finishes (1.801417ms)
✔ does not fetch empty/inactive selections and resolves only unique selected IDs (7.960375ms)
✔ ignores responses for previous filters and refreshes on returning from detail (1.325958ms)
✔ does not loop on a rejected lookup and discards in-flight results after deactivation (0.7665ms)
▶ isLibraryListSurfacePath
  ✔ matches list roots only (1.02425ms)
  ✔ does not match detail or stack routes (0.287542ms)
✔ isLibraryListSurfacePath (1.745542ms)
▶ shouldRefetchLibraryOnRouteChange
  ✔ refetches when entering a list root from outside (0.231125ms)
  ✔ does not refetch when opening detail stacks or hopping between list roots (0.158292ms)
✔ shouldRefetchLibraryOnRouteChange (0.527959ms)
▶ global search URL state
  ✔ normalizes positive media-library ids in stable order (0.892375ms)
  ✔ canonicalizes owned state without stripping detail-only lib (0.202459ms)
  ✔ builds an explicit, paged cross-library search input and identity (0.135667ms)
✔ global search URL state (1.789125ms)
▶ library resource filter URL contract
  ✔ parses valid unique values in canonical order and ignores invalid values (0.917208ms)
  ✔ omits the default all-resources state and canonicalizes copied URLs (0.228583ms)
  ✔ removes a resource parameter containing only invalid values (0.059625ms)
  ✔ includes applied resource filters in the query and scroll-memory hash (0.10375ms)
  ✔ keeps pending scrape as an independent canonical filter dimension (0.068ms)
  ✔ resolves omitted sort state from each media library configuration (0.084292ms)
✔ library resource filter URL contract (1.889458ms)
▶ multi-library route builders and parsers
  ✔ round-trips the home video detail stack (1.460584ms)
  ✔ round-trips the global-search video detail stack (0.161375ms)
  ✔ round-trips media-library list, detail, nested actress and settings routes (0.882958ms)
  ✔ rejects malformed, non-positive, fractional and unsafe route ids (0.724292ms)
  ✔ accepts digit-only positive ids and builders emit their canonical form (0.108792ms)
✔ multi-library route builders and parsers (3.916541ms)
▶ detail-only active-library query contract
  ✔ parses only positive safe-integer library ids (0.164083ms)
  ✔ canonicalizes the first lib value without changing other list query state (0.121958ms)
  ✔ sets, replaces and strips the detail-only library parameter immutably (0.087959ms)
  ✔ derives a single detail context and gives a library path precedence over lib (0.169667ms)
  ✔ keeps lib only where the route needs query-owned detail scope (0.152833ms)
  ✔ respects a valid legacy lib hint and falls back when that membership is unavailable (0.209625ms)
✔ detail-only active-library query contract (1.032667ms)
▶ recent media-library memory
  ✔ stores only positive safe library ids and ignores malformed persisted state (0.434333ms)
✔ recent media-library memory (0.782458ms)
▶ route builders and parsers
  ✔ round-trips library detail stacks (1.689291ms)
  ✔ round-trips actress detail stacks (0.214041ms)
  ✔ round-trips playlist and classification entity detail stacks (0.370458ms)
  ✔ rejects malformed detail ids (0.198041ms)
  ✔ builds pending-center locations without page-level query concatenation (0.670375ms)
✔ route builders and parsers (3.591125ms)
▶ classification list query contract
  ✔ accepts only video count and update time sorting with video count descending by default (0.066166ms)
  ✔ includes organization search and sorting in the shareable query identity (0.104083ms)
  ✔ keeps series release sorting separate from classification-list sorting (0.064333ms)
✔ classification list query contract (0.31125ms)
▶ actress avatar filter query contract
  ✔ normalizes avatar filter values and omits the all default (0.110084ms)
  ✔ returns to the actress list without losing its query state (0.316167ms)
  ✔ keeps avatar filters distinct in the actress query hash (0.091042ms)
✔ actress avatar filter query contract (0.577083ms)
▶ actress status filter query contract
  ✔ parses the canonical status values and treats anything else as all (0.06125ms)
  ✔ omits the param for all and writes the canonical value otherwise (0.069458ms)
  ✔ includes status in the list query identity and ignores invalid values (0.041333ms)
  ✔ keeps search, gender and sort identity while only the status changes (0.043209ms)
  ✔ round-trips the status query through actress detail and back (0.099417ms)
  ✔ remembers the actress status filter across primary navigation (0.347542ms)
✔ actress status filter query contract (0.714792ms)
▶ primary navigation memory
  ✔ restores query state per list and removes unrelated nested query keys (0.741542ms)
  ✔ persists search only when leaving a list root (0.164292ms)
  ✔ forgets a root so cross-nav no longer restores it (0.046208ms)
  ✔ resolves same-section vs cross-section sidebar targets (0.129875ms)
  ✔ builds nav link href from current search when active (0.108583ms)
✔ primary navigation memory (1.239625ms)
▶ navigation helpers
  ✔ removes playlist-detail resource filters when returning to the playlist list (0.092542ms)
  ✔ keeps home, search and media-library detail stacks scoped and reversible (0.74025ms)
  ✔ closes nested actress details back to their parent video context (0.464833ms)
  ✔ keeps stable series identity and release direction through its detail stack (0.121708ms)
  ✔ keeps director identity and query state through its stable detail stack (0.087625ms)
  ✔ opens an organization by stable id while preserving its role-list query (0.085333ms)
  ✔ keeps classification query only inside the same classification stack (0.066625ms)
  ✔ keeps video and actress navigation inside the stable organization stack (0.103292ms)
  ✔ keeps video and actress navigation inside the pending workbench stack (0.361625ms)
  ✔ opens actress detail from the pending inbox and returns to it (0.074458ms)
✔ navigation helpers (2.307917ms)
▶ settings route contract
  ✔ builds canonical settings paths and resolves valid sections (0.155916ms)
✔ settings route contract (0.176875ms)
▶ media-library settings state
  ✔ builds a trimmed create command, deduplicates roots and still allows an empty library (0.901292ms)
  ✔ builds minimal identity and section-scoped config patches (0.208375ms)
  ✔ normalizes an empty scraper and validates numeric scan boundaries (0.056ms)
  ✔ gates destructive lifecycle commands (0.071084ms)
  ✔ allows cleanup-only scans but rejects a library with no work (0.042375ms)
  ✔ routes every root-owned record through cleanup before direct deletion (0.06025ms)
  ✔ reports partial root additions explicitly (0.040917ms)
  ✔ shows a terminal query error even before form drafts exist (0.039958ms)
✔ media-library settings state (1.848125ms)
▶ video detail section order
  ✔ renders a titled related-links section after video resources (0.41ms)
✔ video detail section order (0.778625ms)
▶ HomePage
  ✔ searches in place while typing and restores discovery when cleared (922.133166ms)
  ✔ keeps discovery stable through refreshes and remounts until replaced (14.686958ms)
✔ HomePage (937.561375ms)
▶ HomePage search layout
  ✔ reserves shared toolbar-search padding for the icon and keyboard shortcut (3.120959ms)
  ✔ centers the search icon inside the shared input control (0.363875ms)
  ✔ keeps the keyboard shortcut on the same vertical center line (0.56975ms)
✔ HomePage search layout (4.912708ms)
✔ uses the shared switch for home discovery and keeps changes in the settings draft (318.282083ms)
▶ MediaLibrarySettingsPage layout
  ✔ uses the application settings width token and stays left aligned (5.539458ms)
  ✔ keeps compact library context above the old-style import workspace (12.375791ms)
✔ MediaLibrarySettingsPage layout (18.502917ms)
▶ ScanSettingsTab
  ✔ builds domain-correct deep links for scan identities and scrape candidates (292.706833ms)
  ✔ renders automatic local NFO import enabled by default and persists a switch change immediately (10.9085ms)
✔ ScanSettingsTab (304.136333ms)
✔ locates a deep actor group and loads only its detail before paging (464.973375ms)
✔ keeps page and detail failures distinct and retries without a full list (193.481084ms)
✔ ignores a late old detail after selecting another group (155.961083ms)
✔ preserves an explicit decision across a category switch and detail overlay (222.015125ms)
✔ applies an ownership decision then clamps a deleted last page (158.651792ms)
✔ does not let a completed old mutation reset a newer group decision (273.84475ms)
✔ keeps actor paging in the all-domain view even when a scan item comes first (134.449625ms)
✔ asks the server about names outside the current page before editing (381.370625ms)
✔ keeps a stale resolution on the same group and requires a renewed decision (163.805375ms)
✔ isolates an old completion after navigating A to B and back to A (350.877167ms)
✔ stays on the deep-linked page after its selected group is resolved (160.781166ms)
✔ does not close a new discard dialog when an old A-B-A discard fails (276.108958ms)
✔ locates a deep-linked pending item, pages with a bounded cache and ignores a late detail (398.451292ms)
✔ shows an explicit page error and retries without fetching the full inbox (71.743875ms)
✔ recovers the last page after deletion and selects the surviving first item (85.616834ms)
✔ does not block a different queue when scrape count fails or reuse its disabled page total (89.188916ms)
✔ ignores an old page that resolves after navigation to a newer page (98.22675ms)
▶ PendingCenterPage scrape resolution
  ✔ carries an explicit director through merge-and-apply without stacking prompts (253.705666ms)
  ✔ previews either persisted identity and submits only after explicit confirmation (42.841125ms)
  ✔ shows the library filter only for scan decisions (26.864625ms)
  ✔ clears the library filter from the scoped empty state and keeps the scan tab selected (23.879ms)
✔ PendingCenterPage scrape resolution (347.859375ms)
✔ locates scan anchors, reads only selected details and ignores late details after paging (382.819625ms)
✔ reports page errors and missing selected records without treating them as an empty queue (107.350166ms)
✔ clamps the deleted last page and does not show an old library page (179.096667ms)
✔ uses only count on another category and count failure does not block that category (45.214292ms)
✔ does not block scrape on a library listing failure (46.476875ms)
✔ resolves identity deep links to the scoped identity pane without group detail reads (47.166208ms)
✔ retries rejected selected detail without reloading full queues (137.856042ms)
✔ loads actor details only in its category and keeps inactive summary counts current (174.655708ms)
✔ shows unknown actor count without blocking scan when summary fails (45.665333ms)
✔ ignores an old playlist response arriving after navigation (245.132833ms)
✔ requests a bounded thumbnail for a playlist card (3.861584ms)
✔ does not refresh an old playlist when its removal finishes after navigation (6.949292ms)
✔ returns to the previous page when deleting the only item on the last page (5.916708ms)
✔ keeps the existing grid mounted during refresh after closing a nested video (3.859292ms)
✔ keeps the latest sort response when requests for the same playlist finish out of order (4.572917ms)
✔ reuses metadata while paging but refreshes it after a playlist mutation (11.358459ms)
✔ does not reuse stale metadata when filtering interrupts a forced refresh (4.716291ms)
✔ shows not found when a refreshed metadata read reports a deleted playlist (1.369292ms)
✔ refreshes the fallback cover with the new sort instead of reusing the old metadata (2.593542ms)
▶ PlaylistDetailPage resource filter feedback
  ✔ keeps the compact toolbar count without rendering an applied-filter bar (0.39575ms)
  ✔ uses an import action icon instead of a download icon (0.072625ms)
✔ PlaylistDetailPage resource filter feedback (0.838209ms)
▶ actress conflict review state
  ✔ keeps every action tied to its explicit user-visible scope (1.03575ms)
  ✔ expands changed impacts and keeps unchanged impacts collapsed initially (0.080959ms)
  ✔ uses the candidate-owned impact plan only when that candidate is the proposed owner (0.060125ms)
  ✔ sections groups by task state and sorts each section by display name (4.246375ms)
  ✔ selects the first source for viewing without preselecting a proposed owner (0.113416ms)
  ✔ explains empty, unchanged, moved, and conflict-free name edits (0.524042ms)
  ✔ builds the exact owner, pending, and actress versions shown to the user (0.27175ms)
  ✔ requires a replacement only when assigning away a current main name (0.12525ms)
  ✔ enables illegal-name confirmation only after every required replacement is valid (0.065333ms)
  ✔ requires an explicit partner, keeper, and final main name for conflict merges (0.174292ms)
  ✔ allows a pending-name-ownership pair to be merged (0.05225ms)
  ✔ keeps the current group or selects its next neighbor after refresh (0.154333ms)
✔ actress conflict review state (7.456375ms)
▶ conflictReviewRemote
  ✔ resolves ownership/merge/illegal and surfaces stale refresh (0.570209ms)
  ✔ discards a candidate and refreshes the queue (0.105667ms)
  ✔ validates replacement main names (0.186875ms)
  ✔ ignores an older live name inspection after a newer request wins (4.068667ms)
  ✔ invalidates an in-flight inspection cleanup (0.129334ms)
✔ conflictReviewRemote (5.508917ms)
▶ conflictReviewSession
  ✔ resets decision draft when switching groups (0.572333ms)
  ✔ opens ownership replacement dialog when claimants need new main names (4.577167ms)
  ✔ applies refresh focus and stale message (0.13575ms)
  ✔ syncSelectedGroup initializes selection for the first available group (0.047166ms)
✔ conflictReviewSession (5.747708ms)
▶ conflict review latest request gate
  ✔ accepts only the newest async validation result (0.727958ms)
  ✔ invalidates an in-flight result when the workflow closes (0.07475ms)
  ✔ does not let stale cleanup invalidate the current request (0.04825ms)
✔ conflict review latest request gate (1.3285ms)
▶ media-library list surface state
  ✔ keeps archived libraries out of the writable catalog surface (0.330541ms)
✔ media-library list surface state (0.655834ms)
▶ pending center resolution state
  ✔ requires every scan resource to have an explicit valid target (0.435209ms)
  ✔ serializes scan targets only at the select-control boundary (0.563167ms)
  ✔ starts scrape candidates unselected and rejects stale candidate ids (0.080542ms)
  ✔ shows the same deterministic default primary ordering as persisted resolution (0.212292ms)
  ✔ labels scan decisions with their owning media library (0.099334ms)
  ✔ shows resource identity conflicts in the scan queue without exposing a local path (0.058875ms)
✔ pending center resolution state (1.871292ms)
▶ matchesPlaylistResourceFilter
  ✔ uses OR semantics and treats none as global zero resources (0.807208ms)
✔ matchesPlaylistResourceFilter (1.358583ms)
▶ useConflictReviewController
  ✔ wires queue selection and resets dialog draft when switching groups (47.286834ms)
  ✔ routes resolve through the nested view-model commands (17.134ms)
✔ useConflictReviewController (65.143083ms)
✔ preserves an explicit ownership decision while detail reads are disabled and reenabled (152.876792ms)
▶ video business identity conflict presentation
  ✔ recognizes domain and database-boundary conflict messages (0.326ms)
✔ video business identity conflict presentation (0.631208ms)
▶ video detail scraper selection
  ✔ prefers the active media-library default over the global default (0.37ms)
  ✔ does not retain the previous library default when the active library switches (0.053416ms)
  ✔ falls back to the global default when the active library has no override (0.03925ms)
✔ video detail scraper selection (0.871541ms)
▶ pending inbox state
  ✔ sums the aggregate media-library projection without per-library item reads (0.51525ms)
✔ pending inbox state (1.065292ms)
✔ keeps loading and failed inbox counts distinct from an empty inbox (0.075667ms)
▶ actress list renderer behavior
  ✔ does not load the full face-scan manifest for an ordinary actress page (2.784542ms)
  ✔ isolates cached pages when any query condition changes (1.02375ms)
  ✔ recombines the same session face-result subset for list filter changes (0.125792ms)
  ✔ keeps loaded pages after a failure and retries the same next-page offset (1.61425ms)
  ✔ keeps selected ids when later pages append more actresses (0.131583ms)
  ✔ restores scroll after detail return and resets it for a changed query (0.087ms)
  ✔ clears every pending rail scroll scope on same-section primary navigation (0.540708ms)
✔ actress list renderer behavior (6.843208ms)
▶ actress infinite list pages
  ✔ keeps loaded pages while requesting the next offset (0.901959ms)
  ✔ stops after every matching actress has loaded (0.219458ms)
✔ actress infinite list pages (1.762375ms)
▶ scoped video query keys
  ✔ keeps media-library caches isolated (0.8325ms)
  ✔ canonicalizes filtered all-library scopes (0.081625ms)
✔ scoped video query keys (1.293834ms)
▶ useInfiniteVideoList
  ✔ loads a library larger than the IPC page limit in bounded pages (28.904125ms)
✔ useInfiniteVideoList (29.473666ms)
✔ blocks route changes with a draft and saves before continuing through the real router (36.541625ms)
✔ keeps edits through unrelated refreshes and explicitly resets to the latest saved value (6.212708ms)
✔ preserves edits made while an earlier value is being saved (0.812125ms)
▶ renderer avatarCrop
  ✔ falls back to the standard preset for invalid stored values (0.751708ms)
  ✔ falls back to face centering for invalid stored values (0.139959ms)
  ✔ keeps landmark-based faces at the same visual size across source images (0.300292ms)
  ✔ reports when a tight source cannot reach the requested face size (0.056542ms)
  ✔ applies the continuous face ratio consistently (0.075833ms)
  ✔ centers the estimated crown-to-chin region in head mode (0.057708ms)
  ✔ centers segmented visible head bounds instead of the facial axis (0.070208ms)
  ✔ keeps zoom identical across centering modes (0.089709ms)
  ✔ keeps face-ratio changes effective when full-head protection is disabled (0.110666ms)
  ✔ keeps legacy near-square avatars aligned with cover preview layout (0.737208ms)
  ✔ detects the native cover-compatible default transform (0.040958ms)
  ✔ does not let a tainted canvas export crash the editor (0.125ms)
✔ renderer avatarCrop (3.21225ms)
▶ video batch request scope
  ✔ requires and preserves the current library on library-surface requests (1.233333ms)
  ✔ keeps application-settings requests in explicit global compatibility mode (0.0725ms)
✔ video batch request scope (1.685375ms)
▶ avatarCrop
  ✔ round-trips a valid v1 crop (0.810166ms)
  ✔ rejects crop when fingerprint mismatches (0.079792ms)
  ✔ scales offsets when viewSize changes (0.075125ms)
✔ avatarCrop (1.342875ms)
▶ normalizeClassificationName
  ✔ uses the shared identity normalization without collapsing meaningful script differences (0.973833ms)
  ✔ rejects names that become empty after normalization (0.182917ms)
✔ normalizeClassificationName (1.513166ms)
✔ only accepts finite thumbnail variants and preserves preview URL components (0.965708ms)
▶ buildLibraryScanNotification
  ✔ keeps a no-change successful scan quiet (0.79475ms)
  ✔ notifies for changes and reports each destructive count separately (0.26425ms)
  ✔ reports a metadata-only resource refresh as an update (0.63575ms)
  ✔ reports pending scan groups and their resource count before ordinary changes (0.0575ms)
  ✔ prioritizes offline and error outcomes over ordinary change notices (0.040625ms)
  ✔ reports isolated STRM failures without exposing target content (0.079584ms)
  ✔ reports a blocking processing failure before isolated STRM failures (0.045917ms)
✔ buildLibraryScanNotification (2.620541ms)
▶ sanitizeLibraryScanError
  ✔ removes HTTP credentials, query parameters, Magnet data, and ED2K targets (0.7625ms)
  ✔ bounds arbitrary errors and never throws while formatting them (0.129291ms)
✔ sanitizeLibraryScanError (1.484125ms)
▶ normalizeLibraryScanSummary
  ✔ persists completed STRM failures with safe messages and a 50-item bound (0.722542ms)
✔ normalizeLibraryScanSummary (0.773ms)
▶ NFO export foreground shortcut guard
  ✔ blocks reload, history, close, and application navigation shortcuts (0.3595ms)
  ✔ leaves modal controls and copy shortcuts usable (0.068ms)
✔ NFO export foreground shortcut guard (0.794ms)
▶ selectDefaultPendingScanPrimary
  ✔ prefers local resources and keeps duration, size, and path ordering (0.477208ms)
  ✔ orders STRM resources by actual target kind and then source path (0.186584ms)
✔ selectDefaultPendingScanPrimary (1.398458ms)
▶ pluginDevKindProfile
  ✔ normalizes testTarget and testTargets (1.378917ms)
  ✔ splits test targets only on commas or newlines and trims each group (0.345166ms)
  ✔ uses typed explicit targets as a diagnostic subset (0.872584ms)
  ✔ rejects URL/path targets and wrong-kind arguments (0.68675ms)
  ✔ testTargetsFromDryRun extracts identity from dry-run result (0.425375ms)
  ✔ profiles expose kind-specific labels and field helpers (0.51325ms)
✔ pluginDevKindProfile (5.138875ms)
▶ plugin field semantics registry
  ✔ covers every video and actress field with valid symmetric conflicts (0.618084ms)
  ✔ generates the Agent glossary from the selected registry fields (0.405125ms)
  ✔ projects female and male performers independently (0.784625ms)
  ✔ projects composite rating and measurements without collapsing their parts (0.097542ms)
✔ plugin field semantics registry (2.412333ms)
▶ PluginResultContractModule
  ✔ classifies every structural and selectable result key by kind (2.256958ms)
  ✔ projects every manifest field through at least one standard result key (0.206125ms)
  ✔ lists unknown raw keys once without guessing a field mapping (0.224667ms)
  ✔ keeps actress identity and source metadata informational (0.353833ms)
  ✔ detects field-level partial cast projection and legacy female default (0.175417ms)
  ✔ maps composite measurements and rating to their legal manifest fields (0.25925ms)
  ✔ rejects empty and identity-only effective results mechanically (0.367334ms)
✔ PluginResultContractModule (4.84575ms)
▶ video resource source identity
  ✔ normalizes local file paths (0.337417ms)
  ✔ uses the STRM source file instead of its external target (0.045541ms)
  ✔ does not claim ownership of ordinary external resources (0.04075ms)
✔ video resource source identity (0.77225ms)
▶ videoResourceLinks
  ✔ normalizes HTTP identity without reordering query parameters or changing the path (0.960917ms)
  ✔ rejects local and executable protocols (0.16575ms)
  ✔ infers common video extensions as direct links and otherwise uses web links (0.064959ms)
  ✔ masks query parameters in normal display text (0.061708ms)
  ✔ converts optional MB, GB, and TB values to integer bytes (0.056ms)
  ✔ uses the Magnet xt identity while preserving the original link and deriving a name (0.228542ms)
  ✔ uses the ED2K file hash identity while deriving its file name (0.06325ms)
✔ videoResourceLinks (2.027333ms)
ℹ tests 2238
ℹ suites 349
ℹ pass 2237
ℹ fail 0
ℹ cancelled 0
ℹ skipped 1
ℹ todo 0
ℹ duration_ms 51781.730583
