
> Javdex@0.6.2 pretest
> npm run check:actress-boundaries && npm run check:media-asset-store-boundaries && npm run check:metadata-source-boundaries && npm run check:classification-entity-boundaries && npm run check:agent-platform-boundaries && npm run lint && npm run check:css-architecture && npm run check:ui-controls


> Javdex@0.6.2 check:actress-boundaries
> node scripts/check-actress-boundaries.mjs

Domain IPC, shared types, and process dependency boundaries are valid.

> Javdex@0.6.2 check:media-asset-store-boundaries
> node scripts/check-media-asset-store-boundaries.mjs

MediaAssetStore implementation boundaries are valid.

> Javdex@0.6.2 check:metadata-source-boundaries
> node scripts/check-metadata-source-boundaries.mjs

Video metadata source boundaries are valid.

> Javdex@0.6.2 check:classification-entity-boundaries
> node scripts/check-classification-entity-boundaries.mjs

Classification entity storage and routing boundaries are valid.

> Javdex@0.6.2 check:agent-platform-boundaries
> node scripts/check-agent-platform-boundaries.mjs

Agent platform boundaries OK

> Javdex@0.6.2 lint
> npm run lint:ts && npm run lint:css


> Javdex@0.6.2 lint:ts
> eslint "src/**/*.{ts,tsx}" "electron.vite.config.ts"


> Javdex@0.6.2 lint:css
> stylelint "src/renderer/src/**/*.module.css" --allow-empty-input


> Javdex@0.6.2 check:css-architecture
> node scripts/check-css-architecture.mjs

CSS architecture checks passed.
┌─────────────────────────────────┬────────┐
│ (index)                         │ Values │
├─────────────────────────────────┼────────┤
│ cssFileCount                    │ 90     │
│ globalClassCount                │ 1150   │
│ crossFileDuplicateClassCount    │ 143    │
│ descendantSelectorCount         │ 801    │
│ importantDeclarationCount       │ 12     │
│ hardcodedColorDeclarationCount  │ 166    │
│ globalStateClassCount           │ 88     │
│ rawButtonClassOccurrenceCount   │ 3      │
│ classNameBehaviorInferenceCount │ 0      │
└─────────────────────────────────┴────────┘

> Javdex@0.6.2 check:ui-controls
> node scripts/check-ui-controls.mjs

UI control checks passed: shared Switch / Checkbox only.

> Javdex@0.6.2 test
> npm run typecheck && npm run test:packaging && node scripts/run-electron-tests.mjs


> Javdex@0.6.2 typecheck
> npm run typecheck:node && npm run typecheck:web


> Javdex@0.6.2 typecheck:node
> tsc --noEmit -p tsconfig.node.json --composite false


> Javdex@0.6.2 typecheck:web
> tsc --noEmit -p tsconfig.web.json --composite false && tsc --noEmit -p tsconfig.browser.json


> Javdex@0.6.2 test:packaging
> node --test scripts/packaging-runtime.test.mjs

TAP version 13
# Subtest: pruneBetterSqlitePrebuilds retains only the current platform and arch
ok 1 - pruneBetterSqlitePrebuilds retains only the current platform and arch
  ---
  duration_ms: 1.67675
  type: 'test'
  ...
# Subtest: pruneBetterSqliteBuildFiles removes sources but preserves runtime files
ok 2 - pruneBetterSqliteBuildFiles removes sources but preserves runtime files
  ---
  duration_ms: 1.503125
  type: 'test'
  ...
# Subtest: better-sqlite3 prebuild selection covers every configured packaging platform
ok 3 - better-sqlite3 prebuild selection covers every configured packaging platform
  ---
  duration_ms: 0.132375
  type: 'test'
  ...
# Subtest: pruneElectronFrameworkLocales keeps English and Chinese locale variants
ok 4 - pruneElectronFrameworkLocales keeps English and Chinese locale variants
  ---
  duration_ms: 2.039542
  type: 'test'
  ...
# Subtest: mac packaging selects a node-gyp compatible Python unless the caller chose one
ok 5 - mac packaging selects a node-gyp compatible Python unless the caller chose one
  ---
  duration_ms: 0.127208
  type: 'test'
  ...
# Subtest: packaged runtime smoke runs only for a host-compatible macOS executable
ok 6 - packaged runtime smoke runs only for a host-compatible macOS executable
  ---
  duration_ms: 0.341333
  type: 'test'
  ...
# Subtest: packaging retains the complete Cheerio runtime dependency chain
ok 7 - packaging retains the complete Cheerio runtime dependency chain
  ---
  duration_ms: 0.201041
  type: 'test'
  ...
# Subtest: mac packaging explicitly enables ad-hoc signing before invoking its custom signer
ok 8 - mac packaging explicitly enables ad-hoc signing before invoking its custom signer
  ---
  duration_ms: 0.082875
  type: 'test'
  ...
1..8
# tests 8
# suites 0
# pass 8
# fail 0
# cancelled 0
# skipped 0
# todo 0
# duration_ms 74.961
▶ createAgentBrowserSchema
  ✔ exposes strict bounded vertical scroll branches without enabling input actions (0.992125ms)
  ✔ explains the evaluate restrictions and their supported alternatives before invocation (0.231125ms)
✔ createAgentBrowserSchema (1.62775ms)
▶ AgentConfiguration
  ✔ projects code-owned tools and permissions while injecting workload compaction (2.232375ms)
  ✔ binds metadata collection to the curator workload and explicit staging capabilities (0.2385ms)
  ✔ registers playlist import as an independent least-privilege use case (0.185125ms)
✔ AgentConfiguration (3.333958ms)
▶ AgentExecution
  ✔ runs the persistence hook before the runtime can commit its bootstrap observation (5.295084ms)
  ✔ opens one runtime session and delegates ten operations without a loop or second queue (3.03675ms)
  ✔ authorizes and records Pi native tools without persisting their output (1.467083ms)
  ✔ fails closed when a Pi native tool lacks a frozen capability grant (2.1445ms)
  ✔ restores a normal checkpoint without reading ExecutionHistory (1.95725ms)
  ✔ rebuilds only for typed checkpoint corruption and only once per generation (2.3555ms)
  ✔ releases runtime resources without closing the durable run (1.337209ms)
  ✔ closes a durable run after its runtime was already released (1.412708ms)
✔ AgentExecution (19.874417ms)
✔ preserves newer product log references when aborting after a domain-only state update (1.611875ms)
✔ preserves append-only plugin history during checkpoint recovery: success (19.435083ms)
✔ preserves append-only plugin history during checkpoint recovery: hash-failure (15.133875ms)
✔ preserves append-only plugin history during checkpoint recovery: rebuild-failure (15.744375ms)
✔ preserves append-only plugin history during checkpoint recovery: unreconciled-tool (17.663459ms)
▶ AgentRunStore
  ✔ returns every durable non-closed run so each use case can apply its recovery policy (12.473583ms)
  ✔ persists a frozen config without serializing credentials or functions (1.069958ms)
  ✔ encrypts recovery payloads and fails closed on integrity damage (1.345333ms)
  ✔ accepts an idempotent operation once and settles only named command ids (1.440375ms)
  ✔ keeps repeated product events from the same operation in append order (0.791875ms)
  ✔ does not overwrite a terminal runtime fault when the runtime subsequently settles (0.5765ms)
  ✔ allows one rebuild attempt per recovery generation (0.47225ms)
  ✔ records artifact refs in the product journal and fails closed on damaged refs (0.587708ms)
✔ AgentRunStore (19.601667ms)
▶ Agent product journal pagination
  ✔ reads the last cursor through the run/seq index without parsing any payload in a 100k journal (117.303542ms)
  ✔ pages with a strict size cap and no cross-run, duplicate or skipped events despite sequence gaps (29.061166ms)
✔ Agent product journal pagination (146.454667ms)
▶ Agent recovery enumeration
  ✔ filters use case and status before parsing, lazily loads one product, and releases temporary ID pages (109.030083ms)
  ✔ keeps the original recovery order across pages while timestamps change and excludes runs created mid-iteration (34.857209ms)
  ✔ drops the temporary snapshot if an owned payload cannot be parsed (1.459333ms)
✔ Agent recovery enumeration (145.452209ms)
▶ cache affinity
  ✔ is stable, role-separated and does not expose source identifiers (5.519333ms)
✔ cache affinity (7.703041ms)
▶ resolveEffectiveMaxTokens
  ✔ uses the model maximum when the preset limit is zero (0.495667ms)
  ✔ uses the lower positive limit (0.058166ms)
  ✔ rejects invalid limits instead of forwarding zero to the provider (0.182125ms)
  ✔ restores a zero sentinel as one frozen positive provider limit (0.1345ms)
  ✔ resolves live models only by workload (1.908166ms)
✔ resolveEffectiveMaxTokens (3.412042ms)
▶ ModelInvocation
  ✔ uses injected frozen verifier access and forwards preset limits and cancellation (3.291ms)
✔ ModelInvocation (3.869625ms)
▶ ModelManagementModule
  ✔ builds the migration backup from a strict non-secret provider whitelist (0.660042ms)
  ✔ migrates released settings once and then reads the same v2 revision (10.298875ms)
  ✔ fails closed for an invalid v2 document (0.305958ms)
  ✔ fails closed for malformed nested v2 data and embedding catalog entries (1.314958ms)
  ✔ saving a provider never changes workload assignments (7.68ms)
  ✔ refreshes protocol-derived model metadata when a connection contract changes (3.851959ms)
  ✔ never exposes credentials or Base URL query secrets in renderer snapshots (2.585875ms)
  ✔ changing the default affects inherited workloads but preserves an explicit plugin model (5.661ms)
  ✔ freezes the workload context limit into resolved model access (3.277917ms)
  ✔ rejects removing an in-use model and reports the exact workload (3.851625ms)
  ✔ restores the previous credential when configuration persistence fails (1.092625ms)
  ✔ does not touch credentials or storage on a stale revision (0.836291ms)
  ✔ keeps discovery ephemeral and reset removes manual overrides (2.815417ms)
  ✔ rejects non-tool Agent models and unsupported long cache (3.731375ms)
✔ ModelManagementModule (48.691958ms)
▶ ToolHost
  ✔ records capability denials before failing closed (13.93225ms)
  ✔ requires a one-use approval permit for install effects (2.337792ms)
  ✔ stores only bounded hashes for tool output and errors (0.76275ms)
  ✔ approves only the selected request when multiple approvals are pending (1.259792ms)
  ✔ keeps only the latest pending approval for single-card product flows (0.816833ms)
  ✔ revokes a persisted approval when the continuation dispatch fails (1.175042ms)
  ✔ discards pending and approved permits during terminal cleanup (1.105917ms)
  ✔ binds an approval permit to mutable domain scope as well as visible tool args (0.521041ms)
  ✔ serializes calls sharing a resource without scheduling batches (36.60475ms)
  ✔ marks interrupted writes uncertain and blocks callbacks after waiting or terminal state (1.754041ms)
  ✔ does not start an unkeyed handler when its signal is already aborted (0.600833ms)
  ✔ enforces deadlines even when a handler ignores AbortSignal (23.31475ms)
  ✔ does not let a late handler result overwrite an uncertain timeout (21.995458ms)
  ✔ keeps the resource locked until a timed-out non-cooperative handler really settles (61.778041ms)
  ✔ keeps a queued cancellation from letting a third call bypass the active resource holder (12.204459ms)
✔ ToolHost (181.33525ms)
▶ PiRuntime contract
  ✔ allows workspace reads and dev notes but keeps host-owned facts read-only (2.842042ms)
  ✔ loads only frozen workspace Skills and exposes the selected Pi native file tools (2416.256291ms)
  ✔ rejects a workspace Skill that differs from the frozen run configuration (5.859292ms)
  ✔ keeps one long-lived session for ten turns with controlled resources and stable affinity (82.575458ms)
  ✔ keeps the run healthy when Pi recovers from a transient provider error (29.60225ms)
  ✔ emits one terminal runtime fault after provider retries are exhausted (21.595583ms)
  ✔ does not turn a user-cancelled provider retry into a runtime fault (11.218541ms)
  ✔ exposes only the resolved custom allowlist and crosses the durable tool-result barrier (14.805417ms)
  ✔ releases the runtime after durable persistence fails during a tool call (9.562125ms)
  ✔ honors a terminating control result even when the domain tool reports failure (9.327833ms)
  ✔ starts a new turn when a follow-up is dispatched after a terminating handoff settled (16.723083ms)
  ✔ does not compact or inject a host recovery prompt after a length stop (20.268458ms)
  ✔ does not start a host continuation after the model-turn budget stops the operation (12.911792ms)
  ✔ enforces the configured per-operation model-turn budget (11.35175ms)
✔ PiRuntime contract (2665.669916ms)
▶ actressRepo actress name ownership
  ✔ changes the main-name row and ownership together when an actress is renamed (13.069666ms)
  ✔ keeps ownership while another name type still declares the same normalized name (10.033541ms)
  ✔ rolls back the complete manual edit when any declared name has another owner (7.82975ms)
  ✔ rolls back profile changes and compensates new avatar files when the database write fails (15.863667ms)
✔ actressRepo actress name ownership (47.39125ms)
▶ actressRepo.listActresses
  ✔ excludes migrated pending names from search and exact identity lookup (7.310333ms)
  ✔ does not match a replaced main name that is not kept as an explicit alias (8.558208ms)
  ✔ matches main name, alias, and typed names (8.579208ms)
  ✔ treats SQL LIKE metacharacters as literal search text (9.807208ms)
  ✔ ignores stored names that are not visible name types (7.115ms)
  ✔ sorts by video count descending by default (13.249125ms)
  ✔ projects only videos that remain reachable through an active visible library membership (11.402917ms)
✔ actressRepo.listActresses (66.348458ms)
▶ actressRepo.listActressPage
  ✔ returns a stable slice with the total number of matching actresses (8.327459ms)
  ✔ pages an explicit renderer-session actress subset with complete totals (10.649875ms)
  ✔ returns the cumulative status of every actress with per-status counts (9.179083ms)
  ✔ filters by each status while keeping the counts of the unfiltered scope (8.902792ms)
  ✔ combines the status filter with search, gender and sort (8.355292ms)
  ✔ counts statuses within the current search and gender scope (8.183958ms)
  ✔ treats a missing status as all statuses (7.107916ms)
  ✔ keeps avatar file health outside the pure database query (8.39525ms)
  ✔ does not derive avatar fingerprints during a database list query (9.636583ms)
  ✔ returns minimal avatar path candidates without inspecting files (7.489833ms)
✔ actressRepo.listActressPage (86.486958ms)
▶ actressRepo.clearActressMetadataRecord
  ✔ clears scraped profile fields while keeping main name and video links (9.180292ms)
  ✔ clears non-name metadata without claiming a migrated pending main name (8.63625ms)
  ✔ resets every cumulative state to unscraped and drops the success time (9.260875ms)
  ✔ keeps related links when clearing actress metadata (10.586917ms)
✔ actressRepo.clearActressMetadataRecord (37.784666ms)
▶ actress related links
  ✔ stores related links on an actress and returns them on detail (8.126959ms)
  ✔ unions related links on merge with the keeper first (10.889458ms)
✔ actress related links (19.103167ms)
▶ actressRepo.deleteUnlinkedActresses
  ✔ deletes every selected unlinked actress and returns its stored assets for cleanup (9.419333ms)
  ✔ rejects the whole batch when any selected actress still has a linked video (8.010375ms)
✔ actressRepo.deleteUnlinkedActresses (17.497584ms)
▶ actressRepo.mergeActresses
  ✔ merges videos, aliases, and gallery into the keeper (9.845666ms)
  ✔ rejects merging actresses with different genders (7.190959ms)
  ✔ can adopt the merged actress main name (8.145458ms)
  ✔ rolls back the whole merge when final main-name reconstruction fails (8.852708ms)
  ✔ rolls back the whole merge when alias reconstruction fails (8.666208ms)
  ✔ rejects the whole merge when any resulting name belongs to a third actress (8.4295ms)
  ✔ rejects the whole merge when the selected final main name belongs to a third actress (10.545625ms)
  ✔ resolves a migrated pending name claimed only by the two merged actresses (9.229625ms)
  ✔ preserves existing aliases without reapplying scraped-value heuristics (8.933416ms)
  ✔ deletes unusable keeper avatar assets after adopting the merged actress avatar (12.123917ms)
  ✔ keeps 未刮削 when merging 未刮削 into 未刮削 (11.146ms)
  ✔ keeps 刮削失败 when merging 刮削失败 into 未刮削 (13.003125ms)
  ✔ keeps 刮削成功 when merging 刮削成功 into 未刮削 (8.036ms)
  ✔ keeps 刮削失败 when merging 未刮削 into 刮削失败 (7.897667ms)
  ✔ keeps 刮削失败 when merging 刮削失败 into 刮削失败 (7.929625ms)
  ✔ keeps 刮削成功 when merging 刮削成功 into 刮削失败 (7.52475ms)
  ✔ keeps 刮削成功 when merging 未刮削 into 刮削成功 (8.533ms)
  ✔ keeps 刮削成功 when merging 刮削失败 into 刮削成功 (10.192334ms)
  ✔ keeps 刮削成功 when merging 刮削成功 into 刮削成功 (13.301375ms)
  ✔ keeps the newer success time when the keeper succeeded more recently (19.413125ms)
  ✔ ignores a success time left on a record that is not scraped successfully (8.091958ms)
✔ actressRepo.mergeActresses (207.688125ms)
▶ actressRepo.listActressesForBatchScrape
  ✔ filters by scope and missing fields (10.909625ms)
  ✔ filters actresses by cumulative scrape status (17.094833ms)
  ✔ combines gender and scrape status filters (13.070042ms)
  ✔ matches actresses missing any selected profile field (9.913792ms)
  ✔ limits batch targets to the explicitly selected actress ids (21.446292ms)
✔ actressRepo.listActressesForBatchScrape (72.59025ms)
▶ actressRepo.resolveEffectiveActressScrapeFields
  ✔ fillEmpty keeps only currently missing fields (11.915ms)
  ✔ fillEmpty treats broken avatar files as missing without mutating during planning (7.035041ms)
✔ actressRepo.resolveEffectiveActressScrapeFields (19.04975ms)
▶ actressRepo.clearBrokenActressAvatarIfNeeded
  ✔ includes broken avatars in batch missing-avatar targets (10.28125ms)
  ✔ clears broken avatar source and crop while keeping a usable display avatar (8.708416ms)
✔ actressRepo.clearBrokenActressAvatarIfNeeded (19.075583ms)
▶ actressRepo.getActressAvatarSourceInfo
  ✔ uses a legacy display avatar as the source without renderer fetch (11.103458ms)
  ✔ prefers the saved original source after an avatar bundle is created (14.282625ms)
✔ actressRepo.getActressAvatarSourceInfo (25.467916ms)
▶ actressRepo.setActressAvatarBundle
  ✔ persists avatar source, display, and crop; recrops without replacing the source (10.817042ms)
  ✔ adopts recognized legacy image bytes when native dimension probing is unavailable (9.795375ms)
  ✔ repairs an existing source whose stored extension does not match its bytes (8.825291ms)
  ✔ rejects invalid display bytes before writing the avatar bundle (12.342708ms)
  ✔ keeps source paths distinct for equal-length Chinese names with identical bytes (13.38375ms)
✔ actressRepo.setActressAvatarBundle (55.298166ms)
▶ actressRepo cumulative scrape status
  ✔ keeps an actress created by video scraping unscraped and exposes the status in detail (13.221542ms)
✔ actressRepo cumulative scrape status (13.263584ms)
▶ actressRepo cumulative scrape status maintenance invariants
  ✔ keeps 未刮削 and its success time through manual maintenance (16.593708ms)
  ✔ keeps 刮削成功 and its success time through manual maintenance (11.802875ms)
  ✔ keeps 刮削失败 and its success time through manual maintenance (11.775833ms)
✔ actressRepo cumulative scrape status maintenance invariants (40.264459ms)
▶ actressRepo.upsertActressFromScrape avatar adopt
  ✔ adopts a downloaded avatar into source+display+crop and drops the temp path (13.317958ms)
  ✔ gives equal-length Chinese names distinct avatar files from the same download bytes (11.706791ms)
  ✔ does not replace an existing usable avatar (7.290083ms)
✔ actressRepo.upsertActressFromScrape avatar adopt (32.411458ms)
▶ actressRepo.backfillActressGalleryAssetDimensions
  ✔ probes stored local files and fills missing gallery dimensions (9.721291ms)
✔ actressRepo.backfillActressGalleryAssetDimensions (9.754166ms)
▶ actressRepo query purity
  ✔ does not change database rows or stored resources when listing and reading details (10.560333ms)
✔ actressRepo query purity (10.594375ms)
▶ actressRepo.posterPath
  ✔ clears the poster when the referenced gallery image is deleted (7.925917ms)
✔ actressRepo.posterPath (7.961125ms)
▶ actressRepo.replaceActressGalleryAssets
  ✔ keeps local paths that remain in the replaced asset set (11.720042ms)
✔ actressRepo.replaceActressGalleryAssets (11.752125ms)
▶ actressRepo.recordActressScrapeFailure
  ✔ records failure without writing a success time or changing profile fields (10.235833ms)
✔ actressRepo.recordActressScrapeFailure (10.27475ms)
▶ actressRepo.markActressScrapeSucceeded
  ✔ promotes an unscraped actress and stamps the missing success time (9.836541ms)
  ✔ promotes a failed actress and stamps the missing success time (9.742166ms)
  ✔ keeps an existing success time instead of restamping it (13.156875ms)
  ✔ stamps a success time over a blank stored time (9.200041ms)
  ✔ rejects marking an actress that does not exist (9.016916ms)
✔ actressRepo.markActressScrapeSucceeded (51.279542ms)
▶ actressRepo.applyActressScrapeResult
  ✔ keeps every selected field plan aligned with the replace database result (18.786041ms)
  ✔ keeps every selected field plan aligned with the fillEmpty database result (22.354417ms)
  ✔ keeps every selected field plan aligned with the replaceIfPresent database result (13.081917ms)
  ✔ does not backfill gallery metadata while building a read-only plan (8.496542ms)
  ✔ plans and applies a fillEmpty avatar over a broken stored path consistently (10.469125ms)
  ✔ previews replace clears without changing the actress or deleting assets (12.967333ms)
  ✔ does not claim a scrape was applied when every returned alias is unusable (10.682042ms)
  ✔ rolls back profile data and cumulative success when gallery persistence fails (14.274334ms)
  ✔ skips invalid downloaded avatars while applying other profile fields (11.318917ms)
  ✔ replace keeps manual crop when scraped avatar bytes match existing source (10.469458ms)
  ✔ replace adopts a new avatar when scraped bytes differ from existing source (11.942292ms)
  ✔ replace clears an existing avatar when the source returns no avatar (10.450667ms)
  ✔ replace preserves an existing avatar when a returned avatar fails to download (9.231209ms)
  ✔ fillEmpty preserves existing measurement values while filling missing ones (9.421584ms)
  ✔ replaceIfPresent updates existing profile values while preserving null scrape results (7.4495ms)
  ✔ replace clears every selected non-avatar field when the matched source returns no values (10.576959ms)
  ✔ replaceIfPresent rejects all fields when every returned alias conflicts (13.677792ms)
  ✔ fillEmpty does not report success when measurements only repeat a filled component (8.033ms)
  ✔ rejects the whole scraped result when any alias has another owner (10.65375ms)
  ✔ treats canonically equivalent scraped aliases as conflicts (14.003875ms)
✔ actressRepo.applyActressScrapeResult (238.751959ms)
▶ AgentMetadataDraftRepo
  ✔ keeps one ready draft per target and returns superseded staging paths (8.037667ms)
  ✔ advances review revisions and stores an idempotent terminal outcome (9.664334ms)
  ✔ fails closed when a stored draft uses an unsupported adapter version (11.55725ms)
✔ AgentMetadataDraftRepo (29.89525ms)
✔ detects local writes, external commits and connection replacement without changing schema (16.067667ms)
▶ home discovery repo
  ✔ returns one bounded status summary for every visible media library (11.488458ms)
  ✔ uses membership time for recent additions and deduplicates shared videos (8.231416ms)
  ✔ keeps a discovery batch stable until the seed changes (9.880875ms)
  ✔ does not recommend a membership that has no playable resource in an eligible library (9.097958ms)
  ✔ does not recommend a local-only membership whose media-library root is disabled (8.552916ms)
  ✔ excludes managed resources owned by pending-removal or archived roots (5.294666ms)
  ✔ keeps rootless external links and active-root local or STRM resources eligible (4.314916ms)
  ✔ does not accept a managed resource whose root belongs to another library (6.833584ms)
  ✔ binds a shared recommendation to the source membership that has its playable resource (5.829792ms)
  ✔ searches globally without duplicates and honors an explicit library filter (4.313125ms)
  ✔ excludes libraries disabled for home discovery (8.956834ms)
  ✔ matches global ranking across cursor wrap, equal keys and hidden shared memberships (8491.138667ms)
  ✔ keeps large recent and discovery loads bounded and index-backed (35.345833ms)
  ✔ paginates a large global search without duplicates or per-row queries (54.447458ms)
✔ home discovery repo (8665.121375ms)
▶ libraryCleanup
  ✔ collects actress hints from a video (12.180791ms)
  ✔ prunes stub actresses after video links are removed (8.526625ms)
  ✔ does not prune an actress with meaningful profile data (6.364041ms)
  ✔ deletes tags that are no longer linked to any video (7.194792ms)
✔ libraryCleanup (34.9225ms)
▶ library membership repo
  ✔ creates an idempotent explicit membership with a stable discovery key (10.243666ms)
  ✔ removes only the selected library membership (3.101292ms)
  ✔ rejects archived or missing libraries (3.0655ms)
  ✔ recognizes only visible memberships in an active library surface (4.289875ms)
  ✔ does not automatically remove a resource-less membership referenced by a playlist (3.814667ms)
✔ library membership repo (25.320083ms)
▶ libraryScanRepo latest snapshot
  ✔ updates the pending path after a rename without rewriting the original scan audit (10.925209ms)
  ✔ returns summary, audit, and unrecognized files only from the requested library (7.835917ms)
  ✔ transactionally settles scan runs abandoned by the previous process (11.371958ms)
  ✔ releases archive and root-migration busy gates after restart recovery (11.874ms)
  ✔ returns an empty snapshot before the first run and rejects an unknown library (8.862125ms)
✔ libraryScanRepo latest snapshot (51.6245ms)
▶ mediaLibraryRepo
  ✔ creates a library, typed config, and canonical root projection atomically (14.1125ms)
  ✔ projects pending scan counts once per library without multiplying across roots (8.430375ms)
  ✔ keeps library and config revisions independent and rejects stale writes (10.416791ms)
  ✔ rejects same, parent, child, and realpath-alias roots across active libraries (8.095125ms)
  ✔ lets disabled roots release paths and revalidates them before enabling (11.96275ms)
  ✔ preserves continuity-owned root identities while allowing empty roots to rebind (33.284167ms)
  ✔ rejects archived-library restore when any continuity-owned root changed identity (18.618917ms)
  ✔ rejects ordinary edits while a root is pending removal or archived (11.327959ms)
  ✔ requires explicit migration or cleanup before changing a root-owned path (13.086792ms)
  ✔ archives roots atomically, releases their paths, and rechecks on restore (11.582125ms)
  ✔ scopes local and STRM source identity while disabled and archived roots release paths (17.730417ms)
  ✔ protects the default library and refuses to archive pending root cleanup (12.201541ms)
  ✔ requires a non-default library to be archived before preview or permanent deletion (16.915292ms)
  ✔ deletes roots and non-default libraries using the current library revision (9.643958ms)
  ✔ blocks archiving and deletion while root cleanup is active (10.116083ms)
  ✔ blocks archiving and deletion while a scan run is active (8.794ms)
  ✔ rejects a deletion preview made stale by global video lifecycle changes (18.532917ms)
  ✔ invalidates deletion impact when another library changes the exclusive-video count (11.150666ms)
  ✔ previews all owned data and permanently deletes only database ownership (17.502208ms)
  ✔ returns a frozen scan snapshot containing only active roots (10.807458ms)
  ✔ projects independently configured automatic scan state in stable library order (12.849041ms)
  ✔ accepts offline absolute roots but rejects relative paths and files (7.356291ms)
  ✔ does not let direct disabled-root deletion cascade diagnostic records (11.909167ms)
  ✔ atomically freezes the filesystem identity when an offline root first comes online (10.779792ms)
  ✔ rejects scan-time identity binding for an identity-less root with resource ownership (10.263083ms)
  ✔ rejects scan-time identity binding for an identity-less root with pending ownership (8.79375ms)
  ✔ rejects scan-time identity binding for an identity-less root with unrecognized ownership (21.787333ms)
  ✔ rejects activation of an identity-less disabled root with owned resources (13.048584ms)
  ✔ rejects restore of an identity-less archived root with owned resources (10.685375ms)
  ✔ rejects a newly-online alias of another active root without partially binding it (14.773334ms)
✔ mediaLibraryRepo (397.813875ms)
▶ media-library root migration repo
  ✔ previews and atomically migrates root-owned state without touching disk or global videos (11.110292ms)
  ✔ uses the shared availability-aware promotion rule within the source library and video (8.260458ms)
  ✔ rejects stale previews and rolls the entire migration back (5.107959ms)
  ✔ rejects resource or pending changes made after preview even when library revisions are unchanged (4.229417ms)
  ✔ moves terminal cleanup history to the replacement root during preview-confirmed migration (4.102791ms)
  ✔ rejects a stale migration preview when terminal cleanup history changes (3.959125ms)
  ✔ rolls back every dataset when a late migration write fails (3.971458ms)
  ✔ fails closed while either library has an active scan or cleanup job (6.872ms)
  ✔ treats a failed legacy cleanup waiting marker as active work in preview and commit (6.408292ms)
  ✔ rejects target resource conflicts before mutation (4.20675ms)
  ✔ rejects target unrecognized-file conflicts before mutation (3.516875ms)
  ✔ rejects target pending-scan path conflicts during preview (2.969125ms)
  ✔ moves a disabled root without enabling it in the target library (4.9085ms)
✔ media-library root migration repo (70.604792ms)
▶ database schema
  ✔ adds STRM source identity without changing existing resource identity or link deduplication (11.7945ms)
  ✔ allows duplicate codes while enforcing complete video business identity (6.282667ms)
  ✔ upgrades video identity without changing ids, resources, or site sources (4.196667ms)
  ✔ leaves a v10 database untouched when normalized business identities conflict (0.4715ms)
  ✔ migrates legacy classification text into stable entities and retires legacy storage (8.095209ms)
  ✔ retires v8 text storage without changing video metadata, entity ids, or child resources (34.345209ms)
  ✔ stores classification profiles, hierarchy, roles, links, and video references (7.259042ms)
  ✔ rolls back the complete classification migration when entity creation fails (3.316333ms)
  ✔ rolls back classification entities when retiring legacy storage fails (4.1585ms)
  ✔ migrates uncontested names to ownership and preserves cross-actress collisions for review (16.548792ms)
  ✔ rolls back name ownership data and schema version when migration fails (13.853417ms)
  ✔ creates the current schema and records user_version (9.049334ms)
  ✔ migrates v6 video files to local resources without losing data (12.96775ms)
  ✔ migrates released v1 inline video files and removes the obsolete write constraint (30.179417ms)
  ✔ rejects databases newer than the supported schema version (0.438458ms)
  ✔ upgrades v1 actresses table with avatar source columns (12.566584ms)
  ✔ upgrades v2 actress names to one current primary name without removing visible names (15.604041ms)
  ✔ leaves current-version databases unchanged (0.305375ms)
  ✔ classifies v3 actresses only when a success time has actual profile evidence (10.108958ms)
  ✔ keeps the migrated classification unchanged when migration is run again (14.825333ms)
  ✔ rolls back the whole actress status migration when classification fails (1.731291ms)
✔ database schema (220.555291ms)
▶ V14 unreleased feature consolidation migration
  ✔ creates a fresh database with one active default media library (11.520833ms)
  ✔ upgrades released V13 data while keeping playlist import sessions out of the schema (5.273417ms)
  ✔ scopes pending path identity to each library in the final V14 schema (5.923ms)
  ✔ enforces one primary per membership while archived sources can be adopted by another library (5.9575ms)
  ✔ rolls back V14 when released source paths normalize to the same identity (1.132542ms)
✔ V14 unreleased feature consolidation migration (30.450584ms)
▶ V15 local NFO import migration
  ✔ creates fresh V15 databases with automatic import enabled and identity constraints (5.480459ms)
  ✔ upgrades V14 rows, preserves the default, and enforces minimal pending identity snapshots (0.819958ms)
  ✔ rolls the migration back and leaves user_version at V14 on schema conflict (0.3485ms)
✔ V15 local NFO import migration (7.033083ms)
✔ adds the cleanup queue and later indexes when upgrading V15 and preserves old business data and damaged diagnostic state (7.1145ms)
✔ rolls back both DDL and version when V16 fails after table creation, then upgrades on retry (7.994916ms)
✔ upgrades V16 without changing any business rows or other schema and matches fresh V17 (24.754375ms)
✔ rolls back index DDL and version after drop failure, then retries (12.26ms)
✔ rolls back index DDL and version after create failure, then retries (7.541459ms)
▶ getLibraryOverviewStats
  ✔ returns aggregate library counts (20.935167ms)
  ✔ counts actress cumulative status from scraped_status, not last_scraped_at (12.318333ms)
✔ getLibraryOverviewStats (33.911ms)
▶ pending resource identity repository
  ✔ persists the minimum conflict snapshot while exposing only safe presentation fields (18.631084ms)
  ✔ upserts one conflict per library path and enforces revision when deleting (16.770833ms)
  ✔ rejects paths outside the root, equal identities, and malformed STRM snapshots (10.655875ms)
  ✔ removes missing conflicts only under roots proven accessible by a safe scan (11.226292ms)
✔ pending resource identity repository (57.941834ms)
▶ pendingScanRepo media-library scope
  ✔ keeps same-code groups and resource lookups isolated between libraries (16.349209ms)
  ✔ allows the same normalized path in different libraries while deduplicating inside each library (11.816875ms)
  ✔ rejects a root or group that belongs to another library (11.013458ms)
  ✔ increments revision on upsert and rejects a stale resolution atomically (14.992166ms)
  ✔ can assign the same global video in two libraries without crossing resources (18.553583ms)
  ✔ reconciles only selected roots in the selected library and bumps surviving groups (11.519541ms)
  ✔ refreshes a changed STRM snapshot and forces the caller to review the new revision (13.176875ms)
  ✔ moves an already-pending path to the new same-library code without leaving an empty group (18.186083ms)
  ✔ rolls back resources, memberships, and videos if final group deletion fails (12.569375ms)
✔ pendingScanRepo media-library scope (129.121042ms)
✔ counts a large pending inbox without decoding its snapshots and follows deletions (93.895458ms)
▶ playlistRepo
  ✔ paginates and filters identically to the full playlist without losing zero-resource rows (55.542958ms)
  ✔ limits a large playlist before returning card details (166.807416ms)
  ✔ keeps metadata out of subsequent video-page queries (9.809625ms)
  ✔ creates playlists with required name and optional fields (13.322459ms)
  ✔ adds videos once per playlist and lists detail videos (10.794541ms)
  ✔ keeps playlist references visible across hidden, archived and missing memberships (13.334041ms)
  ✔ updates playlist metadata and custom cover (7.785791ms)
  ✔ reports video membership and removes videos (9.289584ms)
  ✔ allows one video in multiple playlists without duplicates in one playlist (7.249ms)
  ✔ rejects blank playlist names (7.833583ms)
  ✔ stores related links on create and update (8.566542ms)
✔ playlistRepo (311.215167ms)
✔ opens a separate read-only WAL connection with matching SQL functions and no migration (20.217917ms)
✔ keeps a read snapshot while the writer commits and observes it on the next transaction (10.3385ms)
✔ rejects missing, old, newer and non-WAL catalogs without initializing or migrating them (3.944959ms)
✔ does not publish an unsuccessfully initialized writer and permits a subsequent valid initialization (13.015541ms)
▶ scoped video catalog repo
  ✔ keeps list resources and membership time inside one library (5.977291ms)
  ✔ loads detail from the injected database and projects only the active library resources (3.149875ms)
  ✔ deduplicates global results and selects the newest eligible membership (5.153041ms)
  ✔ interprets the none resource filter within the selected scope (3.078ms)
  ✔ treats an archived media-library scope as unavailable (5.158334ms)
  ✔ rejects invalid scope ids before building SQL (4.727625ms)
  ✔ keeps fixed actor and tag filters unique across shared and hidden memberships (7.930708ms)
  ✔ normalizes a single active library and serves no-count pages with identical ordering (11.538ms)
  ✔ uses bounded indexed queries for a large scoped page (27.781667ms)
✔ scoped video catalog repo (75.1725ms)
▶ tagRepo.pruneUnusedTags
  ✔ deletes tags with no video links and keeps tags still used by a video (9.7245ms)
✔ tagRepo.pruneUnusedTags (10.103916ms)
▶ tagRepo selected labels
  ✔ looks up only selected IDs through the tag primary key and omits deleted IDs (38.909666ms)
  ✔ bounds display labels and JSON bytes without changing full stored names (13.714541ms)
  ✔ rejects invalid or oversized requests and does no SQL work for an empty selection (8.840083ms)
✔ tagRepo selected labels (61.662917ms)
▶ tagRepo manual candidates
  ✔ pages alphabetically without counts and retains hidden/manual-only associations (21.91075ms)
  ✔ preserves Unicode/literal substring matching and searches beyond display truncation (7.426792ms)
  ✔ uses tag-key existence checks under skewed statistics and validates its work limits (13.047334ms)
✔ tagRepo manual candidates (42.533916ms)
▶ tagRepo active catalog projection
  ✔ matches manual association and visibility semantics before and after statistics maintenance (39.863417ms)
  ✔ deduplicates shared memberships and preserves manual origin and zero-count tags (7.064333ms)
  ✔ counts only videos that can be opened through the active visible catalog (7.128916ms)
✔ tagRepo active catalog projection (54.146125ms)
▶ tagRepo filter candidates
  ✔ paginates names before counts and matches global visibility counts with shared and archived members (11.185542ms)
  ✔ keeps Unicode literal search, bounded labels and page-only count parameters (34.752708ms)
✔ tagRepo filter candidates (46.003458ms)
▶ video lifecycle repo
  ✔ removes only one library membership and replays the same operation idempotently (10.576916ms)
  ✔ moves one external resource and keeps each library primary isolated (5.939458ms)
  ✔ promotes an available source fallback by kind and add time without crossing ownership scope (10.655416ms)
  ✔ rejects moving a local or STRM-managed source without transferring its root (4.119333ms)
  ✔ treats archived source libraries as read-only (4.592292ms)
  ✔ rejects a stale preview and globally deletes only after a fresh explicit preview (9.787667ms)
  ✔ invalidates a global-delete preview when any displayed relationship changes (5.496542ms)
✔ video lifecycle repo (51.825667ms)
▶ videoRepo.scrapeStatus
  ✔ does not downgrade an already scraped video when a later scrape fails (14.219ms)
  ✔ can manually mark an unscraped or failed video as scraped (9.50975ms)
✔ videoRepo.scrapeStatus (24.126042ms)
▶ videoRepo.listVideos
  ✔ rejects attempts to restore classification text storage through generic updates (11.67075ms)
  ✔ sorts and paginates videos (11.859667ms)
  ✔ sorts facet videos by release date desc with missing dates last (11.372667ms)
  ✔ filters by status, year and facet fields (9.704334ms)
  ✔ applies multi-tag AND filters (7.91825ms)
  ✔ filters resource kinds with OR semantics and treats no-resource as zero rows (11.7275ms)
  ✔ projects resource count and primary-first deduplicated resource kinds (12.705709ms)
  ✔ searches videos by actress alias (15.542875ms)
  ✔ preserves SQL LIKE pattern matching in the video search actress branch (8.135084ms)
  ✔ excludes migrated pending actress names from video search (9.880291ms)
✔ videoRepo.listVideos (110.846916ms)
▶ videoRepo.getVideoDetail
  ✔ lists female cast before male cast (10.736833ms)
  ✔ includes external rating stats (7.584042ms)
✔ videoRepo.getVideoDetail (18.39275ms)
▶ videoRepo.setPrimaryVideoResource
  ✔ automatically marks the first resource as primary (7.734959ms)
  ✔ keeps the current primary when a requested primary insert is a duplicate (10.695417ms)
  ✔ marks one resource as primary and clears the previous primary (7.744292ms)
✔ videoRepo.setPrimaryVideoResource (26.253ms)
▶ videoRepo.posterPath
  ✔ clears the poster when the referenced sample is deleted (7.182917ms)
✔ videoRepo.posterPath (7.219125ms)
▶ videoRepo.listVideosForBatchScrape
  ✔ filters by scrape status (7.37175ms)
  ✔ can constrain batch targets to explicit selected video ids (7.746458ms)
  ✔ filters missing fields by stored path or link, not file health (8.478ms)
✔ videoRepo.listVideosForBatchScrape (23.675584ms)
▶ videoRepo tags by origin
  ✔ orders scraped tags before manual tags in detail (10.336334ms)
  ✔ editVideoRecord only replaces scraped tags (8.128667ms)
  ✔ editVideoRecord drops unused scraped tags while keeping tags still used elsewhere (8.381917ms)
  ✔ clearVideoMetadataRecord deletes unused scraped tags and keeps manual tags (9.1165ms)
  ✔ editVideoRecord replaces female and male cast separately (8.761709ms)
  ✔ removeManualVideoTag only removes manual tags (8.758042ms)
  ✔ removeManualVideoTag keeps tag when scraped associations remain (7.734292ms)
  ✔ promotes scraped tag to manual when adding the same name (8.429833ms)
✔ videoRepo tags by origin (69.83875ms)
▶ classification IPC contract
  ✔ registers every command and forwards typed arguments to the public services (2.700792ms)
✔ classification IPC contract (3.466625ms)
▶ IPC path guards
  ✔ rejects a rename that contains a path component (1.074208ms)
  ✔ authorizes only files under the selected active root (2.918833ms)
  ✔ rejects a path when the persisted root has been replaced (1.817208ms)
  ✔ rejects a file that escapes a configured root through a symbolic link (2.053625ms)
✔ IPC path guards (8.825334ms)
▶ IPC sender security
  ✔ accepts the configured main window and main frame (0.523958ms)
  ✔ rejects another webContents, a child frame, and an untrusted URL (0.26875ms)
  ✔ matches dev origins but requires the exact production file (0.087917ms)
✔ IPC sender security (1.269041ms)
▶ media-library IPC schemas
  ✔ accepts the complete default config sent by the create wizard, including local NFO import (1.736875ms)
  ✔ accepts boolean local NFO settings on update and rejects malformed values on both paths (4.186333ms)
  ✔ accepts exact management commands and rejects loose object shapes (4.87075ms)
  ✔ rejects invalid ids and revisions on every optimistic command shape (0.431292ms)
  ✔ strictly validates home discovery and global-search inputs (0.509ms)
✔ media-library IPC schemas (12.405542ms)
▶ media-library IPC handlers
  ✔ registers the complete contract and forwards validated arguments (0.955875ms)
  ✔ rejects malformed calls before a dependency is invoked (0.933666ms)
  ✔ preserves root continuity domain errors across validated IPC handlers (0.177833ms)
✔ media-library IPC handlers (2.191083ms)
▶ NFO export IPC schemas
  ✔ accepts the complete closed plan request and rejects missing or extra state (3.845875ms)
✔ NFO export IPC schemas (5.283208ms)
▶ playlist import renderer lifecycle
  ✔ binds every recreated renderer once and cancels only on full navigation or loss (0.387834ms)
  ✔ cancels a non-terminal foreground import when its renderer disconnects (0.652459ms)
  ✔ leaves terminal imports untouched (0.09775ms)
✔ playlist import renderer lifecycle (1.541291ms)
▶ scan latest IPC handler
  ✔ validates libraryId and forwards the scoped latest snapshot (1.377042ms)
✔ scan latest IPC handler (1.711541ms)
▶ scrape IPC schemas
  ✔ strictly validates media-library-scoped video batch scrape commands (1.61975ms)
  ✔ validates the optional media-library scope on single-video scrape commands (0.131375ms)
✔ scrape IPC schemas (2.09ms)
✔ validates manual tag candidate bounds and existing-tag identities (1.660958ms)
✔ bounds selected tag label IPC requests before repository access (0.316542ms)
▶ typed IPC adapter
  ✔ does not expose the legacy unreviewed video deletion command (0.926417ms)
  ✔ forwards command arguments and returns the application result (0.145458ms)
  ✔ rejects malformed arguments before invoking the application handler (0.594833ms)
  ✔ accepts link-resource updates without an import-only target (0.562ms)
  ✔ only accepts metadata retention when removing a last video resource (0.077625ms)
  ✔ accepts one exact plugin approval decision and rejects malformed decisions (0.2545ms)
  ✔ accepts only explicit plugin continuation kinds (0.092792ms)
  ✔ accepts only typed plugin user responses with request-bound actions (1.824041ms)
  ✔ accepts plugin history clearing only without renderer-supplied run ids (0.074334ms)
  ✔ accepts unrecoverable plugin-session discard only without renderer-supplied run ids (0.045666ms)
  ✔ keeps legacy model limits out of the generic settings mutation contract (2.381917ms)
  ✔ validates playlist import start and identity controls at the IPC boundary (0.944625ms)
  ✔ requires the path-removal impact revision at the settings boundary (0.126791ms)
  ✔ accepts only the structured model-management command vocabulary (0.551708ms)
  ✔ serializes successful results and thrown errors (0.862542ms)
  ✔ sends the contracted event payload unchanged (0.347208ms)
✔ typed IPC adapter (10.527709ms)
▶ video query IPC schemas
  ✔ accepts and normalizes a complete list query at every VideoQuery boundary (2.858792ms)
  ✔ rejects malformed fields consistently for lists and global search (5.464375ms)
  ✔ strictly validates catalog scopes and video detail identifiers (0.834375ms)
✔ video query IPC schemas (9.97925ms)
▶ main window asset paths
  ✔ resolves preload and renderer from the app root when appMain is emitted as a chunk (0.345709ms)
✔ main window asset paths (0.6545ms)
▶ LocalNfoSourceAdapter
  ✔ reads its own exported samples with a separate background (portable-v1) (10.412292ms)
  ✔ reads its own exported samples with a separate background (jellyfin-current) (2.452166ms)
  ✔ reads its own exported samples with a separate background (emby-kodi-conservative) (1.64075ms)
  ✔ reads its own exported samples with a separate background (plex-nfo-1.43.1+) (1.446458ms)
  ✔ reads its own exported samples with a separate background (infuse-current) (1.346375ms)
  ✔ keeps explicit and discovered samples scoped to their video in a shared directory (1.672166ms)
  ✔ collects one candidate per physical NFO with local asset capabilities and no paths (3.140875ms)
  ✔ uses explicit gender, then existing actor gender, then dialect default (0.828209ms)
  ✔ keeps actress avatar positions aligned after gender field projection (2.462917ms)
  ✔ reads legacy and Kodi actor filenames and follows explicit references for repeated spaces (4.870583ms)
  ✔ treats no sidecar as a quiet no-match and excludes mismatched NFO identity (1.568084ms)
✔ LocalNfoSourceAdapter (32.782959ms)
▶ videoMetadataCandidateStager
  ✔ stages remote and managed-root assets without persisting host paths (11.234417ms)
✔ videoMetadataCandidateStager (11.974166ms)
▶ WebScraperSourceAdapter
  ✔ passes the stored code to legacy plugins unchanged while comparing normalized identities (0.740709ms)
  ✔ collects exact candidates with declared remote assets and source evidence (0.936083ms)
✔ WebScraperSourceAdapter (2.044417ms)
▶ VideoMetadataSourceRegistry
  ✔ resolves stable source ids while preserving legacy plugin-name lookup (0.116167ms)
✔ VideoMetadataSourceRegistry (0.164125ms)
✔ exports oriented/cropped artwork with the shipped Electron codec and encrypted asset store (462.567833ms)
▶ NfoExportModule
  ✔ inspects each plan anchor once and reuses the returned canonical directory (9.803667ms)
  ﹣ accepts alternate Windows path spellings for the same physical export directory (0.259917ms) # Windows path aliases are case-insensitive
  ✔ reads selected images linearly and isolates assets that fail or change after planning (415.968292ms)
  ✔ shares identical actor avatars across videos and removes references to conflicting content (48.452333ms)
  ✔ plans without writing and applies an exact-stem NFO plus portable cover (20.64125ms)
  ✔ keeps the default skip policy and rejects a changed target under replace (12.709666ms)
  ✔ marks every planned file stale when source metadata changes (2.043292ms)
  ✔ exports a local STRM source anchor and counts resources without anchors separately (2.004834ms)
  ✔ terminates only between files and leaves completed atomic writes intact (10.234334ms)
  ✔ isolates an image conversion failure from the NFO write (10.55875ms)
  ✔ reports an atomic write failure per item and continues later files (3.147542ms)
  ✔ exports samples as separate attachments and reads them back without background images (50.183917ms)
  ✔ marks colliding sanitized actor avatar targets and omits ambiguous NFO references (17.222375ms)
  ✔ treats case, Unicode and space-to-underscore actor targets as collisions (2.022ms)
  ✔ makes Windows device actor names portable before planning their target (1.89875ms)
  ✔ keeps unreadable selected images as unavailable plan items without blocking NFO (12.76875ms)
  ✔ warns about requested missing artwork, avatars, and populated fields omitted by a profile (2.303792ms)
  ✔ uses the video stem itself for Infuse cover output and local reference (15.923625ms)
  ✔ plans each physical resource, deduplicates identical targets, and warns only on same-directory identity collisions (2.707208ms)
  ✔ reports real read-only directory failures without leaving temporary files (2.300083ms)
  ✔ rejects a sample-directory symlink introduced after planning (20.699292ms)
  ✔ does not fingerprint a nested export target through a pre-existing symlink (2.5055ms)
  ✔ revalidates a skip target parent before following a newly introduced symlink (15.984833ms)
  ✔ creates consumer-readable sidecars and preserves an existing target mode on replace (16.064875ms)
✔ NfoExportModule (700.365ms)
▶ NFO export profiles
  ✔ renders all public profiles as valid movie XML without database identities (10.642ms)
  ✔ applies profile-specific conservative fields and keeps background separate from samples (0.29325ms)
  ✔ canonicalizes and deduplicates Plex rating source aliases (0.678458ms)
  ✔ reports populated fields that the selected profile cannot represent (0.096958ms)
✔ NFO export profiles (12.135042ms)
▶ SqliteNfoExportRepository
  ✔ projects exportable metadata while excluding personal rating and watch state (12.543833ms)
✔ SqliteNfoExportRepository (13.166541ms)
▶ NFO export renderer diagnostics
  ✔ redacts POSIX and Windows absolute paths while preserving the reason (1.443125ms)
✔ NFO export renderer diagnostics (2.472875ms)
▶ NfoExportTaskController
  ✔ keeps planning leases until an asynchronous plan settles, including disposal and failures (1.108333ms)
  ✔ holds both leases from plan through apply and releases them at terminal state (3.525583ms)
  ✔ releases leases when a plan is discarded or planning fails (0.353417ms)
  ✔ requests termination and waits for apply before process disposal releases leases (1.451084ms)
  ✔ does not acquire an asset lease when another maintenance task owns the gate (0.341416ms)
✔ NfoExportTaskController (7.455917ms)
▶ NFO export main-window guard
  ✔ binds recreated windows and disposes a foreground task when their renderer is lost (0.910333ms)
  ✔ prevents navigation while a plan or task owns the foreground (0.221709ms)
  ✔ keeps the window open during a running export but allows the coordinated quit path (0.099625ms)
  ✔ releases a held preview plan and allows navigation instead of treating it as a running task (0.067458ms)
✔ NFO export main-window guard (2.03675ms)
▶ NFO artifact codec
  ✔ accepts the four synthetic third-party dialect fixtures (4.030209ms)
  ✔ round-trips five canonical Javdex fixtures with stable UTF-8 and LF output (3.970917ms)
  ✔ normalizes the MDC dialect and prefers structured ratings over its scalar duplicate (0.274792ms)
  ✔ normalizes MDCx, Javinizer, and JavSP field variants (0.299708ms)
  ✔ reports unknown legal tags and remote artwork without retaining remote URLs as assets (0.1605ms)
  ✔ rejects DTD, entities, oversized input, excessive depth, node count, and field size (15.93675ms)
✔ NFO artifact codec (25.189791ms)
▶ NFO sidecar locator
  ✔ prefers exact stem and reports a differing movie.nfo without exposing either path (5.615917ms)
  ✔ uses movie.nfo only for one anchor or one logical code and rejects mixed directories (3.339084ms)
  ✔ deduplicates physical sidecars and rejects symlink escapes at issue and read time (20.892417ms)
✔ NFO sidecar locator (30.427208ms)
▶ parseCode
  ✔ parses standard codes (1.187709ms)
  ✔ parses 規格品番 ADV-R and ADV-SR (0.069167ms)
  ✔ does not mis-parse ADV-R0484 as R0-484 (0.058583ms)
  ✔ parses FC2 and Heyzo (0.051959ms)
  ✔ parses DMM h_ prefix (0.043208ms)
  ✔ parses date-based uncensored ids (0.038167ms)
  ✔ extracts code after @ in filename (0.044125ms)
  ✔ returns null for noise-only names (0.049583ms)
  ✔ rejects no-hyphen and short-prefix patterns (0.077167ms)
✔ parseCode (2.0805ms)
▶ libraryScanAuditStore
  ✔ atomically replaces and restores the complete latest audit (12.580459ms)
  ✔ fails closed for malformed audit documents (2.579042ms)
  ✔ reads schema 2 NFO dispositions while retaining schema 1 compatibility (1.315208ms)
✔ libraryScanAuditStore (17.160334ms)
▶ ScanCoordinator
  ✔ coalesces display progress while preserving per-file callbacks and the final event (17.40475ms)
  ✔ flushes pending progress before a failure without delaying the failure event (0.524125ms)
  ✔ binds an offline-created root identity and refreshes the frozen snapshot before scanning (0.73375ms)
  ✔ persists matching complete audit details with the latest summary (0.548166ms)
  ✔ publishes scan lifecycle events for every trigger (0.207875ms)
  ✔ uses one frozen configuration snapshot for the complete run (0.296792ms)
  ✔ reconciles resource identity pending rows only under roots proven safe after traversal (0.277833ms)
  ✔ preserves offline roots and removes only missing local resources under accessible roots (0.473459ms)
  ✔ aborts cleanup when a local path cannot be audited (0.398417ms)
  ✔ treats a root that becomes unreadable after traversal as offline (0.164708ms)
  ✔ rechecks the frozen root identity immediately before cleanup writes (0.157541ms)
  ✔ does not run cleanup after cancellation and releases the mutual-exclusion lease (0.203208ms)
  ✔ keeps resources after a coordinator-level failure (0.1355ms)
  ✔ skips every destructive cleanup after a file processing failure (0.079083ms)
  ✔ replaces the unrecognized-file snapshot after every safe completed scan (0.113959ms)
  ✔ completes safe cleanup with errors when failures are isolated to STRM files (0.122708ms)
  ✔ consumes deferred path cleanup only after a successful uncancelled scan (0.10525ms)
  ✔ keeps deferred path cleanup queued after a partial folder scan (0.083916ms)
  ✔ allows a full cleanup-only scan after the final configured folder was removed (0.054334ms)
  ✔ preserves all three cleanup audit sequences above the argument limit (316.237041ms)
  ✔ removes resource-less memberships after deferred cleanup on a safe full scan (0.262417ms)
  ✔ persists a sanitized failed summary without running destructive cleanup (0.218334ms)
  ✔ rolls back resource cleanup and keeps pending roots when auto-delete fails (0.615834ms)
  ✔ keeps pending roots when the cleanup transaction cannot commit (0.180375ms)
  ✔ rejects duplicate scans and scans blocked by resource maintenance (20.443542ms)
✔ ScanCoordinator (360.891584ms)
▶ scanFolders
  ✔ rejects an archived library atomically when manual import resumes after probing (11.463667ms)
  ✔ rejects manual import when the root is physically replaced while duration probing is suspended (9.817042ms)
Scan error for /var/folders/h4/zxrt6zwx6dv1n16kwxzltqgh0000gn/T/javdex-scan-aubrFH/scan-replaced-root/RACE-003.mp4 Error: 只能操作身份有效的启用媒体库根目录内文件
    at rejectManagedRootFile (/Users/nut/Project/JavdexLabs/Javdex/src/main/services/mediaLibraryRootFileGuard.ts:32:9)
    at requireCurrentRootIdentity (/Users/nut/Project/JavdexLabs/Javdex/src/main/services/mediaLibraryRootFileGuard.ts:86:5)
    at assertRootFile (/Users/nut/Project/JavdexLabs/Javdex/src/main/services/mediaLibraryRootFileGuard.ts:98:27)
    at assertMediaLibraryRootFile (/Users/nut/Project/JavdexLabs/Javdex/src/main/services/mediaLibraryRootFileGuard.ts:170:3)
    at authorizeMediaLibraryRootFile (/Users/nut/Project/JavdexLabs/Javdex/src/main/services/mediaLibraryRootFileGuard.ts:230:3)
    at authorizeFileWrite (/Users/nut/Project/JavdexLabs/Javdex/src/main/scanner/scanner.ts:656:7)
    at scanFolders (/Users/nut/Project/JavdexLabs/Javdex/src/main/scanner/scanner.ts:1142:7)
    at async TestContext.<anonymous> (/Users/nut/Project/JavdexLabs/Javdex/src/main/scanner/scanner.test.ts:447:20)
    at async Test.run (node:internal/test_runner/test:1332:7)
    at async Suite.processPendingSubtests (node:internal/test_runner/test:911:7)
  ✔ keeps scan state unchanged when a frozen root is physically replaced during probing (14.440208ms)
Scan error for /var/folders/h4/zxrt6zwx6dv1n16kwxzltqgh0000gn/T/javdex-scan-5oUEgN/rename-import-replaced-root/RACE-004.mp4 Error: 只能操作身份有效的启用媒体库根目录内文件
    at rejectManagedRootFile (/Users/nut/Project/JavdexLabs/Javdex/src/main/services/mediaLibraryRootFileGuard.ts:32:9)
    at requireCurrentRootIdentity (/Users/nut/Project/JavdexLabs/Javdex/src/main/services/mediaLibraryRootFileGuard.ts:86:5)
    at assertRootFile (/Users/nut/Project/JavdexLabs/Javdex/src/main/services/mediaLibraryRootFileGuard.ts:98:27)
    at assertMediaLibraryRootFile (/Users/nut/Project/JavdexLabs/Javdex/src/main/services/mediaLibraryRootFileGuard.ts:170:3)
    at authorizeMediaLibraryRootFile (/Users/nut/Project/JavdexLabs/Javdex/src/main/services/mediaLibraryRootFileGuard.ts:230:3)
    at authorizeFileWrite (/Users/nut/Project/JavdexLabs/Javdex/src/main/scanner/scanner.ts:656:7)
    at scanFolders (/Users/nut/Project/JavdexLabs/Javdex/src/main/scanner/scanner.ts:1074:9)
    at async renameAndImport (/Users/nut/Project/JavdexLabs/Javdex/src/main/scanner/scanner.ts:1444:20)
    at async TestContext.<anonymous> (/Users/nut/Project/JavdexLabs/Javdex/src/main/scanner/scanner.test.ts:536:19)
    at async Test.run (node:internal/test_runner/test:1332:7)
  ✔ does not commit or rename a replacement-root file when rename-import resumes after probing (15.654083ms)
  ✔ rejects a disabled target root at the resource transaction boundary (7.089583ms)
  ✔ reuses archived local and STRM source paths without crossing library ownership (18.392208ms)
  ✔ imports mixed local and STRM resources into one video and keeps the local file primary (10.949334ms)
  ✔ chooses the scan primary independently of directory entry order (15.7235ms)
  ✔ reselects the primary when scanning into an existing resource-less video (14.468917ms)
  ✔ keeps mixed local and STRM resources in one masked pending group (15.855459ms)
  ✔ rejects a stale pending STRM assignment, refreshes its snapshot, then accepts it (9.850375ms)
  ✔ removes an invalidated STRM snapshot from the pending group on a later scan (10.508583ms)
  ✔ syncs a changed STRM target in place while preserving primary and user-maintained fields (15.889959ms)
  ✔ isolates invalid STRM files and retries them without replacing a bound target (18.649458ms)
  ✔ relocates STRM only when the complete filename and target identify one missing source (16.046667ms)
  ✔ loads STRM candidates once per scan across imports, moves and pending writes (249.247875ms)
  ✔ relocates a bound STRM after its video code has been corrected (12.89925ms)
  ✔ holds new resources for confirmation when several videos already use the code (11.313042ms)
  ✔ keeps an already-pending path out of relocation and refreshes its pending snapshot (9.279916ms)
  ✔ holds a same-scan multi-file code together when automatic assignment is disabled (11.942375ms)
  ✔ does not let an invalid STRM force a valid same-code video into confirmation (10.095417ms)
  ✔ persists a pending scan group across database reopen and assigns it atomically (10.710667ms)
  ✔ rolls back every scan assignment when final pending-group deletion fails (11.10925ms)
  ✔ imports one unambiguous file normally when automatic assignment is disabled (8.086583ms)
  ✔ holds a new resource that matches one existing video when automatic assignment is disabled (10.879ms)
  ✔ promotes the available resource when assigning into an existing video without a primary (8.805125ms)
  ✔ normalizes a manual code and attaches to an existing case-insensitive identity (100.312833ms)
  ✔ aborts when a nested directory cannot be audited (8.42175ms)
  ✔ imports a symbolic-link video by its link path and file name (11.233084ms)
  ✔ does not follow symbolic-link directories (7.940125ms)
  ✔ silently skips a broken symbolic-link video (7.266959ms)
  ✔ leaves missing-resource cleanup to the high-level scan coordinator (10.745334ms)
  ✔ keeps distinct symbolic-link paths that point to the same target (11.655209ms)
  ✔ keeps a resource under an unavailable root when the same code appears online (12.055375ms)
  ✔ relocates one same-code video by a unique file-size match without requiring the old name (8.664459ms)
  ✔ uses full file name and size to relocate safely when several videos share a code (8.46875ms)
  ✔ does not relocate when full file name and size match more than one duplicate-code video (8.421209ms)
  ✔ treats a new file normally when an old same-code path cannot be audited (10.714625ms)
  ✔ keeps an unrecognized rename and only rediscovers the renamed file (15.117458ms)
  ✔ uses the scan same-code pending flow when automatic merging is disabled (16.79575ms)
  ✔ renames and discovers the code without a manual code or target (12.189459ms)
  ✔ renames and imports an unrecognized STRM as a source-managed link (11.481375ms)
  ✔ imports recognized videos and reports unrecognized files (11.23625ms)
  ✔ reuses scanned directory entries when checking a directory without NFO files (49.736ms)
  ✔ refreshes a changed local identity snapshot on rescan before user confirmation (24.100334ms)
  ✔ refreshes a changed strm identity snapshot on rescan before user confirmation (12.042625ms)
  ✔ uses NFO identity only for newly discovered resources when automatic import is enabled (17.005375ms)
  ✔ handles cancellation during the only or first NFO application and preserves committed file audits (24.3985ms)
  ✔ aggregates first-discovery NFO candidates once per video after all resources are assigned (14.664042ms)
  ✔ does not count an existing pending resource identity as a new same-code file (13.218833ms)
  ✔ keeps distinct local NFO candidates in the existing confirmation workflow (15.562333ms)
  ✔ persists a filename/NFO identity conflict without creating formal library records (8.173708ms)
  ✔ persists only a masked STRM target projection for an NFO identity conflict (7.91375ms)
  ✔ keeps a valid filename import when its NFO is invalid and records only a secondary warning (10.129291ms)
  ✔ uses NFO identity across libraries but never overwrites a globally scraped-success video (11.932916ms)
  ✔ applies local NFO with fill-empty semantics for new and failed videos (14.952125ms)
  ✔ reattaches a scanned file to an existing no-resource video without replacing metadata (9.440709ms)
  ✔ yields while scanning large batches (108.588042ms)
  ✔ collects a very large root without overflowing call arguments before cancellation (1449.690833ms)
  ✔ stops when cancelled (61.620208ms)
  ✔ skips new imports shorter than 30 minutes (11.582834ms)
  ✔ skips short files before unrecognized handling (7.579625ms)
  ✔ stores probed duration on import (10.398291ms)
  ✔ refreshes duration when the file changes on rescan (13.541375ms)
  ✔ skips duration probe on rescan when file is unchanged (9.941625ms)
  ✔ emits one final audit outcome for every processed file (9.457375ms)
✔ scanFolders (2750.192875ms)
▶ STRM parser
  ✔ matches the STRM extension without case sensitivity (0.404417ms)
  ✔ accepts one HTTP target after BOM, blank lines, comments, and Kodi properties (1.24125ms)
  ✔ normalizes supported HTTP, Magnet, and ED2K targets through the resource contract (0.273666ms)
  ✔ rejects empty, multiple-target, invalid UTF-8, and unsupported-protocol content (0.30575ms)
  ✔ accepts exactly 1 MiB and rejects larger input without truncation (0.529833ms)
✔ STRM parser (3.224791ms)
✔ matches unique missing sources and retains filename, target, root and uncertainty rules (1.59375ms)
✔ incrementally tracks same-scan insertions and target/path changes, but invalidates unknown writes (0.232417ms)
✔ does not acknowledge unrelated writes or a failed mutation as a complete cache update (0.183791ms)
✔ retains the cache for known pending writes but cannot hide an intervening external write (0.104375ms)
✔ examines one matching candidate per lookup in a 10000-resource relocation (61.666375ms)
✔ examines one matching candidate per lookup in a 20000-resource relocation (102.10475ms)
✔ examines one matching candidate per lookup in a 300382-resource relocation (1705.563833ms)
✔ examines one matching candidate per lookup in a 600764-resource relocation (4209.700667ms)
✔ indexes target keys as well as filenames when many directories use the same filename (92.954834ms)
▶ videoDuration
  ✔ resolves configured minutes to seconds (0.4565ms)
  ✔ treats unknown duration as not below minimum (0.047958ms)
  ✔ flags durations shorter than threshold (0.041291ms)
  ✔ prefers scraped duration over primary resource duration (0.04575ms)
  ✔ uses primary resource duration when scraped duration is missing (0.033791ms)
  ✔ returns null when both durations are missing (0.028167ms)
  ✔ only refreshes stored local resource duration when probe value changed (0.03775ms)
  ✔ only probes when duration is missing or file fingerprint changed (0.073791ms)
✔ videoDuration (1.203959ms)
▶ actressScraperManager
  ✔ returns a pending outcome without partially applying a conflicting profile (102.936541ms)
  ✔ clears the selected avatar in replace mode when the matched source has no avatar (103.300041ms)
  ✔ promotes an unscraped actress to scrape success when a profile field is applied (94.155584ms)
  ✔ records a failed scrape without a success time when no profile matches (108.245208ms)
  ✔ records a failed scrape without a success time when the source throws (104.847209ms)
  ✔ records failure in replace-if-present mode when a matched profile has no selected value (87.040333ms)
  ✔ promotes a previously failed actress when a later scrape applies valid data (85.864708ms)
  ✔ skips fill-empty scraping without changing cumulative status when no selected field is missing (46.939958ms)
  ✔ skips fillEmpty when a matched profile has no new values for remaining empty fields (100.175625ms)
  ✔ still fails fillEmpty when a matched profile has no usable field values (84.100209ms)
  ✔ keeps cumulative success and its timestamp when a later scrape fails (96.149041ms)
  ✔ lets Gfriends try stored aliases after the main name without enabling global alias search (46.884833ms)
  ✔ applies successful field sources when another source fails (179.042375ms)
  ✔ preserves a field in replace mode when its composite source fails (168.640792ms)
  ✔ clears a field in replace mode when its composite source matched with no value (162.226208ms)
  ✔ records failure when every configured composite source fails (154.4675ms)
  ✔ warns when a composite avatar source cannot download its result (160.586666ms)
  ✔ preserves the existing gallery when every returned image is unusable (80.339417ms)
✔ actressScraperManager (1967.315584ms)
▶ bundled video candidate plugins
  ✔ normalizes year-month values through the documented sandbox helper (48.459709ms)
  ✔ JavDB fetches every first-page exact match and never falls back to a fuzzy item (39.456292ms)
  ✔ JavDB fails the complete scrape when any exact-match detail fails (36.221208ms)
  ✔ JavLibrary returns all exact cards and ignores title containment or first-item fallback (46.717917ms)
✔ bundled video candidate plugins (171.528584ms)
▶ isCloudflareChallengeText
  ✔ trusts the official cf-mitigated challenge response header signal (2.047875ms)
  ✔ detects classic JS challenge interstitial markers (0.257917ms)
  ✔ ignores passive challenge-platform scripts on normal JavDB detail pages (0.813333ms)
  ✔ detects managed challenge markers (0.050041ms)
  ✔ detects body copy only with Cloudflare co-signals (0.088125ms)
  ✔ detects turnstile-only shells but not embedded widgets on content pages (0.045125ms)
  ✔ does not treat normal pages, helper copy, or vague phrases as Cloudflare (0.144834ms)
✔ isCloudflareChallengeText (4.452042ms)
▶ buildPluginRegistry
  ✔ lets user scrapers override bundled names (0.335041ms)
✔ buildPluginRegistry (0.652167ms)
▶ runCompositeFieldGroups
  ✔ groups fields, picks, and merges across plugins (0.658458ms)
  ✔ aborts on the first plugin error when policy is abort (0.274834ms)
  ✔ collects per-plugin warnings and continues when policy is collect (0.09625ms)
  ✔ throws when every grouped source fails under collect policy (0.109542ms)
  ✔ returns a null result when every plugin yields no match (0.089542ms)
✔ runCompositeFieldGroups (1.347083ms)
▶ configuredScraperService
  ✔ normalizes legacy settings without a service config and drops an unusable MetaTube default (6.129791ms)
  ✔ normalizes origins and path prefixes while rejecting unsafe base URLs (0.47325ms)
  ✔ stores only public configuration in settings and requires acknowledgement for remote HTTP tokens (1.142583ms)
  ✔ blocks clearing while MetaTube is referenced and clears address plus token otherwise (1.961792ms)
  ✔ keeps bearer credentials on the configured origin and preserves a base path (1.232208ms)
  ✔ snapshots the address, proxy choice, and token for an in-flight scrape (1.006958ms)
  ✔ rejects cross-origin redirects before sending credentials to the target (0.448167ms)
  ✔ rejects HTTPS downgrade redirects (0.37625ms)
  ✔ classifies authentication, rate-limit, server, malformed, and oversized responses (1.357459ms)
  ✔ tests draft configuration without persisting its token (0.641625ms)
✔ configuredScraperService (15.322417ms)
▶ Gfriends bundled actress plugin
  ✔ prefers the main name and selects its last quality-ordered avatar candidate (53.355917ms)
  ✔ uses the first exact alias only when the main name has no candidate (38.672083ms)
  ✔ does not return a fuzzy name match (36.606666ms)
  ✔ uses the current jsDelivr namespace when the primary index is unavailable (30.655458ms)
  ✔ reserves Gfriends as a built-in actress plugin name (0.132083ms)
✔ Gfriends bundled actress plugin (160.187958ms)
▶ MetaTube bundled video plugin
  ✔ keeps exact providers in search order and maps the documented fields (74.036917ms)
  ✔ returns no candidates for search 404 or fuzzy-only search results (80.139583ms)
  ✔ rejects a detail whose exact code differs from its search item (38.167708ms)
  ✔ rejects too many exact providers before requesting details (37.486291ms)
  ✔ fails the entire scrape if one exact detail request fails (41.987458ms)
[scraper:MetaTube] MetaTube 样张超过 40 张，已截断
  ✔ caps public sample proxy URLs at forty without putting credentials in them (34.305625ms)
  ✔ rejects incompatible known fields and caps detail concurrency at four (92.209625ms)
✔ MetaTube bundled video plugin (399.350709ms)
▶ MetaTube service integration
  ✔ runs connection checks and the bundled worker against a local fake HTTP service (90.096875ms)
✔ MetaTube service integration (90.647958ms)
▶ action network capture
  ✔ keeps http(s) query strings and strips credentials (0.556417ms)
  ✔ redacts credential-bearing query values before exposing recent requests (0.171041ms)
  ✔ omits sensitive post bodies (0.124791ms)
  ✔ records only an active action window and does not label search (0.582167ms)
  ✔ keeps the newest requests when the action window overflows (0.188209ms)
✔ action network capture (2.075834ms)
▶ browser evaluate policy
  ✔ allows forbidden API names inside diagnostic strings, comments and regular expressions (3.861291ms)
  ✔ still rejects executable references and computed access to forbidden APIs (0.896667ms)
  ✔ rejects credential, storage and sensitive form access (0.920166ms)
  ✔ rejects live-page mutation and computed property access (0.947167ms)
  ✔ rejects destructuring aliases that recover live-realm capabilities (0.412667ms)
  ✔ names the forbidden API and points markup reads to html (0.937333ms)
  ✔ uses one normalized evaluator and drains timeout cleanup before rejecting (2.503416ms)
✔ browser evaluate policy (11.257375ms)
▶ ScrapeBrowserHost leases
  ✔ reuses the same owner and rejects a competing owner immediately (0.94875ms)
  ✔ freezes proxy and stops the helper as soon as a scrape lease is released (0.615458ms)
  ✔ closes the active helper session with the main window and remains reusable (0.25425ms)
  ✔ presents the helper through the lease without exposing it as a plugin browser action (0.123917ms)
  ✔ invalidates all lease actions when its operation signal is cancelled (0.100584ms)
  ✔ terminates the helper when an in-flight Playwright action is cancelled (0.3315ms)
  ✔ terminates the helper before reporting an evaluate timeout (503.333416ms)
  ✔ keeps oversized ARIA complete for the artifact layer (1.211292ms)
  ✔ sends cancel, ignores a late response and kills a non-cooperative helper after 500ms (1046.09175ms)
  ✔ keeps one click successful while transient post-action observation recovers (1.332584ms)
  ✔ blocks a disallowed main-frame navigation before an agent action sends it (0.420125ms)
  ✔ returns bounded scroll metrics and invalidates refs without changing the document revision (0.51ms)
  ✔ extracts a host-owned load-more availability signal with the candidate snapshot (0.401875ms)
  ✔ returns the host-owned terminal proof result with the candidate snapshot (0.154541ms)
  ✔ returns pending after a successful action but makes explicit snapshot pending retryable (0.405042ms)
  ✔ classifies a failed state action with a changed revision as uncertain without replaying it (0.255208ms)
  ✔ keeps selector uniqueness failures as ordinary action failures (0.134458ms)
  ✔ reports zero matches separately from multiple matches (0.108875ms)
✔ ScrapeBrowserHost leases (1557.645583ms)
▶ normalizeNetworkUrl
  ✔ strips hash and lowercases host (0.489875ms)
  ✔ returns null for invalid URLs (0.079542ms)
✔ normalizeNetworkUrl (1.014291ms)
▶ networkUrlPathKey
  ✔ drops search and hash (0.075166ms)
✔ networkUrlPathKey (0.123833ms)
▶ isImageNetworkResource
  ✔ accepts Image resource type (0.08275ms)
  ✔ accepts image mime types (0.046ms)
  ✔ rejects non-images and error statuses (0.062792ms)
✔ isImageNetworkResource (0.263542ms)
▶ hasImageMagicBytes
  ✔ detects jpeg and rejects html (0.119875ms)
✔ hasImageMagicBytes (0.165084ms)
▶ ImageBodyLruCache
  ✔ returns exact and aliased URLs (0.207917ms)
  ✔ matches unique path when query differs (0.130667ms)
  ✔ does not path-match when multiple distinct bodies share a path (0.161833ms)
  ✔ evicts oldest entries by count (0.119708ms)
  ✔ clears all state (0.072833ms)
✔ ImageBodyLruCache (0.760583ms)
▶ prioritizeInspectLinks
  ✔ keeps a main result card when more than maxLinks navigation links precede it (0.452084ms)
  ✔ preserves DOM order within priority groups and deduplicates after prioritizing (0.620917ms)
✔ prioritizeInspectLinks (1.45775ms)
▶ selectInspectLocaleLinks
  ✔ keeps locale anchors in document order and always allows an empty result (0.12175ms)
  ✔ caps locale anchors without mixing them back into content ranking (0.071041ms)
✔ selectInspectLocaleLinks (0.2665ms)
▶ selectInspectScriptSrcs
  ✔ keeps document order, deduplicates, and allows an empty result (0.110458ms)
✔ selectInspectScriptSrcs (0.160541ms)
▶ inspectLinkRawHref
  ✔ omits rawHref when the HTML attribute already matches the resolved href (0.090334ms)
  ✔ keeps protocol-relative and path-only attributes that cheerio will see (0.040625ms)
✔ inspectLinkRawHref (0.199041ms)
▶ ScrapeBrowserFramedSocket
  ✔ rejects the wrong token, parent pid, protocol version or CDP port (0.983875ms)
  ✔ round-trips authenticated hello frames and native Buffers (5.113084ms)
  ✔ rejects an oversized incoming frame before allocating its body (0.884959ms)
✔ ScrapeBrowserFramedSocket (7.747333ms)
▶ scrape browser readiness
  ✔ does not resolve an intermediate verification page even when it has matching content (0.347708ms)
  ✔ does not accept selectors found on a verification page (0.058875ms)
✔ scrape browser readiness (0.811583ms)
▶ ScrapeBrowserWaitBudget
  ✔ does not consume the page timeout while Cloudflare verification is active (0.178917ms)
  ✔ still enforces the page timeout while no challenge is active (0.1215ms)
  ✔ caps manual verification independently from the page timeout (0.087667ms)
  ✔ accumulates the verification cap across repeated challenge periods (0.070583ms)
✔ ScrapeBrowserWaitBudget (0.655791ms)
✔ buildScrapeUserAgent drops Electron and app product tokens (0.976041ms)
✔ derivePlatformFromOsToken maps Windows, macOS and Linux (0.301625ms)
✔ resetScrapeUaProfileCache clears memoized profile (0.119167ms)
▶ scraperManager plugin availability gates
  ✔ publishes the built-in local NFO source as runnable but not editable or exportable (3.384541ms)
  ✔ lists MetaTube for configuration but excludes it from executable names until configured (2.606375ms)
  ✔ rejects unconfigured service plugins as new composite field sources (1.980042ms)
✔ scraperManager plugin availability gates (8.411792ms)
▶ scraperPluginSandbox
  ✔ loads cheerio/slim so packaged scrapers do not need undici (43.599916ms)
  ✔ terminates a non-returning plugin worker when the caller aborts (29.134291ms)
  ✔ does not report an aborted run as settled while a started host RPC is still running (132.637833ms)
  ✔ serves repeated persistent fetchBuffer calls from the plugin resource cache (73.033834ms)
✔ scraperPluginSandbox (279.348833ms)
▶ scraperPluginService
  ✔ describes bundled video scraper fields from shipped manifests (6.442084ms)
  ✔ describes bundled actress scraper fields from shipped manifests (1.219292ms)
  ✔ drops unknown actress supported field ids from packages (38.54ms)
  ✔ lists bundled plugins shipped with the app (0.869625ms)
  ✔ reads bundled plugin packages for export and AI debug (0.921292ms)
  ✔ keeps MetaTube visible but unavailable until configured (0.775542ms)
  ✔ rejects a user package that tries to declare a trusted service binding (0.442667ms)
  ✔ does not assign a standalone delay to composite scrapers (1.43675ms)
  ✔ imports and executes a custom video plugin through the BaseScraper adapter (73.940833ms)
  ✔ normalizes video ratings to valid 5-point records only (1.13ms)
  ✔ reads an installed custom plugin package for AI debugging (42.242833ms)
  ✔ imports and executes a custom actress plugin through the BaseActressScraper adapter (80.533417ms)
  ✔ rejects custom plugins that reuse a built-in name (1.812541ms)
  ✔ renames legacy user plugins that override built-in names to -custom (10.0005ms)
  ✔ preserves settings for a legacy user plugin named after retired JAV8 (3.032209ms)
  ✔ uses -custom-2 when -custom is already taken (2.866625ms)
  ✔ keeps bundled plugins visible after rejecting a same-name custom install (0.760417ms)
  ✔ rejects duplicate custom plugin names (32.30225ms)
  ✔ atomically replaces a user plugin without leaving staging or backup directories (92.047125ms)
  ✔ rejects plugin names that collide after filename sanitization (38.103375ms)
  ✔ rejects packages without kind (0.421167ms)
  ✔ exports packages with kind (48.919791ms)
✔ scraperPluginService (480.274125ms)
▶ ScraperResourceCache
  ✔ reuses a fresh plugin resource without another network request (4.093167ms)
  ✔ reuses a fresh plugin resource after the cache is recreated (2.032292ms)
  ✔ revalidates an expired resource with its ETag and retains a 304 body (4.041375ms)
  ✔ returns an expired resource when revalidation fails and stale fallback is enabled (3.212417ms)
  ✔ rejects a resource larger than the host entry quota (0.577125ms)
  ✔ rejects writes beyond the host quota for one plugin (1.018792ms)
  ✔ enforces the plugin quota across concurrent resource commits (1.0245ms)
✔ ScraperResourceCache (16.83075ms)
▶ trusted scraper service sandbox bridge
  ✔ exposes service methods only to a trusted binding while keeping the token in main (71.92125ms)
  ✔ fails before starting a trusted worker when the service is not configured (0.617667ms)
✔ trusted scraper service sandbox bridge (73.272875ms)
▶ scraperManager.scrapeVideo
  ✔ uses the built-in local NFO source for manual, composite, and default runs without network fallback (36.878292ms)
  ✔ treats a missing local NFO as a normal no-match without marking scrape failure (7.964459ms)
  ✔ uses only the effective composite field sources to classify a quiet local NFO no-match (59.828791ms)
  ✔ delivers actress avatars to the merged cast positions across local and web composite sources (100.408791ms)
  ✔ persists exact multi-candidate results without selecting or applying one by default (104.766959ms)
  ✔ stages every declared candidate image even when the field was not selected (122.405292ms)
  ✔ confirms a candidate from the local snapshot without visiting the remote site again (130.814583ms)
  ✔ discards pending candidates, cleans staging, and preserves cumulative success (261.5075ms)
  ✔ replaces pending staging and removes the replacement after a later unique success (333.318667ms)
  ✔ startup cleanup removes only old unreferenced video staging directories (115.639542ms)
  ✔ filters exact-code mismatches and conservatively deduplicates normalized source urls (89.691916ms)
  ✔ rejects an invalid candidate array atomically and preserves an older pending decision (168.574959ms)
  ✔ keeps the old pending snapshot and staging when a valid replacement fails mid-transaction (200.549417ms)
  ✔ returns every exact-code exclusion warning when no candidate remains (98.225208ms)
  ✔ applies the only exact candidate after exclusions without creating pending state (96.921792ms)
  ✔ normalizes a year-month release date to the first day of that month (117.387917ms)
  ✔ keeps a unique candidate pending when applying it would duplicate a business identity (98.852833ms)
  ✔ rolls back a conflict merge and candidate apply when pending deletion fails (97.258959ms)
  ✔ returns director candidates before writes and applies an explicit choice on retry (127.391ms)
  ✔ keeps an ambiguous director during batch-style scraping and applies safe fields (84.929ms)
  ✔ reports a matched result as skipped when no selected value can be applied (99.9335ms)
  ✔ stores composite source links and ratings under their actual field plugins (192.962ms)
  ✔ persists and confirms composite candidates independently per source (239.392791ms)
  ✔ ignores unsupported fields before validating and applying the selected plugin result (285.900334ms)
  ✔ still rejects a malformed field when the plugin declares it as supported (440.341333ms)
  ✔ preserves a composite field when its source does not match but another source succeeds (576.351666ms)
downloadCover failed: TEST-001 https://cover.example/broken.jpg response is not a usable image
  ✔ applies text data but preserves an old cover when the returned image is unusable (587.295208ms)
downloadSamples failed: TEST-001 1 https://sample.example/two.jpg response is not a usable image
  ✔ discards the whole sample set when any sample download fails but still applies text (550.191917ms)
  ✔ compensates downloaded assets when the apply phase throws after downloads commit (580.471625ms)
  ✔ discards a downloaded cast avatar when the actress already has a usable avatar (557.977542ms)
✔ scraperManager.scrapeVideo (6565.829958ms)
▶ Xslist bundled actress plugin
  ✔ treats the site anonymous image as no avatar (46.170084ms)
  ✔ keeps a real profile avatar (45.599833ms)
✔ Xslist bundled actress plugin (92.45575ms)
▶ actress batch scrape persistence lifecycle
  ✔ persists one stable job id and advances pending targets across restart (321.861959ms)
  ✔ loads a legacy task without tri-state fields using a stable fallback job id (128.810292ms)
  ✔ clears a cancelled task file without deleting its completed pending result (358.805792ms)
  ✔ persists only a canonical status and the start-time target snapshot (200.655875ms)
  ✔ recovers a paused checkpoint after an application restart cache reset (101.199208ms)
  ✔ normalizes a legacy scraped paused job without rewriting progress (113.94825ms)
  ✔ normalizes an omitted scrapeStatus to all while preserving the snapshot (114.707042ms)
  ✔ marks an unknown status job unrecoverable without falling back to all (85.734041ms)
  ✔ blocks resume for an unknown status job but still allows discard (94.728584ms)
  ✔ resumes from the saved snapshot without re-applying current filters (167.559458ms)
  ✔ resumes a normalized legacy scraped job with unified scrape result semantics (149.666166ms)
✔ actress batch scrape persistence lifecycle (1840.762375ms)
▶ actressBatchScrapeTargets status normalization
  ✔ keeps the four canonical cumulative-status scopes (0.5075ms)
  ✔ normalizes the legacy scraped scope to 刮削成功 (0.086625ms)
  ✔ normalizes an omitted scope to 全部 (0.077958ms)
  ✔ rejects an unknown scope instead of widening the batch (0.237208ms)
  ✔ reports unknown scopes without throwing for persisted job snapshots (0.576458ms)
  ✔ never produces the legacy scope in a normalized request (0.075584ms)
✔ actressBatchScrapeTargets status normalization (1.992041ms)
▶ reconcilePersistedActressBatchJob
  ✔ rewrites scraped to success and omitted to all without touching progress (0.184833ms)
  ✔ keeps unrecognized scopes unrecoverable and does not widen to all (0.121292ms)
✔ reconcilePersistedActressBatchJob (0.380333ms)
▶ actressBatchScrapeTargets resolution
  ✔ resolves each canonical cumulative-status scope (9.056708ms)
  ✔ resolves the legacy scraped scope as 刮削成功 and an omitted scope as 全部 (7.011333ms)
  ✔ intersects gender, cumulative status and missing fields (6.676292ms)
  ✔ treats explicit ids as the whole target set, ignoring the other filters (6.867584ms)
  ✔ deduplicates explicit ids and drops ids without a stored actress (6.806334ms)
  ✔ treats an empty explicit id list as zero targets (6.876083ms)
✔ actressBatchScrapeTargets resolution (43.493208ms)
▶ actressBatchScrapeTargets estimate and start
  ✔ estimates the count the start would resolve from the same request (7.806834ms)
  ✔ resolves targets again on start, so the total may differ from an earlier estimate (6.141625ms)
  ✔ freezes target ids, display names and total when the batch starts (8.106833ms)
✔ actressBatchScrapeTargets estimate and start (22.130458ms)
▶ ActressIdentityConflictWorkflow
  ✔ inspects live ownership even when the name is not yet in a review group (24.435959ms)
  ✔ summarizes the same aggregated name groups returned by the review list (8.296541ms)
  ✔ keeps summary counts exact for mixed, multi-result, and multi-conflict groups (17.734458ms)
  ✔ lists pending name ownership without inventing a pending scrape (11.321959ms)
  ✔ rejects an unsupported pending name type instead of silently reclassifying it (10.966292ms)
  ✔ rejects a pending-name-ownership decision when the shown claim row changed (8.001416ms)
  ✔ assigns pending name ownership without creating or applying scrape data (14.885958ms)
  ✔ edits one pending name claim and resolves both resulting unique owners (8.952541ms)
  ✔ moves an edited pending name claim into another normalized-name group (8.88025ms)
  ✔ merges actresses directly from pending name ownership (26.460625ms)
  ✔ removes an illegal pending name without persisting a blacklist (16.188458ms)
  ✔ reassigns the only pending scrape to the explicit keeper after a merge (17.125833ms)
  ✔ keeps a usable keeper avatar while clearing its missing source and crop state (13.94825ms)
  ✔ uses the explicitly selected pending actress as keeper and the other current main name (32.040916ms)
  ✔ rejects merging when both actresses own pending scrape snapshots (22.189625ms)
  ✔ does not treat another conflict between the same actress pair as a merge blocker (12.268209ms)
  ✔ rejects the whole workbench merge when a resulting name belongs to a third actress (17.015333ms)
  ✔ rejects the whole merge when the pending scrape also conflicts with a third actress (17.952208ms)
  ✔ rejects merging a persisted name claimed by a third actress pending scrape (10.078333ms)
  ✔ returns stale without merging when either actress changed after confirmation was shown (27.231542ms)
  ✔ rolls back the actress merge when pending reassociation fails (12.928125ms)
  ✔ edits only the selected conflicting name and applies the unlocked scrape atomically (126.685ms)
  ✔ moves only the edited item when its new name conflicts in another dynamic group (179.522625ms)
  ✔ moves an edited name into a group claimed by another naturally unlocked pending result (14.173459ms)
  ✔ transfers complete ownership to the pending actress only with a replacement main name (17.742125ms)
  ✔ previews and applies an assigned conflicting alias in a fill-empty alias collection (60.879833ms)
  ✔ keeps earlier ownership decisions in the final fill-empty alias preview and apply (10.918334ms)
  ✔ validates and removes every legacy claimant when assigning to the pending actress (16.44175ms)
  ✔ assigns a whole conflict group to an existing actress while applying profiles to original targets (14.408208ms)
  ✔ keeps confirmed ownership when the chosen existing actress is also a replace candidate (11.222667ms)
  ✔ removes an illegal normalized name from the whole group and applies unlocked profiles (13.085125ms)
  ✔ requires a valid replacement for every main-name claimant before illegal-name removal (20.961375ms)
  ✔ validates illegal-name replacement main names against the live conflict snapshot (12.85775ms)
  ✔ does not reconcile newly active conflicts while rejecting a stale illegal-name decision (8.12175ms)
  ✔ removes only the current illegal group and does not remember a blacklist rule (11.806875ms)
  ✔ applies a result when its other recorded conflict has already become inactive (9.37175ms)
  ✔ rolls back illegal-name handling when name deletion fails (13.429459ms)
  ✔ rolls back illegal-name handling when main replacement fails (9.513042ms)
  ✔ rolls back illegal-name handling when profile application fails (8.943375ms)
  ✔ rolls back illegal-name handling when pending cleanup fails (14.507459ms)
  ✔ keeps the whole illegal-name group pending when any resource preparation fails (29.772333ms)
  ✔ requires a replacement when assigning a current main name to a third existing actress (12.106042ms)
  ✔ finishes name-only results and preserves the original fill-empty update mode (12.609375ms)
  ✔ promotes staged resources when a name edit unlocks a pending scrape (11.370208ms)
  ✔ keeps a naturally unlocked result pending until the user explicitly applies it (8.77225ms)
  ✔ returns a stale outcome without writes when an involved actress changed (8.714334ms)
  ✔ rolls back every profile and promoted resource when a group apply fails (42.4695ms)
  ✔ freezes the complete scrape when one selected name belongs to another actress (10.659041ms)
  ✔ applies a complete result when equivalent names only belong to the target actress (7.409375ms)
  ✔ atomically replaces one actress current snapshot and removes its old staged resources (11.334792ms)
  ✔ rolls back a conflict-free apply when removing the previous snapshot fails (7.804834ms)
  ✔ does not delete an existing same-url gallery file when a later apply rolls back (8.836208ms)
  ✔ discards only the selected wrong match, records cumulative failure, and cleans staging (11.552666ms)
  ✔ startup cleanup removes only old unreferenced staging directories (9.327166ms)
  ✔ deleting a target actress also removes its staged pending resources (9.182917ms)
  ✔ removes prepared formal resources when profile application rolls back (20.372833ms)
✔ ActressIdentityConflictWorkflow (1138.057166ms)
Failed to clean deleted actress asset: avatar_sources/alpha.jpg Error: file is locked
    at deleteStoredAsset (/Users/nut/Project/JavdexLabs/Javdex/src/main/services/actressMaintenanceService.test.ts:122:61)
    at Object.deleteActresses (/Users/nut/Project/JavdexLabs/Javdex/src/main/services/actressMaintenanceService.ts:87:11)
    at TestContext.<anonymous> (/Users/nut/Project/JavdexLabs/Javdex/src/main/services/actressMaintenanceService.test.ts:126:28)
    at Test.runInAsyncScope (node:async_hooks:227:14)
    at Test.run (node:internal/test_runner/test:1325:25)
    at Suite.processPendingSubtests (node:internal/test_runner/test:911:18)
    at Test.postRun (node:internal/test_runner/test:1465:19)
    at Test.run (node:internal/test_runner/test:1390:12)
    at async Suite.processPendingSubtests (node:internal/test_runner/test:911:7)
▶ actressMaintenanceService.importGalleryImage
  ✔ runs legacy dimension repair as part of the explicit gallery write flow (2.448875ms)
✔ actressMaintenanceService.importGalleryImage (3.234916ms)
▶ actressMaintenanceService.deleteActresses
  ✔ deletes the complete batch and cleans stored resources (24.752042ms)
  ✔ rejects the whole batch when an actress is linked to a video (9.610375ms)
  ✔ reports resource cleanup failures after the database transaction commits (13.242292ms)
  ✔ rolls back the complete batch when a later record fails to delete (26.593834ms)
  ✔ previews current linked-actress and affected-video counts (10.667916ms)
  ✔ explicitly unlinks videos, deletes a mixed batch, and preserves video records and files (10.51425ms)
  ✔ rolls back removed video links when a later actress delete fails (14.135042ms)
  ✔ removes only the deleted actress ownership and pending result (10.44225ms)
  ✔ rejects an unknown delete mode instead of falling through to a destructive path (15.091542ms)
✔ actressMaintenanceService.deleteActresses (135.522833ms)
▶ actressQueryService.listActresses
  ✔ returns a stable page and the full matching total from the real database (15.622458ms)
  ✔ reuses one exact avatar-filter snapshot across subsequent pages (0.913791ms)
  ✔ refreshes the avatar-filter snapshot whenever the first page reloads (0.516333ms)
  ✔ inspects avatar health and fingerprints outside the database repository (16.69525ms)
✔ actressQueryService.listActresses (34.734042ms)
▶ actressQueryService.listFaceScanManifest
  ✔ exposes the dedicated minimal manifest through the query seam (0.206833ms)
✔ actressQueryService.listFaceScanManifest (0.261792ms)
▶ actressScrapeQueue.start target resolution
  ✔ scrapes exactly the targets the estimate reported for the same request (4104.377959ms)
  ✔ starts a legacy scraped request against 刮削成功 targets (507.967083ms)
  ✔ starts explicitly selected actresses regardless of the other filters (446.016125ms)
  ✔ starts no target for an empty explicit id list (382.678917ms)
  ✔ refuses to start a request with an unknown cumulative-status scope (275.770167ms)
✔ actressScrapeQueue.start target resolution (5717.901458ms)
▶ AgentMetadataActivityTimeline
  ✔ projects streaming reasoning into one bounded completed turn (0.957709ms)
  ✔ retains up to 64,000 reasoning characters and reports overflow (7.002708ms)
  ✔ uses semantic browser actions while retaining safe completion summaries (1.351ms)
  ✔ keeps direct metadata submission distinct from browser inspection (0.225209ms)
  ✔ describes playlist page checkpoints as result-producing actions (0.080333ms)
  ✔ describes browser scroll without exposing tool arguments (0.060625ms)
  ✔ retains earlier reasoning across browser-heavy runs (1.188542ms)
✔ AgentMetadataActivityTimeline (11.551625ms)
✔ uses the indexed journal cursor without loading history for a metadata snapshot (1.54175ms)
▶ Agent metadata browser URL policy
  ✔ allows a public hostname when a system proxy maps it to the RFC 2544 fake-IP range (3.220459ms)
  ✔ still rejects direct benchmark-range IPs and hostnames resolving to private networks (2.473125ms)
  ✔ keeps identity query parameters while removing credentials and fragments from display URLs (0.585042ms)
✔ Agent metadata browser URL policy (7.193625ms)
▶ Agent metadata browser evidence binding
  ✔ accepts a production artifact only for its captured document and view (4.615458ms)
  ✔ rejects incomplete, tampered, and corrupt segmented production artifacts (3.94225ms)
✔ Agent metadata browser evidence binding (8.659292ms)
▶ AgentMetadataDraftService
  ✔ rejects a preview when a staged resource no longer matches its manifest (31.750417ms)
  ✔ rechecks staged resource bytes when applying an already reviewed draft (8.698875ms)
  ✔ cleans newly staged resources when persistence fails (9.129375ms)
  ✔ routes actress name ownership conflicts to the existing pending workflow (9.059666ms)
  ✔ routes duplicate video business identities to the existing pending workflow (24.543541ms)
  ✔ requires explicit user confirmation when actress names do not match (8.042917ms)
✔ AgentMetadataDraftService (91.919875ms)
▶ app release service
  ✔ parses and compares stable release versions numerically (1.621917ms)
  ✔ accepts only trusted published GitHub releases (0.311458ms)
  ✔ validates cached update state before exposing it to the renderer (0.280791ms)
✔ app release service (2.828208ms)
▶ asset byte cache
  ✔ separates variants and invalidates all variants of only the changed asset (0.618125ms)
  ✔ checks every file identity field and isolates callers from cached mutable buffers (0.18ms)
  ✔ enforces the entry cap while retaining recently read and replaced entries (0.386458ms)
  ✔ enforces the 96MiB byte cap and skips oversized entries without flushing other images (21.67475ms)
✔ asset byte cache (23.345041ms)
▶ image asset inspection cache
  ✔ loads an unchanged image once and reloads it when its file signature changes (0.171167ms)
  ✔ reloads an image after explicit asset invalidation (0.069083ms)
  ✔ evicts the least recently used inspection after reaching capacity (0.218084ms)
✔ image asset inspection cache (0.548125ms)
✔ retries after the first scrypt failure (106.554167ms)
✔ retries after the first importKey failure (107.344459ms)
✔ keeps the new cache when a pre-reset KDF later succeeds (97.987167ms)
✔ keeps the new cache when a pre-reset KDF later fails (104.267875ms)
✔ waits for cold key derivation on cancellation and never starts decryption (61.385708ms)
✔ reads the existing AVPK format through synchronous and asynchronous crypto (80.201292ms)
✔ coalesces cold key derivation and never uses synchronous crypto in the async reader (102.888708ms)
✔ rejects invalid or tampered encrypted bodies without returning plaintext (54.880542ms)
✔ waits for an active native job before discarding its cancelled result (52.201458ms)
▶ assetLocationMigration
  ✔ moves plain and encrypted files including alias store (77.789667ms)
  ✔ maps default path setting when relocating back to userData (10.234667ms)
  ✔ allows relocating back to default when only empty asset subfolders remain (13.908459ms)
  ✔ rolls back copied files without touching the active root (8.98025ms)
  ✔ rejects migration while the configured source root is unavailable (7.979125ms)
  ✔ rejects targets nested inside the active media root (8.207959ms)
  ✔ rejects a target that resolves to the source through a symlinked parent (16.397667ms)
  ✔ rejects a differently-cased path that resolves to the same directory (7.525375ms)
  ✔ resumes when the target contains matching files from an interrupted copy (14.267042ms)
  ✔ preserves pre-existing matching copies when a resumed migration rolls back (10.599208ms)
  ✔ keeps source files when the prepared target disappears before commit (9.55825ms)
  ✔ preserves a copied target that was replaced before a failed commit rolls back (30.858333ms)
  ✔ rejects an interrupted target whose file contents do not match the source (15.447042ms)
  ✔ rejects directory symlinks without reading or deleting files outside the asset root (7.670042ms)
  ✔ rejects a symlinked asset root without touching its external target (8.360375ms)
✔ assetLocationMigration (248.653833ms)
▶ assetMigration opaque paths
  ✔ encrypts to opaque paths and restores readable paths on decrypt (78.133334ms)
✔ assetMigration opaque paths (78.675792ms)
✔ reads legacy without rewriting and migrates on mutation preserving all entries (67.810709ms)
✔ does not reread a warm map or append unchanged values; reloads deletions (82.693125ms)
✔ preserves a legacy file when snapshot rename fails (56.318834ms)
✔ recovers an interrupted tail and truncates it before retry (58.497208ms)
✔ rejects corrupted complete ciphertext and preserves it on attempted mutation (65.972291ms)
✔ rejects missing or incomplete first snapshots (71.112666ms)
✔ reloads the actual committed record after an uncertain fsync failure (62.091334ms)
✔ compacts after sustained updates and reloads the latest values (30475.729958ms)
✔ preserves the appended result when compaction rename fails (160.777375ms)
✔ invalidates the cached map after external replacement (55.847583ms)
▶ assetPathNaming
  ✔ builds readable bases with seed and url hash (1.208541ms)
  ✔ sanitizes non-ascii seeds and truncates overly long values (0.277375ms)
  ✔ keeps equal-length Chinese actress names on distinct asset seeds (0.273167ms)
  ✔ scopes asset seeds by actress id when provided (0.142167ms)
  ✔ keeps actress id prefix when the readable label is long (0.131375ms)
  ✔ builds distinct gallery paths for equal-length Chinese names and the same url (0.122916ms)
  ✔ builds opaque bases without embedding seed text (0.115209ms)
  ✔ detects opaque encrypted filenames (0.134583ms)
  ✔ derives stable opaque names from plaintext relative paths (0.165125ms)
✔ assetPathNaming (3.671167ms)
▶ AutomaticScanScheduler
  ✔ runs every due library in stable order from independent persisted state (1.080125ms)
  ✔ runs an already-enabled library with no scan history after the startup delay (0.07725ms)
  ✔ calculates each library due time from its own interval and last finished time (0.071ms)
  ✔ waits one full interval after a library is newly enabled (0.11075ms)
  ✔ skips disabled, rootless and not-yet-due libraries (0.062958ms)
  ✔ runs a due rootless library when it still has deferred cleanup work (0.060042ms)
  ✔ defers while maintenance is busy and rechecks on the next poll (0.059458ms)
  ✔ isolates one library failure and continues the serial due queue (0.333125ms)
  ✔ keeps startup, resume, and every due library globally serial (0.176583ms)
  ✔ uses the resume delay and clears all scheduled work on stop (0.11125ms)
✔ AutomaticScanScheduler (2.613083ms)
▶ AvatarAutoCropMediator
  ✔ resolves automatic crop requests and rejects stale replies (1.44075ms)
  ✔ fails pending automatic crop requests after renderer disconnects (0.133625ms)
  ✔ times out automatic crop requests without accepting a late response (1.587083ms)
  ✔ owns the crop batch token until matching end or disconnect (0.123542ms)
  ✔ rejects a second begin while a crop batch is active (0.201209ms)
✔ AvatarAutoCropMediator (4.249792ms)
✔ writes the definition once and keeps total checkpoint bytes near-linear (38456.661667ms)
ℹ {"targets":[1000,2000],"totalWrittenBytes":[409049,822049],"definitionWritesPerJob":1}
✔ reads legacy checkpoints and migrates on the next save without losing targets (19.847709ms)
✔ preserves the last checkpoint when write fails and retries safely (28.2905ms)
✔ preserves the last checkpoint when sync fails and retries safely (25.904583ms)
✔ preserves the last checkpoint when rename fails and retries safely (30.100125ms)
✔ keeps the old definition on failed replacement and prunes unused manifests after commit (51.444291ms)
✔ refuses missing, tampered or mismatched manifests instead of treating the job as absent (18.787ms)
✔ stops the queue on checkpoint failure and resumes from the durable cursor without skipping work (38.351209ms)
✔ rejects damaged cursor and total fields without deleting the checkpoint (18.989042ms)
✔ reloads actual disk state and retains the manifest after replace directory-sync failure (24.465334ms)
✔ reloads actual disk state and retains the manifest after clear directory-sync failure (17.420959ms)
✔ does not report committed saves or clears as failed when manifest cleanup cannot enumerate (21.985542ms)
✔ executes real read-only tag queries and observes writes through the worker cache (218.862291ms)
✔ rejects a changed catalog version at worker startup without migration (352.560625ms)
✔ settles in-flight initialization and queued requests when disposed (396.28425ms)
✔ counts merged subscribers toward capacity, normalizes keys, and clones each successful result (2.610958ms)
✔ serializes different revisions and keeps a folded expanding query valid in the payload (0.186375ms)
✔ rejects old generation on identity change and waits for termination (2.901375ms)
✔ rejects old generation on path change and waits for termination (0.49725ms)
✔ removes queued aborts but retains an executing slot after all subscribers abort (0.5815ms)
✔ one subscriber abort does not cancel another or retain its signal listener (0.185875ms)
✔ rejects all accepted on startup timeout, without retry or overlapping workers (16.182625ms)
✔ rejects all accepted on query timeout, without retry or overlapping workers (17.22575ms)
✔ rejects all accepted on exit, without retry or overlapping workers (0.362834ms)
✔ rejects all accepted on error, without retry or overlapping workers (0.423583ms)
✔ rejects all accepted on protocol error, without retry or overlapping workers (0.231375ms)
✔ dispose closes admission immediately and waits for a running termination (0.470833ms)
✔ fails closed if termination rejects and rejects requests waiting for replacement (0.45575ms)
✔ rejects invalid queries before creating a worker and contains factory/post failures (0.4595ms)
✔ bounds subscribers while termination is pending and supersedes a waiting generation (1.310625ms)
✔ does not launch work after repeated queued cancellations before ready (0.684292ms)
✔ contains unexpected messages and dispose drains an already-started replacement barrier (0.055875ms)
✔ expires waiting subscribers and frees capacity while native termination remains pending (0.75575ms)
✔ keeps independent waiting deadlines for coalesced subscribers and clears them at execution (0.419208ms)
✔ never executes a page whose only subscriber expired before ready (0.238333ms)
▶ CheckpointedSequentialBatchQueue
  ✔ persists checkpoints, pauses, and resumes from the next index (1.497166ms)
  ✔ discards a paused job without running (0.1625ms)
  ✔ cancels a running job and clears the checkpoint (2.663833ms)
  ✔ recycles the scrape browser after each configured target interval (8.368916ms)
  ✔ rejects an invalid run plan without leaving a resumable checkpoint (0.400541ms)
  ✔ discards a corrupt checkpoint when run planning throws (0.132625ms)
✔ CheckpointedSequentialBatchQueue (13.780208ms)
▶ classificationDeletionService
  ✔ previews and deletes a director while recalculating links and preserving videos/resources (363.803625ms)
  ✔ deletes an unlinked director with a zero impact (332.625ms)
  ✔ rolls back director unlinking and skips image cleanup when deletion fails (409.382334ms)
  ✔ previews and deletes a series while recalculating videos and detaching direct children (484.666375ms)
  ✔ deletes an unlinked childless series with a zero impact (393.940042ms)
  ✔ rolls back series relations and reports image cleanup failure only after commit (527.048709ms)
✔ classificationDeletionService (2512.116583ms)
▶ classification director query and maintenance services
  ✔ keeps real same-name directors as separate stable identities and exposes candidate differences (375.150167ms)
  ✔ maintains the complete profile without changing identity or video relations (354.464458ms)
  ✔ validates calendar dates and career ranges transactionally (396.210208ms)
  ✔ searches aliases and supports only count or update sorting in both directions (424.411333ms)
✔ classification director query and maintenance services (1551.087875ms)
▶ classificationImageService
  ✔ imports local and remote images as owned assets and cleans a replaced image after commit (425.049333ms)
  ✔ copies an associated video cover instead of adopting the video asset (448.845458ms)
  ✔ stores a director portrait and compensates its replacement when the database update fails (467.896625ms)
  ✔ keeps the stored image when a remote download fails (426.72525ms)
  ✔ cleans the latest replaced image when a remote update finishes after another edit (537.106708ms)
  ✔ commits replacement and reports a post-commit cleanup failure (482.824625ms)
✔ classificationImageService (2789.064208ms)
▶ classification organization query and maintenance services
  ✔ shares one organization profile across role lists and searches its aliases (391.485708ms)
  ✔ sorts only by video count or update time in either direction (403.613208ms)
  ✔ treats SQL LIKE metacharacters in organization searches as literal text (451.523833ms)
  ✔ keeps stable identity and video links when editing the complete profile (470.232625ms)
  ✔ rejects parent cycles without partially changing the profile (417.305833ms)
  ✔ creates an organization inline, registers the role, and retains zero-video roles (425.09075ms)
  ✔ rolls back profile fields when a name is owned by another organization (439.540958ms)
✔ classification organization query and maintenance services (2999.538333ms)
▶ classification series query and maintenance services
  ✔ maintains a stable complete profile and projects its local video coverage (452.18025ms)
  ✔ enforces normalized name ownership inside the owner scope only (439.055959ms)
  ✔ preflights every name when moving to another owner scope and rolls back on conflict (504.918917ms)
  ✔ rejects self and descendant parents without partially changing the series (436.447417ms)
  ✔ searches aliases, identifies same-name candidates, and sorts in either direction (476.93725ms)
  ✔ creates an unowned series inline and validates lifecycle years (286.170625ms)
✔ classification series query and maintenance services (2596.627166ms)
▶ directorMergeService
  ✔ merges source data into an explicit target while preserving target conflicts (491.166834ms)
  ✔ adopts the source portrait only when the target has no formal portrait (457.345125ms)
  ✔ rolls back target fields and video relations when the database transaction fails (369.026708ms)
  ✔ commits the merge and reports source portrait cleanup failure (328.708583ms)
  ✔ rejects using the same director as target and source (314.072458ms)
✔ directorMergeService (1961.370417ms)
▶ external link service
  ✔ accepts only bounded HTTP and HTTPS links (0.345541ms)
✔ external link service (0.63875ms)
▶ legacy media-library settings bootstrap
  ✔ keeps native V14 config defaults when a fresh database has no legacy evidence (5.566709ms)
  ✔ imports roots, cleanup work, and typed configuration into the default library once (5.138542ms)
  ✔ freezes an online legacy cleanup root identity before making the work active (10.231959ms)
  ✔ keeps parent and child legacy paths but enables only the first non-overlapping set (13.216334ms)
  ✔ keeps realpath aliases but enables only one physical legacy root (20.041041ms)
  ✔ keeps app-level scraper and cover preferences after import and repeated startup cleanup (3.158958ms)
  ✔ keeps inferred roots and links source-managed resources to the deepest matching root (2.880083ms)
  ✔ imports the last scan summary and its managed unrecognized-file snapshot (3.080625ms)
  ✔ preserves a standalone unrecognized snapshot through a synthetic legacy scan run (2.971291ms)
  ✔ keeps an older safe snapshot separate from a newer failed scan summary (2.898208ms)
  ✔ retries JSON cleanup without importing database rows twice (2.592416ms)
  ✔ rolls back every database change and skips JSON cleanup when import fails (2.540333ms)
✔ legacy media-library settings bootstrap (74.886667ms)
▶ LibraryCurator lifecycle
  ✔ releases its own runs without disposing the application AgentExecution (1.136083ms)
✔ LibraryCurator lifecycle (1.456375ms)
✔ uses the indexed journal cursor for a curator snapshot (0.506792ms)
▶ libraryPathCleanupService
  ✔ previews only resources owned by the selected library and root (473.589916ms)
  ✔ previews and safely cleans a disabled root including pending and diagnostic rows (304.373042ms)
  ✔ confirms with the current revision and queues an identity snapshot without deleting data (286.524166ms)
  ✔ rejects a confirmation when scan-owned resources changed after preview without a revision bump (408.358666ms)
  ✔ removes and promotes resources only inside the confirmed library and root (546.698625ms)
  ✔ lets a cleanup-only scan consume the last removed root without touching another library (569.251458ms)
  ✔ recovers an offline legacy cleanup intent when a later full scan sees the root online (417.87475ms)
  ✔ keeps an overlapping legacy cleanup root waiting during a later full scan (346.065542ms)
  ✔ keeps an overlapping parent legacy cleanup root waiting during a later full scan (309.839417ms)
  ✔ keeps a realpath-alias legacy cleanup root waiting across libraries (283.268917ms)
  ✔ fails closed when a confirmed root is offline (353.023375ms)
  ✔ fails closed when the path now resolves to a replacement directory (349.102125ms)
  ✔ cancels a failed removal into a disabled, archiveable root without deleting records (315.845833ms)
  ✔ completes a confirmed cleanup after an unrelated library configuration edit (371.173708ms)
  ✔ rolls back resource removal, promotion, root state, and job completion together (301.54125ms)
✔ libraryPathCleanupService (5637.430542ms)
▶ normalizeTranslationOutput
  ✔ strips fenced and quoted model output (0.356917ms)
✔ normalizeTranslationOutput (0.656334ms)
▶ MediaAssetStore
  ✔ coalesces encrypted thumbnails, isolates size variants and preserves original preview bytes (162.816291ms)
  ✔ checks plain and decrypted image pixels before caching and recovers after replacement (95.713333ms)
  ✔ retains cancelled active slots until file read settles (77.750667ms)
  ✔ retains cancelled active slots until file close settles (87.748625ms)
  ✔ retains cancelled active slots until file metadata settles (84.203292ms)
  ✔ rejects oversized plain and encrypted files before opening or decrypting them (53.833416ms)
  ✔ does not merge a post-invalidation request into the old pending read (27.421791ms)
  ✔ shares a cold encrypted read and decryption across concurrent requests without sharing cancellation (73.34775ms)
  ✔ does not return cached bytes when cancelled while the hot-path stat is pending (33.004833ms)
  ✔ does not reuse the same relative cache key after the asset root changes (48.697625ms)
  ✔ rejects a changed file during reading without caching its old bytes (36.503708ms)
  ✔ serves hot plaintext and encrypted images without rereading or decrypting their bytes (82.678625ms)
  ✔ reloads replaced files even with restored mtime and rejects deleted files before using cache (47.869916ms)
  ✔ does not repopulate explicitly invalidated cache from a pending read (35.905333ms)
  ✔ retains read slots while cancelled encrypted requests wait for native crypto completion (91.140458ms)
  ✔ cancels queued reads before opening files and keeps active slots until reads settle (90.229542ms)
downloadAvatar failed: Bad Avatar https://example.test/avatar.html response is not a usable image
Failed to delete media asset: covers/TEST-002_be0ce5ad.jpg Error: file is locked
    at FailingCleanupStore.delete (/Users/nut/Project/JavdexLabs/Javdex/src/main/services/mediaAssetStore.test.ts:936:15)
    at FailingCleanupStore.deleteImmediateBestEffort (/Users/nut/Project/JavdexLabs/Javdex/src/main/services/mediaAssetStore.ts:449:12)
    at FailingCleanupStore.finishCoordinatedChange (/Users/nut/Project/JavdexLabs/Javdex/src/main/services/mediaAssetStore.ts:561:52)
    at <anonymous> (/Users/nut/Project/JavdexLabs/Javdex/src/main/services/mediaAssetStore.ts:527:14)
    at AsyncLocalStorage.run (node:internal/async_local_storage/async_context_frame:63:14)
    at FailingCleanupStore.runCoordinatedChange (/Users/nut/Project/JavdexLabs/Javdex/src/main/services/mediaAssetStore.ts:504:31)
    at FailingCleanupStore.coordinateDatabaseChange (/Users/nut/Project/JavdexLabs/Javdex/src/main/services/mediaAssetStore.ts:465:17)
    at <anonymous> (/Users/nut/Project/JavdexLabs/Javdex/src/main/services/mediaAssetStore.test.ts:941:37)
    at getActual (node:assert:611:5)
    at strict.doesNotThrow (node:assert:779:32)
  ✔ serves plain and encrypted images asynchronously without synchronous file reads (114.857541ms)
  ✔ reads plain and encrypted images and reports a stable plaintext fingerprint (81.759459ms)
  ✔ rejects stored paths that escape the media root (6.645542ms)
  ✔ exposes bootstrap and layout paths under the media root (26.752292ms)
  ✔ encrypts a stored plain asset and lists it under stable subdirectories (102.266959ms)
  ✔ decrypts a stored encrypted asset back to its plain relative path (135.352917ms)
  ✔ compensates newly-created resources when the database operation fails (48.670875ms)
  ✔ compensates newly imported cover and sample files when a database operation fails (57.604541ms)
  ✔ compensates newly imported playlist covers when a database operation fails (45.31825ms)
  ✔ compensates async downloads when the database operation fails (34.264291ms)
  ✔ rejects unusable local image imports instead of storing them (10.719333ms)
  ✔ rejects unusable avatar downloads instead of storing them (8.062084ms)
  ✔ keeps an existing download when replacing the same URL later rolls back (50.742791ms)
  ✔ keeps an existing avatar source when importing the same bytes later rolls back (50.652583ms)
  ✔ deletes obsolete resources only after the database operation succeeds (35.147458ms)
  ✔ uses distinct paths for avatar display replacements created in the same millisecond (50.236334ms)
  ✔ discards newly created resources marked obsolete in the same coordinated change (60.987584ms)
  ✔ promotes nested created resources so a parent rollback can compensate them (40.517959ms)
  ✔ defers nested obsolete deletes of pre-existing files until the parent commits (49.439709ms)
  ✔ keeps nested obsolete pre-existing files when the parent rolls back (58.548084ms)
  ✔ does not leak nested create-then-obsolete files when the parent rolls back (42.972917ms)
  ✔ runInCoordinatedChange joins an active parent instead of nesting (41.391417ms)
  ✔ keeps isolated coordinated creates when an outer parent later rolls back (44.975458ms)
  ✔ keeps independent root work when an awaited outer coordinated change fails (60.889125ms)
  ✔ keeps relocation exclusive with coordinated and direct media mutations (33.047083ms)
  ✔ keeps relocation exclusive with a stable read lease (5.273208ms)
  ✔ keeps caller registrations off an un-awaited nested async coordinated change (51.189291ms)
  ✔ does not turn a post-commit cleanup failure into a database failure (50.383167ms)
✔ MediaAssetStore (2529.764125ms)
✔ reads empty, exact-budget and multi-chunk files without using readFile (16.77075ms)
✔ rejects oversize before reading and closes the opened handle (10.656792ms)
✔ rejects grow during reading and closes the handle (10.800666ms)
✔ rejects truncate during reading and closes the handle (19.628625ms)
✔ rejects cancel during reading and closes the handle (7.206875ms)
✔ rejects io-error during reading and closes the handle (17.0835ms)
✔ does not open an already cancelled request (7.955125ms)
✔ closes the handle on cancel-after-open before allocating body bytes (11.101625ms)
✔ closes the handle on stat-error before allocating body bytes (11.757334ms)
✔ closes the handle on directory before allocating body bytes (10.827042ms)
✔ reads PNG/WebP metadata and never follows TIFF offsets outside its chunk (0.898875ms)
✔ inspects all served formats without decoding pixels (22.306375ms)
✔ rejects a tiny encoded image with an oversized canvas and accepts the exact boundary (1.820042ms)
✔ rejects corrupt and unsupported image headers (11.346667ms)
✔ inspects the single-frame canvas of real animated GIF and WebP inputs (2.292708ms)
✔ waits for metadata completion when cancelled and destroys the reader (1.218625ms)
✔ shares a read while one consumer cancels and preserves independent result buffers (1.175416ms)
✔ drains the last cancelled consumer without deleting a newer flight under the same key (0.459417ms)
✔ fans out failures and permits a fresh attempt (0.115584ms)
✔ aborts the underlying work only after all consumers cancel and drains the final slot (0.164458ms)
✔ defaults to four active reads and 256 queued requests with reusable cancellation capacity (3.238ms)
✔ bounds active and queued reads, removes cancelled work and releases capacity after failures (0.17975ms)
✔ does not free an active slot before an aborted reader actually settles (0.096958ms)
✔ preserves aspect ratio, respects orientation and does not enlarge small images (30.2585ms)
✔ makes a single static thumbnail from an animated image (2.418625ms)
✔ retains two decode slots until native work settles after cancellation (3.17925ms)
▶ media-library service
  ✔ validates an explicitly configured create-time video scraper before persistence (1.036792ms)
  ✔ allows unrelated config edits with a stale stored scraper but validates explicit changes (0.083709ms)
  ✔ runs the root-migration commit through the shared resource-maintenance gate (0.0655ms)
  ✔ runs every root mutation through the scan-shared maintenance gate (0.142417ms)
  ✔ preserves root continuity validation errors through service mutation gates (0.084208ms)
  ✔ serializes library and config lifecycle mutations with resource writes (0.085083ms)
  ✔ cannot archive through the service while an asynchronous resource write owns the gate (0.123209ms)
✔ media-library service (2.034584ms)
▶ mediaProtocol
  ✔ forwards a finite variant and rejects invalid size without reading (19.935417ms)
  ✔ returns 413 for oversized images with an empty HEAD body (0.751666ms)
  ✔ awaits the image reader and forwards cancellation while serving GET and HEAD (0.310375ms)
  ✔ skips reads for preflight and forbidden paths, and distinguishes busy from missing (0.455ms)
  ✔ resolves media URLs under the asset root (0.067792ms)
  ✔ rejects path traversal outside the asset root (0.168208ms)
✔ mediaProtocol (22.137042ms)
▶ organizationDeletionService
  ✔ removes only the selected role and recalculates its linked videos at execution time (348.195083ms)
  ✔ rejects removing the final role and leaves all relations unchanged (348.725791ms)
  ✔ blocks role removal and full deletion when they would rewrite a pending video (433.553833ms)
  ✔ fully deletes an organization and detaches every supported relation after a fresh preview (569.308209ms)
  ✔ rejects full deletion when owned series names conflict in the unowned scope (422.168ms)
  ✔ rolls back full deletion relations and skips image cleanup when deletion fails (330.612709ms)
  ✔ commits full deletion while reporting post-commit image cleanup failures (280.092166ms)
✔ organizationDeletionService (2733.260333ms)
▶ organizationMergeService
  ✔ merges cross-role records and transfers role-specific videos, children, and series (354.8045ms)
  ✔ adopts the source brand image only when the target has none (397.541208ms)
  ✔ preflights publisher transfer business identity collisions before writing (405.128333ms)
  ✔ blocks a merge that would rewrite a pending video relation (463.975375ms)
  ✔ rejects a series name collision in the target scope without changing any relation (478.903125ms)
  ✔ rejects merging an ancestor into a deep descendant (330.916459ms)
  ✔ collapses a direct source-to-target hierarchy and transfers source siblings (316.137709ms)
  ✔ rolls back the profile and every relation when the transaction fails (334.893125ms)
  ✔ commits the merge and reports a brand image cleanup failure (347.542041ms)
  ✔ rejects using the same organization as target and source (298.567375ms)
✔ organizationMergeService (3729.088666ms)
▶ pending resource identity service
  ✔ uses the persisted choice, assigns the resource atomically, and applies only a matching current NFO (411.434958ms)
  ✔ completes resource ownership but does not apply metadata when the current NFO no longer matches (439.601125ms)
  ✔ finishes resource ownership when the current NFO cannot be inspected safely (529.333833ms)
  ✔ keeps the identity pending and creates no formal record when the source fingerprint is stale (397.791833ms)
  ✔ rechecks a STRM target snapshot and leaves the conflict intact when it changes (344.872625ms)
✔ pending resource identity service (2123.549875ms)
▶ PlayerService
  ✔ opens and reveals a local resource through system file operations (2.311167ms)
  ✔ opens a STRM target externally but reveals its local source file (0.101667ms)
  ✔ opens the primary direct resource with the system URL handler (0.08525ms)
  ✔ reports a system open failure and does not try another resource (0.13025ms)
  ✔ hands Magnet resources to the registered system protocol handler (0.059041ms)
  ✔ rejects every playback and reveal entry point before reading an archived or missing library (0.059791ms)
  ✔ opens and reveals only resources that belong to the selected library (5.434125ms)
✔ PlayerService (8.596458ms)
▶ playlist import browser navigation guard
  ✔ requires DOM-backed terminal reasons to carry a selector and pass host verification (0.969667ms)
  ✔ accepts known-total terminal evidence only when the checkpoint declares a total (0.074833ms)
  ✔ accepts a virtual first window only after a settled host-owned reset to the top (0.071625ms)
  ✔ revalidates terminal or link evidence in the final dynamic window before sealing (0.080334ms)
  ✔ alternates virtual scrolling with frozen load-more actions before sealing (0.138125ms)
  ✔ defers bottom-only advance validation until a virtual page reaches its terminal view (0.061ms)
  ✔ waits for a quiet window after every asynchronous load-more change (0.065ms)
  ✔ restarts the quiet window when a temporary dynamic expansion rolls back (0.121416ms)
  ✔ classifies foreground retry failures without treating them as restart recovery (0.461166ms)
✔ playlist import browser navigation guard (2.552709ms)
▶ playlist importer browser guidance
  ✔ prefers structured reads while leaving page semantics and interaction to the agent (0.689666ms)
  ✔ hands page semantics to the agent and prioritizes user-only blockers (0.098584ms)
  ✔ extracts a first-page playlist name only from reliable page evidence (0.107542ms)
  ✔ requires every newly opened static page to be inspected and checkpointed before advancing again (0.067459ms)
  ✔ distinguishes checkpoint evidence from status artifacts and explains terminal selectors (0.099208ms)
✔ playlist importer browser guidance (1.497ms)
▶ PlaylistImportModule interface
  ✔ returns an initial browser handoff projected during the first agent dispatch (7.205875ms)
  ✔ persists the import job before the run driver can project bootstrap observations (3.853041ms)
  ✔ returns immediately after accepting one run and replays the same start idempotently (4.230375ms)
  ✔ allows only one foreground import session at a time (4.986458ms)
  ✔ rejects invalid start targets before creating an Agent run (3.306583ms)
  ✔ includes write options in the idempotent frozen input (3.214458ms)
  ✔ rejects one idempotency key reused for different frozen input (3.475625ms)
  ✔ cancels pre-apply work without creating an empty playlist (4.82475ms)
  ✔ preserves a retryable recovery failure when apply invalidates after identity review (8.009833ms)
  ✔ retries a recoverable apply error after the target library becomes active again (5.840959ms)
  ✔ dispatches a same-session retry for a retryable discovery checkpoint (4.321ms)
  ✔ clears a missing page checkpoint before dispatching a same-session retry (4.021666ms)
  ✔ coalesces concurrent retries with the same idempotency key before recovery side effects (4.30375ms)
  ✔ keeps discovery retry state in the foreground session instead of the durable product journal (4.036125ms)
  ✔ applies a foreground retry atomically without reserving a durable retry result (4.522708ms)
  ✔ discards a browser session when driver creation fails before persistence (3.214583ms)
✔ PlaylistImportModule interface (74.020459ms)
▶ PlaylistImportRepository
  ✔ keeps all import staging in the current SQLite connection only (5.77625ms)
  ✔ rejects credential-bearing source and detail URLs before staging them (0.694458ms)
  ✔ removes sensitive detail URL credentials and requires explicit user identity handling (6.16625ms)
  ✔ accepts a checkpoint after a source redirects between www and apex host variants (3.8245ms)
  ✔ fails an empty external list without creating an empty playlist (4.52075ms)
  ✔ fails discovery when the frozen run exceeds its wall-clock safety budget (3.526542ms)
  ✔ checkpoints every page before atomically creating/reusing videos and a new playlist (5.328875ms)
  ✔ assigns stable unique page order when numbered pagination rediscoveries overlap (4.47625ms)
  ✔ fails self-referential and A-to-B-to-A static pagination as PAGINATION_LOOP (4.1235ms)
  ✔ keeps legal duplicate pages when their concrete pagination frontiers differ (4.142416ms)
  ✔ fails a sealed dynamic page whose next URL only loops to an existing frontier (4.324333ms)
  ✔ keeps a declared page-total mismatch retryable and accepts a corrected checkpoint (4.650583ms)
  ✔ rejects a conflicting nonterminal page before sealing it and completes after correction (4.474333ms)
  ✔ restarts from the source when only the terminal page proves earlier totals wrong (8.561333ms)
  ✔ uses the first-page Agent suggestion when the user leaves the new playlist name empty (4.5205ms)
  ✔ keeps existing playlist links and deduplicates the source playlist URL when enabled (4.0875ms)
  ✔ falls back to the existing host-and-date name when the Agent returns no name (3.78425ms)
  ✔ does not let an Agent suggestion rename an append target (3.893167ms)
  ✔ skips unmatched items and omits detail links when both write options are disabled (4.416209ms)
  ✔ reuses a unique code match created after an auto-create-disabled preview (4.528375ms)
  ✔ persists target-library and target-playlist failures instead of leaving apply retry loops (5.931583ms)
  ✔ counts external convergence separately from videos already present before apply (4.60075ms)
  ✔ keeps multiple global code matches in the detail phase even when one is in the target library (4.080167ms)
  ✔ reuses a unique exact code discovered only on the detail page (3.984041ms)
  ✔ sends conflicting list and detail codes to user review without discarding list candidates (4.788541ms)
  ✔ rejects a stale direct-code decision when a duplicate appears before apply (4.204208ms)
  ✔ reopens identity resolution when another video claims the detail URL before apply (5.447917ms)
  ✔ returns target-library tiebreaks to identity review when memberships become stale (4.626958ms)
  ✔ persists an unexpected transactional apply failure and retries it atomically (4.471333ms)
  ✔ lets a unique strong detail match override the target library preference (4.34675ms)
  ✔ uses a canonical www detail link as a strong owner signal without duplicating it (4.295458ms)
  ✔ requires user review when independent strong detail signals conflict (6.017083ms)
  ✔ keeps a source owner outside the code candidates and blocks target-library tiebreaking (4.600333ms)
  ✔ invalidates the preview when a new source owner appears before apply (4.925041ms)
  ✔ treats source external-code and source-URL evidence as independent signals (4.516167ms)
  ✔ does not use the target library when complete business identity contradicts known candidates (5.78325ms)
  ✔ waits for the user when detail signals leave multiple cross-library candidates (5.859083ms)
  ✔ replays an identical page checkpoint and makes changed content recoverable (4.827334ms)
  ✔ makes a changed replay of a dynamic operation recoverable without duplicating the batch (4.397125ms)
  ✔ rolls a changed sealed dynamic page back with downstream frontiers and orphan items (112.430167ms)
  ✔ rejects a playlist name submitted after the first logical page (3.496291ms)
  ✔ persists and resumes a browser handoff without losing the current list frontier (4.934666ms)
  ✔ fails an expired browser handoff before persisting a resume checkpoint (3.543041ms)
  ✔ checkpoints overlapping virtual windows before sealing a continuous list (5.051875ms)
  ✔ persists host-owned load-more batches and seals only after the control disappears (5.071958ms)
  ✔ persists load-more no-progress and fails instead of retrying the same action (4.567125ms)
  ✔ fails the run instead of truncating a source that declares totals above the safety budget (3.458708ms)
  ✔ fails and rolls back a dynamic window above the per-batch candidate budget (4.478125ms)
✔ PlaylistImportRepository (329.941667ms)
▶ PlaylistImportAgentRunDriver scripted browser integration
  ✔ dispatches the conversation before the agent opens the frozen source page (6.718166ms)
  ✔ hands an initial challenge to the user through the agent browser tool (4.273042ms)
  ✔ requires the domain advance tool to claim a pending page before checkpointing it (7.376333ms)
  ✔ lets the agent choose how to return to frozen work after a handoff (4.380916ms)
  ✔ lets the agent hand a login page to the user immediately (3.579542ms)
  ✔ pauses for human verification when host-owned detail navigation hits a challenge (4.781625ms)
  ✔ replays a committed static page checkpoint after its response is lost (4.949375ms)
  ✔ replays a committed detail checkpoint after its response is lost (6.08925ms)
  ✔ restarts the changed dynamic page from its inbound frontier on product retry (5.277334ms)
  ✔ restarts a dynamic page with corrected declared totals after one product retry (8.695708ms)
  ✔ records an evidence-backed unsupported pagination report as an explicit terminal error (3.300458ms)
  ✔ requires a page checkpoint before advancing away from the current list page (3.856333ms)
  ✔ keeps a missing page checkpoint agent-correctable instead of locking the tool host (4.71825ms)
  ✔ does not expose status artifacts as eligible page-checkpoint evidence (3.557917ms)
  ✔ inspects an automatic login redirect but still rejects a checkpoint from it (3.490917ms)
  ✔ checkpoints a finite recycled virtual list without gaps and binds evidence to every view (6.272167ms)
  ✔ normalizes a one-based stable position attribute into a continuous virtual list (6.378459ms)
  ✔ backtracks to the last anchor and halves the step when variable heights skip a window (7.120334ms)
  ✔ combines virtual scrolling with host-owned load-more and checkpoints the expanded window (1011.376292ms)
  ✔ retries a stalled virtual window once, then fails when it still cannot progress (4.286917ms)
✔ PlaylistImportAgentRunDriver scripted browser integration (1111.194041ms)
▶ playlistImportRecoverableToolFailure
  ✔ keeps only same-session timeout and changed-source failures retryable (0.146208ms)
✔ playlistImportRecoverableToolFailure (0.179ms)
▶ PlaylistImporter ToolPack
  ✔ exposes static-page, virtual-window and detail checkpoints through one least-privilege pack (0.76675ms)
  ✔ lets the agent inspect and operate the same-site browser (0.247ms)
  ✔ binds every declaration to a production handler (0.079625ms)
  ✔ accepts one optional page-evidenced name on the page checkpoint (0.062209ms)
  ✔ requires a mechanically verifiable terminal contract (0.059375ms)
  ✔ describes static pagination as navigation followed by a new page checkpoint (0.068833ms)
  ✔ makes checkpoint evidence eligibility and terminal selector semantics explicit (0.212458ms)
✔ PlaylistImporter ToolPack (1.883417ms)
▶ playlistService media asset seam
  ✔ creates a playlist cover through MediaAssetStore and cleans it on delete (481.976208ms)
  ✔ deletes the previous cover only after a successful cover replacement (420.28875ms)
✔ playlistService media asset seam (902.656666ms)
▶ PluginBrowserCapabilityModule
  ✔ uses action-specific result budgets (0.484875ms)
  ✔ inlines complete small page-fact sections instead of keeping an oversized snapshot (35.504791ms)
  ✔ omits an oversized page-fact section as a whole and never returns a prefix (21.730166ms)
  ✔ returns an omitted artifact section through bounded cursor pages (82.228917ms)
  ✔ keeps every omitted delta section readable from the same artifact (34.677875ms)
  ✔ returns valid artifact sections and a catalog recovery action for an unknown section (26.365791ms)
  ✔ rejects read-section paths outside the browser artifact directory (1.150291ms)
  ✔ keeps a small localeLinks section when snapshot and content links are omitted (35.500875ms)
  ✔ hides oversized artifact string segments behind read-section pagination (46.156959ms)
  ✔ returns every captured page-fact item when the complete observation fits (21.949083ms)
  ✔ keeps the hard transport limit even when the page has unusually many fact sections (436.218375ms)
  ✔ marks evidence incomplete only when the complete page evidence was actually capped (25.563416ms)
  ✔ returns occurrence-aware ARIA and top-level page-fact deltas for one document (33.795791ms)
  ✔ treats a scroll view revision as a full observation and invalidates prior refs (25.387375ms)
  ✔ records a newly appeared pageFacts section after fill without throwing (35.955959ms)
  ✔ falls back explicitly to the artifact when a complete delta exceeds its budget (42.787917ms)
  ✔ isolates baselines by session and resets them when a lease is released (27.792542ms)
  ✔ unwraps evaluate values that were unnecessarily JSON-stringified (19.321166ms)
  ✔ keeps a successful action pending result successful and compact (23.853667ms)
  ✔ redacts typed text from the stored artifact (21.061792ms)
✔ PluginBrowserCapabilityModule (998.544ms)
▶ PluginDeveloper approval and lifecycle stability
  ✔ restores a legacy run with newly-invalid field ids as a repairable workspace (135.088458ms)
  ✔ clears every durable plugin-development history without touching other Agent use cases (46.547833ms)
  ✔ refuses to clear history while a plugin-development operation is running (0.445083ms)
  ✔ discards unrecoverable plugin-development history without touching recoverable runs (71.431834ms)
  ✔ waits for a slow terminal release before an immediate continuation reopens the run (0.981125ms)
  ✔ materializes a terminal workspace before lazy continuation projects native file tools (142.90625ms)
  ✔ projects Pi native file tools into the durable product timeline (103.97775ms)
  ✔ records exactly one domain error when a runtime fault transitions the run to failed (0.265416ms)
  ✔ surfaces an unpersistable runtime fault and resolves the active operation (0.257667ms)
  ✔ publishes the reduced active context immediately after Pi compaction (0.1805ms)
  ✔ keeps a transient invalid workspace recoverable and resyncs after a valid rewrite (132.092667ms)
  ✔ streams provider reasoning and answer while persisting each only once per completed turn (73.137125ms)
  ✔ bounds one displayed reasoning block and reports the original character count (1.931958ms)
  ✔ revokes an approved permit when Pi rejects the approval continuation (0.224083ms)
  ✔ does not consume an approval while the operation that emitted waiting_user is still settling (0.200209ms)
  ✔ binds a typed choice to the exact request without treating it as user feedback (430.542417ms)
  ✔ resumes a typed browser interaction without turning completion into defect feedback (0.237875ms)
  ✔ keeps a mechanically ready artifact waiting for user after Pi settles (107.688542ms)
  ✔ requires real feedback before continuing a mechanically ready artifact (132.123292ms)
  ✔ keeps readiness for dev-notes edits but invalidates it for package edits (139.732917ms)
  ✔ does not run hidden production execution when Pi settles without a current artifact (133.389875ms)
  ✔ projects a model-turn limit into waiting_user/working without running a hidden check (111.615292ms)
  ✔ allows installation only for the exact full production execution artifact (0.544833ms)
  ✔ marks the session completed only after the accepted artifact is installed (0.270916ms)
  ✔ adopts the installed display name when install renames to avoid a conflict (134.160875ms)
  ✔ persists the renamed installed package onto settled product state (126.790875ms)
  ✔ releases only PluginDeveloper-owned runs during application disposal (0.230792ms)
✔ PluginDeveloper approval and lifecycle stability (2028.179583ms)
✔ uses the indexed journal cursor for active and persisted plugin snapshots (0.380666ms)
✔ preserves incremental logs across stale-runtime cancellation, cold snapshot, restore and export (1348.399833ms)
✔ keeps the migrated work log reference when runtime reopen fails during recovery (249.608125ms)
✔ retries closed workspaces with intact or corrupted state without rewriting diagnostic data (377.238083ms)
✔ serializes cleanup admission and drains safely: {"initial":"clear","fail":false,"dispose":true} (500.987958ms)
✔ serializes cleanup admission and drains safely: {"initial":"discard","fail":true,"dispose":true} (472.885709ms)
✔ serializes cleanup admission and drains safely: {"initial":"clear","fail":true,"dispose":false} (425.530333ms)
▶ PluginExecutionModule
  ✔ passes only the typed actress runtime identity and preserves production facts (16.979708ms)
  ✔ records rejected production results without adding semantic issue classifications (8.645125ms)
  ✔ does not accept undefined or runtime-only output as a material production result (17.468084ms)
  ✔ does not accept a video source link without any material scraped field (10.229667ms)
  ✔ treats a full empty contract return as unmatched targets, not a broken shape (0.159416ms)
✔ PluginExecutionModule (54.039917ms)
▶ PluginRunAcceptanceModule
  ✔ accepts an exact full production artifact without judging content or manifest coverage (1.86375ms)
  ✔ keeps readiness when only the plugin display name changes (0.136958ms)
  ✔ rejects targeted, stale package, stale target, stale runtime, and failed execution artifacts (0.278333ms)
  ✔ never accepts a vacuous full execution with no session targets or cases (0.076625ms)
  ✔ treats a successful proper-subset run as wrong_scope, not execution_failed (0.064458ms)
  ✔ keeps execution_failed when a targeted subset itself failed (0.064958ms)
✔ PluginRunAcceptanceModule (2.876666ms)
▶ PluginWorkspaceModule
  ✔ starts create mode without a requested or predeclared field set (1.488333ms)
  ✔ materializes a Pi-native file workspace and rebuilds a normalized package (109.562416ms)
  ✔ treats workspace files as authoritative and changes the artifact hash after an edit (131.807083ms)
  ✔ keeps Pi dev notes outside the plugin artifact and preserves them across instruction refreshes (165.961541ms)
  ✔ atomically records completed execution facts and the current acceptance projection (140.976167ms)
  ✔ updates current acceptance without overwriting the latest execution facts (126.564541ms)
  ✔ does not reinterpret a removed workspace field declaration as all fields (100.963667ms)
  ✔ refreshes v4 host resources without overwriting the draft or decisions (191.4705ms)
  ✔ preserves same-kind legacy targets only when current input has none (210.809125ms)
  ✔ keeps current instruction resources frozen when the workspace is reopened (119.994958ms)
  ✔ preserves an older frozen instruction set while restoring an existing run (123.543375ms)
✔ PluginWorkspaceModule (1423.873209ms)
✔ awaits asynchronous removal without recursively deleting through the synchronous API (15.621667ms)
▶ PluginDevInstructionModule
  ✔ keeps the system prompt limited to identity, workspace and host boundaries (0.5035ms)
  ✔ makes javdex-plugin-dev the only owner of the development workflow (2.435583ms)
  ✔ orders page-level search and detail code checkpoints for video and actress skills (0.653084ms)
  ✔ generates isolated result contracts and workflow examples for each plugin kind (0.379542ms)
  ✔ marks field documentation as a query table rather than an implementation checklist (0.104542ms)
  ✔ preserves a resolved choice and reassesses the remaining blocker (0.061ms)
  ✔ resumes a completed browser handoff from the interrupted location (0.031083ms)
  ✔ uses the host initial dry-run in debug mode without requesting a duplicate run (0.153958ms)
  ✔ starts create from the Skill instead of a five-file reading ritual (0.163459ms)
  ✔ generates stable v1 resources for identical inputs (0.637958ms)
  ✔ applies user feedback without manufacturing an extra development round (0.055041ms)
  ✔ treats the resume button as continuation rather than new defect feedback (0.048833ms)
  ✔ exposes only dry-run, typed user input and the browser adapter tools (0.100625ms)
✔ PluginDevInstructionModule (5.849042ms)
▶ PluginDeveloper v1 tool executor
  ✔ rejects removed domain tools (119.357167ms)
  ✔ rejects URL-shaped targets without replacing the initial dry-run state (115.619916ms)
  ✔ preserves the prior latest facts while the workspace is temporarily invalid (127.311792ms)
  ✔ adopts the first legal explicit targets immediately and exposes runtime facts (159.499125ms)
  ✔ emits adopted targets before the production runner settles (136.15675ms)
  ✔ replaces session targets after a full unmatched execution (139.934542ms)
  ✔ keeps later explicit targets targeted when the last full run was not an empty miss (131.792ms)
  ✔ uses later explicit targets only for targeted diagnostics (137.042209ms)
  ✔ treats explicit targets that cover the session set as a full run (115.7815ms)
  ✔ allows the fourth and tenth real executions without an attempt limit (221.886208ms)
  ✔ reads an artifact section without acquiring the live browser lease (120.996958ms)
  ✔ maps bounded scroll arguments to the shared browser command (138.004833ms)
  ✔ terminates on browser busy without replacing the initial dry-run state (116.982833ms)
  ✔ does not replace the initial dry-run state when Cloudflare interrupts the run (132.581125ms)
  ✔ preserves the prior latest facts when a real execution is cancelled (123.341417ms)
✔ PluginDeveloper v1 tool executor (2037.287458ms)
▶ plugin developer Cloudflare handoff
  ✔ retains the browser only for browser interaction handoff requests (0.349791ms)
  ✔ recognizes the typed browser challenge signal (0.072875ms)
  ✔ turns browser action=open challenge into an immediate waiting_user handoff (127.962458ms)
  ✔ presents the helper and creates a typed login handoff without running a Playwright action (109.950292ms)
  ✔ returns typed recovery errors for uncertain actions and pending explicit observations (115.800625ms)
✔ plugin developer Cloudflare handoff (354.617875ms)
▶ PluginDeveloper ToolPack v1
  ✔ matches the compact Pi-native schema in stable order (0.88075ms)
  ✔ classifies dry-run, browser reads/interactions and secret typing explicitly (0.086708ms)
  ✔ governs every remaining host capability through permission, abort and ledger (7.700666ms)
✔ PluginDeveloper ToolPack v1 (9.059291ms)
▶ pluginDevAgent workLog
  ✔ records full tool detail and builds an exportable timeline (21.961583ms)
  ✔ never exports a failed terminal state without an error event (0.32075ms)
✔ pluginDevAgent workLog (22.671167ms)
✔ migrates a legacy log once, preserves message/event order, and reads only its committed journal interval (15.657958ms)
✔ rolls back journal appends when product state commit fails and retries without duplicates (1.41825ms)
✔ rejects changed legacy prefixes, shrinking histories, missing rows and malformed references without rewriting data (0.623375ms)
✔ keeps logical state+journal writes linear for 1k, 10k and 100k log entries (4815.643625ms)
ℹ {"results":[{"entries":1000,"stateBytes":110786,"journalBytes":131780},{"entries":10000,"stateBytes":1127788,"journalBytes":1337780},{"entries":100000,"stateBytes":11477790,"journalBytes":13577780}],"scope":"In-memory SQLite logical JSON bytes; outer transaction amortizes test setup. Not WAL/device bytes, fsync latency, UI or cold recovery memory acceptance."}
▶ pluginDevCodeEdit
  ✔ replace_snippet swaps a unique fragment (0.838792ms)
  ✔ replace_snippet rejects non-unique oldText (0.127125ms)
  ✔ replace_snippet picks match nearest nearLine (0.244458ms)
  ✔ replace_function can replace a top-level helper (0.492792ms)
  ✔ replace_function rejects re-declaring helper inside parseActress block (0.236458ms)
  ✔ listTopLevelFunctions returns names with line ranges (0.760167ms)
  ✔ findDuplicateTopLevelBindings detects duplicate function names (0.046208ms)
✔ pluginDevCodeEdit (3.142375ms)
▶ pluginDevPageFormat
  ✔ formats definition lists and dom regions for prompts (0.473166ms)
  ✔ formats inspect locale anchors without treating them as a language API (0.15625ms)
  ✔ includes link region markers (0.225708ms)
  ✔ builds full page insight prompt (0.21725ms)
  ✔ keeps forms and prioritized links when raw DOM regions are very large (0.421083ms)
✔ pluginDevPageFormat (1.940292ms)
▶ pluginDevService
  ✔ preserves an explicit empty supportedFields list for an undiscovered create draft (5.172709ms)
  ✔ rejects parse result keys used as supportedFields instead of silently dropping them (6.663958ms)
  ✔ wraps generated bare parseVideo functions before dry-run (66.3305ms)
  ✔ reports unrecognized raw result keys before normalization without suggestions (58.461875ms)
  ✔ preserves every normalized video candidate during dry-run (64.800375ms)
  ✔ rejects a video result whose code does not match the requested target (62.991541ms)
  ✔ wraps generated bare parseActress functions before dry-run (61.929875ms)
  ✔ reports legal manifest field ids even when the compatibility projection accepts an empty declaration (79.898166ms)
  ✔ coerces actress numeric and date strings during dry-run (62.994ms)
  ✔ returns actress identity facts without adding a semantic target rejection (57.085ms)
✔ pluginDevService (527.222709ms)
✔ coalesces a large burst and flushes the final value without leaking a timer (3.120459ms)
✔ limits continuous progress to ten updates per second plus the final flush (0.519167ms)
✔ replaces pending progress with an immediate state and can publish the next state (0.124375ms)
✔ normalizeProxyUrl accepts common proxy schemes (0.490584ms)
✔ normalizeProxyUrl rejects empty and invalid values (0.177834ms)
▶ public HTTP fetch
  ✔ rejects private literals and hostnames resolving to private addresses (3.312583ms)
  ✔ connects to the validated address while preserving the logical host (21.0135ms)
  ✔ validates redirect destinations and caps streamed response bytes (0.972625ms)
  ✔ applies one timeout budget to URL validation and the request (31.688625ms)
  ✔ closes a pending SOCKS connection when the request deadline expires (62.1985ms)
✔ public HTTP fetch (120.134333ms)
▶ resourceLessVideoCleanupService
  ✔ deletes only zero-resource videos and removes their relations and owned images (371.664667ms)
  ✔ protects zero-resource videos while any playlist still references them (234.497958ms)
  ✔ counts and cleans assets only after the final guarded delete succeeds (196.08975ms)
✔ resourceLessVideoCleanupService (802.723417ms)
▶ ScrapeJobController
  ✔ flushes and detaches UI progress on rejection before accepting another batch (5.523583ms)
  ✔ coalesces video UI progress while preserving checkpoints and done delivery (30.682084ms)
  ✔ coalesces video UI progress while preserving checkpoints and paused delivery (17.292209ms)
  ✔ coalesces video UI progress while preserving checkpoints and cancelled delivery (18.783292ms)
  ✔ coalesces actress UI progress while preserving checkpoints and done delivery (15.191208ms)
  ✔ coalesces actress UI progress while preserving checkpoints and paused delivery (15.356875ms)
  ✔ coalesces actress UI progress while preserving checkpoints and cancelled delivery (16.0065ms)
  ✔ preserves media-library scope through batch count and start orchestration (0.369458ms)
  ✔ rejects a single-video scrape outside the requesting active media library (0.313917ms)
  ✔ forwards an explicit director choice and returns structured classification outcomes (0.113375ms)
  ✔ serializes single video and actress scrape runs (0.143166ms)
  ✔ pauses an interrupted persisted job during initialization (0.226167ms)
  ✔ recovers an on-disk running checkpoint as paused after restart (84.177083ms)
  ✔ publishes progress and supports pause, resume, and discard for persisted batches (0.929459ms)
  ✔ prevents starting a scrape batch while automatic crop owns the batch lock (0.128209ms)
✔ ScrapeJobController (206.5055ms)
▶ ScraperDelayController
  ✔ starts the next same-site interval after the previous access finishes (15.0175ms)
✔ ScraperDelayController (15.383625ms)
▶ ScraperPluginCatalog
  ✔ restores the configured default after deleting a selected plugin (0.955125ms)
✔ ScraperPluginCatalog (1.306333ms)
▶ ScraperServiceConfiguration
  ✔ keeps scraper service IPC policy behind one application boundary (1.048541ms)
✔ ScraperServiceConfiguration (1.471458ms)
▶ SequentialBatchQueue
  ✔ counts success, pending, and failure as disjoint processed outcomes (1.090583ms)
  ✔ pauses after the current target and resumes from checkpoint (0.232792ms)
✔ SequentialBatchQueue (1.689417ms)
▶ seriesMergeService
  ✔ merges an explicit source into the target and transfers videos and direct children (328.973084ms)
  ✔ adopts the source cover only when the target has no formal cover (332.960333ms)
  ✔ rejects a merged name collision in the final owner scope without changing relations (520.084666ms)
  ✔ rejects a merge that would move an ancestor branch below its descendant (503.165416ms)
  ✔ collapses a direct source-to-target hierarchy without making the target its own parent (440.987833ms)
  ✔ rolls back profile, video, and child changes when the database transaction fails (339.110625ms)
  ✔ commits the merge and reports an obsolete source cover cleanup failure (433.942459ms)
  ✔ rejects using the same series as target and source (364.732583ms)
✔ seriesMergeService (3264.634625ms)
✔ reuses canonical query pages, isolates caller mutations, and invalidates local and external writes (229.546917ms)
✔ bypasses cached pages inside transactions and never publishes data that is rolled back (260.739542ms)
✔ evicts least recently used pages and validates raw search before cache lookup (292.80525ms)
✔ evicts by serialized byte budget before eight large pages accumulate (592.098125ms)
✔ observes an external commit during a read and refreshes on the next call (512.994584ms)
✔ does not cache a failed read and allows the same query to retry (409.839833ms)
✔ separates connections even when their revision counters match (728.91625ms)
✔ binds a separate cache and repository to a readonly connection, without using the writer getter (261.932834ms)
▶ videoBatchScrapeQueue feedback
  ✔ identifies scoped and global target sets in batch status text (0.365209ms)
  ✔ preserves and revalidates the original library scope when resuming a checkpoint (0.817042ms)
  ✔ revalidates every frozen scoped target immediately before scraping (0.164125ms)
  ✔ formats success, skip, and partial-warning outcomes distinctly (0.207958ms)
  ✔ counts a persisted multi-candidate result as pending instead of success or failure (0.057167ms)
✔ videoBatchScrapeQueue feedback (2.108292ms)
▶ video lifecycle service
  ✔ cleans app-owned and pending assets while never receiving source media paths (1.221041ms)
  ✔ retries cleanup safely when the repository replays an idempotent result (0.11675ms)
  ✔ deletes managed source files before committing the global video record (0.13675ms)
✔ video lifecycle service (1.841917ms)
Staged video file remains queued for deletion: /var/folders/h4/zxrt6zwx6dv1n16kwxzltqgh0000gn/T/javdex-video-maintenance-policy-FnSkEz/media-root/IPX-535.mp4.javdex-delete-18be09c7-c543-4e7a-afe0-4a2286f3e832 Error: file is busy
    at unlinkSync (/Users/nut/Project/JavdexLabs/Javdex/src/main/services/videoMaintenanceService.test.ts:1053:15)
    at finalizeStagedLocalFiles (/Users/nut/Project/JavdexLabs/Javdex/src/main/services/videoMaintenanceService.ts:389:9)
    at withStagedLocalFileDeletion (/Users/nut/Project/JavdexLabs/Javdex/src/main/services/videoMaintenanceService.ts:414:7)
    at <anonymous> (/Users/nut/Project/JavdexLabs/Javdex/src/main/services/videoMaintenanceService.ts:486:7)
    at <anonymous> (/Users/nut/Project/JavdexLabs/Javdex/src/main/services/mediaAssetStore.ts:506:24)
    at AsyncLocalStorage.run (node:internal/async_local_storage/async_context_frame:63:14)
    at MediaAssetStore.runCoordinatedChange (/Users/nut/Project/JavdexLabs/Javdex/src/main/services/mediaAssetStore.ts:504:31)
    at MediaAssetStore.coordinateDatabaseChange (/Users/nut/Project/JavdexLabs/Javdex/src/main/services/mediaAssetStore.ts:465:17)
    at MediaAssetStore.runInCoordinatedChange (/Users/nut/Project/JavdexLabs/Javdex/src/main/services/mediaAssetStore.ts:475:17)
    at removeResource (/Users/nut/Project/JavdexLabs/Javdex/src/main/services/videoMaintenanceService.ts:468:5)
Staged video file remains queued for deletion: /var/folders/h4/zxrt6zwx6dv1n16kwxzltqgh0000gn/T/javdex-video-maintenance-policy-cfAa2h/media-root/IPX-535.mp4.javdex-delete-e519aa5b-66c2-4477-8c88-067481b28af7 Error: 只能操作身份有效的启用媒体库根目录内文件
    at rejectManagedRootFile (/Users/nut/Project/JavdexLabs/Javdex/src/main/services/mediaLibraryRootFileGuard.ts:32:9)
    at requireCurrentRootIdentity (/Users/nut/Project/JavdexLabs/Javdex/src/main/services/mediaLibraryRootFileGuard.ts:86:5)
    at assertRootFile (/Users/nut/Project/JavdexLabs/Javdex/src/main/services/mediaLibraryRootFileGuard.ts:98:27)
    at assertMediaLibraryRootDeletionTarget (/Users/nut/Project/JavdexLabs/Javdex/src/main/services/mediaLibraryRootFileGuard.ts:182:3)
    at assertDeletionAllowed (/Users/nut/Project/JavdexLabs/Javdex/src/main/services/videoMaintenanceService.ts:484:9)
    at finalizeStagedLocalFiles (/Users/nut/Project/JavdexLabs/Javdex/src/main/services/videoMaintenanceService.ts:388:9)
    at withStagedLocalFileDeletion (/Users/nut/Project/JavdexLabs/Javdex/src/main/services/videoMaintenanceService.ts:414:7)
    at <anonymous> (/Users/nut/Project/JavdexLabs/Javdex/src/main/services/videoMaintenanceService.ts:486:7)
    at <anonymous> (/Users/nut/Project/JavdexLabs/Javdex/src/main/services/mediaAssetStore.ts:506:24)
    at AsyncLocalStorage.run (node:internal/async_local_storage/async_context_frame:63:14)
Failed to recover pending local file deletion: /var/folders/h4/zxrt6zwx6dv1n16kwxzltqgh0000gn/T/javdex-video-maintenance-policy-qR5Ggv/offline-volume/movie.mp4.javdex-delete-interrupted Error: 暂存文件所在存储当前不可用
    at recoverPendingLocalFileDeletions (/Users/nut/Project/JavdexLabs/Javdex/src/main/services/pendingLocalFileDeletionService.ts:48:46)
    at TestContext.<anonymous> (/Users/nut/Project/JavdexLabs/Javdex/src/main/services/videoMaintenanceService.test.ts:1243:22)
    at Test.runInAsyncScope (node:async_hooks:227:14)
    at Test.run (node:internal/test_runner/test:1325:25)
    at Suite.processPendingSubtests (node:internal/test_runner/test:911:18)
    at Test.postRun (node:internal/test_runner/test:1465:19)
    at Test.run (node:internal/test_runner/test:1390:12)
    at async Suite.processPendingSubtests (node:internal/test_runner/test:911:7)
Failed to recover pending local file deletion: /var/folders/h4/zxrt6zwx6dv1n16kwxzltqgh0000gn/T/javdex-video-maintenance-policy-rlZMQQ/media-root/IPX-535.mp4.javdex-delete-before-rename Error: 原文件所在存储当前不可用
    at recoverPendingLocalFileDeletions (/Users/nut/Project/JavdexLabs/Javdex/src/main/services/pendingLocalFileDeletionService.ts:40:19)
    at TestContext.<anonymous> (/Users/nut/Project/JavdexLabs/Javdex/src/main/services/videoMaintenanceService.test.ts:1289:22)
    at Test.runInAsyncScope (node:async_hooks:227:14)
    at Test.run (node:internal/test_runner/test:1325:25)
    at Suite.processPendingSubtests (node:internal/test_runner/test:911:18)
    at Test.postRun (node:internal/test_runner/test:1465:19)
    at Test.run (node:internal/test_runner/test:1390:12)
    at async Suite.processPendingSubtests (node:internal/test_runner/test:911:7)
Failed to recover pending local file deletion: /var/folders/h4/zxrt6zwx6dv1n16kwxzltqgh0000gn/T/javdex-video-maintenance-policy-MYmpOl/media-root/missing.mp4.javdex-delete-missing Error: 暂存文件和原文件均不存在
    at recoverPendingLocalFileDeletions (/Users/nut/Project/JavdexLabs/Javdex/src/main/services/pendingLocalFileDeletionService.ts:40:19)
    at TestContext.<anonymous> (/Users/nut/Project/JavdexLabs/Javdex/src/main/services/videoMaintenanceService.test.ts:1321:22)
    at Test.runInAsyncScope (node:async_hooks:227:14)
    at Test.run (node:internal/test_runner/test:1325:25)
    at Suite.processPendingSubtests (node:internal/test_runner/test:911:18)
    at Test.postRun (node:internal/test_runner/test:1465:19)
    at Test.run (node:internal/test_runner/test:1390:12)
    at async Suite.processPendingSubtests (node:internal/test_runner/test:911:7)
▶ VideoMaintenanceService
  ✔ creates and reuses organization identities while editing video metadata (357.050917ms)
  ✔ rolls back video fields when organization assignment fails (494.412375ms)
  ✔ creates or appends HTTP resources without scraping and keeps one primary resource (526.55725ms)
  ✔ normalizes a manually entered code before attaching a resource (443.357708ms)
  ✔ attaches a normalized link to an existing legacy lowercase code (341.161625ms)
  ✔ reports the owning video when a normalized HTTP resource already exists (467.3445ms)
  ✔ imports Magnet and ED2K resources and deduplicates their protocol identities (415.497167ms)
  ✔ keeps STRM targets read-only while editing metadata and safely deletes the source file (374.695708ms)
  ✔ restores a staged STRM source and rolls back removal when primary promotion fails (342.875875ms)
  ✔ refuses to remove an active-root STRM source after the root path is replaced (332.994917ms)
  ✔ edits metadata, status, rating, poster, and manual tags (319.47925ms)
  ✔ attaches the exact selected long-name tag, promotes scraped origin, and rejects deleted selections (277.776042ms)
  ✔ rolls back tag creation or origin promotion when updating the video fails (260.798666ms)
  ✔ imports and deletes a local sample in the temporary media directory (303.841042ms)
  ✔ switches the primary resource and deletes only the selected local resource (347.082125ms)
  ✔ restores a staged local file and rolls back resource removal when promotion fails (340.973667ms)
  ✔ sets any resource as primary and promotes deterministic fallbacks after removal (406.954041ms)
  ✔ does not promote an inaccessible local resource over an available web link (219.162833ms)
  ✔ requires an explicit decision when manually removing the last resource (289.732583ms)
  ✔ never turns last-resource removal into a global deletion (241.381625ms)
  ✔ rejects every resource mutation for missing or archived media libraries (270.541333ms)
  ✔ updates only the display label of a local resource (241.125875ms)
  ✔ removes a symbolic-link resource without deleting its target file (252.98ms)
  ✔ refuses to remove a disabled-root resource after the root path is replaced (281.9425ms)
  ✔ rejects local source deletion for every non-active root state before staging (115.203458ms)
  ✔ rejects physical source deletion when the resource has no root ownership (235.644375ms)
  ✔ skips unmanaged source files when deleting a video globally (267.96425ms)
  ✔ corrects an imported code (249.014541ms)
  ✔ persists a committed cleanup task when resource-file deletion must be retried (248.286709ms)
  ✔ revalidates the root identity before unlinking an already staged source (272.934375ms)
  ✔ does not delete resource records when the file storage cannot be audited (274.750416ms)
  ✔ adopts an interrupted prepared task when resource removal is retried (270.911083ms)
  ✔ does not adopt a prepared resource-removal task when the original path was replaced (288.983ms)
  ✔ restores an interrupted pre-commit file staging task (308.980583ms)
  ✔ keeps a cleanup task queued while its original storage is unavailable (309.99675ms)
  ✔ finishes cleanup after a storage remount changes its device id (313.2485ms)
  ✔ retains a pre-rename prepared task when another device occupies the original path (273.418584ms)
  ✔ retains prepared state and database records when both file paths are missing (326.398083ms)
  ✔ keeps the prepared task when storage disappears during resource-removal rollback (322.241083ms)
  ✔ clears scraped metadata and relations but keeps manual tags (301.52875ms)
  ✔ corrects to an already used code without implicitly merging videos (315.599375ms)
  ✔ explicitly merges same-code videos while preserving the chosen id and primary resource (327.572834ms)
  ✔ unions manual tags but keeps the retained scraped-tag field as a whole (336.996542ms)
  ✔ unions cast, playlists, sources, and ratings while preserving retained conflicts and scrape history (371.869667ms)
  ✔ merges cover, poster, and sample fields as whole sets and reclaims only unused media (294.428333ms)
  ✔ rejects a merge whose combined identity belongs to a third video (344.624916ms)
  ✔ rolls back an ordinary merge when deleting the source record fails (307.732708ms)
  ✔ rejects merging videos with different normalized codes (274.023458ms)
  ✔ uses the normal availability-aware promotion rule when neither merged video has a primary (339.160375ms)
  ✔ splits a non-primary resource into a metadata-empty pending-identity video (318.545ms)
  ✔ blocks primary splitting and rolls back a failed non-primary split (310.082583ms)
  ✔ locks metadata while a video scrape result is pending but still allows resource splitting (291.189791ms)
  ✔ requires confirmation before correcting a pending video and clears staging atomically (287.290291ms)
  ✔ rolls back the whole edit when it would create a complete business identity conflict (298.476458ms)
  ✔ stores related links on a video and returns them on detail (287.81625ms)
  ✔ rejects invalid related links and keeps the previous list (260.781917ms)
  ✔ keeps related links when clearing scraped metadata (263.409ms)
  ✔ allows related-link edits while a video scrape result is pending (330.144125ms)
  ✔ unions related links on merge with the retained video first (391.988334ms)
  ✔ leaves related links on the original video when splitting a resource (321.194875ms)
✔ VideoMaintenanceService (18805.09225ms)
▶ VideoQueryService
  ✔ lists videos and reads their detail without mutating library state (380.0175ms)
  ✔ redacts external resource locators in detail projections until explicitly requested (487.425334ms)
  ✔ projects a STRM source path while keeping its complete target main-process only (508.638667ms)
✔ VideoQueryService (1376.686583ms)
▶ VideoResourceLinkService
  ✔ tests a direct link and returns Content-Length when available (0.876375ms)
  ✔ returns a non-throwing failure without echoing a sensitive query (0.138334ms)
  ✔ routes checks through the hardened public HEAD transport (0.075125ms)
✔ VideoResourceLinkService (1.6855ms)
▶ videoScrapeApplyService.resolveEffectiveScrapeFields
  ✔ fillEmpty keeps only empty scalar fields (695.9115ms)
  ✔ fillEmpty evaluates female and male cast independently (640.510667ms)
  ✔ replaceIfPresent keeps all selected fields regardless of current values (413.001125ms)
  ✔ fillEmpty includes cast fields when video has no performers (595.851834ms)
✔ videoScrapeApplyService.resolveEffectiveScrapeFields (2345.756416ms)
▶ videoScrapeApplyService.planVideoScrapeResult update matrix
  ✔ title follows fillEmpty semantics for every current and scraped value state (452.03975ms)
  ✔ title follows replaceIfPresent semantics for every current and scraped value state (461.7705ms)
  ✔ title follows replace semantics for every current and scraped value state (426.054875ms)
  ✔ summary follows fillEmpty semantics for every current and scraped value state (355.778625ms)
  ✔ summary follows replaceIfPresent semantics for every current and scraped value state (381.859417ms)
  ✔ summary follows replace semantics for every current and scraped value state (399.107458ms)
  ✔ cover follows fillEmpty semantics for every current and scraped value state (399.735ms)
  ✔ cover follows replaceIfPresent semantics for every current and scraped value state (461.821542ms)
  ✔ cover follows replace semantics for every current and scraped value state (403.463958ms)
  ✔ releaseDate follows fillEmpty semantics for every current and scraped value state (395.813917ms)
  ✔ releaseDate follows replaceIfPresent semantics for every current and scraped value state (401.005667ms)
  ✔ releaseDate follows replace semantics for every current and scraped value state (362.220084ms)
  ✔ maker follows fillEmpty semantics for every current and scraped value state (319.561166ms)
  ✔ maker follows replaceIfPresent semantics for every current and scraped value state (221.532542ms)
  ✔ maker follows replace semantics for every current and scraped value state (363.551625ms)
  ✔ publisher follows fillEmpty semantics for every current and scraped value state (346.939375ms)
  ✔ publisher follows replaceIfPresent semantics for every current and scraped value state (364.019042ms)
  ✔ publisher follows replace semantics for every current and scraped value state (367.983209ms)
  ✔ series follows fillEmpty semantics for every current and scraped value state (328.954583ms)
  ✔ series follows replaceIfPresent semantics for every current and scraped value state (362.786042ms)
  ✔ series follows replace semantics for every current and scraped value state (416.999375ms)
  ✔ director follows fillEmpty semantics for every current and scraped value state (428.363166ms)
  ✔ director follows replaceIfPresent semantics for every current and scraped value state (355.368667ms)
  ✔ director follows replace semantics for every current and scraped value state (450.396042ms)
  ✔ duration follows fillEmpty semantics for every current and scraped value state (357.068125ms)
  ✔ duration follows replaceIfPresent semantics for every current and scraped value state (356.950417ms)
  ✔ duration follows replace semantics for every current and scraped value state (354.484834ms)
  ✔ actressesFemale follows fillEmpty semantics for every current and scraped value state (363.879041ms)
  ✔ actressesFemale follows replaceIfPresent semantics for every current and scraped value state (370.342667ms)
  ✔ actressesFemale follows replace semantics for every current and scraped value state (382.499792ms)
  ✔ actressesMale follows fillEmpty semantics for every current and scraped value state (348.930583ms)
  ✔ actressesMale follows replaceIfPresent semantics for every current and scraped value state (340.017875ms)
  ✔ actressesMale follows replace semantics for every current and scraped value state (352.854625ms)
  ✔ tags follows fillEmpty semantics for every current and scraped value state (361.7325ms)
  ✔ tags follows replaceIfPresent semantics for every current and scraped value state (410.96625ms)
  ✔ tags follows replace semantics for every current and scraped value state (386.036584ms)
  ✔ source follows fillEmpty semantics for every current and scraped value state (353.934541ms)
  ✔ source follows replaceIfPresent semantics for every current and scraped value state (351.942667ms)
  ✔ source follows replace semantics for every current and scraped value state (375.917375ms)
  ✔ rating follows fillEmpty semantics for every current and scraped value state (365.077833ms)
  ✔ rating follows replaceIfPresent semantics for every current and scraped value state (392.750834ms)
  ✔ rating follows replace semantics for every current and scraped value state (417.821792ms)
  ✔ samples follows fillEmpty semantics for every current and scraped value state (389.265791ms)
  ✔ samples follows replaceIfPresent semantics for every current and scraped value state (314.617125ms)
  ✔ samples follows replace semantics for every current and scraped value state (337.364709ms)
✔ videoScrapeApplyService.planVideoScrapeResult update matrix (16914.542333ms)
▶ videoScrapeApplyService.applyScrapeResult
  ✔ builds a read-only plan before applying field changes (262.476666ms)
  ✔ applies scalar fields consistently across the three update modes (82.862375ms)
  ✔ does not record a successful scrape when no selected field can be written (74.893709ms)
  ✔ clears only the selected source site metadata in replace mode (55.591791ms)
  ✔ preserves existing cover and warns when a returned image is unavailable (54.839834ms)
  ✔ keeps the complete old sample set when any returned sample is unavailable (45.857375ms)
  ✔ replaces selected relation sets while preserving manual tags and the other cast gender (77.311416ms)
  ✔ keeps a committed scrape successful when post-commit library cleanup fails (81.571125ms)
  ✔ does not roll back scraped tags when orphan-tag cleanup fails after commit (106.574916ms)
  ✔ reuses the unique name owner for canonically equivalent scraped cast names (131.940167ms)
  ✔ does not create or link an actress for a migrated pending cast name (138.829208ms)
  ✔ replaceIfPresent updates existing scalars when scrape has values and keeps null scrape values (126.917125ms)
  ✔ stores external stats under ratingSourceName when provided (128.970042ms)
  ✔ leaves downloaded cast avatars untouched for application-layer adoption (127.713125ms)
✔ videoScrapeApplyService.applyScrapeResult (1497.24675ms)
▶ videoScrapeApplyService classification entity resolution
  ✔ preserves entity update semantics across fillEmpty, replaceIfPresent, and replace (134.019875ms)
  ✔ matches main names, aliases, and normalized equivalents without overwriting profiles (132.823666ms)
  ✔ creates only basic entities, reuses one organization across roles, and leaves series unowned (133.979917ms)
  ✔ rolls back scalar writes and newly created entities when a classification assignment fails (132.5665ms)
  ✔ keeps the current director when its alias is one of multiple candidates without updating the video (129.080166ms)
  ✔ pauses a single scrape for director choice and applies the selected candidate on retry (127.097709ms)
  ✔ preserves an ambiguous director in batch mode while applying safe fields with an actionable warning (137.833792ms)
  ✔ reports an invalid classification name structurally while applying safe fields (125.253959ms)
  ✔ treats same-name series in different owner scopes as ambiguous and never infers an owner (115.58675ms)
✔ videoScrapeApplyService classification entity resolution (1169.153834ms)
▶ videoScrapeApplyService.resolveVideoBatchTargets
  ✔ keeps active media-library batch targets inside their membership scope (128.784167ms)
  ✔ returns no targets for an archived media-library scope while preserving global compatibility (134.962083ms)
  ✔ excludes videos that already have a pending scrape decision (126.536584ms)
  ✔ filters by videos missing any selected metadata field (122.962042ms)
  ✔ combines status and missing-field filters (120.202292ms)
  ✔ treats a stored cover path as present even when the file is unreadable (115.939458ms)
✔ videoScrapeApplyService.resolveVideoBatchTargets (749.822792ms)
▶ videoScrapeApplyService tags emptiness
  ✔ fillEmpty ignores manual tags when deciding whether tags are empty (115.896709ms)
✔ videoScrapeApplyService tags emptiness (116.059292ms)
▶ llmSecretStore
  ✔ persists encrypted values and reports a degraded Linux-style backend (24.92775ms)
  ✔ removes a provider secret without affecting the remaining entries (19.805334ms)
  ✔ does not treat an unreadable secret path as an empty store (13.484292ms)
✔ llmSecretStore (58.712583ms)
▶ scraperServiceSecretStore
  ✔ persists an encrypted MetaTube token without exposing plaintext (17.161292ms)
  ✔ clears the token and rejects unavailable encryption (22.429ms)
✔ scraperServiceSecretStore (40.072417ms)
▶ settingsStore avatar composition defaults
  ✔ uses the relaxed face-centered composition for settings without legacy values (14.454125ms)
  ✔ keeps legacy presets and explicit user values during migration (23.368917ms)
✔ settingsStore avatar composition defaults (38.237916ms)
▶ settingsStore video card preferences
  ✔ keeps resource type badges disabled for new and existing users by default (8.129667ms)
  ✔ preserves an explicit resource type badge preference (9.319667ms)
  ✔ defaults video cards to portrait and preserves an explicit landscape preference (14.641917ms)
✔ settingsStore video card preferences (32.360583ms)
▶ settingsStore NFO export preferences
  ✔ uses safe defaults and normalizes remembered selections without persisting overwrite (14.735458ms)
✔ settingsStore NFO export preferences (14.847916ms)
▶ settingsStore plugin developer model-turn budget
  ✔ retires the old implicit step limit instead of carrying 24 into the new setting (14.643584ms)
  ✔ defaults to unlimited and preserves an explicit zero limit (7.260292ms)
  ✔ persists a positive limit through the settings interface (14.033625ms)
  ✔ stops rewriting legacy model fields after schema v2 exists (25.605458ms)
  ✔ does not resurrect legacy model fields when the v2 document is unreadable (21.029667ms)
✔ settingsStore plugin developer model-turn budget (82.762041ms)
▶ settingsStore deferred library path cleanup
  ✔ normalizes unique non-empty roots and preserves them across cache resets (6.116625ms)
✔ settingsStore deferred library path cleanup (6.168917ms)
▶ settingsStore persistence
  ✔ does not update the cache when the settings file cannot be replaced (34.025584ms)
✔ settingsStore persistence (34.132708ms)
▶ settingsStore recovery
  ✔ backs up malformed JSON, writes defaults, and exposes one recovery notice (26.752792ms)
  ✔ does not replace a settings path that fails with an I/O error (9.965541ms)
✔ settingsStore recovery (36.792875ms)
▶ settingsStore LLM secret migration
  ✔ moves legacy API keys out of settings.json without exposing them publicly (25.8425ms)
  ✔ keeps the original plaintext file and blocks later writes when migration fails (12.352125ms)
✔ settingsStore LLM secret migration (38.269041ms)
▶ settingsStore scan cleanup defaults
  ✔ keeps automatic deletion disabled and has no summary for new and existing users (17.640458ms)
  ✔ preserves an explicit automatic deletion preference (9.056083ms)
  ✔ normalizes and sanitizes the persisted latest scan summary (10.559625ms)
  ✔ normalizes the retired unrecognized-file snapshot for migration (9.932792ms)
✔ settingsStore scan cleanup defaults (47.2895ms)
▶ settingsStore automatic scan defaults
  ✔ keeps automatic scans disabled and defaults to one hour (7.208833ms)
  ✔ accepts only supported automatic scan intervals (37.128792ms)
✔ settingsStore automatic scan defaults (44.39675ms)
▶ settingsStore retired actress scrapers
  ✔ rewrites the retired idol archive default to Xslist (18.737042ms)
  ✔ rewrites composite actress field mappings that pointed at the idol archive (6.3575ms)
✔ settingsStore retired actress scrapers (25.150375ms)
▶ settingsStore retired video scrapers
  ✔ rewrites the retired JAV8 default to JavDB (24.92525ms)
  ✔ rewrites JAV8 composite mappings and removes its delay (22.894416ms)
✔ settingsStore retired video scrapers (47.892583ms)
▶ settingsStore privacy mode
  ✔ defaults to disabled with every image scope selected (11.589583ms)
  ✔ keeps valid unique scopes and discards unknown values (13.887708ms)
  ✔ keeps samples and actress galleries independently selectable (13.970583ms)
  ✔ allows all privacy scopes to be cleared explicitly (12.137625ms)
✔ settingsStore privacy mode (51.716042ms)
▶ close-to-tray setting
  ✔ defaults off and persists an explicit choice across reloads (26.349875ms)
  ✔ does not enable tray hiding from malformed legacy values (14.950458ms)
✔ close-to-tray setting (41.412417ms)
▶ Web read-only catalog scope
  ✔ rechecks image authorization after async work when hidden changes (448.785084ms)
  ✔ rechecks image authorization after async work when archived changes (374.627917ms)
  ✔ rechecks image authorization after async work when cover changes (285.926666ms)
  ✔ rechecks image authorization after async work when cast changes (275.796792ms)
  ✔ rechecks image authorization after async work when sample changes (333.311708ms)
  ✔ reads only the authorized image path before and after serving, without full details (299.483583ms)
  ✔ forwards thumbnail size through the real catalog while preserving original requests (239.717375ms)
  ✔ forwards the caller signal to the async Store and drops a cancelled result (205.354167ms)
  ✔ filters archived/hidden memberships for lists, details, images, and media (297.623792ms)
  ✔ describes local resources without exposing their directory (271.102375ms)
  ✔ uses the cover rather than the background for browse, detail and image requests (279.282208ms)
  ✔ queries with parameters, paginates stably and filters clear membership scopes (829.642667ms)
  ✔ uses stable desktop discovery and respects library home participation (582.705916ms)
  ✔ exposes cast display metadata and only serves avatars linked to visible videos (242.553834ms)
  ✔ downloads non-playable files and exposes only supported external links (276.74025ms)
  ✔ resolves only authorized files and refuses symlink escapes and disabled roots (264.0715ms)
✔ Web read-only catalog scope (5507.952167ms)
▶ Desktop-approved browser pairing
  ✔ requires an open window, a desktop decision and a separate secret, consumes only once (1.347542ms)
  ✔ expires requests, bounds polling, rejection, restart and approvals (0.1665ms)
  ✔ bounds the total pending requests (0.212458ms)
✔ Desktop-approved browser pairing (2.163708ms)
▶ Remembered browser lifecycle
  ✔ persists only remembered hashes, retains authorization over restart and revokes individual devices (243.911458ms)
✔ Remembered browser lifecycle (244.080833ms)
▶ Pairing HTTP boundary
  ✔ binds exchange to a private cookie, keeps approval desktop-only and remembers across server restarts (267.549667ms)
✔ Pairing HTTP boundary (267.69025ms)
▶ Device record recovery
  ✔ keeps valid sessions usable during activity write failures and retries persistence (245.794541ms)
  ✔ keeps disk and memory consistent after failed revoke, clear, rename and create (64.953708ms)
  ✔ resets a damaged snapshot without parsing it or retaining old authorization (29.075875ms)
  ✔ restores remaining pairing time from server and retains approval on issuance failure (0.194375ms)
✔ Device record recovery (340.158083ms)
▶ Per-device streaming revocation
  ✔ interrupts the revoked stream while another browser finishes its stream (55.877ms)
✔ Per-device streaming revocation (56.006709ms)
✔ keeps the running service on staging failure and restores it after publish failure (102.246875ms)
✔ preserves remembered devices on runtime server errors, including failed state persistence (5.3625ms)
▶ Web authentication and streaming
  ✔ keeps image responses private and reports read queue overload as 503 (5.787375ms)
  ✔ forwards finite thumbnail sizes and rejects invalid sizes before image work (2.881083ms)
  ✔ reports oversized images as 413 without caching or a HEAD body (7.645708ms)
  ✔ rechecks an expired session after image work while the connection remains open (41.912833ms)
  ✔ cancels pending image work on logout and never sends its completed bytes (44.747625ms)
  ✔ cancels pending image work on disconnect and never sends its completed bytes (41.312ms)
  ✔ stores salted password hashes and enforces minimum length (120.078084ms)
  ✔ requires a session for catalog, artwork, and video, with no credential data in failures (12.8805ms)
  ✔ serves brand and favicon PNGs without login with the correct MIME and bytes (9.230791ms)
  ✔ rejects bad credentials; issues HttpOnly SameSite cookies on login (87.428417ms)
  ✔ blocks cross-origin, missing-origin POSTs, DNS rebinding, and desktop mutation routes (14.46925ms)
  ✔ streams byte ranges, suffixes and HEAD; rejects invalid or multiple ranges (12.415083ms)
  ✔ downloads authenticated resources as attachments (4.101083ms)
  ✔ logout invalidates the cookie; desktop revocation invalidates all browsers (47.160542ms)
✔ Web authentication and streaming (587.359416ms)
▶ Session lifetimes and request limits
  ✔ expires idle and absolute sessions and limits attempts (0.1585ms)
  ✔ accepts only local peer ranges and handles byte-range edge cases (0.137083ms)
✔ Session lifetimes and request limits (0.34475ms)
▶ actress face scan cache
  ✔ reuses a result only while the avatar fingerprint is unchanged (0.326417ms)
  ✔ filters only cached no-face avatars and ignores missing or unscanned entries (0.815416ms)
  ✔ combines a minimal full-library manifest with current session results (0.069625ms)
✔ actress face scan cache (1.575625ms)
▶ actress face scan cache identity
  ✔ only changes when a current row has no reusable result (0.602375ms)
✔ actress face scan cache identity (0.931041ms)
▶ actress face detection outcome mapping
  ✔ maps the detector zero-face message to the no-face domain state (0.330708ms)
✔ actress face detection outcome mapping (0.668041ms)
▶ actress face scan queue
  ✔ reports total detection failure without confusing partial or empty results with failure (0.550916ms)
  ✔ reuses cached face statuses and does not invoke detection for them (0.558708ms)
  ✔ finishes the current target before honoring cancellation (0.081792ms)
  ✔ does not cache detector failures so a later run can retry them (0.067875ms)
✔ actress face scan queue (1.662916ms)
▶ actress face scan session
  ✔ notifies remounted consumers when an earlier scan finishes (0.3765ms)
✔ actress face scan session (0.70675ms)
▶ avatar auto-crop geometry
  ✔ rejects invalid boxes and clamps valid detector bounds (0.815792ms)
  ✔ merges overlapping tiled detections and preserves the strongest result (0.110417ms)
  ✔ requires an explicit choice when two faces have similar prominence (0.137708ms)
  ✔ accepts mid-confidence faces only when the presence floor is used (0.044167ms)
  ✔ maps ROI landmarks back to full-image normalized coordinates (0.052709ms)
  ✔ uses the hair component attached to the face for visible head bounds (1.089708ms)
✔ avatar auto-crop geometry (2.658542ms)
✔ requests CORS before loading a media avatar so its bitmap can cross the Worker boundary (0.651708ms)
▶ avatar composition preview cache
  ✔ persists and restores the complete normalized face analysis (0.64975ms)
✔ avatar composition preview cache (0.956291ms)
▶ ActressAvatarEditor
  ✔ keeps rendering when the current avatar enters crop editing (45.147458ms)
  ✔ keeps rendering when a legacy avatar without its original enters crop editing (4.525375ms)
✔ ActressAvatarEditor (50.157709ms)
▶ ActressDeleteModal confirmation model
  ✔ uses ordinary deletion only when the current impact has no video links (0.36625ms)
  ✔ requires the dedicated acknowledgement action and explains resource preservation (0.068042ms)
  ✔ does not let the dedicated high-risk action bypass the safe path (0.235417ms)
✔ ActressDeleteModal confirmation model (1.153417ms)
▶ ActressProfileMeta scrape record
  ✔ hides scrape record for successful actresses and keeps attention states (0.832625ms)
  ✔ offers the manual success mark only for unscraped and failed records (0.136292ms)
✔ ActressProfileMeta scrape record (1.470959ms)
▶ Button
  ✔ loads its CSS Module and preserves native button semantics (2.785167ms)
✔ Button (3.089958ms)
▶ ClassificationDeleteModal
  ✔ shows associated video and child impacts before confirming deletion (9.993875ms)
  ✔ allows a zero-impact deletion and keeps a failed confirmation open with refreshed impact (5.052708ms)
  ✔ does not report or re-preview a completed deletion when page cleanup fails (0.981542ms)
✔ ClassificationDeleteModal (16.777125ms)
▶ classification picker
  ✔ keeps candidates hidden until the field is used (3.674209ms)
  ✔ shows candidates once the user types (1.401917ms)
  ✔ walks candidates with the arrow keys and commits with Enter (1.056167ms)
  ✔ shows candidates once the field is focused (0.255875ms)
  ✔ shows candidates on focus even when the field is empty (0.242917ms)
  ✔ does not commit a candidate with Enter until one is active (0.219708ms)
  ✔ closes candidates on Escape without letting the dialog see the key (0.249708ms)
  ✔ closes candidates when focus leaves the field (0.332167ms)
  ✔ keeps candidates open when the pointer is in the list (0.274375ms)
  ✔ closes candidates after picking one with the pointer (0.264834ms)
  ✔ hides the create hint when the typed name already exists (0.340542ms)
✔ classification picker (8.822084ms)
▶ video detail library context layout
  ✔ shares the compact detail header row with the back action (3.669292ms)
  ✔ keeps membership badges on one bounded line (1.326625ms)
✔ video detail library context layout (5.428542ms)
▶ DirectorScrapeChoiceModal
  ✔ requires an explicit candidate and submits its stable director id (5.925917ms)
✔ DirectorScrapeChoiceModal (6.238208ms)
▶ DisplayModeProvider
  ✔ loads and exposes the application-wide cover mode (24.509916ms)
✔ DisplayModeProvider (24.921ms)
▶ form hint styles
  ✔ keeps entity-edit and settings field hints muted and caption-sized (4.159834ms)
  ✔ routes entity-edit helper copy through EditFormField instead of a bare hint class (0.565375ms)
✔ form hint styles (5.105834ms)
▶ image preview history marker
  ✔ preserves router state when adding a unique preview marker (1.026917ms)
  ✔ reads only valid image preview markers (0.085458ms)
✔ image preview history marker (1.470917ms)
✔ uses a 320 thumbnail for actress cards (135.284833ms)
✔ uses thumbnails for local video gallery tiles and original preview sources (103.371ms)
✔ uses thumbnails for local actress gallery tiles and original preview sources (3.093042ms)
▶ LegacyLibraryRedirect
  ✔ preserves the settings return context while replacing a legacy video URL (63.33775ms)
✔ LegacyLibraryRedirect (63.80925ms)
▶ MediaLibraryCreateModal
  ✔ validates in place and exposes a keyboard-submit four-step flow (181.835125ms)
  ✔ deduplicates selected roots, submits independent config, and returns root errors to their step (6.015375ms)
✔ MediaLibraryCreateModal (188.330125ms)
▶ MediaLibraryCreateModal control style
  ✔ keeps all workflow steps at one viewport-safe dialog height (3.981292ms)
  ✔ reserves a visible gutter for the left edge of the focus ring (1.821459ms)
✔ MediaLibraryCreateModal control style (6.67175ms)
▶ MediaLibraryNav name style
  ✔ keeps visible library names on one ellipsized line (2.149541ms)
  ✔ presents media libraries as one compact navigation surface (0.730959ms)
  ✔ keeps global navigation unlabeled in the visible sidebar (0.5095ms)
✔ MediaLibraryNav name style (3.878ms)
▶ OrganizationDeleteModal
  ✔ previews and removes only the selected role (9.109042ms)
  ✔ blocks removing the final role and directs the user to full deletion (4.146458ms)
  ✔ shows both role counts and hierarchy impacts for a full deletion (1.188042ms)
✔ OrganizationDeleteModal (14.980542ms)
▶ OrganizationMergeModal interaction
  ✔ selects a cross-role source and submits the explicit source-to-target direction (136.692542ms)
  ✔ keeps the modal open and shows an actionable error when the merge is rejected (3.976459ms)
✔ OrganizationMergeModal interaction (141.1275ms)
▶ recent text input style contract
  ✔ uses the shared text-input treatment for every recent text-like input (1.790041ms)
✔ recent text input style contract (2.287125ms)
▶ Switch
  ✔ loads its CSS Module and preserves native checkbox semantics (2.6535ms)
✔ Switch (3.0655ms)
✔ loads on open only, pages without full catalog reads and preserves cross-page selection (56.408958ms)
✔ debounces and resets search, rejecting stale page/search responses (271.458708ms)
✔ shows failure with explicit retry and enforces 100 selections while allowing removal (1.520042ms)
✔ unmounts candidates with the actual parent popover and ignores late responses on reopen (3.030875ms)
▶ VideoDeleteImpact
  ✔ shows every affected domain without a duplicate source-file section (3.026584ms)
  ✔ names the current library when previewing a membership removal (0.234333ms)
✔ VideoDeleteImpact (3.687958ms)
▶ video primary metadata classification navigation
  ✔ dispatches entity-backed organizations by stable id (0.858625ms)
  ✔ does not expose a name-only organization route (0.05575ms)
  ✔ uses only the stable director id (0.065958ms)
  ✔ uses only the stable series id (0.068875ms)
✔ video primary metadata classification navigation (1.444333ms)
▶ video detail resource actions
  ✔ shows copy and external-open actions instead of play for link resources (5.024667ms)
  ✔ keeps the play action for local resources (0.570875ms)
  ✔ shows actual link kind, STRM hosting, masked target, and source path together (1.30775ms)
  ✔ exposes the cross-library move command for both links and root-managed resources (2.008875ms)
✔ video detail resource actions (9.347791ms)
▶ VideoLibraryMembershipBadges
  ✔ puts the active resource scope first and names the other memberships accessibly (3.526667ms)
  ✔ bounds the visible badges and exposes hidden library names in the overflow title (0.459041ms)
✔ VideoLibraryMembershipBadges (4.379208ms)
▶ VideoResourceImportModal
  ✔ keeps a STRM target read-only while allowing metadata edits and HTTP checks (148.9395ms)
✔ VideoResourceImportModal (149.24ms)
✔ loads only on open, renders at most one page, and selects an existing tag by ID (13.542292ms)
✔ debounces search, resets the page, and discards earlier search responses (549.777084ms)
✔ shows errors with retry and discards closed-modal results before reopening (1.911583ms)
✔ creates from the full draft and prevents an old write completion from closing another video modal (2.081917ms)
✔ refreshes stale candidates after a failed selection without retrying the write (2.17325ms)
✔ does not inherit an open picker or issue a hidden request when switching videos (1.472042ms)
▶ actress virtual grid layout
  ✔ derives responsive columns without shrinking cards below their minimum width (0.3615ms)
  ✔ places load state on a dedicated row after an incomplete item row (0.540833ms)
✔ actress virtual grid layout (1.265334ms)
▶ AgentMetadataActivityFeed
  ✔ keeps live model thinking open and shows semantic actions (5.07775ms)
  ✔ collapses completed thinking into an expandable preview (1.592083ms)
  ✔ moves a finished live thought back into collapsed history (1.5215ms)
  ✔ caps the thinking box height and still shows the full streamed text (3.427625ms)
✔ AgentMetadataActivityFeed (12.142ms)
▶ Agent metadata collector intro
  ✔ explains how this flow differs from regular matching (0.431584ms)
  ✔ keeps the setup steps compact and muted (3.063125ms)
✔ Agent metadata collector intro (3.866167ms)
▶ alias editor state
  ✔ promotes an alias to main name and keeps the previous main as an alias (0.849167ms)
  ✔ does not duplicate the previous main name when it is already an alias (0.160958ms)
✔ alias editor state (1.376208ms)
▶ classification image interaction state
  ✔ distinguishes formal images from dynamic fallback images (0.761334ms)
  ✔ builds explicit file, URL, and video-cover commands (0.0775ms)
✔ classification image interaction state (1.179959ms)
▶ classification merge interaction state
  ✔ keeps the selected source identity when refreshed candidates reorder (0.82125ms)
  ✔ keeps a selected source through a narrower search and rejects invalid commands (0.051958ms)
✔ classification merge interaction state (1.250625ms)
▶ classification picker state
  ✔ stays closed until the user asks for candidates (0.801959ms)
  ✔ hides candidates when the result set is empty (0.057167ms)
  ✔ opens on arrow navigation and wraps around the candidate list (0.0515ms)
  ✔ never navigates into an empty candidate list (0.035125ms)
  ✔ drops the active candidate when typing or when the result set shrinks (0.037792ms)
  ✔ closes on dismiss (0.033792ms)
  ✔ hides the create hint when the query already names an existing option (0.038ms)
✔ classification picker state (1.43775ms)
▶ director form state
  ✔ defaults to preserving a changed main name and converts profile fields (0.983625ms)
✔ director form state (1.280167ms)
▶ director picker state
  ✔ keeps typed same-name input as an explicit inline-create request (0.773166ms)
  ✔ shows stable candidate differences rather than silently choosing by name (0.114958ms)
✔ director picker state (1.235209ms)
▶ image preview swipe gesture
  ✔ switches to the previous image when dragging right past the threshold (0.332208ms)
  ✔ switches to the next image when dragging left past the threshold (0.041958ms)
  ✔ ignores clicks, short drags, and vertical drags (0.040709ms)
  ✔ distinguishes a drag from a click even when movement is vertical (0.045416ms)
✔ image preview swipe gesture (0.832917ms)
▶ mediaLibraryIdentityStyle
  ✔ maps every domain color to one semantic CSS custom property (0.870708ms)
  ✔ keeps the established palette mapping stable (0.068ms)
✔ mediaLibraryIdentityStyle (1.289833ms)
▶ organization form state
  ✔ defaults to preserving the previous main name while retaining ordered aliases and links (0.854875ms)
  ✔ moves links without mutating the current form state (0.068791ms)
  ✔ retains a selected parent while search results change (0.079583ms)
✔ organization form state (1.35325ms)
▶ organization merge presentation
  ✔ shows cross-role candidate statistics without collapsing the two roles (0.334416ms)
  ✔ reports each transferred relation after a successful merge (0.052208ms)
✔ organization merge presentation (0.72775ms)
▶ organization picker state
  ✔ resolves main names and aliases to stable ids (1.1735ms)
  ✔ uses unmatched text as an explicit inline create request (0.062541ms)
  ✔ uses an empty value to remove the organization relation (0.059834ms)
  ✔ describes candidates by stable id, roles, and aliases (0.061833ms)
✔ organization picker state (1.915417ms)
▶ PlaylistImportProvider workspace
  ✔ uses the Agent scrape two-pane workspace with live activity and result preview (1.286833ms)
  ✔ offers one confirmed termination action in running and waiting-user footers (0.183958ms)
  ✔ closes the import workspace after the host confirms task termination (0.17725ms)
  ✔ closes only through the actions rendered inside the import dialog (0.114709ms)
  ✔ closes the import dialog before navigating to the imported playlist (0.27825ms)
  ✔ offers frozen write options with source-playlist linking disabled by default (0.202125ms)
  ✔ selects the active default media library when opening the importer (0.153ms)
  ✔ explains the Agent name and host-date fallback for an empty new-playlist name (0.1075ms)
  ✔ invalidates global video projections and discards stale identity choices (0.11725ms)
  ✔ broadcasts completion so recovered imports refresh mounted playlist surfaces (0.664417ms)
  ✔ renders the complete release summary instead of only aggregate reuse counts (0.149708ms)
  ✔ keeps preview rows dense and long text truncation stable (2.408542ms)
  ✔ shows enough candidate identity evidence and opens links through the app shell (1.097083ms)
✔ PlaylistImportProvider workspace (7.867583ms)
▶ PluginDevConfigRail ready actions
  ✔ makes Install primary and disables empty continuation until feedback is entered (7.102708ms)
✔ PluginDevConfigRail ready actions (7.633459ms)
▶ PluginDevConversation history controls
  ✔ presents a ready settlement as normal state and requires feedback to continue (5.321125ms)
  ✔ renders model reasoning as a quiet collapsed diagnostic block (16.342125ms)
  ✔ keeps live reasoning open and marks the answer as streaming (3.173584ms)
  ✔ renders agent answers as markdown (2.66125ms)
  ✔ renders compact context metrics with the cache-hit ratio (0.829625ms)
  ✔ exposes an explicit clear-session action for a restored historical run (0.679667ms)
  ✔ keeps typed choice, browser challenge and freeform requests as distinct controls (2.311208ms)
✔ PluginDevConversation history controls (31.926125ms)
✔ guides a configured model user to the missing website, then enables development (289.585792ms)
✔ keeps the actual model readiness reason when a named model cannot run (3.42225ms)
▶ PluginDevResultPanel manifest coverage
  ✔ separates actionable field ids from runtime-only information (4.546708ms)
  ✔ renders each exact-match candidate when the plugin returns an array (0.72525ms)
  ✔ labels a targeted execution as a local diagnostic even when the saved full run is ready (0.3065ms)
  ✔ explains null and empty array plugin returns instead of hiding the section (0.192292ms)
✔ PluginDevResultPanel manifest coverage (6.1705ms)
▶ plugin dev Agent UI state
  ✔ requires feedback before continuing a mechanically ready Agent (0.706125ms)
  ✔ presents a normal Agent settlement without an error toast (0.646375ms)
  ✔ coalesces streaming reasoning and answer into their final model-turn items (0.172167ms)
  ✔ enables the existing Install button only for a current mechanical acceptance (0.056542ms)
  ✔ allows clearing restored history only when its Agent is not running or busy (0.046209ms)
  ✔ auto-applies only unfinished history and leaves terminal editor state untouched (0.0525ms)
  ✔ keeps non-debuggable built-ins out of the plugin-development selector (4.414417ms)
  ✔ does not treat a loaded built-in fork as the already-selected new-plugin option (0.105958ms)
  ✔ rejects session B events while continuing session A (0.072083ms)
  ✔ binds an unbound start once and rejects later events from another session (0.072458ms)
  ✔ invalidates a snapshot after any newer live mutation (0.059667ms)
  ✔ releases restored busy state on settle but keeps a local API dispatch busy (0.052292ms)
  ✔ projects live workspace drafts from package_updated, not terminal done (0.131041ms)
  ✔ blocks ordinary messages until the exact pending approval is decided (0.151958ms)
  ✔ does not dispatch a stale approval after the request disappeared (0.061708ms)
✔ plugin dev Agent UI state (7.397ms)
▶ series form state
  ✔ defaults a rename to retaining the previous main name (0.379583ms)
  ✔ trims text and converts optional numeric selections (0.691334ms)
✔ series form state (1.481458ms)
▶ series picker state
  ✔ keeps typed creation separate from selecting an existing stable identity (1.027083ms)
  ✔ always distinguishes same-name candidates by stable id and owner scope (0.0975ms)
✔ series picker state (1.718416ms)
✔ applies supported fields, preserves other mappings, allows overrides and only persists on save (14.0215ms)
✔ rejects unavailable saved sources and keeps missing references visible for repair (0.813375ms)
✔ excludes nested and other-kind plugins and prevents applying unconfigured sources (1.152209ms)
✔ uses video field capabilities for bulk assignment (0.961792ms)
▶ LibraryScanAuditPanel
  ✔ defaults to the attention tab even when the latest scan has no issues (269.714042ms)
  ✔ keeps cached unrecognized files visible with their root-scoped resolution controls (4.076791ms)
  ✔ does not describe current scan failures as resolved (1.322375ms)
  ✔ offers a processing jump for cached unrecognized rows in the all-files tab (4.450041ms)
  ✔ shows an NFO identity conflict as a secondary scan disposition and opens the pending center (2.890875ms)
  ✔ routes a current NFO candidate to its scrape pending item (1.042541ms)
  ✔ shows historical NFO pending dispositions as resolved when their current rows are gone (1.6975ms)
  ✔ keeps the attention badge equal to the visible list when only an NFO warning exists (1.783666ms)
✔ LibraryScanAuditPanel (287.56825ms)
▶ MetaTube plugin settings
  ✔ shows pending status and blocks setting an unconfigured plugin as default (4.133667ms)
  ✔ keeps a blank token and supports explicit token clearing (3.798ms)
  ✔ requires confirmation before saving a token over remote HTTP (3.800833ms)
  ✔ tests the current draft without changing the token mode (5.519958ms)
✔ MetaTube plugin settings (17.765083ms)
▶ Model management v2 panels
  ✔ keeps workload edits local until the explicit save action (13.046375ms)
  ✔ shows configured providers first and keeps unconfigured built-ins collapsed (0.864708ms)
  ✔ limits the default advanced view to models referenced by workloads (12.149583ms)
✔ Model management v2 panels (26.535208ms)
✔ saves proxy address and mode only on explicit commit; testing stays independent (238.8505ms)
▶ NFO export foreground modal
  ✔ vetoes full-page unload while the foreground modal is active (225.616625ms)
  ✔ is an aria-modal task surface with an explicit terminate action and no dismiss action (7.093542ms)
  ✔ keeps the terminal report open until the user confirms it (2.491958ms)
  ✔ renders a returned plan and enters blocking state before foreground execution (10.645667ms)
  ✔ discards a plan that returns after the storage panel has unmounted (2.379125ms)
  ✔ terminates an export whose start result returns after unmount (3.155083ms)
✔ NFO export foreground modal (252.12225ms)
▶ NFO export preview details
  ✔ counts only new and replaced artwork in the writing breakdown (1.114583ms)
  ✔ distinguishes stopped, partial and empty reports and exposes stop errors in the dialog (1.243042ms)
  ✔ mounts only the opened page of a large warning list and keeps every warning reachable (2.627875ms)
✔ NFO export preview details (5.107292ms)
▶ SettingsPrimitives
  ✔ retains an invalid value with an accessible error instead of silently clamping it (4.962542ms)
  ✔ keeps a multi-digit number local until the edit is committed (1.205542ms)
  ✔ supports keyboard activation of increment and does not treat empty input as zero (0.751917ms)
  ✔ renders a semantic card without losing its accessible name (0.257875ms)
  ✔ exposes status as data rather than a behavior-bearing class name (0.184167ms)
✔ SettingsPrimitives (7.897125ms)
✔ renames with no manual code or target and refreshes the pending row after failed recognition (152.712083ms)
✔ retries a failed service with saved configuration, and prevents submitting unsaved drafts via retry (3407.425459ms)
▶ library scan audit row layout
  ✔ uses compact rows only when the skipped tab also uses compact virtual slots (0.695208ms)
  ✔ keeps the variable-height attention list out of fixed-size virtualization (0.105041ms)
  ✔ keeps CSS row geometry aligned with virtual item sizes (0.658167ms)
✔ library scan audit row layout (2.160833ms)
▶ video resource card badges
  ✔ keeps primary-first order, deduplicates kinds, and limits visible labels to two (0.799792ms)
  ✔ returns no card decoration when a video has no resources (0.062417ms)
  ✔ shares full resource labels across detail and filter surfaces (0.068583ms)
✔ video resource card badges (1.300667ms)
▶ video resource import form
  ✔ shares auto detection, normalization, and size conversion across entry points (0.909709ms)
  ✔ auto-detects Magnet and keeps its protocol-derived default name (0.289792ms)
  ✔ treats blank matching input as absent without invoking strict code validation (0.231833ms)
✔ video resource import form (1.886334ms)
▶ video resource import layout
  ✔ gives the size value the fluid column and keeps its unit compact (6.791666ms)
✔ video resource import layout (7.254125ms)
▶ shared workbench primitives
  ✔ composes feature classes without replacing the neutral structure (1.590417ms)
  ✔ connects tabs to their panels with a single keyboard tab stop (0.641ms)
✔ shared workbench primitives (2.595ms)
▶ isBatchScrapeActive
  ✔ treats only running and paused batches as active (0.506333ms)
✔ isBatchScrapeActive (1.072625ms)
▶ poster grid row height
  ✔ reserves the complete membership strip without changing ordinary library rows (0.373375ms)
✔ poster grid row height (0.695167ms)
▶ facet route contracts
  ✔ only permits each entity detail under its matching facet (0.494916ms)
✔ facet route contracts (1.036875ms)
▶ global search shortcut
  ✔ accepts Cmd/Ctrl+K and rejects unrelated key combinations (0.621166ms)
  ✔ focuses and selects the Home input after two render frames (0.738792ms)
✔ global search shortcut (1.942708ms)
▶ useLatestAsyncLabel
  ✔ ignores an older request that finishes after the latest request (5.875083ms)
✔ useLatestAsyncLabel (6.345459ms)
▶ media-library scan event scope
  ✔ accepts only the current library and, once known, the current run (0.669583ms)
✔ media-library scan event scope (1.409459ms)
✔ does not fetch empty/inactive selections and resolves only unique selected IDs (9.962666ms)
✔ ignores responses for previous filters and refreshes on returning from detail (3.041875ms)
✔ does not loop on a rejected lookup and discards in-flight results after deactivation (1.406709ms)
▶ isLibraryListSurfacePath
  ✔ matches list roots only (0.791542ms)
  ✔ does not match detail or stack routes (0.170791ms)
✔ isLibraryListSurfacePath (1.408125ms)
▶ shouldRefetchLibraryOnRouteChange
  ✔ refetches when entering a list root from outside (0.092791ms)
  ✔ does not refetch when opening detail stacks or hopping between list roots (0.066875ms)
✔ shouldRefetchLibraryOnRouteChange (0.220166ms)
▶ global search URL state
  ✔ normalizes positive media-library ids in stable order (1.104958ms)
  ✔ canonicalizes owned state without stripping detail-only lib (0.1795ms)
  ✔ builds an explicit, paged cross-library search input and identity (0.136583ms)
✔ global search URL state (1.817542ms)
▶ library resource filter URL contract
  ✔ parses valid unique values in canonical order and ignores invalid values (0.949833ms)
  ✔ omits the default all-resources state and canonicalizes copied URLs (0.450917ms)
  ✔ removes a resource parameter containing only invalid values (0.076583ms)
  ✔ includes applied resource filters in the query and scroll-memory hash (0.240042ms)
  ✔ keeps pending scrape as an independent canonical filter dimension (0.202542ms)
  ✔ resolves omitted sort state from each media library configuration (0.240417ms)
✔ library resource filter URL contract (3.062125ms)
▶ multi-library route builders and parsers
  ✔ round-trips the home video detail stack (1.274458ms)
  ✔ round-trips the global-search video detail stack (0.14675ms)
  ✔ round-trips media-library list, detail, nested actress and settings routes (0.593959ms)
  ✔ rejects malformed, non-positive, fractional and unsafe route ids (0.356958ms)
  ✔ accepts digit-only positive ids and builders emit their canonical form (0.077041ms)
✔ multi-library route builders and parsers (2.858208ms)
▶ detail-only active-library query contract
  ✔ parses only positive safe-integer library ids (0.246041ms)
  ✔ canonicalizes the first lib value without changing other list query state (0.24675ms)
  ✔ sets, replaces and strips the detail-only library parameter immutably (0.133791ms)
  ✔ derives a single detail context and gives a library path precedence over lib (0.262583ms)
  ✔ keeps lib only where the route needs query-owned detail scope (0.198375ms)
  ✔ respects a valid legacy lib hint and falls back when that membership is unavailable (0.176417ms)
✔ detail-only active-library query contract (1.432292ms)
▶ recent media-library memory
  ✔ stores only positive safe library ids and ignores malformed persisted state (0.417875ms)
✔ recent media-library memory (0.759208ms)
▶ route builders and parsers
  ✔ round-trips library detail stacks (1.218917ms)
  ✔ round-trips actress detail stacks (0.155833ms)
  ✔ round-trips playlist and classification entity detail stacks (0.349416ms)
  ✔ rejects malformed detail ids (0.17425ms)
  ✔ builds pending-center locations without page-level query concatenation (0.395333ms)
✔ route builders and parsers (2.696834ms)
▶ classification list query contract
  ✔ accepts only video count and update time sorting with video count descending by default (0.105083ms)
  ✔ includes organization search and sorting in the shareable query identity (0.092542ms)
  ✔ keeps series release sorting separate from classification-list sorting (0.069ms)
✔ classification list query contract (0.343125ms)
▶ actress avatar filter query contract
  ✔ normalizes avatar filter values and omits the all default (0.129834ms)
  ✔ returns to the actress list without losing its query state (0.157791ms)
  ✔ keeps avatar filters distinct in the actress query hash (0.13225ms)
✔ actress avatar filter query contract (0.490334ms)
▶ actress status filter query contract
  ✔ parses the canonical status values and treats anything else as all (0.097708ms)
  ✔ omits the param for all and writes the canonical value otherwise (0.072084ms)
  ✔ includes status in the list query identity and ignores invalid values (0.059542ms)
  ✔ keeps search, gender and sort identity while only the status changes (0.055792ms)
  ✔ round-trips the status query through actress detail and back (0.167667ms)
  ✔ remembers the actress status filter across primary navigation (0.474958ms)
✔ actress status filter query contract (1.030875ms)
▶ primary navigation memory
  ✔ restores query state per list and removes unrelated nested query keys (0.724958ms)
  ✔ persists search only when leaving a list root (0.282209ms)
  ✔ forgets a root so cross-nav no longer restores it (0.0855ms)
  ✔ resolves same-section vs cross-section sidebar targets (0.267792ms)
  ✔ builds nav link href from current search when active (0.249834ms)
✔ primary navigation memory (1.714375ms)
▶ navigation helpers
  ✔ removes playlist-detail resource filters when returning to the playlist list (0.215125ms)
  ✔ keeps home, search and media-library detail stacks scoped and reversible (0.693792ms)
  ✔ closes nested actress details back to their parent video context (0.364083ms)
  ✔ keeps stable series identity and release direction through its detail stack (0.102958ms)
  ✔ keeps director identity and query state through its stable detail stack (0.085834ms)
  ✔ opens an organization by stable id while preserving its role-list query (0.06275ms)
  ✔ keeps classification query only inside the same classification stack (0.052708ms)
  ✔ keeps video and actress navigation inside the stable organization stack (0.095417ms)
  ✔ keeps video and actress navigation inside the pending workbench stack (0.0745ms)
  ✔ opens actress detail from the pending inbox and returns to it (0.043375ms)
✔ navigation helpers (1.915209ms)
▶ settings route contract
  ✔ builds canonical settings paths and resolves valid sections (0.139833ms)
✔ settings route contract (0.156125ms)
▶ media-library settings state
  ✔ builds a trimmed create command, deduplicates roots and still allows an empty library (1.613042ms)
  ✔ builds minimal identity and section-scoped config patches (0.244917ms)
  ✔ normalizes an empty scraper and validates numeric scan boundaries (0.061375ms)
  ✔ gates destructive lifecycle commands (0.070375ms)
  ✔ allows cleanup-only scans but rejects a library with no work (0.048834ms)
  ✔ routes every root-owned record through cleanup before direct deletion (0.061875ms)
  ✔ reports partial root additions explicitly (0.043292ms)
  ✔ shows a terminal query error even before form drafts exist (0.036125ms)
✔ media-library settings state (2.801875ms)
▶ video detail section order
  ✔ renders a titled related-links section after video resources (0.380833ms)
✔ video detail section order (0.692791ms)
▶ HomePage
  ✔ searches in place while typing and restores discovery when cleared (902.302583ms)
  ✔ keeps discovery stable through refreshes and remounts until replaced (15.272667ms)
✔ HomePage (918.009459ms)
▶ HomePage search layout
  ✔ reserves shared toolbar-search padding for the icon and keyboard shortcut (3.884375ms)
  ✔ centers the search icon inside the shared input control (0.444292ms)
  ✔ keeps the keyboard shortcut on the same vertical center line (0.731458ms)
✔ HomePage search layout (5.558875ms)
✔ uses the shared switch for home discovery and keeps changes in the settings draft (284.947083ms)
▶ MediaLibrarySettingsPage layout
  ✔ uses the application settings width token and stays left aligned (3.5045ms)
  ✔ keeps compact library context above the old-style import workspace (11.936084ms)
✔ MediaLibrarySettingsPage layout (15.970125ms)
▶ ScanSettingsTab
  ✔ builds domain-correct deep links for scan identities and scrape candidates (252.638834ms)
  ✔ renders automatic local NFO import enabled by default and persists a switch change immediately (8.438875ms)
✔ ScanSettingsTab (261.5335ms)
▶ PendingCenterPage scrape resolution
  ✔ carries an explicit director through merge-and-apply without stacking prompts (269.407625ms)
  ✔ previews either persisted identity and submits only after explicit confirmation (13.3375ms)
  ✔ shows the library filter only for scan decisions (14.94425ms)
  ✔ clears the library filter from the scoped empty state and keeps the scan tab selected (14.719292ms)
✔ PendingCenterPage scrape resolution (313.0025ms)
✔ ignores an old playlist response arriving after navigation (226.178208ms)
✔ requests a bounded thumbnail for a playlist card (3.504125ms)
✔ does not refresh an old playlist when its removal finishes after navigation (8.03775ms)
✔ returns to the previous page when deleting the only item on the last page (5.814459ms)
✔ keeps the existing grid mounted during refresh after closing a nested video (3.296666ms)
✔ keeps the latest sort response when requests for the same playlist finish out of order (3.616791ms)
✔ reuses metadata while paging but refreshes it after a playlist mutation (4.58875ms)
✔ does not reuse stale metadata when filtering interrupts a forced refresh (3.144709ms)
✔ shows not found when a refreshed metadata read reports a deleted playlist (1.097ms)
✔ refreshes the fallback cover with the new sort instead of reusing the old metadata (2.137458ms)
▶ PlaylistDetailPage resource filter feedback
  ✔ keeps the compact toolbar count without rendering an applied-filter bar (0.383875ms)
  ✔ uses an import action icon instead of a download icon (0.069083ms)
✔ PlaylistDetailPage resource filter feedback (0.820292ms)
▶ actress conflict review state
  ✔ keeps every action tied to its explicit user-visible scope (0.8665ms)
  ✔ expands changed impacts and keeps unchanged impacts collapsed initially (0.070125ms)
  ✔ uses the candidate-owned impact plan only when that candidate is the proposed owner (0.064209ms)
  ✔ sections groups by task state and sorts each section by display name (3.656208ms)
  ✔ selects the first source for viewing without preselecting a proposed owner (0.074167ms)
  ✔ explains empty, unchanged, moved, and conflict-free name edits (0.396708ms)
  ✔ builds the exact owner, pending, and actress versions shown to the user (0.064833ms)
  ✔ requires a replacement only when assigning away a current main name (0.053916ms)
  ✔ enables illegal-name confirmation only after every required replacement is valid (0.059459ms)
  ✔ requires an explicit partner, keeper, and final main name for conflict merges (0.152ms)
  ✔ allows a pending-name-ownership pair to be merged (0.036375ms)
  ✔ keeps the current group or selects its next neighbor after refresh (0.1335ms)
✔ actress conflict review state (6.13525ms)
▶ conflictReviewRemote
  ✔ resolves ownership/merge/illegal and surfaces stale refresh (0.70875ms)
  ✔ discards a candidate and refreshes the queue (0.125958ms)
  ✔ validates replacement main names (0.224042ms)
  ✔ ignores an older live name inspection after a newer request wins (3.717291ms)
  ✔ invalidates an in-flight inspection cleanup (0.138667ms)
✔ conflictReviewRemote (5.374417ms)
▶ conflictReviewSession
  ✔ resets decision draft when switching groups (0.449916ms)
  ✔ opens ownership replacement dialog when claimants need new main names (4.150625ms)
  ✔ applies refresh focus and stale message (0.1195ms)
  ✔ syncSelectedGroup initializes selection for the first available group (0.042958ms)
✔ conflictReviewSession (5.148833ms)
▶ conflict review latest request gate
  ✔ accepts only the newest async validation result (0.331ms)
  ✔ invalidates an in-flight result when the workflow closes (0.053708ms)
  ✔ does not let stale cleanup invalidate the current request (0.048709ms)
✔ conflict review latest request gate (0.802417ms)
▶ media-library list surface state
  ✔ keeps archived libraries out of the writable catalog surface (0.30875ms)
✔ media-library list surface state (0.610667ms)
▶ pending center resolution state
  ✔ requires every scan resource to have an explicit valid target (0.432167ms)
  ✔ serializes scan targets only at the select-control boundary (0.529958ms)
  ✔ starts scrape candidates unselected and rejects stale candidate ids (0.093833ms)
  ✔ shows the same deterministic default primary ordering as persisted resolution (0.178459ms)
  ✔ labels scan decisions with their owning media library (0.095875ms)
  ✔ shows resource identity conflicts in the scan queue without exposing a local path (0.095875ms)
✔ pending center resolution state (1.833542ms)
▶ matchesPlaylistResourceFilter
  ✔ uses OR semantics and treats none as global zero resources (0.339583ms)
✔ matchesPlaylistResourceFilter (0.688916ms)
▶ useConflictReviewController
  ✔ wires queue selection and resets dialog draft when switching groups (46.919541ms)
  ✔ routes resolve through the nested view-model commands (13.755458ms)
✔ useConflictReviewController (61.110292ms)
▶ video business identity conflict presentation
  ✔ recognizes domain and database-boundary conflict messages (0.321583ms)
✔ video business identity conflict presentation (0.645125ms)
▶ video detail scraper selection
  ✔ prefers the active media-library default over the global default (0.656041ms)
  ✔ does not retain the previous library default when the active library switches (0.070292ms)
  ✔ falls back to the global default when the active library has no override (0.054459ms)
✔ video detail scraper selection (1.200416ms)
▶ pending inbox state
  ✔ sums the aggregate media-library projection without per-library item reads (0.742917ms)
✔ pending inbox state (1.268333ms)
✔ keeps loading and failed inbox counts distinct from an empty inbox (0.081375ms)
▶ actress list renderer behavior
  ✔ does not load the full face-scan manifest for an ordinary actress page (1.697583ms)
  ✔ isolates cached pages when any query condition changes (0.558708ms)
  ✔ recombines the same session face-result subset for list filter changes (0.081125ms)
  ✔ keeps loaded pages after a failure and retries the same next-page offset (1.353292ms)
  ✔ keeps selected ids when later pages append more actresses (0.151917ms)
  ✔ restores scroll after detail return and resets it for a changed query (0.098542ms)
  ✔ clears every pending rail scroll scope on same-section primary navigation (0.500041ms)
✔ actress list renderer behavior (4.881334ms)
▶ actress infinite list pages
  ✔ keeps loaded pages while requesting the next offset (0.81025ms)
  ✔ stops after every matching actress has loaded (0.059458ms)
✔ actress infinite list pages (1.21625ms)
▶ scoped video query keys
  ✔ keeps media-library caches isolated (0.809708ms)
  ✔ canonicalizes filtered all-library scopes (0.070208ms)
✔ scoped video query keys (1.235292ms)
▶ useInfiniteVideoList
  ✔ loads a library larger than the IPC page limit in bounded pages (21.170625ms)
✔ useInfiniteVideoList (21.617583ms)
✔ blocks route changes with a draft and saves before continuing through the real router (32.87925ms)
✔ keeps edits through unrelated refreshes and explicitly resets to the latest saved value (4.766666ms)
✔ preserves edits made while an earlier value is being saved (0.780583ms)
▶ renderer avatarCrop
  ✔ falls back to the standard preset for invalid stored values (0.488833ms)
  ✔ falls back to face centering for invalid stored values (0.046625ms)
  ✔ keeps landmark-based faces at the same visual size across source images (0.286542ms)
  ✔ reports when a tight source cannot reach the requested face size (0.046833ms)
  ✔ applies the continuous face ratio consistently (0.070167ms)
  ✔ centers the estimated crown-to-chin region in head mode (0.063583ms)
  ✔ centers segmented visible head bounds instead of the facial axis (0.069375ms)
  ✔ keeps zoom identical across centering modes (0.090542ms)
  ✔ keeps face-ratio changes effective when full-head protection is disabled (0.116167ms)
  ✔ keeps legacy near-square avatars aligned with cover preview layout (0.827542ms)
  ✔ detects the native cover-compatible default transform (0.10025ms)
  ✔ does not let a tainted canvas export crash the editor (0.281125ms)
✔ renderer avatarCrop (3.024375ms)
▶ video batch request scope
  ✔ requires and preserves the current library on library-surface requests (0.977792ms)
  ✔ keeps application-settings requests in explicit global compatibility mode (0.072458ms)
✔ video batch request scope (1.410084ms)
▶ avatarCrop
  ✔ round-trips a valid v1 crop (0.812333ms)
  ✔ rejects crop when fingerprint mismatches (0.072334ms)
  ✔ scales offsets when viewSize changes (0.069875ms)
✔ avatarCrop (1.324ms)
▶ normalizeClassificationName
  ✔ uses the shared identity normalization without collapsing meaningful script differences (0.647542ms)
  ✔ rejects names that become empty after normalization (0.165125ms)
✔ normalizeClassificationName (1.246917ms)
✔ only accepts finite thumbnail variants and preserves preview URL components (0.607042ms)
▶ buildLibraryScanNotification
  ✔ keeps a no-change successful scan quiet (0.446167ms)
  ✔ notifies for changes and reports each destructive count separately (0.102917ms)
  ✔ reports a metadata-only resource refresh as an update (0.513ms)
  ✔ reports pending scan groups and their resource count before ordinary changes (0.044ms)
  ✔ prioritizes offline and error outcomes over ordinary change notices (0.0375ms)
  ✔ reports isolated STRM failures without exposing target content (0.07125ms)
  ✔ reports a blocking processing failure before isolated STRM failures (0.05725ms)
✔ buildLibraryScanNotification (1.689542ms)
▶ sanitizeLibraryScanError
  ✔ removes HTTP credentials, query parameters, Magnet data, and ED2K targets (0.544334ms)
  ✔ bounds arbitrary errors and never throws while formatting them (0.081708ms)
✔ sanitizeLibraryScanError (0.994083ms)
▶ normalizeLibraryScanSummary
  ✔ persists completed STRM failures with safe messages and a 50-item bound (0.684083ms)
✔ normalizeLibraryScanSummary (0.732375ms)
▶ NFO export foreground shortcut guard
  ✔ blocks reload, history, close, and application navigation shortcuts (0.337584ms)
  ✔ leaves modal controls and copy shortcuts usable (0.07125ms)
✔ NFO export foreground shortcut guard (0.805125ms)
▶ selectDefaultPendingScanPrimary
  ✔ prefers local resources and keeps duration, size, and path ordering (0.378125ms)
  ✔ orders STRM resources by actual target kind and then source path (0.07975ms)
✔ selectDefaultPendingScanPrimary (0.901ms)
▶ pluginDevKindProfile
  ✔ normalizes testTarget and testTargets (1.575792ms)
  ✔ splits test targets only on commas or newlines and trims each group (0.155167ms)
  ✔ uses typed explicit targets as a diagnostic subset (0.73325ms)
  ✔ rejects URL/path targets and wrong-kind arguments (0.200792ms)
  ✔ testTargetsFromDryRun extracts identity from dry-run result (0.088958ms)
  ✔ profiles expose kind-specific labels and field helpers (0.103625ms)
✔ pluginDevKindProfile (3.319084ms)
▶ plugin field semantics registry
  ✔ covers every video and actress field with valid symmetric conflicts (0.517542ms)
  ✔ generates the Agent glossary from the selected registry fields (0.499333ms)
  ✔ projects female and male performers independently (0.722833ms)
  ✔ projects composite rating and measurements without collapsing their parts (0.076333ms)
✔ plugin field semantics registry (2.439958ms)
▶ PluginResultContractModule
  ✔ classifies every structural and selectable result key by kind (0.83925ms)
  ✔ projects every manifest field through at least one standard result key (0.079875ms)
  ✔ lists unknown raw keys once without guessing a field mapping (0.10725ms)
  ✔ keeps actress identity and source metadata informational (0.164333ms)
  ✔ detects field-level partial cast projection and legacy female default (0.269875ms)
  ✔ maps composite measurements and rating to their legal manifest fields (0.09575ms)
  ✔ rejects empty and identity-only effective results mechanically (0.106209ms)
✔ PluginResultContractModule (2.08075ms)
▶ video resource source identity
  ✔ normalizes local file paths (0.348958ms)
  ✔ uses the STRM source file instead of its external target (0.050792ms)
  ✔ does not claim ownership of ordinary external resources (0.041541ms)
✔ video resource source identity (0.801459ms)
▶ videoResourceLinks
  ✔ normalizes HTTP identity without reordering query parameters or changing the path (0.804542ms)
  ✔ rejects local and executable protocols (0.14275ms)
  ✔ infers common video extensions as direct links and otherwise uses web links (0.06075ms)
  ✔ masks query parameters in normal display text (0.05225ms)
  ✔ converts optional MB, GB, and TB values to integer bytes (0.050084ms)
  ✔ uses the Magnet xt identity while preserving the original link and deriving a name (0.184666ms)
  ✔ uses the ED2K file hash identity while deriving its file name (0.049417ms)
✔ videoResourceLinks (1.714209ms)
ℹ tests 2188
ℹ suites 349
ℹ pass 2187
ℹ fail 0
ℹ cancelled 0
ℹ skipped 1
ℹ todo 0
ℹ duration_ms 49028.60525
