
> Javdex@0.6.2 pretest
> npm run check:actress-boundaries && npm run check:media-asset-store-boundaries && npm run check:metadata-source-boundaries && npm run check:classification-entity-boundaries && npm run check:agent-platform-boundaries && npm run lint && npm run check:css-architecture && npm run check:ui-controls


> Javdex@0.6.2 check:actress-boundaries
> node scripts/check-actress-boundaries.mjs

Domain IPC, shared types, and process dependency boundaries are valid.

> Javdex@0.6.2 check:media-asset-store-boundaries
> node scripts/check-media-asset-store-boundaries.mjs

MediaAssetStore implementation boundaries are valid.

> Javdex@0.6.2 check:metadata-source-boundaries
> node scripts/check-metadata-source-boundaries.mjs

Video metadata source boundaries are valid.

> Javdex@0.6.2 check:classification-entity-boundaries
> node scripts/check-classification-entity-boundaries.mjs

Classification entity storage and routing boundaries are valid.

> Javdex@0.6.2 check:agent-platform-boundaries
> node scripts/check-agent-platform-boundaries.mjs

Agent platform boundaries OK

> Javdex@0.6.2 lint
> npm run lint:ts && npm run lint:css


> Javdex@0.6.2 lint:ts
> eslint "src/**/*.{ts,tsx}" "electron.vite.config.ts"


> Javdex@0.6.2 lint:css
> stylelint "src/renderer/src/**/*.module.css" --allow-empty-input


> Javdex@0.6.2 check:css-architecture
> node scripts/check-css-architecture.mjs

CSS architecture checks passed.
┌─────────────────────────────────┬────────┐
│ (index)                         │ Values │
├─────────────────────────────────┼────────┤
│ cssFileCount                    │ 90     │
│ globalClassCount                │ 1155   │
│ crossFileDuplicateClassCount    │ 143    │
│ descendantSelectorCount         │ 803    │
│ importantDeclarationCount       │ 12     │
│ hardcodedColorDeclarationCount  │ 166    │
│ globalStateClassCount           │ 88     │
│ rawButtonClassOccurrenceCount   │ 3      │
│ classNameBehaviorInferenceCount │ 0      │
└─────────────────────────────────┴────────┘

> Javdex@0.6.2 check:ui-controls
> node scripts/check-ui-controls.mjs

UI control checks passed: shared Switch / Checkbox only.

> Javdex@0.6.2 test
> npm run typecheck && npm run test:packaging && node scripts/run-electron-tests.mjs


> Javdex@0.6.2 typecheck
> npm run typecheck:node && npm run typecheck:web


> Javdex@0.6.2 typecheck:node
> tsc --noEmit -p tsconfig.node.json --composite false


> Javdex@0.6.2 typecheck:web
> tsc --noEmit -p tsconfig.web.json --composite false && tsc --noEmit -p tsconfig.browser.json


> Javdex@0.6.2 test:packaging
> node --test scripts/packaging-runtime.test.mjs

TAP version 13
# Subtest: pruneBetterSqlitePrebuilds retains only the current platform and arch
ok 1 - pruneBetterSqlitePrebuilds retains only the current platform and arch
  ---
  duration_ms: 1.738291
  type: 'test'
  ...
# Subtest: pruneBetterSqliteBuildFiles removes sources but preserves runtime files
ok 2 - pruneBetterSqliteBuildFiles removes sources but preserves runtime files
  ---
  duration_ms: 1.471959
  type: 'test'
  ...
# Subtest: better-sqlite3 prebuild selection covers every configured packaging platform
ok 3 - better-sqlite3 prebuild selection covers every configured packaging platform
  ---
  duration_ms: 0.087
  type: 'test'
  ...
# Subtest: pruneElectronFrameworkLocales keeps English and Chinese locale variants
ok 4 - pruneElectronFrameworkLocales keeps English and Chinese locale variants
  ---
  duration_ms: 1.661292
  type: 'test'
  ...
# Subtest: mac packaging selects a node-gyp compatible Python unless the caller chose one
ok 5 - mac packaging selects a node-gyp compatible Python unless the caller chose one
  ---
  duration_ms: 0.115334
  type: 'test'
  ...
# Subtest: packaged runtime smoke runs only for a host-compatible macOS executable
ok 6 - packaged runtime smoke runs only for a host-compatible macOS executable
  ---
  duration_ms: 0.368917
  type: 'test'
  ...
# Subtest: packaging retains the complete Cheerio runtime dependency chain
ok 7 - packaging retains the complete Cheerio runtime dependency chain
  ---
  duration_ms: 0.194
  type: 'test'
  ...
# Subtest: mac packaging explicitly enables ad-hoc signing before invoking its custom signer
ok 8 - mac packaging explicitly enables ad-hoc signing before invoking its custom signer
  ---
  duration_ms: 0.0785
  type: 'test'
  ...
1..8
# tests 8
# suites 0
# pass 8
# fail 0
# cancelled 0
# skipped 0
# todo 0
# duration_ms 75.137334
▶ createAgentBrowserSchema
  ✔ exposes strict bounded vertical scroll branches without enabling input actions (2.388333ms)
  ✔ explains the evaluate restrictions and their supported alternatives before invocation (0.237583ms)
✔ createAgentBrowserSchema (3.669625ms)
▶ AgentConfiguration
  ✔ projects code-owned tools and permissions while injecting workload compaction (1.771417ms)
  ✔ binds metadata collection to the curator workload and explicit staging capabilities (0.206458ms)
  ✔ registers playlist import as an independent least-privilege use case (0.148041ms)
✔ AgentConfiguration (2.704709ms)
▶ AgentExecution
  ✔ runs the persistence hook before the runtime can commit its bootstrap observation (5.100375ms)
  ✔ opens one runtime session and delegates ten operations without a loop or second queue (5.076542ms)
  ✔ authorizes and records Pi native tools without persisting their output (1.031ms)
  ✔ fails closed when a Pi native tool lacks a frozen capability grant (0.521625ms)
  ✔ restores a normal checkpoint without reading ExecutionHistory (0.536625ms)
  ✔ rebuilds only for typed checkpoint corruption and only once per generation (1.770042ms)
  ✔ releases runtime resources without closing the durable run (1.359334ms)
  ✔ closes a durable run after its runtime was already released (0.7385ms)
✔ AgentExecution (16.843541ms)
✔ preserves newer product log references when aborting after a domain-only state update (0.685916ms)
✔ preserves append-only plugin history during checkpoint recovery: success (29.081042ms)
✔ preserves append-only plugin history during checkpoint recovery: hash-failure (24.302291ms)
✔ preserves append-only plugin history during checkpoint recovery: rebuild-failure (20.224917ms)
✔ preserves append-only plugin history during checkpoint recovery: unreconciled-tool (16.661833ms)
▶ AgentRunStore
  ✔ returns every durable non-closed run so each use case can apply its recovery policy (11.76325ms)
  ✔ persists a frozen config without serializing credentials or functions (1.166791ms)
  ✔ encrypts recovery payloads and fails closed on integrity damage (2.685375ms)
  ✔ accepts an idempotent operation once and settles only named command ids (0.82275ms)
  ✔ keeps repeated product events from the same operation in append order (0.694458ms)
  ✔ does not overwrite a terminal runtime fault when the runtime subsequently settles (1.540375ms)
  ✔ allows one rebuild attempt per recovery generation (0.974209ms)
  ✔ records artifact refs in the product journal and fails closed on damaged refs (0.713916ms)
✔ AgentRunStore (21.173208ms)
▶ Agent product journal pagination
  ✔ reads the last cursor through the run/seq index without parsing any payload in a 100k journal (261.673416ms)
  ✔ pages with a strict size cap and no cross-run, duplicate or skipped events despite sequence gaps (25.386ms)
✔ Agent product journal pagination (287.214125ms)
▶ Agent recovery enumeration
  ✔ filters use case and status before parsing, lazily loads one product, and releases temporary ID pages (92.017ms)
  ✔ keeps the original recovery order across pages while timestamps change and excludes runs created mid-iteration (65.975833ms)
  ✔ drops the temporary snapshot if an owned payload cannot be parsed (0.667375ms)
✔ Agent recovery enumeration (158.7485ms)
▶ cache affinity
  ✔ is stable, role-separated and does not expose source identifiers (1.263625ms)
✔ cache affinity (1.781916ms)
▶ resolveEffectiveMaxTokens
  ✔ uses the model maximum when the preset limit is zero (1.572333ms)
  ✔ uses the lower positive limit (0.109416ms)
  ✔ rejects invalid limits instead of forwarding zero to the provider (0.185ms)
  ✔ restores a zero sentinel as one frozen positive provider limit (0.212583ms)
  ✔ resolves live models only by workload (3.715042ms)
✔ resolveEffectiveMaxTokens (6.756667ms)
▶ ModelInvocation
  ✔ uses injected frozen verifier access and forwards preset limits and cancellation (2.174667ms)
✔ ModelInvocation (2.872042ms)
▶ ModelManagementModule
  ✔ builds the migration backup from a strict non-secret provider whitelist (1.822417ms)
  ✔ migrates released settings once and then reads the same v2 revision (15.373584ms)
  ✔ fails closed for an invalid v2 document (0.272709ms)
  ✔ fails closed for malformed nested v2 data and embedding catalog entries (1.511167ms)
  ✔ saving a provider never changes workload assignments (5.716167ms)
  ✔ refreshes protocol-derived model metadata when a connection contract changes (1.583792ms)
  ✔ never exposes credentials or Base URL query secrets in renderer snapshots (2.17875ms)
  ✔ changing the default affects inherited workloads but preserves an explicit plugin model (4.245458ms)
  ✔ freezes the workload context limit into resolved model access (4.060542ms)
  ✔ rejects removing an in-use model and reports the exact workload (7.712334ms)
  ✔ restores the previous credential when configuration persistence fails (2.548458ms)
  ✔ does not touch credentials or storage on a stale revision (2.00425ms)
  ✔ keeps discovery ephemeral and reset removes manual overrides (4.207917ms)
  ✔ rejects non-tool Agent models and unsupported long cache (3.655541ms)
✔ ModelManagementModule (58.108208ms)
▶ ToolHost
  ✔ records capability denials before failing closed (11.950625ms)
  ✔ requires a one-use approval permit for install effects (4.746833ms)
  ✔ stores only bounded hashes for tool output and errors (1.982958ms)
  ✔ approves only the selected request when multiple approvals are pending (2.915875ms)
  ✔ keeps only the latest pending approval for single-card product flows (2.779333ms)
  ✔ revokes a persisted approval when the continuation dispatch fails (2.08925ms)
  ✔ discards pending and approved permits during terminal cleanup (2.630667ms)
  ✔ binds an approval permit to mutable domain scope as well as visible tool args (2.310875ms)
  ✔ serializes calls sharing a resource without scheduling batches (36.621333ms)
  ✔ marks interrupted writes uncertain and blocks callbacks after waiting or terminal state (0.996042ms)
  ✔ does not start an unkeyed handler when its signal is already aborted (1.623167ms)
  ✔ enforces deadlines even when a handler ignores AbortSignal (23.435833ms)
  ✔ does not let a late handler result overwrite an uncertain timeout (23.677959ms)
  ✔ keeps the resource locked until a timed-out non-cooperative handler really settles (65.4895ms)
  ✔ keeps a queued cancellation from letting a third call bypass the active resource holder (13.876042ms)
✔ ToolHost (198.39675ms)
▶ PiRuntime contract
  ✔ allows workspace reads and dev notes but keeps host-owned facts read-only (3.719791ms)
  ✔ loads only frozen workspace Skills and exposes the selected Pi native file tools (2172.73425ms)
  ✔ rejects a workspace Skill that differs from the frozen run configuration (3.46225ms)
  ✔ keeps one long-lived session for ten turns with controlled resources and stable affinity (73.7615ms)
  ✔ keeps the run healthy when Pi recovers from a transient provider error (38.597625ms)
  ✔ emits one terminal runtime fault after provider retries are exhausted (34.069209ms)
  ✔ does not turn a user-cancelled provider retry into a runtime fault (17.099292ms)
  ✔ exposes only the resolved custom allowlist and crosses the durable tool-result barrier (48.704958ms)
  ✔ releases the runtime after durable persistence fails during a tool call (16.951917ms)
  ✔ honors a terminating control result even when the domain tool reports failure (9.776084ms)
  ✔ starts a new turn when a follow-up is dispatched after a terminating handoff settled (11.1785ms)
  ✔ does not compact or inject a host recovery prompt after a length stop (13.913542ms)
  ✔ does not start a host continuation after the model-turn budget stops the operation (9.183917ms)
  ✔ enforces the configured per-operation model-turn budget (13.701667ms)
✔ PiRuntime contract (2471.340417ms)
✔ counts the same all-gender avatar targets without projecting profiles or joining works (18.486459ms)
✔ pages a fixed target set and bounds labels after live insert, delete and rename (201.964541ms)
✔ handles empty sets and connection closure without recreating a database (8.226ms)
✔ rolls back the temporary table if snapshot population fails (9.450666ms)
✔ returns only target identity in ID order without counting works with all path and gender semantics (19.751667ms)
✔ matches the complete renderer gallery order across source, ratio and nullable-position boundaries (57.054042ms)
✔ returns empty versus missing actors and validates finite safe page bounds (13.18575ms)
✔ keeps count and ordered page together while another connection removes a display source (13.382333ms)
✔ returns profile counts and the global first picture without loading complete works or gallery rows (32.33075ms)
✔ keeps profile fields, physical/display counts and first picture on one read snapshot (15.409583ms)
✔ locates a stable photo after reordering, before paging and within the requested actor/source scope (21.63975ms)
✔ matches merge gender and owned search semantics while paging by full name (30.31125ms)
✔ counts each visible video once across overlapping libraries and excludes hidden/archived/orphaned videos (22.13225ms)
✔ counts only returned candidates, excluding lookahead, and skips counts for an empty page (17.03075ms)
✔ keeps candidate rows and counts on the same snapshot when another connection writes (17.136791ms)
✔ bounds labels/avatars and validates inputs and missing keep actors (23.365125ms)
✔ pages narrow labels from 10000 actors without catalog statistics or profile data (192.925333ms)
✔ preserves owned-name search matching and includes all genders (18.579375ms)
✔ sorts full names before shortening labels and bounds escaped JSON payloads (33.018042ms)
✔ rejects invalid limits, offsets and overlong search before reading (8.332125ms)
✔ bounds labels containing embedded NUL without losing the valid prefix (24.466375ms)
✔ keeps a full page below512KiB even with worst-case JSON escaping (13.369291ms)
✔ reads current picker identity by ID without hydrating actor works or profile (18.809625ms)
▶ actressRepo actress name ownership
  ✔ changes the main-name row and ownership together when an actress is renamed (24.511625ms)
  ✔ keeps ownership while another name type still declares the same normalized name (18.436916ms)
  ✔ rolls back the complete manual edit when any declared name has another owner (21.240458ms)
  ✔ rolls back profile changes and compensates new avatar files when the database write fails (23.605875ms)
✔ actressRepo actress name ownership (88.660458ms)
▶ actressRepo.listActresses
  ✔ excludes migrated pending names from search and exact identity lookup (11.911542ms)
  ✔ does not match a replaced main name that is not kept as an explicit alias (10.445459ms)
  ✔ matches main name, alias, and typed names (11.611792ms)
  ✔ treats SQL LIKE metacharacters as literal search text (10.8985ms)
  ✔ ignores stored names that are not visible name types (10.971375ms)
  ✔ sorts by video count descending by default (11.298125ms)
  ✔ projects only videos that remain reachable through an active visible library membership (13.725083ms)
✔ actressRepo.listActresses (81.203458ms)
▶ actressRepo.listActressPage
  ✔ returns a stable slice with the total number of matching actresses (9.432167ms)
  ✔ pages an explicit renderer-session actress subset with complete totals (15.170917ms)
  ✔ returns the cumulative status of every actress with per-status counts (12.748417ms)
  ✔ filters by each status while keeping the counts of the unfiltered scope (12.2205ms)
  ✔ combines the status filter with search, gender and sort (11.534708ms)
  ✔ counts statuses within the current search and gender scope (13.483291ms)
  ✔ treats a missing status as all statuses (10.12125ms)
  ✔ keeps avatar file health outside the pure database query (8.57575ms)
  ✔ does not derive avatar fingerprints during a database list query (13.721959ms)
  ✔ returns minimal avatar path candidates without inspecting files (11.026542ms)
✔ actressRepo.listActressPage (118.3525ms)
▶ actressRepo.clearActressMetadataRecord
  ✔ clears scraped profile fields while keeping main name and video links (10.412292ms)
  ✔ clears non-name metadata without claiming a migrated pending main name (11.612208ms)
  ✔ resets every cumulative state to unscraped and drops the success time (11.1285ms)
  ✔ keeps related links when clearing actress metadata (10.865125ms)
✔ actressRepo.clearActressMetadataRecord (44.158417ms)
▶ actress related links
  ✔ stores related links on an actress and returns them on detail (11.784666ms)
  ✔ unions related links on merge with the keeper first (9.153875ms)
✔ actress related links (21.02325ms)
▶ actressRepo.deleteUnlinkedActresses
  ✔ deletes every selected unlinked actress and returns its stored assets for cleanup (10.400125ms)
  ✔ rejects the whole batch when any selected actress still has a linked video (11.022375ms)
✔ actressRepo.deleteUnlinkedActresses (21.49275ms)
▶ actressRepo.mergeActresses
  ✔ merges videos, aliases, and gallery into the keeper (12.873417ms)
  ✔ rejects merging actresses with different genders (7.93125ms)
  ✔ can adopt the merged actress main name (10.127708ms)
  ✔ rolls back the whole merge when final main-name reconstruction fails (9.188708ms)
  ✔ rolls back the whole merge when alias reconstruction fails (15.672417ms)
  ✔ rejects the whole merge when any resulting name belongs to a third actress (11.651084ms)
  ✔ rejects the whole merge when the selected final main name belongs to a third actress (17.631042ms)
  ✔ resolves a migrated pending name claimed only by the two merged actresses (14.431792ms)
  ✔ preserves existing aliases without reapplying scraped-value heuristics (15.647667ms)
  ✔ deletes unusable keeper avatar assets after adopting the merged actress avatar (20.179708ms)
  ✔ keeps 未刮削 when merging 未刮削 into 未刮削 (12.271292ms)
  ✔ keeps 刮削失败 when merging 刮削失败 into 未刮削 (17.289334ms)
  ✔ keeps 刮削成功 when merging 刮削成功 into 未刮削 (10.209042ms)
  ✔ keeps 刮削失败 when merging 未刮削 into 刮削失败 (8.215875ms)
  ✔ keeps 刮削失败 when merging 刮削失败 into 刮削失败 (15.023083ms)
  ✔ keeps 刮削成功 when merging 刮削成功 into 刮削失败 (13.199667ms)
  ✔ keeps 刮削成功 when merging 未刮削 into 刮削成功 (10.797666ms)
  ✔ keeps 刮削成功 when merging 刮削失败 into 刮削成功 (9.089666ms)
  ✔ keeps 刮削成功 when merging 刮削成功 into 刮削成功 (11.420375ms)
  ✔ keeps the newer success time when the keeper succeeded more recently (8.947584ms)
  ✔ ignores a success time left on a record that is not scraped successfully (9.002ms)
✔ actressRepo.mergeActresses (261.346792ms)
▶ actressRepo.listActressesForBatchScrape
  ✔ filters by scope and missing fields (12.8895ms)
  ✔ filters actresses by cumulative scrape status (12.415667ms)
  ✔ combines gender and scrape status filters (10.923208ms)
  ✔ matches actresses missing any selected profile field (12.823875ms)
  ✔ limits batch targets to the explicitly selected actress ids (7.058875ms)
✔ actressRepo.listActressesForBatchScrape (56.24125ms)
▶ actressRepo.resolveEffectiveActressScrapeFields
  ✔ fillEmpty keeps only currently missing fields (12.830333ms)
  ✔ fillEmpty treats broken avatar files as missing without mutating during planning (8.948875ms)
✔ actressRepo.resolveEffectiveActressScrapeFields (21.842875ms)
▶ actressRepo.clearBrokenActressAvatarIfNeeded
  ✔ includes broken avatars in batch missing-avatar targets (9.747208ms)
  ✔ clears broken avatar source and crop while keeping a usable display avatar (11.07625ms)
✔ actressRepo.clearBrokenActressAvatarIfNeeded (20.897083ms)
▶ actressRepo.getActressAvatarSourceInfo
  ✔ uses a legacy display avatar as the source without renderer fetch (9.535291ms)
  ✔ prefers the saved original source after an avatar bundle is created (15.749208ms)
✔ actressRepo.getActressAvatarSourceInfo (25.352083ms)
▶ actressRepo.setActressAvatarBundle
  ✔ persists avatar source, display, and crop; recrops without replacing the source (15.185084ms)
  ✔ adopts recognized legacy image bytes when native dimension probing is unavailable (11.675083ms)
  ✔ repairs an existing source whose stored extension does not match its bytes (10.328083ms)
  ✔ rejects invalid display bytes before writing the avatar bundle (13.60125ms)
  ✔ keeps source paths distinct for equal-length Chinese names with identical bytes (17.336833ms)
✔ actressRepo.setActressAvatarBundle (68.287666ms)
▶ actressRepo cumulative scrape status
  ✔ keeps an actress created by video scraping unscraped and exposes the status in detail (10.051958ms)
✔ actressRepo cumulative scrape status (10.093417ms)
▶ actressRepo cumulative scrape status maintenance invariants
  ✔ keeps 未刮削 and its success time through manual maintenance (12.834958ms)
  ✔ keeps 刮削成功 and its success time through manual maintenance (14.394375ms)
  ✔ keeps 刮削失败 and its success time through manual maintenance (13.647709ms)
✔ actressRepo cumulative scrape status maintenance invariants (40.959416ms)
▶ actressRepo.upsertActressFromScrape avatar adopt
  ✔ adopts a downloaded avatar into source+display+crop and drops the temp path (12.737833ms)
  ✔ gives equal-length Chinese names distinct avatar files from the same download bytes (15.83125ms)
  ✔ does not replace an existing usable avatar (11.275334ms)
✔ actressRepo.upsertActressFromScrape avatar adopt (39.959584ms)
▶ actressRepo.backfillActressGalleryAssetDimensions
  ✔ probes stored local files and fills missing gallery dimensions (13.367875ms)
✔ actressRepo.backfillActressGalleryAssetDimensions (13.418166ms)
▶ actressRepo query purity
  ✔ does not change database rows or stored resources when listing and reading details (9.723708ms)
✔ actressRepo query purity (9.774ms)
▶ actressRepo.posterPath
  ✔ clears the poster when the referenced gallery image is deleted (11.993042ms)
✔ actressRepo.posterPath (12.034291ms)
▶ actressRepo.replaceActressGalleryAssets
  ✔ keeps local paths that remain in the replaced asset set (11.814208ms)
✔ actressRepo.replaceActressGalleryAssets (11.851833ms)
▶ actressRepo.recordActressScrapeFailure
  ✔ records failure without writing a success time or changing profile fields (24.308791ms)
✔ actressRepo.recordActressScrapeFailure (24.346584ms)
▶ actressRepo.markActressScrapeSucceeded
  ✔ promotes an unscraped actress and stamps the missing success time (10.39475ms)
  ✔ promotes a failed actress and stamps the missing success time (9.883917ms)
  ✔ keeps an existing success time instead of restamping it (8.3145ms)
  ✔ stamps a success time over a blank stored time (8.095417ms)
  ✔ rejects marking an actress that does not exist (11.351833ms)
✔ actressRepo.markActressScrapeSucceeded (48.2195ms)
▶ actressRepo.applyActressScrapeResult
  ✔ keeps every selected field plan aligned with the replace database result (12.670458ms)
  ✔ keeps every selected field plan aligned with the fillEmpty database result (16.64925ms)
  ✔ keeps every selected field plan aligned with the replaceIfPresent database result (10.652042ms)
  ✔ does not backfill gallery metadata while building a read-only plan (12.216416ms)
  ✔ plans and applies a fillEmpty avatar over a broken stored path consistently (14.117708ms)
  ✔ previews replace clears without changing the actress or deleting assets (11.293833ms)
  ✔ does not claim a scrape was applied when every returned alias is unusable (15.617ms)
  ✔ rolls back profile data and cumulative success when gallery persistence fails (10.697375ms)
  ✔ skips invalid downloaded avatars while applying other profile fields (11.11375ms)
  ✔ replace keeps manual crop when scraped avatar bytes match existing source (12.4935ms)
  ✔ replace adopts a new avatar when scraped bytes differ from existing source (13.330708ms)
  ✔ replace clears an existing avatar when the source returns no avatar (10.809708ms)
  ✔ replace preserves an existing avatar when a returned avatar fails to download (15.298667ms)
  ✔ fillEmpty preserves existing measurement values while filling missing ones (13.632042ms)
  ✔ replaceIfPresent updates existing profile values while preserving null scrape results (10.121166ms)
  ✔ replace clears every selected non-avatar field when the matched source returns no values (8.654917ms)
  ✔ replaceIfPresent rejects all fields when every returned alias conflicts (11.354083ms)
  ✔ fillEmpty does not report success when measurements only repeat a filled component (8.814458ms)
  ✔ rejects the whole scraped result when any alias has another owner (11.088708ms)
  ✔ treats canonically equivalent scraped aliases as conflicts (13.560375ms)
✔ actressRepo.applyActressScrapeResult (244.627ms)
✔ pages female test choices by full name and retains owned alias search without wide data (106.866458ms)
✔ resolves the complete current runtime identity rather than its shortened display label (9.380167ms)
✔ pages the same visible works once across libraries with stable date ties and narrow cards (79.355792ms)
✔ distinguishes missing and empty actors and rejects unbounded or invalid page arguments (11.724334ms)
✔ keeps count and cards on the same read snapshot during an external visibility change (20.848959ms)
✔ reads complete profile metadata without querying any associated works (11.913542ms)
✔ filters covers before counting and paging, retaining the old truthy-path semantics (17.300541ms)
▶ AgentMetadataDraftRepo
  ✔ keeps one ready draft per target and returns superseded staging paths (16.166041ms)
  ✔ advances review revisions and stores an idempotent terminal outcome (8.477042ms)
  ✔ fails closed when a stored draft uses an unsupported adapter version (9.048583ms)
✔ AgentMetadataDraftRepo (34.578833ms)
✔ detects local writes, external commits and connection replacement without changing schema (24.414167ms)
▶ home discovery repo
  ✔ returns one bounded status summary for every visible media library (29.210292ms)
  ✔ uses membership time for recent additions and deduplicates shared videos (14.755208ms)
  ✔ keeps a discovery batch stable until the seed changes (15.698042ms)
  ✔ does not recommend a membership that has no playable resource in an eligible library (16.244667ms)
  ✔ does not recommend a local-only membership whose media-library root is disabled (14.085833ms)
  ✔ excludes managed resources owned by pending-removal or archived roots (7.208167ms)
  ✔ keeps rootless external links and active-root local or STRM resources eligible (10.348292ms)
  ✔ does not accept a managed resource whose root belongs to another library (9.670916ms)
  ✔ binds a shared recommendation to the source membership that has its playable resource (12.338208ms)
  ✔ searches globally without duplicates and honors an explicit library filter (9.246958ms)
  ✔ excludes libraries disabled for home discovery (14.39075ms)
  ✔ matches global ranking across cursor wrap, equal keys and hidden shared memberships (8705.850042ms)
  ✔ keeps large recent and discovery loads bounded and index-backed (37.842208ms)
  ✔ paginates a large global search without duplicates or per-row queries (42.786583ms)
✔ home discovery repo (8941.110083ms)
▶ libraryCleanup
  ✔ collects actress hints from a video (19.972625ms)
  ✔ prunes stub actresses after video links are removed (12.458417ms)
  ✔ does not prune an actress with meaningful profile data (9.901958ms)
  ✔ deletes tags that are no longer linked to any video (11.216917ms)
✔ libraryCleanup (54.213542ms)
▶ library membership repo
  ✔ creates an idempotent explicit membership with a stable discovery key (13.6905ms)
  ✔ removes only the selected library membership (10.936416ms)
  ✔ rejects archived or missing libraries (8.200375ms)
  ✔ recognizes only visible memberships in an active library surface (10.121042ms)
  ✔ does not automatically remove a resource-less membership referenced by a playlist (10.706875ms)
✔ library membership repo (54.654ms)
▶ libraryScanRepo latest snapshot
  ✔ keeps a valid summary pinned to its run when its audit is NULL (20.748792ms)
  ✔ falls back for malformed summary by timestamp then id, excluding NULL bodies without a status filter (13.135333ms)
  ✔ updates the pending path after a rename without rewriting the original scan audit (8.550083ms)
  ✔ returns summary, audit, and unrecognized files only from the requested library (10.62575ms)
  ✔ transactionally settles scan runs abandoned by the previous process (17.035042ms)
  ✔ releases archive and root-migration busy gates after restart recovery (13.117625ms)
  ✔ returns an empty snapshot before the first run and rejects an unknown library (7.941792ms)
✔ libraryScanRepo latest snapshot (92.274792ms)
✔ reads a scoped audit header without loading audit JSON or pending path arrays (28.315ms)
✔ keeps summary failure semantics and rejects oversized summary/header payloads (14.1245ms)
✔ keeps header summary, audit availability and unrecognized count in one WAL snapshot (12.796417ms)
▶ finishLibraryScanRun unrecognized replacement transaction
  ✔ finishes with 40000 replacement root IDs without exceeding SQLite bind limits (22.024458ms)
  ✔ deduplicates replacement roots and skips incoming files outside the selected roots (15.583916ms)
  ✔ clears selected roots when there are no matching incoming files and preserves other roots (12.300666ms)
  ✔ does not replace files for absent root targets (8.491542ms)
  ✔ does not replace files for empty root targets (10.206834ms)
  ✔ failed run never replaces preexisting unrecognized rows (14.156792ms)
  ✔ cancelled run never replaces preexisting unrecognized rows (23.301542ms)
  ✔ rolls back run, state and all original unrecognized rows when a duplicate normalized path fails insertion (25.988834ms)
✔ finishLibraryScanRun unrecognized replacement transaction (132.284917ms)
✔ does not hold a writer lock during audit stringify before the deferred transaction’s first SQL statement (14.432208ms)
✔ does not delete another library’s unrecognized rows even when its root ID is in the replacement set (31.73225ms)
▶ mediaLibraryRepo
  ✔ creates a library, typed config, and canonical root projection atomically (13.911917ms)
  ✔ projects pending scan counts once per library without multiplying across roots (10.201833ms)
  ✔ keeps library and config revisions independent and rejects stale writes (8.989917ms)
  ✔ rejects same, parent, child, and realpath-alias roots across active libraries (9.33475ms)
  ✔ lets disabled roots release paths and revalidates them before enabling (14.647708ms)
  ✔ preserves continuity-owned root identities while allowing empty roots to rebind (22.07325ms)
  ✔ rejects archived-library restore when any continuity-owned root changed identity (22.928667ms)
  ✔ rejects ordinary edits while a root is pending removal or archived (12.730375ms)
  ✔ requires explicit migration or cleanup before changing a root-owned path (17.121166ms)
  ✔ archives roots atomically, releases their paths, and rechecks on restore (13.169375ms)
  ✔ scopes local and STRM source identity while disabled and archived roots release paths (23.0795ms)
  ✔ protects the default library and refuses to archive pending root cleanup (12.0805ms)
  ✔ requires a non-default library to be archived before preview or permanent deletion (9.040875ms)
  ✔ deletes roots and non-default libraries using the current library revision (12.045334ms)
  ✔ blocks archiving and deletion while root cleanup is active (10.810542ms)
  ✔ blocks archiving and deletion while a scan run is active (20.927125ms)
  ✔ rejects a deletion preview made stale by global video lifecycle changes (19.07775ms)
  ✔ invalidates deletion impact when another library changes the exclusive-video count (12.085458ms)
  ✔ previews all owned data and permanently deletes only database ownership (20.409666ms)
  ✔ returns a frozen scan snapshot containing only active roots (10.014666ms)
  ✔ projects independently configured automatic scan state in stable library order (11.684167ms)
  ✔ accepts offline absolute roots but rejects relative paths and files (11.6245ms)
  ✔ does not let direct disabled-root deletion cascade diagnostic records (11.600083ms)
  ✔ atomically freezes the filesystem identity when an offline root first comes online (11.479292ms)
  ✔ rejects scan-time identity binding for an identity-less root with resource ownership (14.129042ms)
  ✔ rejects scan-time identity binding for an identity-less root with pending ownership (14.578334ms)
  ✔ rejects scan-time identity binding for an identity-less root with unrecognized ownership (15.005791ms)
  ✔ rejects activation of an identity-less disabled root with owned resources (10.44575ms)
  ✔ rejects restore of an identity-less archived root with owned resources (15.539917ms)
  ✔ rejects a newly-online alias of another active root without partially binding it (15.6655ms)
✔ mediaLibraryRepo (428.42075ms)
▶ media-library root migration repo
  ✔ previews and atomically migrates root-owned state without touching disk or global videos (22.025709ms)
  ✔ uses the shared availability-aware promotion rule within the source library and video (20.0045ms)
  ✔ rejects stale previews and rolls the entire migration back (11.663208ms)
  ✔ rejects resource or pending changes made after preview even when library revisions are unchanged (8.865041ms)
  ✔ moves terminal cleanup history to the replacement root during preview-confirmed migration (12.212875ms)
  ✔ rejects a stale migration preview when terminal cleanup history changes (10.434625ms)
  ✔ rolls back every dataset when a late migration write fails (29.679708ms)
  ✔ fails closed while either library has an active scan or cleanup job (8.563333ms)
  ✔ treats a failed legacy cleanup waiting marker as active work in preview and commit (15.3505ms)
  ✔ rejects target resource conflicts before mutation (10.412708ms)
  ✔ rejects target unrecognized-file conflicts before mutation (10.65475ms)
  ✔ rejects target pending-scan path conflicts during preview (14.287792ms)
  ✔ moves a disabled root without enabling it in the target library (10.248542ms)
✔ media-library root migration repo (185.61325ms)
▶ database schema
  ✔ adds STRM source identity without changing existing resource identity or link deduplication (12.182791ms)
  ✔ allows duplicate codes while enforcing complete video business identity (8.567167ms)
  ✔ upgrades video identity without changing ids, resources, or site sources (8.717167ms)
  ✔ leaves a v10 database untouched when normalized business identities conflict (1.381041ms)
  ✔ migrates legacy classification text into stable entities and retires legacy storage (25.7085ms)
  ✔ retires v8 text storage without changing video metadata, entity ids, or child resources (46.388041ms)
  ✔ stores classification profiles, hierarchy, roles, links, and video references (13.366708ms)
  ✔ rolls back the complete classification migration when entity creation fails (3.491416ms)
  ✔ rolls back classification entities when retiring legacy storage fails (5.559958ms)
  ✔ migrates uncontested names to ownership and preserves cross-actress collisions for review (18.892084ms)
  ✔ rolls back name ownership data and schema version when migration fails (12.737959ms)
  ✔ creates the current schema and records user_version (5.389084ms)
  ✔ migrates v6 video files to local resources without losing data (9.938791ms)
  ✔ migrates released v1 inline video files and removes the obsolete write constraint (18.176625ms)
  ✔ rejects databases newer than the supported schema version (0.448416ms)
  ✔ upgrades v1 actresses table with avatar source columns (8.950625ms)
  ✔ upgrades v2 actress names to one current primary name without removing visible names (9.131417ms)
  ✔ leaves current-version databases unchanged (0.623333ms)
  ✔ classifies v3 actresses only when a success time has actual profile evidence (12.317583ms)
  ✔ keeps the migrated classification unchanged when migration is run again (11.628625ms)
  ✔ rolls back the whole actress status migration when classification fails (1.114583ms)
✔ database schema (236.122292ms)
▶ V14 unreleased feature consolidation migration
  ✔ creates a fresh database with one active default media library (11.36425ms)
  ✔ upgrades released V13 data while keeping playlist import sessions out of the schema (7.652125ms)
  ✔ scopes pending path identity to each library in the final V14 schema (16.848333ms)
  ✔ enforces one primary per membership while archived sources can be adopted by another library (13.682833ms)
  ✔ rolls back V14 when released source paths normalize to the same identity (1.252792ms)
✔ V14 unreleased feature consolidation migration (51.655959ms)
▶ V15 local NFO import migration
  ✔ creates fresh V15 databases with automatic import enabled and identity constraints (11.341209ms)
  ✔ upgrades V14 rows, preserves the default, and enforces minimal pending identity snapshots (4.711541ms)
  ✔ rolls the migration back and leaves user_version at V14 on schema conflict (0.622417ms)
✔ V15 local NFO import migration (17.218875ms)
✔ adds the cleanup queue and later indexes when upgrading V15 and preserves old business data and damaged diagnostic state (20.914083ms)
✔ rolls back both DDL and version when V16 fails after table creation, then upgrades on retry (10.01175ms)
✔ upgrades V16 without changing any business rows or other schema and matches the current fresh tag index (29.988833ms)
✔ rolls back index DDL and version after drop failure, then retries (8.159709ms)
✔ rolls back index DDL and version after create failure, then retries (8.957833ms)
✔ adds V18 to a complete V17 schema without rewriting any legacy data or relationships (36.52925ms)
✔ rolls back executed V18 DDL and version, preserves foreign_keys=0, then retries (27.4435ms)
✔ rolls back executed V18 DDL and version, preserves foreign_keys=1, then retries (28.075042ms)
✔ upgrades a structurally restored V15 through cleanup, tag index and V18 without losing legacy rows (16.081667ms)
▶ getLibraryOverviewStats
  ✔ returns aggregate library counts (18.674042ms)
  ✔ counts actress cumulative status from scraped_status, not last_scraped_at (13.021542ms)
✔ getLibraryOverviewStats (32.414334ms)
✔ scopes scan identities and groups while returning only requested IDs from a large catalog (52.882417ms)
▶ pending resource identity repository
  ✔ persists the minimum conflict snapshot while exposing only safe presentation fields (14.984667ms)
  ✔ upserts one conflict per library path and enforces revision when deleting (9.391375ms)
  ✔ rejects paths outside the root, equal identities, and malformed STRM snapshots (8.144833ms)
  ✔ removes missing conflicts only under roots proven accessible by a safe scan (9.376167ms)
✔ pending resource identity repository (42.376042ms)
✔ matches old group order and global exact path counts without hydrating unrelated groups or resource DTOs (20.152458ms)
✔ handles empty targets and empty paths while preserving zero-resource groups and library isolation (18.737167ms)
✔ keeps selected group metadata and path counts in one snapshot across an external write (26.698209ms)
✔ drives selected groups by primary key and resources by the scoped group index (17.378167ms)
✔ releases the transaction and connection when resource statement preparation fails (20.896333ms)
✔ pages10k scan decisions in legacy order, scopes active libraries and exposes no resource snapshots (112.993625ms)
▶ pendingScanRepo media-library scope
  ✔ keeps same-code groups and resource lookups isolated between libraries (20.118083ms)
  ✔ allows the same normalized path in different libraries while deduplicating inside each library (12.595625ms)
  ✔ rejects a root or group that belongs to another library (18.678833ms)
  ✔ increments revision on upsert and rejects a stale resolution atomically (16.112333ms)
  ✔ can assign the same global video in two libraries without crossing resources (18.142083ms)
  ✔ reconciles only selected roots in the selected library and bumps surviving groups (10.398917ms)
  ✔ refreshes a changed STRM snapshot and forces the caller to review the new revision (11.444167ms)
  ✔ moves an already-pending path to the new same-library code without leaving an empty group (11.434208ms)
  ✔ rolls back resources, memberships, and videos if final group deletion fails (14.436875ms)
✔ pendingScanRepo media-library scope (134.013459ms)
✔ counts a large pending inbox without decoding its snapshots and follows deletions (117.506583ms)
✔ pages a 10k inbox without materializing snapshots, locates deep links and clamps deleted pages (125.802458ms)
▶ playlistRepo
  ✔ paginates and filters identically to the full playlist without losing zero-resource rows (45.542166ms)
  ✔ limits a large playlist before returning card details (167.399292ms)
  ✔ keeps metadata out of subsequent video-page queries (9.860084ms)
  ✔ creates playlists with required name and optional fields (10.361666ms)
  ✔ adds videos once per playlist and lists detail videos (16.753667ms)
  ✔ keeps playlist references visible across hidden, archived and missing memberships (12.04025ms)
  ✔ updates playlist metadata and custom cover (8.836ms)
  ✔ reports video membership and removes videos (12.747875ms)
  ✔ allows one video in multiple playlists without duplicates in one playlist (10.420875ms)
  ✔ rejects blank playlist names (7.439208ms)
  ✔ stores related links on create and update (9.916542ms)
✔ playlistRepo (312.166625ms)
✔ opens a separate read-only WAL connection with matching SQL functions and no migration (17.903542ms)
✔ keeps a read snapshot while the writer commits and observes it on the next transaction (12.2755ms)
✔ rejects missing, old, newer and non-WAL catalogs without initializing or migrating them (5.449208ms)
✔ does not publish an unsuccessfully initialized writer and permits a subsequent valid initialization (10.145125ms)
✔ publishes sealed entries with run/state/unrecognized updates and exposes header/body/permissions (20.1835ms)
✔ rolls back every finish write when late publication fails, then retries the same sealed audit (14.863792ms)
✔ rejects wrong scope, collecting manifests and metadata mismatches without partial writes (15.644083ms)
✔ rejects persisted run mismatches, incompatible completion status and oversized metadata before changing data (16.568083ms)
✔ publishes failed audit without replacing previous unrecognized files (11.647667ms)
✔ publishes cancelled audit without replacing previous unrecognized files (8.614958ms)
✔ abandons interrupted collecting/sealed audits while preserving published history and all entries, idempotently (9.580958ms)
✔ abandons already-terminal unexposed manifests even when no interrupted runs remain (13.656959ms)
✔ rolls back recovery run/state/manifest changes on abandonment failure and succeeds on retry (14.71425ms)
✔ publishes the actual writer after stable upserts and an NFO revision through the production finish transaction (14.361833ms)
✔ keeps exact-run and latest non-NULL policies distinct, scoped and deterministically ordered (12.119042ms)
✔ does not silently filter empty, malformed, or nonterminal legacy audit bodies (11.850166ms)
✔ projects only requested fields and counts raw UTF-8 bytes including NUL (10.713917ms)
✔ binds literal run IDs and leaves snapshot ownership with the reader transaction (9.7105ms)
✔ selects only published entries, scopes exact reads, and orders mixed formats by the same timestamp/id (16.408959ms)
✔ reconstructs all five ordered arrays and counts stored UTF-8 payload without hydrating identity/bytes (14.284042ms)
✔ throws for inconsistent new metadata, embedded sections, invalid final audits, and mismatched file keys (21.321292ms)
✔ keeps standalone multi-query body reconstruction on one snapshot during concurrent run deletion (16.238541ms)
✔ rejects duplicate metadata root keys even when JSON.parse would keep a valid final value (14.888125ms)
✔ accepts collecting revisions and ordered section entries with exact byte accounting (9.531042ms)
✔ rejects invalid sections, JSON, identities, byte metadata and duplicate file keys (5.447917ms)
✔ does not mix legacy JSON audits with the new manifest or start from terminal runs (4.5305ms)
✔ enforces sealed immutability and permits publication only with a terminal completed run (6.314792ms)
✔ rolls back run completion and audit publication together on a later failure (6.952042ms)
✔ retains interrupted audit entries for abandoned cleanup and does not permit late writes (6.634125ms)
✔ allows deleting whole runs or a library to cascade without permitting partial published deletion (8.721417ms)
✔ keeps entry identity stable while collecting and preserves every terminal publication outcome (5.648875ms)
✔ upserts exact file paths with stable ordinals, appends other sections and preserves UTF-8 bytes (14.971375ms)
✔ rolls back the entire batch including earlier upserts after a later SQL failure (7.724708ms)
✔ participates in caller transactions and uses savepoints for recoverable batch errors (7.592625ms)
✔ patches NFO in place without inserting missing files or losing the primary audit outcome (7.545334ms)
✔ seals final metadata atomically, keeps the run running, and does not publish or permit late writes (8.668709ms)
✔ seals unchanged metadata without a forbidden no-op metadata update (7.392291ms)
✔ guards scope, running status and legacy JSON and snapshots scope against caller mutation (7.131083ms)
✔ rejects malformed metadata and section shapes without writing anything (25.274709ms)
✔ enforces item, normalized batch and reserved single-page budgets without truncation (16.532458ms)
✔ writes and patches all sections, seals, finishes through the actual repository, and reads compatibility output (11.552542ms)
✔ rejects raw oversized stored entries before selecting their JSON for an NFO patch (12.795625ms)
✔ reads only detached NFO values and distinguishes missing files from absent NFO (8.233791ms)
✔ rejects invalid raw NFO values instead of treating them as absent (7.204459ms)
✔ checks NFO read scope and lifecycle even for missing paths (8.253792ms)
✔ rejects oversized raw rows before projecting any NFO JSON (15.413459ms)
▶ scoped video catalog repo
  ✔ keeps list resources and membership time inside one library (6.424291ms)
  ✔ loads detail from the injected database and projects only the active library resources (3.687333ms)
  ✔ deduplicates global results and selects the newest eligible membership (5.709208ms)
  ✔ interprets the none resource filter within the selected scope (4.764208ms)
  ✔ treats an archived media-library scope as unavailable (5.130584ms)
  ✔ rejects invalid scope ids before building SQL (4.951333ms)
  ✔ keeps fixed actor and tag filters unique across shared and hidden memberships (10.198875ms)
  ✔ normalizes a single active library and serves no-count pages with identical ordering (12.73275ms)
  ✔ uses bounded indexed queries for a large scoped page (29.999292ms)
✔ scoped video catalog repo (84.627042ms)
{"sourceIterationPlans":[[{"id":4,"parent":0,"notused":156,"detail":"SEARCH video_resources USING INTEGER PRIMARY KEY (rowid>? AND rowid<?)"}],[{"id":4,"parent":0,"notused":156,"detail":"SEARCH video_resources USING INTEGER PRIMARY KEY (rowid>? AND rowid<?)"}]]}
✔ iterates source-managed resources in order while deleting, with bounded reads and rollback (29.86075ms)
▶ tagRepo.pruneUnusedTags
  ✔ deletes tags with no video links and keeps tags still used by a video (12.470084ms)
✔ tagRepo.pruneUnusedTags (12.825459ms)
▶ tagRepo selected labels
  ✔ looks up only selected IDs through the tag primary key and omits deleted IDs (14.983542ms)
  ✔ bounds display labels and JSON bytes without changing full stored names (19.009875ms)
  ✔ rejects invalid or oversized requests and does no SQL work for an empty selection (12.351875ms)
✔ tagRepo selected labels (46.524417ms)
▶ tagRepo manual candidates
  ✔ pages alphabetically without counts and retains hidden/manual-only associations (23.209125ms)
  ✔ preserves Unicode/literal substring matching and searches beyond display truncation (10.487584ms)
  ✔ uses tag-key existence checks under skewed statistics and validates its work limits (20.82775ms)
✔ tagRepo manual candidates (54.696334ms)
▶ tagRepo active catalog projection
  ✔ matches manual association and visibility semantics before and after statistics maintenance (31.457417ms)
  ✔ deduplicates shared memberships and preserves manual origin and zero-count tags (11.509542ms)
  ✔ counts only videos that can be opened through the active visible catalog (7.173084ms)
✔ tagRepo active catalog projection (50.228625ms)
▶ tagRepo filter candidates
  ✔ paginates names before counts and matches global visibility counts with shared and archived members (15.752125ms)
  ✔ keeps Unicode literal search, bounded labels and page-only count parameters (35.342208ms)
✔ tagRepo filter candidates (51.160167ms)
▶ video lifecycle repo
  ✔ removes only one library membership and replays the same operation idempotently (11.549209ms)
  ✔ moves one external resource and keeps each library primary isolated (8.748625ms)
  ✔ promotes an available source fallback by kind and add time without crossing ownership scope (11.011167ms)
  ✔ rejects moving a local or STRM-managed source without transferring its root (7.326292ms)
  ✔ treats archived source libraries as read-only (5.405333ms)
  ✔ rejects a stale preview and globally deletes only after a fresh explicit preview (5.8705ms)
  ✔ invalidates a global-delete preview when any displayed relationship changes (6.496333ms)
✔ video lifecycle repo (57.036333ms)
▶ videoRepo.scrapeStatus
  ✔ does not downgrade an already scraped video when a later scrape fails (15.455667ms)
  ✔ can manually mark an unscraped or failed video as scraped (8.561708ms)
✔ videoRepo.scrapeStatus (24.611041ms)
▶ videoRepo.listVideos
  ✔ rejects attempts to restore classification text storage through generic updates (9.199666ms)
  ✔ sorts and paginates videos (10.864833ms)
  ✔ sorts facet videos by release date desc with missing dates last (10.102625ms)
  ✔ filters by status, year and facet fields (8.676625ms)
  ✔ applies multi-tag AND filters (9.429791ms)
  ✔ filters resource kinds with OR semantics and treats no-resource as zero rows (11.902542ms)
  ✔ projects resource count and primary-first deduplicated resource kinds (10.350791ms)
  ✔ searches videos by actress alias (10.471083ms)
  ✔ preserves SQL LIKE pattern matching in the video search actress branch (12.307167ms)
  ✔ excludes migrated pending actress names from video search (12.161458ms)
✔ videoRepo.listVideos (105.804875ms)
▶ videoRepo.getVideoDetail
  ✔ lists female cast before male cast (8.886042ms)
  ✔ includes external rating stats (10.249958ms)
✔ videoRepo.getVideoDetail (19.208667ms)
▶ videoRepo.setPrimaryVideoResource
  ✔ automatically marks the first resource as primary (15.320416ms)
  ✔ keeps the current primary when a requested primary insert is a duplicate (14.902792ms)
  ✔ marks one resource as primary and clears the previous primary (8.693042ms)
✔ videoRepo.setPrimaryVideoResource (38.9995ms)
▶ videoRepo.posterPath
  ✔ clears the poster when the referenced sample is deleted (9.025833ms)
✔ videoRepo.posterPath (9.067417ms)
▶ videoRepo.listVideosForBatchScrape
  ✔ filters by scrape status (11.238959ms)
  ✔ can constrain batch targets to explicit selected video ids (9.439459ms)
  ✔ filters missing fields by stored path or link, not file health (9.020541ms)
✔ videoRepo.listVideosForBatchScrape (29.80225ms)
▶ videoRepo tags by origin
  ✔ orders scraped tags before manual tags in detail (12.564291ms)
  ✔ editVideoRecord only replaces scraped tags (11.227083ms)
  ✔ editVideoRecord drops unused scraped tags while keeping tags still used elsewhere (10.962375ms)
  ✔ clearVideoMetadataRecord deletes unused scraped tags and keeps manual tags (12.617959ms)
  ✔ editVideoRecord replaces female and male cast separately (12.024583ms)
  ✔ removeManualVideoTag only removes manual tags (10.757625ms)
  ✔ removeManualVideoTag keeps tag when scraped associations remain (14.746958ms)
  ✔ promotes scraped tag to manual when adding the same name (10.219125ms)
✔ videoRepo tags by origin (95.334833ms)
▶ classification IPC contract
  ✔ registers every command and forwards typed arguments to the public services (1.671083ms)
✔ classification IPC contract (2.306083ms)
▶ IPC path guards
  ✔ rejects a rename that contains a path component (1.080833ms)
  ✔ authorizes only files under the selected active root (1.68825ms)
  ✔ rejects a path when the persisted root has been replaced (0.740542ms)
  ✔ rejects a file that escapes a configured root through a symbolic link (0.786084ms)
✔ IPC path guards (4.901708ms)
▶ IPC sender security
  ✔ accepts the configured main window and main frame (0.562084ms)
  ✔ rejects another webContents, a child frame, and an untrusted URL (0.280292ms)
  ✔ matches dev origins but requires the exact production file (0.08275ms)
✔ IPC sender security (1.313834ms)
▶ media-library IPC schemas
  ✔ accepts the complete default config sent by the create wizard, including local NFO import (1.868209ms)
  ✔ accepts boolean local NFO settings on update and rejects malformed values on both paths (1.425542ms)
  ✔ accepts exact management commands and rejects loose object shapes (2.292292ms)
  ✔ rejects invalid ids and revisions on every optimistic command shape (0.4415ms)
  ✔ strictly validates home discovery and global-search inputs (0.461083ms)
✔ media-library IPC schemas (6.983875ms)
▶ media-library IPC handlers
  ✔ registers the complete contract and forwards validated arguments (0.452792ms)
  ✔ rejects malformed calls before a dependency is invoked (0.681875ms)
  ✔ preserves root continuity domain errors across validated IPC handlers (0.341375ms)
✔ media-library IPC handlers (1.638292ms)
▶ NFO export IPC schemas
  ✔ accepts the complete closed plan request and rejects missing or extra state (1.201083ms)
✔ NFO export IPC schemas (1.525667ms)
▶ playlist import renderer lifecycle
  ✔ binds every recreated renderer once and cancels only on full navigation or loss (0.354916ms)
  ✔ cancels a non-terminal foreground import when its renderer disconnects (0.595416ms)
  ✔ leaves terminal imports untouched (0.082416ms)
✔ playlist import renderer lifecycle (1.400916ms)
▶ scan latest IPC handler
  ✔ validates libraryId and forwards the scoped latest snapshot (3.342ms)
✔ scan latest IPC handler (3.879791ms)
✔ bounds the combined audit presence request and validates its library (1.809416ms)
✔ bounds scan pages and validates scoped detail and anchor inputs (1.067958ms)
✔ routes audit header/page through the async reader with trusted budgets and strict scope (1.483375ms)
✔ routes combined view pages with trusted budgets and preserves query and result fields (1.469416ms)
✔ accepts every combined tab/outcome/filter, canonicalizable locales and strict failed anchors (3.542416ms)
✔ rejects invalid combined queries, locales, anchors, snapshots and argument counts (2.443583ms)
✔ propagates combined reader errors instead of falling back to another snapshot or raw page (1.229167ms)
✔ rejects invalid reveal paths before permission lookup and retains strict IPC arguments (0.628625ms)
✔ does not access or reveal an unauthorized audit path (0.258875ms)
✔ returns a handled verification error when the permission reader rejects (0.493667ms)
✔ awaits permission and asynchronous access before revealing the original path exactly once (0.255166ms)
✔ returns fileMissing on asynchronous access failure without revealing (0.3315ms)
▶ scrape IPC schemas
  ✔ strictly validates media-library-scoped video batch scrape commands (1.792084ms)
  ✔ validates the optional media-library scope on single-video scrape commands (0.158041ms)
✔ scrape IPC schemas (2.310167ms)
✔ bounds pending scrape pages and details at the IPC boundary (0.428875ms)
✔ bounds audit pending presence lookups (0.345916ms)
✔ validates token and safe nonnegative avatar snapshot cursor (3.478334ms)
✔ validates manual tag candidate bounds and existing-tag identities (2.623708ms)
✔ bounds selected tag label IPC requests before repository access (0.947458ms)
▶ typed IPC adapter
  ✔ does not expose the legacy unreviewed video deletion command (0.170458ms)
  ✔ forwards command arguments and returns the application result (0.13125ms)
  ✔ rejects malformed arguments before invoking the application handler (0.205334ms)
  ✔ accepts link-resource updates without an import-only target (0.308542ms)
  ✔ only accepts metadata retention when removing a last video resource (0.070708ms)
  ✔ accepts one exact plugin approval decision and rejects malformed decisions (0.258459ms)
  ✔ accepts only explicit plugin continuation kinds (0.112333ms)
  ✔ accepts only typed plugin user responses with request-bound actions (0.510042ms)
  ✔ accepts plugin history clearing only without renderer-supplied run ids (0.049125ms)
  ✔ accepts unrecoverable plugin-session discard only without renderer-supplied run ids (0.041709ms)
  ✔ keeps legacy model limits out of the generic settings mutation contract (0.294916ms)
  ✔ validates playlist import start and identity controls at the IPC boundary (0.617375ms)
  ✔ requires the path-removal impact revision at the settings boundary (0.143917ms)
  ✔ accepts only the structured model-management command vocabulary (0.973291ms)
  ✔ serializes successful results and thrown errors (0.941458ms)
  ✔ sends the contracted event payload unchanged (0.064792ms)
✔ typed IPC adapter (5.235167ms)
✔ bounds actress conflict summary pages and keeps detail identities exact (0.222834ms)
✔ validates bounded actress picker requests (0.180833ms)
✔ validates narrow actress identity IDs (0.774584ms)
✔ validates merge candidate paging and keep identity (0.581334ms)
✔ accepts only zero arguments for avatar crop count (0.040459ms)
✔ accepts only zero arguments for avatar crop target enumeration (0.028583ms)
✔ validates plugin actress test picker bounds and identities (0.168042ms)
✔ validates actress works page bounds and rejects unexpected filter fields (0.70975ms)
✔ validates metadata IDs and the optional cover-only actor works filter (0.296792ms)
✔ validates bounded actress gallery pages (0.234542ms)
✔ validates a profile header identity without optional wide-data flags (0.055541ms)
✔ validates the optional local photo source filter (0.047084ms)
▶ video query IPC schemas
  ✔ accepts and normalizes a complete list query at every VideoQuery boundary (1.791708ms)
  ✔ rejects malformed fields consistently for lists and global search (2.9105ms)
  ✔ strictly validates catalog scopes and video detail identifiers (0.407333ms)
✔ video query IPC schemas (5.505125ms)
▶ main window asset paths
  ✔ resolves preload and renderer from the app root when appMain is emitted as a chunk (0.390292ms)
✔ main window asset paths (0.726875ms)
▶ LocalNfoSourceAdapter
  ✔ reads its own exported samples with a separate background (portable-v1) (12.366208ms)
  ✔ reads its own exported samples with a separate background (jellyfin-current) (2.084209ms)
  ✔ reads its own exported samples with a separate background (emby-kodi-conservative) (1.677292ms)
  ✔ reads its own exported samples with a separate background (plex-nfo-1.43.1+) (1.518125ms)
  ✔ reads its own exported samples with a separate background (infuse-current) (3.462375ms)
  ✔ keeps explicit and discovered samples scoped to their video in a shared directory (5.048959ms)
  ✔ collects one candidate per physical NFO with local asset capabilities and no paths (6.419042ms)
  ✔ uses explicit gender, then existing actor gender, then dialect default (0.867959ms)
  ✔ keeps actress avatar positions aligned after gender field projection (1.069833ms)
  ✔ reads legacy and Kodi actor filenames and follows explicit references for repeated spaces (6.11675ms)
  ✔ treats no sidecar as a quiet no-match and excludes mismatched NFO identity (1.276709ms)
✔ LocalNfoSourceAdapter (42.806875ms)
▶ videoMetadataCandidateStager
  ✔ stages remote and managed-root assets without persisting host paths (9.995583ms)
✔ videoMetadataCandidateStager (10.3415ms)
▶ WebScraperSourceAdapter
  ✔ passes the stored code to legacy plugins unchanged while comparing normalized identities (0.762ms)
  ✔ collects exact candidates with declared remote assets and source evidence (0.781416ms)
✔ WebScraperSourceAdapter (1.920709ms)
▶ VideoMetadataSourceRegistry
  ✔ resolves stable source ids while preserving legacy plugin-name lookup (0.107959ms)
✔ VideoMetadataSourceRegistry (0.159875ms)
✔ exports oriented/cropped artwork with the shipped Electron codec and encrypted asset store (441.480416ms)
▶ NfoExportModule
  ✔ inspects each plan anchor once and reuses the returned canonical directory (9.14675ms)
  ﹣ accepts alternate Windows path spellings for the same physical export directory (0.097125ms) # Windows path aliases are case-insensitive
  ✔ reads selected images linearly and isolates assets that fail or change after planning (437.245625ms)
  ✔ shares identical actor avatars across videos and removes references to conflicting content (49.197958ms)
  ✔ plans without writing and applies an exact-stem NFO plus portable cover (17.715667ms)
  ✔ keeps the default skip policy and rejects a changed target under replace (11.4975ms)
  ✔ marks every planned file stale when source metadata changes (2.110667ms)
  ✔ exports a local STRM source anchor and counts resources without anchors separately (2.796208ms)
  ✔ terminates only between files and leaves completed atomic writes intact (8.901333ms)
  ✔ isolates an image conversion failure from the NFO write (8.261041ms)
  ✔ reports an atomic write failure per item and continues later files (3.415833ms)
  ✔ exports samples as separate attachments and reads them back without background images (58.525125ms)
  ✔ marks colliding sanitized actor avatar targets and omits ambiguous NFO references (16.602375ms)
  ✔ treats case, Unicode and space-to-underscore actor targets as collisions (1.283541ms)
  ✔ makes Windows device actor names portable before planning their target (1.330333ms)
  ✔ keeps unreadable selected images as unavailable plan items without blocking NFO (10.019792ms)
  ✔ warns about requested missing artwork, avatars, and populated fields omitted by a profile (1.58225ms)
  ✔ uses the video stem itself for Infuse cover output and local reference (17.05175ms)
  ✔ plans each physical resource, deduplicates identical targets, and warns only on same-directory identity collisions (2.456834ms)
  ✔ reports real read-only directory failures without leaving temporary files (1.143375ms)
  ✔ rejects a sample-directory symlink introduced after planning (16.938166ms)
  ✔ does not fingerprint a nested export target through a pre-existing symlink (1.226958ms)
  ✔ revalidates a skip target parent before following a newly introduced symlink (17.078083ms)
  ✔ creates consumer-readable sidecars and preserves an existing target mode on replace (19.771167ms)
✔ NfoExportModule (717.139667ms)
▶ NFO export profiles
  ✔ renders all public profiles as valid movie XML without database identities (11.677834ms)
  ✔ applies profile-specific conservative fields and keeps background separate from samples (0.269625ms)
  ✔ canonicalizes and deduplicates Plex rating source aliases (0.662583ms)
  ✔ reports populated fields that the selected profile cannot represent (0.098958ms)
✔ NFO export profiles (13.339042ms)
▶ SqliteNfoExportRepository
  ✔ projects exportable metadata while excluding personal rating and watch state (20.097292ms)
✔ SqliteNfoExportRepository (20.619125ms)
▶ NFO export renderer diagnostics
  ✔ redacts POSIX and Windows absolute paths while preserving the reason (1.459792ms)
✔ NFO export renderer diagnostics (1.997458ms)
▶ NfoExportTaskController
  ✔ keeps planning leases until an asynchronous plan settles, including disposal and failures (2.025167ms)
  ✔ holds both leases from plan through apply and releases them at terminal state (4.859333ms)
  ✔ releases leases when a plan is discarded or planning fails (0.159125ms)
  ✔ requests termination and waits for apply before process disposal releases leases (1.115209ms)
  ✔ does not acquire an asset lease when another maintenance task owns the gate (0.13175ms)
✔ NfoExportTaskController (9.156791ms)
▶ NFO export main-window guard
  ✔ binds recreated windows and disposes a foreground task when their renderer is lost (0.983584ms)
  ✔ prevents navigation while a plan or task owns the foreground (0.2255ms)
  ✔ keeps the window open during a running export but allows the coordinated quit path (0.187541ms)
  ✔ releases a held preview plan and allows navigation instead of treating it as a running task (0.143542ms)
✔ NFO export main-window guard (2.518667ms)
▶ NFO artifact codec
  ✔ accepts the four synthetic third-party dialect fixtures (5.812417ms)
  ✔ round-trips five canonical Javdex fixtures with stable UTF-8 and LF output (4.273166ms)
  ✔ normalizes the MDC dialect and prefers structured ratings over its scalar duplicate (0.318917ms)
  ✔ normalizes MDCx, Javinizer, and JavSP field variants (0.296ms)
  ✔ reports unknown legal tags and remote artwork without retaining remote URLs as assets (0.166958ms)
  ✔ rejects DTD, entities, oversized input, excessive depth, node count, and field size (17.047166ms)
✔ NFO artifact codec (28.492333ms)
▶ NFO sidecar locator
  ✔ prefers exact stem and reports a differing movie.nfo without exposing either path (21.512958ms)
  ✔ uses movie.nfo only for one anchor or one logical code and rejects mixed directories (4.022167ms)
  ✔ deduplicates physical sidecars and rejects symlink escapes at issue and read time (23.719375ms)
✔ NFO sidecar locator (49.945292ms)
▶ parseCode
  ✔ parses standard codes (1.56475ms)
  ✔ parses 規格品番 ADV-R and ADV-SR (0.085417ms)
  ✔ does not mis-parse ADV-R0484 as R0-484 (0.052458ms)
  ✔ parses FC2 and Heyzo (0.083083ms)
  ✔ parses DMM h_ prefix (0.12375ms)
  ✔ parses date-based uncensored ids (0.047875ms)
  ✔ extracts code after @ in filename (0.045583ms)
  ✔ returns null for noise-only names (0.038417ms)
  ✔ rejects no-hyphen and short-prefix patterns (0.073708ms)
✔ parseCode (2.634083ms)
✔ matches original find by object identity for posix paths and both alias modes (2.269875ms)
✔ preserves the earliest parent, alias and duplicate root for posix (0.107167ms)
✔ matches original find by object identity for win32 paths and both alias modes (3.572708ms)
✔ preserves the earliest parent, alias and duplicate root for win32 (0.206041ms)
✔ matches UNC and namespace paths without expanding the old predicate (0.551958ms)
✔ keeps relative-root fallback and validation short circuit behavior (1.4425ms)
✔ does not introduce whitespace or NUL validation (0.238709ms)
✔ matches deterministic mixed path cases including Windows lexical edge forms (78.007958ms)
✔ checks only ancestor candidates instead of testing every unrelated root (2.595958ms)
▶ libraryScanAuditStore
  ✔ uses the latest non-NULL database body and never falls back to disk on missing or malformed persisted audit (46.766125ms)
  ✔ atomically replaces and restores the complete latest audit (4.058167ms)
  ✔ fails closed for malformed audit documents (2.001667ms)
  ✔ reads schema 2 NFO dispositions while retaining schema 1 compatibility (1.00925ms)
✔ libraryScanAuditStore (54.315917ms)
▶ ScanCoordinator
  ✔ coalesces display progress while preserving per-file callbacks and the final event (21.538833ms)
  ✔ flushes pending progress before a failure without delaying the failure event (0.960209ms)
  ✔ binds an offline-created root identity and refreshes the frozen snapshot before scanning (1.792083ms)
  ✔ persists matching complete audit details with the latest summary (0.690167ms)
  ✔ publishes scan lifecycle events for every trigger (0.526583ms)
  ✔ uses one frozen configuration snapshot for the complete run (0.236875ms)
  ✔ reconciles resource identity pending rows only under roots proven safe after traversal (0.181459ms)
  ✔ preserves offline roots and removes only missing local resources under accessible roots (0.656542ms)
  ✔ aborts cleanup when a local path cannot be audited (0.759208ms)
  ✔ treats a root that becomes unreadable after traversal as offline (0.546958ms)
  ✔ rechecks the frozen root identity immediately before cleanup writes (0.339375ms)
  ✔ does not run cleanup after cancellation and releases the mutual-exclusion lease (0.477083ms)
  ✔ keeps resources after a coordinator-level failure (0.319208ms)
  ✔ skips every destructive cleanup after a file processing failure (0.226ms)
  ✔ replaces the unrecognized-file snapshot after every safe completed scan (0.2935ms)
  ✔ completes safe cleanup with errors when failures are isolated to STRM files (0.342417ms)
  ✔ consumes deferred path cleanup only after a successful uncancelled scan (0.227417ms)
  ✔ keeps deferred path cleanup queued after a partial folder scan (0.303959ms)
  ✔ allows a full cleanup-only scan after the final configured folder was removed (0.16625ms)
  ✔ removes many non-primary resources without reading sibling resource lists (4.092292ms)
  ✔ consumes cleanup references lazily and closes iteration on a path failure (0.372083ms)
  ✔ preserves all three cleanup audit sequences above the argument limit (412.979625ms)
  ✔ removes resource-less memberships after deferred cleanup on a safe full scan (0.332167ms)
  ✔ persists a sanitized failed summary without running destructive cleanup (0.208833ms)
  ✔ rolls back resource cleanup and keeps pending roots when auto-delete fails (0.1985ms)
  ✔ keeps pending roots when the cleanup transaction cannot commit (0.161166ms)
  ✔ rejects duplicate scans and scans blocked by resource maintenance (5.863084ms)
✔ ScanCoordinator (456.184167ms)
✔ reads pending audit summaries with only referenced groups and all exact pending paths (0.340375ms)
✔ skips the pending audit DB reader for no-files (0.329167ms)
✔ skips the pending audit DB reader for non-pending (0.166709ms)
✔ skips the pending audit DB reader for pending-without-group (0.106417ms)
✔ keeps original first root for cleanup and unrecognized summary with parent-first (0.658959ms)
✔ keeps original first root for cleanup and unrecognized summary with child-first (0.240375ms)
✔ uses the early realPath alias for cleanup but only configured paths for summary (0.340083ms)
✔ does not try a later matching root after cleanup-present authorization fails (0.293334ms)
✔ does not try a later matching root after cleanup-missing authorization fails (0.17475ms)
✔ does not try a later matching root after summary authorization fails (0.191792ms)
✔ reauthorizes the first matching root for unknown pending paths without inspecting unmatched paths or falling back (0.40475ms)
▶ scanFolders
  ✔ rejects an archived library atomically when manual import resumes after probing (14.455875ms)
  ✔ rejects manual import when the root is physically replaced while duration probing is suspended (9.428584ms)
Scan error for /var/folders/h4/zxrt6zwx6dv1n16kwxzltqgh0000gn/T/javdex-scan-CH3ujq/scan-replaced-root/RACE-003.mp4 Error: 只能操作身份有效的启用媒体库根目录内文件
    at rejectManagedRootFile (/Users/nut/Project/JavdexLabs/Javdex/src/main/services/mediaLibraryRootFileGuard.ts:32:9)
    at requireCurrentRootIdentity (/Users/nut/Project/JavdexLabs/Javdex/src/main/services/mediaLibraryRootFileGuard.ts:86:5)
    at assertRootFile (/Users/nut/Project/JavdexLabs/Javdex/src/main/services/mediaLibraryRootFileGuard.ts:98:27)
    at assertMediaLibraryRootFile (/Users/nut/Project/JavdexLabs/Javdex/src/main/services/mediaLibraryRootFileGuard.ts:170:3)
    at authorizeMediaLibraryRootFile (/Users/nut/Project/JavdexLabs/Javdex/src/main/services/mediaLibraryRootFileGuard.ts:230:3)
    at authorizeFileWrite (/Users/nut/Project/JavdexLabs/Javdex/src/main/scanner/scanner.ts:679:7)
    at scanFolders (/Users/nut/Project/JavdexLabs/Javdex/src/main/scanner/scanner.ts:1173:7)
    at async TestContext.<anonymous> (/Users/nut/Project/JavdexLabs/Javdex/src/main/scanner/scanner.test.ts:447:20)
    at async Test.run (node:internal/test_runner/test:1332:7)
    at async Suite.processPendingSubtests (node:internal/test_runner/test:911:7)
  ✔ keeps scan state unchanged when a frozen root is physically replaced during probing (19.319167ms)
Scan error for /var/folders/h4/zxrt6zwx6dv1n16kwxzltqgh0000gn/T/javdex-scan-VHhPs6/rename-import-replaced-root/RACE-004.mp4 Error: 只能操作身份有效的启用媒体库根目录内文件
    at rejectManagedRootFile (/Users/nut/Project/JavdexLabs/Javdex/src/main/services/mediaLibraryRootFileGuard.ts:32:9)
    at requireCurrentRootIdentity (/Users/nut/Project/JavdexLabs/Javdex/src/main/services/mediaLibraryRootFileGuard.ts:86:5)
    at assertRootFile (/Users/nut/Project/JavdexLabs/Javdex/src/main/services/mediaLibraryRootFileGuard.ts:98:27)
    at assertMediaLibraryRootFile (/Users/nut/Project/JavdexLabs/Javdex/src/main/services/mediaLibraryRootFileGuard.ts:170:3)
    at authorizeMediaLibraryRootFile (/Users/nut/Project/JavdexLabs/Javdex/src/main/services/mediaLibraryRootFileGuard.ts:230:3)
    at authorizeFileWrite (/Users/nut/Project/JavdexLabs/Javdex/src/main/scanner/scanner.ts:679:7)
    at scanFolders (/Users/nut/Project/JavdexLabs/Javdex/src/main/scanner/scanner.ts:1105:9)
    at async renameAndImport (/Users/nut/Project/JavdexLabs/Javdex/src/main/scanner/scanner.ts:1505:20)
    at async TestContext.<anonymous> (/Users/nut/Project/JavdexLabs/Javdex/src/main/scanner/scanner.test.ts:536:19)
    at async Test.run (node:internal/test_runner/test:1332:7)
  ✔ does not commit or rename a replacement-root file when rename-import resumes after probing (15.375417ms)
  ✔ rejects a disabled target root at the resource transaction boundary (8.949667ms)
  ✔ reuses archived local and STRM source paths without crossing library ownership (22.149917ms)
  ✔ imports mixed local and STRM resources into one video and keeps the local file primary (15.272209ms)
  ✔ chooses the scan primary independently of directory entry order (16.733542ms)
  ✔ reselects the primary when scanning into an existing resource-less video (17.422625ms)
  ✔ keeps mixed local and STRM resources in one masked pending group (18.704667ms)
  ✔ rejects a stale pending STRM assignment, refreshes its snapshot, then accepts it (11.140125ms)
  ✔ removes an invalidated STRM snapshot from the pending group on a later scan (16.5485ms)
  ✔ syncs a changed STRM target in place while preserving primary and user-maintained fields (13.243ms)
  ✔ isolates invalid STRM files and retries them without replacing a bound target (19.678542ms)
  ✔ relocates STRM only when the complete filename and target identify one missing source (21.933583ms)
  ✔ loads STRM candidates once per scan across imports, moves and pending writes (287.521625ms)
  ✔ relocates a bound STRM after its video code has been corrected (18.334208ms)
  ✔ holds new resources for confirmation when several videos already use the code (21.4535ms)
  ✔ keeps an already-pending path out of relocation and refreshes its pending snapshot (9.863458ms)
  ✔ holds a same-scan multi-file code together when automatic assignment is disabled (12.379458ms)
  ✔ does not let an invalid STRM force a valid same-code video into confirmation (11.079833ms)
  ✔ persists a pending scan group across database reopen and assigns it atomically (14.853958ms)
  ✔ rolls back every scan assignment when final pending-group deletion fails (9.96975ms)
  ✔ imports one unambiguous file normally when automatic assignment is disabled (12.153292ms)
  ✔ holds a new resource that matches one existing video when automatic assignment is disabled (9.106208ms)
  ✔ promotes the available resource when assigning into an existing video without a primary (9.691541ms)
  ✔ normalizes a manual code and attaches to an existing case-insensitive identity (133.083584ms)
  ✔ aborts when a nested directory cannot be audited (10.4175ms)
  ✔ imports a symbolic-link video by its link path and file name (13.805334ms)
  ✔ does not follow symbolic-link directories (8.746625ms)
  ✔ silently skips a broken symbolic-link video (8.56875ms)
  ✔ leaves missing-resource cleanup to the high-level scan coordinator (12.28775ms)
  ✔ keeps distinct symbolic-link paths that point to the same target (11.602042ms)
  ✔ keeps a resource under an unavailable root when the same code appears online (13.430166ms)
  ✔ relocates one same-code video by a unique file-size match without requiring the old name (8.788667ms)
  ✔ uses full file name and size to relocate safely when several videos share a code (10.207875ms)
  ✔ does not relocate when full file name and size match more than one duplicate-code video (11.078583ms)
  ✔ treats a new file normally when an old same-code path cannot be audited (15.549ms)
  ✔ keeps an unrecognized rename and only rediscovers the renamed file (16.358333ms)
  ✔ uses the scan same-code pending flow when automatic merging is disabled (14.89ms)
  ✔ renames and discovers the code without a manual code or target (11.06225ms)
  ✔ renames and imports an unrecognized STRM as a source-managed link (12.190042ms)
  ✔ imports recognized videos and reports unrecognized files (13.317208ms)
  ✔ reuses scanned directory entries when checking a directory without NFO files (53.110833ms)
  ✔ refreshes a changed local identity snapshot on rescan before user confirmation (13.056ms)
  ✔ refreshes a changed strm identity snapshot on rescan before user confirmation (12.029542ms)
  ✔ uses NFO identity only for newly discovered resources when automatic import is enabled (20.041959ms)
  ✔ yields between immediately resolved NFO batches so abort runs without losing committed audits or primaries (107.040083ms)
  ✔ yields while delivering final audits but drains every committed entry and reports cancellation (105.434334ms)
  ✔ yields inside one committed NFO batch and retains imported audits for all its anchors (81.618541ms)
  ✔ yields between completed primary selections and still settles every committed resource after abort (101.252458ms)
  ✔ handles cancellation during the only or first NFO application and preserves committed file audits (30.077709ms)
  ✔ aggregates first-discovery NFO candidates once per video after all resources are assigned (12.88075ms)
  ✔ does not count an existing pending resource identity as a new same-code file (13.22725ms)
  ✔ keeps distinct local NFO candidates in the existing confirmation workflow (21.214ms)
  ✔ persists a filename/NFO identity conflict without creating formal library records (9.3565ms)
  ✔ persists only a masked STRM target projection for an NFO identity conflict (8.277958ms)
  ✔ keeps a valid filename import when its NFO is invalid and records only a secondary warning (16.571125ms)
  ✔ uses NFO identity across libraries but never overwrites a globally scraped-success video (11.447208ms)
  ✔ applies local NFO with fill-empty semantics for new and failed videos (21.0575ms)
  ✔ reattaches a scanned file to an existing no-resource video without replacing metadata (10.876541ms)
  ✔ yields while scanning large batches (126.864042ms)
  ✔ collects a very large root without overflowing call arguments before cancellation (1759.37225ms)
  ✔ stops when cancelled (58.32ms)
  ✔ skips new imports shorter than 30 minutes (11.235208ms)
  ✔ skips short files before unrecognized handling (11.307542ms)
  ✔ stores probed duration on import (10.675334ms)
  ✔ refreshes duration when the file changes on rescan (16.347ms)
  ✔ skips duration probe on rescan when file is unchanged (16.409333ms)
  ✔ emits one final audit outcome for every processed file (12.515708ms)
✔ scanFolders (3656.653792ms)
✔ matches final legacy callbacks on equivalent fresh catalogs including merged NFO and repeated paths (76.39325ms)
✔ commits singleton audit deliveries while the next duration probe is held, outside a database transaction (17.057375ms)
✔ timer cancellation preserves already committed entries and stops incremental delivery (27.649792ms)
✔ rejects mutually exclusive sinks before database, directory, probe or callback work (8.056084ms)
✔ propagates recordFile sink failure without converting it to processing_failure (14.808375ms)
✔ propagates readFileNfo sink failure without converting it to processing_failure (10.03525ms)
✔ propagates patchNfo sink failure without converting it to processing_failure (10.126041ms)
✔ treats a missing NFO patch target after a successful read as fatal (10.933125ms)
✔ rejects recordFile resolved thenables without late unhandled rejection (14.397375ms)
✔ rejects recordFile rejected thenables without late unhandled rejection (16.447583ms)
✔ rejects readFileNfo resolved thenables without late unhandled rejection (13.413542ms)
✔ rejects readFileNfo rejected thenables without late unhandled rejection (14.8265ms)
✔ rejects patchNfo resolved thenables without late unhandled rejection (14.794ms)
✔ rejects patchNfo rejected thenables without late unhandled rejection (12.414542ms)
✔ atomically rolls back STRM target-update on native audit INSERT failure and retries with committed visibility (26.703125ms)
✔ atomically rolls back STRM relocation on native audit INSERT failure and retries with committed visibility (20.601167ms)
✔ rolls back invalid STRM pending deletion on native audit failure and retries with one committed failure (15.866834ms)
✔ rolls back local new-video business rows with native audit failure and retries atomically (18.5145ms)
✔ rolls back local existing-video business rows with native audit failure and retries atomically (26.854459ms)
✔ rolls back local must-confirm business rows with native audit failure and retries atomically (24.20525ms)
✔ rolls back local relocation business rows with native audit failure and retries atomically (29.683542ms)
▶ STRM parser
  ✔ matches the STRM extension without case sensitivity (0.358958ms)
  ✔ accepts one HTTP target after BOM, blank lines, comments, and Kodi properties (1.216417ms)
  ✔ normalizes supported HTTP, Magnet, and ED2K targets through the resource contract (0.242084ms)
  ✔ rejects empty, multiple-target, invalid UTF-8, and unsupported-protocol content (0.310125ms)
  ✔ accepts exactly 1 MiB and rejects larger input without truncation (0.596667ms)
✔ STRM parser (3.161625ms)
✔ matches unique missing sources and retains filename, target, root and uncertainty rules (0.844125ms)
✔ incrementally tracks same-scan insertions and target/path changes, but invalidates unknown writes (0.184667ms)
✔ does not acknowledge unrelated writes or a failed mutation as a complete cache update (0.307ms)
✔ retains the cache for known pending writes but cannot hide an intervening external write (0.112167ms)
✔ examines one matching candidate per lookup in a 10000-resource relocation (64.964917ms)
✔ examines one matching candidate per lookup in a 20000-resource relocation (111.318833ms)
✔ examines one matching candidate per lookup in a 300382-resource relocation (1960.353334ms)
✔ examines one matching candidate per lookup in a 600764-resource relocation (3992.409917ms)
✔ indexes target keys as well as filenames when many directories use the same filename (86.5525ms)
▶ videoDuration
  ✔ resolves configured minutes to seconds (0.871958ms)
  ✔ treats unknown duration as not below minimum (0.137542ms)
  ✔ flags durations shorter than threshold (0.085125ms)
  ✔ prefers scraped duration over primary resource duration (0.096125ms)
  ✔ uses primary resource duration when scraped duration is missing (0.084333ms)
  ✔ returns null when both durations are missing (0.063542ms)
  ✔ only refreshes stored local resource duration when probe value changed (0.077ms)
  ✔ only probes when duration is missing or file fingerprint changed (0.101708ms)
✔ videoDuration (2.557125ms)
▶ actressScraperManager
  ✔ returns a pending outcome without partially applying a conflicting profile (138.19075ms)
  ✔ clears the selected avatar in replace mode when the matched source has no avatar (97.113417ms)
  ✔ promotes an unscraped actress to scrape success when a profile field is applied (113.281708ms)
  ✔ records a failed scrape without a success time when no profile matches (88.359625ms)
  ✔ records a failed scrape without a success time when the source throws (93.300584ms)
  ✔ records failure in replace-if-present mode when a matched profile has no selected value (117.407958ms)
  ✔ promotes a previously failed actress when a later scrape applies valid data (82.374ms)
  ✔ skips fill-empty scraping without changing cumulative status when no selected field is missing (54.930625ms)
  ✔ skips fillEmpty when a matched profile has no new values for remaining empty fields (113.430417ms)
  ✔ still fails fillEmpty when a matched profile has no usable field values (107.87ms)
  ✔ keeps cumulative success and its timestamp when a later scrape fails (94.273042ms)
  ✔ lets Gfriends try stored aliases after the main name without enabling global alias search (50.85925ms)
  ✔ applies successful field sources when another source fails (175.383583ms)
  ✔ preserves a field in replace mode when its composite source fails (170.780458ms)
  ✔ clears a field in replace mode when its composite source matched with no value (181.338ms)
  ✔ records failure when every configured composite source fails (194.9455ms)
  ✔ warns when a composite avatar source cannot download its result (194.312333ms)
  ✔ preserves the existing gallery when every returned image is unusable (87.647834ms)
✔ actressScraperManager (2157.31575ms)
▶ bundled video candidate plugins
  ✔ normalizes year-month values through the documented sandbox helper (67.165375ms)
  ✔ JavDB fetches every first-page exact match and never falls back to a fuzzy item (70.350333ms)
  ✔ JavDB fails the complete scrape when any exact-match detail fails (50.507375ms)
  ✔ JavLibrary returns all exact cards and ignores title containment or first-item fallback (55.819708ms)
✔ bundled video candidate plugins (244.802583ms)
▶ isCloudflareChallengeText
  ✔ trusts the official cf-mitigated challenge response header signal (1.028583ms)
  ✔ detects classic JS challenge interstitial markers (0.139208ms)
  ✔ ignores passive challenge-platform scripts on normal JavDB detail pages (0.536875ms)
  ✔ detects managed challenge markers (0.045792ms)
  ✔ detects body copy only with Cloudflare co-signals (0.067ms)
  ✔ detects turnstile-only shells but not embedded widgets on content pages (0.031208ms)
  ✔ does not treat normal pages, helper copy, or vague phrases as Cloudflare (0.140667ms)
✔ isCloudflareChallengeText (2.509625ms)
▶ buildPluginRegistry
  ✔ lets user scrapers override bundled names (0.375167ms)
✔ buildPluginRegistry (0.734125ms)
▶ runCompositeFieldGroups
  ✔ groups fields, picks, and merges across plugins (0.699916ms)
  ✔ aborts on the first plugin error when policy is abort (0.2325ms)
  ✔ collects per-plugin warnings and continues when policy is collect (0.091375ms)
  ✔ throws when every grouped source fails under collect policy (0.095584ms)
  ✔ returns a null result when every plugin yields no match (0.072375ms)
✔ runCompositeFieldGroups (1.306833ms)
▶ configuredScraperService
  ✔ normalizes legacy settings without a service config and drops an unusable MetaTube default (10.062458ms)
  ✔ normalizes origins and path prefixes while rejecting unsafe base URLs (1.149042ms)
  ✔ stores only public configuration in settings and requires acknowledgement for remote HTTP tokens (3.141958ms)
  ✔ blocks clearing while MetaTube is referenced and clears address plus token otherwise (4.554709ms)
  ✔ keeps bearer credentials on the configured origin and preserves a base path (2.639708ms)
  ✔ snapshots the address, proxy choice, and token for an in-flight scrape (3.698542ms)
  ✔ rejects cross-origin redirects before sending credentials to the target (1.438458ms)
  ✔ rejects HTTPS downgrade redirects (0.588292ms)
  ✔ classifies authentication, rate-limit, server, malformed, and oversized responses (1.255708ms)
  ✔ tests draft configuration without persisting its token (1.535083ms)
✔ configuredScraperService (30.998667ms)
▶ Gfriends bundled actress plugin
  ✔ prefers the main name and selects its last quality-ordered avatar candidate (54.702375ms)
  ✔ uses the first exact alias only when the main name has no candidate (40.177125ms)
  ✔ does not return a fuzzy name match (43.992125ms)
  ✔ uses the current jsDelivr namespace when the primary index is unavailable (42.962667ms)
  ✔ reserves Gfriends as a built-in actress plugin name (0.166333ms)
✔ Gfriends bundled actress plugin (183.0475ms)
▶ MetaTube bundled video plugin
  ✔ keeps exact providers in search order and maps the documented fields (64.158625ms)
  ✔ returns no candidates for search 404 or fuzzy-only search results (80.954125ms)
  ✔ rejects a detail whose exact code differs from its search item (47.390416ms)
  ✔ rejects too many exact providers before requesting details (50.367959ms)
  ✔ fails the entire scrape if one exact detail request fails (37.439542ms)
[scraper:MetaTube] MetaTube 样张超过 40 张，已截断
  ✔ caps public sample proxy URLs at forty without putting credentials in them (43.700541ms)
  ✔ rejects incompatible known fields and caps detail concurrency at four (98.218041ms)
✔ MetaTube bundled video plugin (423.489334ms)
▶ MetaTube service integration
  ✔ runs connection checks and the bundled worker against a local fake HTTP service (82.509667ms)
✔ MetaTube service integration (83.333458ms)
▶ action network capture
  ✔ keeps http(s) query strings and strips credentials (1.197708ms)
  ✔ redacts credential-bearing query values before exposing recent requests (0.384542ms)
  ✔ omits sensitive post bodies (0.261ms)
  ✔ records only an active action window and does not label search (1.528833ms)
  ✔ keeps the newest requests when the action window overflows (0.5375ms)
✔ action network capture (4.885333ms)
▶ browser evaluate policy
  ✔ allows forbidden API names inside diagnostic strings, comments and regular expressions (6.19175ms)
  ✔ still rejects executable references and computed access to forbidden APIs (1.09975ms)
  ✔ rejects credential, storage and sensitive form access (0.328084ms)
  ✔ rejects live-page mutation and computed property access (0.323042ms)
  ✔ rejects destructuring aliases that recover live-realm capabilities (0.278459ms)
  ✔ names the forbidden API and points markup reads to html (2.427833ms)
  ✔ uses one normalized evaluator and drains timeout cleanup before rejecting (3.050959ms)
✔ browser evaluate policy (14.389333ms)
▶ ScrapeBrowserHost leases
  ✔ reuses the same owner and rejects a competing owner immediately (0.882833ms)
  ✔ freezes proxy and stops the helper as soon as a scrape lease is released (1.397333ms)
  ✔ closes the active helper session with the main window and remains reusable (0.54ms)
  ✔ presents the helper through the lease without exposing it as a plugin browser action (0.180667ms)
  ✔ invalidates all lease actions when its operation signal is cancelled (0.150541ms)
  ✔ terminates the helper when an in-flight Playwright action is cancelled (0.29875ms)
  ✔ terminates the helper before reporting an evaluate timeout (503.005834ms)
  ✔ keeps oversized ARIA complete for the artifact layer (1.524125ms)
  ✔ sends cancel, ignores a late response and kills a non-cooperative helper after 500ms (1045.800959ms)
  ✔ keeps one click successful while transient post-action observation recovers (1.234875ms)
  ✔ blocks a disallowed main-frame navigation before an agent action sends it (0.508417ms)
  ✔ returns bounded scroll metrics and invalidates refs without changing the document revision (0.607875ms)
  ✔ extracts a host-owned load-more availability signal with the candidate snapshot (0.42ms)
  ✔ returns the host-owned terminal proof result with the candidate snapshot (0.16375ms)
  ✔ returns pending after a successful action but makes explicit snapshot pending retryable (0.407459ms)
  ✔ classifies a failed state action with a changed revision as uncertain without replaying it (0.253708ms)
  ✔ keeps selector uniqueness failures as ordinary action failures (0.124ms)
  ✔ reports zero matches separately from multiple matches (0.158542ms)
✔ ScrapeBrowserHost leases (1558.873875ms)
▶ normalizeNetworkUrl
  ✔ strips hash and lowercases host (0.433167ms)
  ✔ returns null for invalid URLs (0.062417ms)
✔ normalizeNetworkUrl (0.919042ms)
▶ networkUrlPathKey
  ✔ drops search and hash (0.071166ms)
✔ networkUrlPathKey (0.116292ms)
▶ isImageNetworkResource
  ✔ accepts Image resource type (0.081583ms)
  ✔ accepts image mime types (0.0375ms)
  ✔ rejects non-images and error statuses (0.044375ms)
✔ isImageNetworkResource (0.229542ms)
▶ hasImageMagicBytes
  ✔ detects jpeg and rejects html (0.120583ms)
✔ hasImageMagicBytes (0.163083ms)
▶ ImageBodyLruCache
  ✔ returns exact and aliased URLs (0.185167ms)
  ✔ matches unique path when query differs (0.122959ms)
  ✔ does not path-match when multiple distinct bodies share a path (0.117083ms)
  ✔ evicts oldest entries by count (0.09625ms)
  ✔ clears all state (0.086875ms)
✔ ImageBodyLruCache (0.676042ms)
▶ prioritizeInspectLinks
  ✔ keeps a main result card when more than maxLinks navigation links precede it (0.915083ms)
  ✔ preserves DOM order within priority groups and deduplicates after prioritizing (1.130708ms)
✔ prioritizeInspectLinks (2.789083ms)
▶ selectInspectLocaleLinks
  ✔ keeps locale anchors in document order and always allows an empty result (0.191667ms)
  ✔ caps locale anchors without mixing them back into content ranking (0.126333ms)
✔ selectInspectLocaleLinks (0.470083ms)
▶ selectInspectScriptSrcs
  ✔ keeps document order, deduplicates, and allows an empty result (0.170375ms)
✔ selectInspectScriptSrcs (0.254125ms)
▶ inspectLinkRawHref
  ✔ omits rawHref when the HTML attribute already matches the resolved href (0.1315ms)
  ✔ keeps protocol-relative and path-only attributes that cheerio will see (0.078833ms)
✔ inspectLinkRawHref (0.334042ms)
▶ ScrapeBrowserFramedSocket
  ✔ rejects the wrong token, parent pid, protocol version or CDP port (0.728625ms)
  ✔ round-trips authenticated hello frames and native Buffers (6.91ms)
  ✔ rejects an oversized incoming frame before allocating its body (1.010209ms)
✔ ScrapeBrowserFramedSocket (9.167209ms)
▶ scrape browser readiness
  ✔ does not resolve an intermediate verification page even when it has matching content (0.698916ms)
  ✔ does not accept selectors found on a verification page (0.10375ms)
✔ scrape browser readiness (1.588083ms)
▶ ScrapeBrowserWaitBudget
  ✔ does not consume the page timeout while Cloudflare verification is active (0.222708ms)
  ✔ still enforces the page timeout while no challenge is active (0.121542ms)
  ✔ caps manual verification independently from the page timeout (0.119292ms)
  ✔ accumulates the verification cap across repeated challenge periods (0.076792ms)
✔ ScrapeBrowserWaitBudget (0.749166ms)
✔ buildScrapeUserAgent drops Electron and app product tokens (0.453333ms)
✔ derivePlatformFromOsToken maps Windows, macOS and Linux (0.135583ms)
✔ resetScrapeUaProfileCache clears memoized profile (0.082ms)
▶ scraperManager plugin availability gates
  ✔ publishes the built-in local NFO source as runnable but not editable or exportable (2.857334ms)
  ✔ lists MetaTube for configuration but excludes it from executable names until configured (2.410208ms)
  ✔ rejects unconfigured service plugins as new composite field sources (2.160667ms)
✔ scraperManager plugin availability gates (8.092542ms)
▶ scraperPluginSandbox
  ✔ loads cheerio/slim so packaged scrapers do not need undici (43.146125ms)
  ✔ terminates a non-returning plugin worker when the caller aborts (29.83675ms)
  ✔ does not report an aborted run as settled while a started host RPC is still running (115.163458ms)
  ✔ serves repeated persistent fetchBuffer calls from the plugin resource cache (54.3275ms)
✔ scraperPluginSandbox (243.374417ms)
▶ scraperPluginService
  ✔ describes bundled video scraper fields from shipped manifests (10.012625ms)
  ✔ describes bundled actress scraper fields from shipped manifests (1.252375ms)
  ✔ drops unknown actress supported field ids from packages (49.968042ms)
  ✔ lists bundled plugins shipped with the app (1.376583ms)
  ✔ reads bundled plugin packages for export and AI debug (1.082292ms)
  ✔ keeps MetaTube visible but unavailable until configured (0.63575ms)
  ✔ rejects a user package that tries to declare a trusted service binding (0.352083ms)
  ✔ does not assign a standalone delay to composite scrapers (1.656625ms)
  ✔ imports and executes a custom video plugin through the BaseScraper adapter (77.188625ms)
  ✔ normalizes video ratings to valid 5-point records only (0.479167ms)
  ✔ reads an installed custom plugin package for AI debugging (48.003667ms)
  ✔ imports and executes a custom actress plugin through the BaseActressScraper adapter (87.349375ms)
  ✔ rejects custom plugins that reuse a built-in name (0.85325ms)
  ✔ renames legacy user plugins that override built-in names to -custom (4.539375ms)
  ✔ preserves settings for a legacy user plugin named after retired JAV8 (4.397833ms)
  ✔ uses -custom-2 when -custom is already taken (4.562333ms)
  ✔ keeps bundled plugins visible after rejecting a same-name custom install (1.210542ms)
  ✔ rejects duplicate custom plugin names (45.777208ms)
  ✔ atomically replaces a user plugin without leaving staging or backup directories (86.514334ms)
  ✔ rejects plugin names that collide after filename sanitization (46.546625ms)
  ✔ rejects packages without kind (0.495083ms)
  ✔ exports packages with kind (46.55425ms)
✔ scraperPluginService (521.94225ms)
▶ ScraperResourceCache
  ✔ reuses a fresh plugin resource without another network request (2.123959ms)
  ✔ reuses a fresh plugin resource after the cache is recreated (1.028041ms)
  ✔ revalidates an expired resource with its ETag and retains a 304 body (1.786917ms)
  ✔ returns an expired resource when revalidation fails and stale fallback is enabled (1.038334ms)
  ✔ rejects a resource larger than the host entry quota (0.419334ms)
  ✔ rejects writes beyond the host quota for one plugin (1.04625ms)
  ✔ enforces the plugin quota across concurrent resource commits (1.108791ms)
✔ ScraperResourceCache (9.046667ms)
▶ trusted scraper service sandbox bridge
  ✔ exposes service methods only to a trusted binding while keeping the token in main (93.175542ms)
  ✔ fails before starting a trusted worker when the service is not configured (0.7515ms)
✔ trusted scraper service sandbox bridge (94.404375ms)
▶ scraperManager.scrapeVideo
  ✔ uses the built-in local NFO source for manual, composite, and default runs without network fallback (36.96125ms)
  ✔ treats a missing local NFO as a normal no-match without marking scrape failure (9.930959ms)
  ✔ uses only the effective composite field sources to classify a quiet local NFO no-match (65.586875ms)
  ✔ delivers actress avatars to the merged cast positions across local and web composite sources (112.40375ms)
  ✔ persists exact multi-candidate results without selecting or applying one by default (108.556167ms)
  ✔ stages every declared candidate image even when the field was not selected (116.940916ms)
  ✔ confirms a candidate from the local snapshot without visiting the remote site again (116.638583ms)
  ✔ discards pending candidates, cleans staging, and preserves cumulative success (121.377875ms)
  ✔ replaces pending staging and removes the replacement after a later unique success (326.125334ms)
  ✔ startup cleanup removes only old unreferenced video staging directories (110.115041ms)
  ✔ filters exact-code mismatches and conservatively deduplicates normalized source urls (92.027ms)
  ✔ rejects an invalid candidate array atomically and preserves an older pending decision (178.009375ms)
  ✔ keeps the old pending snapshot and staging when a valid replacement fails mid-transaction (165.986667ms)
  ✔ returns every exact-code exclusion warning when no candidate remains (92.639166ms)
  ✔ applies the only exact candidate after exclusions without creating pending state (89.082542ms)
  ✔ normalizes a year-month release date to the first day of that month (89.621334ms)
  ✔ keeps a unique candidate pending when applying it would duplicate a business identity (82.392209ms)
  ✔ rolls back a conflict merge and candidate apply when pending deletion fails (87.142792ms)
  ✔ returns director candidates before writes and applies an explicit choice on retry (129.363667ms)
  ✔ keeps an ambiguous director during batch-style scraping and applies safe fields (93.530292ms)
  ✔ reports a matched result as skipped when no selected value can be applied (98.602875ms)
  ✔ stores composite source links and ratings under their actual field plugins (253.566875ms)
  ✔ persists and confirms composite candidates independently per source (570.926667ms)
  ✔ ignores unsupported fields before validating and applying the selected plugin result (563.582ms)
  ✔ still rejects a malformed field when the plugin declares it as supported (570.131875ms)
  ✔ preserves a composite field when its source does not match but another source succeeds (648.449292ms)
downloadCover failed: TEST-001 https://cover.example/broken.jpg response is not a usable image
  ✔ applies text data but preserves an old cover when the returned image is unusable (495.097667ms)
downloadSamples failed: TEST-001 1 https://sample.example/two.jpg response is not a usable image
  ✔ discards the whole sample set when any sample download fails but still applies text (564.602375ms)
  ✔ compensates downloaded assets when the apply phase throws after downloads commit (569.381916ms)
  ✔ discards a downloaded cast avatar when the actress already has a usable avatar (739.7505ms)
✔ scraperManager.scrapeVideo (7300.4575ms)
▶ Xslist bundled actress plugin
  ✔ treats the site anonymous image as no avatar (57.155792ms)
  ✔ keeps a real profile avatar (52.690709ms)
✔ Xslist bundled actress plugin (110.8275ms)
▶ actress batch scrape persistence lifecycle
  ✔ persists one stable job id and advances pending targets across restart (275.976583ms)
  ✔ loads a legacy task without tri-state fields using a stable fallback job id (132.915ms)
  ✔ clears a cancelled task file without deleting its completed pending result (172.353042ms)
  ✔ persists only a canonical status and the start-time target snapshot (207.288875ms)
  ✔ recovers a paused checkpoint after an application restart cache reset (100.709084ms)
  ✔ normalizes a legacy scraped paused job without rewriting progress (105.392708ms)
  ✔ normalizes an omitted scrapeStatus to all while preserving the snapshot (128.498541ms)
  ✔ marks an unknown status job unrecoverable without falling back to all (106.15025ms)
  ✔ blocks resume for an unknown status job but still allows discard (101.926666ms)
  ✔ resumes from the saved snapshot without re-applying current filters (154.910375ms)
  ✔ resumes a normalized legacy scraped job with unified scrape result semantics (152.243375ms)
✔ actress batch scrape persistence lifecycle (1639.355125ms)
▶ actressBatchScrapeTargets status normalization
  ✔ keeps the four canonical cumulative-status scopes (0.467708ms)
  ✔ normalizes the legacy scraped scope to 刮削成功 (0.070916ms)
  ✔ normalizes an omitted scope to 全部 (0.067167ms)
  ✔ rejects an unknown scope instead of widening the batch (0.200584ms)
  ✔ reports unknown scopes without throwing for persisted job snapshots (0.582125ms)
  ✔ never produces the legacy scope in a normalized request (0.109291ms)
✔ actressBatchScrapeTargets status normalization (1.8895ms)
▶ reconcilePersistedActressBatchJob
  ✔ rewrites scraped to success and omitted to all without touching progress (0.213708ms)
  ✔ keeps unrecognized scopes unrecoverable and does not widen to all (0.086458ms)
✔ reconcilePersistedActressBatchJob (0.363125ms)
▶ actressBatchScrapeTargets resolution
  ✔ resolves each canonical cumulative-status scope (9.69425ms)
  ✔ resolves the legacy scraped scope as 刮削成功 and an omitted scope as 全部 (10.559791ms)
  ✔ intersects gender, cumulative status and missing fields (8.104792ms)
  ✔ treats explicit ids as the whole target set, ignoring the other filters (7.665416ms)
  ✔ deduplicates explicit ids and drops ids without a stored actress (10.585958ms)
  ✔ treats an empty explicit id list as zero targets (6.606875ms)
✔ actressBatchScrapeTargets resolution (53.386083ms)
▶ actressBatchScrapeTargets estimate and start
  ✔ estimates the count the start would resolve from the same request (7.039709ms)
  ✔ resolves targets again on start, so the total may differ from an earlier estimate (9.286ms)
  ✔ freezes target ids, display names and total when the batch starts (7.363875ms)
✔ actressBatchScrapeTargets estimate and start (23.770584ms)
▶ ActressIdentityConflictWorkflow
  ✔ inspects live ownership even when the name is not yet in a review group (15.383042ms)
  ✔ summarizes the same aggregated name groups returned by the review list (13.384334ms)
  ✔ keeps summary counts exact for mixed, multi-result, and multi-conflict groups (29.388166ms)
  ✔ lists pending name ownership without inventing a pending scrape (11.549125ms)
  ✔ rejects an unsupported pending name type instead of silently reclassifying it (12.721834ms)
  ✔ rejects a pending-name-ownership decision when the shown claim row changed (11.782ms)
  ✔ assigns pending name ownership without creating or applying scrape data (11.35375ms)
  ✔ edits one pending name claim and resolves both resulting unique owners (8.4865ms)
  ✔ moves an edited pending name claim into another normalized-name group (9.6445ms)
  ✔ merges actresses directly from pending name ownership (10.796541ms)
  ✔ removes an illegal pending name without persisting a blacklist (11.112166ms)
  ✔ reassigns the only pending scrape to the explicit keeper after a merge (14.774125ms)
  ✔ keeps a usable keeper avatar while clearing its missing source and crop state (15.316542ms)
  ✔ uses the explicitly selected pending actress as keeper and the other current main name (14.234208ms)
  ✔ rejects merging when both actresses own pending scrape snapshots (10.62875ms)
  ✔ does not treat another conflict between the same actress pair as a merge blocker (8.25ms)
  ✔ rejects the whole workbench merge when a resulting name belongs to a third actress (10.638875ms)
  ✔ rejects the whole merge when the pending scrape also conflicts with a third actress (13.536167ms)
  ✔ rejects merging a persisted name claimed by a third actress pending scrape (10.367125ms)
  ✔ returns stale without merging when either actress changed after confirmation was shown (11.461834ms)
  ✔ rolls back the actress merge when pending reassociation fails (12.114666ms)
  ✔ edits only the selected conflicting name and applies the unlocked scrape atomically (15.386125ms)
  ✔ moves only the edited item when its new name conflicts in another dynamic group (14.0355ms)
  ✔ moves an edited name into a group claimed by another naturally unlocked pending result (15.231875ms)
  ✔ transfers complete ownership to the pending actress only with a replacement main name (12.28325ms)
  ✔ previews and applies an assigned conflicting alias in a fill-empty alias collection (31.614875ms)
  ✔ keeps earlier ownership decisions in the final fill-empty alias preview and apply (17.261542ms)
  ✔ validates and removes every legacy claimant when assigning to the pending actress (17.415333ms)
  ✔ assigns a whole conflict group to an existing actress while applying profiles to original targets (31.021708ms)
  ✔ keeps confirmed ownership when the chosen existing actress is also a replace candidate (19.683625ms)
  ✔ removes an illegal normalized name from the whole group and applies unlocked profiles (12.916334ms)
  ✔ requires a valid replacement for every main-name claimant before illegal-name removal (16.336584ms)
  ✔ validates illegal-name replacement main names against the live conflict snapshot (10.822625ms)
  ✔ does not reconcile newly active conflicts while rejecting a stale illegal-name decision (21.792334ms)
  ✔ removes only the current illegal group and does not remember a blacklist rule (17.668708ms)
  ✔ applies a result when its other recorded conflict has already become inactive (15.293083ms)
  ✔ rolls back illegal-name handling when name deletion fails (13.981708ms)
  ✔ rolls back illegal-name handling when main replacement fails (11.584416ms)
  ✔ rolls back illegal-name handling when profile application fails (11.9725ms)
  ✔ rolls back illegal-name handling when pending cleanup fails (11.835125ms)
  ✔ keeps the whole illegal-name group pending when any resource preparation fails (15.21575ms)
  ✔ requires a replacement when assigning a current main name to a third existing actress (11.120334ms)
  ✔ finishes name-only results and preserves the original fill-empty update mode (14.312792ms)
  ✔ promotes staged resources when a name edit unlocks a pending scrape (21.09175ms)
  ✔ keeps a naturally unlocked result pending until the user explicitly applies it (11.944083ms)
  ✔ returns a stale outcome without writes when an involved actress changed (10.190958ms)
  ✔ rolls back every profile and promoted resource when a group apply fails (22.7255ms)
  ✔ freezes the complete scrape when one selected name belongs to another actress (15.158583ms)
  ✔ applies a complete result when equivalent names only belong to the target actress (10.334042ms)
  ✔ atomically replaces one actress current snapshot and removes its old staged resources (20.72225ms)
  ✔ rolls back a conflict-free apply when removing the previous snapshot fails (17.019917ms)
  ✔ does not delete an existing same-url gallery file when a later apply rolls back (10.193ms)
  ✔ discards only the selected wrong match, records cumulative failure, and cleans staging (19.075042ms)
  ✔ startup cleanup removes only old unreferenced staging directories (28.43775ms)
  ✔ deleting a target actress also removes its staged pending resources (11.105417ms)
  ✔ removes prepared formal resources when profile application rolls back (11.881958ms)
✔ ActressIdentityConflictWorkflow (837.703167ms)
✔ reuses maintenance only until local writes, schema changes or external commits (11.622583ms)
✔ does not publish rolled-back maintenance or skip checks inside a caller transaction (10.320583ms)
✔ retries failed maintenance and invalidates after reopening the same catalog (11.738917ms)
✔ does not publish a maintenance stamp if an external commit occurs during the check (9.771ms)
✔ rechecks earlier candidates after a later candidate introduces a new conflict (12.3905ms)
✔ bounds a 10k legacy-claim queue without hydrating candidates after maintenance (65.055958ms)
✔ does not hydrate unrelated candidate results for a selected name group (14.531666ms)
✔ sorts full conflict names before truncating display captions and preserves exact anchors (43.595375ms)
✔ keeps legacy equal-caption order across pages and clamps missing anchors in a nonempty queue (12.665209ms)
✔ bounds name normalization when merged actors have many third pending conflicts (16.359584ms)
Failed to clean deleted actress asset: avatar_sources/alpha.jpg Error: file is locked
    at deleteStoredAsset (/Users/nut/Project/JavdexLabs/Javdex/src/main/services/actressMaintenanceService.test.ts:122:61)
    at Object.deleteActresses (/Users/nut/Project/JavdexLabs/Javdex/src/main/services/actressMaintenanceService.ts:87:11)
    at TestContext.<anonymous> (/Users/nut/Project/JavdexLabs/Javdex/src/main/services/actressMaintenanceService.test.ts:126:28)
    at Test.runInAsyncScope (node:async_hooks:227:14)
    at Test.run (node:internal/test_runner/test:1325:25)
    at Suite.processPendingSubtests (node:internal/test_runner/test:911:18)
    at Test.postRun (node:internal/test_runner/test:1465:19)
    at Test.run (node:internal/test_runner/test:1390:12)
    at async Suite.processPendingSubtests (node:internal/test_runner/test:911:7)
▶ actressMaintenanceService.importGalleryImage
  ✔ runs legacy dimension repair as part of the explicit gallery write flow (1.397333ms)
✔ actressMaintenanceService.importGalleryImage (1.849ms)
▶ actressMaintenanceService.deleteActresses
  ✔ deletes the complete batch and cleans stored resources (17.344042ms)
  ✔ rejects the whole batch when an actress is linked to a video (14.126ms)
  ✔ reports resource cleanup failures after the database transaction commits (18.053ms)
  ✔ rolls back the complete batch when a later record fails to delete (10.137542ms)
  ✔ previews current linked-actress and affected-video counts (8.09275ms)
  ✔ explicitly unlinks videos, deletes a mixed batch, and preserves video records and files (12.319792ms)
  ✔ rolls back removed video links when a later actress delete fails (25.247ms)
  ✔ removes only the deleted actress ownership and pending result (13.14625ms)
  ✔ rejects an unknown delete mode instead of falling through to a destructive path (7.526625ms)
✔ actressMaintenanceService.deleteActresses (126.323458ms)
▶ actressQueryService.listActresses
  ✔ returns a stable page and the full matching total from the real database (16.945292ms)
  ✔ reuses one exact avatar-filter snapshot across subsequent pages (0.214875ms)
  ✔ refreshes the avatar-filter snapshot whenever the first page reloads (0.100583ms)
  ✔ inspects avatar health and fingerprints outside the database repository (16.913334ms)
✔ actressQueryService.listActresses (34.644958ms)
▶ actressQueryService.listFaceScanManifest
  ✔ exposes the dedicated minimal manifest through the query seam (0.199ms)
✔ actressQueryService.listFaceScanManifest (0.264542ms)
✔ delegates avatar count without reading the legacy list or inspecting images (0.096792ms)
▶ actressScrapeQueue.start target resolution
  ✔ scrapes exactly the targets the estimate reported for the same request (5041.281083ms)
  ✔ starts a legacy scraped request against 刮削成功 targets (553.957417ms)
  ✔ starts explicitly selected actresses regardless of the other filters (675.678083ms)
  ✔ starts no target for an empty explicit id list (557.005375ms)
  ✔ refuses to start a request with an unknown cumulative-status scope (330.781333ms)
✔ actressScrapeQueue.start target resolution (7160.055417ms)
▶ AgentMetadataActivityTimeline
  ✔ projects streaming reasoning into one bounded completed turn (0.554583ms)
  ✔ retains up to 64,000 reasoning characters and reports overflow (4.792875ms)
  ✔ uses semantic browser actions while retaining safe completion summaries (1.336709ms)
  ✔ keeps direct metadata submission distinct from browser inspection (0.137417ms)
  ✔ describes playlist page checkpoints as result-producing actions (0.289083ms)
  ✔ describes browser scroll without exposing tool arguments (0.107291ms)
  ✔ retains earlier reasoning across browser-heavy runs (2.82ms)
✔ AgentMetadataActivityTimeline (10.642833ms)
✔ uses the indexed journal cursor without loading history for a metadata snapshot (1.092834ms)
▶ Agent metadata browser URL policy
  ✔ allows a public hostname when a system proxy maps it to the RFC 2544 fake-IP range (1.600334ms)
  ✔ still rejects direct benchmark-range IPs and hostnames resolving to private networks (2.073292ms)
  ✔ keeps identity query parameters while removing credentials and fragments from display URLs (0.896417ms)
✔ Agent metadata browser URL policy (5.095916ms)
▶ Agent metadata browser evidence binding
  ✔ accepts a production artifact only for its captured document and view (13.038125ms)
  ✔ rejects incomplete, tampered, and corrupt segmented production artifacts (22.372833ms)
✔ Agent metadata browser evidence binding (35.689625ms)
▶ AgentMetadataDraftService
  ✔ rejects a preview when a staged resource no longer matches its manifest (17.741209ms)
  ✔ rechecks staged resource bytes when applying an already reviewed draft (11.707ms)
  ✔ cleans newly staged resources when persistence fails (8.700084ms)
  ✔ routes actress name ownership conflicts to the existing pending workflow (13.265417ms)
  ✔ routes duplicate video business identities to the existing pending workflow (13.239375ms)
  ✔ requires explicit user confirmation when actress names do not match (14.692042ms)
✔ AgentMetadataDraftService (79.857375ms)
▶ app release service
  ✔ parses and compares stable release versions numerically (0.86675ms)
  ✔ accepts only trusted published GitHub releases (0.126583ms)
  ✔ validates cached update state before exposing it to the renderer (0.149542ms)
✔ app release service (1.522458ms)
▶ asset byte cache
  ✔ separates variants and invalidates all variants of only the changed asset (0.679333ms)
  ✔ checks every file identity field and isolates callers from cached mutable buffers (0.174875ms)
  ✔ enforces the entry cap while retaining recently read and replaced entries (0.381083ms)
  ✔ enforces the 96MiB byte cap and skips oversized entries without flushing other images (21.074666ms)
✔ asset byte cache (22.93725ms)
▶ image asset inspection cache
  ✔ loads an unchanged image once and reloads it when its file signature changes (0.341875ms)
  ✔ reloads an image after explicit asset invalidation (0.206791ms)
  ✔ evicts the least recently used inspection after reaching capacity (0.67175ms)
✔ image asset inspection cache (1.384083ms)
✔ retries after the first scrypt failure (107.735709ms)
✔ retries after the first importKey failure (100.568375ms)
✔ keeps the new cache when a pre-reset KDF later succeeds (101.086292ms)
✔ keeps the new cache when a pre-reset KDF later fails (112.799ms)
✔ waits for cold key derivation on cancellation and never starts decryption (48.319166ms)
✔ reads the existing AVPK format through synchronous and asynchronous crypto (77.401541ms)
✔ coalesces cold key derivation and never uses synchronous crypto in the async reader (112.573333ms)
✔ rejects invalid or tampered encrypted bodies without returning plaintext (53.875541ms)
✔ waits for an active native job before discarding its cancelled result (49.99375ms)
▶ assetLocationMigration
  ✔ moves plain and encrypted files including alias store (71.90025ms)
  ✔ maps default path setting when relocating back to userData (19.83625ms)
  ✔ allows relocating back to default when only empty asset subfolders remain (14.511ms)
  ✔ rolls back copied files without touching the active root (9.52275ms)
  ✔ rejects migration while the configured source root is unavailable (26.618583ms)
  ✔ rejects targets nested inside the active media root (10.432333ms)
  ✔ rejects a target that resolves to the source through a symlinked parent (8.167958ms)
  ✔ rejects a differently-cased path that resolves to the same directory (8.027625ms)
  ✔ resumes when the target contains matching files from an interrupted copy (15.129959ms)
  ✔ preserves pre-existing matching copies when a resumed migration rolls back (21.583041ms)
  ✔ keeps source files when the prepared target disappears before commit (12.143125ms)
  ✔ preserves a copied target that was replaced before a failed commit rolls back (15.720875ms)
  ✔ rejects an interrupted target whose file contents do not match the source (9.185208ms)
  ✔ rejects directory symlinks without reading or deleting files outside the asset root (9.364292ms)
  ✔ rejects a symlinked asset root without touching its external target (9.092458ms)
✔ assetLocationMigration (262.219792ms)
▶ assetMigration opaque paths
  ✔ encrypts to opaque paths and restores readable paths on decrypt (91.010709ms)
✔ assetMigration opaque paths (91.485625ms)
✔ reads legacy without rewriting and migrates on mutation preserving all entries (80.670083ms)
✔ does not reread a warm map or append unchanged values; reloads deletions (76.167333ms)
✔ preserves a legacy file when snapshot rename fails (62.581667ms)
✔ recovers an interrupted tail and truncates it before retry (79.1475ms)
✔ rejects corrupted complete ciphertext and preserves it on attempted mutation (60.6675ms)
✔ rejects missing or incomplete first snapshots (61.765291ms)
✔ reloads the actual committed record after an uncertain fsync failure (61.838125ms)
✔ compacts after sustained updates and reloads the latest values (30553.452458ms)
✔ preserves the appended result when compaction rename fails (140.433875ms)
✔ invalidates the cached map after external replacement (57.120125ms)
▶ assetPathNaming
  ✔ builds readable bases with seed and url hash (0.541584ms)
  ✔ sanitizes non-ascii seeds and truncates overly long values (0.127166ms)
  ✔ keeps equal-length Chinese actress names on distinct asset seeds (0.312833ms)
  ✔ scopes asset seeds by actress id when provided (0.168833ms)
  ✔ keeps actress id prefix when the readable label is long (0.300208ms)
  ✔ builds distinct gallery paths for equal-length Chinese names and the same url (0.219417ms)
  ✔ builds opaque bases without embedding seed text (0.142125ms)
  ✔ detects opaque encrypted filenames (0.140375ms)
  ✔ derives stable opaque names from plaintext relative paths (0.171334ms)
✔ assetPathNaming (2.819041ms)
▶ AutomaticScanScheduler
  ✔ runs every due library in stable order from independent persisted state (1.152292ms)
  ✔ runs an already-enabled library with no scan history after the startup delay (0.075958ms)
  ✔ calculates each library due time from its own interval and last finished time (0.07975ms)
  ✔ waits one full interval after a library is newly enabled (0.119125ms)
  ✔ skips disabled, rootless and not-yet-due libraries (0.1005ms)
  ✔ runs a due rootless library when it still has deferred cleanup work (0.157291ms)
  ✔ defers while maintenance is busy and rechecks on the next poll (0.120083ms)
  ✔ isolates one library failure and continues the serial due queue (0.162041ms)
  ✔ keeps startup, resume, and every due library globally serial (0.147166ms)
  ✔ uses the resume delay and clears all scheduled work on stop (0.123125ms)
✔ AutomaticScanScheduler (2.850333ms)
▶ AvatarAutoCropMediator
  ✔ resolves automatic crop requests and rejects stale replies (2.123125ms)
  ✔ fails pending automatic crop requests after renderer disconnects (0.234334ms)
  ✔ times out automatic crop requests without accepting a late response (2.466458ms)
  ✔ owns the crop batch token until matching end or disconnect (0.203333ms)
  ✔ rejects a second begin while a crop batch is active (0.302375ms)
✔ AvatarAutoCropMediator (6.194666ms)
✔ creates one lazy snapshot per batch and disposes only its owning token (0.247042ms)
✔ retries failed snapshot creation without poisoning the batch and clears on reinitialization (0.174208ms)
✔ settles disconnected requests despite cleanup failure and retries before allowing another snapshot (0.35425ms)
✔ writes the definition once and keeps total checkpoint bytes near-linear (37941.982458ms)
ℹ {"targets":[1000,2000],"totalWrittenBytes":[409049,822049],"definitionWritesPerJob":1}
✔ reads legacy checkpoints and migrates on the next save without losing targets (18.295166ms)
✔ preserves the last checkpoint when write fails and retries safely (27.473541ms)
✔ preserves the last checkpoint when sync fails and retries safely (29.282625ms)
✔ preserves the last checkpoint when rename fails and retries safely (28.627167ms)
✔ keeps the old definition on failed replacement and prunes unused manifests after commit (48.5385ms)
✔ refuses missing, tampered or mismatched manifests instead of treating the job as absent (18.716542ms)
✔ stops the queue on checkpoint failure and resumes from the durable cursor without skipping work (38.478417ms)
✔ rejects damaged cursor and total fields without deleting the checkpoint (20.6305ms)
✔ reloads actual disk state and retains the manifest after replace directory-sync failure (23.4245ms)
✔ reloads actual disk state and retains the manifest after clear directory-sync failure (15.371958ms)
✔ does not report committed saves or clears as failed when manifest cleanup cannot enumerate (23.062708ms)
✔ executes real read-only tag queries and observes writes through the worker cache (279.764291ms)
✔ rejects a changed catalog version at worker startup without migration (287.267083ms)
✔ settles in-flight initialization and queued requests when disposed (487.899583ms)
✔ executes all classification cover pages on the readonly worker and observes committed writes (1089.641166ms)
✔ rejects image initialization against an incompatible schema without rewriting it (436.401542ms)
✔ reads bounded audit pages in the real worker, isolates operations and observes audit replacement (542.896417ms)
✔ reads audit headers on the real worker without building an index from the audit body (466.823667ms)
✔ reads combined views in the real worker, upgrades raw pages and rebuilds after writes and failures (556.280791ms)
✔ keeps missing-body pending pages available and rejects a superseded summary on the real worker (649.203542ms)
✔ checks latest audit paths on the real worker and rejects invalid later entries after a match (441.333417ms)
✔ counts merged subscribers toward capacity, normalizes keys, and clones each successful result (2.676208ms)
✔ serializes different revisions and keeps a folded expanding query valid in the payload (0.437166ms)
✔ rejects old generation on identity change and waits for termination (5.721ms)
✔ rejects old generation on path change and waits for termination (0.503375ms)
✔ removes queued aborts but retains an executing slot after all subscribers abort (0.652917ms)
✔ one subscriber abort does not cancel another or retain its signal listener (0.385209ms)
✔ rejects all accepted on startup timeout, without retry or overlapping workers (18.292917ms)
✔ rejects all accepted on query timeout, without retry or overlapping workers (16.451208ms)
✔ rejects all accepted on exit, without retry or overlapping workers (0.631041ms)
✔ rejects all accepted on error, without retry or overlapping workers (0.400125ms)
✔ rejects all accepted on protocol error, without retry or overlapping workers (0.59675ms)
✔ dispose closes admission immediately and waits for a running termination (0.440041ms)
✔ fails closed if termination rejects and rejects requests waiting for replacement (0.337625ms)
✔ rejects invalid queries before creating a worker and contains factory/post failures (0.191792ms)
✔ bounds subscribers while termination is pending and supersedes a waiting generation (0.374042ms)
✔ does not launch work after repeated queued cancellations before ready (0.677875ms)
✔ contains unexpected messages and dispose drains an already-started replacement barrier (0.04275ms)
✔ expires waiting subscribers and frees capacity while native termination remains pending (1.06575ms)
✔ keeps independent waiting deadlines for coalesced subscribers and clears them at execution (0.169709ms)
✔ never executes a page whose only subscriber expired before ready (0.082791ms)
✔ shares admission across tag/image requests, keys entity kinds separately and copies caller inputs (0.42975ms)
✔ retains the executing image slot after cancellation and retires it before switching databases (1.220583ms)
✔ validates image requests before allocating a reader (0.153833ms)
✔ shares audit admission with tag/image work, coalesces snapshots and copies audit budgets (0.395375ms)
✔ rejects invalid audit requests before allocation and removes an aborted queued audit (0.1345ms)
✔ copies view anchors before allocation, coalesces defaults, and shares capacity with raw/header/tag requests (16.559291ms)
✔ rejects invalid combined views without a worker and drops canceled queued view requests (0.314208ms)
✔ shares bounded admission for audit path checks and delivers false without mixing page results (0.397875ms)
▶ CheckpointedSequentialBatchQueue
  ✔ persists checkpoints, pauses, and resumes from the next index (1.554791ms)
  ✔ discards a paused job without running (0.163958ms)
  ✔ cancels a running job and clears the checkpoint (3.326625ms)
  ✔ recycles the scrape browser after each configured target interval (6.208083ms)
  ✔ rejects an invalid run plan without leaving a resumable checkpoint (0.4245ms)
  ✔ discards a corrupt checkpoint when run planning throws (0.305583ms)
✔ CheckpointedSequentialBatchQueue (12.549542ms)
▶ classificationDeletionService
  ✔ previews and deletes a director while recalculating links and preserving videos/resources (479.245125ms)
  ✔ deletes an unlinked director with a zero impact (426.040042ms)
  ✔ rolls back director unlinking and skips image cleanup when deletion fails (477.14675ms)
  ✔ previews and deletes a series while recalculating videos and detaching direct children (466.913334ms)
  ✔ deletes an unlinked childless series with a zero impact (358.170208ms)
  ✔ rolls back series relations and reports image cleanup failure only after commit (480.067375ms)
✔ classificationDeletionService (2688.418584ms)
▶ classification director query and maintenance services
  ✔ keeps real same-name directors as separate stable identities and exposes candidate differences (450.065917ms)
  ✔ maintains the complete profile without changing identity or video relations (467.226375ms)
  ✔ validates calendar dates and career ranges transactionally (466.855208ms)
  ✔ searches aliases and supports only count or update sorting in both directions (410.066417ms)
✔ classification director query and maintenance services (1794.80375ms)
✔ matches all candidate fields/order and deduplicates dual-role organization links before LIMIT (1125.714792ms)
✔ holds count and candidate rows in the same snapshot across a cover removal (448.586375ms)
✔ rejects unsafe entity IDs, unsupported page flags and excessive pages (405.899166ms)
▶ classificationImageService
  ✔ imports local and remote images as owned assets and cleans a replaced image after commit (499.902125ms)
  ✔ copies an associated video cover instead of adopting the video asset (543.360042ms)
  ✔ stores a director portrait and compensates its replacement when the database update fails (482.609541ms)
  ✔ keeps the stored image when a remote download fails (388.93875ms)
  ✔ cleans the latest replaced image when a remote update finishes after another edit (465.936875ms)
  ✔ commits replacement and reports a post-commit cleanup failure (457.208583ms)
✔ classificationImageService (2838.552041ms)
✔ matches every old list field and global ordering over pages, aliases, roles and cover boundaries (1320.789042ms)
✔ keeps count and page in one read snapshot across another connection changing the role (522.668209ms)
✔ validates page boundaries in the service and typed IPC without changing complete-list APIs (517.81775ms)
▶ classification organization query and maintenance services
  ✔ shares one organization profile across role lists and searches its aliases (497.729625ms)
  ✔ sorts only by video count or update time in either direction (447.413209ms)
  ✔ treats SQL LIKE metacharacters in organization searches as literal text (484.340042ms)
  ✔ keeps stable identity and video links when editing the complete profile (580.813375ms)
  ✔ rejects parent cycles without partially changing the profile (465.374916ms)
  ✔ creates an organization inline, registers the role, and retains zero-video roles (367.835916ms)
  ✔ rolls back profile fields when a name is owned by another organization (300.143833ms)
✔ classification organization query and maintenance services (3144.325083ms)
▶ classification series query and maintenance services
  ✔ maintains a stable complete profile and projects its local video coverage (491.459708ms)
  ✔ enforces normalized name ownership inside the owner scope only (549.607ms)
  ✔ preflights every name when moving to another owner scope and rolls back on conflict (558.60275ms)
  ✔ rejects self and descendant parents without partially changing the series (386.110375ms)
  ✔ searches aliases, identifies same-name candidates, and sorts in either direction (373.346084ms)
  ✔ creates an unowned series inline and validates lifecycle years (356.588167ms)
✔ classification series query and maintenance services (2716.337708ms)
▶ directorMergeService
  ✔ merges source data into an explicit target while preserving target conflicts (579.64075ms)
  ✔ adopts the source portrait only when the target has no formal portrait (554.433875ms)
  ✔ rolls back target fields and video relations when the database transaction fails (426.867666ms)
  ✔ commits the merge and reports source portrait cleanup failure (294.012709ms)
  ✔ rejects using the same director as target and source (314.85175ms)
✔ directorMergeService (2170.792417ms)
▶ external link service
  ✔ accepts only bounded HTTP and HTTPS links (0.338084ms)
✔ external link service (0.64825ms)
▶ legacy media-library settings bootstrap
  ✔ keeps native V14 config defaults when a fresh database has no legacy evidence (6.104709ms)
  ✔ imports roots, cleanup work, and typed configuration into the default library once (4.071791ms)
  ✔ freezes an online legacy cleanup root identity before making the work active (8.892792ms)
  ✔ keeps parent and child legacy paths but enables only the first non-overlapping set (26.217083ms)
  ✔ keeps realpath aliases but enables only one physical legacy root (24.042333ms)
  ✔ keeps app-level scraper and cover preferences after import and repeated startup cleanup (3.875625ms)
  ✔ keeps inferred roots and links source-managed resources to the deepest matching root (3.372166ms)
  ✔ imports the last scan summary and its managed unrecognized-file snapshot (3.778042ms)
  ✔ preserves a standalone unrecognized snapshot through a synthetic legacy scan run (4.082625ms)
  ✔ keeps an older safe snapshot separate from a newer failed scan summary (3.712083ms)
  ✔ retries JSON cleanup without importing database rows twice (4.497ms)
  ✔ rolls back every database change and skips JSON cleanup when import fails (3.538375ms)
✔ legacy media-library settings bootstrap (96.801292ms)
▶ LibraryCurator lifecycle
  ✔ releases its own runs without disposing the application AgentExecution (1.198375ms)
✔ LibraryCurator lifecycle (1.778042ms)
✔ uses the indexed journal cursor for a curator snapshot (0.508917ms)
▶ libraryPathCleanupService
  ✔ previews only resources owned by the selected library and root (518.61975ms)
  ✔ previews and safely cleans a disabled root including pending and diagnostic rows (244.582666ms)
  ✔ confirms with the current revision and queues an identity snapshot without deleting data (354.899167ms)
  ✔ rejects a confirmation when scan-owned resources changed after preview without a revision bump (479.229459ms)
  ✔ removes and promotes resources only inside the confirmed library and root (547.848708ms)
  ✔ lets a cleanup-only scan consume the last removed root without touching another library (581.004916ms)
  ✔ recovers an offline legacy cleanup intent when a later full scan sees the root online (442.500583ms)
  ✔ keeps an overlapping legacy cleanup root waiting during a later full scan (371.318542ms)
  ✔ keeps an overlapping parent legacy cleanup root waiting during a later full scan (388.870333ms)
  ✔ keeps a realpath-alias legacy cleanup root waiting across libraries (328.200875ms)
  ✔ fails closed when a confirmed root is offline (419.525709ms)
  ✔ fails closed when the path now resolves to a replacement directory (429.265334ms)
  ✔ cancels a failed removal into a disabled, archiveable root without deleting records (362.751542ms)
  ✔ completes a confirmed cleanup after an unrelated library configuration edit (349.798875ms)
  ✔ rolls back resource removal, promotion, root state, and job completion together (496.12425ms)
✔ libraryPathCleanupService (6315.697625ms)
▶ normalizeTranslationOutput
  ✔ strips fenced and quoted model output (0.411542ms)
✔ normalizeTranslationOutput (0.713291ms)
▶ MediaAssetStore
  ✔ coalesces encrypted thumbnails, isolates size variants and preserves original preview bytes (153.9465ms)
  ✔ checks plain and decrypted image pixels before caching and recovers after replacement (105.295708ms)
  ✔ retains cancelled active slots until file read settles (81.993167ms)
  ✔ retains cancelled active slots until file close settles (84.661458ms)
  ✔ retains cancelled active slots until file metadata settles (79.240375ms)
  ✔ rejects oversized plain and encrypted files before opening or decrypting them (47.730291ms)
  ✔ does not merge a post-invalidation request into the old pending read (49.656458ms)
  ✔ shares a cold encrypted read and decryption across concurrent requests without sharing cancellation (70.967333ms)
  ✔ does not return cached bytes when cancelled while the hot-path stat is pending (43.017125ms)
  ✔ does not reuse the same relative cache key after the asset root changes (61.13175ms)
  ✔ rejects a changed file during reading without caching its old bytes (35.98275ms)
  ✔ serves hot plaintext and encrypted images without rereading or decrypting their bytes (93.874541ms)
  ✔ reloads replaced files even with restored mtime and rejects deleted files before using cache (69.974625ms)
  ✔ does not repopulate explicitly invalidated cache from a pending read (38.149125ms)
  ✔ retains read slots while cancelled encrypted requests wait for native crypto completion (106.689625ms)
  ✔ cancels queued reads before opening files and keeps active slots until reads settle (88.498375ms)
downloadAvatar failed: Bad Avatar https://example.test/avatar.html response is not a usable image
Failed to delete media asset: covers/TEST-002_315b7a0c.jpg Error: file is locked
    at FailingCleanupStore.delete (/Users/nut/Project/JavdexLabs/Javdex/src/main/services/mediaAssetStore.test.ts:936:15)
    at FailingCleanupStore.deleteImmediateBestEffort (/Users/nut/Project/JavdexLabs/Javdex/src/main/services/mediaAssetStore.ts:449:12)
    at FailingCleanupStore.finishCoordinatedChange (/Users/nut/Project/JavdexLabs/Javdex/src/main/services/mediaAssetStore.ts:561:52)
    at <anonymous> (/Users/nut/Project/JavdexLabs/Javdex/src/main/services/mediaAssetStore.ts:527:14)
    at AsyncLocalStorage.run (node:internal/async_local_storage/async_context_frame:63:14)
    at FailingCleanupStore.runCoordinatedChange (/Users/nut/Project/JavdexLabs/Javdex/src/main/services/mediaAssetStore.ts:504:31)
    at FailingCleanupStore.coordinateDatabaseChange (/Users/nut/Project/JavdexLabs/Javdex/src/main/services/mediaAssetStore.ts:465:17)
    at <anonymous> (/Users/nut/Project/JavdexLabs/Javdex/src/main/services/mediaAssetStore.test.ts:941:37)
    at getActual (node:assert:611:5)
    at strict.doesNotThrow (node:assert:779:32)
  ✔ serves plain and encrypted images asynchronously without synchronous file reads (133.443416ms)
  ✔ reads plain and encrypted images and reports a stable plaintext fingerprint (87.611166ms)
  ✔ rejects stored paths that escape the media root (7.219083ms)
  ✔ exposes bootstrap and layout paths under the media root (35.876958ms)
  ✔ encrypts a stored plain asset and lists it under stable subdirectories (124.073834ms)
  ✔ decrypts a stored encrypted asset back to its plain relative path (129.968041ms)
  ✔ compensates newly-created resources when the database operation fails (42.997583ms)
  ✔ compensates newly imported cover and sample files when a database operation fails (68.962625ms)
  ✔ compensates newly imported playlist covers when a database operation fails (53.81325ms)
  ✔ compensates async downloads when the database operation fails (50.022833ms)
  ✔ rejects unusable local image imports instead of storing them (10.907ms)
  ✔ rejects unusable avatar downloads instead of storing them (6.108458ms)
  ✔ keeps an existing download when replacing the same URL later rolls back (44.748458ms)
  ✔ keeps an existing avatar source when importing the same bytes later rolls back (41.902833ms)
  ✔ deletes obsolete resources only after the database operation succeeds (37.892625ms)
  ✔ uses distinct paths for avatar display replacements created in the same millisecond (50.925958ms)
  ✔ discards newly created resources marked obsolete in the same coordinated change (48.273375ms)
  ✔ promotes nested created resources so a parent rollback can compensate them (35.131333ms)
  ✔ defers nested obsolete deletes of pre-existing files until the parent commits (54.871583ms)
  ✔ keeps nested obsolete pre-existing files when the parent rolls back (51.899375ms)
  ✔ does not leak nested create-then-obsolete files when the parent rolls back (39.974958ms)
  ✔ runInCoordinatedChange joins an active parent instead of nesting (41.516833ms)
  ✔ keeps isolated coordinated creates when an outer parent later rolls back (38.455041ms)
  ✔ keeps independent root work when an awaited outer coordinated change fails (53.497ms)
  ✔ keeps relocation exclusive with coordinated and direct media mutations (54.404333ms)
  ✔ keeps relocation exclusive with a stable read lease (4.869709ms)
  ✔ keeps caller registrations off an un-awaited nested async coordinated change (40.005875ms)
  ✔ does not turn a post-commit cleanup failure into a database failure (48.107084ms)
✔ MediaAssetStore (2650.944042ms)
✔ reads empty, exact-budget and multi-chunk files without using readFile (24.084875ms)
✔ rejects oversize before reading and closes the opened handle (17.550833ms)
✔ rejects grow during reading and closes the handle (9.871375ms)
✔ rejects truncate during reading and closes the handle (17.971125ms)
✔ rejects cancel during reading and closes the handle (11.040542ms)
✔ rejects io-error during reading and closes the handle (10.784375ms)
✔ does not open an already cancelled request (15.90675ms)
✔ closes the handle on cancel-after-open before allocating body bytes (11.925458ms)
✔ closes the handle on stat-error before allocating body bytes (17.687959ms)
✔ closes the handle on directory before allocating body bytes (11.291875ms)
✔ reads PNG/WebP metadata and never follows TIFF offsets outside its chunk (1.023375ms)
✔ inspects all served formats without decoding pixels (23.538875ms)
✔ rejects a tiny encoded image with an oversized canvas and accepts the exact boundary (2.184125ms)
✔ rejects corrupt and unsupported image headers (11.797875ms)
✔ inspects the single-frame canvas of real animated GIF and WebP inputs (2.255375ms)
✔ waits for metadata completion when cancelled and destroys the reader (1.064166ms)
✔ shares a read while one consumer cancels and preserves independent result buffers (1.467625ms)
✔ drains the last cancelled consumer without deleting a newer flight under the same key (0.285625ms)
✔ fans out failures and permits a fresh attempt (0.132417ms)
✔ aborts the underlying work only after all consumers cancel and drains the final slot (0.145625ms)
✔ defaults to four active reads and 256 queued requests with reusable cancellation capacity (4.104ms)
✔ bounds active and queued reads, removes cancelled work and releases capacity after failures (0.341375ms)
✔ does not free an active slot before an aborted reader actually settles (0.249792ms)
✔ preserves aspect ratio, respects orientation and does not enlarge small images (31.046416ms)
✔ makes a single static thumbnail from an animated image (2.684167ms)
✔ retains two decode slots until native work settles after cancellation (4.3365ms)
▶ media-library service
  ✔ validates an explicitly configured create-time video scraper before persistence (1.099833ms)
  ✔ allows unrelated config edits with a stale stored scraper but validates explicit changes (0.104041ms)
  ✔ runs the root-migration commit through the shared resource-maintenance gate (0.107ms)
  ✔ runs every root mutation through the scan-shared maintenance gate (0.176875ms)
  ✔ preserves root continuity validation errors through service mutation gates (0.074625ms)
  ✔ serializes library and config lifecycle mutations with resource writes (0.080459ms)
  ✔ cannot archive through the service while an asynchronous resource write owns the gate (0.12925ms)
✔ media-library service (2.203166ms)
▶ mediaProtocol
  ✔ forwards a finite variant and rejects invalid size without reading (20.292292ms)
  ✔ returns 413 for oversized images with an empty HEAD body (0.716125ms)
  ✔ awaits the image reader and forwards cancellation while serving GET and HEAD (0.357459ms)
  ✔ skips reads for preflight and forbidden paths, and distinguishes busy from missing (0.460917ms)
  ✔ resolves media URLs under the asset root (0.058209ms)
  ✔ rejects path traversal outside the asset root (0.145958ms)
✔ mediaProtocol (22.550458ms)
▶ organizationDeletionService
  ✔ removes only the selected role and recalculates its linked videos at execution time (367.605416ms)
  ✔ rejects removing the final role and leaves all relations unchanged (428.889959ms)
  ✔ blocks role removal and full deletion when they would rewrite a pending video (390.721208ms)
  ✔ fully deletes an organization and detaches every supported relation after a fresh preview (585.348625ms)
  ✔ rejects full deletion when owned series names conflict in the unowned scope (430.95575ms)
  ✔ rolls back full deletion relations and skips image cleanup when deletion fails (394.813542ms)
  ✔ commits full deletion while reporting post-commit image cleanup failures (396.03425ms)
✔ organizationDeletionService (2995.038209ms)
▶ organizationMergeService
  ✔ merges cross-role records and transfers role-specific videos, children, and series (521.206083ms)
  ✔ adopts the source brand image only when the target has none (440.615458ms)
  ✔ preflights publisher transfer business identity collisions before writing (409.004333ms)
  ✔ blocks a merge that would rewrite a pending video relation (470.709791ms)
  ✔ rejects a series name collision in the target scope without changing any relation (466.2235ms)
  ✔ rejects merging an ancestor into a deep descendant (367.014625ms)
  ✔ collapses a direct source-to-target hierarchy and transfers source siblings (395.915041ms)
  ✔ rolls back the profile and every relation when the transaction fails (421.175042ms)
  ✔ commits the merge and reports a brand image cleanup failure (362.588459ms)
  ✔ rejects using the same organization as target and source (343.031833ms)
✔ organizationMergeService (4198.279875ms)
▶ pending resource identity service
  ✔ uses the persisted choice, assigns the resource atomically, and applies only a matching current NFO (443.41425ms)
  ✔ completes resource ownership but does not apply metadata when the current NFO no longer matches (459.198542ms)
  ✔ finishes resource ownership when the current NFO cannot be inspected safely (465.27675ms)
  ✔ keeps the identity pending and creates no formal record when the source fingerprint is stale (447.883875ms)
  ✔ rechecks a STRM target snapshot and leaves the conflict intact when it changes (371.633375ms)
✔ pending resource identity service (2188.138959ms)
▶ PlayerService
  ✔ opens and reveals a local resource through system file operations (1.223708ms)
  ✔ opens a STRM target externally but reveals its local source file (0.24575ms)
  ✔ opens the primary direct resource with the system URL handler (0.142292ms)
  ✔ reports a system open failure and does not try another resource (0.185959ms)
  ✔ hands Magnet resources to the registered system protocol handler (0.082958ms)
  ✔ rejects every playback and reveal entry point before reading an archived or missing library (0.102958ms)
  ✔ opens and reveals only resources that belong to the selected library (5.89925ms)
✔ PlayerService (8.660917ms)
▶ playlist import browser navigation guard
  ✔ requires DOM-backed terminal reasons to carry a selector and pass host verification (1.01225ms)
  ✔ accepts known-total terminal evidence only when the checkpoint declares a total (0.077917ms)
  ✔ accepts a virtual first window only after a settled host-owned reset to the top (0.132208ms)
  ✔ revalidates terminal or link evidence in the final dynamic window before sealing (0.118167ms)
  ✔ alternates virtual scrolling with frozen load-more actions before sealing (0.05825ms)
  ✔ defers bottom-only advance validation until a virtual page reaches its terminal view (0.049291ms)
  ✔ waits for a quiet window after every asynchronous load-more change (0.072ms)
  ✔ restarts the quiet window when a temporary dynamic expansion rolls back (0.049833ms)
  ✔ classifies foreground retry failures without treating them as restart recovery (0.365292ms)
✔ playlist import browser navigation guard (2.447792ms)
▶ playlist importer browser guidance
  ✔ prefers structured reads while leaving page semantics and interaction to the agent (0.698833ms)
  ✔ hands page semantics to the agent and prioritizes user-only blockers (0.112ms)
  ✔ extracts a first-page playlist name only from reliable page evidence (0.1035ms)
  ✔ requires every newly opened static page to be inspected and checkpointed before advancing again (0.066625ms)
  ✔ distinguishes checkpoint evidence from status artifacts and explains terminal selectors (0.093625ms)
✔ playlist importer browser guidance (1.479292ms)
▶ PlaylistImportModule interface
  ✔ returns an initial browser handoff projected during the first agent dispatch (7.148333ms)
  ✔ persists the import job before the run driver can project bootstrap observations (3.605333ms)
  ✔ returns immediately after accepting one run and replays the same start idempotently (4.745291ms)
  ✔ allows only one foreground import session at a time (5.115625ms)
  ✔ rejects invalid start targets before creating an Agent run (3.796375ms)
  ✔ includes write options in the idempotent frozen input (4.335167ms)
  ✔ rejects one idempotency key reused for different frozen input (3.6335ms)
  ✔ cancels pre-apply work without creating an empty playlist (5.153833ms)
  ✔ preserves a retryable recovery failure when apply invalidates after identity review (8.736916ms)
  ✔ retries a recoverable apply error after the target library becomes active again (6.073334ms)
  ✔ dispatches a same-session retry for a retryable discovery checkpoint (4.634209ms)
  ✔ clears a missing page checkpoint before dispatching a same-session retry (4.879875ms)
  ✔ coalesces concurrent retries with the same idempotency key before recovery side effects (4.153416ms)
  ✔ keeps discovery retry state in the foreground session instead of the durable product journal (4.128083ms)
  ✔ applies a foreground retry atomically without reserving a durable retry result (5.751209ms)
  ✔ discards a browser session when driver creation fails before persistence (3.893917ms)
✔ PlaylistImportModule interface (81.466667ms)
▶ PlaylistImportRepository
  ✔ keeps all import staging in the current SQLite connection only (6.805917ms)
  ✔ rejects credential-bearing source and detail URLs before staging them (0.447334ms)
  ✔ removes sensitive detail URL credentials and requires explicit user identity handling (6.962209ms)
  ✔ accepts a checkpoint after a source redirects between www and apex host variants (4.431958ms)
  ✔ fails an empty external list without creating an empty playlist (4.002834ms)
  ✔ fails discovery when the frozen run exceeds its wall-clock safety budget (4.251583ms)
  ✔ checkpoints every page before atomically creating/reusing videos and a new playlist (6.072333ms)
  ✔ assigns stable unique page order when numbered pagination rediscoveries overlap (4.80975ms)
  ✔ fails self-referential and A-to-B-to-A static pagination as PAGINATION_LOOP (5.433875ms)
  ✔ keeps legal duplicate pages when their concrete pagination frontiers differ (4.871875ms)
  ✔ fails a sealed dynamic page whose next URL only loops to an existing frontier (4.673083ms)
  ✔ keeps a declared page-total mismatch retryable and accepts a corrected checkpoint (4.778334ms)
  ✔ rejects a conflicting nonterminal page before sealing it and completes after correction (5.325334ms)
  ✔ restarts from the source when only the terminal page proves earlier totals wrong (9.212291ms)
  ✔ uses the first-page Agent suggestion when the user leaves the new playlist name empty (4.726958ms)
  ✔ keeps existing playlist links and deduplicates the source playlist URL when enabled (4.609625ms)
  ✔ falls back to the existing host-and-date name when the Agent returns no name (4.551208ms)
  ✔ does not let an Agent suggestion rename an append target (4.479791ms)
  ✔ skips unmatched items and omits detail links when both write options are disabled (4.988709ms)
  ✔ reuses a unique code match created after an auto-create-disabled preview (5.130208ms)
  ✔ persists target-library and target-playlist failures instead of leaving apply retry loops (7.252292ms)
  ✔ counts external convergence separately from videos already present before apply (6.047291ms)
  ✔ keeps multiple global code matches in the detail phase even when one is in the target library (4.656083ms)
  ✔ reuses a unique exact code discovered only on the detail page (5.052917ms)
  ✔ sends conflicting list and detail codes to user review without discarding list candidates (5.246583ms)
  ✔ rejects a stale direct-code decision when a duplicate appears before apply (4.997625ms)
  ✔ reopens identity resolution when another video claims the detail URL before apply (5.49625ms)
  ✔ returns target-library tiebreaks to identity review when memberships become stale (5.704292ms)
  ✔ persists an unexpected transactional apply failure and retries it atomically (5.316959ms)
  ✔ lets a unique strong detail match override the target library preference (5.769208ms)
  ✔ uses a canonical www detail link as a strong owner signal without duplicating it (5.502084ms)
  ✔ requires user review when independent strong detail signals conflict (5.6325ms)
  ✔ keeps a source owner outside the code candidates and blocks target-library tiebreaking (4.795375ms)
  ✔ invalidates the preview when a new source owner appears before apply (7.411625ms)
  ✔ treats source external-code and source-URL evidence as independent signals (5.77375ms)
  ✔ does not use the target library when complete business identity contradicts known candidates (4.877041ms)
  ✔ waits for the user when detail signals leave multiple cross-library candidates (5.310583ms)
  ✔ replays an identical page checkpoint and makes changed content recoverable (4.409792ms)
  ✔ makes a changed replay of a dynamic operation recoverable without duplicating the batch (4.570625ms)
  ✔ rolls a changed sealed dynamic page back with downstream frontiers and orphan items (69.665292ms)
  ✔ rejects a playlist name submitted after the first logical page (4.6825ms)
  ✔ persists and resumes a browser handoff without losing the current list frontier (4.929084ms)
  ✔ fails an expired browser handoff before persisting a resume checkpoint (3.85675ms)
  ✔ checkpoints overlapping virtual windows before sealing a continuous list (6.026625ms)
  ✔ persists host-owned load-more batches and seals only after the control disappears (5.330333ms)
  ✔ persists load-more no-progress and fails instead of retrying the same action (4.829334ms)
  ✔ fails the run instead of truncating a source that declares totals above the safety budget (3.468625ms)
  ✔ fails and rolls back a dynamic window above the per-batch candidate budget (5.676291ms)
✔ PlaylistImportRepository (314.065542ms)
▶ PlaylistImportAgentRunDriver scripted browser integration
  ✔ dispatches the conversation before the agent opens the frozen source page (7.187917ms)
  ✔ hands an initial challenge to the user through the agent browser tool (5.7395ms)
  ✔ requires the domain advance tool to claim a pending page before checkpointing it (9.169167ms)
  ✔ lets the agent choose how to return to frozen work after a handoff (4.922542ms)
  ✔ lets the agent hand a login page to the user immediately (4.0485ms)
  ✔ pauses for human verification when host-owned detail navigation hits a challenge (5.23075ms)
  ✔ replays a committed static page checkpoint after its response is lost (5.280416ms)
  ✔ replays a committed detail checkpoint after its response is lost (6.333042ms)
  ✔ restarts the changed dynamic page from its inbound frontier on product retry (6.1395ms)
  ✔ restarts a dynamic page with corrected declared totals after one product retry (9.625083ms)
  ✔ records an evidence-backed unsupported pagination report as an explicit terminal error (4.195792ms)
  ✔ requires a page checkpoint before advancing away from the current list page (4.564292ms)
  ✔ keeps a missing page checkpoint agent-correctable instead of locking the tool host (5.174334ms)
  ✔ does not expose status artifacts as eligible page-checkpoint evidence (3.259833ms)
  ✔ inspects an automatic login redirect but still rejects a checkpoint from it (4.133ms)
  ✔ checkpoints a finite recycled virtual list without gaps and binds evidence to every view (7.278459ms)
  ✔ normalizes a one-based stable position attribute into a continuous virtual list (7.6265ms)
  ✔ backtracks to the last anchor and halves the step when variable heights skip a window (7.621375ms)
  ✔ combines virtual scrolling with host-owned load-more and checkpoints the expanded window (1006.074875ms)
  ✔ retries a stalled virtual window once, then fails when it still cannot progress (5.884583ms)
✔ PlaylistImportAgentRunDriver scripted browser integration (1120.356291ms)
▶ playlistImportRecoverableToolFailure
  ✔ keeps only same-session timeout and changed-source failures retryable (0.295291ms)
✔ playlistImportRecoverableToolFailure (0.356542ms)
▶ PlaylistImporter ToolPack
  ✔ exposes static-page, virtual-window and detail checkpoints through one least-privilege pack (1.081375ms)
  ✔ lets the agent inspect and operate the same-site browser (0.250708ms)
  ✔ binds every declaration to a production handler (0.080875ms)
  ✔ accepts one optional page-evidenced name on the page checkpoint (0.061167ms)
  ✔ requires a mechanically verifiable terminal contract (0.05475ms)
  ✔ describes static pagination as navigation followed by a new page checkpoint (0.068ms)
  ✔ makes checkpoint evidence eligibility and terminal selector semantics explicit (0.226584ms)
✔ PlaylistImporter ToolPack (2.23775ms)
▶ playlistService media asset seam
  ✔ creates a playlist cover through MediaAssetStore and cleans it on delete (496.205083ms)
  ✔ deletes the previous cover only after a successful cover replacement (466.182166ms)
✔ playlistService media asset seam (962.840875ms)
▶ PluginBrowserCapabilityModule
  ✔ uses action-specific result budgets (0.483125ms)
  ✔ inlines complete small page-fact sections instead of keeping an oversized snapshot (34.822416ms)
  ✔ omits an oversized page-fact section as a whole and never returns a prefix (27.489542ms)
  ✔ returns an omitted artifact section through bounded cursor pages (84.952083ms)
  ✔ keeps every omitted delta section readable from the same artifact (47.429459ms)
  ✔ returns valid artifact sections and a catalog recovery action for an unknown section (26.171458ms)
  ✔ rejects read-section paths outside the browser artifact directory (4.761209ms)
  ✔ keeps a small localeLinks section when snapshot and content links are omitted (37.133792ms)
  ✔ hides oversized artifact string segments behind read-section pagination (41.544709ms)
  ✔ returns every captured page-fact item when the complete observation fits (18.733125ms)
  ✔ keeps the hard transport limit even when the page has unusually many fact sections (465.971834ms)
  ✔ marks evidence incomplete only when the complete page evidence was actually capped (28.042208ms)
  ✔ returns occurrence-aware ARIA and top-level page-fact deltas for one document (43.858208ms)
  ✔ treats a scroll view revision as a full observation and invalidates prior refs (29.076709ms)
  ✔ records a newly appeared pageFacts section after fill without throwing (36.782209ms)
  ✔ falls back explicitly to the artifact when a complete delta exceeds its budget (44.733834ms)
  ✔ isolates baselines by session and resets them when a lease is released (27.463959ms)
  ✔ unwraps evaluate values that were unnecessarily JSON-stringified (20.94425ms)
  ✔ keeps a successful action pending result successful and compact (26.863875ms)
  ✔ redacts typed text from the stored artifact (18.014583ms)
✔ PluginBrowserCapabilityModule (1066.290125ms)
▶ PluginDeveloper approval and lifecycle stability
  ✔ restores a legacy run with newly-invalid field ids as a repairable workspace (137.588084ms)
  ✔ clears every durable plugin-development history without touching other Agent use cases (43.781042ms)
  ✔ refuses to clear history while a plugin-development operation is running (0.439542ms)
  ✔ discards unrecoverable plugin-development history without touching recoverable runs (84.607917ms)
  ✔ waits for a slow terminal release before an immediate continuation reopens the run (1.05425ms)
  ✔ materializes a terminal workspace before lazy continuation projects native file tools (144.289459ms)
  ✔ projects Pi native file tools into the durable product timeline (128.471833ms)
  ✔ records exactly one domain error when a runtime fault transitions the run to failed (0.286916ms)
  ✔ surfaces an unpersistable runtime fault and resolves the active operation (0.213417ms)
  ✔ publishes the reduced active context immediately after Pi compaction (0.226833ms)
  ✔ keeps a transient invalid workspace recoverable and resyncs after a valid rewrite (149.166ms)
  ✔ streams provider reasoning and answer while persisting each only once per completed turn (71.782917ms)
  ✔ bounds one displayed reasoning block and reports the original character count (2.012459ms)
  ✔ revokes an approved permit when Pi rejects the approval continuation (0.233041ms)
  ✔ does not consume an approval while the operation that emitted waiting_user is still settling (0.125042ms)
  ✔ binds a typed choice to the exact request without treating it as user feedback (463.949417ms)
  ✔ resumes a typed browser interaction without turning completion into defect feedback (0.16775ms)
  ✔ keeps a mechanically ready artifact waiting for user after Pi settles (118.807042ms)
  ✔ requires real feedback before continuing a mechanically ready artifact (111.731958ms)
  ✔ keeps readiness for dev-notes edits but invalidates it for package edits (152.054083ms)
  ✔ does not run hidden production execution when Pi settles without a current artifact (134.80525ms)
  ✔ projects a model-turn limit into waiting_user/working without running a hidden check (137.468917ms)
  ✔ allows installation only for the exact full production execution artifact (0.588166ms)
  ✔ marks the session completed only after the accepted artifact is installed (0.283375ms)
  ✔ adopts the installed display name when install renames to avoid a conflict (135.730083ms)
  ✔ persists the renamed installed package onto settled product state (158.833917ms)
  ✔ releases only PluginDeveloper-owned runs during application disposal (0.241833ms)
✔ PluginDeveloper approval and lifecycle stability (2180.051792ms)
✔ uses the indexed journal cursor for active and persisted plugin snapshots (0.401292ms)
✔ preserves incremental logs across stale-runtime cancellation, cold snapshot, restore and export (1418.815875ms)
✔ keeps the migrated work log reference when runtime reopen fails during recovery (445.277542ms)
✔ retries closed workspaces with intact or corrupted state without rewriting diagnostic data (397.600416ms)
✔ serializes cleanup admission and drains safely: {"initial":"clear","fail":false,"dispose":true} (322.167958ms)
✔ serializes cleanup admission and drains safely: {"initial":"discard","fail":true,"dispose":true} (355.726375ms)
✔ serializes cleanup admission and drains safely: {"initial":"clear","fail":true,"dispose":false} (352.308ms)
▶ PluginExecutionModule
  ✔ passes only the typed actress runtime identity and preserves production facts (18.077625ms)
  ✔ records rejected production results without adding semantic issue classifications (18.60475ms)
  ✔ does not accept undefined or runtime-only output as a material production result (14.940416ms)
  ✔ does not accept a video source link without any material scraped field (14.871458ms)
  ✔ treats a full empty contract return as unmatched targets, not a broken shape (0.175625ms)
✔ PluginExecutionModule (67.279208ms)
▶ PluginRunAcceptanceModule
  ✔ accepts an exact full production artifact without judging content or manifest coverage (1.904584ms)
  ✔ keeps readiness when only the plugin display name changes (0.142208ms)
  ✔ rejects targeted, stale package, stale target, stale runtime, and failed execution artifacts (0.286958ms)
  ✔ never accepts a vacuous full execution with no session targets or cases (0.078875ms)
  ✔ treats a successful proper-subset run as wrong_scope, not execution_failed (0.066875ms)
  ✔ keeps execution_failed when a targeted subset itself failed (0.065875ms)
✔ PluginRunAcceptanceModule (2.948041ms)
▶ PluginWorkspaceModule
  ✔ starts create mode without a requested or predeclared field set (0.967541ms)
  ✔ materializes a Pi-native file workspace and rebuilds a normalized package (119.508959ms)
  ✔ treats workspace files as authoritative and changes the artifact hash after an edit (139.945542ms)
  ✔ keeps Pi dev notes outside the plugin artifact and preserves them across instruction refreshes (187.919625ms)
  ✔ atomically records completed execution facts and the current acceptance projection (137.966167ms)
  ✔ updates current acceptance without overwriting the latest execution facts (150.102583ms)
  ✔ does not reinterpret a removed workspace field declaration as all fields (124.339333ms)
  ✔ refreshes v4 host resources without overwriting the draft or decisions (183.581291ms)
  ✔ preserves same-kind legacy targets only when current input has none (246.730625ms)
  ✔ keeps current instruction resources frozen when the workspace is reopened (139.058375ms)
  ✔ preserves an older frozen instruction set while restoring an existing run (125.844417ms)
✔ PluginWorkspaceModule (1556.649667ms)
✔ awaits asynchronous removal without recursively deleting through the synchronous API (33.162709ms)
▶ PluginDevInstructionModule
  ✔ keeps the system prompt limited to identity, workspace and host boundaries (0.837333ms)
  ✔ makes javdex-plugin-dev the only owner of the development workflow (2.264ms)
  ✔ orders page-level search and detail code checkpoints for video and actress skills (0.432125ms)
  ✔ generates isolated result contracts and workflow examples for each plugin kind (0.375125ms)
  ✔ marks field documentation as a query table rather than an implementation checklist (0.13ms)
  ✔ preserves a resolved choice and reassesses the remaining blocker (0.076ms)
  ✔ resumes a completed browser handoff from the interrupted location (0.034708ms)
  ✔ uses the host initial dry-run in debug mode without requesting a duplicate run (0.307541ms)
  ✔ starts create from the Skill instead of a five-file reading ritual (0.111958ms)
  ✔ generates stable v1 resources for identical inputs (0.411083ms)
  ✔ applies user feedback without manufacturing an extra development round (0.052ms)
  ✔ treats the resume button as continuation rather than new defect feedback (0.050083ms)
  ✔ exposes only dry-run, typed user input and the browser adapter tools (0.107417ms)
✔ PluginDevInstructionModule (5.77725ms)
▶ PluginDeveloper v1 tool executor
  ✔ rejects removed domain tools (124.350167ms)
  ✔ rejects URL-shaped targets without replacing the initial dry-run state (121.751083ms)
  ✔ preserves the prior latest facts while the workspace is temporarily invalid (112.852416ms)
  ✔ adopts the first legal explicit targets immediately and exposes runtime facts (166.967208ms)
  ✔ emits adopted targets before the production runner settles (166.915166ms)
  ✔ replaces session targets after a full unmatched execution (161.723833ms)
  ✔ keeps later explicit targets targeted when the last full run was not an empty miss (123.1625ms)
  ✔ uses later explicit targets only for targeted diagnostics (158.929792ms)
  ✔ treats explicit targets that cover the session set as a full run (123.790458ms)
  ✔ allows the fourth and tenth real executions without an attempt limit (236.959792ms)
  ✔ reads an artifact section without acquiring the live browser lease (144.01925ms)
  ✔ maps bounded scroll arguments to the shared browser command (144.938959ms)
  ✔ terminates on browser busy without replacing the initial dry-run state (148.923291ms)
  ✔ does not replace the initial dry-run state when Cloudflare interrupts the run (134.667083ms)
  ✔ preserves the prior latest facts when a real execution is cancelled (143.061542ms)
✔ PluginDeveloper v1 tool executor (2213.957792ms)
▶ plugin developer Cloudflare handoff
  ✔ retains the browser only for browser interaction handoff requests (0.506708ms)
  ✔ recognizes the typed browser challenge signal (0.104417ms)
  ✔ turns browser action=open challenge into an immediate waiting_user handoff (122.048167ms)
  ✔ presents the helper and creates a typed login handoff without running a Playwright action (137.147083ms)
  ✔ returns typed recovery errors for uncertain actions and pending explicit observations (94.27275ms)
✔ plugin developer Cloudflare handoff (354.751ms)
▶ PluginDeveloper ToolPack v1
  ✔ matches the compact Pi-native schema in stable order (0.794292ms)
  ✔ classifies dry-run, browser reads/interactions and secret typing explicitly (0.080584ms)
  ✔ governs every remaining host capability through permission, abort and ledger (8.156417ms)
✔ PluginDeveloper ToolPack v1 (9.385458ms)
▶ pluginDevAgent workLog
  ✔ records full tool detail and builds an exportable timeline (13.039125ms)
  ✔ never exports a failed terminal state without an error event (0.223375ms)
✔ pluginDevAgent workLog (13.632ms)
✔ migrates a legacy log once, preserves message/event order, and reads only its committed journal interval (16.276916ms)
✔ rolls back journal appends when product state commit fails and retries without duplicates (1.099416ms)
✔ rejects changed legacy prefixes, shrinking histories, missing rows and malformed references without rewriting data (1.34725ms)
✔ keeps logical state+journal writes linear for 1k, 10k and 100k log entries (4987.961541ms)
ℹ {"results":[{"entries":1000,"stateBytes":110786,"journalBytes":131780},{"entries":10000,"stateBytes":1127788,"journalBytes":1337780},{"entries":100000,"stateBytes":11477790,"journalBytes":13577780}],"scope":"In-memory SQLite logical JSON bytes; outer transaction amortizes test setup. Not WAL/device bytes, fsync latency, UI or cold recovery memory acceptance."}
▶ pluginDevCodeEdit
  ✔ replace_snippet swaps a unique fragment (1.312292ms)
  ✔ replace_snippet rejects non-unique oldText (0.1435ms)
  ✔ replace_snippet picks match nearest nearLine (0.27625ms)
  ✔ replace_function can replace a top-level helper (0.368542ms)
  ✔ replace_function rejects re-declaring helper inside parseActress block (0.185209ms)
  ✔ listTopLevelFunctions returns names with line ranges (0.707125ms)
  ✔ findDuplicateTopLevelBindings detects duplicate function names (0.046417ms)
✔ pluginDevCodeEdit (3.480167ms)
▶ pluginDevPageFormat
  ✔ formats definition lists and dom regions for prompts (0.586792ms)
  ✔ formats inspect locale anchors without treating them as a language API (0.172834ms)
  ✔ includes link region markers (0.086292ms)
  ✔ builds full page insight prompt (0.360708ms)
  ✔ keeps forms and prioritized links when raw DOM regions are very large (0.53525ms)
✔ pluginDevPageFormat (2.199459ms)
▶ pluginDevService
  ✔ preserves an explicit empty supportedFields list for an undiscovered create draft (4.102208ms)
  ✔ rejects parse result keys used as supportedFields instead of silently dropping them (10.808667ms)
  ✔ wraps generated bare parseVideo functions before dry-run (67.337292ms)
  ✔ reports unrecognized raw result keys before normalization without suggestions (58.238542ms)
  ✔ preserves every normalized video candidate during dry-run (61.854458ms)
  ✔ rejects a video result whose code does not match the requested target (66.950875ms)
  ✔ wraps generated bare parseActress functions before dry-run (64.023125ms)
  ✔ reports legal manifest field ids even when the compatibility projection accepts an empty declaration (66.993708ms)
  ✔ coerces actress numeric and date strings during dry-run (67.970291ms)
  ✔ returns actress identity facts without adding a semantic target rejection (57.811167ms)
✔ pluginDevService (526.950333ms)
✔ coalesces a large burst and flushes the final value without leaking a timer (3.885208ms)
✔ limits continuous progress to ten updates per second plus the final flush (0.522375ms)
✔ replaces pending progress with an immediate state and can publish the next state (0.13225ms)
✔ normalizeProxyUrl accepts common proxy schemes (0.427708ms)
✔ normalizeProxyUrl rejects empty and invalid values (0.245917ms)
▶ public HTTP fetch
  ✔ rejects private literals and hostnames resolving to private addresses (3.389292ms)
  ✔ connects to the validated address while preserving the logical host (21.138583ms)
  ✔ validates redirect destinations and caps streamed response bytes (0.671375ms)
  ✔ applies one timeout budget to URL validation and the request (31.34625ms)
  ✔ closes a pending SOCKS connection when the request deadline expires (63.465292ms)
✔ public HTTP fetch (120.587167ms)
▶ resourceLessVideoCleanupService
  ✔ deletes only zero-resource videos and removes their relations and owned images (554.310583ms)
  ✔ protects zero-resource videos while any playlist still references them (357.528583ms)
  ✔ counts and cleans assets only after the final guarded delete succeeds (472.763375ms)
✔ resourceLessVideoCleanupService (1385.098417ms)
✔ matches legacy raw pages, filtered views, header and compatibility readers for published entries (538.597334ms)
✔ keeps all unpublished states unavailable and preserves source, index and page budgets (444.762167ms)
✔ rejects published metadata with wrong identities or embedded collections instead of silently overriding it (683.560583ms)
✔ reuses one index and releases it before changes, revision failures and disposal (0.865416ms)
✔ expires an idle index, resets the deadline on use and cancels expiry on disposal (0.279ms)
✔ upgrades raw to combined views with one live index, then reuses it for both operations (0.171125ms)
✔ matches legacy validation and folded path membership across all permitted sources (458.290917ms)
✔ uses the latest non-null run, ignores summary identity and allows indexed unrecognized paths without parsing bad audit (355.893208ms)
✔ never parses the complete body in JavaScript and validates later entries after an early path match (576.06725ms)
✔ keeps authorization on one WAL snapshot when a writer replaces the audit during entry validation (301.683834ms)
✔ fails closed on duplicate known fields and object strings instead of object entries (394.563875ms)
✔ checks the trusted source cap before parsing json JSON (293.221ms)
✔ checks the trusted source cap before parsing entries JSON (360.07725ms)
✔ matches the legacy permission oracle for published entries and ignores unpublished manifests (340.917375ms)
✔ rejects invalid entry metadata, hidden collections, duplicate identity and mismatched published identity (575.228292ms)
✔ validates every entry after a match and checks file key identity without weakening legacy validators (517.776917ms)
✔ streams published entries in ordinal order with small JS parses and one WAL snapshot (725.880667ms)
✔ pages every section with stable ordinal, filtered totals and independent results (417.549458ms)
✔ holds an immutable copied snapshot across writer changes and leaves main schema/data unchanged (413.52075ms)
✔ rejects source/index/page budget overflows without truncation and can rebuild after failure (302.813333ms)
✔ rejects wrong scope, mismatched versions/identity, malformed collections and non-object entries (490.288375ms)
✔ copies all collections from one read snapshot when the writer commits during construction (343.899208ms)
✔ matches every historical view field/order across combined filters, Unicode search and pages (1010.027708ms)
✔ locates failed-view anchors, clamps shrink/overflow, and keeps copied pending-path state (919.376625ms)
✔ rejects invalid view inputs and oversized output without mutating the source (780.960709ms)
✔ reuses one bounded search result across pages and restores read-only mode after TEMP exhaustion (940.935583ms)
✔ preserves pending paths without an audit body only for the exact current summary (1026.972875ms)
✔ does not hide corrupt or over-budget audit bodies behind unrecognized-only fallback (1007.882792ms)
▶ ScrapeJobController
  ✔ flushes and detaches UI progress on rejection before accepting another batch (4.322167ms)
  ✔ coalesces video UI progress while preserving checkpoints and done delivery (22.560916ms)
  ✔ coalesces video UI progress while preserving checkpoints and paused delivery (16.373042ms)
  ✔ coalesces video UI progress while preserving checkpoints and cancelled delivery (14.381292ms)
  ✔ coalesces actress UI progress while preserving checkpoints and done delivery (14.442542ms)
  ✔ coalesces actress UI progress while preserving checkpoints and paused delivery (14.787083ms)
  ✔ coalesces actress UI progress while preserving checkpoints and cancelled delivery (13.816625ms)
  ✔ preserves media-library scope through batch count and start orchestration (0.311417ms)
  ✔ rejects a single-video scrape outside the requesting active media library (0.314833ms)
  ✔ forwards an explicit director choice and returns structured classification outcomes (0.115375ms)
  ✔ serializes single video and actress scrape runs (0.109708ms)
  ✔ pauses an interrupted persisted job during initialization (0.128959ms)
  ✔ recovers an on-disk running checkpoint as paused after restart (84.486417ms)
  ✔ publishes progress and supports pause, resume, and discard for persisted batches (0.642583ms)
  ✔ prevents starting a scrape batch while automatic crop owns the batch lock (0.094583ms)
✔ ScrapeJobController (187.776875ms)
▶ ScraperDelayController
  ✔ starts the next same-site interval after the previous access finishes (16.127ms)
✔ ScraperDelayController (16.468792ms)
▶ ScraperPluginCatalog
  ✔ restores the configured default after deleting a selected plugin (1.108375ms)
✔ ScraperPluginCatalog (1.4335ms)
▶ ScraperServiceConfiguration
  ✔ keeps scraper service IPC policy behind one application boundary (1.044792ms)
✔ ScraperServiceConfiguration (1.404458ms)
▶ SequentialBatchQueue
  ✔ counts success, pending, and failure as disjoint processed outcomes (1.062958ms)
  ✔ pauses after the current target and resumes from checkpoint (0.2085ms)
✔ SequentialBatchQueue (1.692416ms)
▶ seriesMergeService
  ✔ merges an explicit source into the target and transfers videos and direct children (438.755667ms)
  ✔ adopts the source cover only when the target has no formal cover (319.595209ms)
  ✔ rejects a merged name collision in the final owner scope without changing relations (459.56475ms)
  ✔ rejects a merge that would move an ancestor branch below its descendant (448.436292ms)
  ✔ collapses a direct source-to-target hierarchy without making the target its own parent (509.86925ms)
  ✔ rolls back profile, video, and child changes when the database transaction fails (422.999625ms)
  ✔ commits the merge and reports an obsolete source cover cleanup failure (507.314ms)
  ✔ rejects using the same series as target and source (429.959208ms)
✔ seriesMergeService (3537.404209ms)
✔ reuses canonical query pages, isolates caller mutations, and invalidates local and external writes (426.704ms)
✔ bypasses cached pages inside transactions and never publishes data that is rolled back (325.247333ms)
✔ evicts least recently used pages and validates raw search before cache lookup (358.370292ms)
✔ evicts by serialized byte budget before eight large pages accumulate (537.909666ms)
✔ observes an external commit during a read and refreshes on the next call (475.254916ms)
✔ does not cache a failed read and allows the same query to retry (445.516958ms)
✔ separates connections even when their revision counters match (923.376667ms)
✔ binds a separate cache and repository to a readonly connection, without using the writer getter (298.520833ms)
▶ videoBatchScrapeQueue feedback
  ✔ identifies scoped and global target sets in batch status text (0.383709ms)
  ✔ preserves and revalidates the original library scope when resuming a checkpoint (0.670958ms)
  ✔ revalidates every frozen scoped target immediately before scraping (0.089417ms)
  ✔ formats success, skip, and partial-warning outcomes distinctly (0.088792ms)
  ✔ counts a persisted multi-candidate result as pending instead of success or failure (0.034625ms)
✔ videoBatchScrapeQueue feedback (1.719959ms)
▶ video lifecycle service
  ✔ cleans app-owned and pending assets while never receiving source media paths (1.2465ms)
  ✔ retries cleanup safely when the repository replays an idempotent result (0.127292ms)
  ✔ deletes managed source files before committing the global video record (0.110208ms)
✔ video lifecycle service (1.883875ms)
Staged video file remains queued for deletion: /var/folders/h4/zxrt6zwx6dv1n16kwxzltqgh0000gn/T/javdex-video-maintenance-policy-hwpGTb/media-root/IPX-535.mp4.javdex-delete-e26a1214-1a19-4a40-b94c-3be41bfb1ec6 Error: file is busy
    at unlinkSync (/Users/nut/Project/JavdexLabs/Javdex/src/main/services/videoMaintenanceService.test.ts:1053:15)
    at finalizeStagedLocalFiles (/Users/nut/Project/JavdexLabs/Javdex/src/main/services/videoMaintenanceService.ts:389:9)
    at withStagedLocalFileDeletion (/Users/nut/Project/JavdexLabs/Javdex/src/main/services/videoMaintenanceService.ts:414:7)
    at <anonymous> (/Users/nut/Project/JavdexLabs/Javdex/src/main/services/videoMaintenanceService.ts:486:7)
    at <anonymous> (/Users/nut/Project/JavdexLabs/Javdex/src/main/services/mediaAssetStore.ts:506:24)
    at AsyncLocalStorage.run (node:internal/async_local_storage/async_context_frame:63:14)
    at MediaAssetStore.runCoordinatedChange (/Users/nut/Project/JavdexLabs/Javdex/src/main/services/mediaAssetStore.ts:504:31)
    at MediaAssetStore.coordinateDatabaseChange (/Users/nut/Project/JavdexLabs/Javdex/src/main/services/mediaAssetStore.ts:465:17)
    at MediaAssetStore.runInCoordinatedChange (/Users/nut/Project/JavdexLabs/Javdex/src/main/services/mediaAssetStore.ts:475:17)
    at removeResource (/Users/nut/Project/JavdexLabs/Javdex/src/main/services/videoMaintenanceService.ts:468:5)
Staged video file remains queued for deletion: /var/folders/h4/zxrt6zwx6dv1n16kwxzltqgh0000gn/T/javdex-video-maintenance-policy-fmQTb1/media-root/IPX-535.mp4.javdex-delete-c9911e8c-ef00-4b03-bbeb-7200b94bd038 Error: 只能操作身份有效的启用媒体库根目录内文件
    at rejectManagedRootFile (/Users/nut/Project/JavdexLabs/Javdex/src/main/services/mediaLibraryRootFileGuard.ts:32:9)
    at requireCurrentRootIdentity (/Users/nut/Project/JavdexLabs/Javdex/src/main/services/mediaLibraryRootFileGuard.ts:86:5)
    at assertRootFile (/Users/nut/Project/JavdexLabs/Javdex/src/main/services/mediaLibraryRootFileGuard.ts:98:27)
    at assertMediaLibraryRootDeletionTarget (/Users/nut/Project/JavdexLabs/Javdex/src/main/services/mediaLibraryRootFileGuard.ts:182:3)
    at assertDeletionAllowed (/Users/nut/Project/JavdexLabs/Javdex/src/main/services/videoMaintenanceService.ts:484:9)
    at finalizeStagedLocalFiles (/Users/nut/Project/JavdexLabs/Javdex/src/main/services/videoMaintenanceService.ts:388:9)
    at withStagedLocalFileDeletion (/Users/nut/Project/JavdexLabs/Javdex/src/main/services/videoMaintenanceService.ts:414:7)
    at <anonymous> (/Users/nut/Project/JavdexLabs/Javdex/src/main/services/videoMaintenanceService.ts:486:7)
    at <anonymous> (/Users/nut/Project/JavdexLabs/Javdex/src/main/services/mediaAssetStore.ts:506:24)
    at AsyncLocalStorage.run (node:internal/async_local_storage/async_context_frame:63:14)
Failed to recover pending local file deletion: /var/folders/h4/zxrt6zwx6dv1n16kwxzltqgh0000gn/T/javdex-video-maintenance-policy-5gNiqS/offline-volume/movie.mp4.javdex-delete-interrupted Error: 暂存文件所在存储当前不可用
    at recoverPendingLocalFileDeletions (/Users/nut/Project/JavdexLabs/Javdex/src/main/services/pendingLocalFileDeletionService.ts:48:46)
    at TestContext.<anonymous> (/Users/nut/Project/JavdexLabs/Javdex/src/main/services/videoMaintenanceService.test.ts:1243:22)
    at Test.runInAsyncScope (node:async_hooks:227:14)
    at Test.run (node:internal/test_runner/test:1325:25)
    at Suite.processPendingSubtests (node:internal/test_runner/test:911:18)
    at Test.postRun (node:internal/test_runner/test:1465:19)
    at Test.run (node:internal/test_runner/test:1390:12)
    at async Suite.processPendingSubtests (node:internal/test_runner/test:911:7)
Failed to recover pending local file deletion: /var/folders/h4/zxrt6zwx6dv1n16kwxzltqgh0000gn/T/javdex-video-maintenance-policy-dQUHsH/media-root/IPX-535.mp4.javdex-delete-before-rename Error: 原文件所在存储当前不可用
    at recoverPendingLocalFileDeletions (/Users/nut/Project/JavdexLabs/Javdex/src/main/services/pendingLocalFileDeletionService.ts:40:19)
    at TestContext.<anonymous> (/Users/nut/Project/JavdexLabs/Javdex/src/main/services/videoMaintenanceService.test.ts:1289:22)
    at Test.runInAsyncScope (node:async_hooks:227:14)
    at Test.run (node:internal/test_runner/test:1325:25)
    at Suite.processPendingSubtests (node:internal/test_runner/test:911:18)
    at Test.postRun (node:internal/test_runner/test:1465:19)
    at Test.run (node:internal/test_runner/test:1390:12)
    at async Suite.processPendingSubtests (node:internal/test_runner/test:911:7)
Failed to recover pending local file deletion: /var/folders/h4/zxrt6zwx6dv1n16kwxzltqgh0000gn/T/javdex-video-maintenance-policy-M4t1ff/media-root/missing.mp4.javdex-delete-missing Error: 暂存文件和原文件均不存在
    at recoverPendingLocalFileDeletions (/Users/nut/Project/JavdexLabs/Javdex/src/main/services/pendingLocalFileDeletionService.ts:40:19)
    at TestContext.<anonymous> (/Users/nut/Project/JavdexLabs/Javdex/src/main/services/videoMaintenanceService.test.ts:1321:22)
    at Test.runInAsyncScope (node:async_hooks:227:14)
    at Test.run (node:internal/test_runner/test:1325:25)
    at Suite.processPendingSubtests (node:internal/test_runner/test:911:18)
    at Test.postRun (node:internal/test_runner/test:1465:19)
    at Test.run (node:internal/test_runner/test:1390:12)
    at async Suite.processPendingSubtests (node:internal/test_runner/test:911:7)
▶ VideoMaintenanceService
  ✔ creates and reuses organization identities while editing video metadata (495.53475ms)
  ✔ rolls back video fields when organization assignment fails (495.59975ms)
  ✔ creates or appends HTTP resources without scraping and keeps one primary resource (541.965958ms)
  ✔ normalizes a manually entered code before attaching a resource (445.103792ms)
  ✔ attaches a normalized link to an existing legacy lowercase code (523.198625ms)
  ✔ reports the owning video when a normalized HTTP resource already exists (419.379709ms)
  ✔ imports Magnet and ED2K resources and deduplicates their protocol identities (381.075333ms)
  ✔ keeps STRM targets read-only while editing metadata and safely deletes the source file (364.688542ms)
  ✔ restores a staged STRM source and rolls back removal when primary promotion fails (364.188458ms)
  ✔ refuses to remove an active-root STRM source after the root path is replaced (321.067208ms)
  ✔ edits metadata, status, rating, poster, and manual tags (285.05925ms)
  ✔ attaches the exact selected long-name tag, promotes scraped origin, and rejects deleted selections (334.130375ms)
  ✔ rolls back tag creation or origin promotion when updating the video fails (202.923792ms)
  ✔ imports and deletes a local sample in the temporary media directory (360.41175ms)
  ✔ switches the primary resource and deletes only the selected local resource (358.117834ms)
  ✔ restores a staged local file and rolls back resource removal when promotion fails (301.194458ms)
  ✔ sets any resource as primary and promotes deterministic fallbacks after removal (424.864917ms)
  ✔ does not promote an inaccessible local resource over an available web link (305.025917ms)
  ✔ requires an explicit decision when manually removing the last resource (307.89625ms)
  ✔ never turns last-resource removal into a global deletion (308.905416ms)
  ✔ rejects every resource mutation for missing or archived media libraries (352.28075ms)
  ✔ updates only the display label of a local resource (267.486792ms)
  ✔ removes a symbolic-link resource without deleting its target file (310.134375ms)
  ✔ refuses to remove a disabled-root resource after the root path is replaced (322.026792ms)
  ✔ rejects local source deletion for every non-active root state before staging (303.009333ms)
  ✔ rejects physical source deletion when the resource has no root ownership (248.946459ms)
  ✔ skips unmanaged source files when deleting a video globally (271.052625ms)
  ✔ corrects an imported code (306.949209ms)
  ✔ persists a committed cleanup task when resource-file deletion must be retried (317.952083ms)
  ✔ revalidates the root identity before unlinking an already staged source (317.012791ms)
  ✔ does not delete resource records when the file storage cannot be audited (257.845291ms)
  ✔ adopts an interrupted prepared task when resource removal is retried (337.946916ms)
  ✔ does not adopt a prepared resource-removal task when the original path was replaced (324.270125ms)
  ✔ restores an interrupted pre-commit file staging task (309.659167ms)
  ✔ keeps a cleanup task queued while its original storage is unavailable (248.973083ms)
  ✔ finishes cleanup after a storage remount changes its device id (305.159667ms)
  ✔ retains a pre-rename prepared task when another device occupies the original path (281.03025ms)
  ✔ retains prepared state and database records when both file paths are missing (283.763875ms)
  ✔ keeps the prepared task when storage disappears during resource-removal rollback (345.956875ms)
  ✔ clears scraped metadata and relations but keeps manual tags (371.967583ms)
  ✔ corrects to an already used code without implicitly merging videos (350.00925ms)
  ✔ explicitly merges same-code videos while preserving the chosen id and primary resource (381.019833ms)
  ✔ unions manual tags but keeps the retained scraped-tag field as a whole (374.816834ms)
  ✔ unions cast, playlists, sources, and ratings while preserving retained conflicts and scrape history (381.380125ms)
  ✔ merges cover, poster, and sample fields as whole sets and reclaims only unused media (291.999958ms)
  ✔ rejects a merge whose combined identity belongs to a third video (120.840875ms)
  ✔ rolls back an ordinary merge when deleting the source record fails (83.209292ms)
  ✔ rejects merging videos with different normalized codes (53.16825ms)
  ✔ uses the normal availability-aware promotion rule when neither merged video has a primary (64.106208ms)
  ✔ splits a non-primary resource into a metadata-empty pending-identity video (58.47125ms)
  ✔ blocks primary splitting and rolls back a failed non-primary split (58.508292ms)
  ✔ locks metadata while a video scrape result is pending but still allows resource splitting (67.967375ms)
  ✔ requires confirmation before correcting a pending video and clears staging atomically (61.051333ms)
  ✔ rolls back the whole edit when it would create a complete business identity conflict (80.849667ms)
  ✔ stores related links on a video and returns them on detail (84.315125ms)
  ✔ rejects invalid related links and keeps the previous list (101.305875ms)
  ✔ keeps related links when clearing scraped metadata (87.21625ms)
  ✔ allows related-link edits while a video scrape result is pending (105.968625ms)
  ✔ unions related links on merge with the retained video first (117.075083ms)
  ✔ leaves related links on the original video when splitting a resource (78.478ms)
✔ VideoMaintenanceService (16628.004667ms)
▶ VideoQueryService
  ✔ lists videos and reads their detail without mutating library state (413.712791ms)
  ✔ redacts external resource locators in detail projections until explicitly requested (457.162875ms)
  ✔ projects a STRM source path while keeping its complete target main-process only (514.408917ms)
✔ VideoQueryService (1385.779292ms)
▶ VideoResourceLinkService
  ✔ tests a direct link and returns Content-Length when available (0.784ms)
  ✔ returns a non-throwing failure without echoing a sensitive query (0.131292ms)
  ✔ routes checks through the hardened public HEAD transport (0.102083ms)
✔ VideoResourceLinkService (1.553458ms)
▶ videoScrapeApplyService.resolveEffectiveScrapeFields
  ✔ fillEmpty keeps only empty scalar fields (611.672375ms)
  ✔ fillEmpty evaluates female and male cast independently (658.507667ms)
  ✔ replaceIfPresent keeps all selected fields regardless of current values (558.986208ms)
  ✔ fillEmpty includes cast fields when video has no performers (482.790583ms)
✔ videoScrapeApplyService.resolveEffectiveScrapeFields (2312.463459ms)
▶ videoScrapeApplyService.planVideoScrapeResult update matrix
  ✔ title follows fillEmpty semantics for every current and scraped value state (432.125166ms)
  ✔ title follows replaceIfPresent semantics for every current and scraped value state (430.878083ms)
  ✔ title follows replace semantics for every current and scraped value state (454.091375ms)
  ✔ summary follows fillEmpty semantics for every current and scraped value state (404.656334ms)
  ✔ summary follows replaceIfPresent semantics for every current and scraped value state (421.439083ms)
  ✔ summary follows replace semantics for every current and scraped value state (406.563792ms)
  ✔ cover follows fillEmpty semantics for every current and scraped value state (435.828125ms)
  ✔ cover follows replaceIfPresent semantics for every current and scraped value state (425.857084ms)
  ✔ cover follows replace semantics for every current and scraped value state (502.13225ms)
  ✔ releaseDate follows fillEmpty semantics for every current and scraped value state (490.724792ms)
  ✔ releaseDate follows replaceIfPresent semantics for every current and scraped value state (414.962666ms)
  ✔ releaseDate follows replace semantics for every current and scraped value state (384.202875ms)
  ✔ maker follows fillEmpty semantics for every current and scraped value state (341.955208ms)
  ✔ maker follows replaceIfPresent semantics for every current and scraped value state (358.757708ms)
  ✔ maker follows replace semantics for every current and scraped value state (424.112291ms)
  ✔ publisher follows fillEmpty semantics for every current and scraped value state (430.940458ms)
  ✔ publisher follows replaceIfPresent semantics for every current and scraped value state (392.895667ms)
  ✔ publisher follows replace semantics for every current and scraped value state (355.991167ms)
  ✔ series follows fillEmpty semantics for every current and scraped value state (364.030208ms)
  ✔ series follows replaceIfPresent semantics for every current and scraped value state (410.96925ms)
  ✔ series follows replace semantics for every current and scraped value state (398.000333ms)
  ✔ director follows fillEmpty semantics for every current and scraped value state (397.9015ms)
  ✔ director follows replaceIfPresent semantics for every current and scraped value state (351.678125ms)
  ✔ director follows replace semantics for every current and scraped value state (420.311792ms)
  ✔ duration follows fillEmpty semantics for every current and scraped value state (423.087541ms)
  ✔ duration follows replaceIfPresent semantics for every current and scraped value state (366.786416ms)
  ✔ duration follows replace semantics for every current and scraped value state (361.030833ms)
  ✔ actressesFemale follows fillEmpty semantics for every current and scraped value state (384.764667ms)
  ✔ actressesFemale follows replaceIfPresent semantics for every current and scraped value state (415.282208ms)
  ✔ actressesFemale follows replace semantics for every current and scraped value state (228.544375ms)
  ✔ actressesMale follows fillEmpty semantics for every current and scraped value state (127.125166ms)
  ✔ actressesMale follows replaceIfPresent semantics for every current and scraped value state (69.477209ms)
  ✔ actressesMale follows replace semantics for every current and scraped value state (61.1875ms)
  ✔ tags follows fillEmpty semantics for every current and scraped value state (78.230666ms)
  ✔ tags follows replaceIfPresent semantics for every current and scraped value state (73.901292ms)
  ✔ tags follows replace semantics for every current and scraped value state (66.79925ms)
  ✔ source follows fillEmpty semantics for every current and scraped value state (84.041541ms)
  ✔ source follows replaceIfPresent semantics for every current and scraped value state (90.106292ms)
  ✔ source follows replace semantics for every current and scraped value state (131.764958ms)
  ✔ rating follows fillEmpty semantics for every current and scraped value state (117.478208ms)
  ✔ rating follows replaceIfPresent semantics for every current and scraped value state (112.522417ms)
  ✔ rating follows replace semantics for every current and scraped value state (104.51725ms)
  ✔ samples follows fillEmpty semantics for every current and scraped value state (94.855417ms)
  ✔ samples follows replaceIfPresent semantics for every current and scraped value state (50.407833ms)
  ✔ samples follows replace semantics for every current and scraped value state (64.074541ms)
✔ videoScrapeApplyService.planVideoScrapeResult update matrix (13358.880375ms)
▶ videoScrapeApplyService.applyScrapeResult
  ✔ builds a read-only plan before applying field changes (54.434458ms)
  ✔ applies scalar fields consistently across the three update modes (91.929875ms)
  ✔ does not record a successful scrape when no selected field can be written (64.157625ms)
  ✔ clears only the selected source site metadata in replace mode (103.49825ms)
  ✔ preserves existing cover and warns when a returned image is unavailable (88.774791ms)
  ✔ keeps the complete old sample set when any returned sample is unavailable (59.767291ms)
  ✔ replaces selected relation sets while preserving manual tags and the other cast gender (95.666709ms)
  ✔ keeps a committed scrape successful when post-commit library cleanup fails (77.292041ms)
  ✔ does not roll back scraped tags when orphan-tag cleanup fails after commit (69.463833ms)
  ✔ reuses the unique name owner for canonically equivalent scraped cast names (55.064333ms)
  ✔ does not create or link an actress for a migrated pending cast name (57.792542ms)
  ✔ replaceIfPresent updates existing scalars when scrape has values and keeps null scrape values (62.22925ms)
  ✔ stores external stats under ratingSourceName when provided (84.873875ms)
  ✔ leaves downloaded cast avatars untouched for application-layer adoption (91.342ms)
✔ videoScrapeApplyService.applyScrapeResult (1057.081917ms)
▶ videoScrapeApplyService classification entity resolution
  ✔ preserves entity update semantics across fillEmpty, replaceIfPresent, and replace (75.8135ms)
  ✔ matches main names, aliases, and normalized equivalents without overwriting profiles (74.286834ms)
  ✔ creates only basic entities, reuses one organization across roles, and leaves series unowned (104.323708ms)
  ✔ rolls back scalar writes and newly created entities when a classification assignment fails (81.258ms)
  ✔ keeps the current director when its alias is one of multiple candidates without updating the video (75.805459ms)
  ✔ pauses a single scrape for director choice and applies the selected candidate on retry (84.557958ms)
  ✔ preserves an ambiguous director in batch mode while applying safe fields with an actionable warning (85.454708ms)
  ✔ reports an invalid classification name structurally while applying safe fields (106.878875ms)
  ✔ treats same-name series in different owner scopes as ambiguous and never infers an owner (84.23875ms)
✔ videoScrapeApplyService classification entity resolution (773.265583ms)
▶ videoScrapeApplyService.resolveVideoBatchTargets
  ✔ keeps active media-library batch targets inside their membership scope (115.976292ms)
  ✔ returns no targets for an archived media-library scope while preserving global compatibility (125.655166ms)
  ✔ excludes videos that already have a pending scrape decision (124.851167ms)
  ✔ filters by videos missing any selected metadata field (136.11275ms)
  ✔ combines status and missing-field filters (124.849625ms)
  ✔ treats a stored cover path as present even when the file is unreadable (132.426042ms)
✔ videoScrapeApplyService.resolveVideoBatchTargets (760.376ms)
▶ videoScrapeApplyService tags emptiness
  ✔ fillEmpty ignores manual tags when deciding whether tags are empty (120.863208ms)
✔ videoScrapeApplyService tags emptiness (121.021958ms)
▶ llmSecretStore
  ✔ persists encrypted values and reports a degraded Linux-style backend (14.0575ms)
  ✔ removes a provider secret without affecting the remaining entries (21.3285ms)
  ✔ does not treat an unreadable secret path as an empty store (10.96175ms)
✔ llmSecretStore (46.813584ms)
▶ scraperServiceSecretStore
  ✔ persists an encrypted MetaTube token without exposing plaintext (12.589ms)
  ✔ clears the token and rejects unavailable encryption (27.726208ms)
✔ scraperServiceSecretStore (40.875083ms)
▶ settingsStore avatar composition defaults
  ✔ uses the relaxed face-centered composition for settings without legacy values (17.085541ms)
  ✔ keeps legacy presets and explicit user values during migration (18.743666ms)
✔ settingsStore avatar composition defaults (36.232083ms)
▶ settingsStore video card preferences
  ✔ keeps resource type badges disabled for new and existing users by default (10.796917ms)
  ✔ preserves an explicit resource type badge preference (14.91925ms)
  ✔ defaults video cards to portrait and preserves an explicit landscape preference (19.975125ms)
✔ settingsStore video card preferences (45.83675ms)
▶ settingsStore NFO export preferences
  ✔ uses safe defaults and normalizes remembered selections without persisting overwrite (20.581166ms)
✔ settingsStore NFO export preferences (20.649334ms)
▶ settingsStore plugin developer model-turn budget
  ✔ retires the old implicit step limit instead of carrying 24 into the new setting (9.480584ms)
  ✔ defaults to unlimited and preserves an explicit zero limit (22.292041ms)
  ✔ persists a positive limit through the settings interface (7.241292ms)
  ✔ stops rewriting legacy model fields after schema v2 exists (32.988583ms)
  ✔ does not resurrect legacy model fields when the v2 document is unreadable (31.997833ms)
✔ settingsStore plugin developer model-turn budget (104.246958ms)
▶ settingsStore deferred library path cleanup
  ✔ normalizes unique non-empty roots and preserves them across cache resets (18.535917ms)
✔ settingsStore deferred library path cleanup (18.574375ms)
▶ settingsStore persistence
  ✔ does not update the cache when the settings file cannot be replaced (28.366042ms)
✔ settingsStore persistence (28.405541ms)
▶ settingsStore recovery
  ✔ backs up malformed JSON, writes defaults, and exposes one recovery notice (28.035ms)
  ✔ does not replace a settings path that fails with an I/O error (12.643ms)
✔ settingsStore recovery (40.748375ms)
▶ settingsStore LLM secret migration
  ✔ moves legacy API keys out of settings.json without exposing them publicly (40.425917ms)
  ✔ keeps the original plaintext file and blocks later writes when migration fails (19.518666ms)
✔ settingsStore LLM secret migration (60.062167ms)
▶ settingsStore scan cleanup defaults
  ✔ keeps automatic deletion disabled and has no summary for new and existing users (12.258708ms)
  ✔ preserves an explicit automatic deletion preference (15.41425ms)
  ✔ normalizes and sanitizes the persisted latest scan summary (14.55875ms)
  ✔ normalizes the retired unrecognized-file snapshot for migration (9.707041ms)
✔ settingsStore scan cleanup defaults (52.060458ms)
▶ settingsStore automatic scan defaults
  ✔ keeps automatic scans disabled and defaults to one hour (16.077167ms)
  ✔ accepts only supported automatic scan intervals (48.0915ms)
✔ settingsStore automatic scan defaults (64.254084ms)
▶ settingsStore retired actress scrapers
  ✔ rewrites the retired idol archive default to Xslist (14.773042ms)
  ✔ rewrites composite actress field mappings that pointed at the idol archive (11.38275ms)
✔ settingsStore retired actress scrapers (26.242167ms)
▶ settingsStore retired video scrapers
  ✔ rewrites the retired JAV8 default to JavDB (23.23ms)
  ✔ rewrites JAV8 composite mappings and removes its delay (19.3765ms)
✔ settingsStore retired video scrapers (42.727375ms)
▶ settingsStore privacy mode
  ✔ defaults to disabled with every image scope selected (20.073334ms)
  ✔ keeps valid unique scopes and discards unknown values (15.722834ms)
  ✔ keeps samples and actress galleries independently selectable (16.693333ms)
  ✔ allows all privacy scopes to be cleared explicitly (12.998667ms)
✔ settingsStore privacy mode (65.812ms)
▶ close-to-tray setting
  ✔ defaults off and persists an explicit choice across reloads (31.219583ms)
  ✔ does not enable tray hiding from malformed legacy values (20.345417ms)
✔ close-to-tray setting (51.699041ms)
▶ Web read-only catalog scope
  ✔ rechecks image authorization after async work when hidden changes (493.7275ms)
  ✔ rechecks image authorization after async work when archived changes (426.646125ms)
  ✔ rechecks image authorization after async work when cover changes (365.092667ms)
  ✔ rechecks image authorization after async work when cast changes (244.729917ms)
  ✔ rechecks image authorization after async work when sample changes (332.105292ms)
  ✔ reads only the authorized image path before and after serving, without full details (364.313041ms)
  ✔ forwards thumbnail size through the real catalog while preserving original requests (292.929833ms)
  ✔ forwards the caller signal to the async Store and drops a cancelled result (332.572167ms)
  ✔ filters archived/hidden memberships for lists, details, images, and media (292.208167ms)
  ✔ describes local resources without exposing their directory (251.827125ms)
  ✔ uses the cover rather than the background for browse, detail and image requests (254.252375ms)
  ✔ queries with parameters, paginates stably and filters clear membership scopes (928.250083ms)
  ✔ uses stable desktop discovery and respects library home participation (702.426ms)
  ✔ exposes cast display metadata and only serves avatars linked to visible videos (311.681541ms)
  ✔ downloads non-playable files and exposes only supported external links (339.24575ms)
  ✔ resolves only authorized files and refuses symlink escapes and disabled roots (292.759167ms)
✔ Web read-only catalog scope (6225.77575ms)
▶ Desktop-approved browser pairing
  ✔ requires an open window, a desktop decision and a separate secret, consumes only once (1.069ms)
  ✔ expires requests, bounds polling, rejection, restart and approvals (0.456459ms)
  ✔ bounds the total pending requests (0.293375ms)
✔ Desktop-approved browser pairing (2.155417ms)
▶ Remembered browser lifecycle
  ✔ persists only remembered hashes, retains authorization over restart and revokes individual devices (235.725791ms)
✔ Remembered browser lifecycle (235.817542ms)
▶ Pairing HTTP boundary
  ✔ binds exchange to a private cookie, keeps approval desktop-only and remembers across server restarts (230.022125ms)
✔ Pairing HTTP boundary (230.1635ms)
▶ Device record recovery
  ✔ keeps valid sessions usable during activity write failures and retries persistence (239.718875ms)
  ✔ keeps disk and memory consistent after failed revoke, clear, rename and create (78.002292ms)
  ✔ resets a damaged snapshot without parsing it or retaining old authorization (24.900166ms)
  ✔ restores remaining pairing time from server and retains approval on issuance failure (0.158292ms)
✔ Device record recovery (342.937417ms)
▶ Per-device streaming revocation
  ✔ interrupts the revoked stream while another browser finishes its stream (56.449916ms)
✔ Per-device streaming revocation (56.556375ms)
✔ keeps the running service on staging failure and restores it after publish failure (125.891ms)
✔ preserves remembered devices on runtime server errors, including failed state persistence (4.777833ms)
▶ Web authentication and streaming
  ✔ keeps image responses private and reports read queue overload as 503 (6.215333ms)
  ✔ forwards finite thumbnail sizes and rejects invalid sizes before image work (3.867458ms)
  ✔ reports oversized images as 413 without caching or a HEAD body (7.477084ms)
  ✔ rechecks an expired session after image work while the connection remains open (44.032541ms)
  ✔ cancels pending image work on logout and never sends its completed bytes (47.614958ms)
  ✔ cancels pending image work on disconnect and never sends its completed bytes (43.648125ms)
  ✔ stores salted password hashes and enforces minimum length (121.4685ms)
  ✔ requires a session for catalog, artwork, and video, with no credential data in failures (13.71075ms)
  ✔ serves brand and favicon PNGs without login with the correct MIME and bytes (12.1075ms)
  ✔ rejects bad credentials; issues HttpOnly SameSite cookies on login (85.912042ms)
  ✔ blocks cross-origin, missing-origin POSTs, DNS rebinding, and desktop mutation routes (13.558292ms)
  ✔ streams byte ranges, suffixes and HEAD; rejects invalid or multiple ranges (10.328ms)
  ✔ downloads authenticated resources as attachments (4.486167ms)
  ✔ logout invalidates the cookie; desktop revocation invalidates all browsers (51.320333ms)
✔ Web authentication and streaming (611.460833ms)
▶ Session lifetimes and request limits
  ✔ expires idle and absolute sessions and limits attempts (0.151875ms)
  ✔ accepts only local peer ranges and handles byte-range edge cases (0.132083ms)
✔ Session lifetimes and request limits (0.329542ms)
▶ actress face scan cache
  ✔ reuses a result only while the avatar fingerprint is unchanged (0.34775ms)
  ✔ filters only cached no-face avatars and ignores missing or unscanned entries (0.801083ms)
  ✔ combines a minimal full-library manifest with current session results (0.073ms)
✔ actress face scan cache (1.594209ms)
▶ actress face scan cache identity
  ✔ only changes when a current row has no reusable result (0.354708ms)
✔ actress face scan cache identity (0.654125ms)
▶ actress face detection outcome mapping
  ✔ maps the detector zero-face message to the no-face domain state (0.329042ms)
✔ actress face detection outcome mapping (0.6895ms)
▶ actress face scan queue
  ✔ reports total detection failure without confusing partial or empty results with failure (0.493291ms)
  ✔ reuses cached face statuses and does not invoke detection for them (0.582166ms)
  ✔ finishes the current target before honoring cancellation (0.09125ms)
  ✔ does not cache detector failures so a later run can retry them (0.077917ms)
✔ actress face scan queue (1.64825ms)
▶ actress face scan session
  ✔ notifies remounted consumers when an earlier scan finishes (0.552417ms)
✔ actress face scan session (1.023042ms)
▶ avatar auto-crop geometry
  ✔ rejects invalid boxes and clamps valid detector bounds (1.069875ms)
  ✔ merges overlapping tiled detections and preserves the strongest result (0.108583ms)
  ✔ requires an explicit choice when two faces have similar prominence (0.165583ms)
  ✔ accepts mid-confidence faces only when the presence floor is used (0.052875ms)
  ✔ maps ROI landmarks back to full-image normalized coordinates (0.058375ms)
  ✔ uses the hair component attached to the face for visible head bounds (1.138583ms)
✔ avatar auto-crop geometry (3.002167ms)
✔ requests CORS before loading a media avatar so its bitmap can cross the Worker boundary (0.496125ms)
✔ keeps only recent log previews after 100000 entries while counting omissions (22.168416ms)
✔ bounds oversized fields without splitting surrogate pairs or mutating prior state (0.122667ms)
▶ avatar composition preview cache
  ✔ persists and restores the complete normalized face analysis (0.878833ms)
✔ avatar composition preview cache (1.418417ms)
▶ ActressAvatarEditor
  ✔ keeps rendering when the current avatar enters crop editing (56.761709ms)
  ✔ keeps rendering when a legacy avatar without its original enters crop editing (15.719125ms)
✔ ActressAvatarEditor (72.927625ms)
✔ pages associated covers without loading an actress detail or accumulating tiles (8.192625ms)
✔ does not replace a user-selected source tab when the first cover page arrives late (2.148458ms)
✔ pages photo sources with global labels and retries without fetching complete metadata (8.509875ms)
✔ keeps local selection when the user opens a file picker before photos arrive (1.52125ms)
▶ ActressDeleteModal confirmation model
  ✔ uses ordinary deletion only when the current impact has no video links (0.367375ms)
  ✔ requires the dedicated acknowledgement action and explains resource preservation (0.196041ms)
  ✔ does not let the dedicated high-risk action bypass the safe path (0.112708ms)
✔ ActressDeleteModal confirmation model (1.221583ms)
✔ bounds grid and preview windows, crosses both page edges and preserves one history entry (232.938334ms)
✔ retains the current photo on page failure, retries, and discards a response after close (40.886417ms)
✔ refreshes by stable ID after reorder and closes a removed preview without selecting its replacement (47.069083ms)
✔ deletes the last photo on a page and refreshes imported photos through the actual panel callbacks (42.49925ms)
▶ ActressProfileMeta scrape record
  ✔ hides scrape record for successful actresses and keeps attention states (0.8815ms)
  ✔ offers the manual success mark only for unscraped and failed records (0.064417ms)
✔ ActressProfileMeta scrape record (1.3255ms)
▶ Button
  ✔ loads its CSS Module and preserves native button semantics (2.606541ms)
✔ Button (2.922ms)
▶ ClassificationDeleteModal
  ✔ shows associated video and child impacts before confirming deletion (9.495084ms)
  ✔ allows a zero-impact deletion and keeps a failed confirmation open with refreshed impact (5.207ms)
  ✔ does not report or re-preview a completed deletion when page cleanup fails (1.877458ms)
✔ ClassificationDeleteModal (17.07975ms)
✔ loads only the video source and retains the chosen original across 60/60/5 and error retry (170.267125ms)
✔ clamps a shrunken last page and ignores a response after an entity switch (6.637083ms)
✔ does not close or refresh a new entity editor when an old save settles (3.507042ms)
✔ does not replace a chosen video cover with a late URL preview after switching sources (3.425084ms)
▶ classification picker
  ✔ keeps candidates hidden until the field is used (3.612375ms)
  ✔ shows candidates once the user types (1.339125ms)
  ✔ walks candidates with the arrow keys and commits with Enter (1.365542ms)
  ✔ shows candidates once the field is focused (0.300583ms)
  ✔ shows candidates on focus even when the field is empty (0.246166ms)
  ✔ does not commit a candidate with Enter until one is active (0.212875ms)
  ✔ closes candidates on Escape without letting the dialog see the key (0.439ms)
  ✔ closes candidates when focus leaves the field (0.216666ms)
  ✔ keeps candidates open when the pointer is in the list (0.399167ms)
  ✔ closes candidates after picking one with the pointer (0.32475ms)
  ✔ hides the create hint when the typed name already exists (0.436916ms)
✔ classification picker (9.476125ms)
▶ video detail library context layout
  ✔ shares the compact detail header row with the back action (2.652958ms)
  ✔ keeps membership badges on one bounded line (0.8285ms)
✔ video detail library context layout (4.127917ms)
▶ DirectorScrapeChoiceModal
  ✔ requires an explicit candidate and submits its stable director id (5.4585ms)
✔ DirectorScrapeChoiceModal (5.771542ms)
▶ DisplayModeProvider
  ✔ loads and exposes the application-wide cover mode (23.406ms)
✔ DisplayModeProvider (23.962333ms)
▶ form hint styles
  ✔ keeps entity-edit and settings field hints muted and caption-sized (3.950083ms)
  ✔ routes entity-edit helper copy through EditFormField instead of a bare hint class (0.553209ms)
✔ form hint styles (4.918375ms)
▶ image preview history marker
  ✔ preserves router state when adding a unique preview marker (0.818916ms)
  ✔ reads only valid image preview markers (0.084458ms)
✔ image preview history marker (1.266125ms)
✔ uses a 320 thumbnail for actress cards (144.368625ms)
✔ uses thumbnails for local video gallery tiles and original preview sources (115.61275ms)
✔ uses thumbnails for local actress gallery tiles and original preview sources (3.383875ms)
▶ LegacyLibraryRedirect
  ✔ preserves the settings return context while replacing a legacy video URL (74.601458ms)
✔ LegacyLibraryRedirect (75.296583ms)
▶ MediaLibraryCreateModal
  ✔ validates in place and exposes a keyboard-submit four-step flow (200.965958ms)
  ✔ deduplicates selected roots, submits independent config, and returns root errors to their step (10.656041ms)
✔ MediaLibraryCreateModal (212.238833ms)
▶ MediaLibraryCreateModal control style
  ✔ keeps all workflow steps at one viewport-safe dialog height (2.938791ms)
  ✔ reserves a visible gutter for the left edge of the focus ring (0.655625ms)
✔ MediaLibraryCreateModal control style (3.9685ms)
▶ MediaLibraryNav name style
  ✔ keeps visible library names on one ellipsized line (3.207375ms)
  ✔ presents media libraries as one compact navigation surface (1.092209ms)
  ✔ keeps global navigation unlabeled in the visible sidebar (0.385417ms)
✔ MediaLibraryNav name style (5.388041ms)
✔ pages40 candidates and preserves selection and name plan across pages and search (640.382292ms)
✔ retries page failures without losing the selected merge plan (92.472375ms)
✔ ignores old page responses while a changed search is debouncing (420.66075ms)
✔ locks a captured merge against duplicate submission and retains plan on failure (165.221792ms)
✔ resets session on keep identity change and ignores old page and merge completion (159.470791ms)
✔ resets the name plan only when choosing a different merge candidate or clearing selection (90.675ms)
▶ OrganizationDeleteModal
  ✔ previews and removes only the selected role (13.976625ms)
  ✔ blocks removing the final role and directs the user to full deletion (1.575375ms)
  ✔ shows both role counts and hierarchy impacts for a full deletion (1.282333ms)
✔ OrganizationDeleteModal (17.393459ms)
▶ OrganizationMergeModal interaction
  ✔ selects a cross-role source and submits the explicit source-to-target direction (155.164208ms)
  ✔ keeps the modal open and shows an actionable error when the merge is rejected (4.1335ms)
✔ OrganizationMergeModal interaction (159.754458ms)
▶ recent text input style contract
  ✔ uses the shared text-input treatment for every recent text-like input (3.013292ms)
✔ recent text input style contract (3.517584ms)
▶ Switch
  ✔ loads its CSS Module and preserves native checkbox semantics (2.748083ms)
✔ Switch (3.113583ms)
✔ loads on open only, pages without full catalog reads and preserves cross-page selection (58.532292ms)
✔ debounces and resets search, rejecting stale page/search responses (271.562209ms)
✔ shows failure with explicit retry and enforces 100 selections while allowing removal (1.618208ms)
✔ unmounts candidates with the actual parent popover and ignores late responses on reopen (3.17875ms)
▶ VideoDeleteImpact
  ✔ shows every affected domain without a duplicate source-file section (2.7835ms)
  ✔ names the current library when previewing a membership removal (0.249417ms)
✔ VideoDeleteImpact (3.426167ms)
▶ video primary metadata classification navigation
  ✔ dispatches entity-backed organizations by stable id (0.87175ms)
  ✔ does not expose a name-only organization route (0.060084ms)
  ✔ uses only the stable director id (0.060208ms)
  ✔ uses only the stable series id (0.058417ms)
✔ video primary metadata classification navigation (1.526791ms)
▶ video detail resource actions
  ✔ shows copy and external-open actions instead of play for link resources (5.542291ms)
  ✔ keeps the play action for local resources (0.661708ms)
  ✔ shows actual link kind, STRM hosting, masked target, and source path together (1.614875ms)
  ✔ exposes the cross-library move command for both links and root-managed resources (1.828167ms)
✔ video detail resource actions (10.313708ms)
▶ VideoLibraryMembershipBadges
  ✔ puts the active resource scope first and names the other memberships accessibly (4.046208ms)
  ✔ bounds the visible badges and exposes hidden library names in the overflow title (0.997458ms)
✔ VideoLibraryMembershipBadges (5.650625ms)
▶ VideoResourceImportModal
  ✔ keeps a STRM target read-only while allowing metadata edits and HTTP checks (138.711042ms)
✔ VideoResourceImportModal (139.025292ms)
✔ loads only on open, renders at most one page, and selects an existing tag by ID (18.223958ms)
✔ debounces search, resets the page, and discards earlier search responses (547.485208ms)
✔ shows errors with retry and discards closed-modal results before reopening (2.238292ms)
✔ creates from the full draft and prevents an old write completion from closing another video modal (2.167291ms)
✔ refreshes stale candidates after a failed selection without retrying the write (2.436833ms)
✔ does not inherit an open picker or issue a hidden request when switching videos (2.137334ms)
▶ actress virtual grid layout
  ✔ derives responsive columns without shrinking cards below their minimum width (0.370666ms)
  ✔ places load state on a dedicated row after an incomplete item row (0.559458ms)
✔ actress virtual grid layout (1.285958ms)
▶ AgentMetadataActivityFeed
  ✔ keeps live model thinking open and shows semantic actions (4.293375ms)
  ✔ collapses completed thinking into an expandable preview (2.598041ms)
  ✔ moves a finished live thought back into collapsed history (1.159666ms)
  ✔ caps the thinking box height and still shows the full streamed text (6.419334ms)
✔ AgentMetadataActivityFeed (15.053875ms)
▶ Agent metadata collector intro
  ✔ explains how this flow differs from regular matching (0.539208ms)
  ✔ keeps the setup steps compact and muted (2.670667ms)
✔ Agent metadata collector intro (3.89175ms)
▶ alias editor state
  ✔ promotes an alias to main name and keeps the previous main as an alias (0.943792ms)
  ✔ does not duplicate the previous main name when it is already an alias (0.063459ms)
✔ alias editor state (1.570625ms)
▶ classification image interaction state
  ✔ distinguishes formal images from dynamic fallback images (0.87ms)
  ✔ builds explicit file, URL, and video-cover commands (0.090083ms)
✔ classification image interaction state (1.485875ms)
▶ classification merge interaction state
  ✔ keeps the selected source identity when refreshed candidates reorder (1.296209ms)
  ✔ keeps a selected source through a narrower search and rejects invalid commands (0.072875ms)
✔ classification merge interaction state (1.738042ms)
▶ classification picker state
  ✔ stays closed until the user asks for candidates (0.893625ms)
  ✔ hides candidates when the result set is empty (0.061416ms)
  ✔ opens on arrow navigation and wraps around the candidate list (0.0625ms)
  ✔ never navigates into an empty candidate list (0.04125ms)
  ✔ drops the active candidate when typing or when the result set shrinks (0.042042ms)
  ✔ closes on dismiss (0.03275ms)
  ✔ hides the create hint when the query already names an existing option (0.042542ms)
✔ classification picker state (1.5725ms)
▶ director form state
  ✔ defaults to preserving a changed main name and converts profile fields (0.876458ms)
✔ director form state (1.202333ms)
▶ director picker state
  ✔ keeps typed same-name input as an explicit inline-create request (0.77725ms)
  ✔ shows stable candidate differences rather than silently choosing by name (0.098167ms)
✔ director picker state (1.220208ms)
▶ image preview swipe gesture
  ✔ switches to the previous image when dragging right past the threshold (0.358125ms)
  ✔ switches to the next image when dragging left past the threshold (0.053291ms)
  ✔ ignores clicks, short drags, and vertical drags (0.051ms)
  ✔ distinguishes a drag from a click even when movement is vertical (0.053584ms)
✔ image preview swipe gesture (0.933625ms)
▶ mediaLibraryIdentityStyle
  ✔ maps every domain color to one semantic CSS custom property (0.932125ms)
  ✔ keeps the established palette mapping stable (0.096959ms)
✔ mediaLibraryIdentityStyle (1.412333ms)
▶ organization form state
  ✔ defaults to preserving the previous main name while retaining ordered aliases and links (0.974333ms)
  ✔ moves links without mutating the current form state (0.096167ms)
  ✔ retains a selected parent while search results change (0.100916ms)
✔ organization form state (1.552167ms)
▶ organization merge presentation
  ✔ shows cross-role candidate statistics without collapsing the two roles (0.433334ms)
  ✔ reports each transferred relation after a successful merge (0.147833ms)
✔ organization merge presentation (1.180041ms)
▶ organization picker state
  ✔ resolves main names and aliases to stable ids (1.459375ms)
  ✔ uses unmatched text as an explicit inline create request (0.072291ms)
  ✔ uses an empty value to remove the organization relation (0.064459ms)
  ✔ describes candidates by stable id, roles, and aliases (0.072875ms)
✔ organization picker state (2.077833ms)
▶ PlaylistImportProvider workspace
  ✔ uses the Agent scrape two-pane workspace with live activity and result preview (0.984167ms)
  ✔ offers one confirmed termination action in running and waiting-user footers (0.178875ms)
  ✔ closes the import workspace after the host confirms task termination (0.261333ms)
  ✔ closes only through the actions rendered inside the import dialog (0.2875ms)
  ✔ closes the import dialog before navigating to the imported playlist (0.175916ms)
  ✔ offers frozen write options with source-playlist linking disabled by default (0.240417ms)
  ✔ selects the active default media library when opening the importer (0.132375ms)
  ✔ explains the Agent name and host-date fallback for an empty new-playlist name (0.109666ms)
  ✔ invalidates global video projections and discards stale identity choices (0.122ms)
  ✔ broadcasts completion so recovered imports refresh mounted playlist surfaces (0.594542ms)
  ✔ renders the complete release summary instead of only aggregate reuse counts (0.134084ms)
  ✔ keeps preview rows dense and long text truncation stable (3.698167ms)
  ✔ shows enough candidate identity evidence and opens links through the app shell (0.836125ms)
✔ PlaylistImportProvider workspace (8.333166ms)
▶ PluginDevConfigRail ready actions
  ✔ makes Install primary and disables empty continuation until feedback is entered (6.587125ms)
✔ PluginDevConfigRail ready actions (6.924917ms)
▶ PluginDevConversation history controls
  ✔ presents a ready settlement as normal state and requires feedback to continue (6.0245ms)
  ✔ renders model reasoning as a quiet collapsed diagnostic block (7.732375ms)
  ✔ keeps live reasoning open and marks the answer as streaming (3.585459ms)
  ✔ renders agent answers as markdown (2.70975ms)
  ✔ renders compact context metrics with the cache-hit ratio (0.718791ms)
  ✔ exposes an explicit clear-session action for a restored historical run (0.832042ms)
  ✔ keeps typed choice, browser challenge and freeform requests as distinct controls (2.184ms)
✔ PluginDevConversation history controls (24.424ms)
✔ pages40/40/21, resolves full names and retains selected long identities when returning (293.151334ms)
✔ retries page failures and isolates a stale page during raw search debounce (386.004084ms)
✔ ignores choice completion after search or close and suppresses same-tick duplicate clicks (388.190042ms)
✔ reports missing or unrepresentable names without adding incorrect targets (75.487ms)
✔ enforces existing eight-target limit and preserves video query behavior after kind switch (53.828833ms)
✔ recognizes existing long targets on a fresh mount without confusing a common preview prefix (62.980959ms)
✔ ignores a held actress choice after switching to video (70.106334ms)
✔ bounds long-label reconciliation concurrency and stops scheduling after kind switch (35.172833ms)
✔ retries failed long-label selection reconciliation (38.575625ms)
✔ guides a configured model user to the missing website, then enables development (285.936084ms)
✔ keeps the actual model readiness reason when a named model cannot run (3.456542ms)
▶ PluginDevResultPanel manifest coverage
  ✔ separates actionable field ids from runtime-only information (3.708917ms)
  ✔ renders each exact-match candidate when the plugin returns an array (0.826875ms)
  ✔ labels a targeted execution as a local diagnostic even when the saved full run is ready (0.303458ms)
  ✔ explains null and empty array plugin returns instead of hiding the section (0.194542ms)
✔ PluginDevResultPanel manifest coverage (5.522541ms)
▶ plugin dev Agent UI state
  ✔ requires feedback before continuing a mechanically ready Agent (0.610875ms)
  ✔ presents a normal Agent settlement without an error toast (0.542834ms)
  ✔ coalesces streaming reasoning and answer into their final model-turn items (0.154333ms)
  ✔ enables the existing Install button only for a current mechanical acceptance (0.051167ms)
  ✔ allows clearing restored history only when its Agent is not running or busy (0.050167ms)
  ✔ auto-applies only unfinished history and leaves terminal editor state untouched (0.060917ms)
  ✔ keeps non-debuggable built-ins out of the plugin-development selector (3.865ms)
  ✔ does not treat a loaded built-in fork as the already-selected new-plugin option (0.100708ms)
  ✔ rejects session B events while continuing session A (0.066875ms)
  ✔ binds an unbound start once and rejects later events from another session (0.070917ms)
  ✔ invalidates a snapshot after any newer live mutation (0.069875ms)
  ✔ releases restored busy state on settle but keeps a local API dispatch busy (0.0515ms)
  ✔ projects live workspace drafts from package_updated, not terminal done (0.039375ms)
  ✔ blocks ordinary messages until the exact pending approval is decided (0.05075ms)
  ✔ does not dispatch a stale approval after the request disappeared (0.030292ms)
✔ plugin dev Agent UI state (6.328ms)
▶ series form state
  ✔ defaults a rename to retaining the previous main name (0.353417ms)
  ✔ trims text and converts optional numeric selections (0.564042ms)
✔ series form state (1.276875ms)
▶ series picker state
  ✔ keeps typed creation separate from selecting an existing stable identity (0.842ms)
  ✔ always distinguishes same-name candidates by stable id and owner scope (0.1055ms)
✔ series picker state (1.392291ms)
✔ shows bounded log preview with explicit omission notice and full task counters (21.853667ms)
✔ applies supported fields, preserves other mappings, allows overrides and only persists on save (11.706583ms)
✔ rejects unavailable saved sources and keeps missing references visible for repair (1.409ms)
✔ excludes nested and other-kind plugins and prevents applying unconfigured sources (0.596208ms)
✔ uses video field capabilities for bulk assignment (0.836333ms)
✔ uses server totals/offset, 100/100/5 rows, browser locale and current-page presence (36.931792ms)
✔ hides rows during loading/error and waits for refreshed header before retrying current props (3.9425ms)
✔ isolates old retry resolve across library A → B → A (1.818917ms)
✔ isolates old retry reject across library A → B → A (1.47175ms)
✔ debounces 200ms, hides rows immediately, and rejects search ABA and library ABA responses (620.650709ms)
✔ cancels a search timer on library change and unmount; filters reset offset and use the server (539.473542ms)
✔ resolves unrecognized once through header refresh and refetches the current page (4.727ms)
✔ renders missing-body notice alongside cached rows and never calls it a filtered empty page (1.478ms)
✔ anchors all → failed by path, honors returned page and safely focuses exact DOM anchor (15.48825ms)
✔ anchors all → failed by group, honors returned page and safely focuses exact DOM anchor (14.783958ms)
✔ waits for delayed header props after refresh promise resolves (run) (32.312042ms)
✔ waits for delayed header props after refresh promise resolves (next) (33.033458ms)
✔ shows refresh errors with retry and allows a new library to proceed (3.150417ms)
✔ held anchor response respects user focus: origin (23.701334ms)
✔ held anchor response respects user focus: body (21.981708ms)
✔ held anchor response respects user focus: documentElement (27.429709ms)
✔ held anchor response respects user focus: input (46.667333ms)
✔ held anchor response respects user focus: toolbar (44.003458ms)
✔ keeps the actual anchored page when resolving its target, clears anchor and accepts server clamp (2.827375ms)
✔ late resolution from an old row cannot reset the user’s newer page (2.591666ms)
✔ late resolution from library A cannot replace B or a new A page state (4.719833ms)
▶ LibraryScanAuditPanel
  ✔ defaults to the attention tab even when the latest scan has no issues (240.226875ms)
  ✔ keeps cached unrecognized files visible with their root-scoped resolution controls (3.429875ms)
  ✔ does not describe current scan failures as resolved (3.596417ms)
  ✔ offers a processing jump for cached unrecognized rows in the all-files tab (3.429ms)
  ✔ shows an NFO identity conflict as a secondary scan disposition and opens the pending center (3.212708ms)
  ✔ routes a current NFO candidate to its scrape pending item (1.700917ms)
  ✔ shows historical NFO pending dispositions as resolved when their current rows are gone (1.578042ms)
  ✔ keeps the attention badge equal to the visible list when only an NFO warning exists (1.12525ms)
✔ LibraryScanAuditPanel (259.031708ms)
✔ limits a large failed audit to100 visible rows and queries only their pending IDs (24.624667ms)
✔ routes all three kinds from one mixed pending presence response (1.284292ms)
✔ keeps a stable audit anchor when a historical group is no longer pending (0.989083ms)
▶ MetaTube plugin settings
  ✔ shows pending status and blocks setting an unconfigured plugin as default (4.394916ms)
  ✔ keeps a blank token and supports explicit token clearing (4.195ms)
  ✔ requires confirmation before saving a token over remote HTTP (3.342833ms)
  ✔ tests the current draft without changing the token mode (4.995416ms)
✔ MetaTube plugin settings (17.425542ms)
▶ Model management v2 panels
  ✔ keeps workload edits local until the explicit save action (11.441958ms)
  ✔ shows configured providers first and keeps unconfigured built-ins collapsed (1.316917ms)
  ✔ limits the default advanced view to models referenced by workloads (6.749167ms)
✔ Model management v2 panels (20.09675ms)
✔ saves proxy address and mode only on explicit commit; testing stays independent (247.881125ms)
▶ NFO export foreground modal
  ✔ vetoes full-page unload while the foreground modal is active (241.245ms)
  ✔ is an aria-modal task surface with an explicit terminate action and no dismiss action (7.98175ms)
  ✔ keeps the terminal report open until the user confirms it (1.541459ms)
  ✔ renders a returned plan and enters blocking state before foreground execution (13.8955ms)
  ✔ discards a plan that returns after the storage panel has unmounted (2.219333ms)
  ✔ terminates an export whose start result returns after unmount (3.665459ms)
✔ NFO export foreground modal (271.429792ms)
▶ NFO export preview details
  ✔ counts only new and replaced artwork in the writing breakdown (0.824375ms)
  ✔ distinguishes stopped, partial and empty reports and exposes stop errors in the dialog (1.110625ms)
  ✔ mounts only the opened page of a large warning list and keeps every warning reachable (2.884ms)
✔ NFO export preview details (4.925416ms)
▶ SettingsPrimitives
  ✔ retains an invalid value with an accessible error instead of silently clamping it (4.77375ms)
  ✔ keeps a multi-digit number local until the edit is committed (1.176458ms)
  ✔ supports keyboard activation of increment and does not treat empty input as zero (0.446041ms)
  ✔ renders a semantic card without losing its accessible name (0.241333ms)
  ✔ exposes status as data rather than a behavior-bearing class name (0.297584ms)
✔ SettingsPrimitives (7.392166ms)
✔ renames with no manual code or target and refreshes the pending row after failed recognition (153.920542ms)
✔ retries a failed service with saved configuration, and prevents submitting unsaved drafts via retry (3386.087375ms)
▶ library scan audit row layout
  ✔ uses compact rows only when the skipped tab also uses compact virtual slots (0.342ms)
  ✔ keeps the variable-height attention list out of fixed-size virtualization (0.05425ms)
  ✔ keeps CSS row geometry aligned with virtual item sizes (0.64675ms)
✔ library scan audit row layout (1.468292ms)
▶ video resource card badges
  ✔ keeps primary-first order, deduplicates kinds, and limits visible labels to two (1.214458ms)
  ✔ returns no card decoration when a video has no resources (0.080166ms)
  ✔ shares full resource labels across detail and filter surfaces (0.069583ms)
✔ video resource card badges (2.002416ms)
▶ video resource import form
  ✔ shares auto detection, normalization, and size conversion across entry points (1.74ms)
  ✔ auto-detects Magnet and keeps its protocol-derived default name (0.282ms)
  ✔ treats blank matching input as absent without invoking strict code validation (0.075834ms)
✔ video resource import form (2.901875ms)
▶ video resource import layout
  ✔ gives the size value the fluid column and keeps its unit compact (7.653167ms)
✔ video resource import layout (8.071416ms)
▶ shared workbench primitives
  ✔ composes feature classes without replacing the neutral structure (1.849917ms)
  ✔ connects tabs to their panels with a single keyboard tab stop (0.453292ms)
✔ shared workbench primitives (2.682875ms)
✔ counts avatars through the scalar API without loading targets and propagates failures (36.686042ms)
✔ consumes pages on demand and stops safely across page failure, cancellation and unmount (60.177833ms)
✔ serializes startup before target loading and releases ownership on empty, failed or unmounted startup (47.575292ms)
▶ isBatchScrapeActive
  ✔ treats only running and paused batches as active (0.31325ms)
✔ isBatchScrapeActive (0.622667ms)
▶ poster grid row height
  ✔ reserves the complete membership strip without changing ordinary library rows (0.468083ms)
✔ poster grid row height (0.909333ms)
▶ facet route contracts
  ✔ only permits each entity detail under its matching facet (0.32875ms)
✔ facet route contracts (0.646042ms)
▶ global search shortcut
  ✔ accepts Cmd/Ctrl+K and rejects unrelated key combinations (0.389708ms)
  ✔ focuses and selects the Home input after two render frames (0.988834ms)
✔ global search shortcut (1.768ms)
▶ useLatestAsyncLabel
  ✔ ignores an older request that finishes after the latest request (5.060875ms)
✔ useLatestAsyncLabel (5.607166ms)
✔ does not load hidden scan history, including manual refresh and invalidation, and releases completed data (59.5725ms)
✔ discards pending results after leaving and re-entering or switching libraries (38.473958ms)
✔ exposes history load errors and retries without treating failure as an empty history (23.007625ms)
✔ advances page refresh revision even when the returned header is unchanged (25.748333ms)
✔ retries a failed page through the real header controller without issuing the old run again (224.966ms)
▶ media-library scan event scope
  ✔ accepts only the current library and, once known, the current run (0.362167ms)
✔ media-library scan event scope (0.669292ms)
✔ sends no empty lookup, deduplicates IDs and rejects a stale page response (11.629458ms)
✔ distinguishes a failed lookup from processed items and retries the same page (1.243792ms)
✔ does not reuse old ready state when a page is revisited before another lookup finishes (1.256084ms)
✔ does not fetch empty/inactive selections and resolves only unique selected IDs (7.253917ms)
✔ ignores responses for previous filters and refreshes on returning from detail (1.36675ms)
✔ does not loop on a rejected lookup and discards in-flight results after deactivation (0.845292ms)
▶ isLibraryListSurfacePath
  ✔ matches list roots only (1.531041ms)
  ✔ does not match detail or stack routes (0.204584ms)
✔ isLibraryListSurfacePath (2.3215ms)
▶ shouldRefetchLibraryOnRouteChange
  ✔ refetches when entering a list root from outside (0.105125ms)
  ✔ does not refetch when opening detail stacks or hopping between list roots (0.104208ms)
✔ shouldRefetchLibraryOnRouteChange (0.340791ms)
▶ global search URL state
  ✔ normalizes positive media-library ids in stable order (0.907292ms)
  ✔ canonicalizes owned state without stripping detail-only lib (0.173917ms)
  ✔ builds an explicit, paged cross-library search input and identity (0.137584ms)
✔ global search URL state (1.616834ms)
▶ library resource filter URL contract
  ✔ parses valid unique values in canonical order and ignores invalid values (0.88175ms)
  ✔ omits the default all-resources state and canonicalizes copied URLs (0.228292ms)
  ✔ removes a resource parameter containing only invalid values (0.058583ms)
  ✔ includes applied resource filters in the query and scroll-memory hash (0.144666ms)
  ✔ keeps pending scrape as an independent canonical filter dimension (0.070542ms)
  ✔ resolves omitted sort state from each media library configuration (0.16325ms)
✔ library resource filter URL contract (1.973791ms)
▶ multi-library route builders and parsers
  ✔ round-trips the home video detail stack (1.565042ms)
  ✔ round-trips the global-search video detail stack (0.154333ms)
  ✔ round-trips media-library list, detail, nested actress and settings routes (0.617459ms)
  ✔ rejects malformed, non-positive, fractional and unsafe route ids (0.337333ms)
  ✔ accepts digit-only positive ids and builders emit their canonical form (0.069167ms)
✔ multi-library route builders and parsers (3.236958ms)
▶ detail-only active-library query contract
  ✔ parses only positive safe-integer library ids (0.287834ms)
  ✔ canonicalizes the first lib value without changing other list query state (0.258667ms)
  ✔ sets, replaces and strips the detail-only library parameter immutably (0.158208ms)
  ✔ derives a single detail context and gives a library path precedence over lib (0.428708ms)
  ✔ keeps lib only where the route needs query-owned detail scope (0.189875ms)
  ✔ respects a valid legacy lib hint and falls back when that membership is unavailable (0.17575ms)
✔ detail-only active-library query contract (1.678708ms)
▶ recent media-library memory
  ✔ stores only positive safe library ids and ignores malformed persisted state (0.383458ms)
✔ recent media-library memory (0.689875ms)
▶ route builders and parsers
  ✔ round-trips library detail stacks (1.214916ms)
  ✔ round-trips actress detail stacks (0.145375ms)
  ✔ round-trips playlist and classification entity detail stacks (0.434625ms)
  ✔ rejects malformed detail ids (0.333625ms)
  ✔ builds pending-center locations without page-level query concatenation (0.899958ms)
✔ route builders and parsers (3.533417ms)
▶ classification list query contract
  ✔ accepts only video count and update time sorting with video count descending by default (0.246625ms)
  ✔ includes organization search and sorting in the shareable query identity (0.294666ms)
  ✔ keeps series release sorting separate from classification-list sorting (0.084167ms)
✔ classification list query contract (0.772917ms)
▶ actress avatar filter query contract
  ✔ normalizes avatar filter values and omits the all default (0.076791ms)
  ✔ returns to the actress list without losing its query state (0.133042ms)
  ✔ keeps avatar filters distinct in the actress query hash (0.118833ms)
✔ actress avatar filter query contract (0.387541ms)
▶ actress status filter query contract
  ✔ parses the canonical status values and treats anything else as all (0.075792ms)
  ✔ omits the param for all and writes the canonical value otherwise (0.095791ms)
  ✔ includes status in the list query identity and ignores invalid values (0.05825ms)
  ✔ keeps search, gender and sort identity while only the status changes (0.084583ms)
  ✔ round-trips the status query through actress detail and back (0.135ms)
  ✔ remembers the actress status filter across primary navigation (0.262084ms)
✔ actress status filter query contract (0.769417ms)
▶ primary navigation memory
  ✔ restores query state per list and removes unrelated nested query keys (0.326709ms)
  ✔ persists search only when leaving a list root (0.136666ms)
  ✔ forgets a root so cross-nav no longer restores it (0.038875ms)
  ✔ resolves same-section vs cross-section sidebar targets (0.118292ms)
  ✔ builds nav link href from current search when active (0.094375ms)
✔ primary navigation memory (0.750542ms)
▶ navigation helpers
  ✔ removes playlist-detail resource filters when returning to the playlist list (0.077667ms)
  ✔ keeps home, search and media-library detail stacks scoped and reversible (0.551417ms)
  ✔ closes nested actress details back to their parent video context (0.3895ms)
  ✔ keeps stable series identity and release direction through its detail stack (0.116458ms)
  ✔ keeps director identity and query state through its stable detail stack (0.0935ms)
  ✔ opens an organization by stable id while preserving its role-list query (0.081334ms)
  ✔ keeps classification query only inside the same classification stack (0.061958ms)
  ✔ keeps video and actress navigation inside the stable organization stack (0.097709ms)
  ✔ keeps video and actress navigation inside the pending workbench stack (0.225792ms)
  ✔ opens actress detail from the pending inbox and returns to it (0.146542ms)
✔ navigation helpers (1.933667ms)
▶ settings route contract
  ✔ builds canonical settings paths and resolves valid sections (0.2685ms)
✔ settings route contract (0.3025ms)
▶ media-library settings state
  ✔ builds a trimmed create command, deduplicates roots and still allows an empty library (1.138834ms)
  ✔ builds minimal identity and section-scoped config patches (0.2315ms)
  ✔ normalizes an empty scraper and validates numeric scan boundaries (0.06525ms)
  ✔ gates destructive lifecycle commands (0.061084ms)
  ✔ allows cleanup-only scans but rejects a library with no work (0.042542ms)
  ✔ routes every root-owned record through cleanup before direct deletion (0.049959ms)
  ✔ reports partial root additions explicitly (0.034625ms)
  ✔ shows a terminal query error even before form drafts exist (0.042167ms)
✔ media-library settings state (2.108583ms)
✔ loads metadata once while paging 60/60/5 works and preserving the full count (460.103291ms)
✔ retries page errors, clamps a removed last page, and rejects late actor results (10.105791ms)
✔ does not invalidate the new actor metadata when the old editor save settles late (9.806958ms)
✔ retains an open merge plan and its full count while the visible works refresh (10.26125ms)
✔ does not reuse the prior actor page when an intervening actor request is still pending (4.858208ms)
▶ series real list page
  ✔ renders 60/60/5 with server total and bounded page cache (1285.512125ms)
  ✔ clears old cards while loading and supports failed-page retry (37.27025ms)
  ✔ clamps a shrinking total to its last page, including zero (60.714792ms)
  ✔ resets search/sort to page one and rejects late search data (833.02925ms)
  ✔ invalidates uncommitted input across A → B → A history navigation (314.990666ms)
  ✔ invalidates pending input when opening detail without changing search (616.043834ms)
  ✔ retains page, active observer and scroll through nested detail and return (18.785459ms)
✔ series real list page (3248.686875ms)
▶ maker real list page
  ✔ renders 60/60/5 with server total and bounded page cache (1256.473333ms)
  ✔ clears old cards while loading and supports failed-page retry (35.264166ms)
  ✔ clamps a shrinking total to its last page, including zero (60.467084ms)
  ✔ resets search/sort to page one and rejects late search data (823.224625ms)
  ✔ invalidates uncommitted input across A → B → A history navigation (312.387167ms)
  ✔ invalidates pending input when opening detail without changing search (622.359125ms)
  ✔ retains page, active observer and scroll through nested detail and return (9.775625ms)
✔ maker real list page (3120.580458ms)
▶ director real list page
  ✔ renders 60/60/5 with server total and bounded page cache (1336.333834ms)
  ✔ clears old cards while loading and supports failed-page retry (29.419042ms)
  ✔ clamps a shrinking total to its last page, including zero (66.89075ms)
  ✔ resets search/sort to page one and rejects late search data (831.745709ms)
  ✔ invalidates uncommitted input across A → B → A history navigation (322.047375ms)
  ✔ invalidates pending input when opening detail without changing search (627.87825ms)
  ✔ retains page, active observer and scroll through nested detail and return (14.5375ms)
✔ director real list page (3229.574208ms)
✔ organization role change discards old filters and pending search (319.420542ms)
✔ normalizes URL offsets safely and keys distinct pages (4.676125ms)
▶ video detail section order
  ✔ renders a titled related-links section after video resources (0.61ms)
✔ video detail section order (0.95425ms)
▶ HomePage
  ✔ searches in place while typing and restores discovery when cleared (883.911459ms)
  ✔ keeps discovery stable through refreshes and remounts until replaced (16.603041ms)
✔ HomePage (900.972209ms)
▶ HomePage search layout
  ✔ reserves shared toolbar-search padding for the icon and keyboard shortcut (2.450584ms)
  ✔ centers the search icon inside the shared input control (0.281584ms)
  ✔ keeps the keyboard shortcut on the same vertical center line (0.454667ms)
✔ HomePage search layout (3.621041ms)
✔ uses the shared switch for home discovery and keeps changes in the settings draft (231.095833ms)
▶ MediaLibrarySettingsPage layout
  ✔ uses the application settings width token and stays left aligned (4.014041ms)
  ✔ keeps compact library context above the old-style import workspace (10.029375ms)
✔ MediaLibrarySettingsPage layout (14.425ms)
▶ ScanSettingsTab
  ✔ builds domain-correct deep links for scan identities and scrape candidates (222.528916ms)
  ✔ renders automatic local NFO import enabled by default and persists a switch change immediately (7.725875ms)
✔ ScanSettingsTab (230.659292ms)
✔ distinguishes scan history loading, failure with retry and an empty result (4.151084ms)
✔ feeds summary-only history into the paged panel and refreshes pages when the header revision advances (45.2255ms)
✔ locates a deep actor group and loads only its detail before paging (346.54375ms)
✔ keeps page and detail failures distinct and retries without a full list (193.435333ms)
✔ ignores a late old detail after selecting another group (154.663375ms)
✔ preserves an explicit decision across a category switch and detail overlay (225.580083ms)
✔ applies an ownership decision then clamps a deleted last page (159.028958ms)
✔ does not let a completed old mutation reset a newer group decision (271.190042ms)
✔ keeps actor paging in the all-domain view even when a scan item comes first (132.540791ms)
✔ asks the server about names outside the current page before editing (379.597125ms)
✔ keeps a stale resolution on the same group and requires a renewed decision (159.390542ms)
✔ isolates an old completion after navigating A to B and back to A (336.586125ms)
✔ stays on the deep-linked page after its selected group is resolved (157.707791ms)
✔ does not close a new discard dialog when an old A-B-A discard fails (276.29425ms)
✔ pages owner candidates and preserves a selected actor outside the current page (214.517541ms)
✔ retries picker failures and invalidates old page replies immediately while search debounces (468.524666ms)
✔ ignores an old actor choice after closing and reopening the same picker (182.388625ms)
✔ keeps the newest actor choice when earlier detail reads finish later (167.666333ms)
✔ keeps a direct group-owner decision after an older external-owner detail returns (189.218042ms)
✔ invalidates a pending external-owner choice when a decision is submitted (225.265416ms)
✔ ignores a picker choice after navigating group A-B-A (228.456958ms)
✔ locates a deep-linked pending item, pages with a bounded cache and ignores a late detail (319.408625ms)
✔ shows an explicit page error and retries without fetching the full inbox (67.939583ms)
✔ recovers the last page after deletion and selects the surviving first item (86.567542ms)
✔ does not block a different queue when scrape count fails or reuse its disabled page total (84.034792ms)
✔ ignores an old page that resolves after navigation to a newer page (106.512791ms)
▶ PendingCenterPage scrape resolution
  ✔ carries an explicit director through merge-and-apply without stacking prompts (218.6255ms)
  ✔ previews either persisted identity and submits only after explicit confirmation (39.445333ms)
  ✔ shows the library filter only for scan decisions (26.766625ms)
  ✔ clears the library filter from the scoped empty state and keeps the scan tab selected (25.052875ms)
✔ PendingCenterPage scrape resolution (310.523375ms)
✔ locates scan anchors, reads only selected details and ignores late details after paging (356.442792ms)
✔ reports page errors and missing selected records without treating them as an empty queue (107.058959ms)
✔ clamps the deleted last page and does not show an old library page (178.169ms)
✔ uses only count on another category and count failure does not block that category (45.816792ms)
✔ does not block scrape on a library listing failure (44.521875ms)
✔ resolves identity deep links to the scoped identity pane without group detail reads (46.931917ms)
✔ retries rejected selected detail without reloading full queues (133.710708ms)
✔ loads actor details only in its category and keeps inactive summary counts current (182.455416ms)
✔ shows unknown actor count without blocking scan when summary fails (46.860875ms)
✔ ignores an old playlist response arriving after navigation (210.845083ms)
✔ requests a bounded thumbnail for a playlist card (3.289ms)
✔ does not refresh an old playlist when its removal finishes after navigation (6.337875ms)
✔ returns to the previous page when deleting the only item on the last page (5.112125ms)
✔ keeps the existing grid mounted during refresh after closing a nested video (3.1605ms)
✔ keeps the latest sort response when requests for the same playlist finish out of order (2.494166ms)
✔ reuses metadata while paging but refreshes it after a playlist mutation (5.12075ms)
✔ does not reuse stale metadata when filtering interrupts a forced refresh (2.8665ms)
✔ shows not found when a refreshed metadata read reports a deleted playlist (0.830917ms)
✔ refreshes the fallback cover with the new sort instead of reusing the old metadata (1.642417ms)
▶ PlaylistDetailPage resource filter feedback
  ✔ keeps the compact toolbar count without rendering an applied-filter bar (0.360375ms)
  ✔ uses an import action icon instead of a download icon (0.0565ms)
✔ PlaylistDetailPage resource filter feedback (0.772333ms)
▶ actress conflict review state
  ✔ keeps every action tied to its explicit user-visible scope (0.957709ms)
  ✔ expands changed impacts and keeps unchanged impacts collapsed initially (0.074125ms)
  ✔ uses the candidate-owned impact plan only when that candidate is the proposed owner (0.061875ms)
  ✔ sections groups by task state and sorts each section by display name (3.553458ms)
  ✔ selects the first source for viewing without preselecting a proposed owner (0.079291ms)
  ✔ explains empty, unchanged, moved, and conflict-free name edits (0.398791ms)
  ✔ builds the exact owner, pending, and actress versions shown to the user (0.065916ms)
  ✔ requires a replacement only when assigning away a current main name (0.061875ms)
  ✔ enables illegal-name confirmation only after every required replacement is valid (0.062416ms)
  ✔ requires an explicit partner, keeper, and final main name for conflict merges (0.165ms)
  ✔ allows a pending-name-ownership pair to be merged (0.058833ms)
  ✔ keeps the current group or selects its next neighbor after refresh (0.159333ms)
✔ actress conflict review state (6.226125ms)
▶ conflictReviewRemote
  ✔ resolves ownership/merge/illegal and surfaces stale refresh (0.512583ms)
  ✔ discards a candidate and refreshes the queue (0.100792ms)
  ✔ validates replacement main names (0.174041ms)
  ✔ ignores an older live name inspection after a newer request wins (3.16125ms)
  ✔ invalidates an in-flight inspection cleanup (0.124625ms)
✔ conflictReviewRemote (4.501292ms)
▶ conflictReviewSession
  ✔ resets decision draft when switching groups (0.442584ms)
  ✔ opens ownership replacement dialog when claimants need new main names (4.314042ms)
  ✔ applies refresh focus and stale message (0.131375ms)
  ✔ syncSelectedGroup initializes selection for the first available group (0.044334ms)
✔ conflictReviewSession (5.314667ms)
▶ conflict review latest request gate
  ✔ accepts only the newest async validation result (0.328875ms)
  ✔ invalidates an in-flight result when the workflow closes (0.045208ms)
  ✔ does not let stale cleanup invalidate the current request (0.037667ms)
✔ conflict review latest request gate (0.772458ms)
▶ media-library list surface state
  ✔ keeps archived libraries out of the writable catalog surface (0.325541ms)
✔ media-library list surface state (0.640375ms)
▶ pending center resolution state
  ✔ requires every scan resource to have an explicit valid target (0.530833ms)
  ✔ serializes scan targets only at the select-control boundary (0.524917ms)
  ✔ starts scrape candidates unselected and rejects stale candidate ids (0.073458ms)
  ✔ shows the same deterministic default primary ordering as persisted resolution (0.136333ms)
  ✔ labels scan decisions with their owning media library (0.084958ms)
  ✔ shows resource identity conflicts in the scan queue without exposing a local path (0.169917ms)
✔ pending center resolution state (1.9565ms)
▶ matchesPlaylistResourceFilter
  ✔ uses OR semantics and treats none as global zero resources (0.344584ms)
✔ matchesPlaylistResourceFilter (0.670542ms)
▶ useConflictReviewController
  ✔ wires queue selection and resets dialog draft when switching groups (45.54275ms)
  ✔ routes resolve through the nested view-model commands (13.627709ms)
✔ useConflictReviewController (59.605125ms)
✔ preserves an explicit ownership decision while detail reads are disabled and reenabled (152.552ms)
▶ video business identity conflict presentation
  ✔ recognizes domain and database-boundary conflict messages (0.33725ms)
✔ video business identity conflict presentation (0.660167ms)
▶ video detail scraper selection
  ✔ prefers the active media-library default over the global default (0.342542ms)
  ✔ does not retain the previous library default when the active library switches (0.045667ms)
  ✔ falls back to the global default when the active library has no override (0.039292ms)
✔ video detail scraper selection (0.815917ms)
▶ pending inbox state
  ✔ sums the aggregate media-library projection without per-library item reads (0.33575ms)
✔ pending inbox state (0.671791ms)
✔ keeps loading and failed inbox counts distinct from an empty inbox (0.061333ms)
▶ actress list renderer behavior
  ✔ does not load the full face-scan manifest for an ordinary actress page (1.816667ms)
  ✔ isolates cached pages when any query condition changes (0.758542ms)
  ✔ recombines the same session face-result subset for list filter changes (0.082625ms)
  ✔ keeps loaded pages after a failure and retries the same next-page offset (0.791208ms)
  ✔ keeps selected ids when later pages append more actresses (0.17925ms)
  ✔ restores scroll after detail return and resets it for a changed query (0.085708ms)
  ✔ clears every pending rail scroll scope on same-section primary navigation (0.602917ms)
✔ actress list renderer behavior (4.78625ms)
▶ actress infinite list pages
  ✔ keeps loaded pages while requesting the next offset (0.850458ms)
  ✔ stops after every matching actress has loaded (0.178833ms)
✔ actress infinite list pages (1.532542ms)
▶ scoped video query keys
  ✔ keeps media-library caches isolated (0.900042ms)
  ✔ canonicalizes filtered all-library scopes (0.067958ms)
✔ scoped video query keys (1.321834ms)
▶ useInfiniteVideoList
  ✔ loads a library larger than the IPC page limit in bounded pages (26.953459ms)
✔ useInfiniteVideoList (27.388083ms)
✔ blocks route changes with a draft and saves before continuing through the real router (28.809625ms)
✔ keeps edits through unrelated refreshes and explicitly resets to the latest saved value (3.766ms)
✔ preserves edits made while an earlier value is being saved (0.512583ms)
▶ renderer avatarCrop
  ✔ falls back to the standard preset for invalid stored values (0.417334ms)
  ✔ falls back to face centering for invalid stored values (0.139208ms)
  ✔ keeps landmark-based faces at the same visual size across source images (0.296417ms)
  ✔ reports when a tight source cannot reach the requested face size (0.05725ms)
  ✔ applies the continuous face ratio consistently (0.072958ms)
  ✔ centers the estimated crown-to-chin region in head mode (0.060667ms)
  ✔ centers segmented visible head bounds instead of the facial axis (0.057292ms)
  ✔ keeps zoom identical across centering modes (0.072958ms)
  ✔ keeps face-ratio changes effective when full-head protection is disabled (0.091458ms)
  ✔ keeps legacy near-square avatars aligned with cover preview layout (0.572041ms)
  ✔ detects the native cover-compatible default transform (0.035291ms)
  ✔ does not let a tainted canvas export crash the editor (0.103209ms)
✔ renderer avatarCrop (2.614833ms)
▶ video batch request scope
  ✔ requires and preserves the current library on library-surface requests (0.938708ms)
  ✔ keeps application-settings requests in explicit global compatibility mode (0.056375ms)
✔ video batch request scope (1.343958ms)
▶ avatarCrop
  ✔ round-trips a valid v1 crop (0.813375ms)
  ✔ rejects crop when fingerprint mismatches (0.058542ms)
  ✔ scales offsets when viewSize changes (0.055167ms)
✔ avatarCrop (1.285625ms)
▶ normalizeClassificationName
  ✔ uses the shared identity normalization without collapsing meaningful script differences (0.648042ms)
  ✔ rejects names that become empty after normalization (0.143625ms)
✔ normalizeClassificationName (1.148958ms)
✔ only accepts finite thumbnail variants and preserves preview URL components (0.857583ms)
▶ buildLibraryScanNotification
  ✔ keeps a no-change successful scan quiet (0.443334ms)
  ✔ notifies for changes and reports each destructive count separately (0.103791ms)
  ✔ reports a metadata-only resource refresh as an update (0.523917ms)
  ✔ reports pending scan groups and their resource count before ordinary changes (0.04625ms)
  ✔ prioritizes offline and error outcomes over ordinary change notices (0.037625ms)
  ✔ reports isolated STRM failures without exposing target content (0.059542ms)
  ✔ reports a blocking processing failure before isolated STRM failures (0.042458ms)
✔ buildLibraryScanNotification (1.66525ms)
▶ sanitizeLibraryScanError
  ✔ removes HTTP credentials, query parameters, Magnet data, and ED2K targets (0.793416ms)
  ✔ bounds arbitrary errors and never throws while formatting them (0.104625ms)
✔ sanitizeLibraryScanError (1.277834ms)
▶ normalizeLibraryScanSummary
  ✔ persists completed STRM failures with safe messages and a 50-item bound (0.692042ms)
✔ normalizeLibraryScanSummary (0.742084ms)
▶ NFO export foreground shortcut guard
  ✔ blocks reload, history, close, and application navigation shortcuts (0.511208ms)
  ✔ leaves modal controls and copy shortcuts usable (0.068791ms)
✔ NFO export foreground shortcut guard (0.984ms)
▶ selectDefaultPendingScanPrimary
  ✔ prefers local resources and keeps duration, size, and path ordering (0.356583ms)
  ✔ orders STRM resources by actual target kind and then source path (0.080916ms)
✔ selectDefaultPendingScanPrimary (0.786709ms)
▶ pluginDevKindProfile
  ✔ normalizes testTarget and testTargets (0.835084ms)
  ✔ splits test targets only on commas or newlines and trims each group (0.108916ms)
  ✔ uses typed explicit targets as a diagnostic subset (0.690292ms)
  ✔ rejects URL/path targets and wrong-kind arguments (0.178541ms)
  ✔ testTargetsFromDryRun extracts identity from dry-run result (0.087333ms)
  ✔ profiles expose kind-specific labels and field helpers (0.078542ms)
✔ pluginDevKindProfile (2.376667ms)
▶ plugin field semantics registry
  ✔ covers every video and actress field with valid symmetric conflicts (0.491833ms)
  ✔ generates the Agent glossary from the selected registry fields (0.178042ms)
  ✔ projects female and male performers independently (0.784916ms)
  ✔ projects composite rating and measurements without collapsing their parts (0.074042ms)
✔ plugin field semantics registry (1.923583ms)
▶ PluginResultContractModule
  ✔ classifies every structural and selectable result key by kind (1.307083ms)
  ✔ projects every manifest field through at least one standard result key (0.079291ms)
  ✔ lists unknown raw keys once without guessing a field mapping (0.09825ms)
  ✔ keeps actress identity and source metadata informational (0.183667ms)
  ✔ detects field-level partial cast projection and legacy female default (0.079ms)
  ✔ maps composite measurements and rating to their legal manifest fields (0.066667ms)
  ✔ rejects empty and identity-only effective results mechanically (0.105417ms)
✔ PluginResultContractModule (2.33775ms)
▶ file scan audit presentation
  ✔ added new video (1.06425ms)
  ✔ added existing video (0.07375ms)
  ✔ updated relocated (0.049541ms)
  ✔ updated metadata (0.05675ms)
  ✔ updated STRM (0.067125ms)
  ✔ pending new local (0.051583ms)
  ✔ pending retained STRM (0.039084ms)
  ✔ pending empty code and zero group (0.036375ms)
  ✔ skipped unchanged with video (0.061583ms)
  ✔ skipped short without video (0.079958ms)
  ✔ skipped duplicate with zero video (0.059041ms)
  ✔ unrecognized (0.052042ms)
  ✔ STRM failure (0.059708ms)
  ✔ processing failure (0.056375ms)
  ✔ preserves caller indices, path fallback and explicit undefined fields (0.10325ms)
✔ file scan audit presentation (2.434125ms)
▶ NFO secondary presentation
  ✔ imported: every primary outcome, warnings and attention (0.3385ms)
  ✔ skipped: every primary outcome, warnings and attention (0.1395ms)
  ✔ warning: every primary outcome, warnings and attention (0.132292ms)
  ✔ pending-candidate: every primary outcome, warnings and attention (0.119084ms)
  ✔ identity-conflict: every primary outcome, warnings and attention (0.102583ms)
  ✔ uses only the disposition-specific non-null pending id, including zero (0.078417ms)
✔ NFO secondary presentation (0.984084ms)
▶ resource scan audit presentation
  ✔ missing: full fields, source/title/display fallback and kinds (0.461708ms)
  ✔ removed_library_path: full fields, source/title/display fallback and kinds (0.383542ms)
  ✔ promoted_after_removal: full fields, source/title/display fallback and kinds (1.074125ms)
✔ resource scan audit presentation (1.971291ms)
✔ keeps optional enrichment fields structurally available without enriching raw views (0.057375ms)
▶ complete historical scan audit view items
  ✔ deduplicates cached paths exactly, retaining first root and order even without audit (0.308791ms)
  ✔ orders failed extras, attention files and pending groups; excludes only attention-listed cache paths (0.143625ms)
  ✔ preserves all-outcome order, duplicate audit files and indices after each outcome filter (0.19925ms)
  ✔ preserves NFO status precedence, historical group fields and failed/all differences (0.138625ms)
  ✔ added/updated and skipped tabs filter before indexing and do not enrich NFO status (0.079625ms)
  ✔ composes changes in removed/promoted/deleted order with independent indices and removed-video suppression (0.078292ms)
  ✔ does not mutate input or share enriched row objects between calls (0.088583ms)
✔ complete historical scan audit view items (1.086167ms)
▶ video resource source identity
  ✔ normalizes local file paths (0.48225ms)
  ✔ uses the STRM source file instead of its external target (0.143625ms)
  ✔ does not claim ownership of ordinary external resources (0.079792ms)
✔ video resource source identity (1.533584ms)
▶ videoResourceLinks
  ✔ normalizes HTTP identity without reordering query parameters or changing the path (1.226334ms)
  ✔ rejects local and executable protocols (0.180042ms)
  ✔ infers common video extensions as direct links and otherwise uses web links (0.069833ms)
  ✔ masks query parameters in normal display text (0.061875ms)
  ✔ converts optional MB, GB, and TB values to integer bytes (0.056875ms)
  ✔ uses the Magnet xt identity while preserving the original link and deriving a name (0.19375ms)
  ✔ uses the ED2K file hash identity while deriving its file name (0.051125ms)
✔ videoResourceLinks (2.271ms)
ℹ tests 2587
ℹ suites 357
ℹ pass 2586
ℹ fail 0
ℹ cancelled 0
ℹ skipped 1
ℹ todo 0
ℹ duration_ms 49992.141667
