
> Javdex@0.6.2 pretest
> npm run check:actress-boundaries && npm run check:media-asset-store-boundaries && npm run check:metadata-source-boundaries && npm run check:classification-entity-boundaries && npm run check:agent-platform-boundaries && npm run lint && npm run check:css-architecture && npm run check:ui-controls


> Javdex@0.6.2 check:actress-boundaries
> node scripts/check-actress-boundaries.mjs

Domain IPC, shared types, and process dependency boundaries are valid.

> Javdex@0.6.2 check:media-asset-store-boundaries
> node scripts/check-media-asset-store-boundaries.mjs

MediaAssetStore implementation boundaries are valid.

> Javdex@0.6.2 check:metadata-source-boundaries
> node scripts/check-metadata-source-boundaries.mjs

Video metadata source boundaries are valid.

> Javdex@0.6.2 check:classification-entity-boundaries
> node scripts/check-classification-entity-boundaries.mjs

Classification entity storage and routing boundaries are valid.

> Javdex@0.6.2 check:agent-platform-boundaries
> node scripts/check-agent-platform-boundaries.mjs

Agent platform boundaries OK

> Javdex@0.6.2 lint
> npm run lint:ts && npm run lint:css


> Javdex@0.6.2 lint:ts
> eslint "src/**/*.{ts,tsx}" "electron.vite.config.ts"


> Javdex@0.6.2 lint:css
> stylelint "src/renderer/src/**/*.module.css" --allow-empty-input


> Javdex@0.6.2 check:css-architecture
> node scripts/check-css-architecture.mjs

CSS architecture checks passed.
┌─────────────────────────────────┬────────┐
│ (index)                         │ Values │
├─────────────────────────────────┼────────┤
│ cssFileCount                    │ 90     │
│ globalClassCount                │ 1155   │
│ crossFileDuplicateClassCount    │ 143    │
│ descendantSelectorCount         │ 803    │
│ importantDeclarationCount       │ 12     │
│ hardcodedColorDeclarationCount  │ 166    │
│ globalStateClassCount           │ 88     │
│ rawButtonClassOccurrenceCount   │ 3      │
│ classNameBehaviorInferenceCount │ 0      │
└─────────────────────────────────┴────────┘

> Javdex@0.6.2 check:ui-controls
> node scripts/check-ui-controls.mjs

UI control checks passed: shared Switch / Checkbox only.

> Javdex@0.6.2 test
> npm run typecheck && npm run test:packaging && node scripts/run-electron-tests.mjs


> Javdex@0.6.2 typecheck
> npm run typecheck:node && npm run typecheck:web


> Javdex@0.6.2 typecheck:node
> tsc --noEmit -p tsconfig.node.json --composite false


> Javdex@0.6.2 typecheck:web
> tsc --noEmit -p tsconfig.web.json --composite false && tsc --noEmit -p tsconfig.browser.json


> Javdex@0.6.2 test:packaging
> node --test scripts/packaging-runtime.test.mjs

TAP version 13
# Subtest: pruneBetterSqlitePrebuilds retains only the current platform and arch
ok 1 - pruneBetterSqlitePrebuilds retains only the current platform and arch
  ---
  duration_ms: 1.62675
  type: 'test'
  ...
# Subtest: pruneBetterSqliteBuildFiles removes sources but preserves runtime files
ok 2 - pruneBetterSqliteBuildFiles removes sources but preserves runtime files
  ---
  duration_ms: 1.523
  type: 'test'
  ...
# Subtest: better-sqlite3 prebuild selection covers every configured packaging platform
ok 3 - better-sqlite3 prebuild selection covers every configured packaging platform
  ---
  duration_ms: 0.092375
  type: 'test'
  ...
# Subtest: pruneElectronFrameworkLocales keeps English and Chinese locale variants
ok 4 - pruneElectronFrameworkLocales keeps English and Chinese locale variants
  ---
  duration_ms: 1.747709
  type: 'test'
  ...
# Subtest: mac packaging selects a node-gyp compatible Python unless the caller chose one
ok 5 - mac packaging selects a node-gyp compatible Python unless the caller chose one
  ---
  duration_ms: 0.108125
  type: 'test'
  ...
# Subtest: packaged runtime smoke runs only for a host-compatible macOS executable
ok 6 - packaged runtime smoke runs only for a host-compatible macOS executable
  ---
  duration_ms: 0.314916
  type: 'test'
  ...
# Subtest: packaging retains the complete Cheerio runtime dependency chain
ok 7 - packaging retains the complete Cheerio runtime dependency chain
  ---
  duration_ms: 0.208375
  type: 'test'
  ...
# Subtest: mac packaging explicitly enables ad-hoc signing before invoking its custom signer
ok 8 - mac packaging explicitly enables ad-hoc signing before invoking its custom signer
  ---
  duration_ms: 0.080541
  type: 'test'
  ...
1..8
# tests 8
# suites 0
# pass 8
# fail 0
# cancelled 0
# skipped 0
# todo 0
# duration_ms 74.309917
▶ createAgentBrowserSchema
  ✔ exposes strict bounded vertical scroll branches without enabling input actions (2.043958ms)
  ✔ explains the evaluate restrictions and their supported alternatives before invocation (0.240333ms)
✔ createAgentBrowserSchema (3.104209ms)
▶ AgentConfiguration
  ✔ projects code-owned tools and permissions while injecting workload compaction (2.200292ms)
  ✔ binds metadata collection to the curator workload and explicit staging capabilities (0.087791ms)
  ✔ registers playlist import as an independent least-privilege use case (0.070334ms)
✔ AgentConfiguration (2.730667ms)
▶ AgentExecution
  ✔ runs the persistence hook before the runtime can commit its bootstrap observation (6.849792ms)
  ✔ opens one runtime session and delegates ten operations without a loop or second queue (3.501625ms)
  ✔ authorizes and records Pi native tools without persisting their output (0.85325ms)
  ✔ fails closed when a Pi native tool lacks a frozen capability grant (0.561708ms)
  ✔ restores a normal checkpoint without reading ExecutionHistory (0.683917ms)
  ✔ rebuilds only for typed checkpoint corruption and only once per generation (0.797333ms)
  ✔ releases runtime resources without closing the durable run (0.426709ms)
  ✔ closes a durable run after its runtime was already released (0.499084ms)
✔ AgentExecution (14.960208ms)
✔ preserves newer product log references when aborting after a domain-only state update (0.63675ms)
✔ preserves append-only plugin history during checkpoint recovery: success (14.466166ms)
✔ preserves append-only plugin history during checkpoint recovery: hash-failure (8.567375ms)
✔ preserves append-only plugin history during checkpoint recovery: rebuild-failure (9.037125ms)
✔ preserves append-only plugin history during checkpoint recovery: unreconciled-tool (15.090417ms)
▶ AgentRunStore
  ✔ returns every durable non-closed run so each use case can apply its recovery policy (12.04425ms)
  ✔ persists a frozen config without serializing credentials or functions (1.345666ms)
  ✔ encrypts recovery payloads and fails closed on integrity damage (1.501208ms)
  ✔ accepts an idempotent operation once and settles only named command ids (0.92875ms)
  ✔ keeps repeated product events from the same operation in append order (2.369ms)
  ✔ does not overwrite a terminal runtime fault when the runtime subsequently settles (0.860875ms)
  ✔ allows one rebuild attempt per recovery generation (0.612625ms)
  ✔ records artifact refs in the product journal and fails closed on damaged refs (0.587167ms)
✔ AgentRunStore (21.085625ms)
▶ Agent product journal pagination
  ✔ reads the last cursor through the run/seq index without parsing any payload in a 100k journal (135.199958ms)
  ✔ pages with a strict size cap and no cross-run, duplicate or skipped events despite sequence gaps (18.706375ms)
✔ Agent product journal pagination (154.007084ms)
▶ Agent recovery enumeration
  ✔ filters use case and status before parsing, lazily loads one product, and releases temporary ID pages (98.273125ms)
  ✔ keeps the original recovery order across pages while timestamps change and excludes runs created mid-iteration (37.811ms)
  ✔ drops the temporary snapshot if an owned payload cannot be parsed (0.664709ms)
✔ Agent recovery enumeration (136.809083ms)
▶ cache affinity
  ✔ is stable, role-separated and does not expose source identifiers (1.250333ms)
✔ cache affinity (1.760917ms)
▶ resolveEffectiveMaxTokens
  ✔ uses the model maximum when the preset limit is zero (0.340333ms)
  ✔ uses the lower positive limit (1.073375ms)
  ✔ rejects invalid limits instead of forwarding zero to the provider (0.416ms)
  ✔ restores a zero sentinel as one frozen positive provider limit (0.289375ms)
  ✔ resolves live models only by workload (1.100917ms)
✔ resolveEffectiveMaxTokens (3.751084ms)
▶ ModelInvocation
  ✔ uses injected frozen verifier access and forwards preset limits and cancellation (0.941708ms)
✔ ModelInvocation (1.243708ms)
▶ ModelManagementModule
  ✔ builds the migration backup from a strict non-secret provider whitelist (1.096125ms)
  ✔ migrates released settings once and then reads the same v2 revision (13.186542ms)
  ✔ fails closed for an invalid v2 document (0.395625ms)
  ✔ fails closed for malformed nested v2 data and embedding catalog entries (4.342625ms)
  ✔ saving a provider never changes workload assignments (3.656042ms)
  ✔ refreshes protocol-derived model metadata when a connection contract changes (1.753ms)
  ✔ never exposes credentials or Base URL query secrets in renderer snapshots (3.263958ms)
  ✔ changing the default affects inherited workloads but preserves an explicit plugin model (5.392042ms)
  ✔ freezes the workload context limit into resolved model access (2.536167ms)
  ✔ rejects removing an in-use model and reports the exact workload (7.230958ms)
  ✔ restores the previous credential when configuration persistence fails (2.296416ms)
  ✔ does not touch credentials or storage on a stale revision (0.899958ms)
  ✔ keeps discovery ephemeral and reset removes manual overrides (2.886ms)
  ✔ rejects non-tool Agent models and unsupported long cache (2.232792ms)
✔ ModelManagementModule (51.975458ms)
▶ ToolHost
  ✔ records capability denials before failing closed (14.349708ms)
  ✔ requires a one-use approval permit for install effects (4.594083ms)
  ✔ stores only bounded hashes for tool output and errors (1.845708ms)
  ✔ approves only the selected request when multiple approvals are pending (2.282791ms)
  ✔ keeps only the latest pending approval for single-card product flows (2.236791ms)
  ✔ revokes a persisted approval when the continuation dispatch fails (3.883208ms)
  ✔ discards pending and approved permits during terminal cleanup (1.409875ms)
  ✔ binds an approval permit to mutable domain scope as well as visible tool args (1.740875ms)
  ✔ serializes calls sharing a resource without scheduling batches (32.954542ms)
  ✔ marks interrupted writes uncertain and blocks callbacks after waiting or terminal state (1.194625ms)
  ✔ does not start an unkeyed handler when its signal is already aborted (0.50325ms)
  ✔ enforces deadlines even when a handler ignores AbortSignal (21.041708ms)
  ✔ does not let a late handler result overwrite an uncertain timeout (20.328583ms)
  ✔ keeps the resource locked until a timed-out non-cooperative handler really settles (66.352959ms)
  ✔ keeps a queued cancellation from letting a third call bypass the active resource holder (13.594958ms)
✔ ToolHost (189.511792ms)
▶ PiRuntime contract
  ✔ allows workspace reads and dev notes but keeps host-owned facts read-only (2.043083ms)
  ✔ loads only frozen workspace Skills and exposes the selected Pi native file tools (2129.377042ms)
  ✔ rejects a workspace Skill that differs from the frozen run configuration (3.0875ms)
  ✔ keeps one long-lived session for ten turns with controlled resources and stable affinity (49.016333ms)
  ✔ keeps the run healthy when Pi recovers from a transient provider error (27.459292ms)
  ✔ emits one terminal runtime fault after provider retries are exhausted (23.609708ms)
  ✔ does not turn a user-cancelled provider retry into a runtime fault (12.047875ms)
  ✔ exposes only the resolved custom allowlist and crosses the durable tool-result barrier (12.273ms)
  ✔ releases the runtime after durable persistence fails during a tool call (13.701375ms)
  ✔ honors a terminating control result even when the domain tool reports failure (31.4305ms)
  ✔ starts a new turn when a follow-up is dispatched after a terminating handoff settled (10.800791ms)
  ✔ does not compact or inject a host recovery prompt after a length stop (11.532791ms)
  ✔ does not start a host continuation after the model-turn budget stops the operation (9.527583ms)
  ✔ enforces the configured per-operation model-turn budget (6.654708ms)
✔ PiRuntime contract (2343.8435ms)
✔ counts the same all-gender avatar targets without projecting profiles or joining works (15.19075ms)
✔ pages a fixed target set and bounds labels after live insert, delete and rename (175.558792ms)
✔ handles empty sets and connection closure without recreating a database (6.85575ms)
✔ rolls back the temporary table if snapshot population fails (8.547ms)
✔ returns only target identity in ID order without counting works with all path and gender semantics (19.962834ms)
✔ matches the complete renderer gallery order across source, ratio and nullable-position boundaries (31.239458ms)
✔ returns empty versus missing actors and validates finite safe page bounds (13.192125ms)
✔ keeps count and ordered page together while another connection removes a display source (9.136542ms)
✔ returns profile counts and the global first picture without loading complete works or gallery rows (35.658333ms)
✔ keeps profile fields, physical/display counts and first picture on one read snapshot (9.69125ms)
✔ locates a stable photo after reordering, before paging and within the requested actor/source scope (16.360166ms)
✔ matches merge gender and owned search semantics while paging by full name (36.342667ms)
✔ counts each visible video once across overlapping libraries and excludes hidden/archived/orphaned videos (19.243625ms)
✔ counts only returned candidates, excluding lookahead, and skips counts for an empty page (15.985917ms)
✔ keeps candidate rows and counts on the same snapshot when another connection writes (12.429708ms)
✔ bounds labels/avatars and validates inputs and missing keep actors (12.494292ms)
✔ pages narrow labels from 10000 actors without catalog statistics or profile data (171.268209ms)
✔ preserves owned-name search matching and includes all genders (14.067625ms)
✔ sorts full names before shortening labels and bounds escaped JSON payloads (23.033208ms)
✔ rejects invalid limits, offsets and overlong search before reading (6.721125ms)
✔ bounds labels containing embedded NUL without losing the valid prefix (21.361125ms)
✔ keeps a full page below512KiB even with worst-case JSON escaping (10.107042ms)
✔ reads current picker identity by ID without hydrating actor works or profile (13.444167ms)
▶ actressRepo actress name ownership
  ✔ changes the main-name row and ownership together when an actress is renamed (13.028917ms)
  ✔ keeps ownership while another name type still declares the same normalized name (13.162459ms)
  ✔ rolls back the complete manual edit when any declared name has another owner (12.273083ms)
  ✔ rolls back profile changes and compensates new avatar files when the database write fails (16.089209ms)
✔ actressRepo actress name ownership (55.602875ms)
▶ actressRepo.listActresses
  ✔ excludes migrated pending names from search and exact identity lookup (13.079583ms)
  ✔ does not match a replaced main name that is not kept as an explicit alias (9.073333ms)
  ✔ matches main name, alias, and typed names (9.296791ms)
  ✔ treats SQL LIKE metacharacters as literal search text (13.638459ms)
  ✔ ignores stored names that are not visible name types (8.993584ms)
  ✔ sorts by video count descending by default (11.394041ms)
  ✔ projects only videos that remain reachable through an active visible library membership (14.645625ms)
✔ actressRepo.listActresses (80.378833ms)
▶ actressRepo.listActressPage
  ✔ returns a stable slice with the total number of matching actresses (8.846291ms)
  ✔ pages an explicit renderer-session actress subset with complete totals (7.822042ms)
  ✔ returns the cumulative status of every actress with per-status counts (12.669875ms)
  ✔ filters by each status while keeping the counts of the unfiltered scope (13.81775ms)
  ✔ combines the status filter with search, gender and sort (11.632791ms)
  ✔ counts statuses within the current search and gender scope (11.1325ms)
  ✔ treats a missing status as all statuses (7.882042ms)
  ✔ keeps avatar file health outside the pure database query (14.32225ms)
  ✔ does not derive avatar fingerprints during a database list query (9.304833ms)
  ✔ returns minimal avatar path candidates without inspecting files (8.774042ms)
✔ actressRepo.listActressPage (106.567083ms)
▶ actressRepo.clearActressMetadataRecord
  ✔ clears scraped profile fields while keeping main name and video links (7.968666ms)
  ✔ clears non-name metadata without claiming a migrated pending main name (11.192667ms)
  ✔ resets every cumulative state to unscraped and drops the success time (9.352833ms)
  ✔ keeps related links when clearing actress metadata (7.955584ms)
✔ actressRepo.clearActressMetadataRecord (36.565708ms)
▶ actress related links
  ✔ stores related links on an actress and returns them on detail (10.233208ms)
  ✔ unions related links on merge with the keeper first (10.484125ms)
✔ actress related links (20.779708ms)
▶ actressRepo.deleteUnlinkedActresses
  ✔ deletes every selected unlinked actress and returns its stored assets for cleanup (8.331375ms)
  ✔ rejects the whole batch when any selected actress still has a linked video (7.838917ms)
✔ actressRepo.deleteUnlinkedActresses (16.225459ms)
▶ actressRepo.mergeActresses
  ✔ merges videos, aliases, and gallery into the keeper (12.60575ms)
  ✔ rejects merging actresses with different genders (9.447416ms)
  ✔ can adopt the merged actress main name (13.907875ms)
  ✔ rolls back the whole merge when final main-name reconstruction fails (15.765291ms)
  ✔ rolls back the whole merge when alias reconstruction fails (13.138ms)
  ✔ rejects the whole merge when any resulting name belongs to a third actress (12.356542ms)
  ✔ rejects the whole merge when the selected final main name belongs to a third actress (9.748959ms)
  ✔ resolves a migrated pending name claimed only by the two merged actresses (11.787292ms)
  ✔ preserves existing aliases without reapplying scraped-value heuristics (13.039167ms)
  ✔ deletes unusable keeper avatar assets after adopting the merged actress avatar (11.462084ms)
  ✔ keeps 未刮削 when merging 未刮削 into 未刮削 (10.881166ms)
  ✔ keeps 刮削失败 when merging 刮削失败 into 未刮削 (8.072583ms)
  ✔ keeps 刮削成功 when merging 刮削成功 into 未刮削 (8.683625ms)
  ✔ keeps 刮削失败 when merging 未刮削 into 刮削失败 (12.2785ms)
  ✔ keeps 刮削失败 when merging 刮削失败 into 刮削失败 (10.882958ms)
  ✔ keeps 刮削成功 when merging 刮削成功 into 刮削失败 (10.517459ms)
  ✔ keeps 刮削成功 when merging 未刮削 into 刮削成功 (12.425333ms)
  ✔ keeps 刮削成功 when merging 刮削失败 into 刮削成功 (10.925166ms)
  ✔ keeps 刮削成功 when merging 刮削成功 into 刮削成功 (11.835375ms)
  ✔ keeps the newer success time when the keeper succeeded more recently (8.815833ms)
  ✔ ignores a success time left on a record that is not scraped successfully (12.870416ms)
✔ actressRepo.mergeActresses (241.947875ms)
▶ actressRepo.listActressesForBatchScrape
  ✔ filters by scope and missing fields (11.252334ms)
  ✔ filters actresses by cumulative scrape status (8.778084ms)
  ✔ combines gender and scrape status filters (7.298708ms)
  ✔ matches actresses missing any selected profile field (8.922834ms)
  ✔ limits batch targets to the explicitly selected actress ids (10.401042ms)
✔ actressRepo.listActressesForBatchScrape (46.773833ms)
▶ actressRepo.resolveEffectiveActressScrapeFields
  ✔ fillEmpty keeps only currently missing fields (7.171375ms)
  ✔ fillEmpty treats broken avatar files as missing without mutating during planning (9.808625ms)
✔ actressRepo.resolveEffectiveActressScrapeFields (17.045708ms)
▶ actressRepo.clearBrokenActressAvatarIfNeeded
  ✔ includes broken avatars in batch missing-avatar targets (7.620042ms)
  ✔ clears broken avatar source and crop while keeping a usable display avatar (7.664208ms)
✔ actressRepo.clearBrokenActressAvatarIfNeeded (15.348292ms)
▶ actressRepo.getActressAvatarSourceInfo
  ✔ uses a legacy display avatar as the source without renderer fetch (12.067875ms)
  ✔ prefers the saved original source after an avatar bundle is created (8.521458ms)
✔ actressRepo.getActressAvatarSourceInfo (20.651791ms)
▶ actressRepo.setActressAvatarBundle
  ✔ persists avatar source, display, and crop; recrops without replacing the source (10.376167ms)
  ✔ adopts recognized legacy image bytes when native dimension probing is unavailable (13.036375ms)
  ✔ repairs an existing source whose stored extension does not match its bytes (14.08125ms)
  ✔ rejects invalid display bytes before writing the avatar bundle (9.135208ms)
  ✔ keeps source paths distinct for equal-length Chinese names with identical bytes (13.233ms)
✔ actressRepo.setActressAvatarBundle (59.972333ms)
▶ actressRepo cumulative scrape status
  ✔ keeps an actress created by video scraping unscraped and exposes the status in detail (12.228458ms)
✔ actressRepo cumulative scrape status (12.266042ms)
▶ actressRepo cumulative scrape status maintenance invariants
  ✔ keeps 未刮削 and its success time through manual maintenance (12.659916ms)
  ✔ keeps 刮削成功 and its success time through manual maintenance (11.67975ms)
  ✔ keeps 刮削失败 and its success time through manual maintenance (12.145667ms)
✔ actressRepo cumulative scrape status maintenance invariants (36.57575ms)
▶ actressRepo.upsertActressFromScrape avatar adopt
  ✔ adopts a downloaded avatar into source+display+crop and drops the temp path (12.3415ms)
  ✔ gives equal-length Chinese names distinct avatar files from the same download bytes (10.198667ms)
  ✔ does not replace an existing usable avatar (10.446292ms)
✔ actressRepo.upsertActressFromScrape avatar adopt (33.058083ms)
▶ actressRepo.backfillActressGalleryAssetDimensions
  ✔ probes stored local files and fills missing gallery dimensions (9.18875ms)
✔ actressRepo.backfillActressGalleryAssetDimensions (9.221583ms)
▶ actressRepo query purity
  ✔ does not change database rows or stored resources when listing and reading details (11.486625ms)
✔ actressRepo query purity (11.52075ms)
▶ actressRepo.posterPath
  ✔ clears the poster when the referenced gallery image is deleted (7.946292ms)
✔ actressRepo.posterPath (7.984375ms)
▶ actressRepo.replaceActressGalleryAssets
  ✔ keeps local paths that remain in the replaced asset set (8.291291ms)
✔ actressRepo.replaceActressGalleryAssets (8.327958ms)
▶ actressRepo.recordActressScrapeFailure
  ✔ records failure without writing a success time or changing profile fields (7.620667ms)
✔ actressRepo.recordActressScrapeFailure (7.654458ms)
▶ actressRepo.markActressScrapeSucceeded
  ✔ promotes an unscraped actress and stamps the missing success time (10.651084ms)
  ✔ promotes a failed actress and stamps the missing success time (8.563583ms)
  ✔ keeps an existing success time instead of restamping it (7.365333ms)
  ✔ stamps a success time over a blank stored time (7.142958ms)
  ✔ rejects marking an actress that does not exist (8.264584ms)
✔ actressRepo.markActressScrapeSucceeded (42.113166ms)
▶ actressRepo.applyActressScrapeResult
  ✔ keeps every selected field plan aligned with the replace database result (10.68225ms)
  ✔ keeps every selected field plan aligned with the fillEmpty database result (9.718167ms)
  ✔ keeps every selected field plan aligned with the replaceIfPresent database result (10.222834ms)
  ✔ does not backfill gallery metadata while building a read-only plan (13.725125ms)
  ✔ plans and applies a fillEmpty avatar over a broken stored path consistently (13.018041ms)
  ✔ previews replace clears without changing the actress or deleting assets (8.260917ms)
  ✔ does not claim a scrape was applied when every returned alias is unusable (7.540416ms)
  ✔ rolls back profile data and cumulative success when gallery persistence fails (7.099292ms)
  ✔ skips invalid downloaded avatars while applying other profile fields (10.965917ms)
  ✔ replace keeps manual crop when scraped avatar bytes match existing source (8.938834ms)
  ✔ replace adopts a new avatar when scraped bytes differ from existing source (8.817959ms)
  ✔ replace clears an existing avatar when the source returns no avatar (9.2745ms)
  ✔ replace preserves an existing avatar when a returned avatar fails to download (7.241541ms)
  ✔ fillEmpty preserves existing measurement values while filling missing ones (8.132792ms)
  ✔ replaceIfPresent updates existing profile values while preserving null scrape results (7.13575ms)
  ✔ replace clears every selected non-avatar field when the matched source returns no values (8.810542ms)
  ✔ replaceIfPresent rejects all fields when every returned alias conflicts (7.404209ms)
  ✔ fillEmpty does not report success when measurements only repeat a filled component (9.299417ms)
  ✔ rejects the whole scraped result when any alias has another owner (13.847375ms)
  ✔ treats canonically equivalent scraped aliases as conflicts (10.665083ms)
✔ actressRepo.applyActressScrapeResult (191.178042ms)
✔ pages female test choices by full name and retains owned alias search without wide data (88.050416ms)
✔ resolves the complete current runtime identity rather than its shortened display label (11.4655ms)
✔ pages the same visible works once across libraries with stable date ties and narrow cards (79.548542ms)
✔ distinguishes missing and empty actors and rejects unbounded or invalid page arguments (11.114583ms)
✔ keeps count and cards on the same read snapshot during an external visibility change (9.944042ms)
✔ reads complete profile metadata without querying any associated works (10.246709ms)
✔ filters covers before counting and paging, retaining the old truthy-path semantics (12.092125ms)
▶ AgentMetadataDraftRepo
  ✔ keeps one ready draft per target and returns superseded staging paths (12.870292ms)
  ✔ advances review revisions and stores an idempotent terminal outcome (8.638292ms)
  ✔ fails closed when a stored draft uses an unsupported adapter version (7.186625ms)
✔ AgentMetadataDraftRepo (29.521417ms)
✔ detects local writes, external commits and connection replacement without changing schema (14.577292ms)
▶ home discovery repo
  ✔ returns one bounded status summary for every visible media library (17.447042ms)
  ✔ uses membership time for recent additions and deduplicates shared videos (23.815625ms)
  ✔ keeps a discovery batch stable until the seed changes (20.700916ms)
  ✔ does not recommend a membership that has no playable resource in an eligible library (9.547541ms)
  ✔ does not recommend a local-only membership whose media-library root is disabled (20.96725ms)
  ✔ excludes managed resources owned by pending-removal or archived roots (11.261792ms)
  ✔ keeps rootless external links and active-root local or STRM resources eligible (11.551334ms)
  ✔ does not accept a managed resource whose root belongs to another library (10.324666ms)
  ✔ binds a shared recommendation to the source membership that has its playable resource (8.828667ms)
  ✔ searches globally without duplicates and honors an explicit library filter (8.836291ms)
  ✔ excludes libraries disabled for home discovery (6.265416ms)
  ✔ matches global ranking across cursor wrap, equal keys and hidden shared memberships (7077.882167ms)
  ✔ keeps large recent and discovery loads bounded and index-backed (28.34775ms)
  ✔ paginates a large global search without duplicates or per-row queries (35.653875ms)
✔ home discovery repo (7293.291167ms)
▶ libraryCleanup
  ✔ collects actress hints from a video (12.83025ms)
  ✔ prunes stub actresses after video links are removed (11.051792ms)
  ✔ does not prune an actress with meaningful profile data (12.659916ms)
  ✔ deletes tags that are no longer linked to any video (14.310459ms)
✔ libraryCleanup (51.520541ms)
▶ library membership repo
  ✔ creates an idempotent explicit membership with a stable discovery key (5.898625ms)
  ✔ removes only the selected library membership (10.471625ms)
  ✔ rejects archived or missing libraries (9.050292ms)
  ✔ recognizes only visible memberships in an active library surface (6.939917ms)
  ✔ does not automatically remove a resource-less membership referenced by a playlist (8.721542ms)
✔ library membership repo (41.943ms)
▶ libraryScanRepo latest snapshot
  ✔ keeps a valid summary pinned to its run when its audit is NULL (13.901209ms)
  ✔ falls back for malformed summary by timestamp then id, excluding NULL bodies without a status filter (8.717583ms)
  ✔ updates the pending path after a rename without rewriting the original scan audit (13.562917ms)
  ✔ returns summary, audit, and unrecognized files only from the requested library (10.430208ms)
  ✔ transactionally settles scan runs abandoned by the previous process (10.917125ms)
  ✔ releases archive and root-migration busy gates after restart recovery (13.747125ms)
  ✔ returns an empty snapshot before the first run and rejects an unknown library (10.173625ms)
✔ libraryScanRepo latest snapshot (82.31025ms)
✔ reads a scoped audit header without loading audit JSON or pending path arrays (23.081209ms)
✔ keeps summary failure semantics and rejects oversized summary/header payloads (15.485ms)
✔ keeps header summary, audit availability and unrecognized count in one WAL snapshot (12.502959ms)
▶ finishLibraryScanRun unrecognized replacement transaction
  ✔ finishes with 40000 replacement root IDs without exceeding SQLite bind limits (28.817833ms)
  ✔ deduplicates replacement roots and skips incoming files outside the selected roots (8.96175ms)
  ✔ clears selected roots when there are no matching incoming files and preserves other roots (10.700959ms)
  ✔ does not replace files for absent root targets (11.212541ms)
  ✔ does not replace files for empty root targets (9.826958ms)
  ✔ failed run never replaces preexisting unrecognized rows (10.675708ms)
  ✔ cancelled run never replaces preexisting unrecognized rows (12.975833ms)
  ✔ rolls back run, state and all original unrecognized rows when a duplicate normalized path fails insertion (14.230708ms)
✔ finishLibraryScanRun unrecognized replacement transaction (107.633584ms)
✔ does not hold a writer lock during audit stringify before the deferred transaction’s first SQL statement (13.865584ms)
✔ does not delete another library’s unrecognized rows even when its root ID is in the replacement set (12.850708ms)
▶ mediaLibraryRepo
  ✔ creates a library, typed config, and canonical root projection atomically (13.635375ms)
  ✔ projects pending scan counts once per library without multiplying across roots (10.884042ms)
  ✔ keeps library and config revisions independent and rejects stale writes (7.860209ms)
  ✔ rejects same, parent, child, and realpath-alias roots across active libraries (11.062416ms)
  ✔ lets disabled roots release paths and revalidates them before enabling (10.660459ms)
  ✔ preserves continuity-owned root identities while allowing empty roots to rebind (20.92775ms)
  ✔ rejects archived-library restore when any continuity-owned root changed identity (14.415542ms)
  ✔ rejects ordinary edits while a root is pending removal or archived (9.866667ms)
  ✔ requires explicit migration or cleanup before changing a root-owned path (10.304417ms)
  ✔ archives roots atomically, releases their paths, and rechecks on restore (14.855958ms)
  ✔ scopes local and STRM source identity while disabled and archived roots release paths (16.348917ms)
  ✔ protects the default library and refuses to archive pending root cleanup (7.480209ms)
  ✔ requires a non-default library to be archived before preview or permanent deletion (9.30875ms)
  ✔ deletes roots and non-default libraries using the current library revision (10.813459ms)
  ✔ blocks archiving and deletion while root cleanup is active (10.390209ms)
  ✔ blocks archiving and deletion while a scan run is active (12.9155ms)
  ✔ rejects a deletion preview made stale by global video lifecycle changes (14.24675ms)
  ✔ invalidates deletion impact when another library changes the exclusive-video count (11.150709ms)
  ✔ previews all owned data and permanently deletes only database ownership (12.066834ms)
  ✔ returns a frozen scan snapshot containing only active roots (7.72225ms)
  ✔ projects independently configured automatic scan state in stable library order (18.128875ms)
  ✔ accepts offline absolute roots but rejects relative paths and files (7.024583ms)
  ✔ does not let direct disabled-root deletion cascade diagnostic records (7.72625ms)
  ✔ atomically freezes the filesystem identity when an offline root first comes online (7.398125ms)
  ✔ rejects scan-time identity binding for an identity-less root with resource ownership (10.624166ms)
  ✔ rejects scan-time identity binding for an identity-less root with pending ownership (12.433542ms)
  ✔ rejects scan-time identity binding for an identity-less root with unrecognized ownership (13.074417ms)
  ✔ rejects activation of an identity-less disabled root with owned resources (9.064958ms)
  ✔ rejects restore of an identity-less archived root with owned resources (9.15ms)
  ✔ rejects a newly-online alias of another active root without partially binding it (10.944542ms)
✔ mediaLibraryRepo (343.61425ms)
▶ media-library root migration repo
  ✔ previews and atomically migrates root-owned state without touching disk or global videos (11.547375ms)
  ✔ uses the shared availability-aware promotion rule within the source library and video (12.214792ms)
  ✔ rejects stale previews and rolls the entire migration back (10.515291ms)
  ✔ rejects resource or pending changes made after preview even when library revisions are unchanged (4.380416ms)
  ✔ moves terminal cleanup history to the replacement root during preview-confirmed migration (6.481917ms)
  ✔ rejects a stale migration preview when terminal cleanup history changes (5.806041ms)
  ✔ rolls back every dataset when a late migration write fails (4.582042ms)
  ✔ fails closed while either library has an active scan or cleanup job (7.654417ms)
  ✔ treats a failed legacy cleanup waiting marker as active work in preview and commit (6.850916ms)
  ✔ rejects target resource conflicts before mutation (4.584333ms)
  ✔ rejects target unrecognized-file conflicts before mutation (4.435167ms)
  ✔ rejects target pending-scan path conflicts during preview (5.129875ms)
  ✔ moves a disabled root without enabling it in the target library (6.718875ms)
✔ media-library root migration repo (91.628083ms)
▶ database schema
  ✔ adds STRM source identity without changing existing resource identity or link deduplication (9.2185ms)
  ✔ allows duplicate codes while enforcing complete video business identity (8.663917ms)
  ✔ upgrades video identity without changing ids, resources, or site sources (11.355ms)
  ✔ leaves a v10 database untouched when normalized business identities conflict (1.279583ms)
  ✔ migrates legacy classification text into stable entities and retires legacy storage (16.185375ms)
  ✔ retires v8 text storage without changing video metadata, entity ids, or child resources (45.33325ms)
  ✔ stores classification profiles, hierarchy, roles, links, and video references (8.940458ms)
  ✔ rolls back the complete classification migration when entity creation fails (2.91375ms)
  ✔ rolls back classification entities when retiring legacy storage fails (4.564833ms)
  ✔ migrates uncontested names to ownership and preserves cross-actress collisions for review (17.455416ms)
  ✔ rolls back name ownership data and schema version when migration fails (16.439667ms)
  ✔ creates the current schema and records user_version (10.359833ms)
  ✔ migrates v6 video files to local resources without losing data (12.517167ms)
  ✔ migrates released v1 inline video files and removes the obsolete write constraint (25.763667ms)
  ✔ rejects databases newer than the supported schema version (0.461625ms)
  ✔ upgrades v1 actresses table with avatar source columns (9.874625ms)
  ✔ upgrades v2 actress names to one current primary name without removing visible names (13.171875ms)
  ✔ leaves current-version databases unchanged (0.5105ms)
  ✔ classifies v3 actresses only when a success time has actual profile evidence (13.363417ms)
  ✔ keeps the migrated classification unchanged when migration is run again (10.289958ms)
  ✔ rolls back the whole actress status migration when classification fails (1.588166ms)
✔ database schema (241.873792ms)
▶ V14 unreleased feature consolidation migration
  ✔ creates a fresh database with one active default media library (5.835875ms)
  ✔ upgrades released V13 data while keeping playlist import sessions out of the schema (4.490209ms)
  ✔ scopes pending path identity to each library in the final V14 schema (5.796042ms)
  ✔ enforces one primary per membership while archived sources can be adopted by another library (4.449875ms)
  ✔ rolls back V14 when released source paths normalize to the same identity (2.243ms)
✔ V14 unreleased feature consolidation migration (23.447375ms)
▶ V15 local NFO import migration
  ✔ creates fresh V15 databases with automatic import enabled and identity constraints (9.583084ms)
  ✔ upgrades V14 rows, preserves the default, and enforces minimal pending identity snapshots (1.43475ms)
  ✔ rolls the migration back and leaves user_version at V14 on schema conflict (0.413875ms)
✔ V15 local NFO import migration (12.300083ms)
✔ adds the cleanup queue and later indexes when upgrading V15 and preserves old business data and damaged diagnostic state (14.824084ms)
✔ rolls back both DDL and version when V16 fails after table creation, then upgrades on retry (8.16375ms)
✔ upgrades V16 without changing any business rows or other schema and matches the current fresh tag index (20.169625ms)
✔ rolls back index DDL and version after drop failure, then retries (9.690083ms)
✔ rolls back index DDL and version after create failure, then retries (10.902166ms)
✔ adds V18 to a complete V17 schema without rewriting any legacy data or relationships (47.237416ms)
✔ rolls back executed V18 DDL and version, preserves foreign_keys=0, then retries (32.646083ms)
✔ rolls back executed V18 DDL and version, preserves foreign_keys=1, then retries (28.438833ms)
✔ upgrades a structurally restored V15 through cleanup, tag index and V18 without losing legacy rows (20.900917ms)
▶ getLibraryOverviewStats
  ✔ returns aggregate library counts (12.170958ms)
  ✔ counts actress cumulative status from scraped_status, not last_scraped_at (12.82625ms)
✔ getLibraryOverviewStats (25.517792ms)
✔ scopes scan identities and groups while returning only requested IDs from a large catalog (101.063ms)
▶ pending resource identity repository
  ✔ persists the minimum conflict snapshot while exposing only safe presentation fields (11.611834ms)
  ✔ upserts one conflict per library path and enforces revision when deleting (7.821334ms)
  ✔ rejects paths outside the root, equal identities, and malformed STRM snapshots (7.19ms)
  ✔ removes missing conflicts only under roots proven accessible by a safe scan (7.993042ms)
✔ pending resource identity repository (35.097625ms)
✔ matches the legacy oracle with exact global paths, duplicate resources, empty/missing groups and library scope (13.073709ms)
✔ uses final upsert outcomes and current pending metadata, with NFO unrelated to primary pending state (9.40125ms)
✔ runs actual writer callbacks under the read transaction without leaving an active iterator (11.844ms)
✔ rolls back outer business and audit writes on callback failure and closes the iterator for retry (10.507125ms)
✔ rejects thenable visitors, observes rejected promises, and rolls back callback writes (18.986791ms)
✔ guards scope and manifest lifecycle even with no pending files (8.433041ms)
✔ projects narrow SQL only and uses the exact file key lookup (9.555459ms)
✔ snapshots metadata and counts before callbacks mutate live pending rows and cleans its TEMP result (9.14325ms)
✔ delivers an oversized singleton unchanged for writer rejection and rolls back TEMP and callback writes (31.614125ms)
✔ matches old group order and global exact path counts without hydrating unrelated groups or resource DTOs (24.135375ms)
✔ handles empty targets and empty paths while preserving zero-resource groups and library isolation (11.4425ms)
✔ keeps selected group metadata and path counts in one snapshot across an external write (19.309792ms)
✔ drives selected groups by primary key and resources by the scoped group index (11.443791ms)
✔ releases the transaction and connection when resource statement preparation fails (11.79ms)
✔ pages10k scan decisions in legacy order, scopes active libraries and exposes no resource snapshots (49.610334ms)
▶ pendingScanRepo media-library scope
  ✔ keeps same-code groups and resource lookups isolated between libraries (17.262ms)
  ✔ allows the same normalized path in different libraries while deduplicating inside each library (10.318958ms)
  ✔ rejects a root or group that belongs to another library (10.214333ms)
  ✔ increments revision on upsert and rejects a stale resolution atomically (10.478375ms)
  ✔ can assign the same global video in two libraries without crossing resources (10.727167ms)
  ✔ reconciles only selected roots in the selected library and bumps surviving groups (8.666041ms)
  ✔ refreshes a changed STRM snapshot and forces the caller to review the new revision (8.823083ms)
  ✔ moves an already-pending path to the new same-library code without leaving an empty group (7.581958ms)
  ✔ rolls back resources, memberships, and videos if final group deletion fails (9.804042ms)
✔ pendingScanRepo media-library scope (94.782625ms)
✔ counts a large pending inbox without decoding its snapshots and follows deletions (109.0415ms)
✔ pages a 10k inbox without materializing snapshots, locates deep links and clamps deleted pages (124.644917ms)
▶ playlistRepo
  ✔ paginates and filters identically to the full playlist without losing zero-resource rows (32.268708ms)
  ✔ limits a large playlist before returning card details (138.882875ms)
  ✔ keeps metadata out of subsequent video-page queries (8.16075ms)
  ✔ creates playlists with required name and optional fields (6.916125ms)
  ✔ adds videos once per playlist and lists detail videos (8.368333ms)
  ✔ keeps playlist references visible across hidden, archived and missing memberships (8.702458ms)
  ✔ updates playlist metadata and custom cover (8.341792ms)
  ✔ reports video membership and removes videos (7.611416ms)
  ✔ allows one video in multiple playlists without duplicates in one playlist (11.047667ms)
  ✔ rejects blank playlist names (11.884083ms)
  ✔ stores related links on create and update (7.910833ms)
✔ playlistRepo (250.921792ms)
✔ opens a separate read-only WAL connection with matching SQL functions and no migration (15.269125ms)
✔ keeps a read snapshot while the writer commits and observes it on the next transaction (8.939333ms)
✔ rejects missing, old, newer and non-WAL catalogs without initializing or migrating them (3.357375ms)
✔ does not publish an unsuccessfully initialized writer and permits a subsequent valid initialization (9.195959ms)
✔ rebuilds ordered pendingGroups repeatedly without duplicates and preserves all other sections (14.43725ms)
✔ restores the previous section and outer business mutation after native second-group INSERT failure, then retries (9.834084ms)
✔ rolls back an oversized single pending group together with its outer metadata change (13.013291ms)
✔ rejects sealed writer state without deleting prior sections (8.637167ms)
✔ rejects terminal writer state without deleting prior sections (8.438167ms)
✔ refreshes more than 100 referenced groups across item-bounded batches with stable global ordinals (26.113042ms)
✔ flushes by bytes when moderately large valid singletons together exceed the batch budget (54.333875ms)
✔ refreshes the captured writer identity after the caller mutates its original scope object (9.879541ms)
✔ publishes sealed entries with run/state/unrecognized updates and exposes header/body/permissions (13.308166ms)
✔ rolls back every finish write when late publication fails, then retries the same sealed audit (9.351292ms)
✔ rejects wrong scope, collecting manifests and metadata mismatches without partial writes (15.788417ms)
✔ rejects persisted run mismatches, incompatible completion status and oversized metadata before changing data (13.832708ms)
✔ publishes failed audit without replacing previous unrecognized files (9.248958ms)
✔ publishes cancelled audit without replacing previous unrecognized files (8.42975ms)
✔ abandons interrupted collecting/sealed audits while preserving published history and all entries, idempotently (9.782041ms)
✔ abandons already-terminal unexposed manifests even when no interrupted runs remain (8.738833ms)
✔ rolls back recovery run/state/manifest changes on abandonment failure and succeeds on retry (9.013875ms)
✔ publishes the actual writer after stable upserts and an NFO revision through the production finish transaction (8.639542ms)
✔ keeps exact-run and latest non-NULL policies distinct, scoped and deterministically ordered (24.102958ms)
✔ does not silently filter empty, malformed, or nonterminal legacy audit bodies (9.718417ms)
✔ projects only requested fields and counts raw UTF-8 bytes including NUL (12.529ms)
✔ binds literal run IDs and leaves snapshot ownership with the reader transaction (8.64325ms)
✔ selects only published entries, scopes exact reads, and orders mixed formats by the same timestamp/id (9.687708ms)
✔ reconstructs all five ordered arrays and counts stored UTF-8 payload without hydrating identity/bytes (12.913084ms)
✔ throws for inconsistent new metadata, embedded sections, invalid final audits, and mismatched file keys (13.221666ms)
✔ keeps standalone multi-query body reconstruction on one snapshot during concurrent run deletion (10.46825ms)
✔ rejects duplicate metadata root keys even when JSON.parse would keep a valid final value (10.015625ms)
✔ accepts collecting revisions and ordered section entries with exact byte accounting (8.5765ms)
✔ rejects invalid sections, JSON, identities, byte metadata and duplicate file keys (3.464ms)
✔ does not mix legacy JSON audits with the new manifest or start from terminal runs (3.343ms)
✔ enforces sealed immutability and permits publication only with a terminal completed run (3.963959ms)
✔ rolls back run completion and audit publication together on a later failure (5.458125ms)
✔ retains interrupted audit entries for abandoned cleanup and does not permit late writes (8.666ms)
✔ allows deleting whole runs or a library to cascade without permitting partial published deletion (7.339583ms)
✔ keeps entry identity stable while collecting and preserves every terminal publication outcome (8.199833ms)
✔ uses final upsert outcomes and original ordinal order without full-entry hydration or all() (13.021334ms)
✔ rejects wrong identity/state and checks transaction and sealed state on every resume (13.4065ms)
✔ captures identity before first consumption and does not normalize returned path strings (8.605792ms)
✔ rejects failed/cancelled or deleted runs on resume instead of reporting normal EOF (11.050125ms)
✔ publishes on the same connection while mapping lazy paths without a busy cursor (10.826125ms)
✔ closes the path iterator and rolls back publication on second mapping failure, then retries (8.450625ms)
✔ closes the path iterator and rolls back publication on second native-write failure, then retries (9.056ms)
✔ upserts exact file paths with stable ordinals, appends other sections and preserves UTF-8 bytes (11.866125ms)
✔ rolls back the entire batch including earlier upserts after a later SQL failure (8.735041ms)
✔ participates in caller transactions and uses savepoints for recoverable batch errors (7.411ms)
✔ patches NFO in place without inserting missing files or losing the primary audit outcome (7.348834ms)
✔ seals final metadata atomically, keeps the run running, and does not publish or permit late writes (11.496083ms)
✔ seals unchanged metadata without a forbidden no-op metadata update (7.211917ms)
✔ guards scope, running status and legacy JSON and snapshots scope against caller mutation (6.205667ms)
✔ rejects malformed metadata and section shapes without writing anything (23.156083ms)
✔ enforces item, normalized batch and reserved single-page budgets without truncation (11.411292ms)
✔ writes and patches all sections, seals, finishes through the actual repository, and reads compatibility output (7.643875ms)
✔ rejects raw oversized stored entries before selecting their JSON for an NFO patch (11.852125ms)
✔ reads only detached NFO values and distinguishes missing files from absent NFO (7.303875ms)
✔ rejects invalid raw NFO values instead of treating them as absent (7.232625ms)
✔ checks NFO read scope and lifecycle even for missing paths (6.70325ms)
✔ rejects oversized raw rows before projecting any NFO JSON (12.12775ms)
✔ publishes array and generator inputs equivalently and filters roots without touching another library (15.717083ms)
✔ rolls back a native second INSERT failure, closes the generator, and retries (8.676917ms)
✔ rolls back iterator next failure after an earlier insert (12.183666ms)
✔ rolls back iterator authorization failure after an earlier insert (11.271ms)
✔ rolls back all writes on late native publication failure after fully consuming the generator (7.888458ms)
✔ does not acquire or enumerate the iterable for failed runs (7.746583ms)
✔ does not acquire or enumerate the iterable for cancelled runs (7.599458ms)
✔ does not enumerate on scope validation failure or empty replacement roots, and rejects async-only input (7.680792ms)
▶ scoped video catalog repo
  ✔ keeps list resources and membership time inside one library (7.084459ms)
  ✔ loads detail from the injected database and projects only the active library resources (5.65025ms)
  ✔ deduplicates global results and selects the newest eligible membership (3.735166ms)
  ✔ interprets the none resource filter within the selected scope (4.421166ms)
  ✔ treats an archived media-library scope as unavailable (3.598041ms)
  ✔ rejects invalid scope ids before building SQL (3.00775ms)
  ✔ keeps fixed actor and tag filters unique across shared and hidden memberships (4.574666ms)
  ✔ normalizes a single active library and serves no-count pages with identical ordering (10.363083ms)
  ✔ uses bounded indexed queries for a large scoped page (21.712375ms)
✔ scoped video catalog repo (64.901208ms)
{"sourceIterationPlans":[[{"id":4,"parent":0,"notused":156,"detail":"SEARCH video_resources USING INTEGER PRIMARY KEY (rowid>? AND rowid<?)"}],[{"id":4,"parent":0,"notused":156,"detail":"SEARCH video_resources USING INTEGER PRIMARY KEY (rowid>? AND rowid<?)"}]]}
✔ iterates source-managed resources in order while deleting, with bounded reads and rollback (23.245375ms)
▶ tagRepo.pruneUnusedTags
  ✔ deletes tags with no video links and keeps tags still used by a video (9.90825ms)
✔ tagRepo.pruneUnusedTags (10.240833ms)
▶ tagRepo selected labels
  ✔ looks up only selected IDs through the tag primary key and omits deleted IDs (12.468417ms)
  ✔ bounds display labels and JSON bytes without changing full stored names (9.765042ms)
  ✔ rejects invalid or oversized requests and does no SQL work for an empty selection (6.642ms)
✔ tagRepo selected labels (29.036125ms)
▶ tagRepo manual candidates
  ✔ pages alphabetically without counts and retains hidden/manual-only associations (22.844916ms)
  ✔ preserves Unicode/literal substring matching and searches beyond display truncation (8.609917ms)
  ✔ uses tag-key existence checks under skewed statistics and validates its work limits (13.707833ms)
✔ tagRepo manual candidates (45.288292ms)
▶ tagRepo active catalog projection
  ✔ matches manual association and visibility semantics before and after statistics maintenance (24.982584ms)
  ✔ deduplicates shared memberships and preserves manual origin and zero-count tags (7.2185ms)
  ✔ counts only videos that can be opened through the active visible catalog (7.27625ms)
✔ tagRepo active catalog projection (39.564708ms)
▶ tagRepo filter candidates
  ✔ paginates names before counts and matches global visibility counts with shared and archived members (10.509459ms)
  ✔ keeps Unicode literal search, bounded labels and page-only count parameters (28.627625ms)
✔ tagRepo filter candidates (39.196417ms)
▶ video lifecycle repo
  ✔ removes only one library membership and replays the same operation idempotently (7.051459ms)
  ✔ moves one external resource and keeps each library primary isolated (3.722333ms)
  ✔ promotes an available source fallback by kind and add time without crossing ownership scope (9.325042ms)
  ✔ rejects moving a local or STRM-managed source without transferring its root (3.507833ms)
  ✔ treats archived source libraries as read-only (3.219625ms)
  ✔ rejects a stale preview and globally deletes only after a fresh explicit preview (5.89675ms)
  ✔ invalidates a global-delete preview when any displayed relationship changes (7.812167ms)
✔ video lifecycle repo (41.071167ms)
▶ videoRepo.scrapeStatus
  ✔ does not downgrade an already scraped video when a later scrape fails (12.459792ms)
  ✔ can manually mark an unscraped or failed video as scraped (11.203333ms)
✔ videoRepo.scrapeStatus (24.276833ms)
▶ videoRepo.listVideos
  ✔ rejects attempts to restore classification text storage through generic updates (8.325917ms)
  ✔ sorts and paginates videos (7.775917ms)
  ✔ sorts facet videos by release date desc with missing dates last (8.177875ms)
  ✔ filters by status, year and facet fields (7.981791ms)
  ✔ applies multi-tag AND filters (8.458625ms)
  ✔ filters resource kinds with OR semantics and treats no-resource as zero rows (9.34675ms)
  ✔ projects resource count and primary-first deduplicated resource kinds (11.150292ms)
  ✔ searches videos by actress alias (8.919334ms)
  ✔ preserves SQL LIKE pattern matching in the video search actress branch (8.913375ms)
  ✔ excludes migrated pending actress names from video search (10.294208ms)
✔ videoRepo.listVideos (89.901916ms)
▶ videoRepo.getVideoDetail
  ✔ lists female cast before male cast (8.62375ms)
  ✔ includes external rating stats (7.665791ms)
✔ videoRepo.getVideoDetail (16.364209ms)
▶ videoRepo.setPrimaryVideoResource
  ✔ automatically marks the first resource as primary (8.255542ms)
  ✔ keeps the current primary when a requested primary insert is a duplicate (8.061291ms)
  ✔ marks one resource as primary and clears the previous primary (8.989958ms)
✔ videoRepo.setPrimaryVideoResource (25.392416ms)
▶ videoRepo.posterPath
  ✔ clears the poster when the referenced sample is deleted (7.478083ms)
✔ videoRepo.posterPath (7.518ms)
▶ videoRepo.listVideosForBatchScrape
  ✔ filters by scrape status (8.056333ms)
  ✔ can constrain batch targets to explicit selected video ids (7.450042ms)
  ✔ filters missing fields by stored path or link, not file health (7.753292ms)
✔ videoRepo.listVideosForBatchScrape (23.340333ms)
▶ videoRepo tags by origin
  ✔ orders scraped tags before manual tags in detail (8.131875ms)
  ✔ editVideoRecord only replaces scraped tags (10.878291ms)
  ✔ editVideoRecord drops unused scraped tags while keeping tags still used elsewhere (10.097083ms)
  ✔ clearVideoMetadataRecord deletes unused scraped tags and keeps manual tags (8.181042ms)
  ✔ editVideoRecord replaces female and male cast separately (13.325ms)
  ✔ removeManualVideoTag only removes manual tags (8.540583ms)
  ✔ removeManualVideoTag keeps tag when scraped associations remain (11.611917ms)
  ✔ promotes scraped tag to manual when adding the same name (7.99975ms)
✔ videoRepo tags by origin (78.954292ms)
▶ classification IPC contract
  ✔ registers every command and forwards typed arguments to the public services (1.335125ms)
✔ classification IPC contract (1.693ms)
▶ IPC path guards
  ✔ rejects a rename that contains a path component (0.867666ms)
  ✔ authorizes only files under the selected active root (1.160167ms)
  ✔ rejects a path when the persisted root has been replaced (0.672791ms)
  ✔ rejects a file that escapes a configured root through a symbolic link (0.869541ms)
✔ IPC path guards (4.034042ms)
▶ IPC sender security
  ✔ accepts the configured main window and main frame (0.586042ms)
  ✔ rejects another webContents, a child frame, and an untrusted URL (0.265791ms)
  ✔ matches dev origins but requires the exact production file (0.076083ms)
✔ IPC sender security (1.314958ms)
▶ media-library IPC schemas
  ✔ accepts the complete default config sent by the create wizard, including local NFO import (2.052083ms)
  ✔ accepts boolean local NFO settings on update and rejects malformed values on both paths (0.902917ms)
  ✔ accepts exact management commands and rejects loose object shapes (1.637959ms)
  ✔ rejects invalid ids and revisions on every optimistic command shape (0.382666ms)
  ✔ strictly validates home discovery and global-search inputs (0.560208ms)
✔ media-library IPC schemas (5.98475ms)
▶ media-library IPC handlers
  ✔ registers the complete contract and forwards validated arguments (0.387833ms)
  ✔ rejects malformed calls before a dependency is invoked (0.260042ms)
  ✔ preserves root continuity domain errors across validated IPC handlers (0.424625ms)
✔ media-library IPC handlers (1.15ms)
▶ NFO export IPC schemas
  ✔ accepts the complete closed plan request and rejects missing or extra state (2.318542ms)
✔ NFO export IPC schemas (3.110042ms)
▶ playlist import renderer lifecycle
  ✔ binds every recreated renderer once and cancels only on full navigation or loss (0.367167ms)
  ✔ cancels a non-terminal foreground import when its renderer disconnects (0.580083ms)
  ✔ leaves terminal imports untouched (0.073667ms)
✔ playlist import renderer lifecycle (1.384125ms)
▶ scan latest IPC handler
  ✔ validates libraryId and forwards the scoped latest snapshot (2.295042ms)
✔ scan latest IPC handler (3.078792ms)
✔ bounds the combined audit presence request and validates its library (2.094208ms)
✔ bounds scan pages and validates scoped detail and anchor inputs (0.966708ms)
✔ routes audit header/page through the async reader with trusted budgets and strict scope (0.700792ms)
✔ routes combined view pages with trusted budgets and preserves query and result fields (0.779458ms)
✔ accepts every combined tab/outcome/filter, canonicalizable locales and strict failed anchors (1.164667ms)
✔ rejects invalid combined queries, locales, anchors, snapshots and argument counts (2.395417ms)
✔ propagates combined reader errors instead of falling back to another snapshot or raw page (0.706666ms)
✔ rejects invalid reveal paths before permission lookup and retains strict IPC arguments (0.917584ms)
✔ does not access or reveal an unauthorized audit path (0.287458ms)
✔ returns a handled verification error when the permission reader rejects (0.175834ms)
✔ awaits permission and asynchronous access before revealing the original path exactly once (0.237125ms)
✔ returns fileMissing on asynchronous access failure without revealing (0.305458ms)
▶ scrape IPC schemas
  ✔ strictly validates media-library-scoped video batch scrape commands (1.601209ms)
  ✔ validates the optional media-library scope on single-video scrape commands (0.149083ms)
✔ scrape IPC schemas (2.131875ms)
✔ bounds pending scrape pages and details at the IPC boundary (0.439084ms)
✔ bounds audit pending presence lookups (2.633ms)
✔ validates token and safe nonnegative avatar snapshot cursor (0.162542ms)
✔ validates manual tag candidate bounds and existing-tag identities (2.410667ms)
✔ bounds selected tag label IPC requests before repository access (0.342417ms)
▶ typed IPC adapter
  ✔ does not expose the legacy unreviewed video deletion command (0.179583ms)
  ✔ forwards command arguments and returns the application result (0.1425ms)
  ✔ rejects malformed arguments before invoking the application handler (0.1845ms)
  ✔ accepts link-resource updates without an import-only target (0.273958ms)
  ✔ only accepts metadata retention when removing a last video resource (0.06225ms)
  ✔ accepts one exact plugin approval decision and rejects malformed decisions (0.254042ms)
  ✔ accepts only explicit plugin continuation kinds (0.099709ms)
  ✔ accepts only typed plugin user responses with request-bound actions (0.531667ms)
  ✔ accepts plugin history clearing only without renderer-supplied run ids (0.054375ms)
  ✔ accepts unrecoverable plugin-session discard only without renderer-supplied run ids (0.066542ms)
  ✔ keeps legacy model limits out of the generic settings mutation contract (0.2845ms)
  ✔ validates playlist import start and identity controls at the IPC boundary (0.462792ms)
  ✔ requires the path-removal impact revision at the settings boundary (0.1185ms)
  ✔ accepts only the structured model-management command vocabulary (0.401209ms)
  ✔ serializes successful results and thrown errors (0.72ms)
  ✔ sends the contracted event payload unchanged (0.066917ms)
✔ typed IPC adapter (4.165375ms)
✔ bounds actress conflict summary pages and keeps detail identities exact (0.229166ms)
✔ validates bounded actress picker requests (0.163541ms)
✔ validates narrow actress identity IDs (0.162541ms)
✔ validates merge candidate paging and keep identity (0.254292ms)
✔ accepts only zero arguments for avatar crop count (0.032708ms)
✔ accepts only zero arguments for avatar crop target enumeration (0.026792ms)
✔ validates plugin actress test picker bounds and identities (0.161125ms)
✔ validates actress works page bounds and rejects unexpected filter fields (0.150375ms)
✔ validates metadata IDs and the optional cover-only actor works filter (0.069916ms)
✔ validates bounded actress gallery pages (0.254ms)
✔ validates a profile header identity without optional wide-data flags (0.06175ms)
✔ validates the optional local photo source filter (0.23625ms)
▶ video query IPC schemas
  ✔ accepts and normalizes a complete list query at every VideoQuery boundary (1.6535ms)
  ✔ rejects malformed fields consistently for lists and global search (2.090541ms)
  ✔ strictly validates catalog scopes and video detail identifiers (0.413ms)
✔ video query IPC schemas (4.540458ms)
▶ main window asset paths
  ✔ resolves preload and renderer from the app root when appMain is emitted as a chunk (0.713125ms)
✔ main window asset paths (1.361917ms)
▶ LocalNfoSourceAdapter
  ✔ reads its own exported samples with a separate background (portable-v1) (7.714083ms)
  ✔ reads its own exported samples with a separate background (jellyfin-current) (1.8525ms)
  ✔ reads its own exported samples with a separate background (emby-kodi-conservative) (2.786208ms)
  ✔ reads its own exported samples with a separate background (plex-nfo-1.43.1+) (1.628917ms)
  ✔ reads its own exported samples with a separate background (infuse-current) (1.393083ms)
  ✔ keeps explicit and discovered samples scoped to their video in a shared directory (1.732042ms)
  ✔ collects one candidate per physical NFO with local asset capabilities and no paths (5.390583ms)
  ✔ uses explicit gender, then existing actor gender, then dialect default (2.248042ms)
  ✔ keeps actress avatar positions aligned after gender field projection (1.80175ms)
  ✔ reads legacy and Kodi actor filenames and follows explicit references for repeated spaces (2.694459ms)
  ✔ treats no sidecar as a quiet no-match and excludes mismatched NFO identity (2.030834ms)
✔ LocalNfoSourceAdapter (32.466417ms)
▶ videoMetadataCandidateStager
  ✔ stages remote and managed-root assets without persisting host paths (12.796958ms)
✔ videoMetadataCandidateStager (13.30025ms)
▶ WebScraperSourceAdapter
  ✔ passes the stored code to legacy plugins unchanged while comparing normalized identities (0.922792ms)
  ✔ collects exact candidates with declared remote assets and source evidence (1.667208ms)
✔ WebScraperSourceAdapter (3.190166ms)
▶ VideoMetadataSourceRegistry
  ✔ resolves stable source ids while preserving legacy plugin-name lookup (0.251583ms)
✔ VideoMetadataSourceRegistry (0.370541ms)
✔ exports oriented/cropped artwork with the shipped Electron codec and encrypted asset store (427.618167ms)
▶ NfoExportModule
  ✔ inspects each plan anchor once and reuses the returned canonical directory (7.853625ms)
  ﹣ accepts alternate Windows path spellings for the same physical export directory (0.173708ms) # Windows path aliases are case-insensitive
  ✔ reads selected images linearly and isolates assets that fail or change after planning (384.732833ms)
  ✔ shares identical actor avatars across videos and removes references to conflicting content (42.7215ms)
  ✔ plans without writing and applies an exact-stem NFO plus portable cover (18.037542ms)
  ✔ keeps the default skip policy and rejects a changed target under replace (12.981792ms)
  ✔ marks every planned file stale when source metadata changes (2.53625ms)
  ✔ exports a local STRM source anchor and counts resources without anchors separately (1.493625ms)
  ✔ terminates only between files and leaves completed atomic writes intact (8.725292ms)
  ✔ isolates an image conversion failure from the NFO write (10.252833ms)
  ✔ reports an atomic write failure per item and continues later files (1.589541ms)
  ✔ exports samples as separate attachments and reads them back without background images (53.905625ms)
  ✔ marks colliding sanitized actor avatar targets and omits ambiguous NFO references (17.773792ms)
  ✔ treats case, Unicode and space-to-underscore actor targets as collisions (2.272083ms)
  ✔ makes Windows device actor names portable before planning their target (1.418709ms)
  ✔ keeps unreadable selected images as unavailable plan items without blocking NFO (7.929958ms)
  ✔ warns about requested missing artwork, avatars, and populated fields omitted by a profile (0.899833ms)
  ✔ uses the video stem itself for Infuse cover output and local reference (14.374542ms)
  ✔ plans each physical resource, deduplicates identical targets, and warns only on same-directory identity collisions (3.485041ms)
  ✔ reports real read-only directory failures without leaving temporary files (2.104833ms)
  ✔ rejects a sample-directory symlink introduced after planning (15.836167ms)
  ✔ does not fingerprint a nested export target through a pre-existing symlink (2.205709ms)
  ✔ revalidates a skip target parent before following a newly introduced symlink (19.06425ms)
  ✔ creates consumer-readable sidecars and preserves an existing target mode on replace (17.800625ms)
✔ NfoExportModule (651.868291ms)
▶ NFO export profiles
  ✔ renders all public profiles as valid movie XML without database identities (8.178167ms)
  ✔ applies profile-specific conservative fields and keeps background separate from samples (0.253375ms)
  ✔ canonicalizes and deduplicates Plex rating source aliases (0.679584ms)
  ✔ reports populated fields that the selected profile cannot represent (0.104ms)
✔ NFO export profiles (9.646375ms)
▶ SqliteNfoExportRepository
  ✔ projects exportable metadata while excluding personal rating and watch state (37.0595ms)
✔ SqliteNfoExportRepository (37.411083ms)
▶ NFO export renderer diagnostics
  ✔ redacts POSIX and Windows absolute paths while preserving the reason (1.423333ms)
✔ NFO export renderer diagnostics (1.919417ms)
▶ NfoExportTaskController
  ✔ keeps planning leases until an asynchronous plan settles, including disposal and failures (1.10975ms)
  ✔ holds both leases from plan through apply and releases them at terminal state (3.054375ms)
  ✔ releases leases when a plan is discarded or planning fails (0.325417ms)
  ✔ requests termination and waits for apply before process disposal releases leases (0.454375ms)
  ✔ does not acquire an asset lease when another maintenance task owns the gate (0.13425ms)
✔ NfoExportTaskController (5.585208ms)
▶ NFO export main-window guard
  ✔ binds recreated windows and disposes a foreground task when their renderer is lost (0.494167ms)
  ✔ prevents navigation while a plan or task owns the foreground (0.260375ms)
  ✔ keeps the window open during a running export but allows the coordinated quit path (0.162209ms)
  ✔ releases a held preview plan and allows navigation instead of treating it as a running task (0.118959ms)
✔ NFO export main-window guard (1.952042ms)
▶ NFO artifact codec
  ✔ accepts the four synthetic third-party dialect fixtures (4.45225ms)
  ✔ round-trips five canonical Javdex fixtures with stable UTF-8 and LF output (3.931083ms)
  ✔ normalizes the MDC dialect and prefers structured ratings over its scalar duplicate (0.317417ms)
  ✔ normalizes MDCx, Javinizer, and JavSP field variants (0.287834ms)
  ✔ reports unknown legal tags and remote artwork without retaining remote URLs as assets (0.170416ms)
  ✔ rejects DTD, entities, oversized input, excessive depth, node count, and field size (12.914875ms)
✔ NFO artifact codec (22.539916ms)
▶ NFO sidecar locator
  ✔ prefers exact stem and reports a differing movie.nfo without exposing either path (5.065458ms)
  ✔ uses movie.nfo only for one anchor or one logical code and rejects mixed directories (3.626875ms)
  ✔ deduplicates physical sidecars and rejects symlink escapes at issue and read time (12.556209ms)
✔ NFO sidecar locator (21.652375ms)
▶ parseCode
  ✔ parses standard codes (2.061583ms)
  ✔ parses 規格品番 ADV-R and ADV-SR (0.081125ms)
  ✔ does not mis-parse ADV-R0484 as R0-484 (0.066916ms)
  ✔ parses FC2 and Heyzo (0.046042ms)
  ✔ parses DMM h_ prefix (0.040208ms)
  ✔ parses date-based uncensored ids (0.029042ms)
  ✔ extracts code after @ in filename (0.038916ms)
  ✔ returns null for noise-only names (0.04625ms)
  ✔ rejects no-hyphen and short-prefix patterns (0.071709ms)
✔ parseCode (3.344417ms)
✔ matches original find by object identity for posix paths and both alias modes (2.019042ms)
✔ preserves the earliest parent, alias and duplicate root for posix (0.233125ms)
✔ matches original find by object identity for win32 paths and both alias modes (2.577625ms)
✔ preserves the earliest parent, alias and duplicate root for win32 (0.093209ms)
✔ matches UNC and namespace paths without expanding the old predicate (0.2995ms)
✔ keeps relative-root fallback and validation short circuit behavior (1.136416ms)
✔ does not introduce whitespace or NUL validation (0.226417ms)
✔ matches deterministic mixed path cases including Windows lexical edge forms (69.014ms)
✔ checks only ancestor candidates instead of testing every unrelated root (1.213083ms)
▶ libraryScanAuditStore
  ✔ uses the latest non-NULL database body and never falls back to disk on missing or malformed persisted audit (36.758167ms)
  ✔ atomically replaces and restores the complete latest audit (1.558042ms)
  ✔ fails closed for malformed audit documents (1.4705ms)
  ✔ reads schema 2 NFO dispositions while retaining schema 1 compatibility (3.969ms)
✔ libraryScanAuditStore (44.259375ms)
✔ native removedResources audit INSERT failure rolls back real cleanup tables and retries without phantom counts (29.613416ms)
✔ native promotedResources audit INSERT failure rolls back real cleanup tables and retries without phantom counts (26.113542ms)
✔ native deletedVideos audit INSERT failure rolls back real cleanup tables and retries without phantom counts (32.922042ms)
✔ rejects resolved async cleanup callbacks and rolls back synchronous writes (12.506375ms)
✔ rejects rejected async cleanup callbacks and rolls back synchronous writes (13.0915ms)
✔ copies deferred cleanup events into legacy audit only after the outer transaction commits (24.540916ms)
✔ rejects an SQL-ignored remove write without emitting its audit and rolls back earlier cleanup (12.198791ms)
✔ rejects an SQL-ignored promote write without emitting its audit and rolls back earlier cleanup (13.38ms)
▶ ScanCoordinator
  ✔ coalesces display progress while preserving per-file callbacks and the final event (15.084375ms)
  ✔ flushes pending progress before a failure without delaying the failure event (0.504167ms)
  ✔ binds an offline-created root identity and refreshes the frozen snapshot before scanning (0.822625ms)
  ✔ persists matching complete audit details with the latest summary (0.354084ms)
  ✔ publishes scan lifecycle events for every trigger (0.378292ms)
  ✔ uses one frozen configuration snapshot for the complete run (0.14425ms)
  ✔ reconciles resource identity pending rows only under roots proven safe after traversal (0.227917ms)
  ✔ preserves offline roots and removes only missing local resources under accessible roots (0.434084ms)
  ✔ aborts cleanup when a local path cannot be audited (0.279333ms)
  ✔ treats a root that becomes unreadable after traversal as offline (0.146125ms)
  ✔ rechecks the frozen root identity immediately before cleanup writes (0.136625ms)
  ✔ does not run cleanup after cancellation and releases the mutual-exclusion lease (0.151084ms)
  ✔ keeps resources after a coordinator-level failure (0.118042ms)
  ✔ skips every destructive cleanup after a file processing failure (0.073625ms)
  ✔ replaces the unrecognized-file snapshot after every safe completed scan (0.10275ms)
  ✔ completes safe cleanup with errors when failures are isolated to STRM files (0.121792ms)
  ✔ consumes deferred path cleanup only after a successful uncancelled scan (0.108083ms)
  ✔ keeps deferred path cleanup queued after a partial folder scan (0.104625ms)
  ✔ allows a full cleanup-only scan after the final configured folder was removed (0.057875ms)
  ✔ removes many non-primary resources without reading sibling resource lists (2.302041ms)
  ✔ consumes cleanup references lazily and closes iteration on a path failure (0.178458ms)
  ✔ preserves all three cleanup audit sequences above the argument limit (356.189125ms)
  ✔ removes resource-less memberships after deferred cleanup on a safe full scan (0.514083ms)
  ✔ persists a sanitized failed summary without running destructive cleanup (0.761625ms)
  ✔ rolls back resource cleanup and keeps pending roots when auto-delete fails (0.541792ms)
  ✔ keeps pending roots when the cleanup transaction cannot commit (0.188417ms)
  ✔ rejects duplicate scans and scans blocked by resource maintenance (8.875292ms)
✔ ScanCoordinator (389.77125ms)
✔ reads pending audit summaries with only referenced groups and all exact pending paths (0.452875ms)
✔ skips the pending audit DB reader for no-files (0.2705ms)
✔ skips the pending audit DB reader for non-pending (0.132333ms)
✔ skips the pending audit DB reader for pending-without-group (0.25825ms)
✔ keeps original first root for cleanup and unrecognized summary with parent-first (0.744583ms)
✔ keeps original first root for cleanup and unrecognized summary with child-first (0.183833ms)
✔ uses the early realPath alias for cleanup but only configured paths for summary (0.596166ms)
✔ does not try a later matching root after cleanup-present authorization fails (0.941208ms)
✔ does not try a later matching root after cleanup-missing authorization fails (0.130584ms)
✔ does not try a later matching root after summary authorization fails (0.100291ms)
✔ reauthorizes the first matching root for unknown pending paths without inspecting unmatched paths or falling back (0.158708ms)
✔ defaults to real incremental entries and publishes the same NFO/pending/cleanup audit as explicit legacy JSON (81.788417ms)
✔ rolls run admission and state back when starting the audit manifest fails (9.796291ms)
✔ does not falsely complete or replace old unrecognized rows after persistent file failure (17.017916ms)
✔ does not falsely complete or replace old unrecognized rows after persistent cleanup failure (31.154083ms)
✔ does not falsely complete or replace old unrecognized rows after persistent pending-refresh failure (31.099458ms)
✔ does not falsely complete or replace old unrecognized rows after persistent seal failure (28.376708ms)
✔ does not falsely complete or replace old unrecognized rows after persistent publish failure (34.919584ms)
✔ a transient final publication fault cannot expose completed success or replace old unrecognized rows (34.402958ms)
✔ cancellation retains incremental entries and the previous unrecognized snapshot (16.367958ms)
✔ preserves committed partial counts on second-file storage failure (18.955833ms)
✔ preserves committed partial counts on nfo-tail storage failure (30.443958ms)
✔ leaves persistent failed-terminalization recoverable and startup preserves durable entries (26.438625ms)
▶ scanFolders
  ✔ rejects an archived library atomically when manual import resumes after probing (12.825875ms)
  ✔ rejects manual import when the root is physically replaced while duration probing is suspended (11.076083ms)
Scan error for /var/folders/h4/zxrt6zwx6dv1n16kwxzltqgh0000gn/T/javdex-scan-qUkDdv/scan-replaced-root/RACE-003.mp4 Error: 只能操作身份有效的启用媒体库根目录内文件
    at rejectManagedRootFile (/Users/nut/Project/JavdexLabs/Javdex/src/main/services/mediaLibraryRootFileGuard.ts:32:9)
    at requireCurrentRootIdentity (/Users/nut/Project/JavdexLabs/Javdex/src/main/services/mediaLibraryRootFileGuard.ts:86:5)
    at assertRootFile (/Users/nut/Project/JavdexLabs/Javdex/src/main/services/mediaLibraryRootFileGuard.ts:98:27)
    at assertMediaLibraryRootFile (/Users/nut/Project/JavdexLabs/Javdex/src/main/services/mediaLibraryRootFileGuard.ts:170:3)
    at authorizeMediaLibraryRootFile (/Users/nut/Project/JavdexLabs/Javdex/src/main/services/mediaLibraryRootFileGuard.ts:230:3)
    at authorizeFileWrite (/Users/nut/Project/JavdexLabs/Javdex/src/main/scanner/scanner.ts:706:7)
    at scanPreparedFolders (/Users/nut/Project/JavdexLabs/Javdex/src/main/scanner/scanner.ts:1231:7)
    at async scanFolders (/Users/nut/Project/JavdexLabs/Javdex/src/main/scanner/scanner.ts:473:12)
    at async TestContext.<anonymous> (/Users/nut/Project/JavdexLabs/Javdex/src/main/scanner/scanner.test.ts:447:20)
    at async Test.run (node:internal/test_runner/test:1332:7)
  ✔ keeps scan state unchanged when a frozen root is physically replaced during probing (17.792167ms)
Scan error for /var/folders/h4/zxrt6zwx6dv1n16kwxzltqgh0000gn/T/javdex-scan-VIhoNH/rename-import-replaced-root/RACE-004.mp4 Error: 只能操作身份有效的启用媒体库根目录内文件
    at rejectManagedRootFile (/Users/nut/Project/JavdexLabs/Javdex/src/main/services/mediaLibraryRootFileGuard.ts:32:9)
    at requireCurrentRootIdentity (/Users/nut/Project/JavdexLabs/Javdex/src/main/services/mediaLibraryRootFileGuard.ts:86:5)
    at assertRootFile (/Users/nut/Project/JavdexLabs/Javdex/src/main/services/mediaLibraryRootFileGuard.ts:98:27)
    at assertMediaLibraryRootFile (/Users/nut/Project/JavdexLabs/Javdex/src/main/services/mediaLibraryRootFileGuard.ts:170:3)
    at authorizeMediaLibraryRootFile (/Users/nut/Project/JavdexLabs/Javdex/src/main/services/mediaLibraryRootFileGuard.ts:230:3)
    at authorizeFileWrite (/Users/nut/Project/JavdexLabs/Javdex/src/main/scanner/scanner.ts:706:7)
    at scanPreparedFolders (/Users/nut/Project/JavdexLabs/Javdex/src/main/scanner/scanner.ts:1161:9)
    at async scanFolders (/Users/nut/Project/JavdexLabs/Javdex/src/main/scanner/scanner.ts:473:12)
    at async renameAndImport (/Users/nut/Project/JavdexLabs/Javdex/src/main/scanner/scanner.ts:1585:20)
    at async TestContext.<anonymous> (/Users/nut/Project/JavdexLabs/Javdex/src/main/scanner/scanner.test.ts:536:19)
  ✔ does not commit or rename a replacement-root file when rename-import resumes after probing (14.351083ms)
  ✔ rejects a disabled target root at the resource transaction boundary (9.7625ms)
  ✔ reuses archived local and STRM source paths without crossing library ownership (18.430625ms)
  ✔ imports mixed local and STRM resources into one video and keeps the local file primary (12.791708ms)
  ✔ chooses the scan primary independently of directory entry order (12.723875ms)
  ✔ reselects the primary when scanning into an existing resource-less video (10.48425ms)
  ✔ keeps mixed local and STRM resources in one masked pending group (10.809666ms)
  ✔ rejects a stale pending STRM assignment, refreshes its snapshot, then accepts it (12.434375ms)
  ✔ removes an invalidated STRM snapshot from the pending group on a later scan (12.807917ms)
  ✔ syncs a changed STRM target in place while preserving primary and user-maintained fields (10.611875ms)
  ✔ isolates invalid STRM files and retries them without replacing a bound target (15.342375ms)
  ✔ relocates STRM only when the complete filename and target identify one missing source (15.132959ms)
  ✔ loads STRM candidates once per scan across imports, moves and pending writes (217.185917ms)
  ✔ relocates a bound STRM after its video code has been corrected (14.184291ms)
  ✔ holds new resources for confirmation when several videos already use the code (12.7815ms)
  ✔ keeps an already-pending path out of relocation and refreshes its pending snapshot (8.188041ms)
  ✔ holds a same-scan multi-file code together when automatic assignment is disabled (12.449875ms)
  ✔ does not let an invalid STRM force a valid same-code video into confirmation (10.042959ms)
  ✔ persists a pending scan group across database reopen and assigns it atomically (11.520333ms)
  ✔ rolls back every scan assignment when final pending-group deletion fails (9.335375ms)
  ✔ imports one unambiguous file normally when automatic assignment is disabled (8.6045ms)
  ✔ holds a new resource that matches one existing video when automatic assignment is disabled (10.561833ms)
  ✔ promotes the available resource when assigning into an existing video without a primary (8.650541ms)
  ✔ normalizes a manual code and attaches to an existing case-insensitive identity (92.971041ms)
  ✔ aborts when a nested directory cannot be audited (8.258917ms)
  ✔ imports a symbolic-link video by its link path and file name (8.864ms)
  ✔ does not follow symbolic-link directories (8.510791ms)
  ✔ silently skips a broken symbolic-link video (7.056541ms)
  ✔ leaves missing-resource cleanup to the high-level scan coordinator (12.381666ms)
  ✔ keeps distinct symbolic-link paths that point to the same target (13.590542ms)
  ✔ keeps a resource under an unavailable root when the same code appears online (12.0245ms)
  ✔ relocates one same-code video by a unique file-size match without requiring the old name (8.010833ms)
  ✔ uses full file name and size to relocate safely when several videos share a code (8.4395ms)
  ✔ does not relocate when full file name and size match more than one duplicate-code video (9.438333ms)
  ✔ treats a new file normally when an old same-code path cannot be audited (11.886417ms)
  ✔ keeps an unrecognized rename and only rediscovers the renamed file (16.72975ms)
  ✔ uses the scan same-code pending flow when automatic merging is disabled (19.19ms)
  ✔ renames and discovers the code without a manual code or target (11.801875ms)
  ✔ renames and imports an unrecognized STRM as a source-managed link (10.111416ms)
  ✔ imports recognized videos and reports unrecognized files (13.618ms)
  ✔ reuses scanned directory entries when checking a directory without NFO files (50.889ms)
  ✔ refreshes a changed local identity snapshot on rescan before user confirmation (16.303416ms)
  ✔ refreshes a changed strm identity snapshot on rescan before user confirmation (18.408167ms)
  ✔ uses NFO identity only for newly discovered resources when automatic import is enabled (19.406ms)
  ✔ yields between immediately resolved NFO batches so abort runs without losing committed audits or primaries (132.843083ms)
  ✔ yields while delivering final audits but drains every committed entry and reports cancellation (113.424541ms)
  ✔ yields inside one committed NFO batch and retains imported audits for all its anchors (73.097792ms)
  ✔ yields between completed primary selections and still settles every committed resource after abort (87.561959ms)
  ✔ handles cancellation during the only or first NFO application and preserves committed file audits (22.726167ms)
  ✔ aggregates first-discovery NFO candidates once per video after all resources are assigned (13.760042ms)
  ✔ does not count an existing pending resource identity as a new same-code file (13.509791ms)
  ✔ keeps distinct local NFO candidates in the existing confirmation workflow (18.476125ms)
  ✔ persists a filename/NFO identity conflict without creating formal library records (8.69325ms)
  ✔ persists only a masked STRM target projection for an NFO identity conflict (7.665417ms)
  ✔ keeps a valid filename import when its NFO is invalid and records only a secondary warning (9.161917ms)
  ✔ uses NFO identity across libraries but never overwrites a globally scraped-success video (9.219875ms)
  ✔ applies local NFO with fill-empty semantics for new and failed videos (14.739917ms)
  ✔ reattaches a scanned file to an existing no-resource video without replacing metadata (11.458583ms)
  ✔ yields while scanning large batches (98.737917ms)
  ✔ collects a very large root without overflowing call arguments before cancellation (1418.137834ms)
  ✔ stops when cancelled (95.319375ms)
  ✔ skips new imports shorter than 30 minutes (7.771209ms)
  ✔ skips short files before unrecognized handling (7.924667ms)
  ✔ stores probed duration on import (8.708834ms)
  ✔ refreshes duration when the file changes on rescan (12.611334ms)
  ✔ skips duration probe on rescan when file is unchanged (11.955ms)
  ✔ emits one final audit outcome for every processed file (10.270791ms)
✔ scanFolders (3109.150833ms)
✔ matches final legacy callbacks on equivalent fresh catalogs including merged NFO and repeated paths (67.086791ms)
✔ commits singleton audit deliveries while the next duration probe is held, outside a database transaction (21.090084ms)
✔ timer cancellation preserves already committed entries and stops incremental delivery (22.973708ms)
✔ rejects mutually exclusive sinks before database, directory, probe or callback work (7.651ms)
✔ propagates recordFile sink failure without converting it to processing_failure (15.116584ms)
✔ propagates readFileNfo sink failure without converting it to processing_failure (10.9255ms)
✔ propagates patchNfo sink failure without converting it to processing_failure (11.215375ms)
✔ treats a missing NFO patch target after a successful read as fatal (13.651042ms)
✔ rejects recordFile resolved thenables without late unhandled rejection (14.068375ms)
✔ rejects recordFile rejected thenables without late unhandled rejection (15.384084ms)
✔ rejects readFileNfo resolved thenables without late unhandled rejection (12.287041ms)
✔ rejects readFileNfo rejected thenables without late unhandled rejection (17.44775ms)
✔ rejects patchNfo resolved thenables without late unhandled rejection (9.470541ms)
✔ rejects patchNfo rejected thenables without late unhandled rejection (13.161208ms)
✔ atomically rolls back STRM target-update on native audit INSERT failure and retries with committed visibility (23.596917ms)
✔ atomically rolls back STRM relocation on native audit INSERT failure and retries with committed visibility (20.99575ms)
✔ rolls back invalid STRM pending deletion on native audit failure and retries with one committed failure (17.724458ms)
✔ rolls back local new-video business rows with native audit failure and retries atomically (20.947041ms)
✔ rolls back local existing-video business rows with native audit failure and retries atomically (22.970917ms)
✔ rolls back local must-confirm business rows with native audit failure and retries atomically (21.779292ms)
✔ rolls back local relocation business rows with native audit failure and retries atomically (25.107167ms)
✔ rolls back strm new-video business rows with native audit failure and retries atomically (18.837708ms)
✔ rolls back strm existing-video business rows with native audit failure and retries atomically (18.802166ms)
✔ rolls back strm must-confirm business rows with native audit failure and retries atomically (19.060083ms)
✔ rolls back local identity-create on native audit failure and commits retry with matching pending state (18.746875ms)
✔ rolls back local identity-refresh on native audit failure and commits retry with matching pending state (13.746166ms)
✔ rolls back local pending-refresh on native audit failure and commits retry with matching pending state (20.056042ms)
✔ rolls back strm identity-create on native audit failure and commits retry with matching pending state (20.016042ms)
✔ rolls back strm identity-refresh on native audit failure and commits retry with matching pending state (15.280208ms)
✔ rolls back strm pending-refresh on native audit failure and commits retry with matching pending state (16.987792ms)
✔ rolls back registered local fingerprint-backfill on audit failure, retries and leaves skipped probes unchanged (24.739875ms)
✔ rolls back registered local changed-fingerprint on audit failure, retries and leaves skipped probes unchanged (19.420292ms)
Scan error for /var/folders/h4/zxrt6zwx6dv1n16kwxzltqgh0000gn/T/javdex-scanner-sink-IM3JE0/media/AUTH-001.mp4 MediaLibraryRepoError: 媒体库根目录不存在、已停用或不属于该媒体库。
    at requireActivePersistedRoot (/Users/nut/Project/JavdexLabs/Javdex/src/main/services/mediaLibraryRootFileGuard.ts:203:11)
    at authorizeMediaLibraryRootFile (/Users/nut/Project/JavdexLabs/Javdex/src/main/services/mediaLibraryRootFileGuard.ts:229:16)
    at authorizeFileWrite (/Users/nut/Project/JavdexLabs/Javdex/src/main/scanner/scanner.ts:706:7)
    at scanPreparedFolders (/Users/nut/Project/JavdexLabs/Javdex/src/main/scanner/scanner.ts:1063:22)
    at async scanFolders (/Users/nut/Project/JavdexLabs/Javdex/src/main/scanner/scanner.ts:473:12) {
  code: 'ROOT_NOT_FOUND',
  conflict: undefined,
  currentRevision: undefined
}
✔ rechecks root authorization after an awaited registered-resource probe before writing business fields (14.320583ms)
✔ NFO transaction callback fault (18.455541ms)
✔ NFO transaction callback unchanged (16.783416ms)
✔ NFO transaction callback postcommit-warnings (18.375208ms)
✔ links real local NFO parsing and business apply to scanner audit rollback, then retries the captured NFO transaction (22.43625ms)
✔ transfers stopped partial counts including pending groups when a later NFO audit fails (16.76875ms)
✔ does not rebuild the STRM relocation index for every audit-only write in a mixed scan (32.954917ms)
▶ STRM parser
  ✔ matches the STRM extension without case sensitivity (0.554792ms)
  ✔ accepts one HTTP target after BOM, blank lines, comments, and Kodi properties (0.695042ms)
  ✔ normalizes supported HTTP, Magnet, and ED2K targets through the resource contract (0.263708ms)
  ✔ rejects empty, multiple-target, invalid UTF-8, and unsupported-protocol content (0.48525ms)
  ✔ accepts exactly 1 MiB and rejects larger input without truncation (0.967291ms)
✔ STRM parser (3.676875ms)
✔ matches unique missing sources and retains filename, target, root and uncertainty rules (0.736125ms)
✔ incrementally tracks same-scan insertions and target/path changes, but invalidates unknown writes (0.184333ms)
✔ does not acknowledge unrelated writes or a failed mutation as a complete cache update (0.146166ms)
✔ retains the cache for known pending writes but cannot hide an intervening external write (0.08075ms)
✔ examines one matching candidate per lookup in a 10000-resource relocation (52.393292ms)
✔ examines one matching candidate per lookup in a 20000-resource relocation (89.410459ms)
✔ examines one matching candidate per lookup in a 300382-resource relocation (1770.02475ms)
✔ examines one matching candidate per lookup in a 600764-resource relocation (3540.890042ms)
✔ indexes target keys as well as filenames when many directories use the same filename (79.978875ms)
✔ keeps a warm index across nested audit-only writes inside a known resource mutation (0.1605ms)
✔ invalidates after outer resource failure and restores tracking depth for later audit-only writes (0.147417ms)
✔ does not bypass a nested mutation of another resource or hide an external change (0.060625ms)
▶ videoDuration
  ✔ resolves configured minutes to seconds (0.917125ms)
  ✔ treats unknown duration as not below minimum (0.15075ms)
  ✔ flags durations shorter than threshold (0.0845ms)
  ✔ prefers scraped duration over primary resource duration (0.093458ms)
  ✔ uses primary resource duration when scraped duration is missing (0.085667ms)
  ✔ returns null when both durations are missing (0.065125ms)
  ✔ only refreshes stored local resource duration when probe value changed (0.074333ms)
  ✔ only probes when duration is missing or file fingerprint changed (0.111709ms)
✔ videoDuration (2.555542ms)
▶ actressScraperManager
  ✔ returns a pending outcome without partially applying a conflicting profile (115.341792ms)
  ✔ clears the selected avatar in replace mode when the matched source has no avatar (99.27775ms)
  ✔ promotes an unscraped actress to scrape success when a profile field is applied (88.833667ms)
  ✔ records a failed scrape without a success time when no profile matches (91.224958ms)
  ✔ records a failed scrape without a success time when the source throws (87.157458ms)
  ✔ records failure in replace-if-present mode when a matched profile has no selected value (91.703458ms)
  ✔ promotes a previously failed actress when a later scrape applies valid data (81.040084ms)
  ✔ skips fill-empty scraping without changing cumulative status when no selected field is missing (42.786834ms)
  ✔ skips fillEmpty when a matched profile has no new values for remaining empty fields (77.308083ms)
  ✔ still fails fillEmpty when a matched profile has no usable field values (76.243791ms)
  ✔ keeps cumulative success and its timestamp when a later scrape fails (89.268042ms)
  ✔ lets Gfriends try stored aliases after the main name without enabling global alias search (45.509209ms)
  ✔ applies successful field sources when another source fails (158.684375ms)
  ✔ preserves a field in replace mode when its composite source fails (152.821833ms)
  ✔ clears a field in replace mode when its composite source matched with no value (182.577291ms)
  ✔ records failure when every configured composite source fails (146.770667ms)
  ✔ warns when a composite avatar source cannot download its result (175.564ms)
  ✔ preserves the existing gallery when every returned image is unusable (84.513125ms)
✔ actressScraperManager (1887.89775ms)
▶ bundled video candidate plugins
  ✔ normalizes year-month values through the documented sandbox helper (57.945334ms)
  ✔ JavDB fetches every first-page exact match and never falls back to a fuzzy item (45.328833ms)
  ✔ JavDB fails the complete scrape when any exact-match detail fails (40.28525ms)
  ✔ JavLibrary returns all exact cards and ignores title containment or first-item fallback (46.378584ms)
✔ bundled video candidate plugins (190.475167ms)
▶ isCloudflareChallengeText
  ✔ trusts the official cf-mitigated challenge response header signal (0.850416ms)
  ✔ detects classic JS challenge interstitial markers (0.1275ms)
  ✔ ignores passive challenge-platform scripts on normal JavDB detail pages (0.615958ms)
  ✔ detects managed challenge markers (0.055125ms)
  ✔ detects body copy only with Cloudflare co-signals (0.081291ms)
  ✔ detects turnstile-only shells but not embedded widgets on content pages (0.04275ms)
  ✔ does not treat normal pages, helper copy, or vague phrases as Cloudflare (0.158917ms)
✔ isCloudflareChallengeText (2.354125ms)
▶ buildPluginRegistry
  ✔ lets user scrapers override bundled names (0.324583ms)
✔ buildPluginRegistry (0.638125ms)
▶ runCompositeFieldGroups
  ✔ groups fields, picks, and merges across plugins (0.627166ms)
  ✔ aborts on the first plugin error when policy is abort (0.263125ms)
  ✔ collects per-plugin warnings and continues when policy is collect (0.099583ms)
  ✔ throws when every grouped source fails under collect policy (0.09725ms)
  ✔ returns a null result when every plugin yields no match (0.083291ms)
✔ runCompositeFieldGroups (1.285458ms)
▶ configuredScraperService
  ✔ normalizes legacy settings without a service config and drops an unusable MetaTube default (6.908792ms)
  ✔ normalizes origins and path prefixes while rejecting unsafe base URLs (0.462917ms)
  ✔ stores only public configuration in settings and requires acknowledgement for remote HTTP tokens (1.081375ms)
  ✔ blocks clearing while MetaTube is referenced and clears address plus token otherwise (1.852625ms)
  ✔ keeps bearer credentials on the configured origin and preserves a base path (1.31125ms)
  ✔ snapshots the address, proxy choice, and token for an in-flight scrape (1.075792ms)
  ✔ rejects cross-origin redirects before sending credentials to the target (0.521167ms)
  ✔ rejects HTTPS downgrade redirects (0.426708ms)
  ✔ classifies authentication, rate-limit, server, malformed, and oversized responses (0.844416ms)
  ✔ tests draft configuration without persisting its token (0.426625ms)
✔ configuredScraperService (15.427666ms)
▶ Gfriends bundled actress plugin
  ✔ prefers the main name and selects its last quality-ordered avatar candidate (46.588959ms)
  ✔ uses the first exact alias only when the main name has no candidate (42.398542ms)
  ✔ does not return a fuzzy name match (34.561375ms)
  ✔ uses the current jsDelivr namespace when the primary index is unavailable (31.366375ms)
  ✔ reserves Gfriends as a built-in actress plugin name (0.24325ms)
✔ Gfriends bundled actress plugin (156.216833ms)
▶ MetaTube bundled video plugin
  ✔ keeps exact providers in search order and maps the documented fields (50.371667ms)
  ✔ returns no candidates for search 404 or fuzzy-only search results (89.500041ms)
  ✔ rejects a detail whose exact code differs from its search item (46.535333ms)
  ✔ rejects too many exact providers before requesting details (36.508208ms)
  ✔ fails the entire scrape if one exact detail request fails (32.605417ms)
[scraper:MetaTube] MetaTube 样张超过 40 张，已截断
  ✔ caps public sample proxy URLs at forty without putting credentials in them (34.532042ms)
  ✔ rejects incompatible known fields and caps detail concurrency at four (84.944417ms)
✔ MetaTube bundled video plugin (376.779333ms)
▶ MetaTube service integration
  ✔ runs connection checks and the bundled worker against a local fake HTTP service (85.400709ms)
✔ MetaTube service integration (86.185ms)
▶ action network capture
  ✔ keeps http(s) query strings and strips credentials (1.148167ms)
  ✔ redacts credential-bearing query values before exposing recent requests (0.351125ms)
  ✔ omits sensitive post bodies (0.237583ms)
  ✔ records only an active action window and does not label search (1.521667ms)
  ✔ keeps the newest requests when the action window overflows (0.425583ms)
✔ action network capture (4.679333ms)
▶ browser evaluate policy
  ✔ allows forbidden API names inside diagnostic strings, comments and regular expressions (3.086167ms)
  ✔ still rejects executable references and computed access to forbidden APIs (0.403959ms)
  ✔ rejects credential, storage and sensitive form access (0.353709ms)
  ✔ rejects live-page mutation and computed property access (0.334708ms)
  ✔ rejects destructuring aliases that recover live-realm capabilities (0.277ms)
  ✔ names the forbidden API and points markup reads to html (1.455792ms)
  ✔ uses one normalized evaluator and drains timeout cleanup before rejecting (4.406209ms)
✔ browser evaluate policy (10.907875ms)
▶ ScrapeBrowserHost leases
  ✔ reuses the same owner and rejects a competing owner immediately (0.827291ms)
  ✔ freezes proxy and stops the helper as soon as a scrape lease is released (0.593667ms)
  ✔ closes the active helper session with the main window and remains reusable (0.186792ms)
  ✔ presents the helper through the lease without exposing it as a plugin browser action (0.114375ms)
  ✔ invalidates all lease actions when its operation signal is cancelled (0.088792ms)
  ✔ terminates the helper when an in-flight Playwright action is cancelled (0.32925ms)
  ✔ terminates the helper before reporting an evaluate timeout (504.464375ms)
  ✔ keeps oversized ARIA complete for the artifact layer (1.133875ms)
  ✔ sends cancel, ignores a late response and kills a non-cooperative helper after 500ms (1041.135208ms)
  ✔ keeps one click successful while transient post-action observation recovers (1.127333ms)
  ✔ blocks a disallowed main-frame navigation before an agent action sends it (0.439959ms)
  ✔ returns bounded scroll metrics and invalidates refs without changing the document revision (0.544917ms)
  ✔ extracts a host-owned load-more availability signal with the candidate snapshot (0.416791ms)
  ✔ returns the host-owned terminal proof result with the candidate snapshot (0.185792ms)
  ✔ returns pending after a successful action but makes explicit snapshot pending retryable (0.429292ms)
  ✔ classifies a failed state action with a changed revision as uncertain without replaying it (0.244084ms)
  ✔ keeps selector uniqueness failures as ordinary action failures (0.158917ms)
  ✔ reports zero matches separately from multiple matches (0.105834ms)
✔ ScrapeBrowserHost leases (1553.352ms)
▶ normalizeNetworkUrl
  ✔ strips hash and lowercases host (0.355375ms)
  ✔ returns null for invalid URLs (0.058542ms)
✔ normalizeNetworkUrl (0.773666ms)
▶ networkUrlPathKey
  ✔ drops search and hash (0.059542ms)
✔ networkUrlPathKey (0.106333ms)
▶ isImageNetworkResource
  ✔ accepts Image resource type (0.079208ms)
  ✔ accepts image mime types (0.046125ms)
  ✔ rejects non-images and error statuses (0.061708ms)
✔ isImageNetworkResource (0.257583ms)
▶ hasImageMagicBytes
  ✔ detects jpeg and rejects html (0.118458ms)
✔ hasImageMagicBytes (0.162125ms)
▶ ImageBodyLruCache
  ✔ returns exact and aliased URLs (0.185875ms)
  ✔ matches unique path when query differs (0.142667ms)
  ✔ does not path-match when multiple distinct bodies share a path (0.16225ms)
  ✔ evicts oldest entries by count (0.096625ms)
  ✔ clears all state (0.073875ms)
✔ ImageBodyLruCache (0.72975ms)
▶ prioritizeInspectLinks
  ✔ keeps a main result card when more than maxLinks navigation links precede it (0.435125ms)
  ✔ preserves DOM order within priority groups and deduplicates after prioritizing (0.517666ms)
✔ prioritizeInspectLinks (1.293834ms)
▶ selectInspectLocaleLinks
  ✔ keeps locale anchors in document order and always allows an empty result (0.082333ms)
  ✔ caps locale anchors without mixing them back into content ranking (0.05275ms)
✔ selectInspectLocaleLinks (0.20475ms)
▶ selectInspectScriptSrcs
  ✔ keeps document order, deduplicates, and allows an empty result (0.076542ms)
✔ selectInspectScriptSrcs (0.11675ms)
▶ inspectLinkRawHref
  ✔ omits rawHref when the HTML attribute already matches the resolved href (0.059792ms)
  ✔ keeps protocol-relative and path-only attributes that cheerio will see (0.06ms)
✔ inspectLinkRawHref (0.174667ms)
▶ ScrapeBrowserFramedSocket
  ✔ rejects the wrong token, parent pid, protocol version or CDP port (0.802292ms)
  ✔ round-trips authenticated hello frames and native Buffers (5.109125ms)
  ✔ rejects an oversized incoming frame before allocating its body (1.305ms)
✔ ScrapeBrowserFramedSocket (7.87925ms)
▶ scrape browser readiness
  ✔ does not resolve an intermediate verification page even when it has matching content (0.326792ms)
  ✔ does not accept selectors found on a verification page (0.065709ms)
✔ scrape browser readiness (0.756375ms)
▶ ScrapeBrowserWaitBudget
  ✔ does not consume the page timeout while Cloudflare verification is active (0.106542ms)
  ✔ still enforces the page timeout while no challenge is active (0.044459ms)
  ✔ caps manual verification independently from the page timeout (0.034792ms)
  ✔ accumulates the verification cap across repeated challenge periods (0.045584ms)
✔ ScrapeBrowserWaitBudget (0.329459ms)
✔ buildScrapeUserAgent drops Electron and app product tokens (0.512ms)
✔ derivePlatformFromOsToken maps Windows, macOS and Linux (0.158625ms)
✔ resetScrapeUaProfileCache clears memoized profile (0.095375ms)
▶ scraperManager plugin availability gates
  ✔ publishes the built-in local NFO source as runnable but not editable or exportable (5.572292ms)
  ✔ lists MetaTube for configuration but excludes it from executable names until configured (5.472167ms)
  ✔ rejects unconfigured service plugins as new composite field sources (1.846833ms)
✔ scraperManager plugin availability gates (13.516333ms)
▶ scraperPluginSandbox
  ✔ loads cheerio/slim so packaged scrapers do not need undici (36.482292ms)
  ✔ terminates a non-returning plugin worker when the caller aborts (28.804542ms)
  ✔ does not report an aborted run as settled while a started host RPC is still running (110.900333ms)
  ✔ serves repeated persistent fetchBuffer calls from the plugin resource cache (55.758416ms)
✔ scraperPluginSandbox (232.942792ms)
▶ scraperPluginService
  ✔ describes bundled video scraper fields from shipped manifests (6.49075ms)
  ✔ describes bundled actress scraper fields from shipped manifests (1.149834ms)
  ✔ drops unknown actress supported field ids from packages (32.569458ms)
  ✔ lists bundled plugins shipped with the app (0.794542ms)
  ✔ reads bundled plugin packages for export and AI debug (0.885166ms)
  ✔ keeps MetaTube visible but unavailable until configured (0.569ms)
  ✔ rejects a user package that tries to declare a trusted service binding (0.335458ms)
  ✔ does not assign a standalone delay to composite scrapers (1.300833ms)
  ✔ imports and executes a custom video plugin through the BaseScraper adapter (72.640708ms)
  ✔ normalizes video ratings to valid 5-point records only (0.505ms)
  ✔ reads an installed custom plugin package for AI debugging (42.09475ms)
  ✔ imports and executes a custom actress plugin through the BaseActressScraper adapter (72.723042ms)
  ✔ rejects custom plugins that reuse a built-in name (1.949292ms)
  ✔ renames legacy user plugins that override built-in names to -custom (4.89175ms)
  ✔ preserves settings for a legacy user plugin named after retired JAV8 (2.676959ms)
  ✔ uses -custom-2 when -custom is already taken (2.211542ms)
  ✔ keeps bundled plugins visible after rejecting a same-name custom install (0.663792ms)
  ✔ rejects duplicate custom plugin names (38.831625ms)
  ✔ atomically replaces a user plugin without leaving staging or backup directories (91.406792ms)
  ✔ rejects plugin names that collide after filename sanitization (47.674291ms)
  ✔ rejects packages without kind (0.931583ms)
  ✔ exports packages with kind (42.509166ms)
✔ scraperPluginService (466.846541ms)
▶ ScraperResourceCache
  ✔ reuses a fresh plugin resource without another network request (4.061542ms)
  ✔ reuses a fresh plugin resource after the cache is recreated (1.66025ms)
  ✔ revalidates an expired resource with its ETag and retains a 304 body (1.572125ms)
  ✔ returns an expired resource when revalidation fails and stale fallback is enabled (0.885709ms)
  ✔ rejects a resource larger than the host entry quota (0.359833ms)
  ✔ rejects writes beyond the host quota for one plugin (0.969334ms)
  ✔ enforces the plugin quota across concurrent resource commits (1.198ms)
✔ ScraperResourceCache (11.479ms)
▶ trusted scraper service sandbox bridge
  ✔ exposes service methods only to a trusted binding while keeping the token in main (88.111125ms)
  ✔ fails before starting a trusted worker when the service is not configured (1.29025ms)
✔ trusted scraper service sandbox bridge (90.001709ms)
▶ scraperManager.scrapeVideo
  ✔ uses the built-in local NFO source for manual, composite, and default runs without network fallback (26.980167ms)
  ✔ treats a missing local NFO as a normal no-match without marking scrape failure (8.301333ms)
  ✔ uses only the effective composite field sources to classify a quiet local NFO no-match (53.065583ms)
  ✔ delivers actress avatars to the merged cast positions across local and web composite sources (96.57775ms)
  ✔ persists exact multi-candidate results without selecting or applying one by default (99.044083ms)
  ✔ stages every declared candidate image even when the field was not selected (102.793834ms)
  ✔ confirms a candidate from the local snapshot without visiting the remote site again (88.972292ms)
  ✔ discards pending candidates, cleans staging, and preserves cumulative success (99.003125ms)
  ✔ replaces pending staging and removes the replacement after a later unique success (270.664375ms)
  ✔ startup cleanup removes only old unreferenced video staging directories (90.214ms)
  ✔ filters exact-code mismatches and conservatively deduplicates normalized source urls (96.514833ms)
  ✔ rejects an invalid candidate array atomically and preserves an older pending decision (166.344292ms)
  ✔ keeps the old pending snapshot and staging when a valid replacement fails mid-transaction (181.405709ms)
  ✔ returns every exact-code exclusion warning when no candidate remains (75.137959ms)
  ✔ applies the only exact candidate after exclusions without creating pending state (115.0615ms)
  ✔ normalizes a year-month release date to the first day of that month (74.075958ms)
  ✔ keeps a unique candidate pending when applying it would duplicate a business identity (104.062292ms)
  ✔ rolls back a conflict merge and candidate apply when pending deletion fails (232.288375ms)
  ✔ returns director candidates before writes and applies an explicit choice on retry (387.987209ms)
  ✔ keeps an ambiguous director during batch-style scraping and applies safe fields (655.62175ms)
  ✔ reports a matched result as skipped when no selected value can be applied (613.08125ms)
  ✔ stores composite source links and ratings under their actual field plugins (691.148083ms)
  ✔ persists and confirms composite candidates independently per source (645.829625ms)
  ✔ ignores unsupported fields before validating and applying the selected plugin result (573.179167ms)
  ✔ still rejects a malformed field when the plugin declares it as supported (581.259417ms)
  ✔ preserves a composite field when its source does not match but another source succeeds (731.455459ms)
downloadCover failed: TEST-001 https://cover.example/broken.jpg response is not a usable image
  ✔ applies text data but preserves an old cover when the returned image is unusable (581.169458ms)
downloadSamples failed: TEST-001 1 https://sample.example/two.jpg response is not a usable image
  ✔ discards the whole sample set when any sample download fails but still applies text (542.078959ms)
  ✔ compensates downloaded assets when the apply phase throws after downloads commit (559.718875ms)
  ✔ discards a downloaded cast avatar when the actress already has a usable avatar (439.475375ms)
✔ scraperManager.scrapeVideo (8984.371875ms)
▶ Xslist bundled actress plugin
  ✔ treats the site anonymous image as no avatar (42.590209ms)
  ✔ keeps a real profile avatar (31.707667ms)
✔ Xslist bundled actress plugin (74.767625ms)
▶ actress batch scrape persistence lifecycle
  ✔ persists one stable job id and advances pending targets across restart (264.660917ms)
  ✔ loads a legacy task without tri-state fields using a stable fallback job id (94.899292ms)
  ✔ clears a cancelled task file without deleting its completed pending result (176.100041ms)
  ✔ persists only a canonical status and the start-time target snapshot (185.049792ms)
  ✔ recovers a paused checkpoint after an application restart cache reset (78.694834ms)
  ✔ normalizes a legacy scraped paused job without rewriting progress (108.767208ms)
  ✔ normalizes an omitted scrapeStatus to all while preserving the snapshot (109.403625ms)
  ✔ marks an unknown status job unrecoverable without falling back to all (89.173375ms)
  ✔ blocks resume for an unknown status job but still allows discard (90.785125ms)
  ✔ resumes from the saved snapshot without re-applying current filters (135.063917ms)
  ✔ resumes a normalized legacy scraped job with unified scrape result semantics (172.544083ms)
✔ actress batch scrape persistence lifecycle (1506.615167ms)
▶ actressBatchScrapeTargets status normalization
  ✔ keeps the four canonical cumulative-status scopes (0.517ms)
  ✔ normalizes the legacy scraped scope to 刮削成功 (0.078417ms)
  ✔ normalizes an omitted scope to 全部 (0.088125ms)
  ✔ rejects an unknown scope instead of widening the batch (0.207375ms)
  ✔ reports unknown scopes without throwing for persisted job snapshots (0.547041ms)
  ✔ never produces the legacy scope in a normalized request (0.102042ms)
✔ actressBatchScrapeTargets status normalization (1.927875ms)
▶ reconcilePersistedActressBatchJob
  ✔ rewrites scraped to success and omitted to all without touching progress (0.14925ms)
  ✔ keeps unrecognized scopes unrecoverable and does not widen to all (0.138875ms)
✔ reconcilePersistedActressBatchJob (0.368375ms)
▶ actressBatchScrapeTargets resolution
  ✔ resolves each canonical cumulative-status scope (9.004916ms)
  ✔ resolves the legacy scraped scope as 刮削成功 and an omitted scope as 全部 (8.217208ms)
  ✔ intersects gender, cumulative status and missing fields (6.27925ms)
  ✔ treats explicit ids as the whole target set, ignoring the other filters (6.106833ms)
  ✔ deduplicates explicit ids and drops ids without a stored actress (6.051416ms)
  ✔ treats an empty explicit id list as zero targets (6.454125ms)
✔ actressBatchScrapeTargets resolution (42.2625ms)
▶ actressBatchScrapeTargets estimate and start
  ✔ estimates the count the start would resolve from the same request (6.315916ms)
  ✔ resolves targets again on start, so the total may differ from an earlier estimate (6.222042ms)
  ✔ freezes target ids, display names and total when the batch starts (6.795625ms)
✔ actressBatchScrapeTargets estimate and start (19.411ms)
▶ ActressIdentityConflictWorkflow
  ✔ inspects live ownership even when the name is not yet in a review group (10.942708ms)
  ✔ summarizes the same aggregated name groups returned by the review list (11.261625ms)
  ✔ keeps summary counts exact for mixed, multi-result, and multi-conflict groups (23.103084ms)
  ✔ lists pending name ownership without inventing a pending scrape (8.325042ms)
  ✔ rejects an unsupported pending name type instead of silently reclassifying it (7.229375ms)
  ✔ rejects a pending-name-ownership decision when the shown claim row changed (8.016875ms)
  ✔ assigns pending name ownership without creating or applying scrape data (8.473167ms)
  ✔ edits one pending name claim and resolves both resulting unique owners (8.090125ms)
  ✔ moves an edited pending name claim into another normalized-name group (8.27775ms)
  ✔ merges actresses directly from pending name ownership (10.01725ms)
  ✔ removes an illegal pending name without persisting a blacklist (8.392667ms)
  ✔ reassigns the only pending scrape to the explicit keeper after a merge (9.215916ms)
  ✔ keeps a usable keeper avatar while clearing its missing source and crop state (10.404ms)
  ✔ uses the explicitly selected pending actress as keeper and the other current main name (9.739417ms)
  ✔ rejects merging when both actresses own pending scrape snapshots (10.867292ms)
  ✔ does not treat another conflict between the same actress pair as a merge blocker (12.714417ms)
  ✔ rejects the whole workbench merge when a resulting name belongs to a third actress (20.532584ms)
  ✔ rejects the whole merge when the pending scrape also conflicts with a third actress (40.75775ms)
  ✔ rejects merging a persisted name claimed by a third actress pending scrape (12.536542ms)
  ✔ returns stale without merging when either actress changed after confirmation was shown (11.806042ms)
  ✔ rolls back the actress merge when pending reassociation fails (11.46725ms)
  ✔ edits only the selected conflicting name and applies the unlocked scrape atomically (24.238208ms)
  ✔ moves only the edited item when its new name conflicts in another dynamic group (10.354ms)
  ✔ moves an edited name into a group claimed by another naturally unlocked pending result (10.528ms)
  ✔ transfers complete ownership to the pending actress only with a replacement main name (9.341375ms)
  ✔ previews and applies an assigned conflicting alias in a fill-empty alias collection (8.58325ms)
  ✔ keeps earlier ownership decisions in the final fill-empty alias preview and apply (14.20025ms)
  ✔ validates and removes every legacy claimant when assigning to the pending actress (27.673542ms)
  ✔ assigns a whole conflict group to an existing actress while applying profiles to original targets (9.80575ms)
  ✔ keeps confirmed ownership when the chosen existing actress is also a replace candidate (8.765458ms)
  ✔ removes an illegal normalized name from the whole group and applies unlocked profiles (10.37275ms)
  ✔ requires a valid replacement for every main-name claimant before illegal-name removal (11.22075ms)
  ✔ validates illegal-name replacement main names against the live conflict snapshot (8.353875ms)
  ✔ does not reconcile newly active conflicts while rejecting a stale illegal-name decision (8.983584ms)
  ✔ removes only the current illegal group and does not remember a blacklist rule (24.3785ms)
  ✔ applies a result when its other recorded conflict has already become inactive (17.551166ms)
  ✔ rolls back illegal-name handling when name deletion fails (8.892625ms)
  ✔ rolls back illegal-name handling when main replacement fails (8.913833ms)
  ✔ rolls back illegal-name handling when profile application fails (9.354958ms)
  ✔ rolls back illegal-name handling when pending cleanup fails (9.454292ms)
  ✔ keeps the whole illegal-name group pending when any resource preparation fails (17.867125ms)
  ✔ requires a replacement when assigning a current main name to a third existing actress (9.689542ms)
  ✔ finishes name-only results and preserves the original fill-empty update mode (13.569875ms)
  ✔ promotes staged resources when a name edit unlocks a pending scrape (24.641667ms)
  ✔ keeps a naturally unlocked result pending until the user explicitly applies it (9.738583ms)
  ✔ returns a stale outcome without writes when an involved actress changed (8.418792ms)
  ✔ rolls back every profile and promoted resource when a group apply fails (12.291458ms)
  ✔ freezes the complete scrape when one selected name belongs to another actress (13.231291ms)
  ✔ applies a complete result when equivalent names only belong to the target actress (12.346459ms)
  ✔ atomically replaces one actress current snapshot and removes its old staged resources (13.33625ms)
  ✔ rolls back a conflict-free apply when removing the previous snapshot fails (7.69475ms)
  ✔ does not delete an existing same-url gallery file when a later apply rolls back (8.798708ms)
  ✔ discards only the selected wrong match, records cumulative failure, and cleans staging (10.885667ms)
  ✔ startup cleanup removes only old unreferenced staging directories (11.877875ms)
  ✔ deleting a target actress also removes its staged pending resources (8.788ms)
  ✔ removes prepared formal resources when profile application rolls back (12.486875ms)
✔ ActressIdentityConflictWorkflow (700.838834ms)
✔ reuses maintenance only until local writes, schema changes or external commits (10.307667ms)
✔ does not publish rolled-back maintenance or skip checks inside a caller transaction (38.617792ms)
✔ retries failed maintenance and invalidates after reopening the same catalog (9.92075ms)
✔ does not publish a maintenance stamp if an external commit occurs during the check (8.418291ms)
✔ rechecks earlier candidates after a later candidate introduces a new conflict (44.450291ms)
✔ bounds a 10k legacy-claim queue without hydrating candidates after maintenance (28.7745ms)
✔ does not hydrate unrelated candidate results for a selected name group (8.427416ms)
✔ sorts full conflict names before truncating display captions and preserves exact anchors (7.843ms)
✔ keeps legacy equal-caption order across pages and clamps missing anchors in a nonempty queue (6.970666ms)
✔ bounds name normalization when merged actors have many third pending conflicts (11.422708ms)
Failed to clean deleted actress asset: avatar_sources/alpha.jpg Error: file is locked
    at deleteStoredAsset (/Users/nut/Project/JavdexLabs/Javdex/src/main/services/actressMaintenanceService.test.ts:122:61)
    at Object.deleteActresses (/Users/nut/Project/JavdexLabs/Javdex/src/main/services/actressMaintenanceService.ts:87:11)
    at TestContext.<anonymous> (/Users/nut/Project/JavdexLabs/Javdex/src/main/services/actressMaintenanceService.test.ts:126:28)
    at Test.runInAsyncScope (node:async_hooks:227:14)
    at Test.run (node:internal/test_runner/test:1325:25)
    at Suite.processPendingSubtests (node:internal/test_runner/test:911:18)
    at Test.postRun (node:internal/test_runner/test:1465:19)
    at Test.run (node:internal/test_runner/test:1390:12)
    at async Suite.processPendingSubtests (node:internal/test_runner/test:911:7)
▶ actressMaintenanceService.importGalleryImage
  ✔ runs legacy dimension repair as part of the explicit gallery write flow (1.797042ms)
✔ actressMaintenanceService.importGalleryImage (2.351333ms)
▶ actressMaintenanceService.deleteActresses
  ✔ deletes the complete batch and cleans stored resources (17.290791ms)
  ✔ rejects the whole batch when an actress is linked to a video (8.773709ms)
  ✔ reports resource cleanup failures after the database transaction commits (9.589292ms)
  ✔ rolls back the complete batch when a later record fails to delete (24.881791ms)
  ✔ previews current linked-actress and affected-video counts (7.502542ms)
  ✔ explicitly unlinks videos, deletes a mixed batch, and preserves video records and files (11.415667ms)
  ✔ rolls back removed video links when a later actress delete fails (9.5215ms)
  ✔ removes only the deleted actress ownership and pending result (13.448167ms)
  ✔ rejects an unknown delete mode instead of falling through to a destructive path (10.698416ms)
✔ actressMaintenanceService.deleteActresses (113.477583ms)
▶ actressQueryService.listActresses
  ✔ returns a stable page and the full matching total from the real database (14.845042ms)
  ✔ reuses one exact avatar-filter snapshot across subsequent pages (0.392209ms)
  ✔ refreshes the avatar-filter snapshot whenever the first page reloads (0.227625ms)
  ✔ inspects avatar health and fingerprints outside the database repository (30.408709ms)
✔ actressQueryService.listActresses (46.444792ms)
▶ actressQueryService.listFaceScanManifest
  ✔ exposes the dedicated minimal manifest through the query seam (0.154125ms)
✔ actressQueryService.listFaceScanManifest (0.20725ms)
✔ delegates avatar count without reading the legacy list or inspecting images (0.086834ms)
▶ actressScrapeQueue.start target resolution
  ✔ scrapes exactly the targets the estimate reported for the same request (4554.365292ms)
  ✔ starts a legacy scraped request against 刮削成功 targets (621.725417ms)
  ✔ starts explicitly selected actresses regardless of the other filters (683.97625ms)
  ✔ starts no target for an empty explicit id list (551.077917ms)
  ✔ refuses to start a request with an unknown cumulative-status scope (482.010916ms)
✔ actressScrapeQueue.start target resolution (6894.020459ms)
▶ AgentMetadataActivityTimeline
  ✔ projects streaming reasoning into one bounded completed turn (0.579083ms)
  ✔ retains up to 64,000 reasoning characters and reports overflow (6.671916ms)
  ✔ uses semantic browser actions while retaining safe completion summaries (1.342541ms)
  ✔ keeps direct metadata submission distinct from browser inspection (0.1275ms)
  ✔ describes playlist page checkpoints as result-producing actions (0.1355ms)
  ✔ describes browser scroll without exposing tool arguments (0.103333ms)
  ✔ retains earlier reasoning across browser-heavy runs (2.745125ms)
✔ AgentMetadataActivityTimeline (12.281625ms)
✔ uses the indexed journal cursor without loading history for a metadata snapshot (1.780375ms)
▶ Agent metadata browser URL policy
  ✔ allows a public hostname when a system proxy maps it to the RFC 2544 fake-IP range (2.44525ms)
  ✔ still rejects direct benchmark-range IPs and hostnames resolving to private networks (1.4175ms)
  ✔ keeps identity query parameters while removing credentials and fragments from display URLs (0.7965ms)
✔ Agent metadata browser URL policy (5.567542ms)
▶ Agent metadata browser evidence binding
  ✔ accepts a production artifact only for its captured document and view (3.886458ms)
  ✔ rejects incomplete, tampered, and corrupt segmented production artifacts (3.400125ms)
✔ Agent metadata browser evidence binding (7.427166ms)
▶ AgentMetadataDraftService
  ✔ rejects a preview when a staged resource no longer matches its manifest (37.139708ms)
  ✔ rechecks staged resource bytes when applying an already reviewed draft (12.823458ms)
  ✔ cleans newly staged resources when persistence fails (8.196583ms)
  ✔ routes actress name ownership conflicts to the existing pending workflow (9.298541ms)
  ✔ routes duplicate video business identities to the existing pending workflow (9.842834ms)
  ✔ requires explicit user confirmation when actress names do not match (8.651458ms)
✔ AgentMetadataDraftService (86.456417ms)
▶ app release service
  ✔ parses and compares stable release versions numerically (0.859083ms)
  ✔ accepts only trusted published GitHub releases (0.097333ms)
  ✔ validates cached update state before exposing it to the renderer (0.123291ms)
✔ app release service (1.444916ms)
▶ asset byte cache
  ✔ separates variants and invalidates all variants of only the changed asset (0.656667ms)
  ✔ checks every file identity field and isolates callers from cached mutable buffers (0.351334ms)
  ✔ enforces the entry cap while retaining recently read and replaced entries (0.797291ms)
  ✔ enforces the 96MiB byte cap and skips oversized entries without flushing other images (23.30425ms)
✔ asset byte cache (25.713167ms)
▶ image asset inspection cache
  ✔ loads an unchanged image once and reloads it when its file signature changes (0.146584ms)
  ✔ reloads an image after explicit asset invalidation (0.152459ms)
  ✔ evicts the least recently used inspection after reaching capacity (1.833875ms)
✔ image asset inspection cache (2.224791ms)
✔ retries after the first scrypt failure (92.52575ms)
✔ retries after the first importKey failure (84.735167ms)
✔ keeps the new cache when a pre-reset KDF later succeeds (93.18375ms)
✔ keeps the new cache when a pre-reset KDF later fails (98.650417ms)
✔ waits for cold key derivation on cancellation and never starts decryption (45.285709ms)
✔ reads the existing AVPK format through synchronous and asynchronous crypto (65.942875ms)
✔ coalesces cold key derivation and never uses synchronous crypto in the async reader (89.852833ms)
✔ rejects invalid or tampered encrypted bodies without returning plaintext (42.047833ms)
✔ waits for an active native job before discarding its cancelled result (47.898459ms)
▶ assetLocationMigration
  ✔ moves plain and encrypted files including alias store (75.091333ms)
  ✔ maps default path setting when relocating back to userData (12.873417ms)
  ✔ allows relocating back to default when only empty asset subfolders remain (11.268916ms)
  ✔ rolls back copied files without touching the active root (9.207834ms)
  ✔ rejects migration while the configured source root is unavailable (9.017542ms)
  ✔ rejects targets nested inside the active media root (7.364959ms)
  ✔ rejects a target that resolves to the source through a symlinked parent (11.47525ms)
  ✔ rejects a differently-cased path that resolves to the same directory (7.497625ms)
  ✔ resumes when the target contains matching files from an interrupted copy (10.205792ms)
  ✔ preserves pre-existing matching copies when a resumed migration rolls back (12.866ms)
  ✔ keeps source files when the prepared target disappears before commit (9.803667ms)
  ✔ preserves a copied target that was replaced before a failed commit rolls back (12.062083ms)
  ✔ rejects an interrupted target whose file contents do not match the source (9.002833ms)
  ✔ rejects directory symlinks without reading or deleting files outside the asset root (7.743375ms)
  ✔ rejects a symlinked asset root without touching its external target (8.402ms)
✔ assetLocationMigration (214.9ms)
▶ assetMigration opaque paths
  ✔ encrypts to opaque paths and restores readable paths on decrypt (101.624417ms)
✔ assetMigration opaque paths (102.080542ms)
✔ reads legacy without rewriting and migrates on mutation preserving all entries (64.998ms)
✔ does not reread a warm map or append unchanged values; reloads deletions (64.878167ms)
✔ preserves a legacy file when snapshot rename fails (67.395583ms)
✔ recovers an interrupted tail and truncates it before retry (66.549125ms)
✔ rejects corrupted complete ciphertext and preserves it on attempted mutation (71.580417ms)
✔ rejects missing or incomplete first snapshots (56.888208ms)
✔ reloads the actual committed record after an uncertain fsync failure (47.004708ms)
✔ compacts after sustained updates and reloads the latest values (33040.608583ms)
✔ preserves the appended result when compaction rename fails (173.934584ms)
✔ invalidates the cached map after external replacement (61.63475ms)
▶ assetPathNaming
  ✔ builds readable bases with seed and url hash (0.562542ms)
  ✔ sanitizes non-ascii seeds and truncates overly long values (0.101625ms)
  ✔ keeps equal-length Chinese actress names on distinct asset seeds (0.1065ms)
  ✔ scopes asset seeds by actress id when provided (0.066167ms)
  ✔ keeps actress id prefix when the readable label is long (0.062958ms)
  ✔ builds distinct gallery paths for equal-length Chinese names and the same url (0.064292ms)
  ✔ builds opaque bases without embedding seed text (0.049916ms)
  ✔ detects opaque encrypted filenames (0.058ms)
  ✔ derives stable opaque names from plaintext relative paths (0.061834ms)
✔ assetPathNaming (1.668125ms)
▶ AutomaticScanScheduler
  ✔ runs every due library in stable order from independent persisted state (1.152167ms)
  ✔ runs an already-enabled library with no scan history after the startup delay (0.081667ms)
  ✔ calculates each library due time from its own interval and last finished time (0.071542ms)
  ✔ waits one full interval after a library is newly enabled (0.106125ms)
  ✔ skips disabled, rootless and not-yet-due libraries (0.061ms)
  ✔ runs a due rootless library when it still has deferred cleanup work (0.07925ms)
  ✔ defers while maintenance is busy and rechecks on the next poll (0.080167ms)
  ✔ isolates one library failure and continues the serial due queue (0.151333ms)
  ✔ keeps startup, resume, and every due library globally serial (0.1245ms)
  ✔ uses the resume delay and clears all scheduled work on stop (0.104083ms)
✔ AutomaticScanScheduler (2.561042ms)
▶ AvatarAutoCropMediator
  ✔ resolves automatic crop requests and rejects stale replies (2.075709ms)
  ✔ fails pending automatic crop requests after renderer disconnects (0.21375ms)
  ✔ times out automatic crop requests without accepting a late response (2.387375ms)
  ✔ owns the crop batch token until matching end or disconnect (0.208ms)
  ✔ rejects a second begin while a crop batch is active (0.291959ms)
✔ AvatarAutoCropMediator (6.051ms)
✔ creates one lazy snapshot per batch and disposes only its owning token (0.271833ms)
✔ retries failed snapshot creation without poisoning the batch and clears on reinitialization (0.1365ms)
✔ settles disconnected requests despite cleanup failure and retries before allowing another snapshot (0.284916ms)
✔ writes the definition once and keeps total checkpoint bytes near-linear (42033.185208ms)
ℹ {"targets":[1000,2000],"totalWrittenBytes":[409049,822049],"definitionWritesPerJob":1}
✔ reads legacy checkpoints and migrates on the next save without losing targets (17.794042ms)
✔ preserves the last checkpoint when write fails and retries safely (28.038542ms)
✔ preserves the last checkpoint when sync fails and retries safely (28.6ms)
✔ preserves the last checkpoint when rename fails and retries safely (33.407ms)
✔ keeps the old definition on failed replacement and prunes unused manifests after commit (55.744334ms)
✔ refuses missing, tampered or mismatched manifests instead of treating the job as absent (26.368292ms)
✔ stops the queue on checkpoint failure and resumes from the durable cursor without skipping work (37.080375ms)
✔ rejects damaged cursor and total fields without deleting the checkpoint (20.493167ms)
✔ reloads actual disk state and retains the manifest after replace directory-sync failure (23.447708ms)
✔ reloads actual disk state and retains the manifest after clear directory-sync failure (18.242833ms)
✔ does not report committed saves or clears as failed when manifest cleanup cannot enumerate (23.291291ms)
✔ executes real read-only tag queries and observes writes through the worker cache (256.0005ms)
✔ rejects a changed catalog version at worker startup without migration (371.429875ms)
✔ settles in-flight initialization and queued requests when disposed (516.105083ms)
✔ executes all classification cover pages on the readonly worker and observes committed writes (1122.566625ms)
✔ rejects image initialization against an incompatible schema without rewriting it (462.927458ms)
✔ reads bounded audit pages in the real worker, isolates operations and observes audit replacement (612.808917ms)
✔ reads audit headers on the real worker without building an index from the audit body (525.450875ms)
✔ reads combined views in the real worker, upgrades raw pages and rebuilds after writes and failures (607.884209ms)
✔ keeps missing-body pending pages available and rejects a superseded summary on the real worker (632.856125ms)
✔ checks latest audit paths on the real worker and rejects invalid later entries after a match (494.238417ms)
✔ counts merged subscribers toward capacity, normalizes keys, and clones each successful result (2.317666ms)
✔ serializes different revisions and keeps a folded expanding query valid in the payload (1.008959ms)
✔ rejects old generation on identity change and waits for termination (3.657125ms)
✔ rejects old generation on path change and waits for termination (0.429334ms)
✔ removes queued aborts but retains an executing slot after all subscribers abort (0.5895ms)
✔ one subscriber abort does not cancel another or retain its signal listener (0.334125ms)
✔ rejects all accepted on startup timeout, without retry or overlapping workers (16.560708ms)
✔ rejects all accepted on query timeout, without retry or overlapping workers (17.006292ms)
✔ rejects all accepted on exit, without retry or overlapping workers (0.3555ms)
✔ rejects all accepted on error, without retry or overlapping workers (0.274083ms)
✔ rejects all accepted on protocol error, without retry or overlapping workers (0.2695ms)
✔ dispose closes admission immediately and waits for a running termination (0.267709ms)
✔ fails closed if termination rejects and rejects requests waiting for replacement (0.223042ms)
✔ rejects invalid queries before creating a worker and contains factory/post failures (0.207084ms)
✔ bounds subscribers while termination is pending and supersedes a waiting generation (0.345333ms)
✔ does not launch work after repeated queued cancellations before ready (0.61675ms)
✔ contains unexpected messages and dispose drains an already-started replacement barrier (0.053042ms)
✔ expires waiting subscribers and frees capacity while native termination remains pending (0.778583ms)
✔ keeps independent waiting deadlines for coalesced subscribers and clears them at execution (0.138666ms)
✔ never executes a page whose only subscriber expired before ready (0.06775ms)
✔ shares admission across tag/image requests, keys entity kinds separately and copies caller inputs (0.561167ms)
✔ retains the executing image slot after cancellation and retires it before switching databases (1.714958ms)
✔ validates image requests before allocating a reader (0.16575ms)
✔ shares audit admission with tag/image work, coalesces snapshots and copies audit budgets (0.634333ms)
✔ rejects invalid audit requests before allocation and removes an aborted queued audit (0.316917ms)
✔ copies view anchors before allocation, coalesces defaults, and shares capacity with raw/header/tag requests (19.48925ms)
✔ rejects invalid combined views without a worker and drops canceled queued view requests (0.263958ms)
✔ shares bounded admission for audit path checks and delivers false without mixing page results (0.385625ms)
▶ CheckpointedSequentialBatchQueue
  ✔ persists checkpoints, pauses, and resumes from the next index (1.597625ms)
  ✔ discards a paused job without running (0.206292ms)
  ✔ cancels a running job and clears the checkpoint (3.118417ms)
  ✔ recycles the scrape browser after each configured target interval (6.717041ms)
  ✔ rejects an invalid run plan without leaving a resumable checkpoint (0.550458ms)
  ✔ discards a corrupt checkpoint when run planning throws (0.127834ms)
✔ CheckpointedSequentialBatchQueue (12.856958ms)
▶ classificationDeletionService
  ✔ previews and deletes a director while recalculating links and preserving videos/resources (510.31525ms)
  ✔ deletes an unlinked director with a zero impact (461.043917ms)
  ✔ rolls back director unlinking and skips image cleanup when deletion fails (483.854542ms)
  ✔ previews and deletes a series while recalculating videos and detaching direct children (512.123375ms)
  ✔ deletes an unlinked childless series with a zero impact (460.323667ms)
  ✔ rolls back series relations and reports image cleanup failure only after commit (547.681416ms)
✔ classificationDeletionService (2976.387ms)
▶ classification director query and maintenance services
  ✔ keeps real same-name directors as separate stable identities and exposes candidate differences (416.236292ms)
  ✔ maintains the complete profile without changing identity or video relations (501.563333ms)
  ✔ validates calendar dates and career ranges transactionally (390.213125ms)
  ✔ searches aliases and supports only count or update sorting in both directions (466.617166ms)
✔ classification director query and maintenance services (1775.443959ms)
✔ matches all candidate fields/order and deduplicates dual-role organization links before LIMIT (1126.60825ms)
✔ holds count and candidate rows in the same snapshot across a cover removal (509.633375ms)
✔ rejects unsafe entity IDs, unsupported page flags and excessive pages (429.299917ms)
▶ classificationImageService
  ✔ imports local and remote images as owned assets and cleans a replaced image after commit (571.512208ms)
  ✔ copies an associated video cover instead of adopting the video asset (593.611417ms)
  ✔ stores a director portrait and compensates its replacement when the database update fails (486.146834ms)
  ✔ keeps the stored image when a remote download fails (476.606708ms)
  ✔ cleans the latest replaced image when a remote update finishes after another edit (621.077083ms)
  ✔ commits replacement and reports a post-commit cleanup failure (483.259333ms)
✔ classificationImageService (3233.457ms)
✔ matches every old list field and global ordering over pages, aliases, roles and cover boundaries (1359.618666ms)
✔ keeps count and page in one read snapshot across another connection changing the role (458.811583ms)
✔ validates page boundaries in the service and typed IPC without changing complete-list APIs (526.416292ms)
▶ classification organization query and maintenance services
  ✔ shares one organization profile across role lists and searches its aliases (530.311833ms)
  ✔ sorts only by video count or update time in either direction (497.847958ms)
  ✔ treats SQL LIKE metacharacters in organization searches as literal text (509.689ms)
  ✔ keeps stable identity and video links when editing the complete profile (595.607458ms)
  ✔ rejects parent cycles without partially changing the profile (492.151042ms)
  ✔ creates an organization inline, registers the role, and retains zero-video roles (453.967375ms)
  ✔ rolls back profile fields when a name is owned by another organization (385.461084ms)
✔ classification organization query and maintenance services (3465.638084ms)
▶ classification series query and maintenance services
  ✔ maintains a stable complete profile and projects its local video coverage (557.453291ms)
  ✔ enforces normalized name ownership inside the owner scope only (618.593ms)
  ✔ preflights every name when moving to another owner scope and rolls back on conflict (524.021917ms)
  ✔ rejects self and descendant parents without partially changing the series (433.770167ms)
  ✔ searches aliases, identifies same-name candidates, and sorts in either direction (475.177459ms)
  ✔ creates an unowned series inline and validates lifecycle years (467.942458ms)
✔ classification series query and maintenance services (3077.569416ms)
▶ directorMergeService
  ✔ merges source data into an explicit target while preserving target conflicts (598.52825ms)
  ✔ adopts the source portrait only when the target has no formal portrait (505.156084ms)
  ✔ rolls back target fields and video relations when the database transaction fails (436.92275ms)
  ✔ commits the merge and reports source portrait cleanup failure (440.942625ms)
  ✔ rejects using the same director as target and source (405.946667ms)
✔ directorMergeService (2388.144667ms)
▶ external link service
  ✔ accepts only bounded HTTP and HTTPS links (0.314667ms)
✔ external link service (0.598709ms)
▶ legacy media-library settings bootstrap
  ✔ keeps native V14 config defaults when a fresh database has no legacy evidence (5.931916ms)
  ✔ imports roots, cleanup work, and typed configuration into the default library once (3.519084ms)
  ✔ freezes an online legacy cleanup root identity before making the work active (11.931667ms)
  ✔ keeps parent and child legacy paths but enables only the first non-overlapping set (14.397584ms)
  ✔ keeps realpath aliases but enables only one physical legacy root (16.438583ms)
  ✔ keeps app-level scraper and cover preferences after import and repeated startup cleanup (3.013042ms)
  ✔ keeps inferred roots and links source-managed resources to the deepest matching root (3.346ms)
  ✔ imports the last scan summary and its managed unrecognized-file snapshot (3.284166ms)
  ✔ preserves a standalone unrecognized snapshot through a synthetic legacy scan run (3.26625ms)
  ✔ keeps an older safe snapshot separate from a newer failed scan summary (3.384458ms)
  ✔ retries JSON cleanup without importing database rows twice (2.6695ms)
  ✔ rolls back every database change and skips JSON cleanup when import fails (3.133125ms)
✔ legacy media-library settings bootstrap (74.898667ms)
▶ LibraryCurator lifecycle
  ✔ releases its own runs without disposing the application AgentExecution (0.963875ms)
✔ LibraryCurator lifecycle (1.356084ms)
✔ uses the indexed journal cursor for a curator snapshot (0.326875ms)
▶ libraryPathCleanupService
  ✔ previews only resources owned by the selected library and root (599.9485ms)
  ✔ previews and safely cleans a disabled root including pending and diagnostic rows (489.057417ms)
  ✔ confirms with the current revision and queues an identity snapshot without deleting data (346.087667ms)
  ✔ rejects a confirmation when scan-owned resources changed after preview without a revision bump (394.033917ms)
  ✔ removes and promotes resources only inside the confirmed library and root (671.772208ms)
  ✔ lets a cleanup-only scan consume the last removed root without touching another library (626.954333ms)
  ✔ recovers an offline legacy cleanup intent when a later full scan sees the root online (498.966458ms)
  ✔ keeps an overlapping legacy cleanup root waiting during a later full scan (499.98525ms)
  ✔ keeps an overlapping parent legacy cleanup root waiting during a later full scan (453.467167ms)
  ✔ keeps a realpath-alias legacy cleanup root waiting across libraries (345.239042ms)
  ✔ fails closed when a confirmed root is offline (330.765916ms)
  ✔ fails closed when the path now resolves to a replacement directory (354.052667ms)
  ✔ cancels a failed removal into a disabled, archiveable root without deleting records (447.073958ms)
  ✔ completes a confirmed cleanup after an unrelated library configuration edit (406.994917ms)
  ✔ rolls back resource removal, promotion, root state, and job completion together (307.12025ms)
✔ libraryPathCleanupService (6772.560667ms)
✔ rolls back cleanup and audit writes on a native audit INSERT failure, then retries with safe source entries (417.977042ms)
✔ rejects resolved thenable cleanup callbacks without committing or leaking a rejection (545.809ms)
✔ rejects rejected thenable cleanup callbacks without committing or leaking a rejection (577.895833ms)
✔ does not emit planned audit facts if the batch skips a resource deletion (638.854333ms)
▶ normalizeTranslationOutput
  ✔ strips fenced and quoted model output (0.333417ms)
✔ normalizeTranslationOutput (0.628166ms)
✔ rolls back actual ordinary NFO writes and callback writes, then retries successfully (481.482209ms)
✔ rolls back actual pending replacement, retains restored old assets, cleans new staging and retries (399.779791ms)
✔ rejects resolved async callbacks and rolls back ordinary synchronous writes (293.9085ms)
✔ rejects rejected async callbacks and rolls back ordinary synchronous writes (435.905625ms)
✔ rejects resolved async callbacks and rolls back pending synchronous writes (510.935459ms)
✔ rejects rejected async callbacks and rolls back pending synchronous writes (517.099917ms)
✔ notifies no-write outcomes synchronously and propagates callback failure (350.850209ms)
✔ deliver outcome callback precedes obsolete deletion and rolls back while preserving afterSuccessfulApply (497.883208ms)
✔ keeps committed application when postcommit avatar lookup fails and returns the later warning (487.534833ms)
✔ keeps committed pending disposition when obsolete staging cleanup fails after the callback (404.495666ms)
▶ MediaAssetStore
  ✔ coalesces encrypted thumbnails, isolates size variants and preserves original preview bytes (148.478208ms)
  ✔ checks plain and decrypted image pixels before caching and recovers after replacement (111.534541ms)
  ✔ retains cancelled active slots until file read settles (67.050917ms)
  ✔ retains cancelled active slots until file close settles (88.458833ms)
  ✔ retains cancelled active slots until file metadata settles (63.033042ms)
  ✔ rejects oversized plain and encrypted files before opening or decrypting them (74.155166ms)
  ✔ does not merge a post-invalidation request into the old pending read (40.037666ms)
  ✔ shares a cold encrypted read and decryption across concurrent requests without sharing cancellation (58.922708ms)
  ✔ does not return cached bytes when cancelled while the hot-path stat is pending (33.940875ms)
  ✔ does not reuse the same relative cache key after the asset root changes (67.833916ms)
  ✔ rejects a changed file during reading without caching its old bytes (42.024041ms)
  ✔ serves hot plaintext and encrypted images without rereading or decrypting their bytes (88.954208ms)
  ✔ reloads replaced files even with restored mtime and rejects deleted files before using cache (57.085417ms)
  ✔ does not repopulate explicitly invalidated cache from a pending read (41.479125ms)
  ✔ retains read slots while cancelled encrypted requests wait for native crypto completion (105.257208ms)
  ✔ cancels queued reads before opening files and keeps active slots until reads settle (80.992042ms)
downloadAvatar failed: Bad Avatar https://example.test/avatar.html response is not a usable image
Failed to delete media asset: covers/TEST-002_e44bb632.jpg Error: file is locked
    at FailingCleanupStore.delete (/Users/nut/Project/JavdexLabs/Javdex/src/main/services/mediaAssetStore.test.ts:936:15)
    at FailingCleanupStore.deleteImmediateBestEffort (/Users/nut/Project/JavdexLabs/Javdex/src/main/services/mediaAssetStore.ts:449:12)
    at FailingCleanupStore.finishCoordinatedChange (/Users/nut/Project/JavdexLabs/Javdex/src/main/services/mediaAssetStore.ts:561:52)
    at <anonymous> (/Users/nut/Project/JavdexLabs/Javdex/src/main/services/mediaAssetStore.ts:527:14)
    at AsyncLocalStorage.run (node:internal/async_local_storage/async_context_frame:63:14)
    at FailingCleanupStore.runCoordinatedChange (/Users/nut/Project/JavdexLabs/Javdex/src/main/services/mediaAssetStore.ts:504:31)
    at FailingCleanupStore.coordinateDatabaseChange (/Users/nut/Project/JavdexLabs/Javdex/src/main/services/mediaAssetStore.ts:465:17)
    at <anonymous> (/Users/nut/Project/JavdexLabs/Javdex/src/main/services/mediaAssetStore.test.ts:941:37)
    at getActual (node:assert:611:5)
    at strict.doesNotThrow (node:assert:779:32)
  ✔ serves plain and encrypted images asynchronously without synchronous file reads (129.65925ms)
  ✔ reads plain and encrypted images and reports a stable plaintext fingerprint (82.310125ms)
  ✔ rejects stored paths that escape the media root (7.13775ms)
  ✔ exposes bootstrap and layout paths under the media root (34.591167ms)
  ✔ encrypts a stored plain asset and lists it under stable subdirectories (108.206667ms)
  ✔ decrypts a stored encrypted asset back to its plain relative path (127.756291ms)
  ✔ compensates newly-created resources when the database operation fails (42.155292ms)
  ✔ compensates newly imported cover and sample files when a database operation fails (51.644667ms)
  ✔ compensates newly imported playlist covers when a database operation fails (50.313458ms)
  ✔ compensates async downloads when the database operation fails (43.871209ms)
  ✔ rejects unusable local image imports instead of storing them (12.923625ms)
  ✔ rejects unusable avatar downloads instead of storing them (8.310792ms)
  ✔ keeps an existing download when replacing the same URL later rolls back (53.770209ms)
  ✔ keeps an existing avatar source when importing the same bytes later rolls back (51.533625ms)
  ✔ deletes obsolete resources only after the database operation succeeds (42.456375ms)
  ✔ uses distinct paths for avatar display replacements created in the same millisecond (50.780708ms)
  ✔ discards newly created resources marked obsolete in the same coordinated change (40.249417ms)
  ✔ promotes nested created resources so a parent rollback can compensate them (49.870625ms)
  ✔ defers nested obsolete deletes of pre-existing files until the parent commits (65.776416ms)
  ✔ keeps nested obsolete pre-existing files when the parent rolls back (43.101166ms)
  ✔ does not leak nested create-then-obsolete files when the parent rolls back (42.819292ms)
  ✔ runInCoordinatedChange joins an active parent instead of nesting (32.977333ms)
  ✔ keeps isolated coordinated creates when an outer parent later rolls back (53.988ms)
  ✔ keeps independent root work when an awaited outer coordinated change fails (52.702125ms)
  ✔ keeps relocation exclusive with coordinated and direct media mutations (47.804625ms)
  ✔ keeps relocation exclusive with a stable read lease (4.236125ms)
  ✔ keeps caller registrations off an un-awaited nested async coordinated change (50.137875ms)
  ✔ does not turn a post-commit cleanup failure into a database failure (47.982709ms)
✔ MediaAssetStore (2600.631917ms)
✔ reads empty, exact-budget and multi-chunk files without using readFile (22.378291ms)
✔ rejects oversize before reading and closes the opened handle (16.934708ms)
✔ rejects grow during reading and closes the handle (19.99075ms)
✔ rejects truncate during reading and closes the handle (17.612208ms)
✔ rejects cancel during reading and closes the handle (14.346708ms)
✔ rejects io-error during reading and closes the handle (12.825083ms)
✔ does not open an already cancelled request (13.63125ms)
✔ closes the handle on cancel-after-open before allocating body bytes (16.118833ms)
✔ closes the handle on stat-error before allocating body bytes (12.246584ms)
✔ closes the handle on directory before allocating body bytes (19.677791ms)
✔ reads PNG/WebP metadata and never follows TIFF offsets outside its chunk (0.800708ms)
✔ inspects all served formats without decoding pixels (24.2845ms)
✔ rejects a tiny encoded image with an oversized canvas and accepts the exact boundary (1.475292ms)
✔ rejects corrupt and unsupported image headers (10.008625ms)
✔ inspects the single-frame canvas of real animated GIF and WebP inputs (2.24775ms)
✔ waits for metadata completion when cancelled and destroys the reader (0.68825ms)
✔ shares a read while one consumer cancels and preserves independent result buffers (1.091625ms)
✔ drains the last cancelled consumer without deleting a newer flight under the same key (0.246292ms)
✔ fans out failures and permits a fresh attempt (0.114667ms)
✔ aborts the underlying work only after all consumers cancel and drains the final slot (0.137958ms)
✔ defaults to four active reads and 256 queued requests with reusable cancellation capacity (3.195ms)
✔ bounds active and queued reads, removes cancelled work and releases capacity after failures (0.187458ms)
✔ does not free an active slot before an aborted reader actually settles (0.132541ms)
✔ preserves aspect ratio, respects orientation and does not enlarge small images (24.547916ms)
✔ makes a single static thumbnail from an animated image (1.992875ms)
✔ retains two decode slots until native work settles after cancellation (4.055667ms)
▶ media-library service
  ✔ validates an explicitly configured create-time video scraper before persistence (0.979416ms)
  ✔ allows unrelated config edits with a stale stored scraper but validates explicit changes (0.082459ms)
  ✔ runs the root-migration commit through the shared resource-maintenance gate (0.067833ms)
  ✔ runs every root mutation through the scan-shared maintenance gate (0.231666ms)
  ✔ preserves root continuity validation errors through service mutation gates (0.166708ms)
  ✔ serializes library and config lifecycle mutations with resource writes (0.165834ms)
  ✔ cannot archive through the service while an asynchronous resource write owns the gate (0.145084ms)
✔ media-library service (2.351792ms)
▶ mediaProtocol
  ✔ forwards a finite variant and rejects invalid size without reading (17.253666ms)
  ✔ returns 413 for oversized images with an empty HEAD body (0.763ms)
  ✔ awaits the image reader and forwards cancellation while serving GET and HEAD (0.318292ms)
  ✔ skips reads for preflight and forbidden paths, and distinguishes busy from missing (0.422958ms)
  ✔ resolves media URLs under the asset root (0.063333ms)
  ✔ rejects path traversal outside the asset root (0.032208ms)
✔ mediaProtocol (19.296166ms)
▶ organizationDeletionService
  ✔ removes only the selected role and recalculates its linked videos at execution time (392.942833ms)
  ✔ rejects removing the final role and leaves all relations unchanged (502.248583ms)
  ✔ blocks role removal and full deletion when they would rewrite a pending video (508.0395ms)
  ✔ fully deletes an organization and detaches every supported relation after a fresh preview (573.284209ms)
  ✔ rejects full deletion when owned series names conflict in the unowned scope (540.035833ms)
  ✔ rolls back full deletion relations and skips image cleanup when deletion fails (511.880666ms)
  ✔ commits full deletion while reporting post-commit image cleanup failures (393.921625ms)
✔ organizationDeletionService (3422.943708ms)
▶ organizationMergeService
  ✔ merges cross-role records and transfers role-specific videos, children, and series (581.163042ms)
  ✔ adopts the source brand image only when the target has none (505.393333ms)
  ✔ preflights publisher transfer business identity collisions before writing (452.10925ms)
  ✔ blocks a merge that would rewrite a pending video relation (466.785875ms)
  ✔ rejects a series name collision in the target scope without changing any relation (551.746084ms)
  ✔ rejects merging an ancestor into a deep descendant (434.35ms)
  ✔ collapses a direct source-to-target hierarchy and transfers source siblings (357.930333ms)
  ✔ rolls back the profile and every relation when the transaction fails (282.7405ms)
  ✔ commits the merge and reports a brand image cleanup failure (314.266792ms)
  ✔ rejects using the same organization as target and source (379.084459ms)
✔ organizationMergeService (4326.546917ms)
▶ pending resource identity service
  ✔ uses the persisted choice, assigns the resource atomically, and applies only a matching current NFO (566.388625ms)
  ✔ completes resource ownership but does not apply metadata when the current NFO no longer matches (557.47425ms)
  ✔ finishes resource ownership when the current NFO cannot be inspected safely (479.954917ms)
  ✔ keeps the identity pending and creates no formal record when the source fingerprint is stale (488.607416ms)
  ✔ rechecks a STRM target snapshot and leaves the conflict intact when it changes (471.039875ms)
✔ pending resource identity service (2563.983792ms)
▶ PlayerService
  ✔ opens and reveals a local resource through system file operations (0.927958ms)
  ✔ opens a STRM target externally but reveals its local source file (0.098125ms)
  ✔ opens the primary direct resource with the system URL handler (0.082875ms)
  ✔ reports a system open failure and does not try another resource (0.130708ms)
  ✔ hands Magnet resources to the registered system protocol handler (0.061834ms)
  ✔ rejects every playback and reveal entry point before reading an archived or missing library (0.061333ms)
  ✔ opens and reveals only resources that belong to the selected library (5.505667ms)
✔ PlayerService (7.465334ms)
▶ playlist import browser navigation guard
  ✔ requires DOM-backed terminal reasons to carry a selector and pass host verification (0.921708ms)
  ✔ accepts known-total terminal evidence only when the checkpoint declares a total (0.068458ms)
  ✔ accepts a virtual first window only after a settled host-owned reset to the top (0.066125ms)
  ✔ revalidates terminal or link evidence in the final dynamic window before sealing (0.075375ms)
  ✔ alternates virtual scrolling with frozen load-more actions before sealing (0.0475ms)
  ✔ defers bottom-only advance validation until a virtual page reaches its terminal view (0.062959ms)
  ✔ waits for a quiet window after every asynchronous load-more change (0.066166ms)
  ✔ restarts the quiet window when a temporary dynamic expansion rolls back (0.042791ms)
  ✔ classifies foreground retry failures without treating them as restart recovery (0.218416ms)
✔ playlist import browser navigation guard (2.003875ms)
▶ playlist importer browser guidance
  ✔ prefers structured reads while leaving page semantics and interaction to the agent (0.37675ms)
  ✔ hands page semantics to the agent and prioritizes user-only blockers (0.087875ms)
  ✔ extracts a first-page playlist name only from reliable page evidence (0.101167ms)
  ✔ requires every newly opened static page to be inspected and checkpointed before advancing again (0.063208ms)
  ✔ distinguishes checkpoint evidence from status artifacts and explains terminal selectors (0.093208ms)
✔ playlist importer browser guidance (1.087916ms)
▶ PlaylistImportModule interface
  ✔ returns an initial browser handoff projected during the first agent dispatch (6.321417ms)
  ✔ persists the import job before the run driver can project bootstrap observations (3.973417ms)
  ✔ returns immediately after accepting one run and replays the same start idempotently (3.90975ms)
  ✔ allows only one foreground import session at a time (4.098209ms)
  ✔ rejects invalid start targets before creating an Agent run (2.962917ms)
  ✔ includes write options in the idempotent frozen input (3.381ms)
  ✔ rejects one idempotency key reused for different frozen input (3.319458ms)
  ✔ cancels pre-apply work without creating an empty playlist (3.749666ms)
  ✔ preserves a retryable recovery failure when apply invalidates after identity review (6.982917ms)
  ✔ retries a recoverable apply error after the target library becomes active again (5.100583ms)
  ✔ dispatches a same-session retry for a retryable discovery checkpoint (3.634834ms)
  ✔ clears a missing page checkpoint before dispatching a same-session retry (3.531875ms)
  ✔ coalesces concurrent retries with the same idempotency key before recovery side effects (3.546458ms)
  ✔ keeps discovery retry state in the foreground session instead of the durable product journal (3.567125ms)
  ✔ applies a foreground retry atomically without reserving a durable retry result (4.090708ms)
  ✔ discards a browser session when driver creation fails before persistence (2.67625ms)
✔ PlaylistImportModule interface (65.456708ms)
▶ PlaylistImportRepository
  ✔ keeps all import staging in the current SQLite connection only (5.795167ms)
  ✔ rejects credential-bearing source and detail URLs before staging them (0.433166ms)
  ✔ removes sensitive detail URL credentials and requires explicit user identity handling (5.986ms)
  ✔ accepts a checkpoint after a source redirects between www and apex host variants (3.855916ms)
  ✔ fails an empty external list without creating an empty playlist (3.452875ms)
  ✔ fails discovery when the frozen run exceeds its wall-clock safety budget (3.360833ms)
  ✔ checkpoints every page before atomically creating/reusing videos and a new playlist (5.11025ms)
  ✔ assigns stable unique page order when numbered pagination rediscoveries overlap (3.786083ms)
  ✔ fails self-referential and A-to-B-to-A static pagination as PAGINATION_LOOP (4.174541ms)
  ✔ keeps legal duplicate pages when their concrete pagination frontiers differ (4.458708ms)
  ✔ fails a sealed dynamic page whose next URL only loops to an existing frontier (3.962417ms)
  ✔ keeps a declared page-total mismatch retryable and accepts a corrected checkpoint (3.492042ms)
  ✔ rejects a conflicting nonterminal page before sealing it and completes after correction (4.174208ms)
  ✔ restarts from the source when only the terminal page proves earlier totals wrong (7.78ms)
  ✔ uses the first-page Agent suggestion when the user leaves the new playlist name empty (3.866584ms)
  ✔ keeps existing playlist links and deduplicates the source playlist URL when enabled (3.955375ms)
  ✔ falls back to the existing host-and-date name when the Agent returns no name (3.768541ms)
  ✔ does not let an Agent suggestion rename an append target (3.75625ms)
  ✔ skips unmatched items and omits detail links when both write options are disabled (3.751834ms)
  ✔ reuses a unique code match created after an auto-create-disabled preview (3.995417ms)
  ✔ persists target-library and target-playlist failures instead of leaving apply retry loops (6.116125ms)
  ✔ counts external convergence separately from videos already present before apply (4.556875ms)
  ✔ keeps multiple global code matches in the detail phase even when one is in the target library (3.692416ms)
  ✔ reuses a unique exact code discovered only on the detail page (3.953458ms)
  ✔ sends conflicting list and detail codes to user review without discarding list candidates (4.595125ms)
  ✔ rejects a stale direct-code decision when a duplicate appears before apply (3.878375ms)
  ✔ reopens identity resolution when another video claims the detail URL before apply (4.459541ms)
  ✔ returns target-library tiebreaks to identity review when memberships become stale (4.301208ms)
  ✔ persists an unexpected transactional apply failure and retries it atomically (4.182125ms)
  ✔ lets a unique strong detail match override the target library preference (3.842708ms)
  ✔ uses a canonical www detail link as a strong owner signal without duplicating it (3.633333ms)
  ✔ requires user review when independent strong detail signals conflict (4.166875ms)
  ✔ keeps a source owner outside the code candidates and blocks target-library tiebreaking (4.023042ms)
  ✔ invalidates the preview when a new source owner appears before apply (5.428959ms)
  ✔ treats source external-code and source-URL evidence as independent signals (4.113583ms)
  ✔ does not use the target library when complete business identity contradicts known candidates (4.178667ms)
  ✔ waits for the user when detail signals leave multiple cross-library candidates (4.492ms)
  ✔ replays an identical page checkpoint and makes changed content recoverable (4.028125ms)
  ✔ makes a changed replay of a dynamic operation recoverable without duplicating the batch (4.058417ms)
  ✔ rolls a changed sealed dynamic page back with downstream frontiers and orphan items (78.0825ms)
  ✔ rejects a playlist name submitted after the first logical page (4.310583ms)
  ✔ persists and resumes a browser handoff without losing the current list frontier (4.39425ms)
  ✔ fails an expired browser handoff before persisting a resume checkpoint (3.951375ms)
  ✔ checkpoints overlapping virtual windows before sealing a continuous list (5.743666ms)
  ✔ persists host-owned load-more batches and seals only after the control disappears (4.720542ms)
  ✔ persists load-more no-progress and fails instead of retrying the same action (3.878708ms)
  ✔ fails the run instead of truncating a source that declares totals above the safety budget (3.2815ms)
  ✔ fails and rolls back a dynamic window above the per-batch candidate budget (4.509458ms)
✔ PlaylistImportRepository (278.3505ms)
▶ PlaylistImportAgentRunDriver scripted browser integration
  ✔ dispatches the conversation before the agent opens the frozen source page (6.554333ms)
  ✔ hands an initial challenge to the user through the agent browser tool (4.144042ms)
  ✔ requires the domain advance tool to claim a pending page before checkpointing it (7.456875ms)
  ✔ lets the agent choose how to return to frozen work after a handoff (4.225166ms)
  ✔ lets the agent hand a login page to the user immediately (3.644375ms)
  ✔ pauses for human verification when host-owned detail navigation hits a challenge (4.276125ms)
  ✔ replays a committed static page checkpoint after its response is lost (4.490042ms)
  ✔ replays a committed detail checkpoint after its response is lost (5.639917ms)
  ✔ restarts the changed dynamic page from its inbound frontier on product retry (5.157959ms)
  ✔ restarts a dynamic page with corrected declared totals after one product retry (7.67425ms)
  ✔ records an evidence-backed unsupported pagination report as an explicit terminal error (3.629875ms)
  ✔ requires a page checkpoint before advancing away from the current list page (3.943916ms)
  ✔ keeps a missing page checkpoint agent-correctable instead of locking the tool host (4.129334ms)
  ✔ does not expose status artifacts as eligible page-checkpoint evidence (3.14325ms)
  ✔ inspects an automatic login redirect but still rejects a checkpoint from it (3.5895ms)
  ✔ checkpoints a finite recycled virtual list without gaps and binds evidence to every view (6.85875ms)
  ✔ normalizes a one-based stable position attribute into a continuous virtual list (6.449542ms)
  ✔ backtracks to the last anchor and halves the step when variable heights skip a window (6.815042ms)
  ✔ combines virtual scrolling with host-owned load-more and checkpoints the expanded window (1005.887209ms)
  ✔ retries a stalled virtual window once, then fails when it still cannot progress (4.563333ms)
✔ PlaylistImportAgentRunDriver scripted browser integration (1102.906625ms)
▶ playlistImportRecoverableToolFailure
  ✔ keeps only same-session timeout and changed-source failures retryable (0.13975ms)
✔ playlistImportRecoverableToolFailure (0.166792ms)
▶ PlaylistImporter ToolPack
  ✔ exposes static-page, virtual-window and detail checkpoints through one least-privilege pack (0.987125ms)
  ✔ lets the agent inspect and operate the same-site browser (0.243208ms)
  ✔ binds every declaration to a production handler (0.076917ms)
  ✔ accepts one optional page-evidenced name on the page checkpoint (0.060833ms)
  ✔ requires a mechanically verifiable terminal contract (0.053459ms)
  ✔ describes static pagination as navigation followed by a new page checkpoint (0.066ms)
  ✔ makes checkpoint evidence eligibility and terminal selector semantics explicit (0.204584ms)
✔ PlaylistImporter ToolPack (2.075791ms)
▶ playlistService media asset seam
  ✔ creates a playlist cover through MediaAssetStore and cleans it on delete (544.970791ms)
  ✔ deletes the previous cover only after a successful cover replacement (527.643792ms)
✔ playlistService media asset seam (1073.020125ms)
▶ PluginBrowserCapabilityModule
  ✔ uses action-specific result budgets (0.642875ms)
  ✔ inlines complete small page-fact sections instead of keeping an oversized snapshot (36.810542ms)
  ✔ omits an oversized page-fact section as a whole and never returns a prefix (29.934333ms)
  ✔ returns an omitted artifact section through bounded cursor pages (79.705958ms)
  ✔ keeps every omitted delta section readable from the same artifact (46.177792ms)
  ✔ returns valid artifact sections and a catalog recovery action for an unknown section (31.880125ms)
  ✔ rejects read-section paths outside the browser artifact directory (2.825875ms)
  ✔ keeps a small localeLinks section when snapshot and content links are omitted (38.107833ms)
  ✔ hides oversized artifact string segments behind read-section pagination (41.825ms)
  ✔ returns every captured page-fact item when the complete observation fits (27.975708ms)
  ✔ keeps the hard transport limit even when the page has unusually many fact sections (432.7695ms)
  ✔ marks evidence incomplete only when the complete page evidence was actually capped (22.203666ms)
  ✔ returns occurrence-aware ARIA and top-level page-fact deltas for one document (23.018416ms)
  ✔ treats a scroll view revision as a full observation and invalidates prior refs (32.645292ms)
  ✔ records a newly appeared pageFacts section after fill without throwing (32.222375ms)
  ✔ falls back explicitly to the artifact when a complete delta exceeds its budget (32.800042ms)
  ✔ isolates baselines by session and resets them when a lease is released (28.127208ms)
  ✔ unwraps evaluate values that were unnecessarily JSON-stringified (18.812375ms)
  ✔ keeps a successful action pending result successful and compact (25.717792ms)
  ✔ redacts typed text from the stored artifact (16.467833ms)
✔ PluginBrowserCapabilityModule (1001.640375ms)
▶ PluginDeveloper approval and lifecycle stability
  ✔ restores a legacy run with newly-invalid field ids as a repairable workspace (145.626291ms)
  ✔ clears every durable plugin-development history without touching other Agent use cases (43.017416ms)
  ✔ refuses to clear history while a plugin-development operation is running (0.682834ms)
  ✔ discards unrecoverable plugin-development history without touching recoverable runs (78.585791ms)
  ✔ waits for a slow terminal release before an immediate continuation reopens the run (0.980708ms)
  ✔ materializes a terminal workspace before lazy continuation projects native file tools (128.720583ms)
  ✔ projects Pi native file tools into the durable product timeline (111.936542ms)
  ✔ records exactly one domain error when a runtime fault transitions the run to failed (0.339083ms)
  ✔ surfaces an unpersistable runtime fault and resolves the active operation (0.230833ms)
  ✔ publishes the reduced active context immediately after Pi compaction (0.164583ms)
  ✔ keeps a transient invalid workspace recoverable and resyncs after a valid rewrite (131.318542ms)
  ✔ streams provider reasoning and answer while persisting each only once per completed turn (71.234042ms)
  ✔ bounds one displayed reasoning block and reports the original character count (1.824834ms)
  ✔ revokes an approved permit when Pi rejects the approval continuation (0.213708ms)
  ✔ does not consume an approval while the operation that emitted waiting_user is still settling (0.083916ms)
  ✔ binds a typed choice to the exact request without treating it as user feedback (525.251042ms)
  ✔ resumes a typed browser interaction without turning completion into defect feedback (0.139459ms)
  ✔ keeps a mechanically ready artifact waiting for user after Pi settles (122.976917ms)
  ✔ requires real feedback before continuing a mechanically ready artifact (119.3265ms)
  ✔ keeps readiness for dev-notes edits but invalidates it for package edits (163.363666ms)
  ✔ does not run hidden production execution when Pi settles without a current artifact (110.613458ms)
  ✔ projects a model-turn limit into waiting_user/working without running a hidden check (155.608375ms)
  ✔ allows installation only for the exact full production execution artifact (0.55275ms)
  ✔ marks the session completed only after the accepted artifact is installed (0.302791ms)
  ✔ adopts the installed display name when install renames to avoid a conflict (101.411291ms)
  ✔ persists the renamed installed package onto settled product state (143.960041ms)
  ✔ releases only PluginDeveloper-owned runs during application disposal (0.255416ms)
✔ PluginDeveloper approval and lifecycle stability (2159.748167ms)
✔ uses the indexed journal cursor for active and persisted plugin snapshots (0.384916ms)
✔ preserves incremental logs across stale-runtime cancellation, cold snapshot, restore and export (1434.900583ms)
✔ keeps the migrated work log reference when runtime reopen fails during recovery (525.191584ms)
✔ retries closed workspaces with intact or corrupted state without rewriting diagnostic data (465.044333ms)
✔ serializes cleanup admission and drains safely: {"initial":"clear","fail":false,"dispose":true} (408.923042ms)
✔ serializes cleanup admission and drains safely: {"initial":"discard","fail":true,"dispose":true} (430.95775ms)
✔ serializes cleanup admission and drains safely: {"initial":"clear","fail":true,"dispose":false} (481.665709ms)
▶ PluginExecutionModule
  ✔ passes only the typed actress runtime identity and preserves production facts (14.587ms)
  ✔ records rejected production results without adding semantic issue classifications (14.489417ms)
  ✔ does not accept undefined or runtime-only output as a material production result (14.882375ms)
  ✔ does not accept a video source link without any material scraped field (19.049ms)
  ✔ treats a full empty contract return as unmatched targets, not a broken shape (0.161792ms)
✔ PluginExecutionModule (63.623833ms)
▶ PluginRunAcceptanceModule
  ✔ accepts an exact full production artifact without judging content or manifest coverage (2.028083ms)
  ✔ keeps readiness when only the plugin display name changes (0.18125ms)
  ✔ rejects targeted, stale package, stale target, stale runtime, and failed execution artifacts (0.329833ms)
  ✔ never accepts a vacuous full execution with no session targets or cases (0.113709ms)
  ✔ treats a successful proper-subset run as wrong_scope, not execution_failed (0.073167ms)
  ✔ keeps execution_failed when a targeted subset itself failed (0.092834ms)
✔ PluginRunAcceptanceModule (3.225ms)
▶ PluginWorkspaceModule
  ✔ starts create mode without a requested or predeclared field set (1.10225ms)
  ✔ materializes a Pi-native file workspace and rebuilds a normalized package (121.085333ms)
  ✔ treats workspace files as authoritative and changes the artifact hash after an edit (116.121042ms)
  ✔ keeps Pi dev notes outside the plugin artifact and preserves them across instruction refreshes (174.115ms)
  ✔ atomically records completed execution facts and the current acceptance projection (157.990333ms)
  ✔ updates current acceptance without overwriting the latest execution facts (137.977541ms)
  ✔ does not reinterpret a removed workspace field declaration as all fields (117.896042ms)
  ✔ refreshes v4 host resources without overwriting the draft or decisions (159.956042ms)
  ✔ preserves same-kind legacy targets only when current input has none (218.017708ms)
  ✔ keeps current instruction resources frozen when the workspace is reopened (131.884ms)
  ✔ preserves an older frozen instruction set while restoring an existing run (128.111333ms)
✔ PluginWorkspaceModule (1464.979125ms)
✔ awaits asynchronous removal without recursively deleting through the synchronous API (20.774292ms)
▶ PluginDevInstructionModule
  ✔ keeps the system prompt limited to identity, workspace and host boundaries (0.508291ms)
  ✔ makes javdex-plugin-dev the only owner of the development workflow (2.450875ms)
  ✔ orders page-level search and detail code checkpoints for video and actress skills (0.430625ms)
  ✔ generates isolated result contracts and workflow examples for each plugin kind (0.3485ms)
  ✔ marks field documentation as a query table rather than an implementation checklist (0.087542ms)
  ✔ preserves a resolved choice and reassesses the remaining blocker (0.0525ms)
  ✔ resumes a completed browser handoff from the interrupted location (0.029584ms)
  ✔ uses the host initial dry-run in debug mode without requesting a duplicate run (0.087667ms)
  ✔ starts create from the Skill instead of a five-file reading ritual (0.099375ms)
  ✔ generates stable v1 resources for identical inputs (0.544417ms)
  ✔ applies user feedback without manufacturing an extra development round (0.064084ms)
  ✔ treats the resume button as continuation rather than new defect feedback (0.049209ms)
  ✔ exposes only dry-run, typed user input and the browser adapter tools (0.113667ms)
✔ PluginDevInstructionModule (5.341208ms)
▶ PluginDeveloper v1 tool executor
  ✔ rejects removed domain tools (115.045875ms)
  ✔ rejects URL-shaped targets without replacing the initial dry-run state (135.707042ms)
  ✔ preserves the prior latest facts while the workspace is temporarily invalid (154.729667ms)
  ✔ adopts the first legal explicit targets immediately and exposes runtime facts (153.7795ms)
  ✔ emits adopted targets before the production runner settles (154.157167ms)
  ✔ replaces session targets after a full unmatched execution (133.030125ms)
  ✔ keeps later explicit targets targeted when the last full run was not an empty miss (121.46175ms)
  ✔ uses later explicit targets only for targeted diagnostics (142.008459ms)
  ✔ treats explicit targets that cover the session set as a full run (123.455209ms)
  ✔ allows the fourth and tenth real executions without an attempt limit (202.855083ms)
  ✔ reads an artifact section without acquiring the live browser lease (138.893375ms)
  ✔ maps bounded scroll arguments to the shared browser command (154.654917ms)
  ✔ terminates on browser busy without replacing the initial dry-run state (139.324625ms)
  ✔ does not replace the initial dry-run state when Cloudflare interrupts the run (127.223583ms)
  ✔ preserves the prior latest facts when a real execution is cancelled (137.781333ms)
✔ PluginDeveloper v1 tool executor (2135.00425ms)
▶ plugin developer Cloudflare handoff
  ✔ retains the browser only for browser interaction handoff requests (0.352125ms)
  ✔ recognizes the typed browser challenge signal (0.07275ms)
  ✔ turns browser action=open challenge into an immediate waiting_user handoff (136.001542ms)
  ✔ presents the helper and creates a typed login handoff without running a Playwright action (129.905375ms)
  ✔ returns typed recovery errors for uncertain actions and pending explicit observations (118.03625ms)
✔ plugin developer Cloudflare handoff (384.938ms)
▶ PluginDeveloper ToolPack v1
  ✔ matches the compact Pi-native schema in stable order (1.003666ms)
  ✔ classifies dry-run, browser reads/interactions and secret typing explicitly (0.084416ms)
  ✔ governs every remaining host capability through permission, abort and ledger (7.387667ms)
✔ PluginDeveloper ToolPack v1 (8.827042ms)
▶ pluginDevAgent workLog
  ✔ records full tool detail and builds an exportable timeline (15.197375ms)
  ✔ never exports a failed terminal state without an error event (0.142833ms)
✔ pluginDevAgent workLog (15.652ms)
✔ migrates a legacy log once, preserves message/event order, and reads only its committed journal interval (15.736208ms)
✔ rolls back journal appends when product state commit fails and retries without duplicates (1.207209ms)
✔ rejects changed legacy prefixes, shrinking histories, missing rows and malformed references without rewriting data (0.87775ms)
✔ keeps logical state+journal writes linear for 1k, 10k and 100k log entries (4313.639667ms)
ℹ {"results":[{"entries":1000,"stateBytes":110786,"journalBytes":131780},{"entries":10000,"stateBytes":1127788,"journalBytes":1337780},{"entries":100000,"stateBytes":11477790,"journalBytes":13577780}],"scope":"In-memory SQLite logical JSON bytes; outer transaction amortizes test setup. Not WAL/device bytes, fsync latency, UI or cold recovery memory acceptance."}
▶ pluginDevCodeEdit
  ✔ replace_snippet swaps a unique fragment (0.86375ms)
  ✔ replace_snippet rejects non-unique oldText (0.203958ms)
  ✔ replace_snippet picks match nearest nearLine (0.388792ms)
  ✔ replace_function can replace a top-level helper (0.369458ms)
  ✔ replace_function rejects re-declaring helper inside parseActress block (0.184417ms)
  ✔ listTopLevelFunctions returns names with line ranges (0.697834ms)
  ✔ findDuplicateTopLevelBindings detects duplicate function names (0.047708ms)
✔ pluginDevCodeEdit (3.178625ms)
▶ pluginDevPageFormat
  ✔ formats definition lists and dom regions for prompts (0.414833ms)
  ✔ formats inspect locale anchors without treating them as a language API (0.175291ms)
  ✔ includes link region markers (0.137084ms)
  ✔ builds full page insight prompt (0.210125ms)
  ✔ keeps forms and prioritized links when raw DOM regions are very large (0.545125ms)
✔ pluginDevPageFormat (2.037792ms)
▶ pluginDevService
  ✔ preserves an explicit empty supportedFields list for an undiscovered create draft (5.785583ms)
  ✔ rejects parse result keys used as supportedFields instead of silently dropping them (7.568917ms)
  ✔ wraps generated bare parseVideo functions before dry-run (63.846542ms)
  ✔ reports unrecognized raw result keys before normalization without suggestions (57.793875ms)
  ✔ preserves every normalized video candidate during dry-run (58.563834ms)
  ✔ rejects a video result whose code does not match the requested target (51.23825ms)
  ✔ wraps generated bare parseActress functions before dry-run (53.785708ms)
  ✔ reports legal manifest field ids even when the compatibility projection accepts an empty declaration (61.418208ms)
  ✔ coerces actress numeric and date strings during dry-run (56.508625ms)
  ✔ returns actress identity facts without adding a semantic target rejection (55.968708ms)
✔ pluginDevService (473.470709ms)
✔ coalesces a large burst and flushes the final value without leaking a timer (2.942875ms)
✔ limits continuous progress to ten updates per second plus the final flush (0.355417ms)
✔ replaces pending progress with an immediate state and can publish the next state (0.108417ms)
✔ normalizeProxyUrl accepts common proxy schemes (0.3775ms)
✔ normalizeProxyUrl rejects empty and invalid values (0.276417ms)
▶ public HTTP fetch
  ✔ rejects private literals and hostnames resolving to private addresses (2.997291ms)
  ✔ connects to the validated address while preserving the logical host (18.40125ms)
  ✔ validates redirect destinations and caps streamed response bytes (0.616208ms)
  ✔ applies one timeout budget to URL validation and the request (31.038291ms)
  ✔ closes a pending SOCKS connection when the request deadline expires (63.423209ms)
✔ public HTTP fetch (116.997042ms)
▶ resourceLessVideoCleanupService
  ✔ deletes only zero-resource videos and removes their relations and owned images (580.8745ms)
  ✔ protects zero-resource videos while any playlist still references them (449.323375ms)
  ✔ counts and cleans assets only after the final guarded delete succeeds (530.16ms)
✔ resourceLessVideoCleanupService (1560.817125ms)
✔ matches legacy raw pages, filtered views, header and compatibility readers for published entries (517.177ms)
✔ keeps all unpublished states unavailable and preserves source, index and page budgets (560.686167ms)
✔ rejects published metadata with wrong identities or embedded collections instead of silently overriding it (872.790542ms)
✔ reuses one index and releases it before changes, revision failures and disposal (1.4915ms)
✔ expires an idle index, resets the deadline on use and cancels expiry on disposal (0.311625ms)
✔ upgrades raw to combined views with one live index, then reuses it for both operations (0.210208ms)
✔ matches legacy validation and folded path membership across all permitted sources (481.961583ms)
✔ uses the latest non-null run, ignores summary identity and allows indexed unrecognized paths without parsing bad audit (485.636958ms)
✔ never parses the complete body in JavaScript and validates later entries after an early path match (722.786917ms)
✔ keeps authorization on one WAL snapshot when a writer replaces the audit during entry validation (402.921833ms)
✔ fails closed on duplicate known fields and object strings instead of object entries (343.96ms)
✔ checks the trusted source cap before parsing json JSON (413.263625ms)
✔ checks the trusted source cap before parsing entries JSON (467.5845ms)
✔ matches the legacy permission oracle for published entries and ignores unpublished manifests (454.6ms)
✔ rejects invalid entry metadata, hidden collections, duplicate identity and mismatched published identity (743.543167ms)
✔ validates every entry after a match and checks file key identity without weakening legacy validators (626.55475ms)
✔ streams published entries in ordinal order with small JS parses and one WAL snapshot (637.146ms)
✔ pages every section with stable ordinal, filtered totals and independent results (394.778167ms)
✔ holds an immutable copied snapshot across writer changes and leaves main schema/data unchanged (565.681333ms)
✔ rejects source/index/page budget overflows without truncation and can rebuild after failure (466.326667ms)
✔ rejects wrong scope, mismatched versions/identity, malformed collections and non-object entries (514.271125ms)
✔ copies all collections from one read snapshot when the writer commits during construction (402.999041ms)
✔ matches every historical view field/order across combined filters, Unicode search and pages (1028.910167ms)
✔ locates failed-view anchors, clamps shrink/overflow, and keeps copied pending-path state (1038.464625ms)
✔ rejects invalid view inputs and oversized output without mutating the source (964.653ms)
✔ reuses one bounded search result across pages and restores read-only mode after TEMP exhaustion (1063.018375ms)
✔ preserves pending paths without an audit body only for the exact current summary (1171.65125ms)
✔ does not hide corrupt or over-budget audit bodies behind unrecognized-only fallback (1193.55025ms)
▶ ScrapeJobController
  ✔ flushes and detaches UI progress on rejection before accepting another batch (4.396708ms)
  ✔ coalesces video UI progress while preserving checkpoints and done delivery (26.245709ms)
  ✔ coalesces video UI progress while preserving checkpoints and paused delivery (16.667792ms)
  ✔ coalesces video UI progress while preserving checkpoints and cancelled delivery (14.456167ms)
  ✔ coalesces actress UI progress while preserving checkpoints and done delivery (14.349791ms)
  ✔ coalesces actress UI progress while preserving checkpoints and paused delivery (15.387292ms)
  ✔ coalesces actress UI progress while preserving checkpoints and cancelled delivery (15.572542ms)
  ✔ preserves media-library scope through batch count and start orchestration (0.451208ms)
  ✔ rejects a single-video scrape outside the requesting active media library (0.388333ms)
  ✔ forwards an explicit director choice and returns structured classification outcomes (0.109166ms)
  ✔ serializes single video and actress scrape runs (0.095375ms)
  ✔ pauses an interrupted persisted job during initialization (0.082916ms)
  ✔ recovers an on-disk running checkpoint as paused after restart (106.399542ms)
  ✔ publishes progress and supports pause, resume, and discard for persisted batches (0.632416ms)
  ✔ prevents starting a scrape batch while automatic crop owns the batch lock (0.087167ms)
✔ ScrapeJobController (216.360083ms)
▶ ScraperDelayController
  ✔ starts the next same-site interval after the previous access finishes (23.966083ms)
✔ ScraperDelayController (24.562292ms)
▶ ScraperPluginCatalog
  ✔ restores the configured default after deleting a selected plugin (1.157833ms)
✔ ScraperPluginCatalog (1.49425ms)
▶ ScraperServiceConfiguration
  ✔ keeps scraper service IPC policy behind one application boundary (0.868917ms)
✔ ScraperServiceConfiguration (1.395542ms)
▶ SequentialBatchQueue
  ✔ counts success, pending, and failure as disjoint processed outcomes (1.037792ms)
  ✔ pauses after the current target and resumes from checkpoint (0.174541ms)
✔ SequentialBatchQueue (1.555917ms)
▶ seriesMergeService
  ✔ merges an explicit source into the target and transfers videos and direct children (529.246084ms)
  ✔ adopts the source cover only when the target has no formal cover (390.286084ms)
  ✔ rejects a merged name collision in the final owner scope without changing relations (554.63375ms)
  ✔ rejects a merge that would move an ancestor branch below its descendant (517.391125ms)
  ✔ collapses a direct source-to-target hierarchy without making the target its own parent (575.422583ms)
  ✔ rolls back profile, video, and child changes when the database transaction fails (586.433542ms)
  ✔ commits the merge and reports an obsolete source cover cleanup failure (612.339208ms)
  ✔ rejects using the same series as target and source (630.2535ms)
✔ seriesMergeService (4396.829166ms)
✔ reuses canonical query pages, isolates caller mutations, and invalidates local and external writes (524.725375ms)
✔ bypasses cached pages inside transactions and never publishes data that is rolled back (405.5355ms)
✔ evicts least recently used pages and validates raw search before cache lookup (428.311125ms)
✔ evicts by serialized byte budget before eight large pages accumulate (610.346375ms)
✔ observes an external commit during a read and refreshes on the next call (621.31125ms)
✔ does not cache a failed read and allows the same query to retry (545.769875ms)
✔ separates connections even when their revision counters match (1205.613666ms)
✔ binds a separate cache and repository to a readonly connection, without using the writer getter (353.976334ms)
▶ videoBatchScrapeQueue feedback
  ✔ identifies scoped and global target sets in batch status text (0.4725ms)
  ✔ preserves and revalidates the original library scope when resuming a checkpoint (0.74375ms)
  ✔ revalidates every frozen scoped target immediately before scraping (0.095459ms)
  ✔ formats success, skip, and partial-warning outcomes distinctly (0.115875ms)
  ✔ counts a persisted multi-candidate result as pending instead of success or failure (0.043875ms)
✔ videoBatchScrapeQueue feedback (3.979459ms)
▶ video lifecycle service
  ✔ cleans app-owned and pending assets while never receiving source media paths (0.900917ms)
  ✔ retries cleanup safely when the repository replays an idempotent result (0.1045ms)
  ✔ deletes managed source files before committing the global video record (0.10375ms)
✔ video lifecycle service (1.462292ms)
Staged video file remains queued for deletion: /var/folders/h4/zxrt6zwx6dv1n16kwxzltqgh0000gn/T/javdex-video-maintenance-policy-B6SNUd/media-root/IPX-535.mp4.javdex-delete-8b86f7d0-cb11-4f25-9b66-60050cd234b9 Error: file is busy
    at unlinkSync (/Users/nut/Project/JavdexLabs/Javdex/src/main/services/videoMaintenanceService.test.ts:1053:15)
    at finalizeStagedLocalFiles (/Users/nut/Project/JavdexLabs/Javdex/src/main/services/videoMaintenanceService.ts:389:9)
    at withStagedLocalFileDeletion (/Users/nut/Project/JavdexLabs/Javdex/src/main/services/videoMaintenanceService.ts:414:7)
    at <anonymous> (/Users/nut/Project/JavdexLabs/Javdex/src/main/services/videoMaintenanceService.ts:486:7)
    at <anonymous> (/Users/nut/Project/JavdexLabs/Javdex/src/main/services/mediaAssetStore.ts:506:24)
    at AsyncLocalStorage.run (node:internal/async_local_storage/async_context_frame:63:14)
    at MediaAssetStore.runCoordinatedChange (/Users/nut/Project/JavdexLabs/Javdex/src/main/services/mediaAssetStore.ts:504:31)
    at MediaAssetStore.coordinateDatabaseChange (/Users/nut/Project/JavdexLabs/Javdex/src/main/services/mediaAssetStore.ts:465:17)
    at MediaAssetStore.runInCoordinatedChange (/Users/nut/Project/JavdexLabs/Javdex/src/main/services/mediaAssetStore.ts:475:17)
    at removeResource (/Users/nut/Project/JavdexLabs/Javdex/src/main/services/videoMaintenanceService.ts:468:5)
Staged video file remains queued for deletion: /var/folders/h4/zxrt6zwx6dv1n16kwxzltqgh0000gn/T/javdex-video-maintenance-policy-y6sZsD/media-root/IPX-535.mp4.javdex-delete-3c1efaa4-809b-4b53-a889-f6ff70be73d8 Error: 只能操作身份有效的启用媒体库根目录内文件
    at rejectManagedRootFile (/Users/nut/Project/JavdexLabs/Javdex/src/main/services/mediaLibraryRootFileGuard.ts:32:9)
    at requireCurrentRootIdentity (/Users/nut/Project/JavdexLabs/Javdex/src/main/services/mediaLibraryRootFileGuard.ts:86:5)
    at assertRootFile (/Users/nut/Project/JavdexLabs/Javdex/src/main/services/mediaLibraryRootFileGuard.ts:98:27)
    at assertMediaLibraryRootDeletionTarget (/Users/nut/Project/JavdexLabs/Javdex/src/main/services/mediaLibraryRootFileGuard.ts:182:3)
    at assertDeletionAllowed (/Users/nut/Project/JavdexLabs/Javdex/src/main/services/videoMaintenanceService.ts:484:9)
    at finalizeStagedLocalFiles (/Users/nut/Project/JavdexLabs/Javdex/src/main/services/videoMaintenanceService.ts:388:9)
    at withStagedLocalFileDeletion (/Users/nut/Project/JavdexLabs/Javdex/src/main/services/videoMaintenanceService.ts:414:7)
    at <anonymous> (/Users/nut/Project/JavdexLabs/Javdex/src/main/services/videoMaintenanceService.ts:486:7)
    at <anonymous> (/Users/nut/Project/JavdexLabs/Javdex/src/main/services/mediaAssetStore.ts:506:24)
    at AsyncLocalStorage.run (node:internal/async_local_storage/async_context_frame:63:14)
Failed to recover pending local file deletion: /var/folders/h4/zxrt6zwx6dv1n16kwxzltqgh0000gn/T/javdex-video-maintenance-policy-TgT636/offline-volume/movie.mp4.javdex-delete-interrupted Error: 暂存文件所在存储当前不可用
    at recoverPendingLocalFileDeletions (/Users/nut/Project/JavdexLabs/Javdex/src/main/services/pendingLocalFileDeletionService.ts:48:46)
    at TestContext.<anonymous> (/Users/nut/Project/JavdexLabs/Javdex/src/main/services/videoMaintenanceService.test.ts:1243:22)
    at Test.runInAsyncScope (node:async_hooks:227:14)
    at Test.run (node:internal/test_runner/test:1325:25)
    at Suite.processPendingSubtests (node:internal/test_runner/test:911:18)
    at Test.postRun (node:internal/test_runner/test:1465:19)
    at Test.run (node:internal/test_runner/test:1390:12)
    at async Suite.processPendingSubtests (node:internal/test_runner/test:911:7)
Failed to recover pending local file deletion: /var/folders/h4/zxrt6zwx6dv1n16kwxzltqgh0000gn/T/javdex-video-maintenance-policy-nzrLEc/media-root/IPX-535.mp4.javdex-delete-before-rename Error: 原文件所在存储当前不可用
    at recoverPendingLocalFileDeletions (/Users/nut/Project/JavdexLabs/Javdex/src/main/services/pendingLocalFileDeletionService.ts:40:19)
    at TestContext.<anonymous> (/Users/nut/Project/JavdexLabs/Javdex/src/main/services/videoMaintenanceService.test.ts:1289:22)
    at Test.runInAsyncScope (node:async_hooks:227:14)
    at Test.run (node:internal/test_runner/test:1325:25)
    at Suite.processPendingSubtests (node:internal/test_runner/test:911:18)
    at Test.postRun (node:internal/test_runner/test:1465:19)
    at Test.run (node:internal/test_runner/test:1390:12)
    at async Suite.processPendingSubtests (node:internal/test_runner/test:911:7)
Failed to recover pending local file deletion: /var/folders/h4/zxrt6zwx6dv1n16kwxzltqgh0000gn/T/javdex-video-maintenance-policy-ILPFze/media-root/missing.mp4.javdex-delete-missing Error: 暂存文件和原文件均不存在
    at recoverPendingLocalFileDeletions (/Users/nut/Project/JavdexLabs/Javdex/src/main/services/pendingLocalFileDeletionService.ts:40:19)
    at TestContext.<anonymous> (/Users/nut/Project/JavdexLabs/Javdex/src/main/services/videoMaintenanceService.test.ts:1321:22)
    at Test.runInAsyncScope (node:async_hooks:227:14)
    at Test.run (node:internal/test_runner/test:1325:25)
    at Suite.processPendingSubtests (node:internal/test_runner/test:911:18)
    at Test.postRun (node:internal/test_runner/test:1465:19)
    at Test.run (node:internal/test_runner/test:1390:12)
    at async Suite.processPendingSubtests (node:internal/test_runner/test:911:7)
▶ VideoMaintenanceService
  ✔ creates and reuses organization identities while editing video metadata (578.229917ms)
  ✔ rolls back video fields when organization assignment fails (547.333417ms)
  ✔ creates or appends HTTP resources without scraping and keeps one primary resource (436.760417ms)
  ✔ normalizes a manually entered code before attaching a resource (579.192583ms)
  ✔ attaches a normalized link to an existing legacy lowercase code (610.053375ms)
  ✔ reports the owning video when a normalized HTTP resource already exists (675.49875ms)
  ✔ imports Magnet and ED2K resources and deduplicates their protocol identities (660.729375ms)
  ✔ keeps STRM targets read-only while editing metadata and safely deletes the source file (443.41375ms)
  ✔ restores a staged STRM source and rolls back removal when primary promotion fails (389.104083ms)
  ✔ refuses to remove an active-root STRM source after the root path is replaced (378.009917ms)
  ✔ edits metadata, status, rating, poster, and manual tags (354.569375ms)
  ✔ attaches the exact selected long-name tag, promotes scraped origin, and rejects deleted selections (358.324125ms)
  ✔ rolls back tag creation or origin promotion when updating the video fails (392.757916ms)
  ✔ imports and deletes a local sample in the temporary media directory (479.355625ms)
  ✔ switches the primary resource and deletes only the selected local resource (445.69025ms)
  ✔ restores a staged local file and rolls back resource removal when promotion fails (377.146ms)
  ✔ sets any resource as primary and promotes deterministic fallbacks after removal (446.827625ms)
  ✔ does not promote an inaccessible local resource over an available web link (370.8945ms)
  ✔ requires an explicit decision when manually removing the last resource (442.907583ms)
  ✔ never turns last-resource removal into a global deletion (489.033542ms)
  ✔ rejects every resource mutation for missing or archived media libraries (393.063375ms)
  ✔ updates only the display label of a local resource (374.989375ms)
  ✔ removes a symbolic-link resource without deleting its target file (373.887375ms)
  ✔ refuses to remove a disabled-root resource after the root path is replaced (364.037708ms)
  ✔ rejects local source deletion for every non-active root state before staging (242.955166ms)
  ✔ rejects physical source deletion when the resource has no root ownership (313.036375ms)
  ✔ skips unmanaged source files when deleting a video globally (370.853917ms)
  ✔ corrects an imported code (301.979375ms)
  ✔ persists a committed cleanup task when resource-file deletion must be retried (365.127041ms)
  ✔ revalidates the root identity before unlinking an already staged source (369.999292ms)
  ✔ does not delete resource records when the file storage cannot be audited (358.890792ms)
  ✔ adopts an interrupted prepared task when resource removal is retried (384.937209ms)
  ✔ does not adopt a prepared resource-removal task when the original path was replaced (368.46675ms)
  ✔ restores an interrupted pre-commit file staging task (363.486375ms)
  ✔ keeps a cleanup task queued while its original storage is unavailable (358.2245ms)
  ✔ finishes cleanup after a storage remount changes its device id (398.934542ms)
  ✔ retains a pre-rename prepared task when another device occupies the original path (354.0895ms)
  ✔ retains prepared state and database records when both file paths are missing (346.907958ms)
  ✔ keeps the prepared task when storage disappears during resource-removal rollback (385.714916ms)
  ✔ clears scraped metadata and relations but keeps manual tags (130.214875ms)
  ✔ corrects to an already used code without implicitly merging videos (111.004334ms)
  ✔ explicitly merges same-code videos while preserving the chosen id and primary resource (67.005ms)
  ✔ unions manual tags but keeps the retained scraped-tag field as a whole (72.315667ms)
  ✔ unions cast, playlists, sources, and ratings while preserving retained conflicts and scrape history (96.144083ms)
  ✔ merges cover, poster, and sample fields as whole sets and reclaims only unused media (109.923083ms)
  ✔ rejects a merge whose combined identity belongs to a third video (119.019667ms)
  ✔ rolls back an ordinary merge when deleting the source record fails (161.326917ms)
  ✔ rejects merging videos with different normalized codes (146.736375ms)
  ✔ uses the normal availability-aware promotion rule when neither merged video has a primary (170.26325ms)
  ✔ splits a non-primary resource into a metadata-empty pending-identity video (152.371583ms)
  ✔ blocks primary splitting and rolls back a failed non-primary split (158.072667ms)
  ✔ locks metadata while a video scrape result is pending but still allows resource splitting (115.029208ms)
  ✔ requires confirmation before correcting a pending video and clears staging atomically (113.226125ms)
  ✔ rolls back the whole edit when it would create a complete business identity conflict (113.066708ms)
  ✔ stores related links on a video and returns them on detail (102.567208ms)
  ✔ rejects invalid related links and keeps the previous list (91.797417ms)
  ✔ keeps related links when clearing scraped metadata (84.440208ms)
  ✔ allows related-link edits while a video scrape result is pending (115.3665ms)
  ✔ unions related links on merge with the retained video first (128.997208ms)
  ✔ leaves related links on the original video when splitting a resource (97.233583ms)
✔ VideoMaintenanceService (18704.576917ms)
▶ VideoQueryService
  ✔ lists videos and reads their detail without mutating library state (495.075583ms)
  ✔ redacts external resource locators in detail projections until explicitly requested (544.543208ms)
  ✔ projects a STRM source path while keeping its complete target main-process only (604.477166ms)
✔ VideoQueryService (1645.260708ms)
▶ VideoResourceLinkService
  ✔ tests a direct link and returns Content-Length when available (0.994875ms)
  ✔ returns a non-throwing failure without echoing a sensitive query (0.118333ms)
  ✔ routes checks through the hardened public HEAD transport (0.065958ms)
✔ VideoResourceLinkService (1.547958ms)
▶ videoScrapeApplyService.resolveEffectiveScrapeFields
  ✔ fillEmpty keeps only empty scalar fields (705.224792ms)
  ✔ fillEmpty evaluates female and male cast independently (713.821708ms)
  ✔ replaceIfPresent keeps all selected fields regardless of current values (865.00075ms)
  ✔ fillEmpty includes cast fields when video has no performers (910.525167ms)
✔ videoScrapeApplyService.resolveEffectiveScrapeFields (3195.777625ms)
▶ videoScrapeApplyService.planVideoScrapeResult update matrix
  ✔ title follows fillEmpty semantics for every current and scraped value state (720.118125ms)
  ✔ title follows replaceIfPresent semantics for every current and scraped value state (576.141ms)
  ✔ title follows replace semantics for every current and scraped value state (537.887625ms)
  ✔ summary follows fillEmpty semantics for every current and scraped value state (478.919083ms)
  ✔ summary follows replaceIfPresent semantics for every current and scraped value state (526.846167ms)
  ✔ summary follows replace semantics for every current and scraped value state (565.856583ms)
  ✔ cover follows fillEmpty semantics for every current and scraped value state (533.049708ms)
  ✔ cover follows replaceIfPresent semantics for every current and scraped value state (533.099708ms)
  ✔ cover follows replace semantics for every current and scraped value state (530.772375ms)
  ✔ releaseDate follows fillEmpty semantics for every current and scraped value state (521.8395ms)
  ✔ releaseDate follows replaceIfPresent semantics for every current and scraped value state (535.990084ms)
  ✔ releaseDate follows replace semantics for every current and scraped value state (553.06525ms)
  ✔ maker follows fillEmpty semantics for every current and scraped value state (467.640375ms)
  ✔ maker follows replaceIfPresent semantics for every current and scraped value state (424.536333ms)
  ✔ maker follows replace semantics for every current and scraped value state (303.15375ms)
  ✔ publisher follows fillEmpty semantics for every current and scraped value state (440.780208ms)
  ✔ publisher follows replaceIfPresent semantics for every current and scraped value state (476.763333ms)
  ✔ publisher follows replace semantics for every current and scraped value state (450.231ms)
  ✔ series follows fillEmpty semantics for every current and scraped value state (471.740375ms)
  ✔ series follows replaceIfPresent semantics for every current and scraped value state (445.868834ms)
  ✔ series follows replace semantics for every current and scraped value state (487.522084ms)
  ✔ director follows fillEmpty semantics for every current and scraped value state (488.702875ms)
  ✔ director follows replaceIfPresent semantics for every current and scraped value state (508.770708ms)
  ✔ director follows replace semantics for every current and scraped value state (502.3175ms)
  ✔ duration follows fillEmpty semantics for every current and scraped value state (473.887792ms)
  ✔ duration follows replaceIfPresent semantics for every current and scraped value state (279.0335ms)
  ✔ duration follows replace semantics for every current and scraped value state (140.473792ms)
  ✔ actressesFemale follows fillEmpty semantics for every current and scraped value state (88.615375ms)
  ✔ actressesFemale follows replaceIfPresent semantics for every current and scraped value state (83.223541ms)
  ✔ actressesFemale follows replace semantics for every current and scraped value state (91.653584ms)
  ✔ actressesMale follows fillEmpty semantics for every current and scraped value state (105.933334ms)
  ✔ actressesMale follows replaceIfPresent semantics for every current and scraped value state (117.722792ms)
  ✔ actressesMale follows replace semantics for every current and scraped value state (181.165791ms)
  ✔ tags follows fillEmpty semantics for every current and scraped value state (174.683ms)
  ✔ tags follows replaceIfPresent semantics for every current and scraped value state (175.946958ms)
  ✔ tags follows replace semantics for every current and scraped value state (174.895667ms)
  ✔ source follows fillEmpty semantics for every current and scraped value state (168.412542ms)
  ✔ source follows replaceIfPresent semantics for every current and scraped value state (120.608167ms)
  ✔ source follows replace semantics for every current and scraped value state (135.812042ms)
  ✔ rating follows fillEmpty semantics for every current and scraped value state (126.127375ms)
  ✔ rating follows replaceIfPresent semantics for every current and scraped value state (113.60125ms)
  ✔ rating follows replace semantics for every current and scraped value state (110.903333ms)
  ✔ samples follows fillEmpty semantics for every current and scraped value state (128.657209ms)
  ✔ samples follows replaceIfPresent semantics for every current and scraped value state (125.864542ms)
  ✔ samples follows replace semantics for every current and scraped value state (93.989834ms)
✔ videoScrapeApplyService.planVideoScrapeResult update matrix (15294.862291ms)
▶ videoScrapeApplyService.applyScrapeResult
  ✔ builds a read-only plan before applying field changes (66.796416ms)
  ✔ applies scalar fields consistently across the three update modes (94.583916ms)
  ✔ does not record a successful scrape when no selected field can be written (142.994708ms)
  ✔ clears only the selected source site metadata in replace mode (145.890208ms)
  ✔ preserves existing cover and warns when a returned image is unavailable (159.118875ms)
  ✔ keeps the complete old sample set when any returned sample is unavailable (172.851708ms)
  ✔ replaces selected relation sets while preserving manual tags and the other cast gender (179.794334ms)
  ✔ keeps a committed scrape successful when post-commit library cleanup fails (170.883833ms)
  ✔ does not roll back scraped tags when orphan-tag cleanup fails after commit (161.615084ms)
  ✔ reuses the unique name owner for canonically equivalent scraped cast names (172.541708ms)
  ✔ does not create or link an actress for a migrated pending cast name (186.913208ms)
  ✔ replaceIfPresent updates existing scalars when scrape has values and keeps null scrape values (189.756542ms)
  ✔ stores external stats under ratingSourceName when provided (171.780792ms)
  ✔ leaves downloaded cast avatars untouched for application-layer adoption (172.811291ms)
✔ videoScrapeApplyService.applyScrapeResult (2189.657584ms)
▶ videoScrapeApplyService classification entity resolution
  ✔ preserves entity update semantics across fillEmpty, replaceIfPresent, and replace (156.918959ms)
  ✔ matches main names, aliases, and normalized equivalents without overwriting profiles (192.626166ms)
  ✔ creates only basic entities, reuses one organization across roles, and leaves series unowned (106.684292ms)
  ✔ rolls back scalar writes and newly created entities when a classification assignment fails (108.382833ms)
  ✔ keeps the current director when its alias is one of multiple candidates without updating the video (181.85675ms)
  ✔ pauses a single scrape for director choice and applies the selected candidate on retry (176.815291ms)
  ✔ preserves an ambiguous director in batch mode while applying safe fields with an actionable warning (176.994542ms)
  ✔ reports an invalid classification name structurally while applying safe fields (157.660792ms)
  ✔ treats same-name series in different owner scopes as ambiguous and never infers an owner (197.209833ms)
✔ videoScrapeApplyService classification entity resolution (1456.055167ms)
▶ videoScrapeApplyService.resolveVideoBatchTargets
  ✔ keeps active media-library batch targets inside their membership scope (189.792166ms)
  ✔ returns no targets for an archived media-library scope while preserving global compatibility (185.694917ms)
  ✔ excludes videos that already have a pending scrape decision (158.8955ms)
  ✔ filters by videos missing any selected metadata field (173.985125ms)
  ✔ combines status and missing-field filters (161.865166ms)
  ✔ treats a stored cover path as present even when the file is unreadable (156.042916ms)
✔ videoScrapeApplyService.resolveVideoBatchTargets (1026.890625ms)
▶ videoScrapeApplyService tags emptiness
  ✔ fillEmpty ignores manual tags when deciding whether tags are empty (167.6855ms)
✔ videoScrapeApplyService tags emptiness (167.874417ms)
▶ llmSecretStore
  ✔ persists encrypted values and reports a degraded Linux-style backend (11.672875ms)
  ✔ removes a provider secret without affecting the remaining entries (32.191291ms)
  ✔ does not treat an unreadable secret path as an empty store (9.786125ms)
✔ llmSecretStore (54.170125ms)
▶ scraperServiceSecretStore
  ✔ persists an encrypted MetaTube token without exposing plaintext (20.704417ms)
  ✔ clears the token and rejects unavailable encryption (43.987792ms)
✔ scraperServiceSecretStore (65.091792ms)
▶ settingsStore avatar composition defaults
  ✔ uses the relaxed face-centered composition for settings without legacy values (22.894625ms)
  ✔ keeps legacy presets and explicit user values during migration (19.134084ms)
✔ settingsStore avatar composition defaults (42.430333ms)
▶ settingsStore video card preferences
  ✔ keeps resource type badges disabled for new and existing users by default (32.738541ms)
  ✔ preserves an explicit resource type badge preference (13.62775ms)
  ✔ defaults video cards to portrait and preserves an explicit landscape preference (21.774458ms)
✔ settingsStore video card preferences (68.327541ms)
▶ settingsStore NFO export preferences
  ✔ uses safe defaults and normalizes remembered selections without persisting overwrite (33.244333ms)
✔ settingsStore NFO export preferences (33.310667ms)
▶ settingsStore plugin developer model-turn budget
  ✔ retires the old implicit step limit instead of carrying 24 into the new setting (8.481708ms)
  ✔ defaults to unlimited and preserves an explicit zero limit (16.305625ms)
  ✔ persists a positive limit through the settings interface (15.667083ms)
  ✔ stops rewriting legacy model fields after schema v2 exists (45.221708ms)
  ✔ does not resurrect legacy model fields when the v2 document is unreadable (50.210291ms)
✔ settingsStore plugin developer model-turn budget (136.051417ms)
▶ settingsStore deferred library path cleanup
  ✔ normalizes unique non-empty roots and preserves them across cache resets (14.124042ms)
✔ settingsStore deferred library path cleanup (14.165208ms)
▶ settingsStore persistence
  ✔ does not update the cache when the settings file cannot be replaced (23.700083ms)
✔ settingsStore persistence (23.742083ms)
▶ settingsStore recovery
  ✔ backs up malformed JSON, writes defaults, and exposes one recovery notice (30.002458ms)
  ✔ does not replace a settings path that fails with an I/O error (18.693958ms)
✔ settingsStore recovery (48.773375ms)
▶ settingsStore LLM secret migration
  ✔ moves legacy API keys out of settings.json without exposing them publicly (44.06875ms)
  ✔ keeps the original plaintext file and blocks later writes when migration fails (21.470167ms)
✔ settingsStore LLM secret migration (65.759041ms)
▶ settingsStore scan cleanup defaults
  ✔ keeps automatic deletion disabled and has no summary for new and existing users (20.16175ms)
  ✔ preserves an explicit automatic deletion preference (14.115583ms)
  ✔ normalizes and sanitizes the persisted latest scan summary (13.448209ms)
  ✔ normalizes the retired unrecognized-file snapshot for migration (19.261875ms)
✔ settingsStore scan cleanup defaults (67.516167ms)
▶ settingsStore automatic scan defaults
  ✔ keeps automatic scans disabled and defaults to one hour (18.914083ms)
  ✔ accepts only supported automatic scan intervals (40.543333ms)
✔ settingsStore automatic scan defaults (59.861625ms)
▶ settingsStore retired actress scrapers
  ✔ rewrites the retired idol archive default to Xslist (14.024791ms)
  ✔ rewrites composite actress field mappings that pointed at the idol archive (17.530708ms)
✔ settingsStore retired actress scrapers (31.775666ms)
▶ settingsStore retired video scrapers
  ✔ rewrites the retired JAV8 default to JavDB (21.764958ms)
  ✔ rewrites JAV8 composite mappings and removes its delay (35.748708ms)
✔ settingsStore retired video scrapers (57.727958ms)
▶ settingsStore privacy mode
  ✔ defaults to disabled with every image scope selected (14.732291ms)
  ✔ keeps valid unique scopes and discards unknown values (18.927417ms)
  ✔ keeps samples and actress galleries independently selectable (11.905541ms)
  ✔ allows all privacy scopes to be cleared explicitly (26.82225ms)
✔ settingsStore privacy mode (72.715ms)
▶ close-to-tray setting
  ✔ defaults off and persists an explicit choice across reloads (48.192792ms)
  ✔ does not enable tray hiding from malformed legacy values (23.729375ms)
✔ close-to-tray setting (72.28475ms)
▶ Web read-only catalog scope
  ✔ rechecks image authorization after async work when hidden changes (577.25725ms)
  ✔ rechecks image authorization after async work when archived changes (659.282791ms)
  ✔ rechecks image authorization after async work when cover changes (556.128167ms)
  ✔ rechecks image authorization after async work when cast changes (391.458833ms)
  ✔ rechecks image authorization after async work when sample changes (372.409ms)
  ✔ reads only the authorized image path before and after serving, without full details (398.720875ms)
  ✔ forwards thumbnail size through the real catalog while preserving original requests (342.89775ms)
  ✔ forwards the caller signal to the async Store and drops a cancelled result (358.813708ms)
  ✔ filters archived/hidden memberships for lists, details, images, and media (402.118833ms)
  ✔ describes local resources without exposing their directory (359.854791ms)
  ✔ uses the cover rather than the background for browse, detail and image requests (382.0535ms)
  ✔ queries with parameters, paginates stably and filters clear membership scopes (1022.982208ms)
  ✔ uses stable desktop discovery and respects library home participation (874.79425ms)
  ✔ exposes cast display metadata and only serves avatars linked to visible videos (375.057708ms)
  ✔ downloads non-playable files and exposes only supported external links (440.971667ms)
  ✔ resolves only authorized files and refuses symlink escapes and disabled roots (396.142208ms)
✔ Web read-only catalog scope (7912.233541ms)
▶ Desktop-approved browser pairing
  ✔ requires an open window, a desktop decision and a separate secret, consumes only once (1.060291ms)
  ✔ expires requests, bounds polling, rejection, restart and approvals (0.156375ms)
  ✔ bounds the total pending requests (0.204625ms)
✔ Desktop-approved browser pairing (1.72725ms)
▶ Remembered browser lifecycle
  ✔ persists only remembered hashes, retains authorization over restart and revokes individual devices (366.218042ms)
✔ Remembered browser lifecycle (366.448167ms)
▶ Pairing HTTP boundary
  ✔ binds exchange to a private cookie, keeps approval desktop-only and remembers across server restarts (236.062666ms)
✔ Pairing HTTP boundary (236.294625ms)
▶ Device record recovery
  ✔ keeps valid sessions usable during activity write failures and retries persistence (359.965583ms)
  ✔ keeps disk and memory consistent after failed revoke, clear, rename and create (83.819959ms)
  ✔ resets a damaged snapshot without parsing it or retaining old authorization (38.15775ms)
  ✔ restores remaining pairing time from server and retains approval on issuance failure (0.262333ms)
✔ Device record recovery (482.370125ms)
▶ Per-device streaming revocation
  ✔ interrupts the revoked stream while another browser finishes its stream (70.256167ms)
✔ Per-device streaming revocation (70.361209ms)
✔ keeps the running service on staging failure and restores it after publish failure (138.615666ms)
✔ preserves remembered devices on runtime server errors, including failed state persistence (5.162167ms)
▶ Web authentication and streaming
  ✔ keeps image responses private and reports read queue overload as 503 (5.427625ms)
  ✔ forwards finite thumbnail sizes and rejects invalid sizes before image work (3.558875ms)
  ✔ reports oversized images as 413 without caching or a HEAD body (6.469333ms)
  ✔ rechecks an expired session after image work while the connection remains open (41.989583ms)
  ✔ cancels pending image work on logout and never sends its completed bytes (41.154375ms)
  ✔ cancels pending image work on disconnect and never sends its completed bytes (40.341041ms)
  ✔ stores salted password hashes and enforces minimum length (116.3435ms)
  ✔ requires a session for catalog, artwork, and video, with no credential data in failures (15.713083ms)
  ✔ serves brand and favicon PNGs without login with the correct MIME and bytes (10.792542ms)
  ✔ rejects bad credentials; issues HttpOnly SameSite cookies on login (82.843292ms)
  ✔ blocks cross-origin, missing-origin POSTs, DNS rebinding, and desktop mutation routes (12.8195ms)
  ✔ streams byte ranges, suffixes and HEAD; rejects invalid or multiple ranges (10.652833ms)
  ✔ downloads authenticated resources as attachments (2.463042ms)
  ✔ logout invalidates the cookie; desktop revocation invalidates all browsers (46.105916ms)
✔ Web authentication and streaming (590.4635ms)
▶ Session lifetimes and request limits
  ✔ expires idle and absolute sessions and limits attempts (0.160083ms)
  ✔ accepts only local peer ranges and handles byte-range edge cases (0.137541ms)
✔ Session lifetimes and request limits (0.345375ms)
▶ actress face scan cache
  ✔ reuses a result only while the avatar fingerprint is unchanged (0.309083ms)
  ✔ filters only cached no-face avatars and ignores missing or unscanned entries (0.589375ms)
  ✔ combines a minimal full-library manifest with current session results (0.240709ms)
✔ actress face scan cache (1.473083ms)
▶ actress face scan cache identity
  ✔ only changes when a current row has no reusable result (0.366375ms)
✔ actress face scan cache identity (0.762583ms)
▶ actress face detection outcome mapping
  ✔ maps the detector zero-face message to the no-face domain state (0.354917ms)
✔ actress face detection outcome mapping (0.678416ms)
▶ actress face scan queue
  ✔ reports total detection failure without confusing partial or empty results with failure (0.483792ms)
  ✔ reuses cached face statuses and does not invoke detection for them (0.57725ms)
  ✔ finishes the current target before honoring cancellation (0.095542ms)
  ✔ does not cache detector failures so a later run can retry them (0.098125ms)
✔ actress face scan queue (1.651875ms)
▶ actress face scan session
  ✔ notifies remounted consumers when an earlier scan finishes (0.5895ms)
✔ actress face scan session (0.924625ms)
▶ avatar auto-crop geometry
  ✔ rejects invalid boxes and clamps valid detector bounds (0.85025ms)
  ✔ merges overlapping tiled detections and preserves the strongest result (0.1015ms)
  ✔ requires an explicit choice when two faces have similar prominence (0.173ms)
  ✔ accepts mid-confidence faces only when the presence floor is used (0.049583ms)
  ✔ maps ROI landmarks back to full-image normalized coordinates (0.059833ms)
  ✔ uses the hair component attached to the face for visible head bounds (0.96275ms)
✔ avatar auto-crop geometry (2.60825ms)
✔ requests CORS before loading a media avatar so its bitmap can cross the Worker boundary (0.47ms)
✔ keeps only recent log previews after 100000 entries while counting omissions (19.591375ms)
✔ bounds oversized fields without splitting surrogate pairs or mutating prior state (0.114834ms)
▶ avatar composition preview cache
  ✔ persists and restores the complete normalized face analysis (0.641208ms)
✔ avatar composition preview cache (0.94625ms)
▶ ActressAvatarEditor
  ✔ keeps rendering when the current avatar enters crop editing (64.596875ms)
  ✔ keeps rendering when a legacy avatar without its original enters crop editing (14.842417ms)
✔ ActressAvatarEditor (79.95375ms)
✔ pages associated covers without loading an actress detail or accumulating tiles (8.90275ms)
✔ does not replace a user-selected source tab when the first cover page arrives late (1.461667ms)
✔ pages photo sources with global labels and retries without fetching complete metadata (7.300875ms)
✔ keeps local selection when the user opens a file picker before photos arrive (1.655416ms)
▶ ActressDeleteModal confirmation model
  ✔ uses ordinary deletion only when the current impact has no video links (0.684167ms)
  ✔ requires the dedicated acknowledgement action and explains resource preservation (0.094292ms)
  ✔ does not let the dedicated high-risk action bypass the safe path (0.050667ms)
✔ ActressDeleteModal confirmation model (1.436083ms)
✔ bounds grid and preview windows, crosses both page edges and preserves one history entry (220.9045ms)
✔ retains the current photo on page failure, retries, and discards a response after close (35.297416ms)
✔ refreshes by stable ID after reorder and closes a removed preview without selecting its replacement (45.923958ms)
✔ deletes the last photo on a page and refreshes imported photos through the actual panel callbacks (35.804042ms)
▶ ActressProfileMeta scrape record
  ✔ hides scrape record for successful actresses and keeps attention states (1.210834ms)
  ✔ offers the manual success mark only for unscraped and failed records (0.077792ms)
✔ ActressProfileMeta scrape record (1.877208ms)
▶ Button
  ✔ loads its CSS Module and preserves native button semantics (3.111292ms)
✔ Button (3.425042ms)
▶ ClassificationDeleteModal
  ✔ shows associated video and child impacts before confirming deletion (9.003584ms)
  ✔ allows a zero-impact deletion and keeps a failed confirmation open with refreshed impact (4.65275ms)
  ✔ does not report or re-preview a completed deletion when page cleanup fails (1.251ms)
✔ ClassificationDeleteModal (15.519917ms)
✔ loads only the video source and retains the chosen original across 60/60/5 and error retry (147.843333ms)
✔ clamps a shrunken last page and ignores a response after an entity switch (5.866208ms)
✔ does not close or refresh a new entity editor when an old save settles (3.117667ms)
✔ does not replace a chosen video cover with a late URL preview after switching sources (3.895833ms)
▶ classification picker
  ✔ keeps candidates hidden until the field is used (3.535625ms)
  ✔ shows candidates once the user types (1.271792ms)
  ✔ walks candidates with the arrow keys and commits with Enter (0.985292ms)
  ✔ shows candidates once the field is focused (0.579583ms)
  ✔ shows candidates on focus even when the field is empty (0.28625ms)
  ✔ does not commit a candidate with Enter until one is active (0.2145ms)
  ✔ closes candidates on Escape without letting the dialog see the key (0.233584ms)
  ✔ closes candidates when focus leaves the field (0.276042ms)
  ✔ keeps candidates open when the pointer is in the list (0.416334ms)
  ✔ closes candidates after picking one with the pointer (0.238417ms)
  ✔ hides the create hint when the typed name already exists (0.216375ms)
✔ classification picker (8.778334ms)
▶ video detail library context layout
  ✔ shares the compact detail header row with the back action (4.213667ms)
  ✔ keeps membership badges on one bounded line (0.998958ms)
✔ video detail library context layout (5.73775ms)
▶ DirectorScrapeChoiceModal
  ✔ requires an explicit candidate and submits its stable director id (4.982459ms)
✔ DirectorScrapeChoiceModal (5.285625ms)
▶ DisplayModeProvider
  ✔ loads and exposes the application-wide cover mode (19.698917ms)
✔ DisplayModeProvider (20.122083ms)
▶ form hint styles
  ✔ keeps entity-edit and settings field hints muted and caption-sized (3.545666ms)
  ✔ routes entity-edit helper copy through EditFormField instead of a bare hint class (0.902041ms)
✔ form hint styles (4.924834ms)
▶ image preview history marker
  ✔ preserves router state when adding a unique preview marker (0.8455ms)
  ✔ reads only valid image preview markers (0.081417ms)
✔ image preview history marker (1.355708ms)
✔ uses a 320 thumbnail for actress cards (132.504208ms)
✔ uses thumbnails for local video gallery tiles and original preview sources (97.778417ms)
✔ uses thumbnails for local actress gallery tiles and original preview sources (3.201833ms)
▶ LegacyLibraryRedirect
  ✔ preserves the settings return context while replacing a legacy video URL (69.843584ms)
✔ LegacyLibraryRedirect (70.323959ms)
▶ MediaLibraryCreateModal
  ✔ validates in place and exposes a keyboard-submit four-step flow (178.551333ms)
  ✔ deduplicates selected roots, submits independent config, and returns root errors to their step (5.789959ms)
✔ MediaLibraryCreateModal (184.787125ms)
▶ MediaLibraryCreateModal control style
  ✔ keeps all workflow steps at one viewport-safe dialog height (4.158291ms)
  ✔ reserves a visible gutter for the left edge of the focus ring (0.749042ms)
✔ MediaLibraryCreateModal control style (5.280209ms)
▶ MediaLibraryNav name style
  ✔ keeps visible library names on one ellipsized line (3.240458ms)
  ✔ presents media libraries as one compact navigation surface (0.699958ms)
  ✔ keeps global navigation unlabeled in the visible sidebar (0.26625ms)
✔ MediaLibraryNav name style (4.612334ms)
✔ pages40 candidates and preserves selection and name plan across pages and search (618.5655ms)
✔ retries page failures without losing the selected merge plan (93.407541ms)
✔ ignores old page responses while a changed search is debouncing (418.657125ms)
✔ locks a captured merge against duplicate submission and retains plan on failure (160.124791ms)
✔ resets session on keep identity change and ignores old page and merge completion (154.848125ms)
✔ resets the name plan only when choosing a different merge candidate or clearing selection (90.470959ms)
▶ OrganizationDeleteModal
  ✔ previews and removes only the selected role (10.30925ms)
  ✔ blocks removing the final role and directs the user to full deletion (3.409167ms)
  ✔ shows both role counts and hierarchy impacts for a full deletion (1.116541ms)
✔ OrganizationDeleteModal (15.285ms)
▶ OrganizationMergeModal interaction
  ✔ selects a cross-role source and submits the explicit source-to-target direction (133.874541ms)
  ✔ keeps the modal open and shows an actionable error when the merge is rejected (15.179833ms)
✔ OrganizationMergeModal interaction (149.485541ms)
▶ recent text input style contract
  ✔ uses the shared text-input treatment for every recent text-like input (1.869125ms)
✔ recent text input style contract (2.18525ms)
▶ Switch
  ✔ loads its CSS Module and preserves native checkbox semantics (2.743375ms)
✔ Switch (3.093125ms)
✔ loads on open only, pages without full catalog reads and preserves cross-page selection (51.646875ms)
✔ debounces and resets search, rejecting stale page/search responses (272.9775ms)
✔ shows failure with explicit retry and enforces 100 selections while allowing removal (1.466125ms)
✔ unmounts candidates with the actual parent popover and ignores late responses on reopen (2.312125ms)
▶ VideoDeleteImpact
  ✔ shows every affected domain without a duplicate source-file section (2.092708ms)
  ✔ names the current library when previewing a membership removal (0.204ms)
✔ VideoDeleteImpact (2.642958ms)
▶ video primary metadata classification navigation
  ✔ dispatches entity-backed organizations by stable id (0.808708ms)
  ✔ does not expose a name-only organization route (0.049875ms)
  ✔ uses only the stable director id (0.056125ms)
  ✔ uses only the stable series id (0.055917ms)
✔ video primary metadata classification navigation (1.346292ms)
▶ video detail resource actions
  ✔ shows copy and external-open actions instead of play for link resources (4.346333ms)
  ✔ keeps the play action for local resources (0.540708ms)
  ✔ shows actual link kind, STRM hosting, masked target, and source path together (1.172791ms)
  ✔ exposes the cross-library move command for both links and root-managed resources (1.816958ms)
✔ video detail resource actions (8.475709ms)
▶ VideoLibraryMembershipBadges
  ✔ puts the active resource scope first and names the other memberships accessibly (3.188958ms)
  ✔ bounds the visible badges and exposes hidden library names in the overflow title (0.386417ms)
✔ VideoLibraryMembershipBadges (3.917791ms)
▶ VideoResourceImportModal
  ✔ keeps a STRM target read-only while allowing metadata edits and HTTP checks (125.334917ms)
✔ VideoResourceImportModal (125.766625ms)
✔ loads only on open, renders at most one page, and selects an existing tag by ID (14.615625ms)
✔ debounces search, resets the page, and discards earlier search responses (546.978958ms)
✔ shows errors with retry and discards closed-modal results before reopening (1.735375ms)
✔ creates from the full draft and prevents an old write completion from closing another video modal (1.739584ms)
✔ refreshes stale candidates after a failed selection without retrying the write (1.658916ms)
✔ does not inherit an open picker or issue a hidden request when switching videos (1.005208ms)
▶ actress virtual grid layout
  ✔ derives responsive columns without shrinking cards below their minimum width (0.333209ms)
  ✔ places load state on a dedicated row after an incomplete item row (0.505375ms)
✔ actress virtual grid layout (1.228125ms)
▶ AgentMetadataActivityFeed
  ✔ keeps live model thinking open and shows semantic actions (5.828458ms)
  ✔ collapses completed thinking into an expandable preview (1.629375ms)
  ✔ moves a finished live thought back into collapsed history (0.822625ms)
  ✔ caps the thinking box height and still shows the full streamed text (3.427292ms)
✔ AgentMetadataActivityFeed (12.139208ms)
▶ Agent metadata collector intro
  ✔ explains how this flow differs from regular matching (0.548417ms)
  ✔ keeps the setup steps compact and muted (3.976541ms)
✔ Agent metadata collector intro (5.115ms)
▶ alias editor state
  ✔ promotes an alias to main name and keeps the previous main as an alias (0.795083ms)
  ✔ does not duplicate the previous main name when it is already an alias (0.053959ms)
✔ alias editor state (1.171125ms)
▶ classification image interaction state
  ✔ distinguishes formal images from dynamic fallback images (0.738083ms)
  ✔ builds explicit file, URL, and video-cover commands (0.07475ms)
✔ classification image interaction state (1.148208ms)
▶ classification merge interaction state
  ✔ keeps the selected source identity when refreshed candidates reorder (0.771834ms)
  ✔ keeps a selected source through a narrower search and rejects invalid commands (0.05325ms)
✔ classification merge interaction state (1.16675ms)
▶ classification picker state
  ✔ stays closed until the user asks for candidates (0.799792ms)
  ✔ hides candidates when the result set is empty (0.059708ms)
  ✔ opens on arrow navigation and wraps around the candidate list (0.051083ms)
  ✔ never navigates into an empty candidate list (0.033417ms)
  ✔ drops the active candidate when typing or when the result set shrinks (0.03775ms)
  ✔ closes on dismiss (0.034625ms)
  ✔ hides the create hint when the query already names an existing option (0.037958ms)
✔ classification picker state (1.432834ms)
▶ director form state
  ✔ defaults to preserving a changed main name and converts profile fields (0.927625ms)
✔ director form state (1.225166ms)
▶ director picker state
  ✔ keeps typed same-name input as an explicit inline-create request (0.744291ms)
  ✔ shows stable candidate differences rather than silently choosing by name (0.080375ms)
✔ director picker state (1.190542ms)
▶ image preview swipe gesture
  ✔ switches to the previous image when dragging right past the threshold (0.327334ms)
  ✔ switches to the next image when dragging left past the threshold (0.052042ms)
  ✔ ignores clicks, short drags, and vertical drags (0.050083ms)
  ✔ distinguishes a drag from a click even when movement is vertical (0.05625ms)
✔ image preview swipe gesture (0.863541ms)
▶ mediaLibraryIdentityStyle
  ✔ maps every domain color to one semantic CSS custom property (0.916791ms)
  ✔ keeps the established palette mapping stable (0.062ms)
✔ mediaLibraryIdentityStyle (1.400833ms)
▶ organization form state
  ✔ defaults to preserving the previous main name while retaining ordered aliases and links (0.8645ms)
  ✔ moves links without mutating the current form state (0.072375ms)
  ✔ retains a selected parent while search results change (0.099917ms)
✔ organization form state (1.400375ms)
▶ organization merge presentation
  ✔ shows cross-role candidate statistics without collapsing the two roles (0.333417ms)
  ✔ reports each transferred relation after a successful merge (0.0625ms)
✔ organization merge presentation (0.747166ms)
▶ organization picker state
  ✔ resolves main names and aliases to stable ids (1.270375ms)
  ✔ uses unmatched text as an explicit inline create request (0.066042ms)
  ✔ uses an empty value to remove the organization relation (0.064833ms)
  ✔ describes candidates by stable id, roles, and aliases (0.075542ms)
✔ organization picker state (1.874875ms)
▶ PlaylistImportProvider workspace
  ✔ uses the Agent scrape two-pane workspace with live activity and result preview (1.518292ms)
  ✔ offers one confirmed termination action in running and waiting-user footers (0.197833ms)
  ✔ closes the import workspace after the host confirms task termination (0.128792ms)
  ✔ closes only through the actions rendered inside the import dialog (0.096667ms)
  ✔ closes the import dialog before navigating to the imported playlist (0.150834ms)
  ✔ offers frozen write options with source-playlist linking disabled by default (0.20075ms)
  ✔ selects the active default media library when opening the importer (0.109416ms)
  ✔ explains the Agent name and host-date fallback for an empty new-playlist name (0.101458ms)
  ✔ invalidates global video projections and discards stale identity choices (0.121125ms)
  ✔ broadcasts completion so recovered imports refresh mounted playlist surfaces (2.390375ms)
  ✔ renders the complete release summary instead of only aggregate reuse counts (0.166333ms)
  ✔ keeps preview rows dense and long text truncation stable (2.718708ms)
  ✔ shows enough candidate identity evidence and opens links through the app shell (0.747583ms)
✔ PlaylistImportProvider workspace (9.375458ms)
▶ PluginDevConfigRail ready actions
  ✔ makes Install primary and disables empty continuation until feedback is entered (6.605833ms)
✔ PluginDevConfigRail ready actions (7.036625ms)
▶ PluginDevConversation history controls
  ✔ presents a ready settlement as normal state and requires feedback to continue (4.373542ms)
  ✔ renders model reasoning as a quiet collapsed diagnostic block (10.380542ms)
  ✔ keeps live reasoning open and marks the answer as streaming (2.88625ms)
  ✔ renders agent answers as markdown (2.494917ms)
  ✔ renders compact context metrics with the cache-hit ratio (0.662958ms)
  ✔ exposes an explicit clear-session action for a restored historical run (0.4985ms)
  ✔ keeps typed choice, browser challenge and freeform requests as distinct controls (1.557709ms)
✔ PluginDevConversation history controls (23.339417ms)
✔ pages40/40/21, resolves full names and retains selected long identities when returning (265.989958ms)
✔ retries page failures and isolates a stale page during raw search debounce (388.960667ms)
✔ ignores choice completion after search or close and suppresses same-tick duplicate clicks (388.181791ms)
✔ reports missing or unrepresentable names without adding incorrect targets (72.852416ms)
✔ enforces existing eight-target limit and preserves video query behavior after kind switch (53.909292ms)
✔ recognizes existing long targets on a fresh mount without confusing a common preview prefix (60.744167ms)
✔ ignores a held actress choice after switching to video (68.423458ms)
✔ bounds long-label reconciliation concurrency and stops scheduling after kind switch (33.932042ms)
✔ retries failed long-label selection reconciliation (40.031125ms)
✔ guides a configured model user to the missing website, then enables development (258.83325ms)
✔ keeps the actual model readiness reason when a named model cannot run (3.163917ms)
▶ PluginDevResultPanel manifest coverage
  ✔ separates actionable field ids from runtime-only information (3.699833ms)
  ✔ renders each exact-match candidate when the plugin returns an array (1.1405ms)
  ✔ labels a targeted execution as a local diagnostic even when the saved full run is ready (0.406791ms)
  ✔ explains null and empty array plugin returns instead of hiding the section (0.250792ms)
✔ PluginDevResultPanel manifest coverage (6.019709ms)
▶ plugin dev Agent UI state
  ✔ requires feedback before continuing a mechanically ready Agent (0.418333ms)
  ✔ presents a normal Agent settlement without an error toast (0.523458ms)
  ✔ coalesces streaming reasoning and answer into their final model-turn items (0.304833ms)
  ✔ enables the existing Install button only for a current mechanical acceptance (0.061917ms)
  ✔ allows clearing restored history only when its Agent is not running or busy (0.045958ms)
  ✔ auto-applies only unfinished history and leaves terminal editor state untouched (0.062084ms)
  ✔ keeps non-debuggable built-ins out of the plugin-development selector (3.85375ms)
  ✔ does not treat a loaded built-in fork as the already-selected new-plugin option (0.072416ms)
  ✔ rejects session B events while continuing session A (0.066791ms)
  ✔ binds an unbound start once and rejects later events from another session (0.066334ms)
  ✔ invalidates a snapshot after any newer live mutation (0.058458ms)
  ✔ releases restored busy state on settle but keeps a local API dispatch busy (0.055458ms)
  ✔ projects live workspace drafts from package_updated, not terminal done (0.037209ms)
  ✔ blocks ordinary messages until the exact pending approval is decided (0.047708ms)
  ✔ does not dispatch a stale approval after the request disappeared (0.032292ms)
✔ plugin dev Agent UI state (6.221791ms)
▶ series form state
  ✔ defaults a rename to retaining the previous main name (0.341666ms)
  ✔ trims text and converts optional numeric selections (0.532375ms)
✔ series form state (1.210167ms)
▶ series picker state
  ✔ keeps typed creation separate from selecting an existing stable identity (1.10025ms)
  ✔ always distinguishes same-name candidates by stable id and owner scope (0.123583ms)
✔ series picker state (1.585083ms)
✔ shows bounded log preview with explicit omission notice and full task counters (14.283375ms)
✔ applies supported fields, preserves other mappings, allows overrides and only persists on save (11.653083ms)
✔ rejects unavailable saved sources and keeps missing references visible for repair (0.87725ms)
✔ excludes nested and other-kind plugins and prevents applying unconfigured sources (0.6055ms)
✔ uses video field capabilities for bulk assignment (0.8675ms)
✔ uses server totals/offset, 100/100/5 rows, browser locale and current-page presence (32.641167ms)
✔ hides rows during loading/error and waits for refreshed header before retrying current props (3.20125ms)
✔ isolates old retry resolve across library A → B → A (1.50475ms)
✔ isolates old retry reject across library A → B → A (1.382084ms)
✔ debounces 200ms, hides rows immediately, and rejects search ABA and library ABA responses (626.116625ms)
✔ cancels a search timer on library change and unmount; filters reset offset and use the server (523.993625ms)
✔ resolves unrecognized once through header refresh and refetches the current page (3.670917ms)
✔ renders missing-body notice alongside cached rows and never calls it a filtered empty page (1.601625ms)
✔ anchors all → failed by path, honors returned page and safely focuses exact DOM anchor (14.719667ms)
✔ anchors all → failed by group, honors returned page and safely focuses exact DOM anchor (14.432084ms)
✔ waits for delayed header props after refresh promise resolves (run) (33.446584ms)
✔ waits for delayed header props after refresh promise resolves (next) (33.490125ms)
✔ shows refresh errors with retry and allows a new library to proceed (1.590791ms)
✔ held anchor response respects user focus: origin (22.830209ms)
✔ held anchor response respects user focus: body (23.639792ms)
✔ held anchor response respects user focus: documentElement (25.494ms)
✔ held anchor response respects user focus: input (43.504541ms)
✔ held anchor response respects user focus: toolbar (44.948542ms)
✔ keeps the actual anchored page when resolving its target, clears anchor and accepts server clamp (2.392333ms)
✔ late resolution from an old row cannot reset the user’s newer page (2.019708ms)
✔ late resolution from library A cannot replace B or a new A page state (3.227042ms)
▶ LibraryScanAuditPanel
  ✔ defaults to the attention tab even when the latest scan has no issues (203.285583ms)
  ✔ keeps cached unrecognized files visible with their root-scoped resolution controls (3.073292ms)
  ✔ does not describe current scan failures as resolved (1.599417ms)
  ✔ offers a processing jump for cached unrecognized rows in the all-files tab (2.690416ms)
  ✔ shows an NFO identity conflict as a secondary scan disposition and opens the pending center (1.694291ms)
  ✔ routes a current NFO candidate to its scrape pending item (1.534292ms)
  ✔ shows historical NFO pending dispositions as resolved when their current rows are gone (1.166709ms)
  ✔ keeps the attention badge equal to the visible list when only an NFO warning exists (0.886167ms)
✔ LibraryScanAuditPanel (216.475708ms)
✔ limits a large failed audit to100 visible rows and queries only their pending IDs (20.849208ms)
✔ routes all three kinds from one mixed pending presence response (1.605625ms)
✔ keeps a stable audit anchor when a historical group is no longer pending (0.870041ms)
▶ MetaTube plugin settings
  ✔ shows pending status and blocks setting an unconfigured plugin as default (3.638083ms)
  ✔ keeps a blank token and supports explicit token clearing (3.5405ms)
  ✔ requires confirmation before saving a token over remote HTTP (2.533833ms)
  ✔ tests the current draft without changing the token mode (3.989708ms)
✔ MetaTube plugin settings (14.125875ms)
▶ Model management v2 panels
  ✔ keeps workload edits local until the explicit save action (10.342709ms)
  ✔ shows configured providers first and keeps unconfigured built-ins collapsed (0.8635ms)
  ✔ limits the default advanced view to models referenced by workloads (7.475875ms)
✔ Model management v2 panels (19.165667ms)
✔ saves proxy address and mode only on explicit commit; testing stays independent (210.013083ms)
▶ NFO export foreground modal
  ✔ vetoes full-page unload while the foreground modal is active (191.707958ms)
  ✔ is an aria-modal task surface with an explicit terminate action and no dismiss action (6.530542ms)
  ✔ keeps the terminal report open until the user confirms it (1.095583ms)
  ✔ renders a returned plan and enters blocking state before foreground execution (9.593167ms)
  ✔ discards a plan that returns after the storage panel has unmounted (1.654208ms)
  ✔ terminates an export whose start result returns after unmount (1.479167ms)
✔ NFO export foreground modal (212.638917ms)
▶ NFO export preview details
  ✔ counts only new and replaced artwork in the writing breakdown (0.65075ms)
  ✔ distinguishes stopped, partial and empty reports and exposes stop errors in the dialog (0.970792ms)
  ✔ mounts only the opened page of a large warning list and keeps every warning reachable (2.676417ms)
✔ NFO export preview details (4.390708ms)
▶ SettingsPrimitives
  ✔ retains an invalid value with an accessible error instead of silently clamping it (4.4975ms)
  ✔ keeps a multi-digit number local until the edit is committed (1.125375ms)
  ✔ supports keyboard activation of increment and does not treat empty input as zero (0.883ms)
  ✔ renders a semantic card without losing its accessible name (0.462541ms)
  ✔ exposes status as data rather than a behavior-bearing class name (0.3215ms)
✔ SettingsPrimitives (7.856834ms)
✔ renames with no manual code or target and refreshes the pending row after failed recognition (123.759041ms)
✔ retries a failed service with saved configuration, and prevents submitting unsaved drafts via retry (3349.15525ms)
▶ library scan audit row layout
  ✔ uses compact rows only when the skipped tab also uses compact virtual slots (0.342583ms)
  ✔ keeps the variable-height attention list out of fixed-size virtualization (0.070667ms)
  ✔ keeps CSS row geometry aligned with virtual item sizes (0.412875ms)
✔ library scan audit row layout (1.231375ms)
▶ video resource card badges
  ✔ keeps primary-first order, deduplicates kinds, and limits visible labels to two (0.925542ms)
  ✔ returns no card decoration when a video has no resources (0.062083ms)
  ✔ shares full resource labels across detail and filter surfaces (0.057ms)
✔ video resource card badges (1.450209ms)
▶ video resource import form
  ✔ shares auto detection, normalization, and size conversion across entry points (1.097416ms)
  ✔ auto-detects Magnet and keeps its protocol-derived default name (0.185292ms)
  ✔ treats blank matching input as absent without invoking strict code validation (0.063083ms)
✔ video resource import form (1.728084ms)
▶ video resource import layout
  ✔ gives the size value the fluid column and keeps its unit compact (6.446417ms)
✔ video resource import layout (6.959958ms)
▶ shared workbench primitives
  ✔ composes feature classes without replacing the neutral structure (1.476125ms)
  ✔ connects tabs to their panels with a single keyboard tab stop (0.43825ms)
✔ shared workbench primitives (2.35075ms)
✔ counts avatars through the scalar API without loading targets and propagates failures (27.726209ms)
✔ consumes pages on demand and stops safely across page failure, cancellation and unmount (62.178541ms)
✔ serializes startup before target loading and releases ownership on empty, failed or unmounted startup (45.839459ms)
▶ isBatchScrapeActive
  ✔ treats only running and paused batches as active (0.3325ms)
✔ isBatchScrapeActive (0.647375ms)
▶ poster grid row height
  ✔ reserves the complete membership strip without changing ordinary library rows (0.35775ms)
✔ poster grid row height (0.714042ms)
▶ facet route contracts
  ✔ only permits each entity detail under its matching facet (0.313292ms)
✔ facet route contracts (0.61425ms)
▶ global search shortcut
  ✔ accepts Cmd/Ctrl+K and rejects unrelated key combinations (0.325375ms)
  ✔ focuses and selects the Home input after two render frames (0.544375ms)
✔ global search shortcut (1.217458ms)
▶ useLatestAsyncLabel
  ✔ ignores an older request that finishes after the latest request (6.944292ms)
✔ useLatestAsyncLabel (7.512375ms)
✔ does not load hidden scan history, including manual refresh and invalidation, and releases completed data (59.952417ms)
✔ discards pending results after leaving and re-entering or switching libraries (33.091083ms)
✔ exposes history load errors and retries without treating failure as an empty history (22.327708ms)
✔ advances page refresh revision even when the returned header is unchanged (23.553584ms)
✔ retries a failed page through the real header controller without issuing the old run again (204.922917ms)
▶ media-library scan event scope
  ✔ accepts only the current library and, once known, the current run (0.30575ms)
✔ media-library scan event scope (0.606583ms)
✔ sends no empty lookup, deduplicates IDs and rejects a stale page response (10.862958ms)
✔ distinguishes a failed lookup from processed items and retries the same page (1.205083ms)
✔ does not reuse old ready state when a page is revisited before another lookup finishes (1.027042ms)
✔ does not fetch empty/inactive selections and resolves only unique selected IDs (7.511458ms)
✔ ignores responses for previous filters and refreshes on returning from detail (1.588334ms)
✔ does not loop on a rejected lookup and discards in-flight results after deactivation (0.933625ms)
▶ isLibraryListSurfacePath
  ✔ matches list roots only (0.676292ms)
  ✔ does not match detail or stack routes (0.150333ms)
✔ isLibraryListSurfacePath (1.391458ms)
▶ shouldRefetchLibraryOnRouteChange
  ✔ refetches when entering a list root from outside (0.103541ms)
  ✔ does not refetch when opening detail stacks or hopping between list roots (0.067209ms)
✔ shouldRefetchLibraryOnRouteChange (0.232166ms)
▶ global search URL state
  ✔ normalizes positive media-library ids in stable order (0.840625ms)
  ✔ canonicalizes owned state without stripping detail-only lib (0.165916ms)
  ✔ builds an explicit, paged cross-library search input and identity (0.125334ms)
✔ global search URL state (1.51ms)
▶ library resource filter URL contract
  ✔ parses valid unique values in canonical order and ignores invalid values (0.856541ms)
  ✔ omits the default all-resources state and canonicalizes copied URLs (0.232ms)
  ✔ removes a resource parameter containing only invalid values (0.057875ms)
  ✔ includes applied resource filters in the query and scroll-memory hash (0.109375ms)
  ✔ keeps pending scrape as an independent canonical filter dimension (0.068125ms)
  ✔ resolves omitted sort state from each media library configuration (0.090083ms)
✔ library resource filter URL contract (1.831709ms)
▶ multi-library route builders and parsers
  ✔ round-trips the home video detail stack (1.698083ms)
  ✔ round-trips the global-search video detail stack (0.179125ms)
  ✔ round-trips media-library list, detail, nested actress and settings routes (0.589584ms)
  ✔ rejects malformed, non-positive, fractional and unsafe route ids (0.309083ms)
  ✔ accepts digit-only positive ids and builders emit their canonical form (0.069334ms)
✔ multi-library route builders and parsers (3.25475ms)
▶ detail-only active-library query contract
  ✔ parses only positive safe-integer library ids (0.111792ms)
  ✔ canonicalizes the first lib value without changing other list query state (0.116ms)
  ✔ sets, replaces and strips the detail-only library parameter immutably (0.072833ms)
  ✔ derives a single detail context and gives a library path precedence over lib (0.182333ms)
  ✔ keeps lib only where the route needs query-owned detail scope (0.159792ms)
  ✔ respects a valid legacy lib hint and falls back when that membership is unavailable (0.194625ms)
✔ detail-only active-library query contract (0.953ms)
▶ recent media-library memory
  ✔ stores only positive safe library ids and ignores malformed persisted state (0.636792ms)
✔ recent media-library memory (0.9445ms)
▶ route builders and parsers
  ✔ round-trips library detail stacks (1.657416ms)
  ✔ round-trips actress detail stacks (0.310833ms)
  ✔ round-trips playlist and classification entity detail stacks (0.455375ms)
  ✔ rejects malformed detail ids (0.187583ms)
  ✔ builds pending-center locations without page-level query concatenation (0.492292ms)
✔ route builders and parsers (3.671625ms)
▶ classification list query contract
  ✔ accepts only video count and update time sorting with video count descending by default (0.075041ms)
  ✔ includes organization search and sorting in the shareable query identity (0.148ms)
  ✔ keeps series release sorting separate from classification-list sorting (0.171ms)
✔ classification list query contract (0.509167ms)
▶ actress avatar filter query contract
  ✔ normalizes avatar filter values and omits the all default (0.105958ms)
  ✔ returns to the actress list without losing its query state (0.118333ms)
  ✔ keeps avatar filters distinct in the actress query hash (0.14475ms)
✔ actress avatar filter query contract (0.432042ms)
▶ actress status filter query contract
  ✔ parses the canonical status values and treats anything else as all (0.0575ms)
  ✔ omits the param for all and writes the canonical value otherwise (0.07825ms)
  ✔ includes status in the list query identity and ignores invalid values (0.033959ms)
  ✔ keeps search, gender and sort identity while only the status changes (0.085792ms)
  ✔ round-trips the status query through actress detail and back (0.085541ms)
  ✔ remembers the actress status filter across primary navigation (0.441667ms)
✔ actress status filter query contract (0.839917ms)
▶ primary navigation memory
  ✔ restores query state per list and removes unrelated nested query keys (0.319875ms)
  ✔ persists search only when leaving a list root (0.141042ms)
  ✔ forgets a root so cross-nav no longer restores it (0.039958ms)
  ✔ resolves same-section vs cross-section sidebar targets (0.11775ms)
  ✔ builds nav link href from current search when active (0.091834ms)
✔ primary navigation memory (0.751125ms)
▶ navigation helpers
  ✔ removes playlist-detail resource filters when returning to the playlist list (0.075042ms)
  ✔ keeps home, search and media-library detail stacks scoped and reversible (0.525875ms)
  ✔ closes nested actress details back to their parent video context (0.342958ms)
  ✔ keeps stable series identity and release direction through its detail stack (0.100042ms)
  ✔ keeps director identity and query state through its stable detail stack (0.078542ms)
  ✔ opens an organization by stable id while preserving its role-list query (0.0715ms)
  ✔ keeps classification query only inside the same classification stack (0.06175ms)
  ✔ keeps video and actress navigation inside the stable organization stack (0.096583ms)
  ✔ keeps video and actress navigation inside the pending workbench stack (0.078ms)
  ✔ opens actress detail from the pending inbox and returns to it (0.054ms)
✔ navigation helpers (1.558292ms)
▶ settings route contract
  ✔ builds canonical settings paths and resolves valid sections (0.168208ms)
✔ settings route contract (0.188917ms)
▶ media-library settings state
  ✔ builds a trimmed create command, deduplicates roots and still allows an empty library (0.889583ms)
  ✔ builds minimal identity and section-scoped config patches (0.21775ms)
  ✔ normalizes an empty scraper and validates numeric scan boundaries (0.058958ms)
  ✔ gates destructive lifecycle commands (0.066166ms)
  ✔ allows cleanup-only scans but rejects a library with no work (0.050667ms)
  ✔ routes every root-owned record through cleanup before direct deletion (0.045083ms)
  ✔ reports partial root additions explicitly (0.035625ms)
  ✔ shows a terminal query error even before form drafts exist (0.037541ms)
✔ media-library settings state (1.834458ms)
✔ loads metadata once while paging 60/60/5 works and preserving the full count (421.511917ms)
✔ retries page errors, clamps a removed last page, and rejects late actor results (7.952459ms)
✔ does not invalidate the new actor metadata when the old editor save settles late (9.128125ms)
✔ retains an open merge plan and its full count while the visible works refresh (9.652083ms)
✔ does not reuse the prior actor page when an intervening actor request is still pending (5.352ms)
▶ series real list page
  ✔ renders 60/60/5 with server total and bounded page cache (1263.431041ms)
  ✔ clears old cards while loading and supports failed-page retry (39.887667ms)
  ✔ clamps a shrinking total to its last page, including zero (49.609125ms)
  ✔ resets search/sort to page one and rejects late search data (834.717666ms)
  ✔ invalidates uncommitted input across A → B → A history navigation (306.632542ms)
  ✔ invalidates pending input when opening detail without changing search (620.293292ms)
  ✔ retains page, active observer and scroll through nested detail and return (16.854834ms)
✔ series real list page (3209.294792ms)
▶ maker real list page
  ✔ renders 60/60/5 with server total and bounded page cache (1243.699833ms)
  ✔ clears old cards while loading and supports failed-page retry (41.448166ms)
  ✔ clamps a shrinking total to its last page, including zero (63.776791ms)
  ✔ resets search/sort to page one and rejects late search data (834.776833ms)
  ✔ invalidates uncommitted input across A → B → A history navigation (321.848375ms)
  ✔ invalidates pending input when opening detail without changing search (627.874125ms)
  ✔ retains page, active observer and scroll through nested detail and return (24.117667ms)
✔ maker real list page (3158.387667ms)
▶ director real list page
  ✔ renders 60/60/5 with server total and bounded page cache (1306.013834ms)
  ✔ clears old cards while loading and supports failed-page retry (28.548291ms)
  ✔ clamps a shrinking total to its last page, including zero (62.714791ms)
  ✔ resets search/sort to page one and rejects late search data (850.246584ms)
  ✔ invalidates uncommitted input across A → B → A history navigation (323.908458ms)
  ✔ invalidates pending input when opening detail without changing search (628.812875ms)
  ✔ retains page, active observer and scroll through nested detail and return (12.225417ms)
✔ director real list page (3213.293917ms)
✔ organization role change discards old filters and pending search (320.419459ms)
✔ normalizes URL offsets safely and keys distinct pages (16.388625ms)
▶ video detail section order
  ✔ renders a titled related-links section after video resources (0.591667ms)
✔ video detail section order (1.113333ms)
▶ HomePage
  ✔ searches in place while typing and restores discovery when cleared (844.481084ms)
  ✔ keeps discovery stable through refreshes and remounts until replaced (14.324917ms)
✔ HomePage (859.221208ms)
▶ HomePage search layout
  ✔ reserves shared toolbar-search padding for the icon and keyboard shortcut (2.327875ms)
  ✔ centers the search icon inside the shared input control (0.311834ms)
  ✔ keeps the keyboard shortcut on the same vertical center line (0.463833ms)
✔ HomePage search layout (3.807666ms)
✔ uses the shared switch for home discovery and keeps changes in the settings draft (221.343875ms)
▶ MediaLibrarySettingsPage layout
  ✔ uses the application settings width token and stays left aligned (3.616959ms)
  ✔ keeps compact library context above the old-style import workspace (10.119792ms)
✔ MediaLibrarySettingsPage layout (14.097ms)
▶ ScanSettingsTab
  ✔ builds domain-correct deep links for scan identities and scrape candidates (218.795834ms)
  ✔ renders automatic local NFO import enabled by default and persists a switch change immediately (7.372833ms)
✔ ScanSettingsTab (226.570667ms)
✔ distinguishes scan history loading, failure with retry and an empty result (3.392875ms)
✔ feeds summary-only history into the paged panel and refreshes pages when the header revision advances (43.864334ms)
✔ locates a deep actor group and loads only its detail before paging (336.418875ms)
✔ keeps page and detail failures distinct and retries without a full list (196.662208ms)
✔ ignores a late old detail after selecting another group (152.267583ms)
✔ preserves an explicit decision across a category switch and detail overlay (218.12175ms)
✔ applies an ownership decision then clamps a deleted last page (158.002708ms)
✔ does not let a completed old mutation reset a newer group decision (263.794959ms)
✔ keeps actor paging in the all-domain view even when a scan item comes first (134.671417ms)
✔ asks the server about names outside the current page before editing (375.307083ms)
✔ keeps a stale resolution on the same group and requires a renewed decision (157.653833ms)
✔ isolates an old completion after navigating A to B and back to A (338.267833ms)
✔ stays on the deep-linked page after its selected group is resolved (160.945334ms)
✔ does not close a new discard dialog when an old A-B-A discard fails (270.186416ms)
✔ pages owner candidates and preserves a selected actor outside the current page (209.999041ms)
✔ retries picker failures and invalidates old page replies immediately while search debounces (464.98025ms)
✔ ignores an old actor choice after closing and reopening the same picker (196.043333ms)
✔ keeps the newest actor choice when earlier detail reads finish later (173.693208ms)
✔ keeps a direct group-owner decision after an older external-owner detail returns (195.271042ms)
✔ invalidates a pending external-owner choice when a decision is submitted (233.938208ms)
✔ ignores a picker choice after navigating group A-B-A (236.494333ms)
✔ locates a deep-linked pending item, pages with a bounded cache and ignores a late detail (300.169167ms)
✔ shows an explicit page error and retries without fetching the full inbox (71.157458ms)
✔ recovers the last page after deletion and selects the surviving first item (86.827584ms)
✔ does not block a different queue when scrape count fails or reuse its disabled page total (84.830208ms)
✔ ignores an old page that resolves after navigation to a newer page (105.259334ms)
▶ PendingCenterPage scrape resolution
  ✔ carries an explicit director through merge-and-apply without stacking prompts (195.83925ms)
  ✔ previews either persisted identity and submits only after explicit confirmation (37.083125ms)
  ✔ shows the library filter only for scan decisions (23.906167ms)
  ✔ clears the library filter from the scoped empty state and keeps the scan tab selected (23.204875ms)
✔ PendingCenterPage scrape resolution (280.530542ms)
✔ locates scan anchors, reads only selected details and ignores late details after paging (340.717625ms)
✔ reports page errors and missing selected records without treating them as an empty queue (107.725ms)
✔ clamps the deleted last page and does not show an old library page (176.832125ms)
✔ uses only count on another category and count failure does not block that category (43.985ms)
✔ does not block scrape on a library listing failure (45.502292ms)
✔ resolves identity deep links to the scoped identity pane without group detail reads (47.179583ms)
✔ retries rejected selected detail without reloading full queues (136.28875ms)
✔ loads actor details only in its category and keeps inactive summary counts current (174.661166ms)
✔ shows unknown actor count without blocking scan when summary fails (44.114583ms)
✔ ignores an old playlist response arriving after navigation (200.928ms)
✔ requests a bounded thumbnail for a playlist card (3.105833ms)
✔ does not refresh an old playlist when its removal finishes after navigation (5.49175ms)
✔ returns to the previous page when deleting the only item on the last page (4.558208ms)
✔ keeps the existing grid mounted during refresh after closing a nested video (2.741834ms)
✔ keeps the latest sort response when requests for the same playlist finish out of order (2.532625ms)
✔ reuses metadata while paging but refreshes it after a playlist mutation (3.229333ms)
✔ does not reuse stale metadata when filtering interrupts a forced refresh (2.375917ms)
✔ shows not found when a refreshed metadata read reports a deleted playlist (0.979333ms)
✔ refreshes the fallback cover with the new sort instead of reusing the old metadata (1.934375ms)
▶ PlaylistDetailPage resource filter feedback
  ✔ keeps the compact toolbar count without rendering an applied-filter bar (0.354958ms)
  ✔ uses an import action icon instead of a download icon (0.052208ms)
✔ PlaylistDetailPage resource filter feedback (0.762834ms)
▶ actress conflict review state
  ✔ keeps every action tied to its explicit user-visible scope (0.825584ms)
  ✔ expands changed impacts and keeps unchanged impacts collapsed initially (0.069666ms)
  ✔ uses the candidate-owned impact plan only when that candidate is the proposed owner (0.061542ms)
  ✔ sections groups by task state and sorts each section by display name (3.730333ms)
  ✔ selects the first source for viewing without preselecting a proposed owner (0.094875ms)
  ✔ explains empty, unchanged, moved, and conflict-free name edits (0.401875ms)
  ✔ builds the exact owner, pending, and actress versions shown to the user (0.069125ms)
  ✔ requires a replacement only when assigning away a current main name (0.059917ms)
  ✔ enables illegal-name confirmation only after every required replacement is valid (0.073291ms)
  ✔ requires an explicit partner, keeper, and final main name for conflict merges (0.158ms)
  ✔ allows a pending-name-ownership pair to be merged (0.044333ms)
  ✔ keeps the current group or selects its next neighbor after refresh (0.142875ms)
✔ actress conflict review state (6.210083ms)
▶ conflictReviewRemote
  ✔ resolves ownership/merge/illegal and surfaces stale refresh (0.544333ms)
  ✔ discards a candidate and refreshes the queue (0.215417ms)
  ✔ validates replacement main names (0.420666ms)
  ✔ ignores an older live name inspection after a newer request wins (4.417791ms)
  ✔ invalidates an in-flight inspection cleanup (0.127667ms)
✔ conflictReviewRemote (6.226584ms)
▶ conflictReviewSession
  ✔ resets decision draft when switching groups (0.443ms)
  ✔ opens ownership replacement dialog when claimants need new main names (4.080917ms)
  ✔ applies refresh focus and stale message (0.129459ms)
  ✔ syncSelectedGroup initializes selection for the first available group (0.044459ms)
✔ conflictReviewSession (5.075208ms)
▶ conflict review latest request gate
  ✔ accepts only the newest async validation result (0.320334ms)
  ✔ invalidates an in-flight result when the workflow closes (0.0435ms)
  ✔ does not let stale cleanup invalidate the current request (0.037625ms)
✔ conflict review latest request gate (0.757291ms)
▶ media-library list surface state
  ✔ keeps archived libraries out of the writable catalog surface (0.300417ms)
✔ media-library list surface state (0.6015ms)
▶ pending center resolution state
  ✔ requires every scan resource to have an explicit valid target (0.372125ms)
  ✔ serializes scan targets only at the select-control boundary (0.512458ms)
  ✔ starts scrape candidates unselected and rejects stale candidate ids (0.068291ms)
  ✔ shows the same deterministic default primary ordering as persisted resolution (0.130041ms)
  ✔ labels scan decisions with their owning media library (0.114125ms)
  ✔ shows resource identity conflicts in the scan queue without exposing a local path (0.049167ms)
✔ pending center resolution state (1.62925ms)
▶ matchesPlaylistResourceFilter
  ✔ uses OR semantics and treats none as global zero resources (0.312916ms)
✔ matchesPlaylistResourceFilter (0.594416ms)
▶ useConflictReviewController
  ✔ wires queue selection and resets dialog draft when switching groups (35.645958ms)
  ✔ routes resolve through the nested view-model commands (13.978625ms)
✔ useConflictReviewController (50.132625ms)
✔ preserves an explicit ownership decision while detail reads are disabled and reenabled (150.381166ms)
▶ video business identity conflict presentation
  ✔ recognizes domain and database-boundary conflict messages (0.32675ms)
✔ video business identity conflict presentation (0.636ms)
▶ video detail scraper selection
  ✔ prefers the active media-library default over the global default (0.301833ms)
  ✔ does not retain the previous library default when the active library switches (0.044375ms)
  ✔ falls back to the global default when the active library has no override (0.038333ms)
✔ video detail scraper selection (0.711458ms)
▶ pending inbox state
  ✔ sums the aggregate media-library projection without per-library item reads (0.304334ms)
✔ pending inbox state (0.640375ms)
✔ keeps loading and failed inbox counts distinct from an empty inbox (0.065083ms)
▶ actress list renderer behavior
  ✔ does not load the full face-scan manifest for an ordinary actress page (1.627125ms)
  ✔ isolates cached pages when any query condition changes (0.747291ms)
  ✔ recombines the same session face-result subset for list filter changes (0.078ms)
  ✔ keeps loaded pages after a failure and retries the same next-page offset (0.774209ms)
  ✔ keeps selected ids when later pages append more actresses (0.100375ms)
  ✔ restores scroll after detail return and resets it for a changed query (0.106208ms)
  ✔ clears every pending rail scroll scope on same-section primary navigation (0.582541ms)
✔ actress list renderer behavior (4.437458ms)
▶ actress infinite list pages
  ✔ keeps loaded pages while requesting the next offset (0.878125ms)
  ✔ stops after every matching actress has loaded (0.058042ms)
✔ actress infinite list pages (1.294167ms)
▶ scoped video query keys
  ✔ keeps media-library caches isolated (0.7995ms)
  ✔ canonicalizes filtered all-library scopes (0.062625ms)
✔ scoped video query keys (1.21175ms)
▶ useInfiniteVideoList
  ✔ loads a library larger than the IPC page limit in bounded pages (22.499375ms)
✔ useInfiniteVideoList (22.95ms)
✔ blocks route changes with a draft and saves before continuing through the real router (26.226292ms)
✔ keeps edits through unrelated refreshes and explicitly resets to the latest saved value (3.202375ms)
✔ preserves edits made while an earlier value is being saved (0.357834ms)
▶ renderer avatarCrop
  ✔ falls back to the standard preset for invalid stored values (0.416084ms)
  ✔ falls back to face centering for invalid stored values (0.04525ms)
  ✔ keeps landmark-based faces at the same visual size across source images (0.254417ms)
  ✔ reports when a tight source cannot reach the requested face size (0.065083ms)
  ✔ applies the continuous face ratio consistently (0.067083ms)
  ✔ centers the estimated crown-to-chin region in head mode (0.049167ms)
  ✔ centers segmented visible head bounds instead of the facial axis (0.053542ms)
  ✔ keeps zoom identical across centering modes (0.070875ms)
  ✔ keeps face-ratio changes effective when full-head protection is disabled (0.077041ms)
  ✔ keeps legacy near-square avatars aligned with cover preview layout (0.523375ms)
  ✔ detects the native cover-compatible default transform (0.03325ms)
  ✔ does not let a tainted canvas export crash the editor (0.101333ms)
✔ renderer avatarCrop (2.202875ms)
▶ video batch request scope
  ✔ requires and preserves the current library on library-surface requests (0.884292ms)
  ✔ keeps application-settings requests in explicit global compatibility mode (0.061167ms)
✔ video batch request scope (1.295708ms)
▶ avatarCrop
  ✔ round-trips a valid v1 crop (0.816ms)
  ✔ rejects crop when fingerprint mismatches (0.070709ms)
  ✔ scales offsets when viewSize changes (0.066ms)
✔ avatarCrop (1.330292ms)
▶ normalizeClassificationName
  ✔ uses the shared identity normalization without collapsing meaningful script differences (0.672208ms)
  ✔ rejects names that become empty after normalization (0.164958ms)
✔ normalizeClassificationName (1.267375ms)
✔ only accepts finite thumbnail variants and preserves preview URL components (0.579667ms)
▶ buildLibraryScanNotification
  ✔ keeps a no-change successful scan quiet (0.403834ms)
  ✔ notifies for changes and reports each destructive count separately (0.09725ms)
  ✔ reports a metadata-only resource refresh as an update (0.711875ms)
  ✔ reports pending scan groups and their resource count before ordinary changes (0.055375ms)
  ✔ prioritizes offline and error outcomes over ordinary change notices (0.041708ms)
  ✔ reports isolated STRM failures without exposing target content (0.071917ms)
  ✔ reports a blocking processing failure before isolated STRM failures (0.045ms)
✔ buildLibraryScanNotification (1.837583ms)
▶ sanitizeLibraryScanError
  ✔ removes HTTP credentials, query parameters, Magnet data, and ED2K targets (0.482667ms)
  ✔ bounds arbitrary errors and never throws while formatting them (0.081708ms)
✔ sanitizeLibraryScanError (0.891083ms)
▶ normalizeLibraryScanSummary
  ✔ persists completed STRM failures with safe messages and a 50-item bound (0.628791ms)
✔ normalizeLibraryScanSummary (0.67275ms)
▶ NFO export foreground shortcut guard
  ✔ blocks reload, history, close, and application navigation shortcuts (0.398708ms)
  ✔ leaves modal controls and copy shortcuts usable (0.058167ms)
✔ NFO export foreground shortcut guard (0.803917ms)
▶ selectDefaultPendingScanPrimary
  ✔ prefers local resources and keeps duration, size, and path ordering (0.376791ms)
  ✔ orders STRM resources by actual target kind and then source path (0.078708ms)
✔ selectDefaultPendingScanPrimary (0.833875ms)
▶ pluginDevKindProfile
  ✔ normalizes testTarget and testTargets (0.812ms)
  ✔ splits test targets only on commas or newlines and trims each group (0.225ms)
  ✔ uses typed explicit targets as a diagnostic subset (0.74325ms)
  ✔ rejects URL/path targets and wrong-kind arguments (0.192042ms)
  ✔ testTargetsFromDryRun extracts identity from dry-run result (0.088917ms)
  ✔ profiles expose kind-specific labels and field helpers (0.079875ms)
✔ pluginDevKindProfile (2.615292ms)
▶ plugin field semantics registry
  ✔ covers every video and actress field with valid symmetric conflicts (0.51175ms)
  ✔ generates the Agent glossary from the selected registry fields (0.173583ms)
  ✔ projects female and male performers independently (0.801791ms)
  ✔ projects composite rating and measurements without collapsing their parts (0.069083ms)
✔ plugin field semantics registry (2.012208ms)
▶ PluginResultContractModule
  ✔ classifies every structural and selectable result key by kind (1.009292ms)
  ✔ projects every manifest field through at least one standard result key (0.07775ms)
  ✔ lists unknown raw keys once without guessing a field mapping (0.092417ms)
  ✔ keeps actress identity and source metadata informational (0.160833ms)
  ✔ detects field-level partial cast projection and legacy female default (0.0755ms)
  ✔ maps composite measurements and rating to their legal manifest fields (0.065709ms)
  ✔ rejects empty and identity-only effective results mechanically (0.09525ms)
✔ PluginResultContractModule (1.990042ms)
▶ file scan audit presentation
  ✔ added new video (0.984458ms)
  ✔ added existing video (0.056875ms)
  ✔ updated relocated (0.046ms)
  ✔ updated metadata (0.051834ms)
  ✔ updated STRM (0.066917ms)
  ✔ pending new local (0.040459ms)
  ✔ pending retained STRM (0.036333ms)
  ✔ pending empty code and zero group (0.037084ms)
  ✔ skipped unchanged with video (0.070708ms)
  ✔ skipped short without video (0.0785ms)
  ✔ skipped duplicate with zero video (0.063667ms)
  ✔ unrecognized (0.057ms)
  ✔ STRM failure (0.16275ms)
  ✔ processing failure (0.090584ms)
  ✔ preserves caller indices, path fallback and explicit undefined fields (0.187208ms)
✔ file scan audit presentation (2.588667ms)
▶ NFO secondary presentation
  ✔ imported: every primary outcome, warnings and attention (0.246833ms)
  ✔ skipped: every primary outcome, warnings and attention (0.126833ms)
  ✔ warning: every primary outcome, warnings and attention (0.121ms)
  ✔ pending-candidate: every primary outcome, warnings and attention (0.120333ms)
  ✔ identity-conflict: every primary outcome, warnings and attention (0.099833ms)
  ✔ uses only the disposition-specific non-null pending id, including zero (0.08225ms)
✔ NFO secondary presentation (0.869625ms)
▶ resource scan audit presentation
  ✔ missing: full fields, source/title/display fallback and kinds (0.352167ms)
  ✔ removed_library_path: full fields, source/title/display fallback and kinds (0.268875ms)
  ✔ promoted_after_removal: full fields, source/title/display fallback and kinds (0.673167ms)
✔ resource scan audit presentation (1.328791ms)
✔ keeps optional enrichment fields structurally available without enriching raw views (0.04975ms)
▶ complete historical scan audit view items
  ✔ deduplicates cached paths exactly, retaining first root and order even without audit (0.21225ms)
  ✔ orders failed extras, attention files and pending groups; excludes only attention-listed cache paths (0.12975ms)
  ✔ preserves all-outcome order, duplicate audit files and indices after each outcome filter (0.246209ms)
  ✔ preserves NFO status precedence, historical group fields and failed/all differences (0.163292ms)
  ✔ added/updated and skipped tabs filter before indexing and do not enrich NFO status (0.089666ms)
  ✔ composes changes in removed/promoted/deleted order with independent indices and removed-video suppression (0.084083ms)
  ✔ does not mutate input or share enriched row objects between calls (0.088417ms)
✔ complete historical scan audit view items (1.07175ms)
▶ video resource source identity
  ✔ normalizes local file paths (0.350875ms)
  ✔ uses the STRM source file instead of its external target (0.04775ms)
  ✔ does not claim ownership of ordinary external resources (0.039083ms)
✔ video resource source identity (0.809208ms)
▶ videoResourceLinks
  ✔ normalizes HTTP identity without reordering query parameters or changing the path (0.774833ms)
  ✔ rejects local and executable protocols (0.143375ms)
  ✔ infers common video extensions as direct links and otherwise uses web links (0.063083ms)
  ✔ masks query parameters in normal display text (0.051625ms)
  ✔ converts optional MB, GB, and TB values to integer bytes (0.0545ms)
  ✔ uses the Magnet xt identity while preserving the original link and deriving a name (0.179584ms)
  ✔ uses the ED2K file hash identity while deriving its file name (0.047833ms)
✔ videoResourceLinks (1.692958ms)
ℹ tests 2674
ℹ suites 357
ℹ pass 2673
ℹ fail 0
ℹ cancelled 0
ℹ skipped 1
ℹ todo 0
ℹ duration_ms 53082.924334
