
> Javdex@0.6.2 pretest
> npm run check:actress-boundaries && npm run check:media-asset-store-boundaries && npm run check:metadata-source-boundaries && npm run check:classification-entity-boundaries && npm run check:agent-platform-boundaries && npm run lint && npm run check:css-architecture && npm run check:ui-controls


> Javdex@0.6.2 check:actress-boundaries
> node scripts/check-actress-boundaries.mjs

Domain IPC, shared types, and process dependency boundaries are valid.

> Javdex@0.6.2 check:media-asset-store-boundaries
> node scripts/check-media-asset-store-boundaries.mjs

MediaAssetStore implementation boundaries are valid.

> Javdex@0.6.2 check:metadata-source-boundaries
> node scripts/check-metadata-source-boundaries.mjs

Video metadata source boundaries are valid.

> Javdex@0.6.2 check:classification-entity-boundaries
> node scripts/check-classification-entity-boundaries.mjs

Classification entity storage and routing boundaries are valid.

> Javdex@0.6.2 check:agent-platform-boundaries
> node scripts/check-agent-platform-boundaries.mjs

Agent platform boundaries OK

> Javdex@0.6.2 lint
> npm run lint:ts && npm run lint:css


> Javdex@0.6.2 lint:ts
> eslint "src/**/*.{ts,tsx}" "electron.vite.config.ts"


> Javdex@0.6.2 lint:css
> stylelint "src/renderer/src/**/*.module.css" --allow-empty-input


> Javdex@0.6.2 check:css-architecture
> node scripts/check-css-architecture.mjs

CSS architecture checks passed.
┌─────────────────────────────────┬────────┐
│ (index)                         │ Values │
├─────────────────────────────────┼────────┤
│ cssFileCount                    │ 90     │
│ globalClassCount                │ 1155   │
│ crossFileDuplicateClassCount    │ 143    │
│ descendantSelectorCount         │ 803    │
│ importantDeclarationCount       │ 12     │
│ hardcodedColorDeclarationCount  │ 166    │
│ globalStateClassCount           │ 88     │
│ rawButtonClassOccurrenceCount   │ 3      │
│ classNameBehaviorInferenceCount │ 0      │
└─────────────────────────────────┴────────┘

> Javdex@0.6.2 check:ui-controls
> node scripts/check-ui-controls.mjs

UI control checks passed: shared Switch / Checkbox only.

> Javdex@0.6.2 test
> npm run typecheck && npm run test:packaging && node scripts/run-electron-tests.mjs


> Javdex@0.6.2 typecheck
> npm run typecheck:node && npm run typecheck:web


> Javdex@0.6.2 typecheck:node
> tsc --noEmit -p tsconfig.node.json --composite false


> Javdex@0.6.2 typecheck:web
> tsc --noEmit -p tsconfig.web.json --composite false && tsc --noEmit -p tsconfig.browser.json


> Javdex@0.6.2 test:packaging
> node --test scripts/packaging-runtime.test.mjs

TAP version 13
# Subtest: pruneBetterSqlitePrebuilds retains only the current platform and arch
ok 1 - pruneBetterSqlitePrebuilds retains only the current platform and arch
  ---
  duration_ms: 1.634541
  type: 'test'
  ...
# Subtest: pruneBetterSqliteBuildFiles removes sources but preserves runtime files
ok 2 - pruneBetterSqliteBuildFiles removes sources but preserves runtime files
  ---
  duration_ms: 1.843541
  type: 'test'
  ...
# Subtest: better-sqlite3 prebuild selection covers every configured packaging platform
ok 3 - better-sqlite3 prebuild selection covers every configured packaging platform
  ---
  duration_ms: 0.103542
  type: 'test'
  ...
# Subtest: pruneElectronFrameworkLocales keeps English and Chinese locale variants
ok 4 - pruneElectronFrameworkLocales keeps English and Chinese locale variants
  ---
  duration_ms: 1.804333
  type: 'test'
  ...
# Subtest: mac packaging selects a node-gyp compatible Python unless the caller chose one
ok 5 - mac packaging selects a node-gyp compatible Python unless the caller chose one
  ---
  duration_ms: 0.1205
  type: 'test'
  ...
# Subtest: packaged runtime smoke runs only for a host-compatible macOS executable
ok 6 - packaged runtime smoke runs only for a host-compatible macOS executable
  ---
  duration_ms: 0.342292
  type: 'test'
  ...
# Subtest: packaging retains the complete Cheerio runtime dependency chain
ok 7 - packaging retains the complete Cheerio runtime dependency chain
  ---
  duration_ms: 0.209875
  type: 'test'
  ...
# Subtest: mac packaging explicitly enables ad-hoc signing before invoking its custom signer
ok 8 - mac packaging explicitly enables ad-hoc signing before invoking its custom signer
  ---
  duration_ms: 0.086834
  type: 'test'
  ...
1..8
# tests 8
# suites 0
# pass 8
# fail 0
# cancelled 0
# skipped 0
# todo 0
# duration_ms 78.816
▶ createAgentBrowserSchema
  ✔ exposes strict bounded vertical scroll branches without enabling input actions (2.368ms)
  ✔ explains the evaluate restrictions and their supported alternatives before invocation (0.249709ms)
✔ createAgentBrowserSchema (3.367916ms)
▶ AgentConfiguration
  ✔ projects code-owned tools and permissions while injecting workload compaction (1.175208ms)
  ✔ binds metadata collection to the curator workload and explicit staging capabilities (0.118459ms)
  ✔ registers playlist import as an independent least-privilege use case (0.090708ms)
✔ AgentConfiguration (2.029916ms)
▶ AgentExecution
  ✔ runs the persistence hook before the runtime can commit its bootstrap observation (5.641209ms)
  ✔ opens one runtime session and delegates ten operations without a loop or second queue (5.908ms)
  ✔ authorizes and records Pi native tools without persisting their output (2.339ms)
  ✔ fails closed when a Pi native tool lacks a frozen capability grant (1.658375ms)
  ✔ restores a normal checkpoint without reading ExecutionHistory (2.299166ms)
  ✔ rebuilds only for typed checkpoint corruption and only once per generation (2.061458ms)
  ✔ releases runtime resources without closing the durable run (1.362292ms)
  ✔ closes a durable run after its runtime was already released (1.202584ms)
✔ AgentExecution (23.527208ms)
✔ preserves newer product log references when aborting after a domain-only state update (1.944833ms)
✔ preserves append-only plugin history during checkpoint recovery: success (14.596583ms)
✔ preserves append-only plugin history during checkpoint recovery: hash-failure (14.014ms)
✔ preserves append-only plugin history during checkpoint recovery: rebuild-failure (10.770917ms)
✔ preserves append-only plugin history during checkpoint recovery: unreconciled-tool (14.792375ms)
▶ AgentRunStore
  ✔ returns every durable non-closed run so each use case can apply its recovery policy (7.567209ms)
  ✔ persists a frozen config without serializing credentials or functions (0.903084ms)
  ✔ encrypts recovery payloads and fails closed on integrity damage (1.286667ms)
  ✔ accepts an idempotent operation once and settles only named command ids (1.374875ms)
  ✔ keeps repeated product events from the same operation in append order (0.731958ms)
  ✔ does not overwrite a terminal runtime fault when the runtime subsequently settles (0.7515ms)
  ✔ allows one rebuild attempt per recovery generation (0.502375ms)
  ✔ records artifact refs in the product journal and fails closed on damaged refs (0.773042ms)
✔ AgentRunStore (14.622667ms)
▶ Agent product journal pagination
  ✔ reads the last cursor through the run/seq index without parsing any payload in a 100k journal (153.295292ms)
  ✔ pages with a strict size cap and no cross-run, duplicate or skipped events despite sequence gaps (32.900791ms)
✔ Agent product journal pagination (186.355667ms)
▶ Agent recovery enumeration
  ✔ filters use case and status before parsing, lazily loads one product, and releases temporary ID pages (120.076625ms)
  ✔ keeps the original recovery order across pages while timestamps change and excludes runs created mid-iteration (52.238625ms)
  ✔ drops the temporary snapshot if an owned payload cannot be parsed (0.662958ms)
✔ Agent recovery enumeration (173.039875ms)
▶ cache affinity
  ✔ is stable, role-separated and does not expose source identifiers (2.8285ms)
✔ cache affinity (3.369375ms)
▶ resolveEffectiveMaxTokens
  ✔ uses the model maximum when the preset limit is zero (0.959125ms)
  ✔ uses the lower positive limit (0.12525ms)
  ✔ rejects invalid limits instead of forwarding zero to the provider (0.314ms)
  ✔ restores a zero sentinel as one frozen positive provider limit (0.309709ms)
  ✔ resolves live models only by workload (1.223625ms)
✔ resolveEffectiveMaxTokens (3.666875ms)
▶ ModelInvocation
  ✔ uses injected frozen verifier access and forwards preset limits and cancellation (0.967958ms)
✔ ModelInvocation (1.258334ms)
▶ ModelManagementModule
  ✔ builds the migration backup from a strict non-secret provider whitelist (0.7435ms)
  ✔ migrates released settings once and then reads the same v2 revision (15.029667ms)
  ✔ fails closed for an invalid v2 document (0.291167ms)
  ✔ fails closed for malformed nested v2 data and embedding catalog entries (2.072333ms)
  ✔ saving a provider never changes workload assignments (10.1285ms)
  ✔ refreshes protocol-derived model metadata when a connection contract changes (2.973791ms)
  ✔ never exposes credentials or Base URL query secrets in renderer snapshots (3.226ms)
  ✔ changing the default affects inherited workloads but preserves an explicit plugin model (5.853292ms)
  ✔ freezes the workload context limit into resolved model access (5.286833ms)
  ✔ rejects removing an in-use model and reports the exact workload (7.035208ms)
  ✔ restores the previous credential when configuration persistence fails (1.973334ms)
  ✔ does not touch credentials or storage on a stale revision (1.532667ms)
  ✔ keeps discovery ephemeral and reset removes manual overrides (4.776583ms)
  ✔ rejects non-tool Agent models and unsupported long cache (6.159458ms)
✔ ModelManagementModule (68.969084ms)
▶ ToolHost
  ✔ records capability denials before failing closed (20.461125ms)
  ✔ requires a one-use approval permit for install effects (5.332458ms)
  ✔ stores only bounded hashes for tool output and errors (1.964333ms)
  ✔ approves only the selected request when multiple approvals are pending (2.511625ms)
  ✔ keeps only the latest pending approval for single-card product flows (1.6775ms)
  ✔ revokes a persisted approval when the continuation dispatch fails (2.45275ms)
  ✔ discards pending and approved permits during terminal cleanup (1.556083ms)
  ✔ binds an approval permit to mutable domain scope as well as visible tool args (1.857417ms)
  ✔ serializes calls sharing a resource without scheduling batches (37.539125ms)
  ✔ marks interrupted writes uncertain and blocks callbacks after waiting or terminal state (1.239834ms)
  ✔ does not start an unkeyed handler when its signal is already aborted (0.564083ms)
  ✔ enforces deadlines even when a handler ignores AbortSignal (22.994709ms)
  ✔ does not let a late handler result overwrite an uncertain timeout (25.494583ms)
  ✔ keeps the resource locked until a timed-out non-cooperative handler really settles (66.845292ms)
  ✔ keeps a queued cancellation from letting a third call bypass the active resource holder (12.135375ms)
✔ ToolHost (206.034291ms)
▶ PiRuntime contract
  ✔ allows workspace reads and dev notes but keeps host-owned facts read-only (4.628542ms)
  ✔ loads only frozen workspace Skills and exposes the selected Pi native file tools (3888.15875ms)
  ✔ rejects a workspace Skill that differs from the frozen run configuration (3.940958ms)
  ✔ keeps one long-lived session for ten turns with controlled resources and stable affinity (58.391125ms)
  ✔ keeps the run healthy when Pi recovers from a transient provider error (31.647833ms)
  ✔ emits one terminal runtime fault after provider retries are exhausted (25.634833ms)
  ✔ does not turn a user-cancelled provider retry into a runtime fault (29.738333ms)
  ✔ exposes only the resolved custom allowlist and crosses the durable tool-result barrier (14.292708ms)
  ✔ releases the runtime after durable persistence fails during a tool call (11.682958ms)
  ✔ honors a terminating control result even when the domain tool reports failure (11.46725ms)
  ✔ starts a new turn when a follow-up is dispatched after a terminating handoff settled (20.363458ms)
  ✔ does not compact or inject a host recovery prompt after a length stop (23.361208ms)
  ✔ does not start a host continuation after the model-turn budget stops the operation (6.494333ms)
  ✔ enforces the configured per-operation model-turn budget (7.357041ms)
✔ PiRuntime contract (4138.077833ms)
✔ counts the same all-gender avatar targets without projecting profiles or joining works (18.37825ms)
✔ pages a fixed target set and bounds labels after live insert, delete and rename (183.813875ms)
✔ handles empty sets and connection closure without recreating a database (10.409667ms)
✔ rolls back the temporary table if snapshot population fails (11.874834ms)
✔ returns only target identity in ID order without counting works with all path and gender semantics (23.721292ms)
✔ matches the complete renderer gallery order across source, ratio and nullable-position boundaries (40.582125ms)
✔ returns empty versus missing actors and validates finite safe page bounds (9.521125ms)
✔ keeps count and ordered page together while another connection removes a display source (12.736917ms)
✔ returns profile counts and the global first picture without loading complete works or gallery rows (32.102042ms)
✔ keeps profile fields, physical/display counts and first picture on one read snapshot (12.817ms)
✔ locates a stable photo after reordering, before paging and within the requested actor/source scope (16.050583ms)
✔ matches merge gender and owned search semantics while paging by full name (32.743375ms)
✔ counts each visible video once across overlapping libraries and excludes hidden/archived/orphaned videos (16.091292ms)
✔ counts only returned candidates, excluding lookahead, and skips counts for an empty page (12.074875ms)
✔ keeps candidate rows and counts on the same snapshot when another connection writes (14.81275ms)
✔ bounds labels/avatars and validates inputs and missing keep actors (19.085792ms)
✔ pages narrow labels from 10000 actors without catalog statistics or profile data (194.21025ms)
✔ preserves owned-name search matching and includes all genders (14.165708ms)
✔ sorts full names before shortening labels and bounds escaped JSON payloads (32.754292ms)
✔ rejects invalid limits, offsets and overlong search before reading (12.006125ms)
✔ bounds labels containing embedded NUL without losing the valid prefix (10.267292ms)
✔ keeps a full page below512KiB even with worst-case JSON escaping (11.012334ms)
✔ reads current picker identity by ID without hydrating actor works or profile (19.536833ms)
▶ actressRepo actress name ownership
  ✔ changes the main-name row and ownership together when an actress is renamed (13.543917ms)
  ✔ keeps ownership while another name type still declares the same normalized name (9.699625ms)
  ✔ rolls back the complete manual edit when any declared name has another owner (10.70775ms)
  ✔ rolls back profile changes and compensates new avatar files when the database write fails (16.027417ms)
✔ actressRepo actress name ownership (50.805208ms)
▶ actressRepo.listActresses
  ✔ excludes migrated pending names from search and exact identity lookup (15.053708ms)
  ✔ does not match a replaced main name that is not kept as an explicit alias (9.388708ms)
  ✔ matches main name, alias, and typed names (12.861916ms)
  ✔ treats SQL LIKE metacharacters as literal search text (14.782708ms)
  ✔ ignores stored names that are not visible name types (10.445708ms)
  ✔ sorts by video count descending by default (11.504ms)
  ✔ projects only videos that remain reachable through an active visible library membership (12.742958ms)
✔ actressRepo.listActresses (87.117666ms)
▶ actressRepo.listActressPage
  ✔ returns a stable slice with the total number of matching actresses (8.322625ms)
  ✔ pages an explicit renderer-session actress subset with complete totals (9.22775ms)
  ✔ returns the cumulative status of every actress with per-status counts (8.062541ms)
  ✔ filters by each status while keeping the counts of the unfiltered scope (12.538ms)
  ✔ combines the status filter with search, gender and sort (9.175875ms)
  ✔ counts statuses within the current search and gender scope (10.493333ms)
  ✔ treats a missing status as all statuses (7.722166ms)
  ✔ keeps avatar file health outside the pure database query (8.456625ms)
  ✔ does not derive avatar fingerprints during a database list query (7.097375ms)
  ✔ returns minimal avatar path candidates without inspecting files (7.845ms)
✔ actressRepo.listActressPage (91.019834ms)
▶ actressRepo.clearActressMetadataRecord
  ✔ clears scraped profile fields while keeping main name and video links (9.2355ms)
  ✔ clears non-name metadata without claiming a migrated pending main name (10.134542ms)
  ✔ resets every cumulative state to unscraped and drops the success time (9.115125ms)
  ✔ keeps related links when clearing actress metadata (13.739208ms)
✔ actressRepo.clearActressMetadataRecord (42.338583ms)
▶ actress related links
  ✔ stores related links on an actress and returns them on detail (11.4625ms)
  ✔ unions related links on merge with the keeper first (12.087333ms)
✔ actress related links (23.609834ms)
▶ actressRepo.deleteUnlinkedActresses
  ✔ deletes every selected unlinked actress and returns its stored assets for cleanup (10.346208ms)
  ✔ rejects the whole batch when any selected actress still has a linked video (8.230375ms)
✔ actressRepo.deleteUnlinkedActresses (18.631ms)
▶ actressRepo.mergeActresses
  ✔ merges videos, aliases, and gallery into the keeper (9.325375ms)
  ✔ rejects merging actresses with different genders (8.836959ms)
  ✔ can adopt the merged actress main name (8.984917ms)
  ✔ rolls back the whole merge when final main-name reconstruction fails (11.054292ms)
  ✔ rolls back the whole merge when alias reconstruction fails (8.255958ms)
  ✔ rejects the whole merge when any resulting name belongs to a third actress (10.573125ms)
  ✔ rejects the whole merge when the selected final main name belongs to a third actress (9.939291ms)
  ✔ resolves a migrated pending name claimed only by the two merged actresses (9.985041ms)
  ✔ preserves existing aliases without reapplying scraped-value heuristics (9.620125ms)
  ✔ deletes unusable keeper avatar assets after adopting the merged actress avatar (11.252584ms)
  ✔ keeps 未刮削 when merging 未刮削 into 未刮削 (11.102ms)
  ✔ keeps 刮削失败 when merging 刮削失败 into 未刮削 (11.514166ms)
  ✔ keeps 刮削成功 when merging 刮削成功 into 未刮削 (10.521917ms)
  ✔ keeps 刮削失败 when merging 未刮削 into 刮削失败 (9.260625ms)
  ✔ keeps 刮削失败 when merging 刮削失败 into 刮削失败 (10.130709ms)
  ✔ keeps 刮削成功 when merging 刮削成功 into 刮削失败 (9.154792ms)
  ✔ keeps 刮削成功 when merging 未刮削 into 刮削成功 (13.863458ms)
  ✔ keeps 刮削成功 when merging 刮削失败 into 刮削成功 (9.242208ms)
  ✔ keeps 刮削成功 when merging 刮削成功 into 刮削成功 (12.729625ms)
  ✔ keeps the newer success time when the keeper succeeded more recently (10.740333ms)
  ✔ ignores a success time left on a record that is not scraped successfully (10.265542ms)
✔ actressRepo.mergeActresses (216.838708ms)
▶ actressRepo.listActressesForBatchScrape
  ✔ filters by scope and missing fields (8.869833ms)
  ✔ filters actresses by cumulative scrape status (11.678917ms)
  ✔ combines gender and scrape status filters (16.396834ms)
  ✔ matches actresses missing any selected profile field (12.463583ms)
  ✔ limits batch targets to the explicitly selected actress ids (12.515333ms)
✔ actressRepo.listActressesForBatchScrape (62.212459ms)
▶ actressRepo.resolveEffectiveActressScrapeFields
  ✔ fillEmpty keeps only currently missing fields (10.358333ms)
  ✔ fillEmpty treats broken avatar files as missing without mutating during planning (14.109708ms)
✔ actressRepo.resolveEffectiveActressScrapeFields (24.575083ms)
▶ actressRepo.clearBrokenActressAvatarIfNeeded
  ✔ includes broken avatars in batch missing-avatar targets (8.041833ms)
  ✔ clears broken avatar source and crop while keeping a usable display avatar (9.396458ms)
✔ actressRepo.clearBrokenActressAvatarIfNeeded (17.501834ms)
▶ actressRepo.getActressAvatarSourceInfo
  ✔ uses a legacy display avatar as the source without renderer fetch (10.680916ms)
  ✔ prefers the saved original source after an avatar bundle is created (14.220125ms)
✔ actressRepo.getActressAvatarSourceInfo (24.979ms)
▶ actressRepo.setActressAvatarBundle
  ✔ persists avatar source, display, and crop; recrops without replacing the source (10.028125ms)
  ✔ adopts recognized legacy image bytes when native dimension probing is unavailable (9.06375ms)
  ✔ repairs an existing source whose stored extension does not match its bytes (15.650291ms)
  ✔ rejects invalid display bytes before writing the avatar bundle (7.713208ms)
  ✔ keeps source paths distinct for equal-length Chinese names with identical bytes (11.72125ms)
✔ actressRepo.setActressAvatarBundle (54.319291ms)
▶ actressRepo cumulative scrape status
  ✔ keeps an actress created by video scraping unscraped and exposes the status in detail (10.415042ms)
✔ actressRepo cumulative scrape status (10.475708ms)
▶ actressRepo cumulative scrape status maintenance invariants
  ✔ keeps 未刮削 and its success time through manual maintenance (13.086084ms)
  ✔ keeps 刮削成功 and its success time through manual maintenance (10.065542ms)
  ✔ keeps 刮削失败 and its success time through manual maintenance (14.569208ms)
✔ actressRepo cumulative scrape status maintenance invariants (37.817542ms)
▶ actressRepo.upsertActressFromScrape avatar adopt
  ✔ adopts a downloaded avatar into source+display+crop and drops the temp path (11.432666ms)
  ✔ gives equal-length Chinese names distinct avatar files from the same download bytes (11.095125ms)
  ✔ does not replace an existing usable avatar (8.631291ms)
✔ actressRepo.upsertActressFromScrape avatar adopt (31.242166ms)
▶ actressRepo.backfillActressGalleryAssetDimensions
  ✔ probes stored local files and fills missing gallery dimensions (9.201666ms)
✔ actressRepo.backfillActressGalleryAssetDimensions (9.26875ms)
▶ actressRepo query purity
  ✔ does not change database rows or stored resources when listing and reading details (9.96ms)
✔ actressRepo query purity (10.012958ms)
▶ actressRepo.posterPath
  ✔ clears the poster when the referenced gallery image is deleted (11.134ms)
✔ actressRepo.posterPath (11.17425ms)
▶ actressRepo.replaceActressGalleryAssets
  ✔ keeps local paths that remain in the replaced asset set (8.624125ms)
✔ actressRepo.replaceActressGalleryAssets (8.668916ms)
▶ actressRepo.recordActressScrapeFailure
  ✔ records failure without writing a success time or changing profile fields (8.451834ms)
✔ actressRepo.recordActressScrapeFailure (8.498292ms)
▶ actressRepo.markActressScrapeSucceeded
  ✔ promotes an unscraped actress and stamps the missing success time (10.854333ms)
  ✔ promotes a failed actress and stamps the missing success time (12.977584ms)
  ✔ keeps an existing success time instead of restamping it (11.6015ms)
  ✔ stamps a success time over a blank stored time (8.253958ms)
  ✔ rejects marking an actress that does not exist (11.923709ms)
✔ actressRepo.markActressScrapeSucceeded (55.767292ms)
▶ actressRepo.applyActressScrapeResult
  ✔ keeps every selected field plan aligned with the replace database result (13.150125ms)
  ✔ keeps every selected field plan aligned with the fillEmpty database result (11.033125ms)
  ✔ keeps every selected field plan aligned with the replaceIfPresent database result (10.975708ms)
  ✔ does not backfill gallery metadata while building a read-only plan (9.196583ms)
  ✔ plans and applies a fillEmpty avatar over a broken stored path consistently (11.561042ms)
  ✔ previews replace clears without changing the actress or deleting assets (12.569125ms)
  ✔ does not claim a scrape was applied when every returned alias is unusable (8.583292ms)
  ✔ rolls back profile data and cumulative success when gallery persistence fails (10.713417ms)
  ✔ skips invalid downloaded avatars while applying other profile fields (11.927708ms)
  ✔ replace keeps manual crop when scraped avatar bytes match existing source (12.560042ms)
  ✔ replace adopts a new avatar when scraped bytes differ from existing source (10.770334ms)
  ✔ replace clears an existing avatar when the source returns no avatar (10.051792ms)
  ✔ replace preserves an existing avatar when a returned avatar fails to download (11.946333ms)
  ✔ fillEmpty preserves existing measurement values while filling missing ones (11.673917ms)
  ✔ replaceIfPresent updates existing profile values while preserving null scrape results (15.210375ms)
  ✔ replace clears every selected non-avatar field when the matched source returns no values (10.979ms)
  ✔ replaceIfPresent rejects all fields when every returned alias conflicts (12.275375ms)
  ✔ fillEmpty does not report success when measurements only repeat a filled component (8.36175ms)
  ✔ rejects the whole scraped result when any alias has another owner (15.269584ms)
  ✔ treats canonically equivalent scraped aliases as conflicts (9.89425ms)
✔ actressRepo.applyActressScrapeResult (231.032458ms)
✔ pages female test choices by full name and retains owned alias search without wide data (77.599959ms)
✔ resolves the complete current runtime identity rather than its shortened display label (10.422167ms)
✔ pages the same visible works once across libraries with stable date ties and narrow cards (69.981541ms)
✔ distinguishes missing and empty actors and rejects unbounded or invalid page arguments (11.2265ms)
✔ keeps count and cards on the same read snapshot during an external visibility change (10.455875ms)
✔ reads complete profile metadata without querying any associated works (14.155666ms)
✔ filters covers before counting and paging, retaining the old truthy-path semantics (14.419458ms)
▶ AgentMetadataDraftRepo
  ✔ keeps one ready draft per target and returns superseded staging paths (6.415834ms)
  ✔ advances review revisions and stores an idempotent terminal outcome (6.055ms)
  ✔ fails closed when a stored draft uses an unsupported adapter version (4.614917ms)
✔ AgentMetadataDraftRepo (17.645708ms)
✔ detects local writes, external commits and connection replacement without changing schema (16.845ms)
▶ home discovery repo
  ✔ returns one bounded status summary for every visible media library (12.575375ms)
  ✔ uses membership time for recent additions and deduplicates shared videos (7.105291ms)
  ✔ keeps a discovery batch stable until the seed changes (8.625959ms)
  ✔ does not recommend a membership that has no playable resource in an eligible library (4.520792ms)
  ✔ does not recommend a local-only membership whose media-library root is disabled (9.199541ms)
  ✔ excludes managed resources owned by pending-removal or archived roots (10.363375ms)
  ✔ keeps rootless external links and active-root local or STRM resources eligible (6.989916ms)
  ✔ does not accept a managed resource whose root belongs to another library (6.08525ms)
  ✔ binds a shared recommendation to the source membership that has its playable resource (9.735083ms)
  ✔ searches globally without duplicates and honors an explicit library filter (4.744166ms)
  ✔ excludes libraries disabled for home discovery (5.577083ms)
  ✔ matches global ranking across cursor wrap, equal keys and hidden shared memberships (8283.584084ms)
  ✔ keeps large recent and discovery loads bounded and index-backed (35.626708ms)
  ✔ paginates a large global search without duplicates or per-row queries (40.5295ms)
✔ home discovery repo (8446.14575ms)
▶ libraryCleanup
  ✔ collects actress hints from a video (15.306083ms)
  ✔ prunes stub actresses after video links are removed (8.16175ms)
  ✔ does not prune an actress with meaningful profile data (8.08325ms)
  ✔ deletes tags that are no longer linked to any video (7.524ms)
✔ libraryCleanup (39.557541ms)
▶ library membership repo
  ✔ creates an idempotent explicit membership with a stable discovery key (10.132708ms)
  ✔ removes only the selected library membership (4.425625ms)
  ✔ rejects archived or missing libraries (5.936167ms)
  ✔ recognizes only visible memberships in an active library surface (5.607417ms)
  ✔ does not automatically remove a resource-less membership referenced by a playlist (5.484333ms)
✔ library membership repo (32.354042ms)
▶ libraryScanRepo latest snapshot
  ✔ updates the pending path after a rename without rewriting the original scan audit (19.805375ms)
  ✔ returns summary, audit, and unrecognized files only from the requested library (15.935292ms)
  ✔ transactionally settles scan runs abandoned by the previous process (16.122458ms)
  ✔ releases archive and root-migration busy gates after restart recovery (14.427917ms)
  ✔ returns an empty snapshot before the first run and rejects an unknown library (9.242583ms)
✔ libraryScanRepo latest snapshot (76.285625ms)
✔ reads a scoped audit header without loading audit JSON or pending path arrays (34.696583ms)
✔ keeps summary failure semantics and rejects oversized summary/header payloads (12.764166ms)
✔ keeps header summary, audit availability and unrecognized count in one WAL snapshot (10.171291ms)
▶ finishLibraryScanRun unrecognized replacement transaction
  ✔ finishes with 40000 replacement root IDs without exceeding SQLite bind limits (21.699708ms)
  ✔ deduplicates replacement roots and skips incoming files outside the selected roots (11.362333ms)
  ✔ clears selected roots when there are no matching incoming files and preserves other roots (9.433167ms)
  ✔ does not replace files for absent root targets (11.8805ms)
  ✔ does not replace files for empty root targets (9.698042ms)
  ✔ failed run never replaces preexisting unrecognized rows (13.574709ms)
  ✔ cancelled run never replaces preexisting unrecognized rows (13.943584ms)
  ✔ rolls back run, state and all original unrecognized rows when a duplicate normalized path fails insertion (9.971084ms)
✔ finishLibraryScanRun unrecognized replacement transaction (101.834125ms)
✔ does not hold a writer lock during audit stringify before the deferred transaction’s first SQL statement (13.319792ms)
✔ does not delete another library’s unrecognized rows even when its root ID is in the replacement set (9.505667ms)
▶ mediaLibraryRepo
  ✔ creates a library, typed config, and canonical root projection atomically (19.167375ms)
  ✔ projects pending scan counts once per library without multiplying across roots (10.7935ms)
  ✔ keeps library and config revisions independent and rejects stale writes (12.472166ms)
  ✔ rejects same, parent, child, and realpath-alias roots across active libraries (18.962083ms)
  ✔ lets disabled roots release paths and revalidates them before enabling (14.189417ms)
  ✔ preserves continuity-owned root identities while allowing empty roots to rebind (19.444708ms)
  ✔ rejects archived-library restore when any continuity-owned root changed identity (26.507ms)
  ✔ rejects ordinary edits while a root is pending removal or archived (11.442541ms)
  ✔ requires explicit migration or cleanup before changing a root-owned path (15.904625ms)
  ✔ archives roots atomically, releases their paths, and rechecks on restore (14.821833ms)
  ✔ scopes local and STRM source identity while disabled and archived roots release paths (14.04475ms)
  ✔ protects the default library and refuses to archive pending root cleanup (14.108375ms)
  ✔ requires a non-default library to be archived before preview or permanent deletion (13.348375ms)
  ✔ deletes roots and non-default libraries using the current library revision (11.248542ms)
  ✔ blocks archiving and deletion while root cleanup is active (11.229ms)
  ✔ blocks archiving and deletion while a scan run is active (14.098875ms)
  ✔ rejects a deletion preview made stale by global video lifecycle changes (16.805584ms)
  ✔ invalidates deletion impact when another library changes the exclusive-video count (11.190208ms)
  ✔ previews all owned data and permanently deletes only database ownership (16.35925ms)
  ✔ returns a frozen scan snapshot containing only active roots (11.317375ms)
  ✔ projects independently configured automatic scan state in stable library order (11.553917ms)
  ✔ accepts offline absolute roots but rejects relative paths and files (11.489917ms)
  ✔ does not let direct disabled-root deletion cascade diagnostic records (17.725917ms)
  ✔ atomically freezes the filesystem identity when an offline root first comes online (8.798959ms)
  ✔ rejects scan-time identity binding for an identity-less root with resource ownership (15.946292ms)
  ✔ rejects scan-time identity binding for an identity-less root with pending ownership (10.105166ms)
  ✔ rejects scan-time identity binding for an identity-less root with unrecognized ownership (10.997875ms)
  ✔ rejects activation of an identity-less disabled root with owned resources (9.39425ms)
  ✔ rejects restore of an identity-less archived root with owned resources (9.826292ms)
  ✔ rejects a newly-online alias of another active root without partially binding it (9.962125ms)
✔ mediaLibraryRepo (414.616416ms)
▶ media-library root migration repo
  ✔ previews and atomically migrates root-owned state without touching disk or global videos (13.867584ms)
  ✔ uses the shared availability-aware promotion rule within the source library and video (13.119ms)
  ✔ rejects stale previews and rolls the entire migration back (7.227417ms)
  ✔ rejects resource or pending changes made after preview even when library revisions are unchanged (5.037917ms)
  ✔ moves terminal cleanup history to the replacement root during preview-confirmed migration (9.881333ms)
  ✔ rejects a stale migration preview when terminal cleanup history changes (6.900083ms)
  ✔ rolls back every dataset when a late migration write fails (6.222917ms)
  ✔ fails closed while either library has an active scan or cleanup job (5.1685ms)
  ✔ treats a failed legacy cleanup waiting marker as active work in preview and commit (5.250416ms)
  ✔ rejects target resource conflicts before mutation (7.401584ms)
  ✔ rejects target unrecognized-file conflicts before mutation (7.733708ms)
  ✔ rejects target pending-scan path conflicts during preview (3.9705ms)
  ✔ moves a disabled root without enabling it in the target library (7.841292ms)
✔ media-library root migration repo (100.599416ms)
▶ database schema
  ✔ adds STRM source identity without changing existing resource identity or link deduplication (11.689334ms)
  ✔ allows duplicate codes while enforcing complete video business identity (3.580125ms)
  ✔ upgrades video identity without changing ids, resources, or site sources (10.489792ms)
  ✔ leaves a v10 database untouched when normalized business identities conflict (1.504167ms)
  ✔ migrates legacy classification text into stable entities and retires legacy storage (11.3275ms)
  ✔ retires v8 text storage without changing video metadata, entity ids, or child resources (26.82025ms)
  ✔ stores classification profiles, hierarchy, roles, links, and video references (5.917417ms)
  ✔ rolls back the complete classification migration when entity creation fails (3.568375ms)
  ✔ rolls back classification entities when retiring legacy storage fails (2.682125ms)
  ✔ migrates uncontested names to ownership and preserves cross-actress collisions for review (20.115ms)
  ✔ rolls back name ownership data and schema version when migration fails (15.326875ms)
  ✔ creates the current schema and records user_version (7.337833ms)
  ✔ migrates v6 video files to local resources without losing data (6.766583ms)
  ✔ migrates released v1 inline video files and removes the obsolete write constraint (11.193ms)
  ✔ rejects databases newer than the supported schema version (2.10925ms)
  ✔ upgrades v1 actresses table with avatar source columns (5.513625ms)
  ✔ upgrades v2 actress names to one current primary name without removing visible names (4.885208ms)
  ✔ leaves current-version databases unchanged (0.772042ms)
  ✔ classifies v3 actresses only when a success time has actual profile evidence (10.433709ms)
  ✔ keeps the migrated classification unchanged when migration is run again (10.972917ms)
  ✔ rolls back the whole actress status migration when classification fails (1.638583ms)
✔ database schema (175.941583ms)
▶ V14 unreleased feature consolidation migration
  ✔ creates a fresh database with one active default media library (8.292041ms)
  ✔ upgrades released V13 data while keeping playlist import sessions out of the schema (4.041875ms)
  ✔ scopes pending path identity to each library in the final V14 schema (4.021667ms)
  ✔ enforces one primary per membership while archived sources can be adopted by another library (7.252583ms)
  ✔ rolls back V14 when released source paths normalize to the same identity (2.646292ms)
✔ V14 unreleased feature consolidation migration (27.142459ms)
▶ V15 local NFO import migration
  ✔ creates fresh V15 databases with automatic import enabled and identity constraints (10.839708ms)
  ✔ upgrades V14 rows, preserves the default, and enforces minimal pending identity snapshots (0.936125ms)
  ✔ rolls the migration back and leaves user_version at V14 on schema conflict (0.41675ms)
✔ V15 local NFO import migration (12.79075ms)
✔ adds the cleanup queue and later indexes when upgrading V15 and preserves old business data and damaged diagnostic state (14.672917ms)
✔ rolls back both DDL and version when V16 fails after table creation, then upgrades on retry (7.334042ms)
✔ upgrades V16 without changing any business rows or other schema and matches fresh V17 (18.27825ms)
✔ rolls back index DDL and version after drop failure, then retries (8.273375ms)
✔ rolls back index DDL and version after create failure, then retries (11.402917ms)
▶ getLibraryOverviewStats
  ✔ returns aggregate library counts (16.028708ms)
  ✔ counts actress cumulative status from scraped_status, not last_scraped_at (12.627084ms)
✔ getLibraryOverviewStats (29.45675ms)
✔ scopes scan identities and groups while returning only requested IDs from a large catalog (68.986625ms)
▶ pending resource identity repository
  ✔ persists the minimum conflict snapshot while exposing only safe presentation fields (16.900292ms)
  ✔ upserts one conflict per library path and enforces revision when deleting (11.0455ms)
  ✔ rejects paths outside the root, equal identities, and malformed STRM snapshots (8.683959ms)
  ✔ removes missing conflicts only under roots proven accessible by a safe scan (10.383417ms)
✔ pending resource identity repository (47.469375ms)
✔ matches old group order and global exact path counts without hydrating unrelated groups or resource DTOs (22.02275ms)
✔ handles empty targets and empty paths while preserving zero-resource groups and library isolation (15.642791ms)
✔ keeps selected group metadata and path counts in one snapshot across an external write (22.692208ms)
✔ drives selected groups by primary key and resources by the scoped group index (13.256625ms)
✔ releases the transaction and connection when resource statement preparation fails (14.210292ms)
✔ pages10k scan decisions in legacy order, scopes active libraries and exposes no resource snapshots (50.665209ms)
▶ pendingScanRepo media-library scope
  ✔ keeps same-code groups and resource lookups isolated between libraries (17.952834ms)
  ✔ allows the same normalized path in different libraries while deduplicating inside each library (9.404541ms)
  ✔ rejects a root or group that belongs to another library (9.045584ms)
  ✔ increments revision on upsert and rejects a stale resolution atomically (14.980542ms)
  ✔ can assign the same global video in two libraries without crossing resources (12.615458ms)
  ✔ reconciles only selected roots in the selected library and bumps surviving groups (15.212ms)
  ✔ refreshes a changed STRM snapshot and forces the caller to review the new revision (11.41325ms)
  ✔ moves an already-pending path to the new same-library code without leaving an empty group (9.997875ms)
  ✔ rolls back resources, memberships, and videos if final group deletion fails (11.697833ms)
✔ pendingScanRepo media-library scope (112.962375ms)
✔ counts a large pending inbox without decoding its snapshots and follows deletions (86.263583ms)
✔ pages a 10k inbox without materializing snapshots, locates deep links and clamps deleted pages (100.210416ms)
▶ playlistRepo
  ✔ paginates and filters identically to the full playlist without losing zero-resource rows (38.756083ms)
  ✔ limits a large playlist before returning card details (172.157209ms)
  ✔ keeps metadata out of subsequent video-page queries (8.659458ms)
  ✔ creates playlists with required name and optional fields (8.180666ms)
  ✔ adds videos once per playlist and lists detail videos (7.054166ms)
  ✔ keeps playlist references visible across hidden, archived and missing memberships (10.333625ms)
  ✔ updates playlist metadata and custom cover (7.552083ms)
  ✔ reports video membership and removes videos (9.795209ms)
  ✔ allows one video in multiple playlists without duplicates in one playlist (7.296875ms)
  ✔ rejects blank playlist names (11.128375ms)
  ✔ stores related links on create and update (9.15425ms)
✔ playlistRepo (290.920459ms)
✔ opens a separate read-only WAL connection with matching SQL functions and no migration (19.93575ms)
✔ keeps a read snapshot while the writer commits and observes it on the next transaction (11.817125ms)
✔ rejects missing, old, newer and non-WAL catalogs without initializing or migrating them (3.212958ms)
✔ does not publish an unsuccessfully initialized writer and permits a subsequent valid initialization (10.051708ms)
▶ scoped video catalog repo
  ✔ keeps list resources and membership time inside one library (12.61225ms)
  ✔ loads detail from the injected database and projects only the active library resources (3.334917ms)
  ✔ deduplicates global results and selects the newest eligible membership (4.840584ms)
  ✔ interprets the none resource filter within the selected scope (3.624791ms)
  ✔ treats an archived media-library scope as unavailable (7.891875ms)
  ✔ rejects invalid scope ids before building SQL (9.520583ms)
  ✔ keeps fixed actor and tag filters unique across shared and hidden memberships (10.359292ms)
  ✔ normalizes a single active library and serves no-count pages with identical ordering (9.069709ms)
  ✔ uses bounded indexed queries for a large scoped page (33.660917ms)
✔ scoped video catalog repo (95.771666ms)
{"sourceIterationPlans":[[{"id":4,"parent":0,"notused":156,"detail":"SEARCH video_resources USING INTEGER PRIMARY KEY (rowid>? AND rowid<?)"}],[{"id":4,"parent":0,"notused":156,"detail":"SEARCH video_resources USING INTEGER PRIMARY KEY (rowid>? AND rowid<?)"}]]}
✔ iterates source-managed resources in order while deleting, with bounded reads and rollback (32.144583ms)
▶ tagRepo.pruneUnusedTags
  ✔ deletes tags with no video links and keeps tags still used by a video (12.65425ms)
✔ tagRepo.pruneUnusedTags (13.076333ms)
▶ tagRepo selected labels
  ✔ looks up only selected IDs through the tag primary key and omits deleted IDs (16.074334ms)
  ✔ bounds display labels and JSON bytes without changing full stored names (15.752833ms)
  ✔ rejects invalid or oversized requests and does no SQL work for an empty selection (7.051625ms)
✔ tagRepo selected labels (39.108ms)
▶ tagRepo manual candidates
  ✔ pages alphabetically without counts and retains hidden/manual-only associations (18.171708ms)
  ✔ preserves Unicode/literal substring matching and searches beyond display truncation (10.308917ms)
  ✔ uses tag-key existence checks under skewed statistics and validates its work limits (17.620541ms)
✔ tagRepo manual candidates (46.272958ms)
▶ tagRepo active catalog projection
  ✔ matches manual association and visibility semantics before and after statistics maintenance (27.656ms)
  ✔ deduplicates shared memberships and preserves manual origin and zero-count tags (8.64075ms)
  ✔ counts only videos that can be opened through the active visible catalog (9.703584ms)
✔ tagRepo active catalog projection (46.096542ms)
▶ tagRepo filter candidates
  ✔ paginates names before counts and matches global visibility counts with shared and archived members (10.690834ms)
  ✔ keeps Unicode literal search, bounded labels and page-only count parameters (32.176917ms)
✔ tagRepo filter candidates (42.940041ms)
▶ video lifecycle repo
  ✔ removes only one library membership and replays the same operation idempotently (12.979916ms)
  ✔ moves one external resource and keeps each library primary isolated (6.576791ms)
  ✔ promotes an available source fallback by kind and add time without crossing ownership scope (13.546208ms)
  ✔ rejects moving a local or STRM-managed source without transferring its root (5.042583ms)
  ✔ treats archived source libraries as read-only (3.496ms)
  ✔ rejects a stale preview and globally deletes only after a fresh explicit preview (12.012792ms)
  ✔ invalidates a global-delete preview when any displayed relationship changes (4.406417ms)
✔ video lifecycle repo (58.870834ms)
▶ videoRepo.scrapeStatus
  ✔ does not downgrade an already scraped video when a later scrape fails (21.036708ms)
  ✔ can manually mark an unscraped or failed video as scraped (9.779333ms)
✔ videoRepo.scrapeStatus (31.613833ms)
▶ videoRepo.listVideos
  ✔ rejects attempts to restore classification text storage through generic updates (9.936167ms)
  ✔ sorts and paginates videos (16.007792ms)
  ✔ sorts facet videos by release date desc with missing dates last (8.659959ms)
  ✔ filters by status, year and facet fields (12.119042ms)
  ✔ applies multi-tag AND filters (8.920625ms)
  ✔ filters resource kinds with OR semantics and treats no-resource as zero rows (7.980875ms)
  ✔ projects resource count and primary-first deduplicated resource kinds (8.950708ms)
  ✔ searches videos by actress alias (12.650542ms)
  ✔ preserves SQL LIKE pattern matching in the video search actress branch (15.498041ms)
  ✔ excludes migrated pending actress names from video search (9.508833ms)
✔ videoRepo.listVideos (110.590667ms)
▶ videoRepo.getVideoDetail
  ✔ lists female cast before male cast (11.72975ms)
  ✔ includes external rating stats (11.951792ms)
✔ videoRepo.getVideoDetail (23.766875ms)
▶ videoRepo.setPrimaryVideoResource
  ✔ automatically marks the first resource as primary (9.191958ms)
  ✔ keeps the current primary when a requested primary insert is a duplicate (13.132833ms)
  ✔ marks one resource as primary and clears the previous primary (8.724917ms)
✔ videoRepo.setPrimaryVideoResource (31.136208ms)
▶ videoRepo.posterPath
  ✔ clears the poster when the referenced sample is deleted (9.01025ms)
✔ videoRepo.posterPath (9.07625ms)
▶ videoRepo.listVideosForBatchScrape
  ✔ filters by scrape status (11.011917ms)
  ✔ can constrain batch targets to explicit selected video ids (10.909333ms)
  ✔ filters missing fields by stored path or link, not file health (9.860833ms)
✔ videoRepo.listVideosForBatchScrape (31.929458ms)
▶ videoRepo tags by origin
  ✔ orders scraped tags before manual tags in detail (8.574333ms)
  ✔ editVideoRecord only replaces scraped tags (10.17975ms)
  ✔ editVideoRecord drops unused scraped tags while keeping tags still used elsewhere (10.989791ms)
  ✔ clearVideoMetadataRecord deletes unused scraped tags and keeps manual tags (13.100625ms)
  ✔ editVideoRecord replaces female and male cast separately (10.673542ms)
  ✔ removeManualVideoTag only removes manual tags (12.512834ms)
  ✔ removeManualVideoTag keeps tag when scraped associations remain (8.029125ms)
  ✔ promotes scraped tag to manual when adding the same name (8.317375ms)
✔ videoRepo tags by origin (82.720292ms)
▶ classification IPC contract
  ✔ registers every command and forwards typed arguments to the public services (3.072042ms)
✔ classification IPC contract (3.8115ms)
▶ IPC path guards
  ✔ rejects a rename that contains a path component (1.043458ms)
  ✔ authorizes only files under the selected active root (1.234291ms)
  ✔ rejects a path when the persisted root has been replaced (0.746ms)
  ✔ rejects a file that escapes a configured root through a symbolic link (0.789291ms)
✔ IPC path guards (4.611792ms)
▶ IPC sender security
  ✔ accepts the configured main window and main frame (0.526541ms)
  ✔ rejects another webContents, a child frame, and an untrusted URL (0.505167ms)
  ✔ matches dev origins but requires the exact production file (0.189958ms)
✔ IPC sender security (1.819959ms)
▶ media-library IPC schemas
  ✔ accepts the complete default config sent by the create wizard, including local NFO import (3.127625ms)
  ✔ accepts boolean local NFO settings on update and rejects malformed values on both paths (1.551792ms)
  ✔ accepts exact management commands and rejects loose object shapes (2.38075ms)
  ✔ rejects invalid ids and revisions on every optimistic command shape (0.492708ms)
  ✔ strictly validates home discovery and global-search inputs (0.521209ms)
✔ media-library IPC schemas (8.70875ms)
▶ media-library IPC handlers
  ✔ registers the complete contract and forwards validated arguments (0.497583ms)
  ✔ rejects malformed calls before a dependency is invoked (0.285584ms)
  ✔ preserves root continuity domain errors across validated IPC handlers (0.129708ms)
✔ media-library IPC handlers (1.026083ms)
▶ NFO export IPC schemas
  ✔ accepts the complete closed plan request and rejects missing or extra state (1.947791ms)
✔ NFO export IPC schemas (2.649375ms)
▶ playlist import renderer lifecycle
  ✔ binds every recreated renderer once and cancels only on full navigation or loss (3.834291ms)
  ✔ cancels a non-terminal foreground import when its renderer disconnects (4.252667ms)
  ✔ leaves terminal imports untouched (0.335958ms)
✔ playlist import renderer lifecycle (9.078417ms)
▶ scan latest IPC handler
  ✔ validates libraryId and forwards the scoped latest snapshot (1.422292ms)
✔ scan latest IPC handler (1.764417ms)
✔ bounds the combined audit presence request and validates its library (1.319209ms)
✔ bounds scan pages and validates scoped detail and anchor inputs (0.60125ms)
✔ routes audit header/page through the async reader with trusted budgets and strict scope (0.648167ms)
✔ routes combined view pages with trusted budgets and preserves query and result fields (0.513667ms)
✔ accepts every combined tab/outcome/filter, canonicalizable locales and strict failed anchors (1.790833ms)
✔ rejects invalid combined queries, locales, anchors, snapshots and argument counts (2.822625ms)
✔ propagates combined reader errors instead of falling back to another snapshot or raw page (0.454875ms)
✔ rejects invalid reveal paths before permission lookup and retains strict IPC arguments (0.581375ms)
✔ does not access or reveal an unauthorized audit path (0.225709ms)
✔ returns a handled verification error when the permission reader rejects (0.133459ms)
✔ awaits permission and asynchronous access before revealing the original path exactly once (0.245666ms)
✔ returns fileMissing on asynchronous access failure without revealing (0.307084ms)
▶ scrape IPC schemas
  ✔ strictly validates media-library-scoped video batch scrape commands (3.667208ms)
  ✔ validates the optional media-library scope on single-video scrape commands (0.380791ms)
✔ scrape IPC schemas (4.841208ms)
✔ bounds pending scrape pages and details at the IPC boundary (1.093667ms)
✔ bounds audit pending presence lookups (0.746583ms)
✔ validates token and safe nonnegative avatar snapshot cursor (2.050125ms)
✔ validates manual tag candidate bounds and existing-tag identities (2.820625ms)
✔ bounds selected tag label IPC requests before repository access (0.361417ms)
▶ typed IPC adapter
  ✔ does not expose the legacy unreviewed video deletion command (0.170375ms)
  ✔ forwards command arguments and returns the application result (0.126ms)
  ✔ rejects malformed arguments before invoking the application handler (0.2005ms)
  ✔ accepts link-resource updates without an import-only target (0.270792ms)
  ✔ only accepts metadata retention when removing a last video resource (0.066667ms)
  ✔ accepts one exact plugin approval decision and rejects malformed decisions (0.254292ms)
  ✔ accepts only explicit plugin continuation kinds (0.087209ms)
  ✔ accepts only typed plugin user responses with request-bound actions (0.660458ms)
  ✔ accepts plugin history clearing only without renderer-supplied run ids (0.068667ms)
  ✔ accepts unrecoverable plugin-session discard only without renderer-supplied run ids (0.042167ms)
  ✔ keeps legacy model limits out of the generic settings mutation contract (0.294375ms)
  ✔ validates playlist import start and identity controls at the IPC boundary (0.481083ms)
  ✔ requires the path-removal impact revision at the settings boundary (0.11125ms)
  ✔ accepts only the structured model-management command vocabulary (0.412042ms)
  ✔ serializes successful results and thrown errors (0.596834ms)
  ✔ sends the contracted event payload unchanged (0.051833ms)
✔ typed IPC adapter (4.143375ms)
✔ bounds actress conflict summary pages and keeps detail identities exact (0.200541ms)
✔ validates bounded actress picker requests (0.132041ms)
✔ validates narrow actress identity IDs (0.060042ms)
✔ validates merge candidate paging and keep identity (0.138ms)
✔ accepts only zero arguments for avatar crop count (0.022166ms)
✔ accepts only zero arguments for avatar crop target enumeration (0.020625ms)
✔ validates plugin actress test picker bounds and identities (0.126708ms)
✔ validates actress works page bounds and rejects unexpected filter fields (0.126041ms)
✔ validates metadata IDs and the optional cover-only actor works filter (0.061875ms)
✔ validates bounded actress gallery pages (0.21725ms)
✔ validates a profile header identity without optional wide-data flags (0.052333ms)
✔ validates the optional local photo source filter (0.058875ms)
▶ video query IPC schemas
  ✔ accepts and normalizes a complete list query at every VideoQuery boundary (2.041292ms)
  ✔ rejects malformed fields consistently for lists and global search (3.787166ms)
  ✔ strictly validates catalog scopes and video detail identifiers (0.429542ms)
✔ video query IPC schemas (6.697708ms)
▶ main window asset paths
  ✔ resolves preload and renderer from the app root when appMain is emitted as a chunk (0.647291ms)
✔ main window asset paths (1.087042ms)
▶ LocalNfoSourceAdapter
  ✔ reads its own exported samples with a separate background (portable-v1) (5.904208ms)
  ✔ reads its own exported samples with a separate background (jellyfin-current) (1.714916ms)
  ✔ reads its own exported samples with a separate background (emby-kodi-conservative) (1.496333ms)
  ✔ reads its own exported samples with a separate background (plex-nfo-1.43.1+) (4.605708ms)
  ✔ reads its own exported samples with a separate background (infuse-current) (4.633417ms)
  ✔ keeps explicit and discovered samples scoped to their video in a shared directory (5.207542ms)
  ✔ collects one candidate per physical NFO with local asset capabilities and no paths (4.926ms)
  ✔ uses explicit gender, then existing actor gender, then dialect default (1.14825ms)
  ✔ keeps actress avatar positions aligned after gender field projection (1.248875ms)
  ✔ reads legacy and Kodi actor filenames and follows explicit references for repeated spaces (4.522959ms)
  ✔ treats no sidecar as a quiet no-match and excludes mismatched NFO identity (1.165792ms)
✔ LocalNfoSourceAdapter (37.507916ms)
▶ videoMetadataCandidateStager
  ✔ stages remote and managed-root assets without persisting host paths (11.857ms)
✔ videoMetadataCandidateStager (12.547042ms)
▶ WebScraperSourceAdapter
  ✔ passes the stored code to legacy plugins unchanged while comparing normalized identities (0.731667ms)
  ✔ collects exact candidates with declared remote assets and source evidence (1.867791ms)
✔ WebScraperSourceAdapter (3.015333ms)
▶ VideoMetadataSourceRegistry
  ✔ resolves stable source ids while preserving legacy plugin-name lookup (0.286875ms)
✔ VideoMetadataSourceRegistry (0.424791ms)
✔ exports oriented/cropped artwork with the shipped Electron codec and encrypted asset store (467.506167ms)
▶ NfoExportModule
  ✔ inspects each plan anchor once and reuses the returned canonical directory (9.725667ms)
  ﹣ accepts alternate Windows path spellings for the same physical export directory (0.104292ms) # Windows path aliases are case-insensitive
  ✔ reads selected images linearly and isolates assets that fail or change after planning (426.654167ms)
  ✔ shares identical actor avatars across videos and removes references to conflicting content (47.33675ms)
  ✔ plans without writing and applies an exact-stem NFO plus portable cover (21.624125ms)
  ✔ keeps the default skip policy and rejects a changed target under replace (11.942458ms)
  ✔ marks every planned file stale when source metadata changes (1.839791ms)
  ✔ exports a local STRM source anchor and counts resources without anchors separately (2.153125ms)
  ✔ terminates only between files and leaves completed atomic writes intact (10.755291ms)
  ✔ isolates an image conversion failure from the NFO write (10.150625ms)
  ✔ reports an atomic write failure per item and continues later files (2.147333ms)
  ✔ exports samples as separate attachments and reads them back without background images (54.19575ms)
  ✔ marks colliding sanitized actor avatar targets and omits ambiguous NFO references (21.731292ms)
  ✔ treats case, Unicode and space-to-underscore actor targets as collisions (1.651667ms)
  ✔ makes Windows device actor names portable before planning their target (2.006625ms)
  ✔ keeps unreadable selected images as unavailable plan items without blocking NFO (10.637959ms)
  ✔ warns about requested missing artwork, avatars, and populated fields omitted by a profile (1.025541ms)
  ✔ uses the video stem itself for Infuse cover output and local reference (22.381625ms)
  ✔ plans each physical resource, deduplicates identical targets, and warns only on same-directory identity collisions (3.104916ms)
  ✔ reports real read-only directory failures without leaving temporary files (2.392416ms)
  ✔ rejects a sample-directory symlink introduced after planning (19.384125ms)
  ✔ does not fingerprint a nested export target through a pre-existing symlink (1.594333ms)
  ✔ revalidates a skip target parent before following a newly introduced symlink (20.907208ms)
  ✔ creates consumer-readable sidecars and preserves an existing target mode on replace (20.078833ms)
✔ NfoExportModule (727.400708ms)
▶ NFO export profiles
  ✔ renders all public profiles as valid movie XML without database identities (14.689792ms)
  ✔ applies profile-specific conservative fields and keeps background separate from samples (0.565ms)
  ✔ canonicalizes and deduplicates Plex rating source aliases (1.219958ms)
  ✔ reports populated fields that the selected profile cannot represent (0.26875ms)
✔ NFO export profiles (17.798791ms)
▶ SqliteNfoExportRepository
  ✔ projects exportable metadata while excluding personal rating and watch state (22.592375ms)
✔ SqliteNfoExportRepository (22.927167ms)
▶ NFO export renderer diagnostics
  ✔ redacts POSIX and Windows absolute paths while preserving the reason (1.362667ms)
✔ NFO export renderer diagnostics (1.863542ms)
▶ NfoExportTaskController
  ✔ keeps planning leases until an asynchronous plan settles, including disposal and failures (1.559417ms)
  ✔ holds both leases from plan through apply and releases them at terminal state (4.1945ms)
  ✔ releases leases when a plan is discarded or planning fails (0.224875ms)
  ✔ requests termination and waits for apply before process disposal releases leases (0.408417ms)
  ✔ does not acquire an asset lease when another maintenance task owns the gate (0.131708ms)
✔ NfoExportTaskController (7.21975ms)
▶ NFO export main-window guard
  ✔ binds recreated windows and disposes a foreground task when their renderer is lost (0.954959ms)
  ✔ prevents navigation while a plan or task owns the foreground (0.163041ms)
  ✔ keeps the window open during a running export but allows the coordinated quit path (0.094125ms)
  ✔ releases a held preview plan and allows navigation instead of treating it as a running task (0.080625ms)
✔ NFO export main-window guard (1.978ms)
▶ NFO artifact codec
  ✔ accepts the four synthetic third-party dialect fixtures (5.338709ms)
  ✔ round-trips five canonical Javdex fixtures with stable UTF-8 and LF output (3.966833ms)
  ✔ normalizes the MDC dialect and prefers structured ratings over its scalar duplicate (0.282416ms)
  ✔ normalizes MDCx, Javinizer, and JavSP field variants (0.414667ms)
  ✔ reports unknown legal tags and remote artwork without retaining remote URLs as assets (0.266208ms)
  ✔ rejects DTD, entities, oversized input, excessive depth, node count, and field size (15.224125ms)
✔ NFO artifact codec (26.041542ms)
▶ NFO sidecar locator
  ✔ prefers exact stem and reports a differing movie.nfo without exposing either path (8.646833ms)
  ✔ uses movie.nfo only for one anchor or one logical code and rejects mixed directories (8.3145ms)
  ✔ deduplicates physical sidecars and rejects symlink escapes at issue and read time (13.128042ms)
✔ NFO sidecar locator (30.532084ms)
▶ parseCode
  ✔ parses standard codes (1.178333ms)
  ✔ parses 規格品番 ADV-R and ADV-SR (0.068667ms)
  ✔ does not mis-parse ADV-R0484 as R0-484 (0.047ms)
  ✔ parses FC2 and Heyzo (0.041625ms)
  ✔ parses DMM h_ prefix (0.036834ms)
  ✔ parses date-based uncensored ids (0.038292ms)
  ✔ extracts code after @ in filename (0.041875ms)
  ✔ returns null for noise-only names (0.042875ms)
  ✔ rejects no-hyphen and short-prefix patterns (0.077083ms)
✔ parseCode (2.052459ms)
✔ matches original find by object identity for posix paths and both alias modes (4.278458ms)
✔ preserves the earliest parent, alias and duplicate root for posix (1.01725ms)
✔ matches original find by object identity for win32 paths and both alias modes (2.587042ms)
✔ preserves the earliest parent, alias and duplicate root for win32 (0.243417ms)
✔ matches UNC and namespace paths without expanding the old predicate (0.478583ms)
✔ keeps relative-root fallback and validation short circuit behavior (0.891167ms)
✔ does not introduce whitespace or NUL validation (0.261333ms)
✔ matches deterministic mixed path cases including Windows lexical edge forms (77.777292ms)
✔ checks only ancestor candidates instead of testing every unrelated root (1.841375ms)
▶ libraryScanAuditStore
  ✔ atomically replaces and restores the complete latest audit (9.638041ms)
  ✔ fails closed for malformed audit documents (7.39075ms)
  ✔ reads schema 2 NFO dispositions while retaining schema 1 compatibility (4.5145ms)
✔ libraryScanAuditStore (22.280708ms)
▶ ScanCoordinator
  ✔ coalesces display progress while preserving per-file callbacks and the final event (17.15625ms)
  ✔ flushes pending progress before a failure without delaying the failure event (1.026458ms)
  ✔ binds an offline-created root identity and refreshes the frozen snapshot before scanning (1.546917ms)
  ✔ persists matching complete audit details with the latest summary (0.346542ms)
  ✔ publishes scan lifecycle events for every trigger (0.219084ms)
  ✔ uses one frozen configuration snapshot for the complete run (0.172167ms)
  ✔ reconciles resource identity pending rows only under roots proven safe after traversal (0.284ms)
  ✔ preserves offline roots and removes only missing local resources under accessible roots (1.008708ms)
  ✔ aborts cleanup when a local path cannot be audited (0.345417ms)
  ✔ treats a root that becomes unreadable after traversal as offline (0.160792ms)
  ✔ rechecks the frozen root identity immediately before cleanup writes (0.137375ms)
  ✔ does not run cleanup after cancellation and releases the mutual-exclusion lease (0.177583ms)
  ✔ keeps resources after a coordinator-level failure (0.227375ms)
  ✔ skips every destructive cleanup after a file processing failure (0.363458ms)
  ✔ replaces the unrecognized-file snapshot after every safe completed scan (0.379292ms)
  ✔ completes safe cleanup with errors when failures are isolated to STRM files (0.390959ms)
  ✔ consumes deferred path cleanup only after a successful uncancelled scan (0.282ms)
  ✔ keeps deferred path cleanup queued after a partial folder scan (0.285458ms)
  ✔ allows a full cleanup-only scan after the final configured folder was removed (0.17275ms)
  ✔ removes many non-primary resources without reading sibling resource lists (6.973583ms)
  ✔ consumes cleanup references lazily and closes iteration on a path failure (0.261834ms)
  ✔ preserves all three cleanup audit sequences above the argument limit (357.906875ms)
  ✔ removes resource-less memberships after deferred cleanup on a safe full scan (0.245709ms)
  ✔ persists a sanitized failed summary without running destructive cleanup (0.192792ms)
  ✔ rolls back resource cleanup and keeps pending roots when auto-delete fails (0.165917ms)
  ✔ keeps pending roots when the cleanup transaction cannot commit (0.92275ms)
  ✔ rejects duplicate scans and scans blocked by resource maintenance (24.839583ms)
✔ ScanCoordinator (417.790959ms)
✔ reads pending audit summaries with only referenced groups and all exact pending paths (0.204792ms)
✔ skips the pending audit DB reader for no-files (0.086ms)
✔ skips the pending audit DB reader for non-pending (0.038459ms)
✔ skips the pending audit DB reader for pending-without-group (0.03275ms)
✔ keeps original first root for cleanup and unrecognized summary with parent-first (0.248375ms)
✔ keeps original first root for cleanup and unrecognized summary with child-first (0.087583ms)
✔ uses the early realPath alias for cleanup but only configured paths for summary (0.189333ms)
✔ does not try a later matching root after cleanup-present authorization fails (0.423875ms)
✔ does not try a later matching root after cleanup-missing authorization fails (0.234166ms)
✔ does not try a later matching root after summary authorization fails (0.303875ms)
✔ reauthorizes the first matching root for unknown pending paths without inspecting unmatched paths or falling back (0.37275ms)
▶ scanFolders
  ✔ rejects an archived library atomically when manual import resumes after probing (14.463792ms)
  ✔ rejects manual import when the root is physically replaced while duration probing is suspended (13.936625ms)
Scan error for /var/folders/h4/zxrt6zwx6dv1n16kwxzltqgh0000gn/T/javdex-scan-cqKEw8/scan-replaced-root/RACE-003.mp4 Error: 只能操作身份有效的启用媒体库根目录内文件
    at rejectManagedRootFile (/Users/nut/Project/JavdexLabs/Javdex/src/main/services/mediaLibraryRootFileGuard.ts:32:9)
    at requireCurrentRootIdentity (/Users/nut/Project/JavdexLabs/Javdex/src/main/services/mediaLibraryRootFileGuard.ts:86:5)
    at assertRootFile (/Users/nut/Project/JavdexLabs/Javdex/src/main/services/mediaLibraryRootFileGuard.ts:98:27)
    at assertMediaLibraryRootFile (/Users/nut/Project/JavdexLabs/Javdex/src/main/services/mediaLibraryRootFileGuard.ts:170:3)
    at authorizeMediaLibraryRootFile (/Users/nut/Project/JavdexLabs/Javdex/src/main/services/mediaLibraryRootFileGuard.ts:230:3)
    at authorizeFileWrite (/Users/nut/Project/JavdexLabs/Javdex/src/main/scanner/scanner.ts:656:7)
    at scanFolders (/Users/nut/Project/JavdexLabs/Javdex/src/main/scanner/scanner.ts:1142:7)
    at async TestContext.<anonymous> (/Users/nut/Project/JavdexLabs/Javdex/src/main/scanner/scanner.test.ts:447:20)
    at async Test.run (node:internal/test_runner/test:1332:7)
    at async Suite.processPendingSubtests (node:internal/test_runner/test:911:7)
  ✔ keeps scan state unchanged when a frozen root is physically replaced during probing (20.562334ms)
Scan error for /var/folders/h4/zxrt6zwx6dv1n16kwxzltqgh0000gn/T/javdex-scan-QjYvVr/rename-import-replaced-root/RACE-004.mp4 Error: 只能操作身份有效的启用媒体库根目录内文件
    at rejectManagedRootFile (/Users/nut/Project/JavdexLabs/Javdex/src/main/services/mediaLibraryRootFileGuard.ts:32:9)
    at requireCurrentRootIdentity (/Users/nut/Project/JavdexLabs/Javdex/src/main/services/mediaLibraryRootFileGuard.ts:86:5)
    at assertRootFile (/Users/nut/Project/JavdexLabs/Javdex/src/main/services/mediaLibraryRootFileGuard.ts:98:27)
    at assertMediaLibraryRootFile (/Users/nut/Project/JavdexLabs/Javdex/src/main/services/mediaLibraryRootFileGuard.ts:170:3)
    at authorizeMediaLibraryRootFile (/Users/nut/Project/JavdexLabs/Javdex/src/main/services/mediaLibraryRootFileGuard.ts:230:3)
    at authorizeFileWrite (/Users/nut/Project/JavdexLabs/Javdex/src/main/scanner/scanner.ts:656:7)
    at scanFolders (/Users/nut/Project/JavdexLabs/Javdex/src/main/scanner/scanner.ts:1074:9)
    at async renameAndImport (/Users/nut/Project/JavdexLabs/Javdex/src/main/scanner/scanner.ts:1456:20)
    at async TestContext.<anonymous> (/Users/nut/Project/JavdexLabs/Javdex/src/main/scanner/scanner.test.ts:536:19)
    at async Test.run (node:internal/test_runner/test:1332:7)
  ✔ does not commit or rename a replacement-root file when rename-import resumes after probing (22.570833ms)
  ✔ rejects a disabled target root at the resource transaction boundary (9.170583ms)
  ✔ reuses archived local and STRM source paths without crossing library ownership (17.064417ms)
  ✔ imports mixed local and STRM resources into one video and keeps the local file primary (13.351209ms)
  ✔ chooses the scan primary independently of directory entry order (9.819875ms)
  ✔ reselects the primary when scanning into an existing resource-less video (9.644291ms)
  ✔ keeps mixed local and STRM resources in one masked pending group (14.793ms)
  ✔ rejects a stale pending STRM assignment, refreshes its snapshot, then accepts it (9.666542ms)
  ✔ removes an invalidated STRM snapshot from the pending group on a later scan (13.156042ms)
  ✔ syncs a changed STRM target in place while preserving primary and user-maintained fields (11.12325ms)
  ✔ isolates invalid STRM files and retries them without replacing a bound target (16.540959ms)
  ✔ relocates STRM only when the complete filename and target identify one missing source (16.995916ms)
  ✔ loads STRM candidates once per scan across imports, moves and pending writes (248.540459ms)
  ✔ relocates a bound STRM after its video code has been corrected (15.106917ms)
  ✔ holds new resources for confirmation when several videos already use the code (10.598459ms)
  ✔ keeps an already-pending path out of relocation and refreshes its pending snapshot (10.582584ms)
  ✔ holds a same-scan multi-file code together when automatic assignment is disabled (17.105542ms)
  ✔ does not let an invalid STRM force a valid same-code video into confirmation (13.568666ms)
  ✔ persists a pending scan group across database reopen and assigns it atomically (13.029209ms)
  ✔ rolls back every scan assignment when final pending-group deletion fails (10.186458ms)
  ✔ imports one unambiguous file normally when automatic assignment is disabled (8.620875ms)
  ✔ holds a new resource that matches one existing video when automatic assignment is disabled (13.930458ms)
  ✔ promotes the available resource when assigning into an existing video without a primary (8.482333ms)
  ✔ normalizes a manual code and attaches to an existing case-insensitive identity (135.088833ms)
  ✔ aborts when a nested directory cannot be audited (8.386875ms)
  ✔ imports a symbolic-link video by its link path and file name (10.791042ms)
  ✔ does not follow symbolic-link directories (8.373875ms)
  ✔ silently skips a broken symbolic-link video (8.076375ms)
  ✔ leaves missing-resource cleanup to the high-level scan coordinator (13.041375ms)
  ✔ keeps distinct symbolic-link paths that point to the same target (10.745958ms)
  ✔ keeps a resource under an unavailable root when the same code appears online (10.582125ms)
  ✔ relocates one same-code video by a unique file-size match without requiring the old name (8.143167ms)
  ✔ uses full file name and size to relocate safely when several videos share a code (9.224208ms)
  ✔ does not relocate when full file name and size match more than one duplicate-code video (8.765875ms)
  ✔ treats a new file normally when an old same-code path cannot be audited (14.034833ms)
  ✔ keeps an unrecognized rename and only rediscovers the renamed file (13.993625ms)
  ✔ uses the scan same-code pending flow when automatic merging is disabled (13.899833ms)
  ✔ renames and discovers the code without a manual code or target (14.754458ms)
  ✔ renames and imports an unrecognized STRM as a source-managed link (16.750291ms)
  ✔ imports recognized videos and reports unrecognized files (12.486667ms)
  ✔ reuses scanned directory entries when checking a directory without NFO files (57.50475ms)
  ✔ refreshes a changed local identity snapshot on rescan before user confirmation (23.252125ms)
  ✔ refreshes a changed strm identity snapshot on rescan before user confirmation (10.428375ms)
  ✔ uses NFO identity only for newly discovered resources when automatic import is enabled (18.557167ms)
  ✔ yields between immediately resolved NFO batches so abort runs without losing committed audits or primaries (98.707ms)
  ✔ yields while delivering final audits but drains every committed entry and reports cancellation (100.813125ms)
  ✔ yields inside one committed NFO batch and retains imported audits for all its anchors (90.52575ms)
  ✔ yields between completed primary selections and still settles every committed resource after abort (119.454375ms)
  ✔ handles cancellation during the only or first NFO application and preserves committed file audits (24.240416ms)
  ✔ aggregates first-discovery NFO candidates once per video after all resources are assigned (14.921167ms)
  ✔ does not count an existing pending resource identity as a new same-code file (11.198916ms)
  ✔ keeps distinct local NFO candidates in the existing confirmation workflow (18.547792ms)
  ✔ persists a filename/NFO identity conflict without creating formal library records (8.423792ms)
  ✔ persists only a masked STRM target projection for an NFO identity conflict (8.790834ms)
  ✔ keeps a valid filename import when its NFO is invalid and records only a secondary warning (11.169833ms)
  ✔ uses NFO identity across libraries but never overwrites a globally scraped-success video (11.052834ms)
  ✔ applies local NFO with fill-empty semantics for new and failed videos (16.396ms)
  ✔ reattaches a scanned file to an existing no-resource video without replacing metadata (9.233125ms)
  ✔ yields while scanning large batches (105.096541ms)
  ✔ collects a very large root without overflowing call arguments before cancellation (1629.300167ms)
  ✔ stops when cancelled (62.802042ms)
  ✔ skips new imports shorter than 30 minutes (11.394ms)
  ✔ skips short files before unrecognized handling (12.328459ms)
  ✔ stores probed duration on import (11.236042ms)
  ✔ refreshes duration when the file changes on rescan (17.293709ms)
  ✔ skips duration probe on rescan when file is unchanged (12.811834ms)
  ✔ emits one final audit outcome for every processed file (9.759083ms)
✔ scanFolders (3428.537333ms)
▶ STRM parser
  ✔ matches the STRM extension without case sensitivity (0.3505ms)
  ✔ accepts one HTTP target after BOM, blank lines, comments, and Kodi properties (1.513125ms)
  ✔ normalizes supported HTTP, Magnet, and ED2K targets through the resource contract (0.434917ms)
  ✔ rejects empty, multiple-target, invalid UTF-8, and unsupported-protocol content (0.486708ms)
  ✔ accepts exactly 1 MiB and rejects larger input without truncation (1.435625ms)
✔ STRM parser (5.054875ms)
✔ matches unique missing sources and retains filename, target, root and uncertainty rules (1.750708ms)
✔ incrementally tracks same-scan insertions and target/path changes, but invalidates unknown writes (0.545875ms)
✔ does not acknowledge unrelated writes or a failed mutation as a complete cache update (0.360625ms)
✔ retains the cache for known pending writes but cannot hide an intervening external write (0.193625ms)
✔ examines one matching candidate per lookup in a 10000-resource relocation (86.399ms)
✔ examines one matching candidate per lookup in a 20000-resource relocation (107.28425ms)
✔ examines one matching candidate per lookup in a 300382-resource relocation (2001.521625ms)
✔ examines one matching candidate per lookup in a 600764-resource relocation (4003.611416ms)
✔ indexes target keys as well as filenames when many directories use the same filename (80.588875ms)
▶ videoDuration
  ✔ resolves configured minutes to seconds (0.46625ms)
  ✔ treats unknown duration as not below minimum (0.048ms)
  ✔ flags durations shorter than threshold (0.036167ms)
  ✔ prefers scraped duration over primary resource duration (0.055667ms)
  ✔ uses primary resource duration when scraped duration is missing (0.044333ms)
  ✔ returns null when both durations are missing (0.035625ms)
  ✔ only refreshes stored local resource duration when probe value changed (0.038ms)
  ✔ only probes when duration is missing or file fingerprint changed (0.068625ms)
✔ videoDuration (1.252791ms)
▶ actressScraperManager
  ✔ returns a pending outcome without partially applying a conflicting profile (113.139875ms)
  ✔ clears the selected avatar in replace mode when the matched source has no avatar (82.664125ms)
  ✔ promotes an unscraped actress to scrape success when a profile field is applied (96.818208ms)
  ✔ records a failed scrape without a success time when no profile matches (96.591375ms)
  ✔ records a failed scrape without a success time when the source throws (97.134541ms)
  ✔ records failure in replace-if-present mode when a matched profile has no selected value (89.953458ms)
  ✔ promotes a previously failed actress when a later scrape applies valid data (91.877959ms)
  ✔ skips fill-empty scraping without changing cumulative status when no selected field is missing (56.166166ms)
  ✔ skips fillEmpty when a matched profile has no new values for remaining empty fields (106.492709ms)
  ✔ still fails fillEmpty when a matched profile has no usable field values (85.92675ms)
  ✔ keeps cumulative success and its timestamp when a later scrape fails (91.709334ms)
  ✔ lets Gfriends try stored aliases after the main name without enabling global alias search (57.098417ms)
  ✔ applies successful field sources when another source fails (167.808333ms)
  ✔ preserves a field in replace mode when its composite source fails (167.147875ms)
  ✔ clears a field in replace mode when its composite source matched with no value (176.957ms)
  ✔ records failure when every configured composite source fails (163.8925ms)
  ✔ warns when a composite avatar source cannot download its result (170.747583ms)
  ✔ preserves the existing gallery when every returned image is unusable (93.68025ms)
✔ actressScraperManager (2007.371875ms)
▶ bundled video candidate plugins
  ✔ normalizes year-month values through the documented sandbox helper (76.639583ms)
  ✔ JavDB fetches every first-page exact match and never falls back to a fuzzy item (46.085417ms)
  ✔ JavDB fails the complete scrape when any exact-match detail fails (50.530459ms)
  ✔ JavLibrary returns all exact cards and ignores title containment or first-item fallback (56.498833ms)
✔ bundled video candidate plugins (230.783959ms)
▶ isCloudflareChallengeText
  ✔ trusts the official cf-mitigated challenge response header signal (0.9145ms)
  ✔ detects classic JS challenge interstitial markers (0.138ms)
  ✔ ignores passive challenge-platform scripts on normal JavDB detail pages (0.55075ms)
  ✔ detects managed challenge markers (0.044542ms)
  ✔ detects body copy only with Cloudflare co-signals (0.068875ms)
  ✔ detects turnstile-only shells but not embedded widgets on content pages (0.042583ms)
  ✔ does not treat normal pages, helper copy, or vague phrases as Cloudflare (0.141166ms)
✔ isCloudflareChallengeText (2.313833ms)
▶ buildPluginRegistry
  ✔ lets user scrapers override bundled names (0.570583ms)
✔ buildPluginRegistry (1.163917ms)
▶ runCompositeFieldGroups
  ✔ groups fields, picks, and merges across plugins (0.71525ms)
  ✔ aborts on the first plugin error when policy is abort (0.629083ms)
  ✔ collects per-plugin warnings and continues when policy is collect (0.252875ms)
  ✔ throws when every grouped source fails under collect policy (0.274333ms)
  ✔ returns a null result when every plugin yields no match (0.169625ms)
✔ runCompositeFieldGroups (2.419833ms)
▶ configuredScraperService
  ✔ normalizes legacy settings without a service config and drops an unusable MetaTube default (12.61325ms)
  ✔ normalizes origins and path prefixes while rejecting unsafe base URLs (0.617833ms)
  ✔ stores only public configuration in settings and requires acknowledgement for remote HTTP tokens (1.9415ms)
  ✔ blocks clearing while MetaTube is referenced and clears address plus token otherwise (2.177417ms)
  ✔ keeps bearer credentials on the configured origin and preserves a base path (1.853708ms)
  ✔ snapshots the address, proxy choice, and token for an in-flight scrape (1.836ms)
  ✔ rejects cross-origin redirects before sending credentials to the target (0.532292ms)
  ✔ rejects HTTPS downgrade redirects (0.44125ms)
  ✔ classifies authentication, rate-limit, server, malformed, and oversized responses (0.812292ms)
  ✔ tests draft configuration without persisting its token (0.423375ms)
✔ configuredScraperService (23.934333ms)
▶ Gfriends bundled actress plugin
  ✔ prefers the main name and selects its last quality-ordered avatar candidate (47.6335ms)
  ✔ uses the first exact alias only when the main name has no candidate (42.774583ms)
  ✔ does not return a fuzzy name match (47.921708ms)
  ✔ uses the current jsDelivr namespace when the primary index is unavailable (36.131416ms)
  ✔ reserves Gfriends as a built-in actress plugin name (0.152542ms)
✔ Gfriends bundled actress plugin (175.253541ms)
▶ MetaTube bundled video plugin
  ✔ keeps exact providers in search order and maps the documented fields (67.179625ms)
  ✔ returns no candidates for search 404 or fuzzy-only search results (97.086917ms)
  ✔ rejects a detail whose exact code differs from its search item (51.836291ms)
  ✔ rejects too many exact providers before requesting details (39.527584ms)
  ✔ fails the entire scrape if one exact detail request fails (46.765292ms)
[scraper:MetaTube] MetaTube 样张超过 40 张，已截断
  ✔ caps public sample proxy URLs at forty without putting credentials in them (49.525708ms)
  ✔ rejects incompatible known fields and caps detail concurrency at four (101.723583ms)
✔ MetaTube bundled video plugin (455.052208ms)
▶ MetaTube service integration
  ✔ runs connection checks and the bundled worker against a local fake HTTP service (86.267417ms)
✔ MetaTube service integration (86.723875ms)
▶ action network capture
  ✔ keeps http(s) query strings and strips credentials (0.662917ms)
  ✔ redacts credential-bearing query values before exposing recent requests (0.154208ms)
  ✔ omits sensitive post bodies (0.112167ms)
  ✔ records only an active action window and does not label search (0.834791ms)
  ✔ keeps the newest requests when the action window overflows (0.171958ms)
✔ action network capture (2.38ms)
▶ browser evaluate policy
  ✔ allows forbidden API names inside diagnostic strings, comments and regular expressions (6.421792ms)
  ✔ still rejects executable references and computed access to forbidden APIs (0.425959ms)
  ✔ rejects credential, storage and sensitive form access (0.373417ms)
  ✔ rejects live-page mutation and computed property access (0.337ms)
  ✔ rejects destructuring aliases that recover live-realm capabilities (0.279083ms)
  ✔ names the forbidden API and points markup reads to html (1.779542ms)
  ✔ uses one normalized evaluator and drains timeout cleanup before rejecting (4.721ms)
✔ browser evaluate policy (15.389792ms)
▶ ScrapeBrowserHost leases
  ✔ reuses the same owner and rejects a competing owner immediately (1.341334ms)
  ✔ freezes proxy and stops the helper as soon as a scrape lease is released (0.996166ms)
  ✔ closes the active helper session with the main window and remains reusable (0.251042ms)
  ✔ presents the helper through the lease without exposing it as a plugin browser action (0.10775ms)
  ✔ invalidates all lease actions when its operation signal is cancelled (0.080041ms)
  ✔ terminates the helper when an in-flight Playwright action is cancelled (0.387125ms)
  ✔ terminates the helper before reporting an evaluate timeout (504.186875ms)
  ✔ keeps oversized ARIA complete for the artifact layer (1.194792ms)
  ✔ sends cancel, ignores a late response and kills a non-cooperative helper after 500ms (1042.318459ms)
  ✔ keeps one click successful while transient post-action observation recovers (1.026458ms)
  ✔ blocks a disallowed main-frame navigation before an agent action sends it (0.295709ms)
  ✔ returns bounded scroll metrics and invalidates refs without changing the document revision (0.28375ms)
  ✔ extracts a host-owned load-more availability signal with the candidate snapshot (0.200709ms)
  ✔ returns the host-owned terminal proof result with the candidate snapshot (0.064333ms)
  ✔ returns pending after a successful action but makes explicit snapshot pending retryable (0.240625ms)
  ✔ classifies a failed state action with a changed revision as uncertain without replaying it (0.113ms)
  ✔ keeps selector uniqueness failures as ordinary action failures (0.061875ms)
  ✔ reports zero matches separately from multiple matches (0.036958ms)
✔ ScrapeBrowserHost leases (1554.086125ms)
▶ normalizeNetworkUrl
  ✔ strips hash and lowercases host (0.389625ms)
  ✔ returns null for invalid URLs (0.05225ms)
✔ normalizeNetworkUrl (0.775417ms)
▶ networkUrlPathKey
  ✔ drops search and hash (0.047584ms)
✔ networkUrlPathKey (0.089209ms)
▶ isImageNetworkResource
  ✔ accepts Image resource type (0.085792ms)
  ✔ accepts image mime types (0.045875ms)
  ✔ rejects non-images and error statuses (0.0375ms)
✔ isImageNetworkResource (0.238208ms)
▶ hasImageMagicBytes
  ✔ detects jpeg and rejects html (0.113625ms)
✔ hasImageMagicBytes (0.157541ms)
▶ ImageBodyLruCache
  ✔ returns exact and aliased URLs (0.180667ms)
  ✔ matches unique path when query differs (0.094458ms)
  ✔ does not path-match when multiple distinct bodies share a path (0.114958ms)
  ✔ evicts oldest entries by count (0.094625ms)
  ✔ clears all state (0.082833ms)
✔ ImageBodyLruCache (0.641333ms)
▶ prioritizeInspectLinks
  ✔ keeps a main result card when more than maxLinks navigation links precede it (0.4935ms)
  ✔ preserves DOM order within priority groups and deduplicates after prioritizing (1.115959ms)
✔ prioritizeInspectLinks (2.30875ms)
▶ selectInspectLocaleLinks
  ✔ keeps locale anchors in document order and always allows an empty result (0.267917ms)
  ✔ caps locale anchors without mixing them back into content ranking (0.178833ms)
✔ selectInspectLocaleLinks (0.608666ms)
▶ selectInspectScriptSrcs
  ✔ keeps document order, deduplicates, and allows an empty result (0.19225ms)
✔ selectInspectScriptSrcs (0.269042ms)
▶ inspectLinkRawHref
  ✔ omits rawHref when the HTML attribute already matches the resolved href (0.079375ms)
  ✔ keeps protocol-relative and path-only attributes that cheerio will see (0.0345ms)
✔ inspectLinkRawHref (0.175792ms)
▶ ScrapeBrowserFramedSocket
  ✔ rejects the wrong token, parent pid, protocol version or CDP port (0.602583ms)
  ✔ round-trips authenticated hello frames and native Buffers (6.223708ms)
  ✔ rejects an oversized incoming frame before allocating its body (0.664041ms)
✔ ScrapeBrowserFramedSocket (7.91375ms)
▶ scrape browser readiness
  ✔ does not resolve an intermediate verification page even when it has matching content (0.67525ms)
  ✔ does not accept selectors found on a verification page (0.112375ms)
✔ scrape browser readiness (1.6365ms)
▶ ScrapeBrowserWaitBudget
  ✔ does not consume the page timeout while Cloudflare verification is active (0.174167ms)
  ✔ still enforces the page timeout while no challenge is active (0.073167ms)
  ✔ caps manual verification independently from the page timeout (0.070875ms)
  ✔ accumulates the verification cap across repeated challenge periods (0.061917ms)
✔ ScrapeBrowserWaitBudget (0.554875ms)
✔ buildScrapeUserAgent drops Electron and app product tokens (0.884917ms)
✔ derivePlatformFromOsToken maps Windows, macOS and Linux (0.301167ms)
✔ resetScrapeUaProfileCache clears memoized profile (0.099416ms)
▶ scraperManager plugin availability gates
  ✔ publishes the built-in local NFO source as runnable but not editable or exportable (4.198791ms)
  ✔ lists MetaTube for configuration but excludes it from executable names until configured (3.254709ms)
  ✔ rejects unconfigured service plugins as new composite field sources (4.935583ms)
✔ scraperManager plugin availability gates (12.953ms)
▶ scraperPluginSandbox
  ✔ loads cheerio/slim so packaged scrapers do not need undici (39.695375ms)
  ✔ terminates a non-returning plugin worker when the caller aborts (28.673792ms)
  ✔ does not report an aborted run as settled while a started host RPC is still running (110.9735ms)
  ✔ serves repeated persistent fetchBuffer calls from the plugin resource cache (61.89525ms)
✔ scraperPluginSandbox (242.061625ms)
▶ scraperPluginService
  ✔ describes bundled video scraper fields from shipped manifests (7.783125ms)
  ✔ describes bundled actress scraper fields from shipped manifests (1.270292ms)
  ✔ drops unknown actress supported field ids from packages (45.2615ms)
  ✔ lists bundled plugins shipped with the app (0.947583ms)
  ✔ reads bundled plugin packages for export and AI debug (1.2365ms)
  ✔ keeps MetaTube visible but unavailable until configured (0.689084ms)
  ✔ rejects a user package that tries to declare a trusted service binding (0.391958ms)
  ✔ does not assign a standalone delay to composite scrapers (1.363417ms)
  ✔ imports and executes a custom video plugin through the BaseScraper adapter (87.725542ms)
  ✔ normalizes video ratings to valid 5-point records only (0.621291ms)
  ✔ reads an installed custom plugin package for AI debugging (37.575125ms)
  ✔ imports and executes a custom actress plugin through the BaseActressScraper adapter (77.528375ms)
  ✔ rejects custom plugins that reuse a built-in name (0.957542ms)
  ✔ renames legacy user plugins that override built-in names to -custom (4.153875ms)
  ✔ preserves settings for a legacy user plugin named after retired JAV8 (1.40425ms)
  ✔ uses -custom-2 when -custom is already taken (3.357625ms)
  ✔ keeps bundled plugins visible after rejecting a same-name custom install (0.980792ms)
  ✔ rejects duplicate custom plugin names (33.297833ms)
  ✔ atomically replaces a user plugin without leaving staging or backup directories (88.434584ms)
  ✔ rejects plugin names that collide after filename sanitization (45.904666ms)
  ✔ rejects packages without kind (1.560667ms)
  ✔ exports packages with kind (39.499667ms)
✔ scraperPluginService (483.071083ms)
▶ ScraperResourceCache
  ✔ reuses a fresh plugin resource without another network request (2.060833ms)
  ✔ reuses a fresh plugin resource after the cache is recreated (3.051375ms)
  ✔ revalidates an expired resource with its ETag and retains a 304 body (2.274292ms)
  ✔ returns an expired resource when revalidation fails and stale fallback is enabled (0.918458ms)
  ✔ rejects a resource larger than the host entry quota (0.371333ms)
  ✔ rejects writes beyond the host quota for one plugin (0.885083ms)
  ✔ enforces the plugin quota across concurrent resource commits (1.132958ms)
✔ ScraperResourceCache (11.211875ms)
▶ trusted scraper service sandbox bridge
  ✔ exposes service methods only to a trusted binding while keeping the token in main (89.664458ms)
  ✔ fails before starting a trusted worker when the service is not configured (1.4605ms)
✔ trusted scraper service sandbox bridge (91.822083ms)
▶ scraperManager.scrapeVideo
  ✔ uses the built-in local NFO source for manual, composite, and default runs without network fallback (31.195ms)
  ✔ treats a missing local NFO as a normal no-match without marking scrape failure (9.893291ms)
  ✔ uses only the effective composite field sources to classify a quiet local NFO no-match (74.15975ms)
  ✔ delivers actress avatars to the merged cast positions across local and web composite sources (111.881875ms)
  ✔ persists exact multi-candidate results without selecting or applying one by default (79.971042ms)
  ✔ stages every declared candidate image even when the field was not selected (80.06375ms)
  ✔ confirms a candidate from the local snapshot without visiting the remote site again (106.866416ms)
  ✔ discards pending candidates, cleans staging, and preserves cumulative success (93.680458ms)
  ✔ replaces pending staging and removes the replacement after a later unique success (328.022209ms)
  ✔ startup cleanup removes only old unreferenced video staging directories (93.058625ms)
  ✔ filters exact-code mismatches and conservatively deduplicates normalized source urls (101.141125ms)
  ✔ rejects an invalid candidate array atomically and preserves an older pending decision (190.526292ms)
  ✔ keeps the old pending snapshot and staging when a valid replacement fails mid-transaction (200.151417ms)
  ✔ returns every exact-code exclusion warning when no candidate remains (94.5265ms)
  ✔ applies the only exact candidate after exclusions without creating pending state (96.335416ms)
  ✔ normalizes a year-month release date to the first day of that month (80.487209ms)
  ✔ keeps a unique candidate pending when applying it would duplicate a business identity (109.936583ms)
  ✔ rolls back a conflict merge and candidate apply when pending deletion fails (89.101292ms)
  ✔ returns director candidates before writes and applies an explicit choice on retry (128.222792ms)
  ✔ keeps an ambiguous director during batch-style scraping and applies safe fields (84.0245ms)
  ✔ reports a matched result as skipped when no selected value can be applied (79.964667ms)
  ✔ stores composite source links and ratings under their actual field plugins (197.103459ms)
  ✔ persists and confirms composite candidates independently per source (301.578708ms)
  ✔ ignores unsupported fields before validating and applying the selected plugin result (808.95625ms)
  ✔ still rejects a malformed field when the plugin declares it as supported (636.852542ms)
  ✔ preserves a composite field when its source does not match but another source succeeds (715.105708ms)
downloadCover failed: TEST-001 https://cover.example/broken.jpg response is not a usable image
  ✔ applies text data but preserves an old cover when the returned image is unusable (585.456875ms)
downloadSamples failed: TEST-001 1 https://sample.example/two.jpg response is not a usable image
  ✔ discards the whole sample set when any sample download fails but still applies text (651.429334ms)
  ✔ compensates downloaded assets when the apply phase throws after downloads commit (690.596ms)
  ✔ discards a downloaded cast avatar when the actress already has a usable avatar (747.968834ms)
✔ scraperManager.scrapeVideo (7601.07725ms)
▶ Xslist bundled actress plugin
  ✔ treats the site anonymous image as no avatar (58.543541ms)
  ✔ keeps a real profile avatar (35.301583ms)
✔ Xslist bundled actress plugin (94.714166ms)
▶ actress batch scrape persistence lifecycle
  ✔ persists one stable job id and advances pending targets across restart (285.6185ms)
  ✔ loads a legacy task without tri-state fields using a stable fallback job id (100.762709ms)
  ✔ clears a cancelled task file without deleting its completed pending result (185.675416ms)
  ✔ persists only a canonical status and the start-time target snapshot (206.839667ms)
  ✔ recovers a paused checkpoint after an application restart cache reset (108.030417ms)
  ✔ normalizes a legacy scraped paused job without rewriting progress (130.414833ms)
  ✔ normalizes an omitted scrapeStatus to all while preserving the snapshot (133.484625ms)
  ✔ marks an unknown status job unrecoverable without falling back to all (97.790959ms)
  ✔ blocks resume for an unknown status job but still allows discard (90.874625ms)
  ✔ resumes from the saved snapshot without re-applying current filters (147.789291ms)
  ✔ resumes a normalized legacy scraped job with unified scrape result semantics (147.789834ms)
✔ actress batch scrape persistence lifecycle (1636.562208ms)
▶ actressBatchScrapeTargets status normalization
  ✔ keeps the four canonical cumulative-status scopes (0.528375ms)
  ✔ normalizes the legacy scraped scope to 刮削成功 (0.088333ms)
  ✔ normalizes an omitted scope to 全部 (0.07625ms)
  ✔ rejects an unknown scope instead of widening the batch (0.204084ms)
  ✔ reports unknown scopes without throwing for persisted job snapshots (0.556958ms)
  ✔ never produces the legacy scope in a normalized request (0.074541ms)
✔ actressBatchScrapeTargets status normalization (1.91625ms)
▶ reconcilePersistedActressBatchJob
  ✔ rewrites scraped to success and omitted to all without touching progress (0.162958ms)
  ✔ keeps unrecognized scopes unrecoverable and does not widen to all (0.087334ms)
✔ reconcilePersistedActressBatchJob (0.307542ms)
▶ actressBatchScrapeTargets resolution
  ✔ resolves each canonical cumulative-status scope (10.990708ms)
  ✔ resolves the legacy scraped scope as 刮削成功 and an omitted scope as 全部 (6.565ms)
  ✔ intersects gender, cumulative status and missing fields (6.613916ms)
  ✔ treats explicit ids as the whole target set, ignoring the other filters (7.433125ms)
  ✔ deduplicates explicit ids and drops ids without a stored actress (10.848583ms)
  ✔ treats an empty explicit id list as zero targets (8.43575ms)
✔ actressBatchScrapeTargets resolution (51.115875ms)
▶ actressBatchScrapeTargets estimate and start
  ✔ estimates the count the start would resolve from the same request (7.47225ms)
  ✔ resolves targets again on start, so the total may differ from an earlier estimate (8.562709ms)
  ✔ freezes target ids, display names and total when the batch starts (7.330875ms)
✔ actressBatchScrapeTargets estimate and start (23.499959ms)
▶ ActressIdentityConflictWorkflow
  ✔ inspects live ownership even when the name is not yet in a review group (15.95525ms)
  ✔ summarizes the same aggregated name groups returned by the review list (9.718833ms)
  ✔ keeps summary counts exact for mixed, multi-result, and multi-conflict groups (48.866209ms)
  ✔ lists pending name ownership without inventing a pending scrape (9.534708ms)
  ✔ rejects an unsupported pending name type instead of silently reclassifying it (7.397791ms)
  ✔ rejects a pending-name-ownership decision when the shown claim row changed (10.465584ms)
  ✔ assigns pending name ownership without creating or applying scrape data (11.546708ms)
  ✔ edits one pending name claim and resolves both resulting unique owners (26.582958ms)
  ✔ moves an edited pending name claim into another normalized-name group (11.191958ms)
  ✔ merges actresses directly from pending name ownership (12.292ms)
  ✔ removes an illegal pending name without persisting a blacklist (10.116458ms)
  ✔ reassigns the only pending scrape to the explicit keeper after a merge (13.2105ms)
  ✔ keeps a usable keeper avatar while clearing its missing source and crop state (10.506709ms)
  ✔ uses the explicitly selected pending actress as keeper and the other current main name (10.010625ms)
  ✔ rejects merging when both actresses own pending scrape snapshots (12.012625ms)
  ✔ does not treat another conflict between the same actress pair as a merge blocker (8.667666ms)
  ✔ rejects the whole workbench merge when a resulting name belongs to a third actress (16.037375ms)
  ✔ rejects the whole merge when the pending scrape also conflicts with a third actress (9.142583ms)
  ✔ rejects merging a persisted name claimed by a third actress pending scrape (11.240625ms)
  ✔ returns stale without merging when either actress changed after confirmation was shown (9.002625ms)
  ✔ rolls back the actress merge when pending reassociation fails (14.863375ms)
  ✔ edits only the selected conflicting name and applies the unlocked scrape atomically (10.779542ms)
  ✔ moves only the edited item when its new name conflicts in another dynamic group (14.969958ms)
  ✔ moves an edited name into a group claimed by another naturally unlocked pending result (11.121708ms)
  ✔ transfers complete ownership to the pending actress only with a replacement main name (30.83725ms)
  ✔ previews and applies an assigned conflicting alias in a fill-empty alias collection (14.04925ms)
  ✔ keeps earlier ownership decisions in the final fill-empty alias preview and apply (15.856334ms)
  ✔ validates and removes every legacy claimant when assigning to the pending actress (15.403542ms)
  ✔ assigns a whole conflict group to an existing actress while applying profiles to original targets (24.793834ms)
  ✔ keeps confirmed ownership when the chosen existing actress is also a replace candidate (15.636292ms)
  ✔ removes an illegal normalized name from the whole group and applies unlocked profiles (13.721167ms)
  ✔ requires a valid replacement for every main-name claimant before illegal-name removal (12.777833ms)
  ✔ validates illegal-name replacement main names against the live conflict snapshot (10.690625ms)
  ✔ does not reconcile newly active conflicts while rejecting a stale illegal-name decision (12.365125ms)
  ✔ removes only the current illegal group and does not remember a blacklist rule (11.960792ms)
  ✔ applies a result when its other recorded conflict has already become inactive (15.602292ms)
  ✔ rolls back illegal-name handling when name deletion fails (32.0875ms)
  ✔ rolls back illegal-name handling when main replacement fails (8.928292ms)
  ✔ rolls back illegal-name handling when profile application fails (9.054125ms)
  ✔ rolls back illegal-name handling when pending cleanup fails (10.151417ms)
  ✔ keeps the whole illegal-name group pending when any resource preparation fails (12.676125ms)
  ✔ requires a replacement when assigning a current main name to a third existing actress (45.249083ms)
  ✔ finishes name-only results and preserves the original fill-empty update mode (13.10175ms)
  ✔ promotes staged resources when a name edit unlocks a pending scrape (17.796125ms)
  ✔ keeps a naturally unlocked result pending until the user explicitly applies it (13.351208ms)
  ✔ returns a stale outcome without writes when an involved actress changed (8.45425ms)
  ✔ rolls back every profile and promoted resource when a group apply fails (12.755ms)
  ✔ freezes the complete scrape when one selected name belongs to another actress (8.84ms)
  ✔ applies a complete result when equivalent names only belong to the target actress (9.915541ms)
  ✔ atomically replaces one actress current snapshot and removes its old staged resources (17.517291ms)
  ✔ rolls back a conflict-free apply when removing the previous snapshot fails (9.068042ms)
  ✔ does not delete an existing same-url gallery file when a later apply rolls back (12.297083ms)
  ✔ discards only the selected wrong match, records cumulative failure, and cleans staging (16.658ms)
  ✔ startup cleanup removes only old unreferenced staging directories (11.775791ms)
  ✔ deleting a target actress also removes its staged pending resources (10.07ms)
  ✔ removes prepared formal resources when profile application rolls back (9.410125ms)
✔ ActressIdentityConflictWorkflow (810.035333ms)
✔ reuses maintenance only until local writes, schema changes or external commits (10.090084ms)
✔ does not publish rolled-back maintenance or skip checks inside a caller transaction (8.473708ms)
✔ retries failed maintenance and invalidates after reopening the same catalog (24.935ms)
✔ does not publish a maintenance stamp if an external commit occurs during the check (23.50125ms)
✔ rechecks earlier candidates after a later candidate introduces a new conflict (8.017667ms)
✔ bounds a 10k legacy-claim queue without hydrating candidates after maintenance (59.220584ms)
✔ does not hydrate unrelated candidate results for a selected name group (12.535375ms)
✔ sorts full conflict names before truncating display captions and preserves exact anchors (42.755542ms)
✔ keeps legacy equal-caption order across pages and clamps missing anchors in a nonempty queue (10.845542ms)
✔ bounds name normalization when merged actors have many third pending conflicts (17.265292ms)
Failed to clean deleted actress asset: avatar_sources/alpha.jpg Error: file is locked
    at deleteStoredAsset (/Users/nut/Project/JavdexLabs/Javdex/src/main/services/actressMaintenanceService.test.ts:122:61)
    at Object.deleteActresses (/Users/nut/Project/JavdexLabs/Javdex/src/main/services/actressMaintenanceService.ts:87:11)
    at TestContext.<anonymous> (/Users/nut/Project/JavdexLabs/Javdex/src/main/services/actressMaintenanceService.test.ts:126:28)
    at Test.runInAsyncScope (node:async_hooks:227:14)
    at Test.run (node:internal/test_runner/test:1325:25)
    at Suite.processPendingSubtests (node:internal/test_runner/test:911:18)
    at Test.postRun (node:internal/test_runner/test:1465:19)
    at Test.run (node:internal/test_runner/test:1390:12)
    at async Suite.processPendingSubtests (node:internal/test_runner/test:911:7)
▶ actressMaintenanceService.importGalleryImage
  ✔ runs legacy dimension repair as part of the explicit gallery write flow (0.961292ms)
✔ actressMaintenanceService.importGalleryImage (1.278333ms)
▶ actressMaintenanceService.deleteActresses
  ✔ deletes the complete batch and cleans stored resources (34.909084ms)
  ✔ rejects the whole batch when an actress is linked to a video (9.072833ms)
  ✔ reports resource cleanup failures after the database transaction commits (8.5605ms)
  ✔ rolls back the complete batch when a later record fails to delete (8.042041ms)
  ✔ previews current linked-actress and affected-video counts (8.310875ms)
  ✔ explicitly unlinks videos, deletes a mixed batch, and preserves video records and files (10.523333ms)
  ✔ rolls back removed video links when a later actress delete fails (9.102875ms)
  ✔ removes only the deleted actress ownership and pending result (39.18975ms)
  ✔ rejects an unknown delete mode instead of falling through to a destructive path (10.900416ms)
✔ actressMaintenanceService.deleteActresses (138.989083ms)
▶ actressQueryService.listActresses
  ✔ returns a stable page and the full matching total from the real database (14.996417ms)
  ✔ reuses one exact avatar-filter snapshot across subsequent pages (0.2085ms)
  ✔ refreshes the avatar-filter snapshot whenever the first page reloads (0.100209ms)
  ✔ inspects avatar health and fingerprints outside the database repository (19.977417ms)
✔ actressQueryService.listActresses (35.987542ms)
▶ actressQueryService.listFaceScanManifest
  ✔ exposes the dedicated minimal manifest through the query seam (0.323209ms)
✔ actressQueryService.listFaceScanManifest (0.44275ms)
✔ delegates avatar count without reading the legacy list or inspecting images (0.193916ms)
▶ actressScrapeQueue.start target resolution
  ✔ scrapes exactly the targets the estimate reported for the same request (4845.07125ms)
  ✔ starts a legacy scraped request against 刮削成功 targets (716.425584ms)
  ✔ starts explicitly selected actresses regardless of the other filters (658.744375ms)
  ✔ starts no target for an empty explicit id list (556.724375ms)
  ✔ refuses to start a request with an unknown cumulative-status scope (554.060875ms)
✔ actressScrapeQueue.start target resolution (7331.810334ms)
▶ AgentMetadataActivityTimeline
  ✔ projects streaming reasoning into one bounded completed turn (0.57625ms)
  ✔ retains up to 64,000 reasoning characters and reports overflow (6.816792ms)
  ✔ uses semantic browser actions while retaining safe completion summaries (1.335375ms)
  ✔ keeps direct metadata submission distinct from browser inspection (0.257875ms)
  ✔ describes playlist page checkpoints as result-producing actions (0.139ms)
  ✔ describes browser scroll without exposing tool arguments (0.103917ms)
  ✔ retains earlier reasoning across browser-heavy runs (3.008458ms)
✔ AgentMetadataActivityTimeline (12.885084ms)
✔ uses the indexed journal cursor without loading history for a metadata snapshot (1.384375ms)
▶ Agent metadata browser URL policy
  ✔ allows a public hostname when a system proxy maps it to the RFC 2544 fake-IP range (2.910167ms)
  ✔ still rejects direct benchmark-range IPs and hostnames resolving to private networks (2.826709ms)
  ✔ keeps identity query parameters while removing credentials and fragments from display URLs (0.592125ms)
✔ Agent metadata browser URL policy (7.173208ms)
▶ Agent metadata browser evidence binding
  ✔ accepts a production artifact only for its captured document and view (1.685833ms)
  ✔ rejects incomplete, tampered, and corrupt segmented production artifacts (7.501041ms)
✔ Agent metadata browser evidence binding (9.342166ms)
▶ AgentMetadataDraftService
  ✔ rejects a preview when a staged resource no longer matches its manifest (16.7455ms)
  ✔ rechecks staged resource bytes when applying an already reviewed draft (8.648583ms)
  ✔ cleans newly staged resources when persistence fails (8.7935ms)
  ✔ routes actress name ownership conflicts to the existing pending workflow (11.500333ms)
  ✔ routes duplicate video business identities to the existing pending workflow (15.619916ms)
  ✔ requires explicit user confirmation when actress names do not match (9.296791ms)
✔ AgentMetadataDraftService (71.335042ms)
▶ app release service
  ✔ parses and compares stable release versions numerically (0.867542ms)
  ✔ accepts only trusted published GitHub releases (0.121833ms)
  ✔ validates cached update state before exposing it to the renderer (0.143ms)
✔ app release service (1.491208ms)
▶ asset byte cache
  ✔ separates variants and invalidates all variants of only the changed asset (0.588375ms)
  ✔ checks every file identity field and isolates callers from cached mutable buffers (0.161459ms)
  ✔ enforces the entry cap while retaining recently read and replaced entries (0.390458ms)
  ✔ enforces the 96MiB byte cap and skips oversized entries without flushing other images (26.662834ms)
✔ asset byte cache (28.264333ms)
▶ image asset inspection cache
  ✔ loads an unchanged image once and reloads it when its file signature changes (0.203917ms)
  ✔ reloads an image after explicit asset invalidation (0.095416ms)
  ✔ evicts the least recently used inspection after reaching capacity (1.26225ms)
✔ image asset inspection cache (1.7055ms)
✔ retries after the first scrypt failure (115.455625ms)
✔ retries after the first importKey failure (93.214834ms)
✔ keeps the new cache when a pre-reset KDF later succeeds (112.819875ms)
✔ keeps the new cache when a pre-reset KDF later fails (111.274667ms)
✔ waits for cold key derivation on cancellation and never starts decryption (52.91025ms)
✔ reads the existing AVPK format through synchronous and asynchronous crypto (72.100875ms)
✔ coalesces cold key derivation and never uses synchronous crypto in the async reader (111.4675ms)
✔ rejects invalid or tampered encrypted bodies without returning plaintext (45.753541ms)
✔ waits for an active native job before discarding its cancelled result (48.319458ms)
▶ assetLocationMigration
  ✔ moves plain and encrypted files including alias store (83.763625ms)
  ✔ maps default path setting when relocating back to userData (13.286833ms)
  ✔ allows relocating back to default when only empty asset subfolders remain (12.650417ms)
  ✔ rolls back copied files without touching the active root (8.569708ms)
  ✔ rejects migration while the configured source root is unavailable (9.151084ms)
  ✔ rejects targets nested inside the active media root (35.905166ms)
  ✔ rejects a target that resolves to the source through a symlinked parent (8.39475ms)
  ✔ rejects a differently-cased path that resolves to the same directory (7.469875ms)
  ✔ resumes when the target contains matching files from an interrupted copy (12.887083ms)
  ✔ preserves pre-existing matching copies when a resumed migration rolls back (13.087ms)
  ✔ keeps source files when the prepared target disappears before commit (29.7015ms)
  ✔ preserves a copied target that was replaced before a failed commit rolls back (19.534416ms)
  ✔ rejects an interrupted target whose file contents do not match the source (9.190125ms)
  ✔ rejects directory symlinks without reading or deleting files outside the asset root (8.069959ms)
  ✔ rejects a symlinked asset root without touching its external target (7.373084ms)
✔ assetLocationMigration (280.070791ms)
▶ assetMigration opaque paths
  ✔ encrypts to opaque paths and restores readable paths on decrypt (111.730291ms)
✔ assetMigration opaque paths (112.657417ms)
✔ reads legacy without rewriting and migrates on mutation preserving all entries (75.435375ms)
✔ does not reread a warm map or append unchanged values; reloads deletions (84.546833ms)
✔ preserves a legacy file when snapshot rename fails (62.615291ms)
✔ recovers an interrupted tail and truncates it before retry (78.323875ms)
✔ rejects corrupted complete ciphertext and preserves it on attempted mutation (67.382875ms)
✔ rejects missing or incomplete first snapshots (54.342416ms)
✔ reloads the actual committed record after an uncertain fsync failure (66.507791ms)
✔ compacts after sustained updates and reloads the latest values (35561.938416ms)
✔ preserves the appended result when compaction rename fails (162.823208ms)
✔ invalidates the cached map after external replacement (104.704708ms)
▶ assetPathNaming
  ✔ builds readable bases with seed and url hash (0.597042ms)
  ✔ sanitizes non-ascii seeds and truncates overly long values (0.094333ms)
  ✔ keeps equal-length Chinese actress names on distinct asset seeds (0.112708ms)
  ✔ scopes asset seeds by actress id when provided (0.076583ms)
  ✔ keeps actress id prefix when the readable label is long (0.065458ms)
  ✔ builds distinct gallery paths for equal-length Chinese names and the same url (0.112708ms)
  ✔ builds opaque bases without embedding seed text (0.084292ms)
  ✔ detects opaque encrypted filenames (0.09625ms)
  ✔ derives stable opaque names from plaintext relative paths (0.107875ms)
✔ assetPathNaming (1.815292ms)
▶ AutomaticScanScheduler
  ✔ runs every due library in stable order from independent persisted state (2.520333ms)
  ✔ runs an already-enabled library with no scan history after the startup delay (0.166208ms)
  ✔ calculates each library due time from its own interval and last finished time (0.13375ms)
  ✔ waits one full interval after a library is newly enabled (0.143334ms)
  ✔ skips disabled, rootless and not-yet-due libraries (0.1055ms)
  ✔ runs a due rootless library when it still has deferred cleanup work (4.203125ms)
  ✔ defers while maintenance is busy and rechecks on the next poll (0.125833ms)
  ✔ isolates one library failure and continues the serial due queue (0.192541ms)
  ✔ keeps startup, resume, and every due library globally serial (0.151083ms)
  ✔ uses the resume delay and clears all scheduled work on stop (0.088458ms)
✔ AutomaticScanScheduler (8.791167ms)
▶ AvatarAutoCropMediator
  ✔ resolves automatic crop requests and rejects stale replies (1.190334ms)
  ✔ fails pending automatic crop requests after renderer disconnects (0.122ms)
  ✔ times out automatic crop requests without accepting a late response (2.660167ms)
  ✔ owns the crop batch token until matching end or disconnect (0.16ms)
  ✔ rejects a second begin while a crop batch is active (0.178917ms)
✔ AvatarAutoCropMediator (4.923791ms)
✔ creates one lazy snapshot per batch and disposes only its owning token (0.133667ms)
✔ retries failed snapshot creation without poisoning the batch and clears on reinitialization (0.083875ms)
✔ settles disconnected requests despite cleanup failure and retries before allowing another snapshot (0.290083ms)
✔ writes the definition once and keeps total checkpoint bytes near-linear (43810.090541ms)
ℹ {"targets":[1000,2000],"totalWrittenBytes":[409049,822049],"definitionWritesPerJob":1}
✔ reads legacy checkpoints and migrates on the next save without losing targets (18.259791ms)
✔ preserves the last checkpoint when write fails and retries safely (26.281666ms)
✔ preserves the last checkpoint when sync fails and retries safely (27.469042ms)
✔ preserves the last checkpoint when rename fails and retries safely (31.501833ms)
✔ keeps the old definition on failed replacement and prunes unused manifests after commit (52.393458ms)
✔ refuses missing, tampered or mismatched manifests instead of treating the job as absent (19.692625ms)
✔ stops the queue on checkpoint failure and resumes from the durable cursor without skipping work (38.341541ms)
✔ rejects damaged cursor and total fields without deleting the checkpoint (19.166667ms)
✔ reloads actual disk state and retains the manifest after replace directory-sync failure (21.389791ms)
✔ reloads actual disk state and retains the manifest after clear directory-sync failure (17.402667ms)
✔ does not report committed saves or clears as failed when manifest cleanup cannot enumerate (20.897375ms)
✔ executes real read-only tag queries and observes writes through the worker cache (746.012958ms)
✔ rejects a changed catalog version at worker startup without migration (638.150125ms)
✔ settles in-flight initialization and queued requests when disposed (567.488292ms)
✔ executes all classification cover pages on the readonly worker and observes committed writes (1179.56975ms)
✔ rejects image initialization against an incompatible schema without rewriting it (548.146042ms)
✔ reads bounded audit pages in the real worker, isolates operations and observes audit replacement (694.018125ms)
✔ reads audit headers on the real worker without building an index from the audit body (530.482041ms)
✔ reads combined views in the real worker, upgrades raw pages and rebuilds after writes and failures (572.724917ms)
✔ keeps missing-body pending pages available and rejects a superseded summary on the real worker (709.501292ms)
✔ checks latest audit paths on the real worker and rejects invalid later entries after a match (539.906208ms)
✔ counts merged subscribers toward capacity, normalizes keys, and clones each successful result (2.138042ms)
✔ serializes different revisions and keeps a folded expanding query valid in the payload (0.208834ms)
✔ rejects old generation on identity change and waits for termination (4.99475ms)
✔ rejects old generation on path change and waits for termination (0.77725ms)
✔ removes queued aborts but retains an executing slot after all subscribers abort (0.759375ms)
✔ one subscriber abort does not cancel another or retain its signal listener (0.628166ms)
✔ rejects all accepted on startup timeout, without retry or overlapping workers (16.589958ms)
✔ rejects all accepted on query timeout, without retry or overlapping workers (16.535334ms)
✔ rejects all accepted on exit, without retry or overlapping workers (0.502208ms)
✔ rejects all accepted on error, without retry or overlapping workers (0.463042ms)
✔ rejects all accepted on protocol error, without retry or overlapping workers (0.379416ms)
✔ dispose closes admission immediately and waits for a running termination (0.400917ms)
✔ fails closed if termination rejects and rejects requests waiting for replacement (0.431792ms)
✔ rejects invalid queries before creating a worker and contains factory/post failures (0.3235ms)
✔ bounds subscribers while termination is pending and supersedes a waiting generation (0.90425ms)
✔ does not launch work after repeated queued cancellations before ready (1.760291ms)
✔ contains unexpected messages and dispose drains an already-started replacement barrier (0.200375ms)
✔ expires waiting subscribers and frees capacity while native termination remains pending (1.329708ms)
✔ keeps independent waiting deadlines for coalesced subscribers and clears them at execution (0.163583ms)
✔ never executes a page whose only subscriber expired before ready (0.079084ms)
✔ shares admission across tag/image requests, keys entity kinds separately and copies caller inputs (0.326792ms)
✔ retains the executing image slot after cancellation and retires it before switching databases (0.370959ms)
✔ validates image requests before allocating a reader (0.14275ms)
✔ shares audit admission with tag/image work, coalesces snapshots and copies audit budgets (0.398375ms)
✔ rejects invalid audit requests before allocation and removes an aborted queued audit (0.136792ms)
✔ copies view anchors before allocation, coalesces defaults, and shares capacity with raw/header/tag requests (20.369417ms)
✔ rejects invalid combined views without a worker and drops canceled queued view requests (0.289208ms)
✔ shares bounded admission for audit path checks and delivers false without mixing page results (0.4575ms)
▶ CheckpointedSequentialBatchQueue
  ✔ persists checkpoints, pauses, and resumes from the next index (1.983042ms)
  ✔ discards a paused job without running (0.4265ms)
  ✔ cancels a running job and clears the checkpoint (3.961333ms)
  ✔ recycles the scrape browser after each configured target interval (8.135917ms)
  ✔ rejects an invalid run plan without leaving a resumable checkpoint (0.364292ms)
  ✔ discards a corrupt checkpoint when run planning throws (0.105333ms)
✔ CheckpointedSequentialBatchQueue (15.7585ms)
▶ classificationDeletionService
  ✔ previews and deletes a director while recalculating links and preserving videos/resources (565.431166ms)
  ✔ deletes an unlinked director with a zero impact (520.006458ms)
  ✔ rolls back director unlinking and skips image cleanup when deletion fails (497.741875ms)
  ✔ previews and deletes a series while recalculating videos and detaching direct children (574.87125ms)
  ✔ deletes an unlinked childless series with a zero impact (403.301167ms)
  ✔ rolls back series relations and reports image cleanup failure only after commit (518.004708ms)
✔ classificationDeletionService (3080.144625ms)
▶ classification director query and maintenance services
  ✔ keeps real same-name directors as separate stable identities and exposes candidate differences (445.114709ms)
  ✔ maintains the complete profile without changing identity or video relations (491.856875ms)
  ✔ validates calendar dates and career ranges transactionally (472.006208ms)
  ✔ searches aliases and supports only count or update sorting in both directions (513.625708ms)
✔ classification director query and maintenance services (1923.278042ms)
✔ matches all candidate fields/order and deduplicates dual-role organization links before LIMIT (1282.171208ms)
✔ holds count and candidate rows in the same snapshot across a cover removal (491.349833ms)
✔ rejects unsafe entity IDs, unsupported page flags and excessive pages (468.547583ms)
▶ classificationImageService
  ✔ imports local and remote images as owned assets and cleans a replaced image after commit (690.693333ms)
  ✔ copies an associated video cover instead of adopting the video asset (588.751709ms)
  ✔ stores a director portrait and compensates its replacement when the database update fails (524.744ms)
  ✔ keeps the stored image when a remote download fails (494.538292ms)
  ✔ cleans the latest replaced image when a remote update finishes after another edit (534.577ms)
  ✔ commits replacement and reports a post-commit cleanup failure (680.46675ms)
✔ classificationImageService (3514.646792ms)
✔ matches every old list field and global ordering over pages, aliases, roles and cover boundaries (1471.273167ms)
✔ keeps count and page in one read snapshot across another connection changing the role (557.204084ms)
✔ validates page boundaries in the service and typed IPC without changing complete-list APIs (516.207292ms)
▶ classification organization query and maintenance services
  ✔ shares one organization profile across role lists and searches its aliases (478.245542ms)
  ✔ sorts only by video count or update time in either direction (560.250333ms)
  ✔ treats SQL LIKE metacharacters in organization searches as literal text (578.24625ms)
  ✔ keeps stable identity and video links when editing the complete profile (534.189834ms)
  ✔ rejects parent cycles without partially changing the profile (472.7655ms)
  ✔ creates an organization inline, registers the role, and retains zero-video roles (515.967208ms)
  ✔ rolls back profile fields when a name is owned by another organization (571.751083ms)
✔ classification organization query and maintenance services (3712.078166ms)
▶ classification series query and maintenance services
  ✔ maintains a stable complete profile and projects its local video coverage (588.646125ms)
  ✔ enforces normalized name ownership inside the owner scope only (546.178167ms)
  ✔ preflights every name when moving to another owner scope and rolls back on conflict (545.896667ms)
  ✔ rejects self and descendant parents without partially changing the series (507.906333ms)
  ✔ searches aliases, identifies same-name candidates, and sorts in either direction (732.474583ms)
  ✔ creates an unowned series inline and validates lifecycle years (422.4645ms)
✔ classification series query and maintenance services (3344.13425ms)
▶ directorMergeService
  ✔ merges source data into an explicit target while preserving target conflicts (549.789416ms)
  ✔ adopts the source portrait only when the target has no formal portrait (446.416792ms)
  ✔ rolls back target fields and video relations when the database transaction fails (576.314375ms)
  ✔ commits the merge and reports source portrait cleanup failure (548.874958ms)
  ✔ rejects using the same director as target and source (356.698166ms)
✔ directorMergeService (2478.596416ms)
▶ external link service
  ✔ accepts only bounded HTTP and HTTPS links (0.351916ms)
✔ external link service (0.675958ms)
▶ legacy media-library settings bootstrap
  ✔ keeps native V14 config defaults when a fresh database has no legacy evidence (5.648458ms)
  ✔ imports roots, cleanup work, and typed configuration into the default library once (3.591875ms)
  ✔ freezes an online legacy cleanup root identity before making the work active (9.289041ms)
  ✔ keeps parent and child legacy paths but enables only the first non-overlapping set (15.888917ms)
  ✔ keeps realpath aliases but enables only one physical legacy root (19.701083ms)
  ✔ keeps app-level scraper and cover preferences after import and repeated startup cleanup (3.198291ms)
  ✔ keeps inferred roots and links source-managed resources to the deepest matching root (3.489333ms)
  ✔ imports the last scan summary and its managed unrecognized-file snapshot (3.287ms)
  ✔ preserves a standalone unrecognized snapshot through a synthetic legacy scan run (3.38425ms)
  ✔ keeps an older safe snapshot separate from a newer failed scan summary (3.104292ms)
  ✔ retries JSON cleanup without importing database rows twice (2.825042ms)
  ✔ rolls back every database change and skips JSON cleanup when import fails (3.333417ms)
✔ legacy media-library settings bootstrap (77.3225ms)
▶ LibraryCurator lifecycle
  ✔ releases its own runs without disposing the application AgentExecution (0.938917ms)
✔ LibraryCurator lifecycle (1.331958ms)
✔ uses the indexed journal cursor for a curator snapshot (0.743291ms)
▶ libraryPathCleanupService
  ✔ previews only resources owned by the selected library and root (846.138042ms)
  ✔ previews and safely cleans a disabled root including pending and diagnostic rows (501.609709ms)
  ✔ confirms with the current revision and queues an identity snapshot without deleting data (291.3255ms)
  ✔ rejects a confirmation when scan-owned resources changed after preview without a revision bump (510.507583ms)
  ✔ removes and promotes resources only inside the confirmed library and root (619.245292ms)
  ✔ lets a cleanup-only scan consume the last removed root without touching another library (613.600959ms)
  ✔ recovers an offline legacy cleanup intent when a later full scan sees the root online (462.892167ms)
  ✔ keeps an overlapping legacy cleanup root waiting during a later full scan (452.105208ms)
  ✔ keeps an overlapping parent legacy cleanup root waiting during a later full scan (411.301958ms)
  ✔ keeps a realpath-alias legacy cleanup root waiting across libraries (398.603334ms)
  ✔ fails closed when a confirmed root is offline (502.888333ms)
  ✔ fails closed when the path now resolves to a replacement directory (474.7735ms)
  ✔ cancels a failed removal into a disabled, archiveable root without deleting records (430.363958ms)
  ✔ completes a confirmed cleanup after an unrelated library configuration edit (404.073541ms)
  ✔ rolls back resource removal, promotion, root state, and job completion together (477.640125ms)
✔ libraryPathCleanupService (7398.007125ms)
▶ normalizeTranslationOutput
  ✔ strips fenced and quoted model output (0.521875ms)
✔ normalizeTranslationOutput (0.887208ms)
▶ MediaAssetStore
  ✔ coalesces encrypted thumbnails, isolates size variants and preserves original preview bytes (152.121333ms)
  ✔ checks plain and decrypted image pixels before caching and recovers after replacement (133.962542ms)
  ✔ retains cancelled active slots until file read settles (106.87525ms)
  ✔ retains cancelled active slots until file close settles (100.822625ms)
  ✔ retains cancelled active slots until file metadata settles (83.880125ms)
  ✔ rejects oversized plain and encrypted files before opening or decrypting them (68.897084ms)
  ✔ does not merge a post-invalidation request into the old pending read (70.933542ms)
  ✔ shares a cold encrypted read and decryption across concurrent requests without sharing cancellation (69.277917ms)
  ✔ does not return cached bytes when cancelled while the hot-path stat is pending (51.505042ms)
  ✔ does not reuse the same relative cache key after the asset root changes (69.015083ms)
  ✔ rejects a changed file during reading without caching its old bytes (45.873542ms)
  ✔ serves hot plaintext and encrypted images without rereading or decrypting their bytes (86.229ms)
  ✔ reloads replaced files even with restored mtime and rejects deleted files before using cache (74.684333ms)
  ✔ does not repopulate explicitly invalidated cache from a pending read (44.117208ms)
  ✔ retains read slots while cancelled encrypted requests wait for native crypto completion (104.780292ms)
  ✔ cancels queued reads before opening files and keeps active slots until reads settle (77.743333ms)
downloadAvatar failed: Bad Avatar https://example.test/avatar.html response is not a usable image
Failed to delete media asset: covers/TEST-002_3c3a5eb2.jpg Error: file is locked
    at FailingCleanupStore.delete (/Users/nut/Project/JavdexLabs/Javdex/src/main/services/mediaAssetStore.test.ts:936:15)
    at FailingCleanupStore.deleteImmediateBestEffort (/Users/nut/Project/JavdexLabs/Javdex/src/main/services/mediaAssetStore.ts:449:12)
    at FailingCleanupStore.finishCoordinatedChange (/Users/nut/Project/JavdexLabs/Javdex/src/main/services/mediaAssetStore.ts:561:52)
    at <anonymous> (/Users/nut/Project/JavdexLabs/Javdex/src/main/services/mediaAssetStore.ts:527:14)
    at AsyncLocalStorage.run (node:internal/async_local_storage/async_context_frame:63:14)
    at FailingCleanupStore.runCoordinatedChange (/Users/nut/Project/JavdexLabs/Javdex/src/main/services/mediaAssetStore.ts:504:31)
    at FailingCleanupStore.coordinateDatabaseChange (/Users/nut/Project/JavdexLabs/Javdex/src/main/services/mediaAssetStore.ts:465:17)
    at <anonymous> (/Users/nut/Project/JavdexLabs/Javdex/src/main/services/mediaAssetStore.test.ts:941:37)
    at getActual (node:assert:611:5)
    at strict.doesNotThrow (node:assert:779:32)
  ✔ serves plain and encrypted images asynchronously without synchronous file reads (128.367416ms)
  ✔ reads plain and encrypted images and reports a stable plaintext fingerprint (112.798084ms)
  ✔ rejects stored paths that escape the media root (7.849042ms)
  ✔ exposes bootstrap and layout paths under the media root (35.98975ms)
  ✔ encrypts a stored plain asset and lists it under stable subdirectories (112.452667ms)
  ✔ decrypts a stored encrypted asset back to its plain relative path (141.634375ms)
  ✔ compensates newly-created resources when the database operation fails (47.9905ms)
  ✔ compensates newly imported cover and sample files when a database operation fails (64.8825ms)
  ✔ compensates newly imported playlist covers when a database operation fails (58.1495ms)
  ✔ compensates async downloads when the database operation fails (47.522083ms)
  ✔ rejects unusable local image imports instead of storing them (15.857917ms)
  ✔ rejects unusable avatar downloads instead of storing them (4.438375ms)
  ✔ keeps an existing download when replacing the same URL later rolls back (59.527916ms)
  ✔ keeps an existing avatar source when importing the same bytes later rolls back (58.648875ms)
  ✔ deletes obsolete resources only after the database operation succeeds (53.716959ms)
  ✔ uses distinct paths for avatar display replacements created in the same millisecond (56.948041ms)
  ✔ discards newly created resources marked obsolete in the same coordinated change (50.117ms)
  ✔ promotes nested created resources so a parent rollback can compensate them (53.698458ms)
  ✔ defers nested obsolete deletes of pre-existing files until the parent commits (52.161791ms)
  ✔ keeps nested obsolete pre-existing files when the parent rolls back (67.494542ms)
  ✔ does not leak nested create-then-obsolete files when the parent rolls back (45.508209ms)
  ✔ runInCoordinatedChange joins an active parent instead of nesting (45.935542ms)
  ✔ keeps isolated coordinated creates when an outer parent later rolls back (51.555875ms)
  ✔ keeps independent root work when an awaited outer coordinated change fails (70.456875ms)
  ✔ keeps relocation exclusive with coordinated and direct media mutations (43.834417ms)
  ✔ keeps relocation exclusive with a stable read lease (8.061208ms)
  ✔ keeps caller registrations off an un-awaited nested async coordinated change (64.904167ms)
  ✔ does not turn a post-commit cleanup failure into a database failure (63.598208ms)
✔ MediaAssetStore (2966.864792ms)
✔ reads empty, exact-budget and multi-chunk files without using readFile (23.14825ms)
✔ rejects oversize before reading and closes the opened handle (19.236459ms)
✔ rejects grow during reading and closes the handle (32.094917ms)
✔ rejects truncate during reading and closes the handle (25.196834ms)
✔ rejects cancel during reading and closes the handle (13.90125ms)
✔ rejects io-error during reading and closes the handle (16.30775ms)
✔ does not open an already cancelled request (13.22975ms)
✔ closes the handle on cancel-after-open before allocating body bytes (8.336833ms)
✔ closes the handle on stat-error before allocating body bytes (15.8065ms)
✔ closes the handle on directory before allocating body bytes (16.314334ms)
✔ reads PNG/WebP metadata and never follows TIFF offsets outside its chunk (0.808375ms)
✔ inspects all served formats without decoding pixels (25.211875ms)
✔ rejects a tiny encoded image with an oversized canvas and accepts the exact boundary (1.438125ms)
✔ rejects corrupt and unsupported image headers (12.228875ms)
✔ inspects the single-frame canvas of real animated GIF and WebP inputs (2.082958ms)
✔ waits for metadata completion when cancelled and destroys the reader (0.663625ms)
✔ shares a read while one consumer cancels and preserves independent result buffers (1.666541ms)
✔ drains the last cancelled consumer without deleting a newer flight under the same key (0.23825ms)
✔ fans out failures and permits a fresh attempt (0.110708ms)
✔ aborts the underlying work only after all consumers cancel and drains the final slot (0.133834ms)
✔ defaults to four active reads and 256 queued requests with reusable cancellation capacity (2.412209ms)
✔ bounds active and queued reads, removes cancelled work and releases capacity after failures (0.154916ms)
✔ does not free an active slot before an aborted reader actually settles (0.103917ms)
✔ preserves aspect ratio, respects orientation and does not enlarge small images (25.381ms)
✔ makes a single static thumbnail from an animated image (1.469708ms)
✔ retains two decode slots until native work settles after cancellation (2.836334ms)
▶ media-library service
  ✔ validates an explicitly configured create-time video scraper before persistence (1.922375ms)
  ✔ allows unrelated config edits with a stale stored scraper but validates explicit changes (0.105584ms)
  ✔ runs the root-migration commit through the shared resource-maintenance gate (0.105084ms)
  ✔ runs every root mutation through the scan-shared maintenance gate (0.179ms)
  ✔ preserves root continuity validation errors through service mutation gates (0.087542ms)
  ✔ serializes library and config lifecycle mutations with resource writes (0.122208ms)
  ✔ cannot archive through the service while an asynchronous resource write owns the gate (0.126875ms)
✔ media-library service (3.402334ms)
▶ mediaProtocol
  ✔ forwards a finite variant and rejects invalid size without reading (19.20225ms)
  ✔ returns 413 for oversized images with an empty HEAD body (1.733917ms)
  ✔ awaits the image reader and forwards cancellation while serving GET and HEAD (0.7695ms)
  ✔ skips reads for preflight and forbidden paths, and distinguishes busy from missing (0.609584ms)
  ✔ resolves media URLs under the asset root (0.06825ms)
  ✔ rejects path traversal outside the asset root (0.037542ms)
✔ mediaProtocol (23.200542ms)
▶ organizationDeletionService
  ✔ removes only the selected role and recalculates its linked videos at execution time (399.324167ms)
  ✔ rejects removing the final role and leaves all relations unchanged (509.511125ms)
  ✔ blocks role removal and full deletion when they would rewrite a pending video (513.893792ms)
  ✔ fully deletes an organization and detaches every supported relation after a fresh preview (620.013792ms)
  ✔ rejects full deletion when owned series names conflict in the unowned scope (443.950708ms)
  ✔ rolls back full deletion relations and skips image cleanup when deletion fails (497.844208ms)
  ✔ commits full deletion while reporting post-commit image cleanup failures (394.784458ms)
✔ organizationDeletionService (3380.081ms)
▶ organizationMergeService
  ✔ merges cross-role records and transfers role-specific videos, children, and series (543.093542ms)
  ✔ adopts the source brand image only when the target has none (484.687625ms)
  ✔ preflights publisher transfer business identity collisions before writing (524.508334ms)
  ✔ blocks a merge that would rewrite a pending video relation (490.457209ms)
  ✔ rejects a series name collision in the target scope without changing any relation (492.553208ms)
  ✔ rejects merging an ancestor into a deep descendant (449.873458ms)
  ✔ collapses a direct source-to-target hierarchy and transfers source siblings (463.881833ms)
  ✔ rolls back the profile and every relation when the transaction fails (502.632042ms)
  ✔ commits the merge and reports a brand image cleanup failure (460.850334ms)
  ✔ rejects using the same organization as target and source (376.105625ms)
✔ organizationMergeService (4789.373459ms)
▶ pending resource identity service
  ✔ uses the persisted choice, assigns the resource atomically, and applies only a matching current NFO (546.369458ms)
  ✔ completes resource ownership but does not apply metadata when the current NFO no longer matches (523.171875ms)
  ✔ finishes resource ownership when the current NFO cannot be inspected safely (508.209458ms)
  ✔ keeps the identity pending and creates no formal record when the source fingerprint is stale (437.91375ms)
  ✔ rechecks a STRM target snapshot and leaves the conflict intact when it changes (492.218542ms)
✔ pending resource identity service (2508.784666ms)
▶ PlayerService
  ✔ opens and reveals a local resource through system file operations (1.094042ms)
  ✔ opens a STRM target externally but reveals its local source file (0.11525ms)
  ✔ opens the primary direct resource with the system URL handler (0.094292ms)
  ✔ reports a system open failure and does not try another resource (0.1465ms)
  ✔ hands Magnet resources to the registered system protocol handler (0.064334ms)
  ✔ rejects every playback and reveal entry point before reading an archived or missing library (0.083209ms)
  ✔ opens and reveals only resources that belong to the selected library (5.626458ms)
✔ PlayerService (7.828875ms)
▶ playlist import browser navigation guard
  ✔ requires DOM-backed terminal reasons to carry a selector and pass host verification (1.097792ms)
  ✔ accepts known-total terminal evidence only when the checkpoint declares a total (0.104583ms)
  ✔ accepts a virtual first window only after a settled host-owned reset to the top (0.089667ms)
  ✔ revalidates terminal or link evidence in the final dynamic window before sealing (0.097792ms)
  ✔ alternates virtual scrolling with frozen load-more actions before sealing (0.055083ms)
  ✔ defers bottom-only advance validation until a virtual page reaches its terminal view (0.059042ms)
  ✔ waits for a quiet window after every asynchronous load-more change (0.066583ms)
  ✔ restarts the quiet window when a temporary dynamic expansion rolls back (0.049834ms)
  ✔ classifies foreground retry failures without treating them as restart recovery (0.250541ms)
✔ playlist import browser navigation guard (2.421167ms)
▶ playlist importer browser guidance
  ✔ prefers structured reads while leaving page semantics and interaction to the agent (1.262166ms)
  ✔ hands page semantics to the agent and prioritizes user-only blockers (0.163125ms)
  ✔ extracts a first-page playlist name only from reliable page evidence (0.152709ms)
  ✔ requires every newly opened static page to be inspected and checkpointed before advancing again (0.087375ms)
  ✔ distinguishes checkpoint evidence from status artifacts and explains terminal selectors (0.129ms)
✔ playlist importer browser guidance (2.509ms)
▶ PlaylistImportModule interface
  ✔ returns an initial browser handoff projected during the first agent dispatch (7.149833ms)
  ✔ persists the import job before the run driver can project bootstrap observations (3.445583ms)
  ✔ returns immediately after accepting one run and replays the same start idempotently (4.26325ms)
  ✔ allows only one foreground import session at a time (4.14625ms)
  ✔ rejects invalid start targets before creating an Agent run (3.111084ms)
  ✔ includes write options in the idempotent frozen input (3.607875ms)
  ✔ rejects one idempotency key reused for different frozen input (3.859791ms)
  ✔ cancels pre-apply work without creating an empty playlist (4.027833ms)
  ✔ preserves a retryable recovery failure when apply invalidates after identity review (7.87725ms)
  ✔ retries a recoverable apply error after the target library becomes active again (6.195542ms)
  ✔ dispatches a same-session retry for a retryable discovery checkpoint (4.648709ms)
  ✔ clears a missing page checkpoint before dispatching a same-session retry (4.116334ms)
  ✔ coalesces concurrent retries with the same idempotency key before recovery side effects (3.858583ms)
  ✔ keeps discovery retry state in the foreground session instead of the durable product journal (4.019292ms)
  ✔ applies a foreground retry atomically without reserving a durable retry result (4.901791ms)
  ✔ discards a browser session when driver creation fails before persistence (3.449916ms)
✔ PlaylistImportModule interface (73.319416ms)
▶ PlaylistImportRepository
  ✔ keeps all import staging in the current SQLite connection only (5.915667ms)
  ✔ rejects credential-bearing source and detail URLs before staging them (0.484542ms)
  ✔ removes sensitive detail URL credentials and requires explicit user identity handling (6.756792ms)
  ✔ accepts a checkpoint after a source redirects between www and apex host variants (4.138416ms)
  ✔ fails an empty external list without creating an empty playlist (3.484125ms)
  ✔ fails discovery when the frozen run exceeds its wall-clock safety budget (3.334792ms)
  ✔ checkpoints every page before atomically creating/reusing videos and a new playlist (5.237792ms)
  ✔ assigns stable unique page order when numbered pagination rediscoveries overlap (4.504709ms)
  ✔ fails self-referential and A-to-B-to-A static pagination as PAGINATION_LOOP (4.662208ms)
  ✔ keeps legal duplicate pages when their concrete pagination frontiers differ (4.924625ms)
  ✔ fails a sealed dynamic page whose next URL only loops to an existing frontier (4.079625ms)
  ✔ keeps a declared page-total mismatch retryable and accepts a corrected checkpoint (4.207333ms)
  ✔ rejects a conflicting nonterminal page before sealing it and completes after correction (4.378459ms)
  ✔ restarts from the source when only the terminal page proves earlier totals wrong (8.596959ms)
  ✔ uses the first-page Agent suggestion when the user leaves the new playlist name empty (4.131375ms)
  ✔ keeps existing playlist links and deduplicates the source playlist URL when enabled (4.317417ms)
  ✔ falls back to the existing host-and-date name when the Agent returns no name (5.012ms)
  ✔ does not let an Agent suggestion rename an append target (4.169625ms)
  ✔ skips unmatched items and omits detail links when both write options are disabled (4.534333ms)
  ✔ reuses a unique code match created after an auto-create-disabled preview (4.482292ms)
  ✔ persists target-library and target-playlist failures instead of leaving apply retry loops (7.901208ms)
  ✔ counts external convergence separately from videos already present before apply (5.429625ms)
  ✔ keeps multiple global code matches in the detail phase even when one is in the target library (4.237292ms)
  ✔ reuses a unique exact code discovered only on the detail page (4.447375ms)
  ✔ sends conflicting list and detail codes to user review without discarding list candidates (4.945ms)
  ✔ rejects a stale direct-code decision when a duplicate appears before apply (4.414875ms)
  ✔ reopens identity resolution when another video claims the detail URL before apply (5.588083ms)
  ✔ returns target-library tiebreaks to identity review when memberships become stale (4.950167ms)
  ✔ persists an unexpected transactional apply failure and retries it atomically (4.746208ms)
  ✔ lets a unique strong detail match override the target library preference (5.605958ms)
  ✔ uses a canonical www detail link as a strong owner signal without duplicating it (4.216125ms)
  ✔ requires user review when independent strong detail signals conflict (4.922625ms)
  ✔ keeps a source owner outside the code candidates and blocks target-library tiebreaking (5.064666ms)
  ✔ invalidates the preview when a new source owner appears before apply (5.014209ms)
  ✔ treats source external-code and source-URL evidence as independent signals (5.55525ms)
  ✔ does not use the target library when complete business identity contradicts known candidates (4.93175ms)
  ✔ waits for the user when detail signals leave multiple cross-library candidates (5.349083ms)
  ✔ replays an identical page checkpoint and makes changed content recoverable (3.884083ms)
  ✔ makes a changed replay of a dynamic operation recoverable without duplicating the batch (4.599ms)
  ✔ rolls a changed sealed dynamic page back with downstream frontiers and orphan items (73.519416ms)
  ✔ rejects a playlist name submitted after the first logical page (3.491375ms)
  ✔ persists and resumes a browser handoff without losing the current list frontier (4.662583ms)
  ✔ fails an expired browser handoff before persisting a resume checkpoint (3.381917ms)
  ✔ checkpoints overlapping virtual windows before sealing a continuous list (5.715708ms)
  ✔ persists host-owned load-more batches and seals only after the control disappears (4.623584ms)
  ✔ persists load-more no-progress and fails instead of retrying the same action (3.897583ms)
  ✔ fails the run instead of truncating a source that declares totals above the safety budget (3.196125ms)
  ✔ fails and rolls back a dynamic window above the per-batch candidate budget (4.828292ms)
✔ PlaylistImportRepository (295.646167ms)
▶ PlaylistImportAgentRunDriver scripted browser integration
  ✔ dispatches the conversation before the agent opens the frozen source page (6.521333ms)
  ✔ hands an initial challenge to the user through the agent browser tool (4.433417ms)
  ✔ requires the domain advance tool to claim a pending page before checkpointing it (11.534375ms)
  ✔ lets the agent choose how to return to frozen work after a handoff (4.299833ms)
  ✔ lets the agent hand a login page to the user immediately (3.330958ms)
  ✔ pauses for human verification when host-owned detail navigation hits a challenge (5.146875ms)
  ✔ replays a committed static page checkpoint after its response is lost (5.133583ms)
  ✔ replays a committed detail checkpoint after its response is lost (5.57025ms)
  ✔ restarts the changed dynamic page from its inbound frontier on product retry (6.013542ms)
  ✔ restarts a dynamic page with corrected declared totals after one product retry (8.610292ms)
  ✔ records an evidence-backed unsupported pagination report as an explicit terminal error (3.975708ms)
  ✔ requires a page checkpoint before advancing away from the current list page (4.224ms)
  ✔ keeps a missing page checkpoint agent-correctable instead of locking the tool host (4.792791ms)
  ✔ does not expose status artifacts as eligible page-checkpoint evidence (3.327625ms)
  ✔ inspects an automatic login redirect but still rejects a checkpoint from it (3.360875ms)
  ✔ checkpoints a finite recycled virtual list without gaps and binds evidence to every view (6.917167ms)
  ✔ normalizes a one-based stable position attribute into a continuous virtual list (6.992041ms)
  ✔ backtracks to the last anchor and halves the step when variable heights skip a window (7.423959ms)
  ✔ combines virtual scrolling with host-owned load-more and checkpoints the expanded window (1005.421042ms)
  ✔ retries a stalled virtual window once, then fails when it still cannot progress (4.860834ms)
✔ PlaylistImportAgentRunDriver scripted browser integration (1112.798542ms)
▶ playlistImportRecoverableToolFailure
  ✔ keeps only same-session timeout and changed-source failures retryable (0.156209ms)
✔ playlistImportRecoverableToolFailure (0.189917ms)
▶ PlaylistImporter ToolPack
  ✔ exposes static-page, virtual-window and detail checkpoints through one least-privilege pack (0.851417ms)
  ✔ lets the agent inspect and operate the same-site browser (0.4435ms)
  ✔ binds every declaration to a production handler (0.246583ms)
  ✔ accepts one optional page-evidenced name on the page checkpoint (0.090541ms)
  ✔ requires a mechanically verifiable terminal contract (0.0755ms)
  ✔ describes static pagination as navigation followed by a new page checkpoint (0.095542ms)
  ✔ makes checkpoint evidence eligibility and terminal selector semantics explicit (0.242208ms)
✔ PlaylistImporter ToolPack (2.620791ms)
▶ playlistService media asset seam
  ✔ creates a playlist cover through MediaAssetStore and cleans it on delete (545.397166ms)
  ✔ deletes the previous cover only after a successful cover replacement (492.871333ms)
✔ playlistService media asset seam (1038.684458ms)
▶ PluginBrowserCapabilityModule
  ✔ uses action-specific result budgets (0.488584ms)
  ✔ inlines complete small page-fact sections instead of keeping an oversized snapshot (45.417875ms)
  ✔ omits an oversized page-fact section as a whole and never returns a prefix (32.893625ms)
  ✔ returns an omitted artifact section through bounded cursor pages (84.039125ms)
  ✔ keeps every omitted delta section readable from the same artifact (45.716ms)
  ✔ returns valid artifact sections and a catalog recovery action for an unknown section (28.166292ms)
  ✔ rejects read-section paths outside the browser artifact directory (11.996542ms)
  ✔ keeps a small localeLinks section when snapshot and content links are omitted (44.533708ms)
  ✔ hides oversized artifact string segments behind read-section pagination (42.430416ms)
  ✔ returns every captured page-fact item when the complete observation fits (23.929375ms)
  ✔ keeps the hard transport limit even when the page has unusually many fact sections (455.937125ms)
  ✔ marks evidence incomplete only when the complete page evidence was actually capped (27.566125ms)
  ✔ returns occurrence-aware ARIA and top-level page-fact deltas for one document (42.406042ms)
  ✔ treats a scroll view revision as a full observation and invalidates prior refs (37.873ms)
  ✔ records a newly appeared pageFacts section after fill without throwing (36.067375ms)
  ✔ falls back explicitly to the artifact when a complete delta exceeds its budget (55.972458ms)
  ✔ isolates baselines by session and resets them when a lease is released (36.059792ms)
  ✔ unwraps evaluate values that were unnecessarily JSON-stringified (24.921958ms)
  ✔ keeps a successful action pending result successful and compact (20.41125ms)
  ✔ redacts typed text from the stored artifact (29.623833ms)
✔ PluginBrowserCapabilityModule (1127.325292ms)
▶ PluginDeveloper approval and lifecycle stability
  ✔ restores a legacy run with newly-invalid field ids as a repairable workspace (172.188792ms)
  ✔ clears every durable plugin-development history without touching other Agent use cases (62.521792ms)
  ✔ refuses to clear history while a plugin-development operation is running (0.459375ms)
  ✔ discards unrecoverable plugin-development history without touching recoverable runs (101.140708ms)
  ✔ waits for a slow terminal release before an immediate continuation reopens the run (1.098333ms)
  ✔ materializes a terminal workspace before lazy continuation projects native file tools (182.264416ms)
  ✔ projects Pi native file tools into the durable product timeline (145.948292ms)
  ✔ records exactly one domain error when a runtime fault transitions the run to failed (0.283083ms)
  ✔ surfaces an unpersistable runtime fault and resolves the active operation (0.200833ms)
  ✔ publishes the reduced active context immediately after Pi compaction (0.212917ms)
  ✔ keeps a transient invalid workspace recoverable and resyncs after a valid rewrite (179.823333ms)
  ✔ streams provider reasoning and answer while persisting each only once per completed turn (72.463959ms)
  ✔ bounds one displayed reasoning block and reports the original character count (1.991125ms)
  ✔ revokes an approved permit when Pi rejects the approval continuation (0.379625ms)
  ✔ does not consume an approval while the operation that emitted waiting_user is still settling (0.105292ms)
  ✔ binds a typed choice to the exact request without treating it as user feedback (530.759625ms)
  ✔ resumes a typed browser interaction without turning completion into defect feedback (0.232208ms)
  ✔ keeps a mechanically ready artifact waiting for user after Pi settles (177.016833ms)
  ✔ requires real feedback before continuing a mechanically ready artifact (158.923875ms)
  ✔ keeps readiness for dev-notes edits but invalidates it for package edits (204.887833ms)
  ✔ does not run hidden production execution when Pi settles without a current artifact (161.799875ms)
  ✔ projects a model-turn limit into waiting_user/working without running a hidden check (161.491042ms)
  ✔ allows installation only for the exact full production execution artifact (0.420584ms)
  ✔ marks the session completed only after the accepted artifact is installed (0.24975ms)
  ✔ adopts the installed display name when install renames to avoid a conflict (158.192125ms)
  ✔ persists the renamed installed package onto settled product state (158.981917ms)
  ✔ releases only PluginDeveloper-owned runs during application disposal (0.3905ms)
✔ PluginDeveloper approval and lifecycle stability (2635.527167ms)
✔ uses the indexed journal cursor for active and persisted plugin snapshots (0.464ms)
✔ preserves incremental logs across stale-runtime cancellation, cold snapshot, restore and export (1684.746958ms)
✔ keeps the migrated work log reference when runtime reopen fails during recovery (444.140167ms)
✔ retries closed workspaces with intact or corrupted state without rewriting diagnostic data (455.418334ms)
✔ serializes cleanup admission and drains safely: {"initial":"clear","fail":false,"dispose":true} (489.181125ms)
✔ serializes cleanup admission and drains safely: {"initial":"discard","fail":true,"dispose":true} (412.992458ms)
✔ serializes cleanup admission and drains safely: {"initial":"clear","fail":true,"dispose":false} (480.956417ms)
▶ PluginExecutionModule
  ✔ passes only the typed actress runtime identity and preserves production facts (14.228541ms)
  ✔ records rejected production results without adding semantic issue classifications (23.516792ms)
  ✔ does not accept undefined or runtime-only output as a material production result (20.832125ms)
  ✔ does not accept a video source link without any material scraped field (18.117083ms)
  ✔ treats a full empty contract return as unmatched targets, not a broken shape (0.175209ms)
✔ PluginExecutionModule (77.378208ms)
▶ PluginRunAcceptanceModule
  ✔ accepts an exact full production artifact without judging content or manifest coverage (1.490542ms)
  ✔ keeps readiness when only the plugin display name changes (0.137709ms)
  ✔ rejects targeted, stale package, stale target, stale runtime, and failed execution artifacts (0.278916ms)
  ✔ never accepts a vacuous full execution with no session targets or cases (0.077125ms)
  ✔ treats a successful proper-subset run as wrong_scope, not execution_failed (0.065375ms)
  ✔ keeps execution_failed when a targeted subset itself failed (0.070125ms)
✔ PluginRunAcceptanceModule (2.517792ms)
▶ PluginWorkspaceModule
  ✔ starts create mode without a requested or predeclared field set (1.995333ms)
  ✔ materializes a Pi-native file workspace and rebuilds a normalized package (123.589667ms)
  ✔ treats workspace files as authoritative and changes the artifact hash after an edit (135.957833ms)
  ✔ keeps Pi dev notes outside the plugin artifact and preserves them across instruction refreshes (225.997791ms)
  ✔ atomically records completed execution facts and the current acceptance projection (153.955917ms)
  ✔ updates current acceptance without overwriting the latest execution facts (181.14975ms)
  ✔ does not reinterpret a removed workspace field declaration as all fields (146.692458ms)
  ✔ refreshes v4 host resources without overwriting the draft or decisions (244.893625ms)
  ✔ preserves same-kind legacy targets only when current input has none (291.352375ms)
  ✔ keeps current instruction resources frozen when the workspace is reopened (150.96175ms)
  ✔ preserves an older frozen instruction set while restoring an existing run (149.749917ms)
✔ PluginWorkspaceModule (1807.474958ms)
✔ awaits asynchronous removal without recursively deleting through the synchronous API (24.671834ms)
▶ PluginDevInstructionModule
  ✔ keeps the system prompt limited to identity, workspace and host boundaries (0.535292ms)
  ✔ makes javdex-plugin-dev the only owner of the development workflow (2.230084ms)
  ✔ orders page-level search and detail code checkpoints for video and actress skills (0.438833ms)
  ✔ generates isolated result contracts and workflow examples for each plugin kind (0.355208ms)
  ✔ marks field documentation as a query table rather than an implementation checklist (0.09475ms)
  ✔ preserves a resolved choice and reassesses the remaining blocker (0.053625ms)
  ✔ resumes a completed browser handoff from the interrupted location (0.070833ms)
  ✔ uses the host initial dry-run in debug mode without requesting a duplicate run (0.139833ms)
  ✔ starts create from the Skill instead of a five-file reading ritual (0.346209ms)
  ✔ generates stable v1 resources for identical inputs (0.448292ms)
  ✔ applies user feedback without manufacturing an extra development round (0.057875ms)
  ✔ treats the resume button as continuation rather than new defect feedback (0.051791ms)
  ✔ exposes only dry-run, typed user input and the browser adapter tools (0.10125ms)
✔ PluginDevInstructionModule (5.448209ms)
▶ PluginDeveloper v1 tool executor
  ✔ rejects removed domain tools (148.6075ms)
  ✔ rejects URL-shaped targets without replacing the initial dry-run state (131.451209ms)
  ✔ preserves the prior latest facts while the workspace is temporarily invalid (175.482875ms)
  ✔ adopts the first legal explicit targets immediately and exposes runtime facts (213.75425ms)
  ✔ emits adopted targets before the production runner settles (184.623833ms)
  ✔ replaces session targets after a full unmatched execution (174.936791ms)
  ✔ keeps later explicit targets targeted when the last full run was not an empty miss (155.817416ms)
  ✔ uses later explicit targets only for targeted diagnostics (164.195042ms)
  ✔ treats explicit targets that cover the session set as a full run (156.036458ms)
  ✔ allows the fourth and tenth real executions without an attempt limit (250.656125ms)
  ✔ reads an artifact section without acquiring the live browser lease (141.95425ms)
  ✔ maps bounded scroll arguments to the shared browser command (175.52725ms)
  ✔ terminates on browser busy without replacing the initial dry-run state (170.157209ms)
  ✔ does not replace the initial dry-run state when Cloudflare interrupts the run (168.9025ms)
  ✔ preserves the prior latest facts when a real execution is cancelled (142.392584ms)
✔ PluginDeveloper v1 tool executor (2555.705042ms)
▶ plugin developer Cloudflare handoff
  ✔ retains the browser only for browser interaction handoff requests (0.458541ms)
  ✔ recognizes the typed browser challenge signal (0.241833ms)
  ✔ turns browser action=open challenge into an immediate waiting_user handoff (155.498375ms)
  ✔ presents the helper and creates a typed login handoff without running a Playwright action (145.647625ms)
  ✔ returns typed recovery errors for uncertain actions and pending explicit observations (140.974875ms)
✔ plugin developer Cloudflare handoff (443.792875ms)
▶ PluginDeveloper ToolPack v1
  ✔ matches the compact Pi-native schema in stable order (0.762625ms)
  ✔ classifies dry-run, browser reads/interactions and secret typing explicitly (0.079875ms)
  ✔ governs every remaining host capability through permission, abort and ledger (7.658834ms)
✔ PluginDeveloper ToolPack v1 (8.859833ms)
▶ pluginDevAgent workLog
  ✔ records full tool detail and builds an exportable timeline (18.765875ms)
  ✔ never exports a failed terminal state without an error event (0.241875ms)
✔ pluginDevAgent workLog (19.362084ms)
✔ migrates a legacy log once, preserves message/event order, and reads only its committed journal interval (15.4505ms)
✔ rolls back journal appends when product state commit fails and retries without duplicates (1.521ms)
✔ rejects changed legacy prefixes, shrinking histories, missing rows and malformed references without rewriting data (0.763ms)
✔ keeps logical state+journal writes linear for 1k, 10k and 100k log entries (4992.445541ms)
ℹ {"results":[{"entries":1000,"stateBytes":110786,"journalBytes":131780},{"entries":10000,"stateBytes":1127788,"journalBytes":1337780},{"entries":100000,"stateBytes":11477790,"journalBytes":13577780}],"scope":"In-memory SQLite logical JSON bytes; outer transaction amortizes test setup. Not WAL/device bytes, fsync latency, UI or cold recovery memory acceptance."}
▶ pluginDevCodeEdit
  ✔ replace_snippet swaps a unique fragment (0.868708ms)
  ✔ replace_snippet rejects non-unique oldText (0.140834ms)
  ✔ replace_snippet picks match nearest nearLine (0.320583ms)
  ✔ replace_function can replace a top-level helper (0.455708ms)
  ✔ replace_function rejects re-declaring helper inside parseActress block (0.345125ms)
  ✔ listTopLevelFunctions returns names with line ranges (0.79275ms)
  ✔ findDuplicateTopLevelBindings detects duplicate function names (0.051458ms)
✔ pluginDevCodeEdit (3.405459ms)
▶ pluginDevPageFormat
  ✔ formats definition lists and dom regions for prompts (0.449833ms)
  ✔ formats inspect locale anchors without treating them as a language API (0.063ms)
  ✔ includes link region markers (0.060667ms)
  ✔ builds full page insight prompt (0.193417ms)
  ✔ keeps forms and prioritized links when raw DOM regions are very large (0.486958ms)
✔ pluginDevPageFormat (1.841166ms)
▶ pluginDevService
  ✔ preserves an explicit empty supportedFields list for an undiscovered create draft (6.605417ms)
  ✔ rejects parse result keys used as supportedFields instead of silently dropping them (11.000459ms)
  ✔ wraps generated bare parseVideo functions before dry-run (61.481417ms)
  ✔ reports unrecognized raw result keys before normalization without suggestions (62.966583ms)
  ✔ preserves every normalized video candidate during dry-run (56.599875ms)
  ✔ rejects a video result whose code does not match the requested target (57.95275ms)
  ✔ wraps generated bare parseActress functions before dry-run (56.719125ms)
  ✔ reports legal manifest field ids even when the compatibility projection accepts an empty declaration (54.9995ms)
  ✔ coerces actress numeric and date strings during dry-run (52.354333ms)
  ✔ returns actress identity facts without adding a semantic target rejection (56.131041ms)
✔ pluginDevService (477.869584ms)
✔ coalesces a large burst and flushes the final value without leaking a timer (3.578875ms)
✔ limits continuous progress to ten updates per second plus the final flush (0.472709ms)
✔ replaces pending progress with an immediate state and can publish the next state (0.131166ms)
✔ normalizeProxyUrl accepts common proxy schemes (0.754667ms)
✔ normalizeProxyUrl rejects empty and invalid values (0.184792ms)
▶ public HTTP fetch
  ✔ rejects private literals and hostnames resolving to private addresses (2.988083ms)
  ✔ connects to the validated address while preserving the logical host (18.808708ms)
  ✔ validates redirect destinations and caps streamed response bytes (0.701875ms)
  ✔ applies one timeout budget to URL validation and the request (31.634666ms)
  ✔ closes a pending SOCKS connection when the request deadline expires (63.636833ms)
✔ public HTTP fetch (118.397875ms)
▶ resourceLessVideoCleanupService
  ✔ deletes only zero-resource videos and removes their relations and owned images (588.994ms)
  ✔ protects zero-resource videos while any playlist still references them (440.724292ms)
  ✔ counts and cleans assets only after the final guarded delete succeeds (530.82875ms)
✔ resourceLessVideoCleanupService (1561.017083ms)
✔ reuses one index and releases it before changes, revision failures and disposal (0.945667ms)
✔ expires an idle index, resets the deadline on use and cancels expiry on disposal (0.315458ms)
✔ upgrades raw to combined views with one live index, then reuses it for both operations (0.307292ms)
✔ matches legacy validation and folded path membership across all permitted sources (485.206792ms)
✔ uses the latest non-null run, ignores summary identity and allows indexed unrecognized paths without parsing bad audit (415.787625ms)
✔ never parses the complete body in JavaScript and validates later entries after an early path match (608.052541ms)
✔ keeps authorization on one WAL snapshot when a writer replaces the audit during entry validation (369.846625ms)
✔ fails closed on duplicate known fields and object strings instead of object entries (506.617333ms)
✔ checks the trusted source cap before parsing audit JSON (423.427125ms)
✔ pages every section with stable ordinal, filtered totals and independent results (469.890708ms)
✔ holds an immutable copied snapshot across writer changes and leaves main schema/data unchanged (394.178667ms)
✔ rejects source/index/page budget overflows without truncation and can rebuild after failure (533.248166ms)
✔ rejects wrong scope, mismatched versions/identity, malformed collections and non-object entries (478.955166ms)
✔ copies all collections from one read snapshot when the writer commits during construction (488.24575ms)
✔ matches every historical view field/order across combined filters, Unicode search and pages (1079.148125ms)
✔ locates failed-view anchors, clamps shrink/overflow, and keeps copied pending-path state (1051.744667ms)
✔ rejects invalid view inputs and oversized output without mutating the source (936.544583ms)
✔ reuses one bounded search result across pages and restores read-only mode after TEMP exhaustion (1095.581875ms)
✔ preserves pending paths without an audit body only for the exact current summary (1147.61ms)
✔ does not hide corrupt or over-budget audit bodies behind unrecognized-only fallback (1119.925792ms)
▶ ScrapeJobController
  ✔ flushes and detaches UI progress on rejection before accepting another batch (3.898958ms)
  ✔ coalesces video UI progress while preserving checkpoints and done delivery (21.063458ms)
  ✔ coalesces video UI progress while preserving checkpoints and paused delivery (16.298209ms)
  ✔ coalesces video UI progress while preserving checkpoints and cancelled delivery (15.754667ms)
  ✔ coalesces actress UI progress while preserving checkpoints and done delivery (14.691291ms)
  ✔ coalesces actress UI progress while preserving checkpoints and paused delivery (14.830417ms)
  ✔ coalesces actress UI progress while preserving checkpoints and cancelled delivery (14.846959ms)
  ✔ preserves media-library scope through batch count and start orchestration (0.29825ms)
  ✔ rejects a single-video scrape outside the requesting active media library (0.266209ms)
  ✔ forwards an explicit director choice and returns structured classification outcomes (0.221542ms)
  ✔ serializes single video and actress scrape runs (0.1795ms)
  ✔ pauses an interrupted persisted job during initialization (0.158917ms)
  ✔ recovers an on-disk running checkpoint as paused after restart (130.860042ms)
  ✔ publishes progress and supports pause, resume, and discard for persisted batches (0.6905ms)
  ✔ prevents starting a scrape batch while automatic crop owns the batch lock (0.097166ms)
✔ ScrapeJobController (234.896666ms)
▶ ScraperDelayController
  ✔ starts the next same-site interval after the previous access finishes (27.054875ms)
✔ ScraperDelayController (27.376542ms)
▶ ScraperPluginCatalog
  ✔ restores the configured default after deleting a selected plugin (1.16625ms)
✔ ScraperPluginCatalog (1.4975ms)
▶ ScraperServiceConfiguration
  ✔ keeps scraper service IPC policy behind one application boundary (0.984ms)
✔ ScraperServiceConfiguration (1.336917ms)
▶ SequentialBatchQueue
  ✔ counts success, pending, and failure as disjoint processed outcomes (1.47225ms)
  ✔ pauses after the current target and resumes from checkpoint (0.186292ms)
✔ SequentialBatchQueue (2.075125ms)
▶ seriesMergeService
  ✔ merges an explicit source into the target and transfers videos and direct children (595.973125ms)
  ✔ adopts the source cover only when the target has no formal cover (408.915084ms)
  ✔ rejects a merged name collision in the final owner scope without changing relations (503.189ms)
  ✔ rejects a merge that would move an ancestor branch below its descendant (456.22575ms)
  ✔ collapses a direct source-to-target hierarchy without making the target its own parent (577.251958ms)
  ✔ rolls back profile, video, and child changes when the database transaction fails (550.967584ms)
  ✔ commits the merge and reports an obsolete source cover cleanup failure (559.63525ms)
  ✔ rejects using the same series as target and source (619.943625ms)
✔ seriesMergeService (4273.183166ms)
✔ reuses canonical query pages, isolates caller mutations, and invalidates local and external writes (525.541542ms)
✔ bypasses cached pages inside transactions and never publishes data that is rolled back (427.522166ms)
✔ evicts least recently used pages and validates raw search before cache lookup (359.769709ms)
✔ evicts by serialized byte budget before eight large pages accumulate (531.828334ms)
✔ observes an external commit during a read and refreshes on the next call (437.977417ms)
✔ does not cache a failed read and allows the same query to retry (562.815833ms)
✔ separates connections even when their revision counters match (1090.593042ms)
✔ binds a separate cache and repository to a readonly connection, without using the writer getter (452.012625ms)
▶ videoBatchScrapeQueue feedback
  ✔ identifies scoped and global target sets in batch status text (0.361875ms)
  ✔ preserves and revalidates the original library scope when resuming a checkpoint (1.063375ms)
  ✔ revalidates every frozen scoped target immediately before scraping (0.112208ms)
  ✔ formats success, skip, and partial-warning outcomes distinctly (0.113167ms)
  ✔ counts a persisted multi-candidate result as pending instead of success or failure (0.041916ms)
✔ videoBatchScrapeQueue feedback (2.131625ms)
▶ video lifecycle service
  ✔ cleans app-owned and pending assets while never receiving source media paths (0.964542ms)
  ✔ retries cleanup safely when the repository replays an idempotent result (0.110292ms)
  ✔ deletes managed source files before committing the global video record (0.10075ms)
✔ video lifecycle service (1.571417ms)
Staged video file remains queued for deletion: /var/folders/h4/zxrt6zwx6dv1n16kwxzltqgh0000gn/T/javdex-video-maintenance-policy-tmV9jC/media-root/IPX-535.mp4.javdex-delete-a5828d87-d894-4232-89af-3f426a1659f9 Error: file is busy
    at unlinkSync (/Users/nut/Project/JavdexLabs/Javdex/src/main/services/videoMaintenanceService.test.ts:1053:15)
    at finalizeStagedLocalFiles (/Users/nut/Project/JavdexLabs/Javdex/src/main/services/videoMaintenanceService.ts:389:9)
    at withStagedLocalFileDeletion (/Users/nut/Project/JavdexLabs/Javdex/src/main/services/videoMaintenanceService.ts:414:7)
    at <anonymous> (/Users/nut/Project/JavdexLabs/Javdex/src/main/services/videoMaintenanceService.ts:486:7)
    at <anonymous> (/Users/nut/Project/JavdexLabs/Javdex/src/main/services/mediaAssetStore.ts:506:24)
    at AsyncLocalStorage.run (node:internal/async_local_storage/async_context_frame:63:14)
    at MediaAssetStore.runCoordinatedChange (/Users/nut/Project/JavdexLabs/Javdex/src/main/services/mediaAssetStore.ts:504:31)
    at MediaAssetStore.coordinateDatabaseChange (/Users/nut/Project/JavdexLabs/Javdex/src/main/services/mediaAssetStore.ts:465:17)
    at MediaAssetStore.runInCoordinatedChange (/Users/nut/Project/JavdexLabs/Javdex/src/main/services/mediaAssetStore.ts:475:17)
    at removeResource (/Users/nut/Project/JavdexLabs/Javdex/src/main/services/videoMaintenanceService.ts:468:5)
Staged video file remains queued for deletion: /var/folders/h4/zxrt6zwx6dv1n16kwxzltqgh0000gn/T/javdex-video-maintenance-policy-FH3c3J/media-root/IPX-535.mp4.javdex-delete-0eb38297-3749-4aab-8f09-f39d3f651ac6 Error: 只能操作身份有效的启用媒体库根目录内文件
    at rejectManagedRootFile (/Users/nut/Project/JavdexLabs/Javdex/src/main/services/mediaLibraryRootFileGuard.ts:32:9)
    at requireCurrentRootIdentity (/Users/nut/Project/JavdexLabs/Javdex/src/main/services/mediaLibraryRootFileGuard.ts:86:5)
    at assertRootFile (/Users/nut/Project/JavdexLabs/Javdex/src/main/services/mediaLibraryRootFileGuard.ts:98:27)
    at assertMediaLibraryRootDeletionTarget (/Users/nut/Project/JavdexLabs/Javdex/src/main/services/mediaLibraryRootFileGuard.ts:182:3)
    at assertDeletionAllowed (/Users/nut/Project/JavdexLabs/Javdex/src/main/services/videoMaintenanceService.ts:484:9)
    at finalizeStagedLocalFiles (/Users/nut/Project/JavdexLabs/Javdex/src/main/services/videoMaintenanceService.ts:388:9)
    at withStagedLocalFileDeletion (/Users/nut/Project/JavdexLabs/Javdex/src/main/services/videoMaintenanceService.ts:414:7)
    at <anonymous> (/Users/nut/Project/JavdexLabs/Javdex/src/main/services/videoMaintenanceService.ts:486:7)
    at <anonymous> (/Users/nut/Project/JavdexLabs/Javdex/src/main/services/mediaAssetStore.ts:506:24)
    at AsyncLocalStorage.run (node:internal/async_local_storage/async_context_frame:63:14)
Failed to recover pending local file deletion: /var/folders/h4/zxrt6zwx6dv1n16kwxzltqgh0000gn/T/javdex-video-maintenance-policy-Cz2KDL/offline-volume/movie.mp4.javdex-delete-interrupted Error: 暂存文件所在存储当前不可用
    at recoverPendingLocalFileDeletions (/Users/nut/Project/JavdexLabs/Javdex/src/main/services/pendingLocalFileDeletionService.ts:48:46)
    at TestContext.<anonymous> (/Users/nut/Project/JavdexLabs/Javdex/src/main/services/videoMaintenanceService.test.ts:1243:22)
    at Test.runInAsyncScope (node:async_hooks:227:14)
    at Test.run (node:internal/test_runner/test:1325:25)
    at Suite.processPendingSubtests (node:internal/test_runner/test:911:18)
    at Test.postRun (node:internal/test_runner/test:1465:19)
    at Test.run (node:internal/test_runner/test:1390:12)
    at async Suite.processPendingSubtests (node:internal/test_runner/test:911:7)
Failed to recover pending local file deletion: /var/folders/h4/zxrt6zwx6dv1n16kwxzltqgh0000gn/T/javdex-video-maintenance-policy-4A0sXg/media-root/IPX-535.mp4.javdex-delete-before-rename Error: 原文件所在存储当前不可用
    at recoverPendingLocalFileDeletions (/Users/nut/Project/JavdexLabs/Javdex/src/main/services/pendingLocalFileDeletionService.ts:40:19)
    at TestContext.<anonymous> (/Users/nut/Project/JavdexLabs/Javdex/src/main/services/videoMaintenanceService.test.ts:1289:22)
    at Test.runInAsyncScope (node:async_hooks:227:14)
    at Test.run (node:internal/test_runner/test:1325:25)
    at Suite.processPendingSubtests (node:internal/test_runner/test:911:18)
    at Test.postRun (node:internal/test_runner/test:1465:19)
    at Test.run (node:internal/test_runner/test:1390:12)
    at async Suite.processPendingSubtests (node:internal/test_runner/test:911:7)
Failed to recover pending local file deletion: /var/folders/h4/zxrt6zwx6dv1n16kwxzltqgh0000gn/T/javdex-video-maintenance-policy-0qwAQ4/media-root/missing.mp4.javdex-delete-missing Error: 暂存文件和原文件均不存在
    at recoverPendingLocalFileDeletions (/Users/nut/Project/JavdexLabs/Javdex/src/main/services/pendingLocalFileDeletionService.ts:40:19)
    at TestContext.<anonymous> (/Users/nut/Project/JavdexLabs/Javdex/src/main/services/videoMaintenanceService.test.ts:1321:22)
    at Test.runInAsyncScope (node:async_hooks:227:14)
    at Test.run (node:internal/test_runner/test:1325:25)
    at Suite.processPendingSubtests (node:internal/test_runner/test:911:18)
    at Test.postRun (node:internal/test_runner/test:1465:19)
    at Test.run (node:internal/test_runner/test:1390:12)
    at async Suite.processPendingSubtests (node:internal/test_runner/test:911:7)
▶ VideoMaintenanceService
  ✔ creates and reuses organization identities while editing video metadata (503.462709ms)
  ✔ rolls back video fields when organization assignment fails (494.610083ms)
  ✔ creates or appends HTTP resources without scraping and keeps one primary resource (627.128416ms)
  ✔ normalizes a manually entered code before attaching a resource (523.717583ms)
  ✔ attaches a normalized link to an existing legacy lowercase code (654.932542ms)
  ✔ reports the owning video when a normalized HTTP resource already exists (533.272375ms)
  ✔ imports Magnet and ED2K resources and deduplicates their protocol identities (432.221542ms)
  ✔ keeps STRM targets read-only while editing metadata and safely deletes the source file (381.957417ms)
  ✔ restores a staged STRM source and rolls back removal when primary promotion fails (400.048916ms)
  ✔ refuses to remove an active-root STRM source after the root path is replaced (335.991083ms)
  ✔ edits metadata, status, rating, poster, and manual tags (379.015917ms)
  ✔ attaches the exact selected long-name tag, promotes scraped origin, and rejects deleted selections (245.555583ms)
  ✔ rolls back tag creation or origin promotion when updating the video fails (316.442708ms)
  ✔ imports and deletes a local sample in the temporary media directory (410.869167ms)
  ✔ switches the primary resource and deletes only the selected local resource (376.84375ms)
  ✔ restores a staged local file and rolls back resource removal when promotion fails (435.9555ms)
  ✔ sets any resource as primary and promotes deterministic fallbacks after removal (390.190917ms)
  ✔ does not promote an inaccessible local resource over an available web link (356.869583ms)
  ✔ requires an explicit decision when manually removing the last resource (427.952ms)
  ✔ never turns last-resource removal into a global deletion (375.023416ms)
  ✔ rejects every resource mutation for missing or archived media libraries (339.293584ms)
  ✔ updates only the display label of a local resource (295.525ms)
  ✔ removes a symbolic-link resource without deleting its target file (320.078875ms)
  ✔ refuses to remove a disabled-root resource after the root path is replaced (293.858125ms)
  ✔ rejects local source deletion for every non-active root state before staging (320.024459ms)
  ✔ rejects physical source deletion when the resource has no root ownership (267.109291ms)
  ✔ skips unmanaged source files when deleting a video globally (324.020792ms)
  ✔ corrects an imported code (284.855625ms)
  ✔ persists a committed cleanup task when resource-file deletion must be retried (324.968792ms)
  ✔ revalidates the root identity before unlinking an already staged source (374.866333ms)
  ✔ does not delete resource records when the file storage cannot be audited (333.002291ms)
  ✔ adopts an interrupted prepared task when resource removal is retried (310.941875ms)
  ✔ does not adopt a prepared resource-removal task when the original path was replaced (303.176417ms)
  ✔ restores an interrupted pre-commit file staging task (344.823125ms)
  ✔ keeps a cleanup task queued while its original storage is unavailable (348.049958ms)
  ✔ finishes cleanup after a storage remount changes its device id (375.901292ms)
  ✔ retains a pre-rename prepared task when another device occupies the original path (326.067333ms)
  ✔ retains prepared state and database records when both file paths are missing (329.9835ms)
  ✔ keeps the prepared task when storage disappears during resource-removal rollback (374.009ms)
  ✔ clears scraped metadata and relations but keeps manual tags (373.248583ms)
  ✔ corrects to an already used code without implicitly merging videos (368.898375ms)
  ✔ explicitly merges same-code videos while preserving the chosen id and primary resource (443.713542ms)
  ✔ unions manual tags but keeps the retained scraped-tag field as a whole (382.926ms)
  ✔ unions cast, playlists, sources, and ratings while preserving retained conflicts and scrape history (383.354584ms)
  ✔ merges cover, poster, and sample fields as whole sets and reclaims only unused media (357.786042ms)
  ✔ rejects a merge whose combined identity belongs to a third video (392.272916ms)
  ✔ rolls back an ordinary merge when deleting the source record fails (330.824458ms)
  ✔ rejects merging videos with different normalized codes (357.565209ms)
  ✔ uses the normal availability-aware promotion rule when neither merged video has a primary (371.232ms)
  ✔ splits a non-primary resource into a metadata-empty pending-identity video (303.672917ms)
  ✔ blocks primary splitting and rolls back a failed non-primary split (279.015666ms)
  ✔ locks metadata while a video scrape result is pending but still allows resource splitting (261.170416ms)
  ✔ requires confirmation before correcting a pending video and clears staging atomically (103.2595ms)
  ✔ rolls back the whole edit when it would create a complete business identity conflict (185.064ms)
  ✔ stores related links on a video and returns them on detail (75.093ms)
  ✔ rejects invalid related links and keeps the previous list (89.829333ms)
  ✔ keeps related links when clearing scraped metadata (119.679166ms)
  ✔ allows related-link edits while a video scrape result is pending (102.583ms)
  ✔ unions related links on merge with the retained video first (134.280042ms)
  ✔ leaves related links on the original video when splitting a resource (78.265083ms)
✔ VideoMaintenanceService (20289.243333ms)
▶ VideoQueryService
  ✔ lists videos and reads their detail without mutating library state (356.266708ms)
  ✔ redacts external resource locators in detail projections until explicitly requested (492.058708ms)
  ✔ projects a STRM source path while keeping its complete target main-process only (555.439ms)
✔ VideoQueryService (1404.389833ms)
▶ VideoResourceLinkService
  ✔ tests a direct link and returns Content-Length when available (0.793833ms)
  ✔ returns a non-throwing failure without echoing a sensitive query (0.29825ms)
  ✔ routes checks through the hardened public HEAD transport (0.120625ms)
✔ VideoResourceLinkService (1.624292ms)
▶ videoScrapeApplyService.resolveEffectiveScrapeFields
  ✔ fillEmpty keeps only empty scalar fields (769.07525ms)
  ✔ fillEmpty evaluates female and male cast independently (730.127ms)
  ✔ replaceIfPresent keeps all selected fields regardless of current values (850.882125ms)
  ✔ fillEmpty includes cast fields when video has no performers (588.869625ms)
✔ videoScrapeApplyService.resolveEffectiveScrapeFields (2939.451625ms)
▶ videoScrapeApplyService.planVideoScrapeResult update matrix
  ✔ title follows fillEmpty semantics for every current and scraped value state (489.099ms)
  ✔ title follows replaceIfPresent semantics for every current and scraped value state (523.932417ms)
  ✔ title follows replace semantics for every current and scraped value state (446.654375ms)
  ✔ summary follows fillEmpty semantics for every current and scraped value state (387.222042ms)
  ✔ summary follows replaceIfPresent semantics for every current and scraped value state (452.180792ms)
  ✔ summary follows replace semantics for every current and scraped value state (504.72975ms)
  ✔ cover follows fillEmpty semantics for every current and scraped value state (540.000458ms)
  ✔ cover follows replaceIfPresent semantics for every current and scraped value state (495.707459ms)
  ✔ cover follows replace semantics for every current and scraped value state (547.865375ms)
  ✔ releaseDate follows fillEmpty semantics for every current and scraped value state (435.097917ms)
  ✔ releaseDate follows replaceIfPresent semantics for every current and scraped value state (499.4925ms)
  ✔ releaseDate follows replace semantics for every current and scraped value state (392.80725ms)
  ✔ maker follows fillEmpty semantics for every current and scraped value state (382.8535ms)
  ✔ maker follows replaceIfPresent semantics for every current and scraped value state (404.898584ms)
  ✔ maker follows replace semantics for every current and scraped value state (428.860166ms)
  ✔ publisher follows fillEmpty semantics for every current and scraped value state (438.3935ms)
  ✔ publisher follows replaceIfPresent semantics for every current and scraped value state (393.686583ms)
  ✔ publisher follows replace semantics for every current and scraped value state (473.110083ms)
  ✔ series follows fillEmpty semantics for every current and scraped value state (449.766291ms)
  ✔ series follows replaceIfPresent semantics for every current and scraped value state (443.121917ms)
  ✔ series follows replace semantics for every current and scraped value state (424.835834ms)
  ✔ director follows fillEmpty semantics for every current and scraped value state (493.004917ms)
  ✔ director follows replaceIfPresent semantics for every current and scraped value state (445.177375ms)
  ✔ director follows replace semantics for every current and scraped value state (469.789083ms)
  ✔ duration follows fillEmpty semantics for every current and scraped value state (457.198458ms)
  ✔ duration follows replaceIfPresent semantics for every current and scraped value state (447.916875ms)
  ✔ duration follows replace semantics for every current and scraped value state (455.949708ms)
  ✔ actressesFemale follows fillEmpty semantics for every current and scraped value state (409.286083ms)
  ✔ actressesFemale follows replaceIfPresent semantics for every current and scraped value state (423.436167ms)
  ✔ actressesFemale follows replace semantics for every current and scraped value state (419.623542ms)
  ✔ actressesMale follows fillEmpty semantics for every current and scraped value state (418.567084ms)
  ✔ actressesMale follows replaceIfPresent semantics for every current and scraped value state (385.729417ms)
  ✔ actressesMale follows replace semantics for every current and scraped value state (396.874542ms)
  ✔ tags follows fillEmpty semantics for every current and scraped value state (372.856208ms)
  ✔ tags follows replaceIfPresent semantics for every current and scraped value state (374.166708ms)
  ✔ tags follows replace semantics for every current and scraped value state (298.282042ms)
  ✔ source follows fillEmpty semantics for every current and scraped value state (214.865708ms)
  ✔ source follows replaceIfPresent semantics for every current and scraped value state (91.660375ms)
  ✔ source follows replace semantics for every current and scraped value state (110.50575ms)
  ✔ rating follows fillEmpty semantics for every current and scraped value state (138.766792ms)
  ✔ rating follows replaceIfPresent semantics for every current and scraped value state (140.431416ms)
  ✔ rating follows replace semantics for every current and scraped value state (116.538125ms)
  ✔ samples follows fillEmpty semantics for every current and scraped value state (94.088583ms)
  ✔ samples follows replaceIfPresent semantics for every current and scraped value state (70.700125ms)
  ✔ samples follows replace semantics for every current and scraped value state (97.747334ms)
✔ videoScrapeApplyService.planVideoScrapeResult update matrix (16899.865ms)
▶ videoScrapeApplyService.applyScrapeResult
  ✔ builds a read-only plan before applying field changes (122.298792ms)
  ✔ applies scalar fields consistently across the three update modes (151.851958ms)
  ✔ does not record a successful scrape when no selected field can be written (137.433416ms)
  ✔ clears only the selected source site metadata in replace mode (108.357959ms)
  ✔ preserves existing cover and warns when a returned image is unavailable (130.706209ms)
  ✔ keeps the complete old sample set when any returned sample is unavailable (129.767333ms)
  ✔ replaces selected relation sets while preserving manual tags and the other cast gender (92.477625ms)
  ✔ keeps a committed scrape successful when post-commit library cleanup fails (149.7885ms)
  ✔ does not roll back scraped tags when orphan-tag cleanup fails after commit (152.628416ms)
  ✔ reuses the unique name owner for canonically equivalent scraped cast names (134.9825ms)
  ✔ does not create or link an actress for a migrated pending cast name (137.184708ms)
  ✔ replaceIfPresent updates existing scalars when scrape has values and keeps null scrape values (133.806666ms)
  ✔ stores external stats under ratingSourceName when provided (144.788708ms)
  ✔ leaves downloaded cast avatars untouched for application-layer adoption (152.576541ms)
✔ videoScrapeApplyService.applyScrapeResult (1879.917041ms)
▶ videoScrapeApplyService classification entity resolution
  ✔ preserves entity update semantics across fillEmpty, replaceIfPresent, and replace (144.134ms)
  ✔ matches main names, aliases, and normalized equivalents without overwriting profiles (148.79125ms)
  ✔ creates only basic entities, reuses one organization across roles, and leaves series unowned (151.087625ms)
  ✔ rolls back scalar writes and newly created entities when a classification assignment fails (148.685792ms)
  ✔ keeps the current director when its alias is one of multiple candidates without updating the video (140.963458ms)
  ✔ pauses a single scrape for director choice and applies the selected candidate on retry (142.778709ms)
  ✔ preserves an ambiguous director in batch mode while applying safe fields with an actionable warning (138.739125ms)
  ✔ reports an invalid classification name structurally while applying safe fields (137.198292ms)
  ✔ treats same-name series in different owner scopes as ambiguous and never infers an owner (163.086583ms)
✔ videoScrapeApplyService classification entity resolution (1322.938125ms)
▶ videoScrapeApplyService.resolveVideoBatchTargets
  ✔ keeps active media-library batch targets inside their membership scope (154.242791ms)
  ✔ returns no targets for an archived media-library scope while preserving global compatibility (145.189625ms)
  ✔ excludes videos that already have a pending scrape decision (130.743833ms)
  ✔ filters by videos missing any selected metadata field (129.466459ms)
  ✔ combines status and missing-field filters (128.016833ms)
  ✔ treats a stored cover path as present even when the file is unreadable (125.171083ms)
✔ videoScrapeApplyService.resolveVideoBatchTargets (813.449542ms)
▶ videoScrapeApplyService tags emptiness
  ✔ fillEmpty ignores manual tags when deciding whether tags are empty (128.2515ms)
✔ videoScrapeApplyService tags emptiness (128.4135ms)
▶ llmSecretStore
  ✔ persists encrypted values and reports a degraded Linux-style backend (17.383833ms)
  ✔ removes a provider secret without affecting the remaining entries (25.591083ms)
  ✔ does not treat an unreadable secret path as an empty store (17.326583ms)
✔ llmSecretStore (60.78275ms)
▶ scraperServiceSecretStore
  ✔ persists an encrypted MetaTube token without exposing plaintext (16.324416ms)
  ✔ clears the token and rejects unavailable encryption (31.114416ms)
✔ scraperServiceSecretStore (47.82025ms)
▶ settingsStore avatar composition defaults
  ✔ uses the relaxed face-centered composition for settings without legacy values (17.9825ms)
  ✔ keeps legacy presets and explicit user values during migration (35.805041ms)
✔ settingsStore avatar composition defaults (54.156834ms)
▶ settingsStore video card preferences
  ✔ keeps resource type badges disabled for new and existing users by default (13.16775ms)
  ✔ preserves an explicit resource type badge preference (9.1655ms)
  ✔ defaults video cards to portrait and preserves an explicit landscape preference (37.309ms)
✔ settingsStore video card preferences (59.8205ms)
▶ settingsStore NFO export preferences
  ✔ uses safe defaults and normalizes remembered selections without persisting overwrite (22.789166ms)
✔ settingsStore NFO export preferences (22.997333ms)
▶ settingsStore plugin developer model-turn budget
  ✔ retires the old implicit step limit instead of carrying 24 into the new setting (18.731125ms)
  ✔ defaults to unlimited and preserves an explicit zero limit (27.645625ms)
  ✔ persists a positive limit through the settings interface (19.929791ms)
  ✔ stops rewriting legacy model fields after schema v2 exists (43.392458ms)
  ✔ does not resurrect legacy model fields when the v2 document is unreadable (35.137291ms)
✔ settingsStore plugin developer model-turn budget (145.139125ms)
▶ settingsStore deferred library path cleanup
  ✔ normalizes unique non-empty roots and preserves them across cache resets (14.2425ms)
✔ settingsStore deferred library path cleanup (14.379417ms)
▶ settingsStore persistence
  ✔ does not update the cache when the settings file cannot be replaced (38.160083ms)
✔ settingsStore persistence (38.281208ms)
▶ settingsStore recovery
  ✔ backs up malformed JSON, writes defaults, and exposes one recovery notice (26.879208ms)
  ✔ does not replace a settings path that fails with an I/O error (16.482166ms)
✔ settingsStore recovery (43.935333ms)
▶ settingsStore LLM secret migration
  ✔ moves legacy API keys out of settings.json without exposing them publicly (41.473459ms)
  ✔ keeps the original plaintext file and blocks later writes when migration fails (21.450709ms)
✔ settingsStore LLM secret migration (63.005541ms)
▶ settingsStore scan cleanup defaults
  ✔ keeps automatic deletion disabled and has no summary for new and existing users (12.414333ms)
  ✔ preserves an explicit automatic deletion preference (13.760708ms)
  ✔ normalizes and sanitizes the persisted latest scan summary (18.313834ms)
  ✔ normalizes the retired unrecognized-file snapshot for migration (11.9165ms)
✔ settingsStore scan cleanup defaults (56.519292ms)
▶ settingsStore automatic scan defaults
  ✔ keeps automatic scans disabled and defaults to one hour (8.2465ms)
  ✔ accepts only supported automatic scan intervals (47.464833ms)
✔ settingsStore automatic scan defaults (55.770958ms)
▶ settingsStore retired actress scrapers
  ✔ rewrites the retired idol archive default to Xslist (10.213209ms)
  ✔ rewrites composite actress field mappings that pointed at the idol archive (12.501958ms)
✔ settingsStore retired actress scrapers (22.81775ms)
▶ settingsStore retired video scrapers
  ✔ rewrites the retired JAV8 default to JavDB (34.555791ms)
  ✔ rewrites JAV8 composite mappings and removes its delay (27.487125ms)
✔ settingsStore retired video scrapers (62.102541ms)
▶ settingsStore privacy mode
  ✔ defaults to disabled with every image scope selected (13.490125ms)
  ✔ keeps valid unique scopes and discards unknown values (16.461208ms)
  ✔ keeps samples and actress galleries independently selectable (22.149ms)
  ✔ allows all privacy scopes to be cleared explicitly (19.836375ms)
✔ settingsStore privacy mode (72.139875ms)
▶ close-to-tray setting
  ✔ defaults off and persists an explicit choice across reloads (42.946833ms)
  ✔ does not enable tray hiding from malformed legacy values (17.331833ms)
✔ close-to-tray setting (60.391541ms)
▶ Web read-only catalog scope
  ✔ rechecks image authorization after async work when hidden changes (608.554417ms)
  ✔ rechecks image authorization after async work when archived changes (642.566167ms)
  ✔ rechecks image authorization after async work when cover changes (406.465ms)
  ✔ rechecks image authorization after async work when cast changes (315.373958ms)
  ✔ rechecks image authorization after async work when sample changes (342.148584ms)
  ✔ reads only the authorized image path before and after serving, without full details (283.0695ms)
  ✔ forwards thumbnail size through the real catalog while preserving original requests (293.64175ms)
  ✔ forwards the caller signal to the async Store and drops a cancelled result (308.719625ms)
  ✔ filters archived/hidden memberships for lists, details, images, and media (287.199209ms)
  ✔ describes local resources without exposing their directory (239.8285ms)
  ✔ uses the cover rather than the background for browse, detail and image requests (317.524958ms)
  ✔ queries with parameters, paginates stably and filters clear membership scopes (1018.465ms)
  ✔ uses stable desktop discovery and respects library home participation (782.909917ms)
  ✔ exposes cast display metadata and only serves avatars linked to visible videos (381.542208ms)
  ✔ downloads non-playable files and exposes only supported external links (366.64225ms)
  ✔ resolves only authorized files and refuses symlink escapes and disabled roots (385.931584ms)
✔ Web read-only catalog scope (6981.664459ms)
▶ Desktop-approved browser pairing
  ✔ requires an open window, a desktop decision and a separate secret, consumes only once (1.136584ms)
  ✔ expires requests, bounds polling, rejection, restart and approvals (0.181959ms)
  ✔ bounds the total pending requests (0.236583ms)
✔ Desktop-approved browser pairing (1.890125ms)
▶ Remembered browser lifecycle
  ✔ persists only remembered hashes, retains authorization over restart and revokes individual devices (284.09475ms)
✔ Remembered browser lifecycle (284.284333ms)
▶ Pairing HTTP boundary
  ✔ binds exchange to a private cookie, keeps approval desktop-only and remembers across server restarts (234.989ms)
✔ Pairing HTTP boundary (235.156917ms)
▶ Device record recovery
  ✔ keeps valid sessions usable during activity write failures and retries persistence (377.424292ms)
  ✔ keeps disk and memory consistent after failed revoke, clear, rename and create (93.95075ms)
  ✔ resets a damaged snapshot without parsing it or retaining old authorization (40.03175ms)
  ✔ restores remaining pairing time from server and retains approval on issuance failure (0.160084ms)
✔ Device record recovery (511.765333ms)
▶ Per-device streaming revocation
  ✔ interrupts the revoked stream while another browser finishes its stream (62.896625ms)
✔ Per-device streaming revocation (63.020416ms)
✔ keeps the running service on staging failure and restores it after publish failure (118.54825ms)
✔ preserves remembered devices on runtime server errors, including failed state persistence (4.996083ms)
▶ Web authentication and streaming
  ✔ keeps image responses private and reports read queue overload as 503 (6.521ms)
  ✔ forwards finite thumbnail sizes and rejects invalid sizes before image work (3.827083ms)
  ✔ reports oversized images as 413 without caching or a HEAD body (6.123833ms)
  ✔ rechecks an expired session after image work while the connection remains open (42.414958ms)
  ✔ cancels pending image work on logout and never sends its completed bytes (44.129125ms)
  ✔ cancels pending image work on disconnect and never sends its completed bytes (42.643375ms)
  ✔ stores salted password hashes and enforces minimum length (118.417167ms)
  ✔ requires a session for catalog, artwork, and video, with no credential data in failures (11.806625ms)
  ✔ serves brand and favicon PNGs without login with the correct MIME and bytes (10.980875ms)
  ✔ rejects bad credentials; issues HttpOnly SameSite cookies on login (87.074792ms)
  ✔ blocks cross-origin, missing-origin POSTs, DNS rebinding, and desktop mutation routes (13.54225ms)
  ✔ streams byte ranges, suffixes and HEAD; rejects invalid or multiple ranges (10.576625ms)
  ✔ downloads authenticated resources as attachments (1.444625ms)
  ✔ logout invalidates the cookie; desktop revocation invalidates all browsers (48.652166ms)
✔ Web authentication and streaming (582.11525ms)
▶ Session lifetimes and request limits
  ✔ expires idle and absolute sessions and limits attempts (0.210459ms)
  ✔ accepts only local peer ranges and handles byte-range edge cases (0.181417ms)
✔ Session lifetimes and request limits (0.470875ms)
▶ actress face scan cache
  ✔ reuses a result only while the avatar fingerprint is unchanged (0.355167ms)
  ✔ filters only cached no-face avatars and ignores missing or unscanned entries (0.749875ms)
  ✔ combines a minimal full-library manifest with current session results (0.092834ms)
✔ actress face scan cache (1.593625ms)
▶ actress face scan cache identity
  ✔ only changes when a current row has no reusable result (0.346708ms)
✔ actress face scan cache identity (0.644417ms)
▶ actress face detection outcome mapping
  ✔ maps the detector zero-face message to the no-face domain state (0.353875ms)
✔ actress face detection outcome mapping (0.698667ms)
▶ actress face scan queue
  ✔ reports total detection failure without confusing partial or empty results with failure (0.471709ms)
  ✔ reuses cached face statuses and does not invoke detection for them (0.535917ms)
  ✔ finishes the current target before honoring cancellation (0.074583ms)
  ✔ does not cache detector failures so a later run can retry them (0.057625ms)
✔ actress face scan queue (1.515917ms)
▶ actress face scan session
  ✔ notifies remounted consumers when an earlier scan finishes (0.354875ms)
✔ actress face scan session (0.785625ms)
▶ avatar auto-crop geometry
  ✔ rejects invalid boxes and clamps valid detector bounds (0.941125ms)
  ✔ merges overlapping tiled detections and preserves the strongest result (0.107125ms)
  ✔ requires an explicit choice when two faces have similar prominence (0.191458ms)
  ✔ accepts mid-confidence faces only when the presence floor is used (0.054542ms)
  ✔ maps ROI landmarks back to full-image normalized coordinates (0.059667ms)
  ✔ uses the hair component attached to the face for visible head bounds (1.004709ms)
✔ avatar auto-crop geometry (2.881417ms)
✔ requests CORS before loading a media avatar so its bitmap can cross the Worker boundary (0.439167ms)
✔ keeps only recent log previews after 100000 entries while counting omissions (22.792ms)
✔ bounds oversized fields without splitting surrogate pairs or mutating prior state (0.136958ms)
▶ avatar composition preview cache
  ✔ persists and restores the complete normalized face analysis (0.71375ms)
✔ avatar composition preview cache (1.052ms)
▶ ActressAvatarEditor
  ✔ keeps rendering when the current avatar enters crop editing (63.520125ms)
  ✔ keeps rendering when a legacy avatar without its original enters crop editing (15.556958ms)
✔ ActressAvatarEditor (79.781708ms)
✔ pages associated covers without loading an actress detail or accumulating tiles (7.633625ms)
✔ does not replace a user-selected source tab when the first cover page arrives late (5.586792ms)
✔ pages photo sources with global labels and retries without fetching complete metadata (4.632458ms)
✔ keeps local selection when the user opens a file picker before photos arrive (2.3355ms)
▶ ActressDeleteModal confirmation model
  ✔ uses ordinary deletion only when the current impact has no video links (0.414542ms)
  ✔ requires the dedicated acknowledgement action and explains resource preservation (0.071833ms)
  ✔ does not let the dedicated high-risk action bypass the safe path (0.04775ms)
✔ ActressDeleteModal confirmation model (0.942042ms)
✔ bounds grid and preview windows, crosses both page edges and preserves one history entry (229.800208ms)
✔ retains the current photo on page failure, retries, and discards a response after close (36.025208ms)
✔ refreshes by stable ID after reorder and closes a removed preview without selecting its replacement (53.73125ms)
✔ deletes the last photo on a page and refreshes imported photos through the actual panel callbacks (35.100791ms)
▶ ActressProfileMeta scrape record
  ✔ hides scrape record for successful actresses and keeps attention states (0.829792ms)
  ✔ offers the manual success mark only for unscraped and failed records (0.069625ms)
✔ ActressProfileMeta scrape record (1.290791ms)
▶ Button
  ✔ loads its CSS Module and preserves native button semantics (2.792875ms)
✔ Button (3.337584ms)
▶ ClassificationDeleteModal
  ✔ shows associated video and child impacts before confirming deletion (8.00275ms)
  ✔ allows a zero-impact deletion and keeps a failed confirmation open with refreshed impact (2.771458ms)
  ✔ does not report or re-preview a completed deletion when page cleanup fails (4.798708ms)
✔ ClassificationDeleteModal (16.144ms)
✔ loads only the video source and retains the chosen original across 60/60/5 and error retry (170.741ms)
✔ clamps a shrunken last page and ignores a response after an entity switch (6.005541ms)
✔ does not close or refresh a new entity editor when an old save settles (3.875667ms)
✔ does not replace a chosen video cover with a late URL preview after switching sources (4.14325ms)
▶ classification picker
  ✔ keeps candidates hidden until the field is used (3.686167ms)
  ✔ shows candidates once the user types (1.260083ms)
  ✔ walks candidates with the arrow keys and commits with Enter (1.02925ms)
  ✔ shows candidates once the field is focused (0.401125ms)
  ✔ shows candidates on focus even when the field is empty (0.597084ms)
  ✔ does not commit a candidate with Enter until one is active (0.224292ms)
  ✔ closes candidates on Escape without letting the dialog see the key (0.232375ms)
  ✔ closes candidates when focus leaves the field (0.29625ms)
  ✔ keeps candidates open when the pointer is in the list (0.261042ms)
  ✔ closes candidates after picking one with the pointer (0.249125ms)
  ✔ hides the create hint when the typed name already exists (0.339792ms)
✔ classification picker (9.14525ms)
▶ video detail library context layout
  ✔ shares the compact detail header row with the back action (2.918041ms)
  ✔ keeps membership badges on one bounded line (1.109917ms)
✔ video detail library context layout (4.387625ms)
▶ DirectorScrapeChoiceModal
  ✔ requires an explicit candidate and submits its stable director id (5.779167ms)
✔ DirectorScrapeChoiceModal (6.101333ms)
▶ DisplayModeProvider
  ✔ loads and exposes the application-wide cover mode (21.784542ms)
✔ DisplayModeProvider (22.356792ms)
▶ form hint styles
  ✔ keeps entity-edit and settings field hints muted and caption-sized (3.383459ms)
  ✔ routes entity-edit helper copy through EditFormField instead of a bare hint class (0.543292ms)
✔ form hint styles (4.476208ms)
▶ image preview history marker
  ✔ preserves router state when adding a unique preview marker (1.555042ms)
  ✔ reads only valid image preview markers (0.10275ms)
✔ image preview history marker (2.038584ms)
✔ uses a 320 thumbnail for actress cards (141.959459ms)
✔ uses thumbnails for local video gallery tiles and original preview sources (154.061917ms)
✔ uses thumbnails for local actress gallery tiles and original preview sources (6.335125ms)
▶ LegacyLibraryRedirect
  ✔ preserves the settings return context while replacing a legacy video URL (95.538625ms)
✔ LegacyLibraryRedirect (95.991208ms)
▶ MediaLibraryCreateModal
  ✔ validates in place and exposes a keyboard-submit four-step flow (230.843667ms)
  ✔ deduplicates selected roots, submits independent config, and returns root errors to their step (7.350916ms)
✔ MediaLibraryCreateModal (238.851334ms)
▶ MediaLibraryCreateModal control style
  ✔ keeps all workflow steps at one viewport-safe dialog height (3.635375ms)
  ✔ reserves a visible gutter for the left edge of the focus ring (1.583458ms)
✔ MediaLibraryCreateModal control style (6.481709ms)
▶ MediaLibraryNav name style
  ✔ keeps visible library names on one ellipsized line (4.074292ms)
  ✔ presents media libraries as one compact navigation surface (0.946625ms)
  ✔ keeps global navigation unlabeled in the visible sidebar (0.2785ms)
✔ MediaLibraryNav name style (5.727333ms)
✔ pages40 candidates and preserves selection and name plan across pages and search (648.889459ms)
✔ retries page failures without losing the selected merge plan (95.004334ms)
✔ ignores old page responses while a changed search is debouncing (423.020417ms)
✔ locks a captured merge against duplicate submission and retains plan on failure (162.7075ms)
✔ resets session on keep identity change and ignores old page and merge completion (154.461834ms)
✔ resets the name plan only when choosing a different merge candidate or clearing selection (92.7965ms)
▶ OrganizationDeleteModal
  ✔ previews and removes only the selected role (10.440125ms)
  ✔ blocks removing the final role and directs the user to full deletion (3.023666ms)
  ✔ shows both role counts and hierarchy impacts for a full deletion (1.1855ms)
✔ OrganizationDeleteModal (15.396084ms)
▶ OrganizationMergeModal interaction
  ✔ selects a cross-role source and submits the explicit source-to-target direction (137.845333ms)
  ✔ keeps the modal open and shows an actionable error when the merge is rejected (3.544333ms)
✔ OrganizationMergeModal interaction (141.833709ms)
▶ recent text input style contract
  ✔ uses the shared text-input treatment for every recent text-like input (6.392375ms)
✔ recent text input style contract (6.743917ms)
▶ Switch
  ✔ loads its CSS Module and preserves native checkbox semantics (3.459833ms)
✔ Switch (3.790792ms)
✔ loads on open only, pages without full catalog reads and preserves cross-page selection (56.515667ms)
✔ debounces and resets search, rejecting stale page/search responses (274.195833ms)
✔ shows failure with explicit retry and enforces 100 selections while allowing removal (1.260083ms)
✔ unmounts candidates with the actual parent popover and ignores late responses on reopen (2.93325ms)
▶ VideoDeleteImpact
  ✔ shows every affected domain without a duplicate source-file section (2.173708ms)
  ✔ names the current library when previewing a membership removal (0.350334ms)
✔ VideoDeleteImpact (2.941625ms)
▶ video primary metadata classification navigation
  ✔ dispatches entity-backed organizations by stable id (0.966041ms)
  ✔ does not expose a name-only organization route (0.052959ms)
  ✔ uses only the stable director id (0.065584ms)
  ✔ uses only the stable series id (0.0655ms)
✔ video primary metadata classification navigation (1.535084ms)
▶ video detail resource actions
  ✔ shows copy and external-open actions instead of play for link resources (4.733959ms)
  ✔ keeps the play action for local resources (0.730875ms)
  ✔ shows actual link kind, STRM hosting, masked target, and source path together (1.411083ms)
  ✔ exposes the cross-library move command for both links and root-managed resources (2.081791ms)
✔ video detail resource actions (9.620083ms)
▶ VideoLibraryMembershipBadges
  ✔ puts the active resource scope first and names the other memberships accessibly (3.065959ms)
  ✔ bounds the visible badges and exposes hidden library names in the overflow title (0.39575ms)
✔ VideoLibraryMembershipBadges (3.81575ms)
▶ VideoResourceImportModal
  ✔ keeps a STRM target read-only while allowing metadata edits and HTTP checks (134.09775ms)
✔ VideoResourceImportModal (134.506667ms)
✔ loads only on open, renders at most one page, and selects an existing tag by ID (16.197209ms)
✔ debounces search, resets the page, and discards earlier search responses (547.38525ms)
✔ shows errors with retry and discards closed-modal results before reopening (1.786875ms)
✔ creates from the full draft and prevents an old write completion from closing another video modal (2.752584ms)
✔ refreshes stale candidates after a failed selection without retrying the write (2.147917ms)
✔ does not inherit an open picker or issue a hidden request when switching videos (1.349875ms)
▶ actress virtual grid layout
  ✔ derives responsive columns without shrinking cards below their minimum width (0.361875ms)
  ✔ places load state on a dedicated row after an incomplete item row (0.684375ms)
✔ actress virtual grid layout (1.399416ms)
▶ AgentMetadataActivityFeed
  ✔ keeps live model thinking open and shows semantic actions (4.252083ms)
  ✔ collapses completed thinking into an expandable preview (1.7935ms)
  ✔ moves a finished live thought back into collapsed history (0.936416ms)
  ✔ caps the thinking box height and still shows the full streamed text (2.145334ms)
✔ AgentMetadataActivityFeed (9.583416ms)
▶ Agent metadata collector intro
  ✔ explains how this flow differs from regular matching (0.46775ms)
  ✔ keeps the setup steps compact and muted (3.001ms)
✔ Agent metadata collector intro (3.84725ms)
▶ alias editor state
  ✔ promotes an alias to main name and keeps the previous main as an alias (0.824208ms)
  ✔ does not duplicate the previous main name when it is already an alias (0.059458ms)
✔ alias editor state (1.232042ms)
▶ classification image interaction state
  ✔ distinguishes formal images from dynamic fallback images (1.101042ms)
  ✔ builds explicit file, URL, and video-cover commands (0.095792ms)
✔ classification image interaction state (1.541625ms)
▶ classification merge interaction state
  ✔ keeps the selected source identity when refreshed candidates reorder (0.77575ms)
  ✔ keeps a selected source through a narrower search and rejects invalid commands (0.061083ms)
✔ classification merge interaction state (1.175917ms)
▶ classification picker state
  ✔ stays closed until the user asks for candidates (0.844791ms)
  ✔ hides candidates when the result set is empty (0.057167ms)
  ✔ opens on arrow navigation and wraps around the candidate list (0.051792ms)
  ✔ never navigates into an empty candidate list (0.034042ms)
  ✔ drops the active candidate when typing or when the result set shrinks (0.036417ms)
  ✔ closes on dismiss (0.030208ms)
  ✔ hides the create hint when the query already names an existing option (0.038959ms)
✔ classification picker state (1.472916ms)
▶ director form state
  ✔ defaults to preserving a changed main name and converts profile fields (0.811125ms)
✔ director form state (1.130125ms)
▶ director picker state
  ✔ keeps typed same-name input as an explicit inline-create request (0.83875ms)
  ✔ shows stable candidate differences rather than silently choosing by name (0.088ms)
✔ director picker state (1.270166ms)
▶ image preview swipe gesture
  ✔ switches to the previous image when dragging right past the threshold (0.339167ms)
  ✔ switches to the next image when dragging left past the threshold (0.043958ms)
  ✔ ignores clicks, short drags, and vertical drags (0.047ms)
  ✔ distinguishes a drag from a click even when movement is vertical (0.047166ms)
✔ image preview swipe gesture (0.858167ms)
▶ mediaLibraryIdentityStyle
  ✔ maps every domain color to one semantic CSS custom property (0.867834ms)
  ✔ keeps the established palette mapping stable (0.055ms)
✔ mediaLibraryIdentityStyle (1.2645ms)
▶ organization form state
  ✔ defaults to preserving the previous main name while retaining ordered aliases and links (0.894208ms)
  ✔ moves links without mutating the current form state (0.080834ms)
  ✔ retains a selected parent while search results change (0.100625ms)
✔ organization form state (1.452583ms)
▶ organization merge presentation
  ✔ shows cross-role candidate statistics without collapsing the two roles (0.35825ms)
  ✔ reports each transferred relation after a successful merge (0.066584ms)
✔ organization merge presentation (0.863708ms)
▶ organization picker state
  ✔ resolves main names and aliases to stable ids (1.727917ms)
  ✔ uses unmatched text as an explicit inline create request (0.074208ms)
  ✔ uses an empty value to remove the organization relation (0.059167ms)
  ✔ describes candidates by stable id, roles, and aliases (0.059792ms)
✔ organization picker state (2.409167ms)
▶ PlaylistImportProvider workspace
  ✔ uses the Agent scrape two-pane workspace with live activity and result preview (1.077333ms)
  ✔ offers one confirmed termination action in running and waiting-user footers (0.187416ms)
  ✔ closes the import workspace after the host confirms task termination (0.14375ms)
  ✔ closes only through the actions rendered inside the import dialog (0.105708ms)
  ✔ closes the import dialog before navigating to the imported playlist (0.145875ms)
  ✔ offers frozen write options with source-playlist linking disabled by default (0.188416ms)
  ✔ selects the active default media library when opening the importer (0.119833ms)
  ✔ explains the Agent name and host-date fallback for an empty new-playlist name (0.109ms)
  ✔ invalidates global video projections and discards stale identity choices (0.304875ms)
  ✔ broadcasts completion so recovered imports refresh mounted playlist surfaces (0.751166ms)
  ✔ renders the complete release summary instead of only aggregate reuse counts (0.160125ms)
  ✔ keeps preview rows dense and long text truncation stable (2.715125ms)
  ✔ shows enough candidate identity evidence and opens links through the app shell (0.348166ms)
✔ PlaylistImportProvider workspace (7.055083ms)
▶ PluginDevConfigRail ready actions
  ✔ makes Install primary and disables empty continuation until feedback is entered (6.509542ms)
✔ PluginDevConfigRail ready actions (6.814375ms)
▶ PluginDevConversation history controls
  ✔ presents a ready settlement as normal state and requires feedback to continue (5.239834ms)
  ✔ renders model reasoning as a quiet collapsed diagnostic block (11.920084ms)
  ✔ keeps live reasoning open and marks the answer as streaming (3.435083ms)
  ✔ renders agent answers as markdown (2.894ms)
  ✔ renders compact context metrics with the cache-hit ratio (1.524875ms)
  ✔ exposes an explicit clear-session action for a restored historical run (0.548417ms)
  ✔ keeps typed choice, browser challenge and freeform requests as distinct controls (1.712166ms)
✔ PluginDevConversation history controls (27.855417ms)
✔ pages40/40/21, resolves full names and retains selected long identities when returning (296.76975ms)
✔ retries page failures and isolates a stale page during raw search debounce (388.700709ms)
✔ ignores choice completion after search or close and suppresses same-tick duplicate clicks (387.191875ms)
✔ reports missing or unrepresentable names without adding incorrect targets (77.899209ms)
✔ enforces existing eight-target limit and preserves video query behavior after kind switch (54.611583ms)
✔ recognizes existing long targets on a fresh mount without confusing a common preview prefix (62.196833ms)
✔ ignores a held actress choice after switching to video (69.00525ms)
✔ bounds long-label reconciliation concurrency and stops scheduling after kind switch (34.621375ms)
✔ retries failed long-label selection reconciliation (39.478875ms)
✔ guides a configured model user to the missing website, then enables development (308.598208ms)
✔ keeps the actual model readiness reason when a named model cannot run (7.027041ms)
▶ PluginDevResultPanel manifest coverage
  ✔ separates actionable field ids from runtime-only information (3.714834ms)
  ✔ renders each exact-match candidate when the plugin returns an array (0.695041ms)
  ✔ labels a targeted execution as a local diagnostic even when the saved full run is ready (0.291916ms)
  ✔ explains null and empty array plugin returns instead of hiding the section (0.196292ms)
✔ PluginDevResultPanel manifest coverage (5.281208ms)
▶ plugin dev Agent UI state
  ✔ requires feedback before continuing a mechanically ready Agent (0.615667ms)
  ✔ presents a normal Agent settlement without an error toast (0.553ms)
  ✔ coalesces streaming reasoning and answer into their final model-turn items (0.133959ms)
  ✔ enables the existing Install button only for a current mechanical acceptance (0.045958ms)
  ✔ allows clearing restored history only when its Agent is not running or busy (0.048083ms)
  ✔ auto-applies only unfinished history and leaves terminal editor state untouched (0.040542ms)
  ✔ keeps non-debuggable built-ins out of the plugin-development selector (4.030375ms)
  ✔ does not treat a loaded built-in fork as the already-selected new-plugin option (0.105ms)
  ✔ rejects session B events while continuing session A (0.080792ms)
  ✔ binds an unbound start once and rejects later events from another session (0.113083ms)
  ✔ invalidates a snapshot after any newer live mutation (0.209792ms)
  ✔ releases restored busy state on settle but keeps a local API dispatch busy (0.141875ms)
  ✔ projects live workspace drafts from package_updated, not terminal done (0.121375ms)
  ✔ blocks ordinary messages until the exact pending approval is decided (0.1325ms)
  ✔ does not dispatch a stale approval after the request disappeared (0.078708ms)
✔ plugin dev Agent UI state (7.170959ms)
▶ series form state
  ✔ defaults a rename to retaining the previous main name (0.489375ms)
  ✔ trims text and converts optional numeric selections (0.65675ms)
✔ series form state (1.584917ms)
▶ series picker state
  ✔ keeps typed creation separate from selecting an existing stable identity (0.788166ms)
  ✔ always distinguishes same-name candidates by stable id and owner scope (0.097ms)
✔ series picker state (1.232167ms)
✔ shows bounded log preview with explicit omission notice and full task counters (18.742875ms)
✔ applies supported fields, preserves other mappings, allows overrides and only persists on save (16.362916ms)
✔ rejects unavailable saved sources and keeps missing references visible for repair (0.81825ms)
✔ excludes nested and other-kind plugins and prevents applying unconfigured sources (0.650375ms)
✔ uses video field capabilities for bulk assignment (0.872208ms)
✔ uses server totals/offset, 100/100/5 rows, browser locale and current-page presence (36.637125ms)
✔ hides rows during loading/error and waits for refreshed header before retrying current props (4.751875ms)
✔ isolates old retry resolve across library A → B → A (1.814833ms)
✔ isolates old retry reject across library A → B → A (1.5005ms)
✔ debounces 200ms, hides rows immediately, and rejects search ABA and library ABA responses (629.191542ms)
✔ cancels a search timer on library change and unmount; filters reset offset and use the server (532.272375ms)
✔ resolves unrecognized once through header refresh and refetches the current page (3.85025ms)
✔ renders missing-body notice alongside cached rows and never calls it a filtered empty page (1.496291ms)
✔ anchors all → failed by path, honors returned page and safely focuses exact DOM anchor (14.307042ms)
✔ anchors all → failed by group, honors returned page and safely focuses exact DOM anchor (14.9625ms)
✔ waits for delayed header props after refresh promise resolves (run) (32.580292ms)
✔ waits for delayed header props after refresh promise resolves (next) (33.737208ms)
✔ shows refresh errors with retry and allows a new library to proceed (2.207167ms)
✔ held anchor response respects user focus: origin (24.078375ms)
✔ held anchor response respects user focus: body (22.336833ms)
✔ held anchor response respects user focus: documentElement (26.792208ms)
✔ held anchor response respects user focus: input (46.241625ms)
✔ held anchor response respects user focus: toolbar (43.810875ms)
✔ keeps the actual anchored page when resolving its target, clears anchor and accepts server clamp (3.085958ms)
✔ late resolution from an old row cannot reset the user’s newer page (3.739042ms)
✔ late resolution from library A cannot replace B or a new A page state (7.355791ms)
▶ LibraryScanAuditPanel
  ✔ defaults to the attention tab even when the latest scan has no issues (220.399708ms)
  ✔ keeps cached unrecognized files visible with their root-scoped resolution controls (3.134ms)
  ✔ does not describe current scan failures as resolved (2.672792ms)
  ✔ offers a processing jump for cached unrecognized rows in the all-files tab (4.084708ms)
  ✔ shows an NFO identity conflict as a secondary scan disposition and opens the pending center (2.045125ms)
  ✔ routes a current NFO candidate to its scrape pending item (1.979ms)
  ✔ shows historical NFO pending dispositions as resolved when their current rows are gone (1.497791ms)
  ✔ keeps the attention badge equal to the visible list when only an NFO warning exists (1.12975ms)
✔ LibraryScanAuditPanel (237.678083ms)
✔ limits a large failed audit to100 visible rows and queries only their pending IDs (23.205875ms)
✔ routes all three kinds from one mixed pending presence response (1.4015ms)
✔ keeps a stable audit anchor when a historical group is no longer pending (0.969875ms)
▶ MetaTube plugin settings
  ✔ shows pending status and blocks setting an unconfigured plugin as default (3.909333ms)
  ✔ keeps a blank token and supports explicit token clearing (3.602958ms)
  ✔ requires confirmation before saving a token over remote HTTP (2.710333ms)
  ✔ tests the current draft without changing the token mode (4.55525ms)
✔ MetaTube plugin settings (15.223833ms)
▶ Model management v2 panels
  ✔ keeps workload edits local until the explicit save action (12.532125ms)
  ✔ shows configured providers first and keeps unconfigured built-ins collapsed (1.68075ms)
  ✔ limits the default advanced view to models referenced by workloads (10.474667ms)
✔ Model management v2 panels (25.160666ms)
✔ saves proxy address and mode only on explicit commit; testing stays independent (287.370125ms)
▶ NFO export foreground modal
  ✔ vetoes full-page unload while the foreground modal is active (253.490667ms)
  ✔ is an aria-modal task surface with an explicit terminate action and no dismiss action (7.872541ms)
  ✔ keeps the terminal report open until the user confirms it (1.14875ms)
  ✔ renders a returned plan and enters blocking state before foreground execution (10.34225ms)
  ✔ discards a plan that returns after the storage panel has unmounted (2.399083ms)
  ✔ terminates an export whose start result returns after unmount (1.856042ms)
✔ NFO export foreground modal (277.798125ms)
▶ NFO export preview details
  ✔ counts only new and replaced artwork in the writing breakdown (0.628833ms)
  ✔ distinguishes stopped, partial and empty reports and exposes stop errors in the dialog (0.991042ms)
  ✔ mounts only the opened page of a large warning list and keeps every warning reachable (3.410125ms)
✔ NFO export preview details (5.147125ms)
▶ SettingsPrimitives
  ✔ retains an invalid value with an accessible error instead of silently clamping it (4.566ms)
  ✔ keeps a multi-digit number local until the edit is committed (1.363875ms)
  ✔ supports keyboard activation of increment and does not treat empty input as zero (0.501292ms)
  ✔ renders a semantic card without losing its accessible name (0.284084ms)
  ✔ exposes status as data rather than a behavior-bearing class name (0.427584ms)
✔ SettingsPrimitives (7.632833ms)
✔ renames with no manual code or target and refreshes the pending row after failed recognition (143.392125ms)
✔ retries a failed service with saved configuration, and prevents submitting unsaved drafts via retry (3400.51025ms)
▶ library scan audit row layout
  ✔ uses compact rows only when the skipped tab also uses compact virtual slots (0.339917ms)
  ✔ keeps the variable-height attention list out of fixed-size virtualization (0.055667ms)
  ✔ keeps CSS row geometry aligned with virtual item sizes (0.662583ms)
✔ library scan audit row layout (1.442375ms)
▶ video resource card badges
  ✔ keeps primary-first order, deduplicates kinds, and limits visible labels to two (1.119375ms)
  ✔ returns no card decoration when a video has no resources (0.063958ms)
  ✔ shares full resource labels across detail and filter surfaces (0.062708ms)
✔ video resource card badges (1.634208ms)
▶ video resource import form
  ✔ shares auto detection, normalization, and size conversion across entry points (0.962583ms)
  ✔ auto-detects Magnet and keeps its protocol-derived default name (0.22875ms)
  ✔ treats blank matching input as absent without invoking strict code validation (0.070333ms)
✔ video resource import form (1.640542ms)
▶ video resource import layout
  ✔ gives the size value the fluid column and keeps its unit compact (7.059708ms)
✔ video resource import layout (7.728667ms)
▶ shared workbench primitives
  ✔ composes feature classes without replacing the neutral structure (1.471375ms)
  ✔ connects tabs to their panels with a single keyboard tab stop (0.412458ms)
✔ shared workbench primitives (2.236792ms)
✔ counts avatars through the scalar API without loading targets and propagates failures (43.271916ms)
✔ consumes pages on demand and stops safely across page failure, cancellation and unmount (60.939083ms)
✔ serializes startup before target loading and releases ownership on empty, failed or unmounted startup (50.178959ms)
▶ isBatchScrapeActive
  ✔ treats only running and paused batches as active (0.328375ms)
✔ isBatchScrapeActive (0.662542ms)
▶ poster grid row height
  ✔ reserves the complete membership strip without changing ordinary library rows (0.316458ms)
✔ poster grid row height (0.620709ms)
▶ facet route contracts
  ✔ only permits each entity detail under its matching facet (0.333083ms)
✔ facet route contracts (0.660209ms)
▶ global search shortcut
  ✔ accepts Cmd/Ctrl+K and rejects unrelated key combinations (0.335542ms)
  ✔ focuses and selects the Home input after two render frames (0.558458ms)
✔ global search shortcut (1.246709ms)
▶ useLatestAsyncLabel
  ✔ ignores an older request that finishes after the latest request (5.831166ms)
✔ useLatestAsyncLabel (6.40525ms)
✔ does not load hidden scan history, including manual refresh and invalidation, and releases completed data (60.716084ms)
✔ discards pending results after leaving and re-entering or switching libraries (37.564292ms)
✔ exposes history load errors and retries without treating failure as an empty history (24.146333ms)
✔ advances page refresh revision even when the returned header is unchanged (24.33375ms)
✔ retries a failed page through the real header controller without issuing the old run again (219.465042ms)
▶ media-library scan event scope
  ✔ accepts only the current library and, once known, the current run (0.314291ms)
✔ media-library scan event scope (0.62025ms)
✔ sends no empty lookup, deduplicates IDs and rejects a stale page response (10.797459ms)
✔ distinguishes a failed lookup from processed items and retries the same page (1.922625ms)
✔ does not reuse old ready state when a page is revisited before another lookup finishes (1.072292ms)
✔ does not fetch empty/inactive selections and resolves only unique selected IDs (8.970875ms)
✔ ignores responses for previous filters and refreshes on returning from detail (1.44225ms)
✔ does not loop on a rejected lookup and discards in-flight results after deactivation (0.784375ms)
▶ isLibraryListSurfacePath
  ✔ matches list roots only (0.737958ms)
  ✔ does not match detail or stack routes (0.156416ms)
✔ isLibraryListSurfacePath (1.242291ms)
▶ shouldRefetchLibraryOnRouteChange
  ✔ refetches when entering a list root from outside (0.090541ms)
  ✔ does not refetch when opening detail stacks or hopping between list roots (0.065041ms)
✔ shouldRefetchLibraryOnRouteChange (0.220834ms)
▶ global search URL state
  ✔ normalizes positive media-library ids in stable order (0.876042ms)
  ✔ canonicalizes owned state without stripping detail-only lib (0.178333ms)
  ✔ builds an explicit, paged cross-library search input and identity (0.13175ms)
✔ global search URL state (1.558083ms)
▶ library resource filter URL contract
  ✔ parses valid unique values in canonical order and ignores invalid values (0.874791ms)
  ✔ omits the default all-resources state and canonicalizes copied URLs (0.2685ms)
  ✔ removes a resource parameter containing only invalid values (0.122792ms)
  ✔ includes applied resource filters in the query and scroll-memory hash (0.144334ms)
  ✔ keeps pending scrape as an independent canonical filter dimension (0.0705ms)
  ✔ resolves omitted sort state from each media library configuration (0.088042ms)
✔ library resource filter URL contract (2.057875ms)
▶ multi-library route builders and parsers
  ✔ round-trips the home video detail stack (1.232833ms)
  ✔ round-trips the global-search video detail stack (0.142125ms)
  ✔ round-trips media-library list, detail, nested actress and settings routes (0.596ms)
  ✔ rejects malformed, non-positive, fractional and unsafe route ids (0.315458ms)
  ✔ accepts digit-only positive ids and builders emit their canonical form (0.062792ms)
✔ multi-library route builders and parsers (2.733958ms)
▶ detail-only active-library query contract
  ✔ parses only positive safe-integer library ids (0.084667ms)
  ✔ canonicalizes the first lib value without changing other list query state (0.109583ms)
  ✔ sets, replaces and strips the detail-only library parameter immutably (0.098042ms)
  ✔ derives a single detail context and gives a library path precedence over lib (0.141125ms)
  ✔ keeps lib only where the route needs query-owned detail scope (0.145167ms)
  ✔ respects a valid legacy lib hint and falls back when that membership is unavailable (0.14175ms)
✔ detail-only active-library query contract (0.814667ms)
▶ recent media-library memory
  ✔ stores only positive safe library ids and ignores malformed persisted state (0.367709ms)
✔ recent media-library memory (0.664875ms)
▶ route builders and parsers
  ✔ round-trips library detail stacks (2.46975ms)
  ✔ round-trips actress detail stacks (0.226417ms)
  ✔ round-trips playlist and classification entity detail stacks (0.597208ms)
  ✔ rejects malformed detail ids (0.190792ms)
  ✔ builds pending-center locations without page-level query concatenation (0.50125ms)
✔ route builders and parsers (4.687916ms)
▶ classification list query contract
  ✔ accepts only video count and update time sorting with video count descending by default (0.08025ms)
  ✔ includes organization search and sorting in the shareable query identity (0.231458ms)
  ✔ keeps series release sorting separate from classification-list sorting (0.072041ms)
✔ classification list query contract (0.531375ms)
▶ actress avatar filter query contract
  ✔ normalizes avatar filter values and omits the all default (0.095ms)
  ✔ returns to the actress list without losing its query state (0.126875ms)
  ✔ keeps avatar filters distinct in the actress query hash (0.13025ms)
✔ actress avatar filter query contract (0.413875ms)
▶ actress status filter query contract
  ✔ parses the canonical status values and treats anything else as all (0.106375ms)
  ✔ omits the param for all and writes the canonical value otherwise (0.068292ms)
  ✔ includes status in the list query identity and ignores invalid values (0.054875ms)
  ✔ keeps search, gender and sort identity while only the status changes (0.051625ms)
  ✔ round-trips the status query through actress detail and back (0.101958ms)
  ✔ remembers the actress status filter across primary navigation (0.231584ms)
✔ actress status filter query contract (0.664709ms)
▶ primary navigation memory
  ✔ restores query state per list and removes unrelated nested query keys (0.290541ms)
  ✔ persists search only when leaving a list root (0.129916ms)
  ✔ forgets a root so cross-nav no longer restores it (0.034334ms)
  ✔ resolves same-section vs cross-section sidebar targets (0.11ms)
  ✔ builds nav link href from current search when active (0.085458ms)
✔ primary navigation memory (0.683417ms)
▶ navigation helpers
  ✔ removes playlist-detail resource filters when returning to the playlist list (0.065916ms)
  ✔ keeps home, search and media-library detail stacks scoped and reversible (0.75325ms)
  ✔ closes nested actress details back to their parent video context (0.807458ms)
  ✔ keeps stable series identity and release direction through its detail stack (0.150125ms)
  ✔ keeps director identity and query state through its stable detail stack (0.102542ms)
  ✔ opens an organization by stable id while preserving its role-list query (0.081708ms)
  ✔ keeps classification query only inside the same classification stack (0.053541ms)
  ✔ keeps video and actress navigation inside the stable organization stack (0.100167ms)
  ✔ keeps video and actress navigation inside the pending workbench stack (0.087375ms)
  ✔ opens actress detail from the pending inbox and returns to it (0.047459ms)
✔ navigation helpers (2.350125ms)
▶ settings route contract
  ✔ builds canonical settings paths and resolves valid sections (0.193792ms)
✔ settings route contract (0.214541ms)
▶ media-library settings state
  ✔ builds a trimmed create command, deduplicates roots and still allows an empty library (0.908042ms)
  ✔ builds minimal identity and section-scoped config patches (0.207417ms)
  ✔ normalizes an empty scraper and validates numeric scan boundaries (0.062875ms)
  ✔ gates destructive lifecycle commands (0.067375ms)
  ✔ allows cleanup-only scans but rejects a library with no work (0.075083ms)
  ✔ routes every root-owned record through cleanup before direct deletion (0.128ms)
  ✔ reports partial root additions explicitly (0.186125ms)
  ✔ shows a terminal query error even before form drafts exist (0.11175ms)
✔ media-library settings state (2.272708ms)
✔ loads metadata once while paging 60/60/5 works and preserving the full count (482.160292ms)
✔ retries page errors, clamps a removed last page, and rejects late actor results (10.459125ms)
✔ does not invalidate the new actor metadata when the old editor save settles late (10.295792ms)
✔ retains an open merge plan and its full count while the visible works refresh (11.386833ms)
✔ does not reuse the prior actor page when an intervening actor request is still pending (7.878792ms)
▶ series real list page
  ✔ renders 60/60/5 with server total and bounded page cache (1258.179542ms)
  ✔ clears old cards while loading and supports failed-page retry (38.897708ms)
  ✔ clamps a shrinking total to its last page, including zero (63.887542ms)
  ✔ resets search/sort to page one and rejects late search data (834.201166ms)
  ✔ invalidates uncommitted input across A → B → A history navigation (317.4025ms)
  ✔ invalidates pending input when opening detail without changing search (619.542208ms)
  ✔ retains page, active observer and scroll through nested detail and return (20.86425ms)
✔ series real list page (3234.009ms)
▶ maker real list page
  ✔ renders 60/60/5 with server total and bounded page cache (1272.062417ms)
  ✔ clears old cards while loading and supports failed-page retry (38.4275ms)
  ✔ clamps a shrinking total to its last page, including zero (63.553125ms)
  ✔ resets search/sort to page one and rejects late search data (832.708916ms)
  ✔ invalidates uncommitted input across A → B → A history navigation (309.646708ms)
  ✔ invalidates pending input when opening detail without changing search (628.269834ms)
  ✔ retains page, active observer and scroll through nested detail and return (24.309333ms)
✔ maker real list page (3169.67175ms)
▶ director real list page
  ✔ renders 60/60/5 with server total and bounded page cache (1357.724083ms)
  ✔ clears old cards while loading and supports failed-page retry (40.889458ms)
  ✔ clamps a shrinking total to its last page, including zero (76.562542ms)
  ✔ resets search/sort to page one and rejects late search data (835.881833ms)
  ✔ invalidates uncommitted input across A → B → A history navigation (318.861292ms)
  ✔ invalidates pending input when opening detail without changing search (613.466917ms)
  ✔ retains page, active observer and scroll through nested detail and return (15.45725ms)
✔ director real list page (3259.445584ms)
✔ organization role change discards old filters and pending search (330.667709ms)
✔ normalizes URL offsets safely and keys distinct pages (15.510667ms)
▶ video detail section order
  ✔ renders a titled related-links section after video resources (0.364167ms)
✔ video detail section order (0.66725ms)
▶ HomePage
  ✔ searches in place while typing and restores discovery when cleared (870.7325ms)
  ✔ keeps discovery stable through refreshes and remounts until replaced (3.525833ms)
✔ HomePage (874.695666ms)
▶ HomePage search layout
  ✔ reserves shared toolbar-search padding for the icon and keyboard shortcut (2.643ms)
  ✔ centers the search icon inside the shared input control (0.341916ms)
  ✔ keeps the keyboard shortcut on the same vertical center line (0.666208ms)
✔ HomePage search layout (4.286333ms)
✔ uses the shared switch for home discovery and keeps changes in the settings draft (237.066333ms)
▶ MediaLibrarySettingsPage layout
  ✔ uses the application settings width token and stays left aligned (3.461417ms)
  ✔ keeps compact library context above the old-style import workspace (9.398667ms)
✔ MediaLibrarySettingsPage layout (13.261083ms)
▶ ScanSettingsTab
  ✔ builds domain-correct deep links for scan identities and scrape candidates (227.5305ms)
  ✔ renders automatic local NFO import enabled by default and persists a switch change immediately (8.188542ms)
✔ ScanSettingsTab (236.32075ms)
✔ distinguishes scan history loading, failure with retry and an empty result (3.589333ms)
✔ feeds summary-only history into the paged panel and refreshes pages when the header revision advances (44.36175ms)
✔ locates a deep actor group and loads only its detail before paging (365.591459ms)
✔ keeps page and detail failures distinct and retries without a full list (195.540792ms)
✔ ignores a late old detail after selecting another group (158.337916ms)
✔ preserves an explicit decision across a category switch and detail overlay (227.139917ms)
✔ applies an ownership decision then clamps a deleted last page (156.748666ms)
✔ does not let a completed old mutation reset a newer group decision (273.463417ms)
✔ keeps actor paging in the all-domain view even when a scan item comes first (131.797ms)
✔ asks the server about names outside the current page before editing (377.126125ms)
✔ keeps a stale resolution on the same group and requires a renewed decision (158.956667ms)
✔ isolates an old completion after navigating A to B and back to A (338.845375ms)
✔ stays on the deep-linked page after its selected group is resolved (160.812667ms)
✔ does not close a new discard dialog when an old A-B-A discard fails (274.743916ms)
✔ pages owner candidates and preserves a selected actor outside the current page (214.992042ms)
✔ retries picker failures and invalidates old page replies immediately while search debounces (467.762209ms)
✔ ignores an old actor choice after closing and reopening the same picker (188.745792ms)
✔ keeps the newest actor choice when earlier detail reads finish later (171.154542ms)
✔ keeps a direct group-owner decision after an older external-owner detail returns (196.640875ms)
✔ invalidates a pending external-owner choice when a decision is submitted (245.9495ms)
✔ ignores a picker choice after navigating group A-B-A (247.138667ms)
✔ locates a deep-linked pending item, pages with a bounded cache and ignores a late detail (325.37025ms)
✔ shows an explicit page error and retries without fetching the full inbox (70.572334ms)
✔ recovers the last page after deletion and selects the surviving first item (85.618875ms)
✔ does not block a different queue when scrape count fails or reuse its disabled page total (86.170041ms)
✔ ignores an old page that resolves after navigation to a newer page (98.121958ms)
▶ PendingCenterPage scrape resolution
  ✔ carries an explicit director through merge-and-apply without stacking prompts (220.680083ms)
  ✔ previews either persisted identity and submits only after explicit confirmation (38.373917ms)
  ✔ shows the library filter only for scan decisions (28.30575ms)
  ✔ clears the library filter from the scoped empty state and keeps the scan tab selected (25.789458ms)
✔ PendingCenterPage scrape resolution (313.692917ms)
✔ locates scan anchors, reads only selected details and ignores late details after paging (348.673459ms)
✔ reports page errors and missing selected records without treating them as an empty queue (110.45125ms)
✔ clamps the deleted last page and does not show an old library page (181.148792ms)
✔ uses only count on another category and count failure does not block that category (44.92525ms)
✔ does not block scrape on a library listing failure (43.765667ms)
✔ resolves identity deep links to the scoped identity pane without group detail reads (46.182875ms)
✔ retries rejected selected detail without reloading full queues (132.971792ms)
✔ loads actor details only in its category and keeps inactive summary counts current (173.796292ms)
✔ shows unknown actor count without blocking scan when summary fails (44.69125ms)
✔ ignores an old playlist response arriving after navigation (218.720917ms)
✔ requests a bounded thumbnail for a playlist card (4.062125ms)
✔ does not refresh an old playlist when its removal finishes after navigation (5.694ms)
✔ returns to the previous page when deleting the only item on the last page (4.655084ms)
✔ keeps the existing grid mounted during refresh after closing a nested video (2.808416ms)
✔ keeps the latest sort response when requests for the same playlist finish out of order (3.64225ms)
✔ reuses metadata while paging but refreshes it after a playlist mutation (4.01325ms)
✔ does not reuse stale metadata when filtering interrupts a forced refresh (2.684875ms)
✔ shows not found when a refreshed metadata read reports a deleted playlist (1.244333ms)
✔ refreshes the fallback cover with the new sort instead of reusing the old metadata (2.321167ms)
▶ PlaylistDetailPage resource filter feedback
  ✔ keeps the compact toolbar count without rendering an applied-filter bar (0.358583ms)
  ✔ uses an import action icon instead of a download icon (0.054833ms)
✔ PlaylistDetailPage resource filter feedback (0.762292ms)
▶ actress conflict review state
  ✔ keeps every action tied to its explicit user-visible scope (0.929083ms)
  ✔ expands changed impacts and keeps unchanged impacts collapsed initially (0.081292ms)
  ✔ uses the candidate-owned impact plan only when that candidate is the proposed owner (0.065333ms)
  ✔ sections groups by task state and sorts each section by display name (3.633875ms)
  ✔ selects the first source for viewing without preselecting a proposed owner (0.08925ms)
  ✔ explains empty, unchanged, moved, and conflict-free name edits (0.406291ms)
  ✔ builds the exact owner, pending, and actress versions shown to the user (0.068ms)
  ✔ requires a replacement only when assigning away a current main name (0.055834ms)
  ✔ enables illegal-name confirmation only after every required replacement is valid (0.054875ms)
  ✔ requires an explicit partner, keeper, and final main name for conflict merges (0.147ms)
  ✔ allows a pending-name-ownership pair to be merged (0.036542ms)
  ✔ keeps the current group or selects its next neighbor after refresh (0.145458ms)
✔ actress conflict review state (6.35525ms)
▶ conflictReviewRemote
  ✔ resolves ownership/merge/illegal and surfaces stale refresh (0.5205ms)
  ✔ discards a candidate and refreshes the queue (0.101041ms)
  ✔ validates replacement main names (0.166917ms)
  ✔ ignores an older live name inspection after a newer request wins (3.313667ms)
  ✔ invalidates an in-flight inspection cleanup (0.119417ms)
✔ conflictReviewRemote (4.635375ms)
▶ conflictReviewSession
  ✔ resets decision draft when switching groups (0.462625ms)
  ✔ opens ownership replacement dialog when claimants need new main names (4.311625ms)
  ✔ applies refresh focus and stale message (0.12875ms)
  ✔ syncSelectedGroup initializes selection for the first available group (0.046125ms)
✔ conflictReviewSession (5.46025ms)
▶ conflict review latest request gate
  ✔ accepts only the newest async validation result (0.347917ms)
  ✔ invalidates an in-flight result when the workflow closes (0.047542ms)
  ✔ does not let stale cleanup invalidate the current request (0.039667ms)
✔ conflict review latest request gate (0.808ms)
▶ media-library list surface state
  ✔ keeps archived libraries out of the writable catalog surface (0.42925ms)
✔ media-library list surface state (0.768667ms)
▶ pending center resolution state
  ✔ requires every scan resource to have an explicit valid target (0.430833ms)
  ✔ serializes scan targets only at the select-control boundary (0.528667ms)
  ✔ starts scrape candidates unselected and rejects stale candidate ids (0.075167ms)
  ✔ shows the same deterministic default primary ordering as persisted resolution (0.1535ms)
  ✔ labels scan decisions with their owning media library (0.096209ms)
  ✔ shows resource identity conflicts in the scan queue without exposing a local path (0.053708ms)
✔ pending center resolution state (1.809167ms)
▶ matchesPlaylistResourceFilter
  ✔ uses OR semantics and treats none as global zero resources (0.32925ms)
✔ matchesPlaylistResourceFilter (0.640208ms)
▶ useConflictReviewController
  ✔ wires queue selection and resets dialog draft when switching groups (40.687083ms)
  ✔ routes resolve through the nested view-model commands (14.272667ms)
✔ useConflictReviewController (55.361333ms)
✔ preserves an explicit ownership decision while detail reads are disabled and reenabled (150.053458ms)
▶ video business identity conflict presentation
  ✔ recognizes domain and database-boundary conflict messages (0.404666ms)
✔ video business identity conflict presentation (0.952958ms)
▶ video detail scraper selection
  ✔ prefers the active media-library default over the global default (0.32075ms)
  ✔ does not retain the previous library default when the active library switches (0.04425ms)
  ✔ falls back to the global default when the active library has no override (0.035208ms)
✔ video detail scraper selection (0.74525ms)
▶ pending inbox state
  ✔ sums the aggregate media-library projection without per-library item reads (0.473917ms)
✔ pending inbox state (0.78325ms)
✔ keeps loading and failed inbox counts distinct from an empty inbox (0.05925ms)
▶ actress list renderer behavior
  ✔ does not load the full face-scan manifest for an ordinary actress page (1.593792ms)
  ✔ isolates cached pages when any query condition changes (0.968625ms)
  ✔ recombines the same session face-result subset for list filter changes (0.112375ms)
  ✔ keeps loaded pages after a failure and retries the same next-page offset (1.318167ms)
  ✔ keeps selected ids when later pages append more actresses (0.10575ms)
  ✔ restores scroll after detail return and resets it for a changed query (0.108833ms)
  ✔ clears every pending rail scroll scope on same-section primary navigation (0.424167ms)
✔ actress list renderer behavior (5.111458ms)
▶ actress infinite list pages
  ✔ keeps loaded pages while requesting the next offset (0.807292ms)
  ✔ stops after every matching actress has loaded (0.066291ms)
✔ actress infinite list pages (1.226542ms)
▶ scoped video query keys
  ✔ keeps media-library caches isolated (0.832333ms)
  ✔ canonicalizes filtered all-library scopes (0.088292ms)
✔ scoped video query keys (1.344625ms)
▶ useInfiniteVideoList
  ✔ loads a library larger than the IPC page limit in bounded pages (21.803459ms)
✔ useInfiniteVideoList (22.222083ms)
✔ blocks route changes with a draft and saves before continuing through the real router (28.317166ms)
✔ keeps edits through unrelated refreshes and explicitly resets to the latest saved value (3.575209ms)
✔ preserves edits made while an earlier value is being saved (0.6335ms)
▶ renderer avatarCrop
  ✔ falls back to the standard preset for invalid stored values (0.707291ms)
  ✔ falls back to face centering for invalid stored values (0.054708ms)
  ✔ keeps landmark-based faces at the same visual size across source images (0.306083ms)
  ✔ reports when a tight source cannot reach the requested face size (0.057542ms)
  ✔ applies the continuous face ratio consistently (0.075542ms)
  ✔ centers the estimated crown-to-chin region in head mode (0.052583ms)
  ✔ centers segmented visible head bounds instead of the facial axis (0.054458ms)
  ✔ keeps zoom identical across centering modes (0.073125ms)
  ✔ keeps face-ratio changes effective when full-head protection is disabled (0.080666ms)
  ✔ keeps legacy near-square avatars aligned with cover preview layout (0.549667ms)
  ✔ detects the native cover-compatible default transform (0.034625ms)
  ✔ does not let a tainted canvas export crash the editor (0.10875ms)
✔ renderer avatarCrop (2.71225ms)
▶ video batch request scope
  ✔ requires and preserves the current library on library-surface requests (0.945208ms)
  ✔ keeps application-settings requests in explicit global compatibility mode (0.127916ms)
✔ video batch request scope (1.485917ms)
▶ avatarCrop
  ✔ round-trips a valid v1 crop (0.847625ms)
  ✔ rejects crop when fingerprint mismatches (0.059167ms)
  ✔ scales offsets when viewSize changes (0.06975ms)
✔ avatarCrop (1.356584ms)
▶ normalizeClassificationName
  ✔ uses the shared identity normalization without collapsing meaningful script differences (0.761208ms)
  ✔ rejects names that become empty after normalization (0.152084ms)
✔ normalizeClassificationName (1.274042ms)
✔ only accepts finite thumbnail variants and preserves preview URL components (0.75275ms)
▶ buildLibraryScanNotification
  ✔ keeps a no-change successful scan quiet (0.681042ms)
  ✔ notifies for changes and reports each destructive count separately (0.311417ms)
  ✔ reports a metadata-only resource refresh as an update (0.647334ms)
  ✔ reports pending scan groups and their resource count before ordinary changes (0.054542ms)
  ✔ prioritizes offline and error outcomes over ordinary change notices (0.038792ms)
  ✔ reports isolated STRM failures without exposing target content (0.072292ms)
  ✔ reports a blocking processing failure before isolated STRM failures (0.04775ms)
✔ buildLibraryScanNotification (2.501834ms)
▶ sanitizeLibraryScanError
  ✔ removes HTTP credentials, query parameters, Magnet data, and ED2K targets (0.527541ms)
  ✔ bounds arbitrary errors and never throws while formatting them (0.075625ms)
✔ sanitizeLibraryScanError (0.96625ms)
▶ normalizeLibraryScanSummary
  ✔ persists completed STRM failures with safe messages and a 50-item bound (0.703459ms)
✔ normalizeLibraryScanSummary (0.748542ms)
▶ NFO export foreground shortcut guard
  ✔ blocks reload, history, close, and application navigation shortcuts (0.33325ms)
  ✔ leaves modal controls and copy shortcuts usable (0.050916ms)
✔ NFO export foreground shortcut guard (0.719ms)
▶ selectDefaultPendingScanPrimary
  ✔ prefers local resources and keeps duration, size, and path ordering (0.47275ms)
  ✔ orders STRM resources by actual target kind and then source path (0.073583ms)
✔ selectDefaultPendingScanPrimary (0.888292ms)
▶ pluginDevKindProfile
  ✔ normalizes testTarget and testTargets (0.857041ms)
  ✔ splits test targets only on commas or newlines and trims each group (0.122834ms)
  ✔ uses typed explicit targets as a diagnostic subset (0.926208ms)
  ✔ rejects URL/path targets and wrong-kind arguments (0.195708ms)
  ✔ testTargetsFromDryRun extracts identity from dry-run result (0.089084ms)
  ✔ profiles expose kind-specific labels and field helpers (0.085916ms)
✔ pluginDevKindProfile (2.691708ms)
▶ plugin field semantics registry
  ✔ covers every video and actress field with valid symmetric conflicts (0.527041ms)
  ✔ generates the Agent glossary from the selected registry fields (0.186083ms)
  ✔ projects female and male performers independently (1.052375ms)
  ✔ projects composite rating and measurements without collapsing their parts (0.075625ms)
✔ plugin field semantics registry (2.239166ms)
▶ PluginResultContractModule
  ✔ classifies every structural and selectable result key by kind (0.835291ms)
  ✔ projects every manifest field through at least one standard result key (0.070417ms)
  ✔ lists unknown raw keys once without guessing a field mapping (0.088917ms)
  ✔ keeps actress identity and source metadata informational (0.158291ms)
  ✔ detects field-level partial cast projection and legacy female default (0.073333ms)
  ✔ maps composite measurements and rating to their legal manifest fields (0.062959ms)
  ✔ rejects empty and identity-only effective results mechanically (0.297958ms)
✔ PluginResultContractModule (2.015ms)
▶ file scan audit presentation
  ✔ added new video (1.067583ms)
  ✔ added existing video (0.066833ms)
  ✔ updated relocated (0.053208ms)
  ✔ updated metadata (0.053875ms)
  ✔ updated STRM (0.08725ms)
  ✔ pending new local (0.050833ms)
  ✔ pending retained STRM (0.049333ms)
  ✔ pending empty code and zero group (0.03825ms)
  ✔ skipped unchanged with video (0.06025ms)
  ✔ skipped short without video (0.07475ms)
  ✔ skipped duplicate with zero video (0.059583ms)
  ✔ unrecognized (0.04425ms)
  ✔ STRM failure (0.068291ms)
  ✔ processing failure (0.047458ms)
  ✔ preserves caller indices, path fallback and explicit undefined fields (0.104583ms)
✔ file scan audit presentation (2.486084ms)
▶ NFO secondary presentation
  ✔ imported: every primary outcome, warnings and attention (0.363291ms)
  ✔ skipped: every primary outcome, warnings and attention (0.121167ms)
  ✔ warning: every primary outcome, warnings and attention (0.142459ms)
  ✔ pending-candidate: every primary outcome, warnings and attention (0.121042ms)
  ✔ identity-conflict: every primary outcome, warnings and attention (0.116333ms)
  ✔ uses only the disposition-specific non-null pending id, including zero (0.140166ms)
✔ NFO secondary presentation (1.092292ms)
▶ resource scan audit presentation
  ✔ missing: full fields, source/title/display fallback and kinds (0.53975ms)
  ✔ removed_library_path: full fields, source/title/display fallback and kinds (0.349459ms)
  ✔ promoted_after_removal: full fields, source/title/display fallback and kinds (0.66925ms)
✔ resource scan audit presentation (1.607125ms)
✔ keeps optional enrichment fields structurally available without enriching raw views (0.057959ms)
▶ complete historical scan audit view items
  ✔ deduplicates cached paths exactly, retaining first root and order even without audit (0.243167ms)
  ✔ orders failed extras, attention files and pending groups; excludes only attention-listed cache paths (0.155584ms)
  ✔ preserves all-outcome order, duplicate audit files and indices after each outcome filter (0.214209ms)
  ✔ preserves NFO status precedence, historical group fields and failed/all differences (0.150667ms)
  ✔ added/updated and skipped tabs filter before indexing and do not enrich NFO status (0.121ms)
  ✔ composes changes in removed/promoted/deleted order with independent indices and removed-video suppression (0.097625ms)
  ✔ does not mutate input or share enriched row objects between calls (0.10325ms)
✔ complete historical scan audit view items (1.143833ms)
▶ video resource source identity
  ✔ normalizes local file paths (0.367834ms)
  ✔ uses the STRM source file instead of its external target (0.049292ms)
  ✔ does not claim ownership of ordinary external resources (0.044917ms)
✔ video resource source identity (1.088709ms)
▶ videoResourceLinks
  ✔ normalizes HTTP identity without reordering query parameters or changing the path (0.798084ms)
  ✔ rejects local and executable protocols (0.145042ms)
  ✔ infers common video extensions as direct links and otherwise uses web links (0.063333ms)
  ✔ masks query parameters in normal display text (0.058375ms)
  ✔ converts optional MB, GB, and TB values to integer bytes (0.055708ms)
  ✔ uses the Magnet xt identity while preserving the original link and deriving a name (0.183625ms)
  ✔ uses the ED2K file hash identity while deriving its file name (0.050708ms)
✔ videoResourceLinks (1.735584ms)
ℹ tests 2509
ℹ suites 357
ℹ pass 2508
ℹ fail 0
ℹ cancelled 0
ℹ skipped 1
ℹ todo 0
ℹ duration_ms 55168.651458
