
> Javdex@0.6.2 pretest
> npm run check:actress-boundaries && npm run check:media-asset-store-boundaries && npm run check:metadata-source-boundaries && npm run check:classification-entity-boundaries && npm run check:agent-platform-boundaries && npm run lint && npm run check:css-architecture && npm run check:ui-controls


> Javdex@0.6.2 check:actress-boundaries
> node scripts/check-actress-boundaries.mjs

Domain IPC, shared types, and process dependency boundaries are valid.

> Javdex@0.6.2 check:media-asset-store-boundaries
> node scripts/check-media-asset-store-boundaries.mjs

MediaAssetStore implementation boundaries are valid.

> Javdex@0.6.2 check:metadata-source-boundaries
> node scripts/check-metadata-source-boundaries.mjs

Video metadata source boundaries are valid.

> Javdex@0.6.2 check:classification-entity-boundaries
> node scripts/check-classification-entity-boundaries.mjs

Classification entity storage and routing boundaries are valid.

> Javdex@0.6.2 check:agent-platform-boundaries
> node scripts/check-agent-platform-boundaries.mjs

Agent platform boundaries OK

> Javdex@0.6.2 lint
> npm run lint:ts && npm run lint:css


> Javdex@0.6.2 lint:ts
> eslint "src/**/*.{ts,tsx}" "electron.vite.config.ts"


> Javdex@0.6.2 lint:css
> stylelint "src/renderer/src/**/*.module.css" --allow-empty-input


> Javdex@0.6.2 check:css-architecture
> node scripts/check-css-architecture.mjs

CSS architecture checks passed.
┌─────────────────────────────────┬────────┐
│ (index)                         │ Values │
├─────────────────────────────────┼────────┤
│ cssFileCount                    │ 90     │
│ globalClassCount                │ 1155   │
│ crossFileDuplicateClassCount    │ 143    │
│ descendantSelectorCount         │ 803    │
│ importantDeclarationCount       │ 12     │
│ hardcodedColorDeclarationCount  │ 166    │
│ globalStateClassCount           │ 88     │
│ rawButtonClassOccurrenceCount   │ 3      │
│ classNameBehaviorInferenceCount │ 0      │
└─────────────────────────────────┴────────┘

> Javdex@0.6.2 check:ui-controls
> node scripts/check-ui-controls.mjs

UI control checks passed: shared Switch / Checkbox only.

> Javdex@0.6.2 test
> npm run typecheck && npm run test:packaging && node scripts/run-electron-tests.mjs


> Javdex@0.6.2 typecheck
> npm run typecheck:node && npm run typecheck:web


> Javdex@0.6.2 typecheck:node
> tsc --noEmit -p tsconfig.node.json --composite false


> Javdex@0.6.2 typecheck:web
> tsc --noEmit -p tsconfig.web.json --composite false && tsc --noEmit -p tsconfig.browser.json


> Javdex@0.6.2 test:packaging
> node --test scripts/packaging-runtime.test.mjs

TAP version 13
# Subtest: pruneBetterSqlitePrebuilds retains only the current platform and arch
ok 1 - pruneBetterSqlitePrebuilds retains only the current platform and arch
  ---
  duration_ms: 2.097875
  type: 'test'
  ...
# Subtest: pruneBetterSqliteBuildFiles removes sources but preserves runtime files
ok 2 - pruneBetterSqliteBuildFiles removes sources but preserves runtime files
  ---
  duration_ms: 1.500917
  type: 'test'
  ...
# Subtest: better-sqlite3 prebuild selection covers every configured packaging platform
ok 3 - better-sqlite3 prebuild selection covers every configured packaging platform
  ---
  duration_ms: 0.092
  type: 'test'
  ...
# Subtest: pruneElectronFrameworkLocales keeps English and Chinese locale variants
ok 4 - pruneElectronFrameworkLocales keeps English and Chinese locale variants
  ---
  duration_ms: 1.723416
  type: 'test'
  ...
# Subtest: mac packaging selects a node-gyp compatible Python unless the caller chose one
ok 5 - mac packaging selects a node-gyp compatible Python unless the caller chose one
  ---
  duration_ms: 0.126625
  type: 'test'
  ...
# Subtest: packaged runtime smoke runs only for a host-compatible macOS executable
ok 6 - packaged runtime smoke runs only for a host-compatible macOS executable
  ---
  duration_ms: 0.326
  type: 'test'
  ...
# Subtest: packaging retains the complete Cheerio runtime dependency chain
ok 7 - packaging retains the complete Cheerio runtime dependency chain
  ---
  duration_ms: 0.199333
  type: 'test'
  ...
# Subtest: mac packaging explicitly enables ad-hoc signing before invoking its custom signer
ok 8 - mac packaging explicitly enables ad-hoc signing before invoking its custom signer
  ---
  duration_ms: 0.091334
  type: 'test'
  ...
1..8
# tests 8
# suites 0
# pass 8
# fail 0
# cancelled 0
# skipped 0
# todo 0
# duration_ms 73.888958
▶ createAgentBrowserSchema
  ✔ exposes strict bounded vertical scroll branches without enabling input actions (1.110083ms)
  ✔ explains the evaluate restrictions and their supported alternatives before invocation (0.126125ms)
✔ createAgentBrowserSchema (1.603375ms)
▶ AgentConfiguration
  ✔ projects code-owned tools and permissions while injecting workload compaction (1.014916ms)
  ✔ binds metadata collection to the curator workload and explicit staging capabilities (0.091458ms)
  ✔ registers playlist import as an independent least-privilege use case (0.065666ms)
✔ AgentConfiguration (1.552833ms)
▶ AgentExecution
  ✔ runs the persistence hook before the runtime can commit its bootstrap observation (7.929625ms)
  ✔ opens one runtime session and delegates ten operations without a loop or second queue (5.619292ms)
  ✔ authorizes and records Pi native tools without persisting their output (2.165125ms)
  ✔ fails closed when a Pi native tool lacks a frozen capability grant (3.937041ms)
  ✔ restores a normal checkpoint without reading ExecutionHistory (1.987667ms)
  ✔ rebuilds only for typed checkpoint corruption and only once per generation (2.068542ms)
  ✔ releases runtime resources without closing the durable run (1.720625ms)
  ✔ closes a durable run after its runtime was already released (1.355125ms)
✔ AgentExecution (27.872875ms)
✔ preserves newer product log references when aborting after a domain-only state update (1.6645ms)
✔ preserves append-only plugin history during checkpoint recovery: success (24.494875ms)
✔ preserves append-only plugin history during checkpoint recovery: hash-failure (17.628208ms)
✔ preserves append-only plugin history during checkpoint recovery: rebuild-failure (13.14725ms)
✔ preserves append-only plugin history during checkpoint recovery: unreconciled-tool (15.9465ms)
▶ AgentRunStore
  ✔ returns every durable non-closed run so each use case can apply its recovery policy (13.342958ms)
  ✔ persists a frozen config without serializing credentials or functions (1.551458ms)
  ✔ encrypts recovery payloads and fails closed on integrity damage (1.575375ms)
  ✔ accepts an idempotent operation once and settles only named command ids (0.9925ms)
  ✔ keeps repeated product events from the same operation in append order (1.156917ms)
  ✔ does not overwrite a terminal runtime fault when the runtime subsequently settles (1.387375ms)
  ✔ allows one rebuild attempt per recovery generation (1.339042ms)
  ✔ records artifact refs in the product journal and fails closed on damaged refs (1.488541ms)
✔ AgentRunStore (23.626083ms)
▶ Agent product journal pagination
  ✔ reads the last cursor through the run/seq index without parsing any payload in a 100k journal (156.877041ms)
  ✔ pages with a strict size cap and no cross-run, duplicate or skipped events despite sequence gaps (29.933708ms)
✔ Agent product journal pagination (186.956667ms)
▶ Agent recovery enumeration
  ✔ filters use case and status before parsing, lazily loads one product, and releases temporary ID pages (116.501916ms)
  ✔ keeps the original recovery order across pages while timestamps change and excludes runs created mid-iteration (29.531916ms)
  ✔ drops the temporary snapshot if an owned payload cannot be parsed (1.333166ms)
✔ Agent recovery enumeration (147.4875ms)
▶ cache affinity
  ✔ is stable, role-separated and does not expose source identifiers (1.483125ms)
✔ cache affinity (2.084ms)
▶ resolveEffectiveMaxTokens
  ✔ uses the model maximum when the preset limit is zero (0.345625ms)
  ✔ uses the lower positive limit (0.04275ms)
  ✔ rejects invalid limits instead of forwarding zero to the provider (0.14725ms)
  ✔ restores a zero sentinel as one frozen positive provider limit (1.106333ms)
  ✔ resolves live models only by workload (1.325375ms)
✔ resolveEffectiveMaxTokens (3.464959ms)
▶ ModelInvocation
  ✔ uses injected frozen verifier access and forwards preset limits and cancellation (2.018709ms)
✔ ModelInvocation (2.883459ms)
▶ ModelManagementModule
  ✔ builds the migration backup from a strict non-secret provider whitelist (0.719833ms)
  ✔ migrates released settings once and then reads the same v2 revision (12.425041ms)
  ✔ fails closed for an invalid v2 document (0.307583ms)
  ✔ fails closed for malformed nested v2 data and embedding catalog entries (1.268625ms)
  ✔ saving a provider never changes workload assignments (4.613708ms)
  ✔ refreshes protocol-derived model metadata when a connection contract changes (1.627875ms)
  ✔ never exposes credentials or Base URL query secrets in renderer snapshots (5.431833ms)
  ✔ changing the default affects inherited workloads but preserves an explicit plugin model (3.098708ms)
  ✔ freezes the workload context limit into resolved model access (3.851584ms)
  ✔ rejects removing an in-use model and reports the exact workload (4.681209ms)
  ✔ restores the previous credential when configuration persistence fails (2.313875ms)
  ✔ does not touch credentials or storage on a stale revision (1.523583ms)
  ✔ keeps discovery ephemeral and reset removes manual overrides (2.337958ms)
  ✔ rejects non-tool Agent models and unsupported long cache (2.408667ms)
✔ ModelManagementModule (47.338625ms)
▶ ToolHost
  ✔ records capability denials before failing closed (15.455083ms)
  ✔ requires a one-use approval permit for install effects (2.218333ms)
  ✔ stores only bounded hashes for tool output and errors (1.770584ms)
  ✔ approves only the selected request when multiple approvals are pending (3.181375ms)
  ✔ keeps only the latest pending approval for single-card product flows (6.719541ms)
  ✔ revokes a persisted approval when the continuation dispatch fails (5.322958ms)
  ✔ discards pending and approved permits during terminal cleanup (7.861125ms)
  ✔ binds an approval permit to mutable domain scope as well as visible tool args (3.732333ms)
  ✔ serializes calls sharing a resource without scheduling batches (37.108292ms)
  ✔ marks interrupted writes uncertain and blocks callbacks after waiting or terminal state (0.937959ms)
  ✔ does not start an unkeyed handler when its signal is already aborted (0.655666ms)
  ✔ enforces deadlines even when a handler ignores AbortSignal (21.804ms)
  ✔ does not let a late handler result overwrite an uncertain timeout (21.985458ms)
  ✔ keeps the resource locked until a timed-out non-cooperative handler really settles (68.188375ms)
  ✔ keeps a queued cancellation from letting a third call bypass the active resource holder (16.247833ms)
✔ ToolHost (214.951583ms)
▶ PiRuntime contract
  ✔ allows workspace reads and dev notes but keeps host-owned facts read-only (1.9915ms)
  ✔ loads only frozen workspace Skills and exposes the selected Pi native file tools (2071.596542ms)
  ✔ rejects a workspace Skill that differs from the frozen run configuration (2.953708ms)
  ✔ keeps one long-lived session for ten turns with controlled resources and stable affinity (35.040083ms)
  ✔ keeps the run healthy when Pi recovers from a transient provider error (28.098542ms)
  ✔ emits one terminal runtime fault after provider retries are exhausted (19.033291ms)
  ✔ does not turn a user-cancelled provider retry into a runtime fault (8.737709ms)
  ✔ exposes only the resolved custom allowlist and crosses the durable tool-result barrier (11.324833ms)
  ✔ releases the runtime after durable persistence fails during a tool call (12.949042ms)
  ✔ honors a terminating control result even when the domain tool reports failure (24.977666ms)
  ✔ starts a new turn when a follow-up is dispatched after a terminating handoff settled (20.577542ms)
  ✔ does not compact or inject a host recovery prompt after a length stop (8.392917ms)
  ✔ does not start a host continuation after the model-turn budget stops the operation (29.810417ms)
  ✔ enforces the configured per-operation model-turn budget (10.87425ms)
✔ PiRuntime contract (2287.167125ms)
✔ counts the same all-gender avatar targets without projecting profiles or joining works (17.99825ms)
✔ pages a fixed target set and bounds labels after live insert, delete and rename (293.543459ms)
✔ handles empty sets and connection closure without recreating a database (13.2475ms)
✔ rolls back the temporary table if snapshot population fails (16.615792ms)
✔ returns only target identity in ID order without counting works with all path and gender semantics (19.730708ms)
✔ matches the complete renderer gallery order across source, ratio and nullable-position boundaries (53.342792ms)
✔ returns empty versus missing actors and validates finite safe page bounds (16.113292ms)
✔ keeps count and ordered page together while another connection removes a display source (20.03075ms)
✔ returns profile counts and the global first picture without loading complete works or gallery rows (39.434458ms)
✔ keeps profile fields, physical/display counts and first picture on one read snapshot (17.469917ms)
✔ locates a stable photo after reordering, before paging and within the requested actor/source scope (16.533041ms)
✔ matches merge gender and owned search semantics while paging by full name (35.578416ms)
✔ counts each visible video once across overlapping libraries and excludes hidden/archived/orphaned videos (19.060666ms)
✔ counts only returned candidates, excluding lookahead, and skips counts for an empty page (18.284333ms)
✔ keeps candidate rows and counts on the same snapshot when another connection writes (19.888834ms)
✔ bounds labels/avatars and validates inputs and missing keep actors (28.7505ms)
✔ pages narrow labels from 10000 actors without catalog statistics or profile data (257.466334ms)
✔ preserves owned-name search matching and includes all genders (23.372708ms)
✔ sorts full names before shortening labels and bounds escaped JSON payloads (23.947292ms)
✔ rejects invalid limits, offsets and overlong search before reading (8.718334ms)
✔ bounds labels containing embedded NUL without losing the valid prefix (15.717292ms)
✔ keeps a full page below512KiB even with worst-case JSON escaping (12.569625ms)
✔ reads current picker identity by ID without hydrating actor works or profile (20.971667ms)
▶ actressRepo actress name ownership
  ✔ changes the main-name row and ownership together when an actress is renamed (22.0805ms)
  ✔ keeps ownership while another name type still declares the same normalized name (12.588334ms)
  ✔ rolls back the complete manual edit when any declared name has another owner (9.0235ms)
  ✔ rolls back profile changes and compensates new avatar files when the database write fails (18.347208ms)
✔ actressRepo actress name ownership (62.829625ms)
▶ actressRepo.listActresses
  ✔ excludes migrated pending names from search and exact identity lookup (9.39975ms)
  ✔ does not match a replaced main name that is not kept as an explicit alias (9.404542ms)
  ✔ matches main name, alias, and typed names (9.636833ms)
  ✔ treats SQL LIKE metacharacters as literal search text (15.258209ms)
  ✔ ignores stored names that are not visible name types (9.538708ms)
  ✔ sorts by video count descending by default (10.539833ms)
  ✔ projects only videos that remain reachable through an active visible library membership (13.984708ms)
✔ actressRepo.listActresses (78.053208ms)
▶ actressRepo.listActressPage
  ✔ returns a stable slice with the total number of matching actresses (10.918708ms)
  ✔ pages an explicit renderer-session actress subset with complete totals (12.825333ms)
  ✔ returns the cumulative status of every actress with per-status counts (9.098042ms)
  ✔ filters by each status while keeping the counts of the unfiltered scope (10.969583ms)
  ✔ combines the status filter with search, gender and sort (9.603833ms)
  ✔ counts statuses within the current search and gender scope (10.740125ms)
  ✔ treats a missing status as all statuses (10.961166ms)
  ✔ keeps avatar file health outside the pure database query (8.434291ms)
  ✔ does not derive avatar fingerprints during a database list query (13.914708ms)
  ✔ returns minimal avatar path candidates without inspecting files (8.998708ms)
✔ actressRepo.listActressPage (106.744666ms)
▶ actressRepo.clearActressMetadataRecord
  ✔ clears scraped profile fields while keeping main name and video links (10.773583ms)
  ✔ clears non-name metadata without claiming a migrated pending main name (11.43975ms)
  ✔ resets every cumulative state to unscraped and drops the success time (11.71275ms)
  ✔ keeps related links when clearing actress metadata (9.740375ms)
✔ actressRepo.clearActressMetadataRecord (43.786375ms)
▶ actress related links
  ✔ stores related links on an actress and returns them on detail (11.827083ms)
  ✔ unions related links on merge with the keeper first (11.833791ms)
✔ actress related links (23.726084ms)
▶ actressRepo.deleteUnlinkedActresses
  ✔ deletes every selected unlinked actress and returns its stored assets for cleanup (9.769458ms)
  ✔ rejects the whole batch when any selected actress still has a linked video (8.439209ms)
✔ actressRepo.deleteUnlinkedActresses (18.271167ms)
▶ actressRepo.mergeActresses
  ✔ merges videos, aliases, and gallery into the keeper (11.959542ms)
  ✔ rejects merging actresses with different genders (11.335375ms)
  ✔ can adopt the merged actress main name (12.06325ms)
  ✔ rolls back the whole merge when final main-name reconstruction fails (17.318208ms)
  ✔ rolls back the whole merge when alias reconstruction fails (11.264375ms)
  ✔ rejects the whole merge when any resulting name belongs to a third actress (11.867ms)
  ✔ rejects the whole merge when the selected final main name belongs to a third actress (8.743125ms)
  ✔ resolves a migrated pending name claimed only by the two merged actresses (12.712875ms)
  ✔ preserves existing aliases without reapplying scraped-value heuristics (9.937625ms)
  ✔ deletes unusable keeper avatar assets after adopting the merged actress avatar (9.793458ms)
  ✔ keeps 未刮削 when merging 未刮削 into 未刮削 (11.184709ms)
  ✔ keeps 刮削失败 when merging 刮削失败 into 未刮削 (8.844541ms)
  ✔ keeps 刮削成功 when merging 刮削成功 into 未刮削 (11.792209ms)
  ✔ keeps 刮削失败 when merging 未刮削 into 刮削失败 (8.955958ms)
  ✔ keeps 刮削失败 when merging 刮削失败 into 刮削失败 (25.041292ms)
  ✔ keeps 刮削成功 when merging 刮削成功 into 刮削失败 (8.668417ms)
  ✔ keeps 刮削成功 when merging 未刮削 into 刮削成功 (10.081083ms)
  ✔ keeps 刮削成功 when merging 刮削失败 into 刮削成功 (15.129542ms)
  ✔ keeps 刮削成功 when merging 刮削成功 into 刮削成功 (11.014667ms)
  ✔ keeps the newer success time when the keeper succeeded more recently (11.692458ms)
  ✔ ignores a success time left on a record that is not scraped successfully (11.063208ms)
✔ actressRepo.mergeActresses (251.073ms)
▶ actressRepo.listActressesForBatchScrape
  ✔ filters by scope and missing fields (9.531167ms)
  ✔ filters actresses by cumulative scrape status (9.511208ms)
  ✔ combines gender and scrape status filters (7.068667ms)
  ✔ matches actresses missing any selected profile field (8.110167ms)
  ✔ limits batch targets to the explicitly selected actress ids (8.330209ms)
✔ actressRepo.listActressesForBatchScrape (42.689125ms)
▶ actressRepo.resolveEffectiveActressScrapeFields
  ✔ fillEmpty keeps only currently missing fields (8.221833ms)
  ✔ fillEmpty treats broken avatar files as missing without mutating during planning (7.07575ms)
✔ actressRepo.resolveEffectiveActressScrapeFields (15.39175ms)
▶ actressRepo.clearBrokenActressAvatarIfNeeded
  ✔ includes broken avatars in batch missing-avatar targets (9.642042ms)
  ✔ clears broken avatar source and crop while keeping a usable display avatar (7.509875ms)
✔ actressRepo.clearBrokenActressAvatarIfNeeded (17.212667ms)
▶ actressRepo.getActressAvatarSourceInfo
  ✔ uses a legacy display avatar as the source without renderer fetch (7.214708ms)
  ✔ prefers the saved original source after an avatar bundle is created (10.651875ms)
✔ actressRepo.getActressAvatarSourceInfo (17.922125ms)
▶ actressRepo.setActressAvatarBundle
  ✔ persists avatar source, display, and crop; recrops without replacing the source (8.795584ms)
  ✔ adopts recognized legacy image bytes when native dimension probing is unavailable (8.578541ms)
  ✔ repairs an existing source whose stored extension does not match its bytes (8.650916ms)
  ✔ rejects invalid display bytes before writing the avatar bundle (9.463875ms)
  ✔ keeps source paths distinct for equal-length Chinese names with identical bytes (11.778084ms)
✔ actressRepo.setActressAvatarBundle (47.500042ms)
▶ actressRepo cumulative scrape status
  ✔ keeps an actress created by video scraping unscraped and exposes the status in detail (14.404375ms)
✔ actressRepo cumulative scrape status (14.458458ms)
▶ actressRepo cumulative scrape status maintenance invariants
  ✔ keeps 未刮削 and its success time through manual maintenance (10.895541ms)
  ✔ keeps 刮削成功 and its success time through manual maintenance (14.167208ms)
  ✔ keeps 刮削失败 and its success time through manual maintenance (12.083ms)
✔ actressRepo cumulative scrape status maintenance invariants (37.253291ms)
▶ actressRepo.upsertActressFromScrape avatar adopt
  ✔ adopts a downloaded avatar into source+display+crop and drops the temp path (10.501458ms)
  ✔ gives equal-length Chinese names distinct avatar files from the same download bytes (12.344459ms)
  ✔ does not replace an existing usable avatar (7.776666ms)
✔ actressRepo.upsertActressFromScrape avatar adopt (30.729875ms)
▶ actressRepo.backfillActressGalleryAssetDimensions
  ✔ probes stored local files and fills missing gallery dimensions (8.066583ms)
✔ actressRepo.backfillActressGalleryAssetDimensions (8.124125ms)
▶ actressRepo query purity
  ✔ does not change database rows or stored resources when listing and reading details (10.864875ms)
✔ actressRepo query purity (10.904209ms)
▶ actressRepo.posterPath
  ✔ clears the poster when the referenced gallery image is deleted (8.779333ms)
✔ actressRepo.posterPath (8.814792ms)
▶ actressRepo.replaceActressGalleryAssets
  ✔ keeps local paths that remain in the replaced asset set (7.211083ms)
✔ actressRepo.replaceActressGalleryAssets (7.249042ms)
▶ actressRepo.recordActressScrapeFailure
  ✔ records failure without writing a success time or changing profile fields (9.16175ms)
✔ actressRepo.recordActressScrapeFailure (9.200959ms)
▶ actressRepo.markActressScrapeSucceeded
  ✔ promotes an unscraped actress and stamps the missing success time (11.97125ms)
  ✔ promotes a failed actress and stamps the missing success time (10.079417ms)
  ✔ keeps an existing success time instead of restamping it (13.042792ms)
  ✔ stamps a success time over a blank stored time (10.018167ms)
  ✔ rejects marking an actress that does not exist (16.108208ms)
✔ actressRepo.markActressScrapeSucceeded (61.406459ms)
▶ actressRepo.applyActressScrapeResult
  ✔ keeps every selected field plan aligned with the replace database result (38.731125ms)
  ✔ keeps every selected field plan aligned with the fillEmpty database result (11.61675ms)
  ✔ keeps every selected field plan aligned with the replaceIfPresent database result (13.710667ms)
  ✔ does not backfill gallery metadata while building a read-only plan (11.301834ms)
  ✔ plans and applies a fillEmpty avatar over a broken stored path consistently (15.602292ms)
  ✔ previews replace clears without changing the actress or deleting assets (12.282125ms)
  ✔ does not claim a scrape was applied when every returned alias is unusable (11.811375ms)
  ✔ rolls back profile data and cumulative success when gallery persistence fails (8.211666ms)
  ✔ skips invalid downloaded avatars while applying other profile fields (12.770666ms)
  ✔ replace keeps manual crop when scraped avatar bytes match existing source (13.222542ms)
  ✔ replace adopts a new avatar when scraped bytes differ from existing source (30.567375ms)
  ✔ replace clears an existing avatar when the source returns no avatar (12.708208ms)
  ✔ replace preserves an existing avatar when a returned avatar fails to download (8.80425ms)
  ✔ fillEmpty preserves existing measurement values while filling missing ones (11.491125ms)
  ✔ replaceIfPresent updates existing profile values while preserving null scrape results (9.960791ms)
  ✔ replace clears every selected non-avatar field when the matched source returns no values (10.263291ms)
  ✔ replaceIfPresent rejects all fields when every returned alias conflicts (11.443958ms)
  ✔ fillEmpty does not report success when measurements only repeat a filled component (7.964834ms)
  ✔ rejects the whole scraped result when any alias has another owner (10.765625ms)
  ✔ treats canonically equivalent scraped aliases as conflicts (10.97675ms)
✔ actressRepo.applyActressScrapeResult (274.654042ms)
✔ pages female test choices by full name and retains owned alias search without wide data (96.776417ms)
✔ resolves the complete current runtime identity rather than its shortened display label (12.365542ms)
✔ pages the same visible works once across libraries with stable date ties and narrow cards (85.94325ms)
✔ distinguishes missing and empty actors and rejects unbounded or invalid page arguments (10.865583ms)
✔ keeps count and cards on the same read snapshot during an external visibility change (11.344125ms)
✔ reads complete profile metadata without querying any associated works (15.293042ms)
✔ filters covers before counting and paging, retaining the old truthy-path semantics (13.044584ms)
▶ AgentMetadataDraftRepo
  ✔ keeps one ready draft per target and returns superseded staging paths (15.715ms)
  ✔ advances review revisions and stores an idempotent terminal outcome (10.643958ms)
  ✔ fails closed when a stored draft uses an unsupported adapter version (11.41875ms)
✔ AgentMetadataDraftRepo (38.55525ms)
✔ detects local writes, external commits and connection replacement without changing schema (13.503541ms)
▶ home discovery repo
  ✔ returns one bounded status summary for every visible media library (21.601166ms)
  ✔ uses membership time for recent additions and deduplicates shared videos (11.073208ms)
  ✔ keeps a discovery batch stable until the seed changes (13.098084ms)
  ✔ does not recommend a membership that has no playable resource in an eligible library (13.525209ms)
  ✔ does not recommend a local-only membership whose media-library root is disabled (12.15375ms)
  ✔ excludes managed resources owned by pending-removal or archived roots (16.250458ms)
  ✔ keeps rootless external links and active-root local or STRM resources eligible (12.942875ms)
  ✔ does not accept a managed resource whose root belongs to another library (14.0425ms)
  ✔ binds a shared recommendation to the source membership that has its playable resource (14.650875ms)
  ✔ searches globally without duplicates and honors an explicit library filter (10.641458ms)
  ✔ excludes libraries disabled for home discovery (6.447291ms)
  ✔ matches global ranking across cursor wrap, equal keys and hidden shared memberships (8353.904ms)
  ✔ keeps large recent and discovery loads bounded and index-backed (33.308875ms)
  ✔ paginates a large global search without duplicates or per-row queries (48.247041ms)
✔ home discovery repo (8583.5135ms)
▶ libraryCleanup
  ✔ collects actress hints from a video (15.912ms)
  ✔ prunes stub actresses after video links are removed (11.412458ms)
  ✔ does not prune an actress with meaningful profile data (14.244042ms)
  ✔ deletes tags that are no longer linked to any video (10.896833ms)
✔ libraryCleanup (53.470292ms)
▶ library membership repo
  ✔ creates an idempotent explicit membership with a stable discovery key (13.889417ms)
  ✔ removes only the selected library membership (8.668583ms)
  ✔ rejects archived or missing libraries (9.0255ms)
  ✔ recognizes only visible memberships in an active library surface (9.20075ms)
  ✔ does not automatically remove a resource-less membership referenced by a playlist (16.927709ms)
✔ library membership repo (58.906ms)
▶ libraryScanRepo latest snapshot
  ✔ updates the pending path after a rename without rewriting the original scan audit (18.053292ms)
  ✔ returns summary, audit, and unrecognized files only from the requested library (19.648541ms)
  ✔ transactionally settles scan runs abandoned by the previous process (10.835709ms)
  ✔ releases archive and root-migration busy gates after restart recovery (15.73225ms)
  ✔ returns an empty snapshot before the first run and rejects an unknown library (8.319333ms)
✔ libraryScanRepo latest snapshot (73.142417ms)
✔ reads a scoped audit header without loading audit JSON or pending path arrays (18.696083ms)
✔ keeps summary failure semantics and rejects oversized summary/header payloads (13.436292ms)
✔ keeps header summary, audit availability and unrecognized count in one WAL snapshot (13.848458ms)
▶ mediaLibraryRepo
  ✔ creates a library, typed config, and canonical root projection atomically (18.273667ms)
  ✔ projects pending scan counts once per library without multiplying across roots (18.056416ms)
  ✔ keeps library and config revisions independent and rejects stale writes (8.97ms)
  ✔ rejects same, parent, child, and realpath-alias roots across active libraries (16.953333ms)
  ✔ lets disabled roots release paths and revalidates them before enabling (8.454667ms)
  ✔ preserves continuity-owned root identities while allowing empty roots to rebind (20.3335ms)
  ✔ rejects archived-library restore when any continuity-owned root changed identity (27.112417ms)
  ✔ rejects ordinary edits while a root is pending removal or archived (10.350959ms)
  ✔ requires explicit migration or cleanup before changing a root-owned path (12.287916ms)
  ✔ archives roots atomically, releases their paths, and rechecks on restore (12.457375ms)
  ✔ scopes local and STRM source identity while disabled and archived roots release paths (19.399958ms)
  ✔ protects the default library and refuses to archive pending root cleanup (8.95575ms)
  ✔ requires a non-default library to be archived before preview or permanent deletion (8.608125ms)
  ✔ deletes roots and non-default libraries using the current library revision (15.406167ms)
  ✔ blocks archiving and deletion while root cleanup is active (15.285458ms)
  ✔ blocks archiving and deletion while a scan run is active (11.126792ms)
  ✔ rejects a deletion preview made stale by global video lifecycle changes (14.337542ms)
  ✔ invalidates deletion impact when another library changes the exclusive-video count (10.950333ms)
  ✔ previews all owned data and permanently deletes only database ownership (16.062917ms)
  ✔ returns a frozen scan snapshot containing only active roots (10.539167ms)
  ✔ projects independently configured automatic scan state in stable library order (17.638333ms)
  ✔ accepts offline absolute roots but rejects relative paths and files (7.5695ms)
  ✔ does not let direct disabled-root deletion cascade diagnostic records (13.588791ms)
  ✔ atomically freezes the filesystem identity when an offline root first comes online (13.438458ms)
  ✔ rejects scan-time identity binding for an identity-less root with resource ownership (8.475875ms)
  ✔ rejects scan-time identity binding for an identity-less root with pending ownership (11.375583ms)
  ✔ rejects scan-time identity binding for an identity-less root with unrecognized ownership (10.568417ms)
  ✔ rejects activation of an identity-less disabled root with owned resources (13.417917ms)
  ✔ rejects restore of an identity-less archived root with owned resources (10.175333ms)
  ✔ rejects a newly-online alias of another active root without partially binding it (13.422125ms)
✔ mediaLibraryRepo (405.127042ms)
▶ media-library root migration repo
  ✔ previews and atomically migrates root-owned state without touching disk or global videos (23.902958ms)
  ✔ uses the shared availability-aware promotion rule within the source library and video (24.680292ms)
  ✔ rejects stale previews and rolls the entire migration back (13.922959ms)
  ✔ rejects resource or pending changes made after preview even when library revisions are unchanged (9.875125ms)
  ✔ moves terminal cleanup history to the replacement root during preview-confirmed migration (9.363584ms)
  ✔ rejects a stale migration preview when terminal cleanup history changes (19.477958ms)
  ✔ rolls back every dataset when a late migration write fails (10.334916ms)
  ✔ fails closed while either library has an active scan or cleanup job (3.322625ms)
  ✔ treats a failed legacy cleanup waiting marker as active work in preview and commit (6.1025ms)
  ✔ rejects target resource conflicts before mutation (7.170667ms)
  ✔ rejects target unrecognized-file conflicts before mutation (5.376583ms)
  ✔ rejects target pending-scan path conflicts during preview (11.061041ms)
  ✔ moves a disabled root without enabling it in the target library (10.049ms)
✔ media-library root migration repo (156.3505ms)
▶ database schema
  ✔ adds STRM source identity without changing existing resource identity or link deduplication (9.504041ms)
  ✔ allows duplicate codes while enforcing complete video business identity (6.363708ms)
  ✔ upgrades video identity without changing ids, resources, or site sources (6.94825ms)
  ✔ leaves a v10 database untouched when normalized business identities conflict (1.046542ms)
  ✔ migrates legacy classification text into stable entities and retires legacy storage (13.453958ms)
  ✔ retires v8 text storage without changing video metadata, entity ids, or child resources (37.551083ms)
  ✔ stores classification profiles, hierarchy, roles, links, and video references (7.420542ms)
  ✔ rolls back the complete classification migration when entity creation fails (4.418333ms)
  ✔ rolls back classification entities when retiring legacy storage fails (5.876917ms)
  ✔ migrates uncontested names to ownership and preserves cross-actress collisions for review (20.210583ms)
  ✔ rolls back name ownership data and schema version when migration fails (14.691708ms)
  ✔ creates the current schema and records user_version (5.905417ms)
  ✔ migrates v6 video files to local resources without losing data (8.104334ms)
  ✔ migrates released v1 inline video files and removes the obsolete write constraint (23.565042ms)
  ✔ rejects databases newer than the supported schema version (0.202625ms)
  ✔ upgrades v1 actresses table with avatar source columns (7.773083ms)
  ✔ upgrades v2 actress names to one current primary name without removing visible names (11.359084ms)
  ✔ leaves current-version databases unchanged (0.71125ms)
  ✔ classifies v3 actresses only when a success time has actual profile evidence (14.916458ms)
  ✔ keeps the migrated classification unchanged when migration is run again (13.231333ms)
  ✔ rolls back the whole actress status migration when classification fails (2.358708ms)
✔ database schema (217.774583ms)
▶ V14 unreleased feature consolidation migration
  ✔ creates a fresh database with one active default media library (11.696084ms)
  ✔ upgrades released V13 data while keeping playlist import sessions out of the schema (7.059583ms)
  ✔ scopes pending path identity to each library in the final V14 schema (7.158958ms)
  ✔ enforces one primary per membership while archived sources can be adopted by another library (8.755708ms)
  ✔ rolls back V14 when released source paths normalize to the same identity (2.183625ms)
✔ V14 unreleased feature consolidation migration (37.935791ms)
▶ V15 local NFO import migration
  ✔ creates fresh V15 databases with automatic import enabled and identity constraints (6.716125ms)
  ✔ upgrades V14 rows, preserves the default, and enforces minimal pending identity snapshots (0.893667ms)
  ✔ rolls the migration back and leaves user_version at V14 on schema conflict (0.401083ms)
✔ V15 local NFO import migration (8.59375ms)
✔ adds the cleanup queue and later indexes when upgrading V15 and preserves old business data and damaged diagnostic state (10.490041ms)
✔ rolls back both DDL and version when V16 fails after table creation, then upgrades on retry (7.903833ms)
✔ upgrades V16 without changing any business rows or other schema and matches fresh V17 (24.39025ms)
✔ rolls back index DDL and version after drop failure, then retries (12.523875ms)
✔ rolls back index DDL and version after create failure, then retries (7.998459ms)
▶ getLibraryOverviewStats
  ✔ returns aggregate library counts (19.608667ms)
  ✔ counts actress cumulative status from scraped_status, not last_scraped_at (9.827917ms)
✔ getLibraryOverviewStats (30.03025ms)
✔ scopes scan identities and groups while returning only requested IDs from a large catalog (73.019334ms)
▶ pending resource identity repository
  ✔ persists the minimum conflict snapshot while exposing only safe presentation fields (15.7415ms)
  ✔ upserts one conflict per library path and enforces revision when deleting (13.8055ms)
  ✔ rejects paths outside the root, equal identities, and malformed STRM snapshots (10.6125ms)
  ✔ removes missing conflicts only under roots proven accessible by a safe scan (11.010375ms)
✔ pending resource identity repository (51.726583ms)
✔ pages10k scan decisions in legacy order, scopes active libraries and exposes no resource snapshots (69.561916ms)
▶ pendingScanRepo media-library scope
  ✔ keeps same-code groups and resource lookups isolated between libraries (13.040875ms)
  ✔ allows the same normalized path in different libraries while deduplicating inside each library (11.2875ms)
  ✔ rejects a root or group that belongs to another library (10.535125ms)
  ✔ increments revision on upsert and rejects a stale resolution atomically (17.048417ms)
  ✔ can assign the same global video in two libraries without crossing resources (9.751542ms)
  ✔ reconciles only selected roots in the selected library and bumps surviving groups (9.075291ms)
  ✔ refreshes a changed STRM snapshot and forces the caller to review the new revision (11.31175ms)
  ✔ moves an already-pending path to the new same-library code without leaving an empty group (11.427917ms)
  ✔ rolls back resources, memberships, and videos if final group deletion fails (11.240542ms)
✔ pendingScanRepo media-library scope (105.332625ms)
✔ counts a large pending inbox without decoding its snapshots and follows deletions (101.134375ms)
✔ pages a 10k inbox without materializing snapshots, locates deep links and clamps deleted pages (136.354208ms)
▶ playlistRepo
  ✔ paginates and filters identically to the full playlist without losing zero-resource rows (48.004667ms)
  ✔ limits a large playlist before returning card details (145.644416ms)
  ✔ keeps metadata out of subsequent video-page queries (9.440875ms)
  ✔ creates playlists with required name and optional fields (8.0815ms)
  ✔ adds videos once per playlist and lists detail videos (9.5275ms)
  ✔ keeps playlist references visible across hidden, archived and missing memberships (13.324834ms)
  ✔ updates playlist metadata and custom cover (9.624459ms)
  ✔ reports video membership and removes videos (7.863584ms)
  ✔ allows one video in multiple playlists without duplicates in one playlist (8.548416ms)
  ✔ rejects blank playlist names (7.841708ms)
  ✔ stores related links on create and update (7.878875ms)
✔ playlistRepo (276.621791ms)
✔ opens a separate read-only WAL connection with matching SQL functions and no migration (14.323709ms)
✔ keeps a read snapshot while the writer commits and observes it on the next transaction (8.977958ms)
✔ rejects missing, old, newer and non-WAL catalogs without initializing or migrating them (2.923958ms)
✔ does not publish an unsuccessfully initialized writer and permits a subsequent valid initialization (9.923166ms)
▶ scoped video catalog repo
  ✔ keeps list resources and membership time inside one library (11.616375ms)
  ✔ loads detail from the injected database and projects only the active library resources (5.532041ms)
  ✔ deduplicates global results and selects the newest eligible membership (4.048333ms)
  ✔ interprets the none resource filter within the selected scope (5.71475ms)
  ✔ treats an archived media-library scope as unavailable (4.827459ms)
  ✔ rejects invalid scope ids before building SQL (4.235375ms)
  ✔ keeps fixed actor and tag filters unique across shared and hidden memberships (10.5435ms)
  ✔ normalizes a single active library and serves no-count pages with identical ordering (14.189917ms)
  ✔ uses bounded indexed queries for a large scoped page (21.92ms)
✔ scoped video catalog repo (83.35ms)
{"sourceIterationPlans":[[{"id":4,"parent":0,"notused":156,"detail":"SEARCH video_resources USING INTEGER PRIMARY KEY (rowid>? AND rowid<?)"}],[{"id":4,"parent":0,"notused":156,"detail":"SEARCH video_resources USING INTEGER PRIMARY KEY (rowid>? AND rowid<?)"}]]}
✔ iterates source-managed resources in order while deleting, with bounded reads and rollback (26.556708ms)
▶ tagRepo.pruneUnusedTags
  ✔ deletes tags with no video links and keeps tags still used by a video (15.269333ms)
✔ tagRepo.pruneUnusedTags (15.957875ms)
▶ tagRepo selected labels
  ✔ looks up only selected IDs through the tag primary key and omits deleted IDs (15.926541ms)
  ✔ bounds display labels and JSON bytes without changing full stored names (9.482292ms)
  ✔ rejects invalid or oversized requests and does no SQL work for an empty selection (9.581917ms)
✔ tagRepo selected labels (35.199125ms)
▶ tagRepo manual candidates
  ✔ pages alphabetically without counts and retains hidden/manual-only associations (24.083333ms)
  ✔ preserves Unicode/literal substring matching and searches beyond display truncation (9.458542ms)
  ✔ uses tag-key existence checks under skewed statistics and validates its work limits (16.527959ms)
✔ tagRepo manual candidates (50.196958ms)
▶ tagRepo active catalog projection
  ✔ matches manual association and visibility semantics before and after statistics maintenance (27.214375ms)
  ✔ deduplicates shared memberships and preserves manual origin and zero-count tags (8.629333ms)
  ✔ counts only videos that can be opened through the active visible catalog (6.87ms)
✔ tagRepo active catalog projection (42.794166ms)
▶ tagRepo filter candidates
  ✔ paginates names before counts and matches global visibility counts with shared and archived members (9.620083ms)
  ✔ keeps Unicode literal search, bounded labels and page-only count parameters (34.134916ms)
✔ tagRepo filter candidates (43.836458ms)
▶ video lifecycle repo
  ✔ removes only one library membership and replays the same operation idempotently (12.114084ms)
  ✔ moves one external resource and keeps each library primary isolated (3.907042ms)
  ✔ promotes an available source fallback by kind and add time without crossing ownership scope (14.7ms)
  ✔ rejects moving a local or STRM-managed source without transferring its root (4.137084ms)
  ✔ treats archived source libraries as read-only (3.093083ms)
  ✔ rejects a stale preview and globally deletes only after a fresh explicit preview (8.283292ms)
  ✔ invalidates a global-delete preview when any displayed relationship changes (4.233625ms)
✔ video lifecycle repo (51.2125ms)
▶ videoRepo.scrapeStatus
  ✔ does not downgrade an already scraped video when a later scrape fails (13.7175ms)
  ✔ can manually mark an unscraped or failed video as scraped (9.3515ms)
✔ videoRepo.scrapeStatus (23.466084ms)
▶ videoRepo.listVideos
  ✔ rejects attempts to restore classification text storage through generic updates (9.235417ms)
  ✔ sorts and paginates videos (8.909625ms)
  ✔ sorts facet videos by release date desc with missing dates last (9.708959ms)
  ✔ filters by status, year and facet fields (9.326375ms)
  ✔ applies multi-tag AND filters (8.045542ms)
  ✔ filters resource kinds with OR semantics and treats no-resource as zero rows (11.586375ms)
  ✔ projects resource count and primary-first deduplicated resource kinds (8.343791ms)
  ✔ searches videos by actress alias (9.349083ms)
  ✔ preserves SQL LIKE pattern matching in the video search actress branch (8.633709ms)
  ✔ excludes migrated pending actress names from video search (11.267459ms)
✔ videoRepo.listVideos (94.7855ms)
▶ videoRepo.getVideoDetail
  ✔ lists female cast before male cast (9.760834ms)
  ✔ includes external rating stats (7.797375ms)
✔ videoRepo.getVideoDetail (17.634958ms)
▶ videoRepo.setPrimaryVideoResource
  ✔ automatically marks the first resource as primary (9.511625ms)
  ✔ keeps the current primary when a requested primary insert is a duplicate (9.553708ms)
  ✔ marks one resource as primary and clears the previous primary (9.331583ms)
✔ videoRepo.setPrimaryVideoResource (28.489875ms)
▶ videoRepo.posterPath
  ✔ clears the poster when the referenced sample is deleted (9.294208ms)
✔ videoRepo.posterPath (9.333083ms)
▶ videoRepo.listVideosForBatchScrape
  ✔ filters by scrape status (10.220375ms)
  ✔ can constrain batch targets to explicit selected video ids (13.153667ms)
  ✔ filters missing fields by stored path or link, not file health (9.612917ms)
✔ videoRepo.listVideosForBatchScrape (33.0775ms)
▶ videoRepo tags by origin
  ✔ orders scraped tags before manual tags in detail (12.625709ms)
  ✔ editVideoRecord only replaces scraped tags (10.742583ms)
  ✔ editVideoRecord drops unused scraped tags while keeping tags still used elsewhere (11.109125ms)
  ✔ clearVideoMetadataRecord deletes unused scraped tags and keeps manual tags (12.32775ms)
  ✔ editVideoRecord replaces female and male cast separately (9.695959ms)
  ✔ removeManualVideoTag only removes manual tags (8.935417ms)
  ✔ removeManualVideoTag keeps tag when scraped associations remain (9.86175ms)
  ✔ promotes scraped tag to manual when adding the same name (8.397459ms)
✔ videoRepo tags by origin (83.881875ms)
▶ classification IPC contract
  ✔ registers every command and forwards typed arguments to the public services (1.382458ms)
✔ classification IPC contract (1.693833ms)
▶ IPC path guards
  ✔ rejects a rename that contains a path component (0.445042ms)
  ✔ authorizes only files under the selected active root (1.712958ms)
  ✔ rejects a path when the persisted root has been replaced (1.735833ms)
  ✔ rejects a file that escapes a configured root through a symbolic link (1.101834ms)
✔ IPC path guards (5.468166ms)
▶ IPC sender security
  ✔ accepts the configured main window and main frame (1.020834ms)
  ✔ rejects another webContents, a child frame, and an untrusted URL (0.295291ms)
  ✔ matches dev origins but requires the exact production file (0.079708ms)
✔ IPC sender security (1.999167ms)
▶ media-library IPC schemas
  ✔ accepts the complete default config sent by the create wizard, including local NFO import (2.372833ms)
  ✔ accepts boolean local NFO settings on update and rejects malformed values on both paths (0.665291ms)
  ✔ accepts exact management commands and rejects loose object shapes (2.818042ms)
  ✔ rejects invalid ids and revisions on every optimistic command shape (0.389292ms)
  ✔ strictly validates home discovery and global-search inputs (0.40125ms)
✔ media-library IPC schemas (7.298541ms)
▶ media-library IPC handlers
  ✔ registers the complete contract and forwards validated arguments (0.378042ms)
  ✔ rejects malformed calls before a dependency is invoked (0.231708ms)
  ✔ preserves root continuity domain errors across validated IPC handlers (0.120042ms)
✔ media-library IPC handlers (0.808292ms)
▶ NFO export IPC schemas
  ✔ accepts the complete closed plan request and rejects missing or extra state (1.964875ms)
✔ NFO export IPC schemas (2.435208ms)
▶ playlist import renderer lifecycle
  ✔ binds every recreated renderer once and cancels only on full navigation or loss (0.3795ms)
  ✔ cancels a non-terminal foreground import when its renderer disconnects (0.581292ms)
  ✔ leaves terminal imports untouched (0.077833ms)
✔ playlist import renderer lifecycle (1.423333ms)
▶ scan latest IPC handler
  ✔ validates libraryId and forwards the scoped latest snapshot (3.08725ms)
✔ scan latest IPC handler (3.868959ms)
✔ bounds the combined audit presence request and validates its library (1.818208ms)
✔ bounds scan pages and validates scoped detail and anchor inputs (1.034625ms)
✔ routes audit header/page through the async reader with trusted budgets and strict scope (0.685ms)
▶ scrape IPC schemas
  ✔ strictly validates media-library-scoped video batch scrape commands (1.746958ms)
  ✔ validates the optional media-library scope on single-video scrape commands (0.155584ms)
✔ scrape IPC schemas (2.314084ms)
✔ bounds pending scrape pages and details at the IPC boundary (0.457375ms)
✔ bounds audit pending presence lookups (0.652958ms)
✔ validates token and safe nonnegative avatar snapshot cursor (0.154625ms)
✔ validates manual tag candidate bounds and existing-tag identities (2.5215ms)
✔ bounds selected tag label IPC requests before repository access (0.327583ms)
▶ typed IPC adapter
  ✔ does not expose the legacy unreviewed video deletion command (0.144375ms)
  ✔ forwards command arguments and returns the application result (0.127833ms)
  ✔ rejects malformed arguments before invoking the application handler (0.179792ms)
  ✔ accepts link-resource updates without an import-only target (0.338292ms)
  ✔ only accepts metadata retention when removing a last video resource (0.079958ms)
  ✔ accepts one exact plugin approval decision and rejects malformed decisions (0.380375ms)
  ✔ accepts only explicit plugin continuation kinds (0.118375ms)
  ✔ accepts only typed plugin user responses with request-bound actions (0.548916ms)
  ✔ accepts plugin history clearing only without renderer-supplied run ids (0.065958ms)
  ✔ accepts unrecoverable plugin-session discard only without renderer-supplied run ids (0.051166ms)
  ✔ keeps legacy model limits out of the generic settings mutation contract (0.319167ms)
  ✔ validates playlist import start and identity controls at the IPC boundary (0.440417ms)
  ✔ requires the path-removal impact revision at the settings boundary (0.102083ms)
  ✔ accepts only the structured model-management command vocabulary (0.400208ms)
  ✔ serializes successful results and thrown errors (0.636292ms)
  ✔ sends the contracted event payload unchanged (0.100459ms)
✔ typed IPC adapter (4.394709ms)
✔ bounds actress conflict summary pages and keeps detail identities exact (0.520792ms)
✔ validates bounded actress picker requests (0.262166ms)
✔ validates narrow actress identity IDs (0.073458ms)
✔ validates merge candidate paging and keep identity (0.166416ms)
✔ accepts only zero arguments for avatar crop count (0.030917ms)
✔ accepts only zero arguments for avatar crop target enumeration (0.02ms)
✔ validates plugin actress test picker bounds and identities (0.123583ms)
✔ validates actress works page bounds and rejects unexpected filter fields (0.146833ms)
✔ validates metadata IDs and the optional cover-only actor works filter (0.065458ms)
✔ validates bounded actress gallery pages (0.20475ms)
✔ validates a profile header identity without optional wide-data flags (0.087625ms)
✔ validates the optional local photo source filter (0.057375ms)
▶ video query IPC schemas
  ✔ accepts and normalizes a complete list query at every VideoQuery boundary (3.392542ms)
  ✔ rejects malformed fields consistently for lists and global search (1.974042ms)
  ✔ strictly validates catalog scopes and video detail identifiers (0.426042ms)
✔ video query IPC schemas (6.668167ms)
▶ main window asset paths
  ✔ resolves preload and renderer from the app root when appMain is emitted as a chunk (0.367708ms)
✔ main window asset paths (0.698ms)
▶ LocalNfoSourceAdapter
  ✔ reads its own exported samples with a separate background (portable-v1) (11.671292ms)
  ✔ reads its own exported samples with a separate background (jellyfin-current) (2.036208ms)
  ✔ reads its own exported samples with a separate background (emby-kodi-conservative) (1.850083ms)
  ✔ reads its own exported samples with a separate background (plex-nfo-1.43.1+) (2.684ms)
  ✔ reads its own exported samples with a separate background (infuse-current) (1.749667ms)
  ✔ keeps explicit and discovered samples scoped to their video in a shared directory (1.810833ms)
  ✔ collects one candidate per physical NFO with local asset capabilities and no paths (3.090083ms)
  ✔ uses explicit gender, then existing actor gender, then dialect default (2.012041ms)
  ✔ keeps actress avatar positions aligned after gender field projection (1.300625ms)
  ✔ reads legacy and Kodi actor filenames and follows explicit references for repeated spaces (6.350167ms)
  ✔ treats no sidecar as a quiet no-match and excludes mismatched NFO identity (1.003292ms)
✔ LocalNfoSourceAdapter (36.668667ms)
▶ videoMetadataCandidateStager
  ✔ stages remote and managed-root assets without persisting host paths (13.309084ms)
✔ videoMetadataCandidateStager (13.860375ms)
▶ WebScraperSourceAdapter
  ✔ passes the stored code to legacy plugins unchanged while comparing normalized identities (1.413542ms)
  ✔ collects exact candidates with declared remote assets and source evidence (1.71575ms)
✔ WebScraperSourceAdapter (3.886917ms)
▶ VideoMetadataSourceRegistry
  ✔ resolves stable source ids while preserving legacy plugin-name lookup (0.192625ms)
✔ VideoMetadataSourceRegistry (0.407167ms)
✔ exports oriented/cropped artwork with the shipped Electron codec and encrypted asset store (439.036166ms)
▶ NfoExportModule
  ✔ inspects each plan anchor once and reuses the returned canonical directory (8.939333ms)
  ﹣ accepts alternate Windows path spellings for the same physical export directory (0.137958ms) # Windows path aliases are case-insensitive
  ✔ reads selected images linearly and isolates assets that fail or change after planning (398.731875ms)
  ✔ shares identical actor avatars across videos and removes references to conflicting content (46.500584ms)
  ✔ plans without writing and applies an exact-stem NFO plus portable cover (20.141959ms)
  ✔ keeps the default skip policy and rejects a changed target under replace (10.641417ms)
  ✔ marks every planned file stale when source metadata changes (2.006625ms)
  ✔ exports a local STRM source anchor and counts resources without anchors separately (2.582958ms)
  ✔ terminates only between files and leaves completed atomic writes intact (9.676542ms)
  ✔ isolates an image conversion failure from the NFO write (10.620875ms)
  ✔ reports an atomic write failure per item and continues later files (1.951417ms)
  ✔ exports samples as separate attachments and reads them back without background images (56.990167ms)
  ✔ marks colliding sanitized actor avatar targets and omits ambiguous NFO references (14.962375ms)
  ✔ treats case, Unicode and space-to-underscore actor targets as collisions (1.034791ms)
  ✔ makes Windows device actor names portable before planning their target (0.731916ms)
  ✔ keeps unreadable selected images as unavailable plan items without blocking NFO (8.331083ms)
  ✔ warns about requested missing artwork, avatars, and populated fields omitted by a profile (2.017667ms)
  ✔ uses the video stem itself for Infuse cover output and local reference (15.148833ms)
  ✔ plans each physical resource, deduplicates identical targets, and warns only on same-directory identity collisions (3.650167ms)
  ✔ reports real read-only directory failures without leaving temporary files (2.658ms)
  ✔ rejects a sample-directory symlink introduced after planning (16.889792ms)
  ✔ does not fingerprint a nested export target through a pre-existing symlink (2.817125ms)
  ✔ revalidates a skip target parent before following a newly introduced symlink (26.080792ms)
  ✔ creates consumer-readable sidecars and preserves an existing target mode on replace (18.815375ms)
✔ NfoExportModule (683.72925ms)
▶ NFO export profiles
  ✔ renders all public profiles as valid movie XML without database identities (11.019125ms)
  ✔ applies profile-specific conservative fields and keeps background separate from samples (1.200625ms)
  ✔ canonicalizes and deduplicates Plex rating source aliases (1.39325ms)
  ✔ reports populated fields that the selected profile cannot represent (0.30975ms)
✔ NFO export profiles (14.53575ms)
▶ SqliteNfoExportRepository
  ✔ projects exportable metadata while excluding personal rating and watch state (21.091ms)
✔ SqliteNfoExportRepository (21.438292ms)
▶ NFO export renderer diagnostics
  ✔ redacts POSIX and Windows absolute paths while preserving the reason (1.437333ms)
✔ NFO export renderer diagnostics (2.166625ms)
▶ NfoExportTaskController
  ✔ keeps planning leases until an asynchronous plan settles, including disposal and failures (1.182125ms)
  ✔ holds both leases from plan through apply and releases them at terminal state (3.563167ms)
  ✔ releases leases when a plan is discarded or planning fails (0.156ms)
  ✔ requests termination and waits for apply before process disposal releases leases (0.474208ms)
  ✔ does not acquire an asset lease when another maintenance task owns the gate (0.273333ms)
✔ NfoExportTaskController (6.246458ms)
▶ NFO export main-window guard
  ✔ binds recreated windows and disposes a foreground task when their renderer is lost (0.41525ms)
  ✔ prevents navigation while a plan or task owns the foreground (0.120709ms)
  ✔ keeps the window open during a running export but allows the coordinated quit path (0.085541ms)
  ✔ releases a held preview plan and allows navigation instead of treating it as a running task (0.072416ms)
✔ NFO export main-window guard (1.080959ms)
▶ NFO artifact codec
  ✔ accepts the four synthetic third-party dialect fixtures (4.010042ms)
  ✔ round-trips five canonical Javdex fixtures with stable UTF-8 and LF output (3.909834ms)
  ✔ normalizes the MDC dialect and prefers structured ratings over its scalar duplicate (0.292584ms)
  ✔ normalizes MDCx, Javinizer, and JavSP field variants (0.30925ms)
  ✔ reports unknown legal tags and remote artwork without retaining remote URLs as assets (0.161333ms)
  ✔ rejects DTD, entities, oversized input, excessive depth, node count, and field size (19.622416ms)
✔ NFO artifact codec (28.815666ms)
▶ NFO sidecar locator
  ✔ prefers exact stem and reports a differing movie.nfo without exposing either path (6.250083ms)
  ✔ uses movie.nfo only for one anchor or one logical code and rejects mixed directories (4.221042ms)
  ✔ deduplicates physical sidecars and rejects symlink escapes at issue and read time (9.9925ms)
✔ NFO sidecar locator (21.090583ms)
▶ parseCode
  ✔ parses standard codes (1.1415ms)
  ✔ parses 規格品番 ADV-R and ADV-SR (0.074792ms)
  ✔ does not mis-parse ADV-R0484 as R0-484 (0.050042ms)
  ✔ parses FC2 and Heyzo (0.04425ms)
  ✔ parses DMM h_ prefix (0.033833ms)
  ✔ parses date-based uncensored ids (0.028458ms)
  ✔ extracts code after @ in filename (0.030833ms)
  ✔ returns null for noise-only names (0.034166ms)
  ✔ rejects no-hyphen and short-prefix patterns (0.057625ms)
✔ parseCode (1.9485ms)
▶ libraryScanAuditStore
  ✔ atomically replaces and restores the complete latest audit (4.465875ms)
  ✔ fails closed for malformed audit documents (3.36075ms)
  ✔ reads schema 2 NFO dispositions while retaining schema 1 compatibility (0.677667ms)
✔ libraryScanAuditStore (8.905583ms)
▶ ScanCoordinator
  ✔ coalesces display progress while preserving per-file callbacks and the final event (23.804791ms)
  ✔ flushes pending progress before a failure without delaying the failure event (1.276584ms)
  ✔ binds an offline-created root identity and refreshes the frozen snapshot before scanning (1.570584ms)
  ✔ persists matching complete audit details with the latest summary (0.557459ms)
  ✔ publishes scan lifecycle events for every trigger (0.501791ms)
  ✔ uses one frozen configuration snapshot for the complete run (0.317917ms)
  ✔ reconciles resource identity pending rows only under roots proven safe after traversal (0.333083ms)
  ✔ preserves offline roots and removes only missing local resources under accessible roots (0.977166ms)
  ✔ aborts cleanup when a local path cannot be audited (0.703ms)
  ✔ treats a root that becomes unreadable after traversal as offline (0.531125ms)
  ✔ rechecks the frozen root identity immediately before cleanup writes (0.317125ms)
  ✔ does not run cleanup after cancellation and releases the mutual-exclusion lease (0.197541ms)
  ✔ keeps resources after a coordinator-level failure (0.133792ms)
  ✔ skips every destructive cleanup after a file processing failure (0.080083ms)
  ✔ replaces the unrecognized-file snapshot after every safe completed scan (0.114292ms)
  ✔ completes safe cleanup with errors when failures are isolated to STRM files (0.128667ms)
  ✔ consumes deferred path cleanup only after a successful uncancelled scan (0.074375ms)
  ✔ keeps deferred path cleanup queued after a partial folder scan (0.080709ms)
  ✔ allows a full cleanup-only scan after the final configured folder was removed (0.065041ms)
  ✔ removes many non-primary resources without reading sibling resource lists (2.559667ms)
  ✔ consumes cleanup references lazily and closes iteration on a path failure (0.489584ms)
  ✔ preserves all three cleanup audit sequences above the argument limit (397.029958ms)
  ✔ removes resource-less memberships after deferred cleanup on a safe full scan (0.287709ms)
  ✔ persists a sanitized failed summary without running destructive cleanup (0.210958ms)
  ✔ rolls back resource cleanup and keeps pending roots when auto-delete fails (0.159542ms)
  ✔ keeps pending roots when the cleanup transaction cannot commit (0.126875ms)
  ✔ rejects duplicate scans and scans blocked by resource maintenance (27.993084ms)
✔ ScanCoordinator (462.228042ms)
▶ scanFolders
  ✔ rejects an archived library atomically when manual import resumes after probing (14.801333ms)
  ✔ rejects manual import when the root is physically replaced while duration probing is suspended (10.319ms)
Scan error for /var/folders/h4/zxrt6zwx6dv1n16kwxzltqgh0000gn/T/javdex-scan-a5kZp4/scan-replaced-root/RACE-003.mp4 Error: 只能操作身份有效的启用媒体库根目录内文件
    at rejectManagedRootFile (/Users/nut/Project/JavdexLabs/Javdex/src/main/services/mediaLibraryRootFileGuard.ts:32:9)
    at requireCurrentRootIdentity (/Users/nut/Project/JavdexLabs/Javdex/src/main/services/mediaLibraryRootFileGuard.ts:86:5)
    at assertRootFile (/Users/nut/Project/JavdexLabs/Javdex/src/main/services/mediaLibraryRootFileGuard.ts:98:27)
    at assertMediaLibraryRootFile (/Users/nut/Project/JavdexLabs/Javdex/src/main/services/mediaLibraryRootFileGuard.ts:170:3)
    at authorizeMediaLibraryRootFile (/Users/nut/Project/JavdexLabs/Javdex/src/main/services/mediaLibraryRootFileGuard.ts:230:3)
    at authorizeFileWrite (/Users/nut/Project/JavdexLabs/Javdex/src/main/scanner/scanner.ts:656:7)
    at scanFolders (/Users/nut/Project/JavdexLabs/Javdex/src/main/scanner/scanner.ts:1142:7)
    at async TestContext.<anonymous> (/Users/nut/Project/JavdexLabs/Javdex/src/main/scanner/scanner.test.ts:447:20)
    at async Test.run (node:internal/test_runner/test:1332:7)
    at async Suite.processPendingSubtests (node:internal/test_runner/test:911:7)
  ✔ keeps scan state unchanged when a frozen root is physically replaced during probing (12.90375ms)
Scan error for /var/folders/h4/zxrt6zwx6dv1n16kwxzltqgh0000gn/T/javdex-scan-TfeiqB/rename-import-replaced-root/RACE-004.mp4 Error: 只能操作身份有效的启用媒体库根目录内文件
    at rejectManagedRootFile (/Users/nut/Project/JavdexLabs/Javdex/src/main/services/mediaLibraryRootFileGuard.ts:32:9)
    at requireCurrentRootIdentity (/Users/nut/Project/JavdexLabs/Javdex/src/main/services/mediaLibraryRootFileGuard.ts:86:5)
    at assertRootFile (/Users/nut/Project/JavdexLabs/Javdex/src/main/services/mediaLibraryRootFileGuard.ts:98:27)
    at assertMediaLibraryRootFile (/Users/nut/Project/JavdexLabs/Javdex/src/main/services/mediaLibraryRootFileGuard.ts:170:3)
    at authorizeMediaLibraryRootFile (/Users/nut/Project/JavdexLabs/Javdex/src/main/services/mediaLibraryRootFileGuard.ts:230:3)
    at authorizeFileWrite (/Users/nut/Project/JavdexLabs/Javdex/src/main/scanner/scanner.ts:656:7)
    at scanFolders (/Users/nut/Project/JavdexLabs/Javdex/src/main/scanner/scanner.ts:1074:9)
    at async renameAndImport (/Users/nut/Project/JavdexLabs/Javdex/src/main/scanner/scanner.ts:1444:20)
    at async TestContext.<anonymous> (/Users/nut/Project/JavdexLabs/Javdex/src/main/scanner/scanner.test.ts:536:19)
    at async Test.run (node:internal/test_runner/test:1332:7)
  ✔ does not commit or rename a replacement-root file when rename-import resumes after probing (12.789875ms)
  ✔ rejects a disabled target root at the resource transaction boundary (10.713542ms)
  ✔ reuses archived local and STRM source paths without crossing library ownership (17.745709ms)
  ✔ imports mixed local and STRM resources into one video and keeps the local file primary (10.432083ms)
  ✔ chooses the scan primary independently of directory entry order (9.612834ms)
  ✔ reselects the primary when scanning into an existing resource-less video (9.310542ms)
  ✔ keeps mixed local and STRM resources in one masked pending group (14.320625ms)
  ✔ rejects a stale pending STRM assignment, refreshes its snapshot, then accepts it (16.686375ms)
  ✔ removes an invalidated STRM snapshot from the pending group on a later scan (13.619875ms)
  ✔ syncs a changed STRM target in place while preserving primary and user-maintained fields (14.019ms)
  ✔ isolates invalid STRM files and retries them without replacing a bound target (18.770625ms)
  ✔ relocates STRM only when the complete filename and target identify one missing source (15.717583ms)
  ✔ loads STRM candidates once per scan across imports, moves and pending writes (227.783416ms)
  ✔ relocates a bound STRM after its video code has been corrected (13.935209ms)
  ✔ holds new resources for confirmation when several videos already use the code (8.40925ms)
  ✔ keeps an already-pending path out of relocation and refreshes its pending snapshot (8.288209ms)
  ✔ holds a same-scan multi-file code together when automatic assignment is disabled (8.321083ms)
  ✔ does not let an invalid STRM force a valid same-code video into confirmation (12.177042ms)
  ✔ persists a pending scan group across database reopen and assigns it atomically (10.905416ms)
  ✔ rolls back every scan assignment when final pending-group deletion fails (9.21325ms)
  ✔ imports one unambiguous file normally when automatic assignment is disabled (8.567417ms)
  ✔ holds a new resource that matches one existing video when automatic assignment is disabled (8.136208ms)
  ✔ promotes the available resource when assigning into an existing video without a primary (10.289875ms)
  ✔ normalizes a manual code and attaches to an existing case-insensitive identity (100.599208ms)
  ✔ aborts when a nested directory cannot be audited (8.976958ms)
  ✔ imports a symbolic-link video by its link path and file name (15.897417ms)
  ✔ does not follow symbolic-link directories (8.002083ms)
  ✔ silently skips a broken symbolic-link video (7.544291ms)
  ✔ leaves missing-resource cleanup to the high-level scan coordinator (11.77825ms)
  ✔ keeps distinct symbolic-link paths that point to the same target (12.454958ms)
  ✔ keeps a resource under an unavailable root when the same code appears online (12.838458ms)
  ✔ relocates one same-code video by a unique file-size match without requiring the old name (9.708583ms)
  ✔ uses full file name and size to relocate safely when several videos share a code (8.307458ms)
  ✔ does not relocate when full file name and size match more than one duplicate-code video (9.593583ms)
  ✔ treats a new file normally when an old same-code path cannot be audited (11.219584ms)
  ✔ keeps an unrecognized rename and only rediscovers the renamed file (13.852ms)
  ✔ uses the scan same-code pending flow when automatic merging is disabled (16.982791ms)
  ✔ renames and discovers the code without a manual code or target (11.111541ms)
  ✔ renames and imports an unrecognized STRM as a source-managed link (11.731667ms)
  ✔ imports recognized videos and reports unrecognized files (10.787084ms)
  ✔ reuses scanned directory entries when checking a directory without NFO files (50.434541ms)
  ✔ refreshes a changed local identity snapshot on rescan before user confirmation (11.931375ms)
  ✔ refreshes a changed strm identity snapshot on rescan before user confirmation (15.474417ms)
  ✔ uses NFO identity only for newly discovered resources when automatic import is enabled (24.377584ms)
  ✔ handles cancellation during the only or first NFO application and preserves committed file audits (24.307666ms)
  ✔ aggregates first-discovery NFO candidates once per video after all resources are assigned (15.256625ms)
  ✔ does not count an existing pending resource identity as a new same-code file (15.796ms)
  ✔ keeps distinct local NFO candidates in the existing confirmation workflow (14.984042ms)
  ✔ persists a filename/NFO identity conflict without creating formal library records (10.624875ms)
  ✔ persists only a masked STRM target projection for an NFO identity conflict (8.135583ms)
  ✔ keeps a valid filename import when its NFO is invalid and records only a secondary warning (10.347583ms)
  ✔ uses NFO identity across libraries but never overwrites a globally scraped-success video (12.503542ms)
  ✔ applies local NFO with fill-empty semantics for new and failed videos (15.364208ms)
  ✔ reattaches a scanned file to an existing no-resource video without replacing metadata (8.294708ms)
  ✔ yields while scanning large batches (105.837834ms)
  ✔ collects a very large root without overflowing call arguments before cancellation (1626.581458ms)
  ✔ stops when cancelled (54.109209ms)
  ✔ skips new imports shorter than 30 minutes (10.020875ms)
  ✔ skips short files before unrecognized handling (11.318375ms)
  ✔ stores probed duration on import (10.451792ms)
  ✔ refreshes duration when the file changes on rescan (13.22ms)
  ✔ skips duration probe on rescan when file is unchanged (14.288917ms)
  ✔ emits one final audit outcome for every processed file (14.627291ms)
✔ scanFolders (2910.661084ms)
▶ STRM parser
  ✔ matches the STRM extension without case sensitivity (0.826459ms)
  ✔ accepts one HTTP target after BOM, blank lines, comments, and Kodi properties (1.010167ms)
  ✔ normalizes supported HTTP, Magnet, and ED2K targets through the resource contract (0.26375ms)
  ✔ rejects empty, multiple-target, invalid UTF-8, and unsupported-protocol content (0.289792ms)
  ✔ accepts exactly 1 MiB and rejects larger input without truncation (0.550459ms)
✔ STRM parser (3.760417ms)
✔ matches unique missing sources and retains filename, target, root and uncertainty rules (0.822459ms)
✔ incrementally tracks same-scan insertions and target/path changes, but invalidates unknown writes (0.282875ms)
✔ does not acknowledge unrelated writes or a failed mutation as a complete cache update (0.279375ms)
✔ retains the cache for known pending writes but cannot hide an intervening external write (0.199791ms)
✔ examines one matching candidate per lookup in a 10000-resource relocation (63.402791ms)
✔ examines one matching candidate per lookup in a 20000-resource relocation (113.437541ms)
✔ examines one matching candidate per lookup in a 300382-resource relocation (1894.809542ms)
✔ examines one matching candidate per lookup in a 600764-resource relocation (3806.559083ms)
✔ indexes target keys as well as filenames when many directories use the same filename (82.595333ms)
▶ videoDuration
  ✔ resolves configured minutes to seconds (0.480792ms)
  ✔ treats unknown duration as not below minimum (0.051625ms)
  ✔ flags durations shorter than threshold (0.048625ms)
  ✔ prefers scraped duration over primary resource duration (0.082958ms)
  ✔ uses primary resource duration when scraped duration is missing (0.241708ms)
  ✔ returns null when both durations are missing (0.037667ms)
  ✔ only refreshes stored local resource duration when probe value changed (0.040167ms)
  ✔ only probes when duration is missing or file fingerprint changed (0.059458ms)
✔ videoDuration (1.585208ms)
▶ actressScraperManager
  ✔ returns a pending outcome without partially applying a conflicting profile (116.527125ms)
  ✔ clears the selected avatar in replace mode when the matched source has no avatar (92.77025ms)
  ✔ promotes an unscraped actress to scrape success when a profile field is applied (110.21475ms)
  ✔ records a failed scrape without a success time when no profile matches (105.255666ms)
  ✔ records a failed scrape without a success time when the source throws (97.863542ms)
  ✔ records failure in replace-if-present mode when a matched profile has no selected value (94.172166ms)
  ✔ promotes a previously failed actress when a later scrape applies valid data (99.114083ms)
  ✔ skips fill-empty scraping without changing cumulative status when no selected field is missing (50.045708ms)
  ✔ skips fillEmpty when a matched profile has no new values for remaining empty fields (96.855208ms)
  ✔ still fails fillEmpty when a matched profile has no usable field values (96.2575ms)
  ✔ keeps cumulative success and its timestamp when a later scrape fails (81.020375ms)
  ✔ lets Gfriends try stored aliases after the main name without enabling global alias search (47.369708ms)
  ✔ applies successful field sources when another source fails (182.086333ms)
  ✔ preserves a field in replace mode when its composite source fails (172.186458ms)
  ✔ clears a field in replace mode when its composite source matched with no value (186.120208ms)
  ✔ records failure when every configured composite source fails (177.448542ms)
  ✔ warns when a composite avatar source cannot download its result (181.952417ms)
  ✔ preserves the existing gallery when every returned image is unusable (96.204792ms)
✔ actressScraperManager (2084.780041ms)
▶ bundled video candidate plugins
  ✔ normalizes year-month values through the documented sandbox helper (61.531667ms)
  ✔ JavDB fetches every first-page exact match and never falls back to a fuzzy item (37.548458ms)
  ✔ JavDB fails the complete scrape when any exact-match detail fails (50.71475ms)
  ✔ JavLibrary returns all exact cards and ignores title containment or first-item fallback (46.24775ms)
✔ bundled video candidate plugins (197.023667ms)
▶ isCloudflareChallengeText
  ✔ trusts the official cf-mitigated challenge response header signal (1.645917ms)
  ✔ detects classic JS challenge interstitial markers (0.336667ms)
  ✔ ignores passive challenge-platform scripts on normal JavDB detail pages (1.167292ms)
  ✔ detects managed challenge markers (0.099541ms)
  ✔ detects body copy only with Cloudflare co-signals (0.117334ms)
  ✔ detects turnstile-only shells but not embedded widgets on content pages (0.062291ms)
  ✔ does not treat normal pages, helper copy, or vague phrases as Cloudflare (0.182584ms)
✔ isCloudflareChallengeText (4.429584ms)
▶ buildPluginRegistry
  ✔ lets user scrapers override bundled names (0.336958ms)
✔ buildPluginRegistry (0.677833ms)
▶ runCompositeFieldGroups
  ✔ groups fields, picks, and merges across plugins (0.639333ms)
  ✔ aborts on the first plugin error when policy is abort (0.26675ms)
  ✔ collects per-plugin warnings and continues when policy is collect (0.092458ms)
  ✔ throws when every grouped source fails under collect policy (0.089125ms)
  ✔ returns a null result when every plugin yields no match (0.075375ms)
✔ runCompositeFieldGroups (1.275833ms)
▶ configuredScraperService
  ✔ normalizes legacy settings without a service config and drops an unusable MetaTube default (9.186083ms)
  ✔ normalizes origins and path prefixes while rejecting unsafe base URLs (1.077709ms)
  ✔ stores only public configuration in settings and requires acknowledgement for remote HTTP tokens (1.334667ms)
  ✔ blocks clearing while MetaTube is referenced and clears address plus token otherwise (5.113709ms)
  ✔ keeps bearer credentials on the configured origin and preserves a base path (3.187417ms)
  ✔ snapshots the address, proxy choice, and token for an in-flight scrape (1.3075ms)
  ✔ rejects cross-origin redirects before sending credentials to the target (0.539292ms)
  ✔ rejects HTTPS downgrade redirects (0.544834ms)
  ✔ classifies authentication, rate-limit, server, malformed, and oversized responses (2.447667ms)
  ✔ tests draft configuration without persisting its token (1.136667ms)
✔ configuredScraperService (26.90825ms)
▶ Gfriends bundled actress plugin
  ✔ prefers the main name and selects its last quality-ordered avatar candidate (60.863791ms)
  ✔ uses the first exact alias only when the main name has no candidate (43.779541ms)
  ✔ does not return a fuzzy name match (37.499083ms)
  ✔ uses the current jsDelivr namespace when the primary index is unavailable (50.494ms)
  ✔ reserves Gfriends as a built-in actress plugin name (0.357875ms)
✔ Gfriends bundled actress plugin (193.950084ms)
▶ MetaTube bundled video plugin
  ✔ keeps exact providers in search order and maps the documented fields (64.064459ms)
  ✔ returns no candidates for search 404 or fuzzy-only search results (81.761458ms)
  ✔ rejects a detail whose exact code differs from its search item (36.396ms)
  ✔ rejects too many exact providers before requesting details (41.670458ms)
  ✔ fails the entire scrape if one exact detail request fails (42.55225ms)
[scraper:MetaTube] MetaTube 样张超过 40 张，已截断
  ✔ caps public sample proxy URLs at forty without putting credentials in them (51.0025ms)
  ✔ rejects incompatible known fields and caps detail concurrency at four (98.689375ms)
✔ MetaTube bundled video plugin (416.878417ms)
▶ MetaTube service integration
  ✔ runs connection checks and the bundled worker against a local fake HTTP service (80.045ms)
✔ MetaTube service integration (80.799458ms)
▶ action network capture
  ✔ keeps http(s) query strings and strips credentials (0.575ms)
  ✔ redacts credential-bearing query values before exposing recent requests (0.163333ms)
  ✔ omits sensitive post bodies (0.139209ms)
  ✔ records only an active action window and does not label search (0.597333ms)
  ✔ keeps the newest requests when the action window overflows (0.191041ms)
✔ action network capture (2.135792ms)
▶ browser evaluate policy
  ✔ allows forbidden API names inside diagnostic strings, comments and regular expressions (3.946542ms)
  ✔ still rejects executable references and computed access to forbidden APIs (0.469541ms)
  ✔ rejects credential, storage and sensitive form access (0.387084ms)
  ✔ rejects live-page mutation and computed property access (0.326834ms)
  ✔ rejects destructuring aliases that recover live-realm capabilities (0.262ms)
  ✔ names the forbidden API and points markup reads to html (1.114083ms)
  ✔ uses one normalized evaluator and drains timeout cleanup before rejecting (4.020334ms)
✔ browser evaluate policy (11.335958ms)
▶ ScrapeBrowserHost leases
  ✔ reuses the same owner and rejects a competing owner immediately (1.600959ms)
  ✔ freezes proxy and stops the helper as soon as a scrape lease is released (1.135208ms)
  ✔ closes the active helper session with the main window and remains reusable (0.266083ms)
  ✔ presents the helper through the lease without exposing it as a plugin browser action (0.119208ms)
  ✔ invalidates all lease actions when its operation signal is cancelled (0.10875ms)
  ✔ terminates the helper when an in-flight Playwright action is cancelled (0.235875ms)
  ✔ terminates the helper before reporting an evaluate timeout (504.530458ms)
  ✔ keeps oversized ARIA complete for the artifact layer (1.259208ms)
  ✔ sends cancel, ignores a late response and kills a non-cooperative helper after 500ms (1041.20025ms)
  ✔ keeps one click successful while transient post-action observation recovers (1.300417ms)
  ✔ blocks a disallowed main-frame navigation before an agent action sends it (0.507458ms)
  ✔ returns bounded scroll metrics and invalidates refs without changing the document revision (0.621416ms)
  ✔ extracts a host-owned load-more availability signal with the candidate snapshot (0.451125ms)
  ✔ returns the host-owned terminal proof result with the candidate snapshot (0.177791ms)
  ✔ returns pending after a successful action but makes explicit snapshot pending retryable (0.446208ms)
  ✔ classifies a failed state action with a changed revision as uncertain without replaying it (0.29275ms)
  ✔ keeps selector uniqueness failures as ordinary action failures (0.136958ms)
  ✔ reports zero matches separately from multiple matches (0.114834ms)
✔ ScrapeBrowserHost leases (1555.59675ms)
▶ normalizeNetworkUrl
  ✔ strips hash and lowercases host (0.424959ms)
  ✔ returns null for invalid URLs (0.053458ms)
✔ normalizeNetworkUrl (0.818041ms)
▶ networkUrlPathKey
  ✔ drops search and hash (0.048084ms)
✔ networkUrlPathKey (0.086417ms)
▶ isImageNetworkResource
  ✔ accepts Image resource type (0.064459ms)
  ✔ accepts image mime types (0.027583ms)
  ✔ rejects non-images and error statuses (0.03075ms)
✔ isImageNetworkResource (0.181917ms)
▶ hasImageMagicBytes
  ✔ detects jpeg and rejects html (0.093375ms)
✔ hasImageMagicBytes (0.134625ms)
▶ ImageBodyLruCache
  ✔ returns exact and aliased URLs (0.176959ms)
  ✔ matches unique path when query differs (0.102667ms)
  ✔ does not path-match when multiple distinct bodies share a path (0.100041ms)
  ✔ evicts oldest entries by count (0.10275ms)
  ✔ clears all state (0.070292ms)
✔ ImageBodyLruCache (0.617417ms)
▶ prioritizeInspectLinks
  ✔ keeps a main result card when more than maxLinks navigation links precede it (0.453916ms)
  ✔ preserves DOM order within priority groups and deduplicates after prioritizing (1.01275ms)
✔ prioritizeInspectLinks (1.894542ms)
▶ selectInspectLocaleLinks
  ✔ keeps locale anchors in document order and always allows an empty result (0.234875ms)
  ✔ caps locale anchors without mixing them back into content ranking (0.122166ms)
✔ selectInspectLocaleLinks (0.521083ms)
▶ selectInspectScriptSrcs
  ✔ keeps document order, deduplicates, and allows an empty result (0.1895ms)
✔ selectInspectScriptSrcs (0.286416ms)
▶ inspectLinkRawHref
  ✔ omits rawHref when the HTML attribute already matches the resolved href (0.12425ms)
  ✔ keeps protocol-relative and path-only attributes that cheerio will see (0.092875ms)
✔ inspectLinkRawHref (0.351875ms)
▶ ScrapeBrowserFramedSocket
  ✔ rejects the wrong token, parent pid, protocol version or CDP port (1.162ms)
  ✔ round-trips authenticated hello frames and native Buffers (5.728958ms)
  ✔ rejects an oversized incoming frame before allocating its body (1.678041ms)
✔ ScrapeBrowserFramedSocket (9.436167ms)
▶ scrape browser readiness
  ✔ does not resolve an intermediate verification page even when it has matching content (0.31925ms)
  ✔ does not accept selectors found on a verification page (0.062084ms)
✔ scrape browser readiness (0.734125ms)
▶ ScrapeBrowserWaitBudget
  ✔ does not consume the page timeout while Cloudflare verification is active (0.106084ms)
  ✔ still enforces the page timeout while no challenge is active (0.043542ms)
  ✔ caps manual verification independently from the page timeout (0.042916ms)
  ✔ accumulates the verification cap across repeated challenge periods (0.093041ms)
✔ ScrapeBrowserWaitBudget (0.378792ms)
✔ buildScrapeUserAgent drops Electron and app product tokens (0.45325ms)
✔ derivePlatformFromOsToken maps Windows, macOS and Linux (0.14875ms)
✔ resetScrapeUaProfileCache clears memoized profile (0.095084ms)
▶ scraperManager plugin availability gates
  ✔ publishes the built-in local NFO source as runnable but not editable or exportable (2.718334ms)
  ✔ lists MetaTube for configuration but excludes it from executable names until configured (2.27975ms)
  ✔ rejects unconfigured service plugins as new composite field sources (4.706041ms)
✔ scraperManager plugin availability gates (10.233208ms)
▶ scraperPluginSandbox
  ✔ loads cheerio/slim so packaged scrapers do not need undici (38.715625ms)
  ✔ terminates a non-returning plugin worker when the caller aborts (27.591917ms)
  ✔ does not report an aborted run as settled while a started host RPC is still running (114.085583ms)
  ✔ serves repeated persistent fetchBuffer calls from the plugin resource cache (57.317125ms)
✔ scraperPluginSandbox (238.777416ms)
▶ scraperPluginService
  ✔ describes bundled video scraper fields from shipped manifests (8.697125ms)
  ✔ describes bundled actress scraper fields from shipped manifests (2.779125ms)
  ✔ drops unknown actress supported field ids from packages (40.923375ms)
  ✔ lists bundled plugins shipped with the app (1.696667ms)
  ✔ reads bundled plugin packages for export and AI debug (2.160167ms)
  ✔ keeps MetaTube visible but unavailable until configured (1.038334ms)
  ✔ rejects a user package that tries to declare a trusted service binding (0.491209ms)
  ✔ does not assign a standalone delay to composite scrapers (1.556166ms)
  ✔ imports and executes a custom video plugin through the BaseScraper adapter (75.866625ms)
  ✔ normalizes video ratings to valid 5-point records only (0.486417ms)
  ✔ reads an installed custom plugin package for AI debugging (46.860375ms)
  ✔ imports and executes a custom actress plugin through the BaseActressScraper adapter (74.211ms)
  ✔ rejects custom plugins that reuse a built-in name (0.762917ms)
  ✔ renames legacy user plugins that override built-in names to -custom (4.109708ms)
  ✔ preserves settings for a legacy user plugin named after retired JAV8 (1.28675ms)
  ✔ uses -custom-2 when -custom is already taken (2.404167ms)
  ✔ keeps bundled plugins visible after rejecting a same-name custom install (1.958333ms)
  ✔ rejects duplicate custom plugin names (39.928083ms)
  ✔ atomically replaces a user plugin without leaving staging or backup directories (72.133542ms)
  ✔ rejects plugin names that collide after filename sanitization (34.568416ms)
  ✔ rejects packages without kind (1.0305ms)
  ✔ exports packages with kind (35.866958ms)
✔ scraperPluginService (452.386167ms)
▶ ScraperResourceCache
  ✔ reuses a fresh plugin resource without another network request (3.623916ms)
  ✔ reuses a fresh plugin resource after the cache is recreated (1.358375ms)
  ✔ revalidates an expired resource with its ETag and retains a 304 body (1.909041ms)
  ✔ returns an expired resource when revalidation fails and stale fallback is enabled (2.0135ms)
  ✔ rejects a resource larger than the host entry quota (0.966084ms)
  ✔ rejects writes beyond the host quota for one plugin (0.968541ms)
  ✔ enforces the plugin quota across concurrent resource commits (0.942083ms)
✔ ScraperResourceCache (12.61375ms)
▶ trusted scraper service sandbox bridge
  ✔ exposes service methods only to a trusted binding while keeping the token in main (100.536708ms)
  ✔ fails before starting a trusted worker when the service is not configured (0.616292ms)
✔ trusted scraper service sandbox bridge (101.75075ms)
▶ scraperManager.scrapeVideo
  ✔ uses the built-in local NFO source for manual, composite, and default runs without network fallback (37.804125ms)
  ✔ treats a missing local NFO as a normal no-match without marking scrape failure (11.904083ms)
  ✔ uses only the effective composite field sources to classify a quiet local NFO no-match (53.846125ms)
  ✔ delivers actress avatars to the merged cast positions across local and web composite sources (135.2435ms)
  ✔ persists exact multi-candidate results without selecting or applying one by default (94.917417ms)
  ✔ stages every declared candidate image even when the field was not selected (109.397ms)
  ✔ confirms a candidate from the local snapshot without visiting the remote site again (99.73975ms)
  ✔ discards pending candidates, cleans staging, and preserves cumulative success (93.784667ms)
  ✔ replaces pending staging and removes the replacement after a later unique success (303.14825ms)
  ✔ startup cleanup removes only old unreferenced video staging directories (115.885ms)
  ✔ filters exact-code mismatches and conservatively deduplicates normalized source urls (89.551875ms)
  ✔ rejects an invalid candidate array atomically and preserves an older pending decision (201.138958ms)
  ✔ keeps the old pending snapshot and staging when a valid replacement fails mid-transaction (179.040083ms)
  ✔ returns every exact-code exclusion warning when no candidate remains (88.3605ms)
  ✔ applies the only exact candidate after exclusions without creating pending state (89.077209ms)
  ✔ normalizes a year-month release date to the first day of that month (93.577625ms)
  ✔ keeps a unique candidate pending when applying it would duplicate a business identity (107.337458ms)
  ✔ rolls back a conflict merge and candidate apply when pending deletion fails (111.830959ms)
  ✔ returns director candidates before writes and applies an explicit choice on retry (143.626ms)
  ✔ keeps an ambiguous director during batch-style scraping and applies safe fields (84.265708ms)
  ✔ reports a matched result as skipped when no selected value can be applied (88.148625ms)
  ✔ stores composite source links and ratings under their actual field plugins (281.288417ms)
  ✔ persists and confirms composite candidates independently per source (454.057709ms)
  ✔ ignores unsupported fields before validating and applying the selected plugin result (598.295834ms)
  ✔ still rejects a malformed field when the plugin declares it as supported (541.883416ms)
  ✔ preserves a composite field when its source does not match but another source succeeds (556.98825ms)
downloadCover failed: TEST-001 https://cover.example/broken.jpg response is not a usable image
  ✔ applies text data but preserves an old cover when the returned image is unusable (541.123125ms)
downloadSamples failed: TEST-001 1 https://sample.example/two.jpg response is not a usable image
  ✔ discards the whole sample set when any sample download fails but still applies text (525.165458ms)
  ✔ compensates downloaded assets when the apply phase throws after downloads commit (494.988834ms)
  ✔ discards a downloaded cast avatar when the actress already has a usable avatar (580.275541ms)
✔ scraperManager.scrapeVideo (6907.358667ms)
▶ Xslist bundled actress plugin
  ✔ treats the site anonymous image as no avatar (40.076958ms)
  ✔ keeps a real profile avatar (42.350125ms)
✔ Xslist bundled actress plugin (82.882958ms)
▶ actress batch scrape persistence lifecycle
  ✔ persists one stable job id and advances pending targets across restart (282.54925ms)
  ✔ loads a legacy task without tri-state fields using a stable fallback job id (100.05025ms)
  ✔ clears a cancelled task file without deleting its completed pending result (161.30575ms)
  ✔ persists only a canonical status and the start-time target snapshot (185.5955ms)
  ✔ recovers a paused checkpoint after an application restart cache reset (112.066375ms)
  ✔ normalizes a legacy scraped paused job without rewriting progress (108.906625ms)
  ✔ normalizes an omitted scrapeStatus to all while preserving the snapshot (104.818333ms)
  ✔ marks an unknown status job unrecoverable without falling back to all (95.395208ms)
  ✔ blocks resume for an unknown status job but still allows discard (93.135125ms)
  ✔ resumes from the saved snapshot without re-applying current filters (156.528875ms)
  ✔ resumes a normalized legacy scraped job with unified scrape result semantics (164.055333ms)
✔ actress batch scrape persistence lifecycle (1565.384875ms)
▶ actressBatchScrapeTargets status normalization
  ✔ keeps the four canonical cumulative-status scopes (0.615708ms)
  ✔ normalizes the legacy scraped scope to 刮削成功 (0.0945ms)
  ✔ normalizes an omitted scope to 全部 (0.0635ms)
  ✔ rejects an unknown scope instead of widening the batch (0.208417ms)
  ✔ reports unknown scopes without throwing for persisted job snapshots (0.602084ms)
  ✔ never produces the legacy scope in a normalized request (0.104667ms)
✔ actressBatchScrapeTargets status normalization (2.136333ms)
▶ reconcilePersistedActressBatchJob
  ✔ rewrites scraped to success and omitted to all without touching progress (0.156792ms)
  ✔ keeps unrecognized scopes unrecoverable and does not widen to all (0.086ms)
✔ reconcilePersistedActressBatchJob (0.30725ms)
▶ actressBatchScrapeTargets resolution
  ✔ resolves each canonical cumulative-status scope (9.457125ms)
  ✔ resolves the legacy scraped scope as 刮削成功 and an omitted scope as 全部 (6.916166ms)
  ✔ intersects gender, cumulative status and missing fields (6.492667ms)
  ✔ treats explicit ids as the whole target set, ignoring the other filters (6.564375ms)
  ✔ deduplicates explicit ids and drops ids without a stored actress (9.930125ms)
  ✔ treats an empty explicit id list as zero targets (6.547334ms)
✔ actressBatchScrapeTargets resolution (46.070584ms)
▶ actressBatchScrapeTargets estimate and start
  ✔ estimates the count the start would resolve from the same request (7.094667ms)
  ✔ resolves targets again on start, so the total may differ from an earlier estimate (6.76475ms)
  ✔ freezes target ids, display names and total when the batch starts (7.621583ms)
✔ actressBatchScrapeTargets estimate and start (21.571417ms)
▶ ActressIdentityConflictWorkflow
  ✔ inspects live ownership even when the name is not yet in a review group (19.787375ms)
  ✔ summarizes the same aggregated name groups returned by the review list (10.83125ms)
  ✔ keeps summary counts exact for mixed, multi-result, and multi-conflict groups (33.79725ms)
  ✔ lists pending name ownership without inventing a pending scrape (8.236583ms)
  ✔ rejects an unsupported pending name type instead of silently reclassifying it (10.144708ms)
  ✔ rejects a pending-name-ownership decision when the shown claim row changed (9.404167ms)
  ✔ assigns pending name ownership without creating or applying scrape data (9.29675ms)
  ✔ edits one pending name claim and resolves both resulting unique owners (9.239792ms)
  ✔ moves an edited pending name claim into another normalized-name group (20.064417ms)
  ✔ merges actresses directly from pending name ownership (11.785584ms)
  ✔ removes an illegal pending name without persisting a blacklist (8.142625ms)
  ✔ reassigns the only pending scrape to the explicit keeper after a merge (11.887083ms)
  ✔ keeps a usable keeper avatar while clearing its missing source and crop state (24.056209ms)
  ✔ uses the explicitly selected pending actress as keeper and the other current main name (23.578667ms)
  ✔ rejects merging when both actresses own pending scrape snapshots (9.569625ms)
  ✔ does not treat another conflict between the same actress pair as a merge blocker (8.639834ms)
  ✔ rejects the whole workbench merge when a resulting name belongs to a third actress (11.686375ms)
  ✔ rejects the whole merge when the pending scrape also conflicts with a third actress (9.031125ms)
  ✔ rejects merging a persisted name claimed by a third actress pending scrape (20.093708ms)
  ✔ returns stale without merging when either actress changed after confirmation was shown (10.902417ms)
  ✔ rolls back the actress merge when pending reassociation fails (10.79ms)
  ✔ edits only the selected conflicting name and applies the unlocked scrape atomically (9.708667ms)
  ✔ moves only the edited item when its new name conflicts in another dynamic group (10.542583ms)
  ✔ moves an edited name into a group claimed by another naturally unlocked pending result (11.002083ms)
  ✔ transfers complete ownership to the pending actress only with a replacement main name (11.885708ms)
  ✔ previews and applies an assigned conflicting alias in a fill-empty alias collection (9.145917ms)
  ✔ keeps earlier ownership decisions in the final fill-empty alias preview and apply (10.869208ms)
  ✔ validates and removes every legacy claimant when assigning to the pending actress (12.59575ms)
  ✔ assigns a whole conflict group to an existing actress while applying profiles to original targets (17.029375ms)
  ✔ keeps confirmed ownership when the chosen existing actress is also a replace candidate (13.427791ms)
  ✔ removes an illegal normalized name from the whole group and applies unlocked profiles (11.507208ms)
  ✔ requires a valid replacement for every main-name claimant before illegal-name removal (11.061459ms)
  ✔ validates illegal-name replacement main names against the live conflict snapshot (8.543125ms)
  ✔ does not reconcile newly active conflicts while rejecting a stale illegal-name decision (8.398833ms)
  ✔ removes only the current illegal group and does not remember a blacklist rule (11.559416ms)
  ✔ applies a result when its other recorded conflict has already become inactive (9.8ms)
  ✔ rolls back illegal-name handling when name deletion fails (23.919209ms)
  ✔ rolls back illegal-name handling when main replacement fails (11.767291ms)
  ✔ rolls back illegal-name handling when profile application fails (10.67875ms)
  ✔ rolls back illegal-name handling when pending cleanup fails (10.297292ms)
  ✔ keeps the whole illegal-name group pending when any resource preparation fails (29.21625ms)
  ✔ requires a replacement when assigning a current main name to a third existing actress (9.656208ms)
  ✔ finishes name-only results and preserves the original fill-empty update mode (16.829ms)
  ✔ promotes staged resources when a name edit unlocks a pending scrape (13.696375ms)
  ✔ keeps a naturally unlocked result pending until the user explicitly applies it (9.739292ms)
  ✔ returns a stale outcome without writes when an involved actress changed (8.192708ms)
  ✔ rolls back every profile and promoted resource when a group apply fails (13.014ms)
  ✔ freezes the complete scrape when one selected name belongs to another actress (11.724708ms)
  ✔ applies a complete result when equivalent names only belong to the target actress (23.339084ms)
  ✔ atomically replaces one actress current snapshot and removes its old staged resources (17.221667ms)
  ✔ rolls back a conflict-free apply when removing the previous snapshot fails (15.525917ms)
  ✔ does not delete an existing same-url gallery file when a later apply rolls back (33.871ms)
  ✔ discards only the selected wrong match, records cumulative failure, and cleans staging (20.088875ms)
  ✔ startup cleanup removes only old unreferenced staging directories (13.1485ms)
  ✔ deleting a target actress also removes its staged pending resources (9.043833ms)
  ✔ removes prepared formal resources when profile application rolls back (25.675958ms)
✔ ActressIdentityConflictWorkflow (786.897792ms)
✔ reuses maintenance only until local writes, schema changes or external commits (15.355166ms)
✔ does not publish rolled-back maintenance or skip checks inside a caller transaction (7.776375ms)
✔ retries failed maintenance and invalidates after reopening the same catalog (10.037792ms)
✔ does not publish a maintenance stamp if an external commit occurs during the check (19.672542ms)
✔ rechecks earlier candidates after a later candidate introduces a new conflict (7.796583ms)
✔ bounds a 10k legacy-claim queue without hydrating candidates after maintenance (33.076541ms)
✔ does not hydrate unrelated candidate results for a selected name group (10.64125ms)
✔ sorts full conflict names before truncating display captions and preserves exact anchors (9.045791ms)
✔ keeps legacy equal-caption order across pages and clamps missing anchors in a nonempty queue (9.222583ms)
✔ bounds name normalization when merged actors have many third pending conflicts (33.332959ms)
Failed to clean deleted actress asset: avatar_sources/alpha.jpg Error: file is locked
    at deleteStoredAsset (/Users/nut/Project/JavdexLabs/Javdex/src/main/services/actressMaintenanceService.test.ts:122:61)
    at Object.deleteActresses (/Users/nut/Project/JavdexLabs/Javdex/src/main/services/actressMaintenanceService.ts:87:11)
    at TestContext.<anonymous> (/Users/nut/Project/JavdexLabs/Javdex/src/main/services/actressMaintenanceService.test.ts:126:28)
    at Test.runInAsyncScope (node:async_hooks:227:14)
    at Test.run (node:internal/test_runner/test:1325:25)
    at Suite.processPendingSubtests (node:internal/test_runner/test:911:18)
    at Test.postRun (node:internal/test_runner/test:1465:19)
    at Test.run (node:internal/test_runner/test:1390:12)
    at async Suite.processPendingSubtests (node:internal/test_runner/test:911:7)
▶ actressMaintenanceService.importGalleryImage
  ✔ runs legacy dimension repair as part of the explicit gallery write flow (2.389542ms)
✔ actressMaintenanceService.importGalleryImage (2.742333ms)
▶ actressMaintenanceService.deleteActresses
  ✔ deletes the complete batch and cleans stored resources (21.782ms)
  ✔ rejects the whole batch when an actress is linked to a video (8.965916ms)
  ✔ reports resource cleanup failures after the database transaction commits (12.475834ms)
  ✔ rolls back the complete batch when a later record fails to delete (15.25775ms)
  ✔ previews current linked-actress and affected-video counts (11.199542ms)
  ✔ explicitly unlinks videos, deletes a mixed batch, and preserves video records and files (12.522667ms)
  ✔ rolls back removed video links when a later actress delete fails (9.422959ms)
  ✔ removes only the deleted actress ownership and pending result (8.475167ms)
  ✔ rejects an unknown delete mode instead of falling through to a destructive path (11.520792ms)
✔ actressMaintenanceService.deleteActresses (112.001208ms)
▶ actressQueryService.listActresses
  ✔ returns a stable page and the full matching total from the real database (15.220416ms)
  ✔ reuses one exact avatar-filter snapshot across subsequent pages (0.21325ms)
  ✔ refreshes the avatar-filter snapshot whenever the first page reloads (0.116459ms)
  ✔ inspects avatar health and fingerprints outside the database repository (19.19075ms)
✔ actressQueryService.listActresses (35.367375ms)
▶ actressQueryService.listFaceScanManifest
  ✔ exposes the dedicated minimal manifest through the query seam (0.168666ms)
✔ actressQueryService.listFaceScanManifest (0.22ms)
✔ delegates avatar count without reading the legacy list or inspecting images (0.11125ms)
▶ actressScrapeQueue.start target resolution
  ✔ scrapes exactly the targets the estimate reported for the same request (5187.669042ms)
  ✔ starts a legacy scraped request against 刮削成功 targets (617.029208ms)
  ✔ starts explicitly selected actresses regardless of the other filters (523.510875ms)
  ✔ starts no target for an empty explicit id list (557.030041ms)
  ✔ refuses to start a request with an unknown cumulative-status scope (425.754958ms)
✔ actressScrapeQueue.start target resolution (7311.875208ms)
▶ AgentMetadataActivityTimeline
  ✔ projects streaming reasoning into one bounded completed turn (1.512209ms)
  ✔ retains up to 64,000 reasoning characters and reports overflow (4.586459ms)
  ✔ uses semantic browser actions while retaining safe completion summaries (0.693708ms)
  ✔ keeps direct metadata submission distinct from browser inspection (0.055625ms)
  ✔ describes playlist page checkpoints as result-producing actions (0.209833ms)
  ✔ describes browser scroll without exposing tool arguments (0.068792ms)
  ✔ retains earlier reasoning across browser-heavy runs (1.15075ms)
✔ AgentMetadataActivityTimeline (9.13225ms)
✔ uses the indexed journal cursor without loading history for a metadata snapshot (2.10725ms)
▶ Agent metadata browser URL policy
  ✔ allows a public hostname when a system proxy maps it to the RFC 2544 fake-IP range (2.313834ms)
  ✔ still rejects direct benchmark-range IPs and hostnames resolving to private networks (2.741208ms)
  ✔ keeps identity query parameters while removing credentials and fragments from display URLs (0.542208ms)
✔ Agent metadata browser URL policy (6.223584ms)
▶ Agent metadata browser evidence binding
  ✔ accepts a production artifact only for its captured document and view (1.596292ms)
  ✔ rejects incomplete, tampered, and corrupt segmented production artifacts (7.393041ms)
✔ Agent metadata browser evidence binding (9.10275ms)
▶ AgentMetadataDraftService
  ✔ rejects a preview when a staged resource no longer matches its manifest (26.089ms)
  ✔ rechecks staged resource bytes when applying an already reviewed draft (18.16025ms)
  ✔ cleans newly staged resources when persistence fails (15.808083ms)
  ✔ routes actress name ownership conflicts to the existing pending workflow (10.559542ms)
  ✔ routes duplicate video business identities to the existing pending workflow (11.180125ms)
  ✔ requires explicit user confirmation when actress names do not match (8.712958ms)
✔ AgentMetadataDraftService (91.116542ms)
▶ app release service
  ✔ parses and compares stable release versions numerically (0.93125ms)
  ✔ accepts only trusted published GitHub releases (0.131791ms)
  ✔ validates cached update state before exposing it to the renderer (0.172167ms)
✔ app release service (1.642542ms)
▶ asset byte cache
  ✔ separates variants and invalidates all variants of only the changed asset (0.589833ms)
  ✔ checks every file identity field and isolates callers from cached mutable buffers (0.177ms)
  ✔ enforces the entry cap while retaining recently read and replaced entries (0.3845ms)
  ✔ enforces the 96MiB byte cap and skips oversized entries without flushing other images (29.367667ms)
✔ asset byte cache (30.959875ms)
▶ image asset inspection cache
  ✔ loads an unchanged image once and reloads it when its file signature changes (0.177ms)
  ✔ reloads an image after explicit asset invalidation (0.079292ms)
  ✔ evicts the least recently used inspection after reaching capacity (1.406083ms)
✔ image asset inspection cache (1.792041ms)
✔ retries after the first scrypt failure (102.185792ms)
✔ retries after the first importKey failure (90.659625ms)
✔ keeps the new cache when a pre-reset KDF later succeeds (95.393667ms)
✔ keeps the new cache when a pre-reset KDF later fails (108.701459ms)
✔ waits for cold key derivation on cancellation and never starts decryption (46.643333ms)
✔ reads the existing AVPK format through synchronous and asynchronous crypto (69.830875ms)
✔ coalesces cold key derivation and never uses synchronous crypto in the async reader (99.684042ms)
✔ rejects invalid or tampered encrypted bodies without returning plaintext (53.529209ms)
✔ waits for an active native job before discarding its cancelled result (45.766417ms)
▶ assetLocationMigration
  ✔ moves plain and encrypted files including alias store (82.594083ms)
  ✔ maps default path setting when relocating back to userData (13.026583ms)
  ✔ allows relocating back to default when only empty asset subfolders remain (31.815375ms)
  ✔ rolls back copied files without touching the active root (9.70725ms)
  ✔ rejects migration while the configured source root is unavailable (6.86025ms)
  ✔ rejects targets nested inside the active media root (7.766667ms)
  ✔ rejects a target that resolves to the source through a symlinked parent (7.407ms)
  ✔ rejects a differently-cased path that resolves to the same directory (7.870958ms)
  ✔ resumes when the target contains matching files from an interrupted copy (13.76525ms)
  ✔ preserves pre-existing matching copies when a resumed migration rolls back (18.662334ms)
  ✔ keeps source files when the prepared target disappears before commit (16.246292ms)
  ✔ preserves a copied target that was replaced before a failed commit rolls back (16.112083ms)
  ✔ rejects an interrupted target whose file contents do not match the source (10.11625ms)
  ✔ rejects directory symlinks without reading or deleting files outside the asset root (21.314292ms)
  ✔ rejects a symlinked asset root without touching its external target (13.286041ms)
✔ assetLocationMigration (277.396875ms)
▶ assetMigration opaque paths
  ✔ encrypts to opaque paths and restores readable paths on decrypt (96.830458ms)
✔ assetMigration opaque paths (97.482375ms)
✔ reads legacy without rewriting and migrates on mutation preserving all entries (78.056291ms)
✔ does not reread a warm map or append unchanged values; reloads deletions (69.324083ms)
✔ preserves a legacy file when snapshot rename fails (71.662375ms)
✔ recovers an interrupted tail and truncates it before retry (66.071375ms)
✔ rejects corrupted complete ciphertext and preserves it on attempted mutation (71.527ms)
✔ rejects missing or incomplete first snapshots (53.534917ms)
✔ reloads the actual committed record after an uncertain fsync failure (59.465417ms)
✔ compacts after sustained updates and reloads the latest values (30726.864125ms)
✔ preserves the appended result when compaction rename fails (135.136042ms)
✔ invalidates the cached map after external replacement (57.551875ms)
▶ assetPathNaming
  ✔ builds readable bases with seed and url hash (1.182334ms)
  ✔ sanitizes non-ascii seeds and truncates overly long values (0.260625ms)
  ✔ keeps equal-length Chinese actress names on distinct asset seeds (0.214292ms)
  ✔ scopes asset seeds by actress id when provided (0.118125ms)
  ✔ keeps actress id prefix when the readable label is long (0.127583ms)
  ✔ builds distinct gallery paths for equal-length Chinese names and the same url (0.115958ms)
  ✔ builds opaque bases without embedding seed text (0.106917ms)
  ✔ detects opaque encrypted filenames (0.109541ms)
  ✔ derives stable opaque names from plaintext relative paths (0.131333ms)
✔ assetPathNaming (3.346042ms)
▶ AutomaticScanScheduler
  ✔ runs every due library in stable order from independent persisted state (1.348334ms)
  ✔ runs an already-enabled library with no scan history after the startup delay (0.097083ms)
  ✔ calculates each library due time from its own interval and last finished time (0.080917ms)
  ✔ waits one full interval after a library is newly enabled (0.155ms)
  ✔ skips disabled, rootless and not-yet-due libraries (0.081958ms)
  ✔ runs a due rootless library when it still has deferred cleanup work (0.074458ms)
  ✔ defers while maintenance is busy and rechecks on the next poll (0.077417ms)
  ✔ isolates one library failure and continues the serial due queue (0.17825ms)
  ✔ keeps startup, resume, and every due library globally serial (0.149ms)
  ✔ uses the resume delay and clears all scheduled work on stop (0.095ms)
✔ AutomaticScanScheduler (2.945708ms)
▶ AvatarAutoCropMediator
  ✔ resolves automatic crop requests and rejects stale replies (1.168875ms)
  ✔ fails pending automatic crop requests after renderer disconnects (0.10525ms)
  ✔ times out automatic crop requests without accepting a late response (1.713875ms)
  ✔ owns the crop batch token until matching end or disconnect (0.093708ms)
  ✔ rejects a second begin while a crop batch is active (0.156416ms)
✔ AvatarAutoCropMediator (3.669ms)
✔ creates one lazy snapshot per batch and disposes only its owning token (0.112208ms)
✔ retries failed snapshot creation without poisoning the batch and clears on reinitialization (0.068459ms)
✔ settles disconnected requests despite cleanup failure and retries before allowing another snapshot (0.214542ms)
✔ writes the definition once and keeps total checkpoint bytes near-linear (38465.93225ms)
ℹ {"targets":[1000,2000],"totalWrittenBytes":[409049,822049],"definitionWritesPerJob":1}
✔ reads legacy checkpoints and migrates on the next save without losing targets (18.0475ms)
✔ preserves the last checkpoint when write fails and retries safely (27.603833ms)
✔ preserves the last checkpoint when sync fails and retries safely (24.79375ms)
✔ preserves the last checkpoint when rename fails and retries safely (32.266542ms)
✔ keeps the old definition on failed replacement and prunes unused manifests after commit (52.560083ms)
✔ refuses missing, tampered or mismatched manifests instead of treating the job as absent (19.07075ms)
✔ stops the queue on checkpoint failure and resumes from the durable cursor without skipping work (34.931583ms)
✔ rejects damaged cursor and total fields without deleting the checkpoint (21.942125ms)
✔ reloads actual disk state and retains the manifest after replace directory-sync failure (22.440125ms)
✔ reloads actual disk state and retains the manifest after clear directory-sync failure (17.306375ms)
✔ does not report committed saves or clears as failed when manifest cleanup cannot enumerate (21.791417ms)
✔ executes real read-only tag queries and observes writes through the worker cache (237.179541ms)
✔ rejects a changed catalog version at worker startup without migration (257.675917ms)
✔ settles in-flight initialization and queued requests when disposed (487.033583ms)
✔ executes all classification cover pages on the readonly worker and observes committed writes (1061.827792ms)
✔ rejects image initialization against an incompatible schema without rewriting it (406.598459ms)
✔ reads bounded audit pages in the real worker, isolates operations and observes audit replacement (489.542083ms)
✔ reads audit headers on the real worker without building an index from the audit body (408.5695ms)
✔ counts merged subscribers toward capacity, normalizes keys, and clones each successful result (2.761709ms)
✔ serializes different revisions and keeps a folded expanding query valid in the payload (0.398542ms)
✔ rejects old generation on identity change and waits for termination (3.660833ms)
✔ rejects old generation on path change and waits for termination (0.439334ms)
✔ removes queued aborts but retains an executing slot after all subscribers abort (0.27875ms)
✔ one subscriber abort does not cancel another or retain its signal listener (0.179334ms)
✔ rejects all accepted on startup timeout, without retry or overlapping workers (15.629458ms)
✔ rejects all accepted on query timeout, without retry or overlapping workers (17.39075ms)
✔ rejects all accepted on exit, without retry or overlapping workers (0.404708ms)
✔ rejects all accepted on error, without retry or overlapping workers (0.302458ms)
✔ rejects all accepted on protocol error, without retry or overlapping workers (0.2295ms)
✔ dispose closes admission immediately and waits for a running termination (0.377291ms)
✔ fails closed if termination rejects and rejects requests waiting for replacement (0.301958ms)
✔ rejects invalid queries before creating a worker and contains factory/post failures (0.578084ms)
✔ bounds subscribers while termination is pending and supersedes a waiting generation (0.379667ms)
✔ does not launch work after repeated queued cancellations before ready (0.698375ms)
✔ contains unexpected messages and dispose drains an already-started replacement barrier (0.052125ms)
✔ expires waiting subscribers and frees capacity while native termination remains pending (0.968625ms)
✔ keeps independent waiting deadlines for coalesced subscribers and clears them at execution (0.193958ms)
✔ never executes a page whose only subscriber expired before ready (0.085875ms)
✔ shares admission across tag/image requests, keys entity kinds separately and copies caller inputs (0.61425ms)
✔ retains the executing image slot after cancellation and retires it before switching databases (0.392917ms)
✔ validates image requests before allocating a reader (0.10875ms)
✔ shares audit admission with tag/image work, coalesces snapshots and copies audit budgets (0.33825ms)
✔ rejects invalid audit requests before allocation and removes an aborted queued audit (0.143916ms)
▶ CheckpointedSequentialBatchQueue
  ✔ persists checkpoints, pauses, and resumes from the next index (1.45325ms)
  ✔ discards a paused job without running (0.167333ms)
  ✔ cancels a running job and clears the checkpoint (2.755375ms)
  ✔ recycles the scrape browser after each configured target interval (7.924333ms)
  ✔ rejects an invalid run plan without leaving a resumable checkpoint (0.361417ms)
  ✔ discards a corrupt checkpoint when run planning throws (0.143834ms)
✔ CheckpointedSequentialBatchQueue (13.280125ms)
▶ classificationDeletionService
  ✔ previews and deletes a director while recalculating links and preserving videos/resources (499.203833ms)
  ✔ deletes an unlinked director with a zero impact (392.560666ms)
  ✔ rolls back director unlinking and skips image cleanup when deletion fails (417.601333ms)
  ✔ previews and deletes a series while recalculating videos and detaching direct children (453.292541ms)
  ✔ deletes an unlinked childless series with a zero impact (402.806625ms)
  ✔ rolls back series relations and reports image cleanup failure only after commit (474.279042ms)
✔ classificationDeletionService (2640.543916ms)
▶ classification director query and maintenance services
  ✔ keeps real same-name directors as separate stable identities and exposes candidate differences (416.269708ms)
  ✔ maintains the complete profile without changing identity or video relations (426.001583ms)
  ✔ validates calendar dates and career ranges transactionally (370.781291ms)
  ✔ searches aliases and supports only count or update sorting in both directions (408.957625ms)
✔ classification director query and maintenance services (1622.89875ms)
✔ matches all candidate fields/order and deduplicates dual-role organization links before LIMIT (1088.804458ms)
✔ holds count and candidate rows in the same snapshot across a cover removal (404.304333ms)
✔ rejects unsafe entity IDs, unsupported page flags and excessive pages (399.06ms)
▶ classificationImageService
  ✔ imports local and remote images as owned assets and cleans a replaced image after commit (556.324875ms)
  ✔ copies an associated video cover instead of adopting the video asset (501.260417ms)
  ✔ stores a director portrait and compensates its replacement when the database update fails (421.8765ms)
  ✔ keeps the stored image when a remote download fails (466.002333ms)
  ✔ cleans the latest replaced image when a remote update finishes after another edit (484.461541ms)
  ✔ commits replacement and reports a post-commit cleanup failure (401.2035ms)
✔ classificationImageService (2832.060916ms)
✔ matches every old list field and global ordering over pages, aliases, roles and cover boundaries (1306.633458ms)
✔ keeps count and page in one read snapshot across another connection changing the role (375.449875ms)
✔ validates page boundaries in the service and typed IPC without changing complete-list APIs (414.978542ms)
▶ classification organization query and maintenance services
  ✔ shares one organization profile across role lists and searches its aliases (459.032583ms)
  ✔ sorts only by video count or update time in either direction (413.131958ms)
  ✔ treats SQL LIKE metacharacters in organization searches as literal text (380.854292ms)
  ✔ keeps stable identity and video links when editing the complete profile (495.626792ms)
  ✔ rejects parent cycles without partially changing the profile (300.282667ms)
  ✔ creates an organization inline, registers the role, and retains zero-video roles (442.927208ms)
  ✔ rolls back profile fields when a name is owned by another organization (467.053542ms)
✔ classification organization query and maintenance services (2959.64175ms)
▶ classification series query and maintenance services
  ✔ maintains a stable complete profile and projects its local video coverage (346.26975ms)
  ✔ enforces normalized name ownership inside the owner scope only (488.646292ms)
  ✔ preflights every name when moving to another owner scope and rolls back on conflict (393.933667ms)
  ✔ rejects self and descendant parents without partially changing the series (414.480292ms)
  ✔ searches aliases, identifies same-name candidates, and sorts in either direction (574.391458ms)
  ✔ creates an unowned series inline and validates lifecycle years (341.995667ms)
✔ classification series query and maintenance services (2560.316084ms)
▶ directorMergeService
  ✔ merges source data into an explicit target while preserving target conflicts (503.27125ms)
  ✔ adopts the source portrait only when the target has no formal portrait (359.49825ms)
  ✔ rolls back target fields and video relations when the database transaction fails (485.9605ms)
  ✔ commits the merge and reports source portrait cleanup failure (458.652667ms)
  ✔ rejects using the same director as target and source (339.957083ms)
✔ directorMergeService (2147.87475ms)
▶ external link service
  ✔ accepts only bounded HTTP and HTTPS links (0.326125ms)
✔ external link service (0.625167ms)
▶ legacy media-library settings bootstrap
  ✔ keeps native V14 config defaults when a fresh database has no legacy evidence (6.146875ms)
  ✔ imports roots, cleanup work, and typed configuration into the default library once (3.189208ms)
  ✔ freezes an online legacy cleanup root identity before making the work active (8.433833ms)
  ✔ keeps parent and child legacy paths but enables only the first non-overlapping set (14.966375ms)
  ✔ keeps realpath aliases but enables only one physical legacy root (15.9635ms)
  ✔ keeps app-level scraper and cover preferences after import and repeated startup cleanup (3.477958ms)
  ✔ keeps inferred roots and links source-managed resources to the deepest matching root (3.188083ms)
  ✔ imports the last scan summary and its managed unrecognized-file snapshot (2.859666ms)
  ✔ preserves a standalone unrecognized snapshot through a synthetic legacy scan run (2.843375ms)
  ✔ keeps an older safe snapshot separate from a newer failed scan summary (2.957375ms)
  ✔ retries JSON cleanup without importing database rows twice (2.729625ms)
  ✔ rolls back every database change and skips JSON cleanup when import fails (2.656167ms)
✔ legacy media-library settings bootstrap (69.965834ms)
▶ LibraryCurator lifecycle
  ✔ releases its own runs without disposing the application AgentExecution (0.848333ms)
✔ LibraryCurator lifecycle (1.166334ms)
✔ uses the indexed journal cursor for a curator snapshot (0.455459ms)
▶ libraryPathCleanupService
  ✔ previews only resources owned by the selected library and root (602.5855ms)
  ✔ previews and safely cleans a disabled root including pending and diagnostic rows (569.809084ms)
  ✔ confirms with the current revision and queues an identity snapshot without deleting data (333.834292ms)
  ✔ rejects a confirmation when scan-owned resources changed after preview without a revision bump (170.157667ms)
  ✔ removes and promotes resources only inside the confirmed library and root (410.791583ms)
  ✔ lets a cleanup-only scan consume the last removed root without touching another library (503.00625ms)
  ✔ recovers an offline legacy cleanup intent when a later full scan sees the root online (462.556917ms)
  ✔ keeps an overlapping legacy cleanup root waiting during a later full scan (426.340666ms)
  ✔ keeps an overlapping parent legacy cleanup root waiting during a later full scan (363.080708ms)
  ✔ keeps a realpath-alias legacy cleanup root waiting across libraries (407.69225ms)
  ✔ fails closed when a confirmed root is offline (371.91025ms)
  ✔ fails closed when the path now resolves to a replacement directory (396.029125ms)
  ✔ cancels a failed removal into a disabled, archiveable root without deleting records (453.075541ms)
  ✔ completes a confirmed cleanup after an unrelated library configuration edit (402.552916ms)
  ✔ rolls back resource removal, promotion, root state, and job completion together (323.323333ms)
✔ libraryPathCleanupService (6197.950708ms)
▶ normalizeTranslationOutput
  ✔ strips fenced and quoted model output (0.38825ms)
✔ normalizeTranslationOutput (0.713666ms)
▶ MediaAssetStore
  ✔ coalesces encrypted thumbnails, isolates size variants and preserves original preview bytes (154.83925ms)
  ✔ checks plain and decrypted image pixels before caching and recovers after replacement (125.258958ms)
  ✔ retains cancelled active slots until file read settles (80.378375ms)
  ✔ retains cancelled active slots until file close settles (83.906292ms)
  ✔ retains cancelled active slots until file metadata settles (92.937959ms)
  ✔ rejects oversized plain and encrypted files before opening or decrypting them (85.035708ms)
  ✔ does not merge a post-invalidation request into the old pending read (50.810625ms)
  ✔ shares a cold encrypted read and decryption across concurrent requests without sharing cancellation (53.964166ms)
  ✔ does not return cached bytes when cancelled while the hot-path stat is pending (46.977875ms)
  ✔ does not reuse the same relative cache key after the asset root changes (65.835125ms)
  ✔ rejects a changed file during reading without caching its old bytes (50.86175ms)
  ✔ serves hot plaintext and encrypted images without rereading or decrypting their bytes (91.111208ms)
  ✔ reloads replaced files even with restored mtime and rejects deleted files before using cache (68.962459ms)
  ✔ does not repopulate explicitly invalidated cache from a pending read (44.702917ms)
  ✔ retains read slots while cancelled encrypted requests wait for native crypto completion (96.052375ms)
  ✔ cancels queued reads before opening files and keeps active slots until reads settle (100.031083ms)
downloadAvatar failed: Bad Avatar https://example.test/avatar.html response is not a usable image
Failed to delete media asset: covers/TEST-002_b82295e5.jpg Error: file is locked
    at FailingCleanupStore.delete (/Users/nut/Project/JavdexLabs/Javdex/src/main/services/mediaAssetStore.test.ts:936:15)
    at FailingCleanupStore.deleteImmediateBestEffort (/Users/nut/Project/JavdexLabs/Javdex/src/main/services/mediaAssetStore.ts:449:12)
    at FailingCleanupStore.finishCoordinatedChange (/Users/nut/Project/JavdexLabs/Javdex/src/main/services/mediaAssetStore.ts:561:52)
    at <anonymous> (/Users/nut/Project/JavdexLabs/Javdex/src/main/services/mediaAssetStore.ts:527:14)
    at AsyncLocalStorage.run (node:internal/async_local_storage/async_context_frame:63:14)
    at FailingCleanupStore.runCoordinatedChange (/Users/nut/Project/JavdexLabs/Javdex/src/main/services/mediaAssetStore.ts:504:31)
    at FailingCleanupStore.coordinateDatabaseChange (/Users/nut/Project/JavdexLabs/Javdex/src/main/services/mediaAssetStore.ts:465:17)
    at <anonymous> (/Users/nut/Project/JavdexLabs/Javdex/src/main/services/mediaAssetStore.test.ts:941:37)
    at getActual (node:assert:611:5)
    at strict.doesNotThrow (node:assert:779:32)
  ✔ serves plain and encrypted images asynchronously without synchronous file reads (138.663834ms)
  ✔ reads plain and encrypted images and reports a stable plaintext fingerprint (89.163792ms)
  ✔ rejects stored paths that escape the media root (7.885625ms)
  ✔ exposes bootstrap and layout paths under the media root (35.091125ms)
  ✔ encrypts a stored plain asset and lists it under stable subdirectories (116.952167ms)
  ✔ decrypts a stored encrypted asset back to its plain relative path (119.940083ms)
  ✔ compensates newly-created resources when the database operation fails (35.173959ms)
  ✔ compensates newly imported cover and sample files when a database operation fails (61.84875ms)
  ✔ compensates newly imported playlist covers when a database operation fails (47.932416ms)
  ✔ compensates async downloads when the database operation fails (42.134666ms)
  ✔ rejects unusable local image imports instead of storing them (9.780084ms)
  ✔ rejects unusable avatar downloads instead of storing them (10.034333ms)
  ✔ keeps an existing download when replacing the same URL later rolls back (56.889917ms)
  ✔ keeps an existing avatar source when importing the same bytes later rolls back (49.947875ms)
  ✔ deletes obsolete resources only after the database operation succeeds (40.98475ms)
  ✔ uses distinct paths for avatar display replacements created in the same millisecond (56.644583ms)
  ✔ discards newly created resources marked obsolete in the same coordinated change (39.388625ms)
  ✔ promotes nested created resources so a parent rollback can compensate them (52.979041ms)
  ✔ defers nested obsolete deletes of pre-existing files until the parent commits (47.007042ms)
  ✔ keeps nested obsolete pre-existing files when the parent rolls back (45.564792ms)
  ✔ does not leak nested create-then-obsolete files when the parent rolls back (37.30375ms)
  ✔ runInCoordinatedChange joins an active parent instead of nesting (34.9455ms)
  ✔ keeps isolated coordinated creates when an outer parent later rolls back (39.908333ms)
  ✔ keeps independent root work when an awaited outer coordinated change fails (60.524917ms)
  ✔ keeps relocation exclusive with coordinated and direct media mutations (56.441292ms)
  ✔ keeps relocation exclusive with a stable read lease (3.035041ms)
  ✔ keeps caller registrations off an un-awaited nested async coordinated change (42.914625ms)
  ✔ does not turn a post-commit cleanup failure into a database failure (46.081292ms)
✔ MediaAssetStore (2718.961167ms)
✔ reads empty, exact-budget and multi-chunk files without using readFile (20.86675ms)
✔ rejects oversize before reading and closes the opened handle (11.820083ms)
✔ rejects grow during reading and closes the handle (16.328834ms)
✔ rejects truncate during reading and closes the handle (14.461625ms)
✔ rejects cancel during reading and closes the handle (17.2795ms)
✔ rejects io-error during reading and closes the handle (11.515375ms)
✔ does not open an already cancelled request (17.090583ms)
✔ closes the handle on cancel-after-open before allocating body bytes (13.913542ms)
✔ closes the handle on stat-error before allocating body bytes (18.156834ms)
✔ closes the handle on directory before allocating body bytes (12.216166ms)
✔ reads PNG/WebP metadata and never follows TIFF offsets outside its chunk (1.144834ms)
✔ inspects all served formats without decoding pixels (21.963417ms)
✔ rejects a tiny encoded image with an oversized canvas and accepts the exact boundary (1.521667ms)
✔ rejects corrupt and unsupported image headers (11.12025ms)
✔ inspects the single-frame canvas of real animated GIF and WebP inputs (1.959458ms)
✔ waits for metadata completion when cancelled and destroys the reader (0.829125ms)
✔ shares a read while one consumer cancels and preserves independent result buffers (1.058416ms)
✔ drains the last cancelled consumer without deleting a newer flight under the same key (0.1935ms)
✔ fans out failures and permits a fresh attempt (0.106ms)
✔ aborts the underlying work only after all consumers cancel and drains the final slot (0.139375ms)
✔ defaults to four active reads and 256 queued requests with reusable cancellation capacity (3.011083ms)
✔ bounds active and queued reads, removes cancelled work and releases capacity after failures (0.17975ms)
✔ does not free an active slot before an aborted reader actually settles (0.094334ms)
✔ preserves aspect ratio, respects orientation and does not enlarge small images (22.568208ms)
✔ makes a single static thumbnail from an animated image (1.556792ms)
✔ retains two decode slots until native work settles after cancellation (2.429208ms)
▶ media-library service
  ✔ validates an explicitly configured create-time video scraper before persistence (1.029708ms)
  ✔ allows unrelated config edits with a stale stored scraper but validates explicit changes (0.087667ms)
  ✔ runs the root-migration commit through the shared resource-maintenance gate (0.092375ms)
  ✔ runs every root mutation through the scan-shared maintenance gate (0.167083ms)
  ✔ preserves root continuity validation errors through service mutation gates (0.082583ms)
  ✔ serializes library and config lifecycle mutations with resource writes (0.188291ms)
  ✔ cannot archive through the service while an asynchronous resource write owns the gate (0.218708ms)
✔ media-library service (2.340459ms)
▶ mediaProtocol
  ✔ forwards a finite variant and rejects invalid size without reading (18.657167ms)
  ✔ returns 413 for oversized images with an empty HEAD body (1.266458ms)
  ✔ awaits the image reader and forwards cancellation while serving GET and HEAD (0.356375ms)
  ✔ skips reads for preflight and forbidden paths, and distinguishes busy from missing (0.437959ms)
  ✔ resolves media URLs under the asset root (0.065292ms)
  ✔ rejects path traversal outside the asset root (0.028791ms)
✔ mediaProtocol (21.327167ms)
▶ organizationDeletionService
  ✔ removes only the selected role and recalculates its linked videos at execution time (426.158875ms)
  ✔ rejects removing the final role and leaves all relations unchanged (383.38225ms)
  ✔ blocks role removal and full deletion when they would rewrite a pending video (502.928333ms)
  ✔ fully deletes an organization and detaches every supported relation after a fresh preview (522.693709ms)
  ✔ rejects full deletion when owned series names conflict in the unowned scope (366.32775ms)
  ✔ rolls back full deletion relations and skips image cleanup when deletion fails (334.993375ms)
  ✔ commits full deletion while reporting post-commit image cleanup failures (302.711167ms)
✔ organizationDeletionService (2839.886ms)
▶ organizationMergeService
  ✔ merges cross-role records and transfers role-specific videos, children, and series (502.36425ms)
  ✔ adopts the source brand image only when the target has none (408.873625ms)
  ✔ preflights publisher transfer business identity collisions before writing (504.439708ms)
  ✔ blocks a merge that would rewrite a pending video relation (421.051959ms)
  ✔ rejects a series name collision in the target scope without changing any relation (432.25225ms)
  ✔ rejects merging an ancestor into a deep descendant (298.0995ms)
  ✔ collapses a direct source-to-target hierarchy and transfers source siblings (321.88475ms)
  ✔ rolls back the profile and every relation when the transaction fails (400.420083ms)
  ✔ commits the merge and reports a brand image cleanup failure (407.092833ms)
  ✔ rejects using the same organization as target and source (286.299875ms)
✔ organizationMergeService (3983.774625ms)
▶ pending resource identity service
  ✔ uses the persisted choice, assigns the resource atomically, and applies only a matching current NFO (453.455958ms)
  ✔ completes resource ownership but does not apply metadata when the current NFO no longer matches (432.589792ms)
  ✔ finishes resource ownership when the current NFO cannot be inspected safely (501.918167ms)
  ✔ keeps the identity pending and creates no formal record when the source fingerprint is stale (413.875583ms)
  ✔ rechecks a STRM target snapshot and leaves the conflict intact when it changes (386.050375ms)
✔ pending resource identity service (2188.464375ms)
▶ PlayerService
  ✔ opens and reveals a local resource through system file operations (1.11325ms)
  ✔ opens a STRM target externally but reveals its local source file (0.111958ms)
  ✔ opens the primary direct resource with the system URL handler (0.092875ms)
  ✔ reports a system open failure and does not try another resource (0.137792ms)
  ✔ hands Magnet resources to the registered system protocol handler (0.062958ms)
  ✔ rejects every playback and reveal entry point before reading an archived or missing library (0.069833ms)
  ✔ opens and reveals only resources that belong to the selected library (5.398583ms)
✔ PlayerService (7.432334ms)
▶ playlist import browser navigation guard
  ✔ requires DOM-backed terminal reasons to carry a selector and pass host verification (2.178042ms)
  ✔ accepts known-total terminal evidence only when the checkpoint declares a total (0.126917ms)
  ✔ accepts a virtual first window only after a settled host-owned reset to the top (0.090167ms)
  ✔ revalidates terminal or link evidence in the final dynamic window before sealing (0.103792ms)
  ✔ alternates virtual scrolling with frozen load-more actions before sealing (0.063083ms)
  ✔ defers bottom-only advance validation until a virtual page reaches its terminal view (0.062291ms)
  ✔ waits for a quiet window after every asynchronous load-more change (0.065125ms)
  ✔ restarts the quiet window when a temporary dynamic expansion rolls back (0.038625ms)
  ✔ classifies foreground retry failures without treating them as restart recovery (0.239334ms)
✔ playlist import browser navigation guard (3.816958ms)
▶ playlist importer browser guidance
  ✔ prefers structured reads while leaving page semantics and interaction to the agent (0.43325ms)
  ✔ hands page semantics to the agent and prioritizes user-only blockers (0.136083ms)
  ✔ extracts a first-page playlist name only from reliable page evidence (0.2765ms)
  ✔ requires every newly opened static page to be inspected and checkpointed before advancing again (0.144958ms)
  ✔ distinguishes checkpoint evidence from status artifacts and explains terminal selectors (0.14775ms)
✔ playlist importer browser guidance (1.641542ms)
▶ PlaylistImportModule interface
  ✔ returns an initial browser handoff projected during the first agent dispatch (7.272791ms)
  ✔ persists the import job before the run driver can project bootstrap observations (3.890583ms)
  ✔ returns immediately after accepting one run and replays the same start idempotently (4.255667ms)
  ✔ allows only one foreground import session at a time (5.659375ms)
  ✔ rejects invalid start targets before creating an Agent run (3.458042ms)
  ✔ includes write options in the idempotent frozen input (3.45875ms)
  ✔ rejects one idempotency key reused for different frozen input (3.547125ms)
  ✔ cancels pre-apply work without creating an empty playlist (4.535417ms)
  ✔ preserves a retryable recovery failure when apply invalidates after identity review (7.987875ms)
  ✔ retries a recoverable apply error after the target library becomes active again (5.563625ms)
  ✔ dispatches a same-session retry for a retryable discovery checkpoint (4.261291ms)
  ✔ clears a missing page checkpoint before dispatching a same-session retry (3.705792ms)
  ✔ coalesces concurrent retries with the same idempotency key before recovery side effects (3.972375ms)
  ✔ keeps discovery retry state in the foreground session instead of the durable product journal (3.861458ms)
  ✔ applies a foreground retry atomically without reserving a durable retry result (5.056625ms)
  ✔ discards a browser session when driver creation fails before persistence (3.105666ms)
✔ PlaylistImportModule interface (74.281583ms)
▶ PlaylistImportRepository
  ✔ keeps all import staging in the current SQLite connection only (5.988416ms)
  ✔ rejects credential-bearing source and detail URLs before staging them (0.595958ms)
  ✔ removes sensitive detail URL credentials and requires explicit user identity handling (6.058792ms)
  ✔ accepts a checkpoint after a source redirects between www and apex host variants (4.529417ms)
  ✔ fails an empty external list without creating an empty playlist (3.475416ms)
  ✔ fails discovery when the frozen run exceeds its wall-clock safety budget (3.668125ms)
  ✔ checkpoints every page before atomically creating/reusing videos and a new playlist (5.315208ms)
  ✔ assigns stable unique page order when numbered pagination rediscoveries overlap (4.189292ms)
  ✔ fails self-referential and A-to-B-to-A static pagination as PAGINATION_LOOP (4.822958ms)
  ✔ keeps legal duplicate pages when their concrete pagination frontiers differ (4.605917ms)
  ✔ fails a sealed dynamic page whose next URL only loops to an existing frontier (4.170167ms)
  ✔ keeps a declared page-total mismatch retryable and accepts a corrected checkpoint (5.80775ms)
  ✔ rejects a conflicting nonterminal page before sealing it and completes after correction (5.349416ms)
  ✔ restarts from the source when only the terminal page proves earlier totals wrong (8.55675ms)
  ✔ uses the first-page Agent suggestion when the user leaves the new playlist name empty (4.114667ms)
  ✔ keeps existing playlist links and deduplicates the source playlist URL when enabled (3.96425ms)
  ✔ falls back to the existing host-and-date name when the Agent returns no name (3.995666ms)
  ✔ does not let an Agent suggestion rename an append target (4.007ms)
  ✔ skips unmatched items and omits detail links when both write options are disabled (4.116709ms)
  ✔ reuses a unique code match created after an auto-create-disabled preview (4.421125ms)
  ✔ persists target-library and target-playlist failures instead of leaving apply retry loops (6.176708ms)
  ✔ counts external convergence separately from videos already present before apply (5.095666ms)
  ✔ keeps multiple global code matches in the detail phase even when one is in the target library (3.794084ms)
  ✔ reuses a unique exact code discovered only on the detail page (4.423959ms)
  ✔ sends conflicting list and detail codes to user review without discarding list candidates (4.972834ms)
  ✔ rejects a stale direct-code decision when a duplicate appears before apply (4.164834ms)
  ✔ reopens identity resolution when another video claims the detail URL before apply (5.70275ms)
  ✔ returns target-library tiebreaks to identity review when memberships become stale (4.608ms)
  ✔ persists an unexpected transactional apply failure and retries it atomically (4.654042ms)
  ✔ lets a unique strong detail match override the target library preference (4.659958ms)
  ✔ uses a canonical www detail link as a strong owner signal without duplicating it (4.259167ms)
  ✔ requires user review when independent strong detail signals conflict (5.001292ms)
  ✔ keeps a source owner outside the code candidates and blocks target-library tiebreaking (4.510375ms)
  ✔ invalidates the preview when a new source owner appears before apply (5.351083ms)
  ✔ treats source external-code and source-URL evidence as independent signals (5.607459ms)
  ✔ does not use the target library when complete business identity contradicts known candidates (4.593667ms)
  ✔ waits for the user when detail signals leave multiple cross-library candidates (5.152708ms)
  ✔ replays an identical page checkpoint and makes changed content recoverable (4.45625ms)
  ✔ makes a changed replay of a dynamic operation recoverable without duplicating the batch (5.476542ms)
  ✔ rolls a changed sealed dynamic page back with downstream frontiers and orphan items (85.04675ms)
  ✔ rejects a playlist name submitted after the first logical page (4.09275ms)
  ✔ persists and resumes a browser handoff without losing the current list frontier (4.115666ms)
  ✔ fails an expired browser handoff before persisting a resume checkpoint (3.872791ms)
  ✔ checkpoints overlapping virtual windows before sealing a continuous list (5.390083ms)
  ✔ persists host-owned load-more batches and seals only after the control disappears (5.162958ms)
  ✔ persists load-more no-progress and fails instead of retrying the same action (4.265333ms)
  ✔ fails the run instead of truncating a source that declares totals above the safety budget (3.771875ms)
  ✔ fails and rolls back a dynamic window above the per-batch candidate budget (5.189125ms)
✔ PlaylistImportRepository (306.455958ms)
▶ PlaylistImportAgentRunDriver scripted browser integration
  ✔ dispatches the conversation before the agent opens the frozen source page (7.186667ms)
  ✔ hands an initial challenge to the user through the agent browser tool (4.223917ms)
  ✔ requires the domain advance tool to claim a pending page before checkpointing it (8.161334ms)
  ✔ lets the agent choose how to return to frozen work after a handoff (4.389375ms)
  ✔ lets the agent hand a login page to the user immediately (3.672ms)
  ✔ pauses for human verification when host-owned detail navigation hits a challenge (5.608042ms)
  ✔ replays a committed static page checkpoint after its response is lost (5.225334ms)
  ✔ replays a committed detail checkpoint after its response is lost (6.623375ms)
  ✔ restarts the changed dynamic page from its inbound frontier on product retry (5.849917ms)
  ✔ restarts a dynamic page with corrected declared totals after one product retry (8.849625ms)
  ✔ records an evidence-backed unsupported pagination report as an explicit terminal error (4.1935ms)
  ✔ requires a page checkpoint before advancing away from the current list page (4.455958ms)
  ✔ keeps a missing page checkpoint agent-correctable instead of locking the tool host (4.779375ms)
  ✔ does not expose status artifacts as eligible page-checkpoint evidence (3.151625ms)
  ✔ inspects an automatic login redirect but still rejects a checkpoint from it (3.762625ms)
  ✔ checkpoints a finite recycled virtual list without gaps and binds evidence to every view (6.479583ms)
  ✔ normalizes a one-based stable position attribute into a continuous virtual list (6.315ms)
  ✔ backtracks to the last anchor and halves the step when variable heights skip a window (7.29675ms)
  ✔ combines virtual scrolling with host-owned load-more and checkpoints the expanded window (1006.448458ms)
  ✔ retries a stalled virtual window once, then fails when it still cannot progress (4.767959ms)
✔ PlaylistImportAgentRunDriver scripted browser integration (1112.147959ms)
▶ playlistImportRecoverableToolFailure
  ✔ keeps only same-session timeout and changed-source failures retryable (0.139125ms)
✔ playlistImportRecoverableToolFailure (0.16875ms)
▶ PlaylistImporter ToolPack
  ✔ exposes static-page, virtual-window and detail checkpoints through one least-privilege pack (0.809208ms)
  ✔ lets the agent inspect and operate the same-site browser (0.250125ms)
  ✔ binds every declaration to a production handler (0.080125ms)
  ✔ accepts one optional page-evidenced name on the page checkpoint (0.063917ms)
  ✔ requires a mechanically verifiable terminal contract (0.055625ms)
  ✔ describes static pagination as navigation followed by a new page checkpoint (0.070333ms)
  ✔ makes checkpoint evidence eligibility and terminal selector semantics explicit (0.217ms)
✔ PlaylistImporter ToolPack (1.944542ms)
▶ playlistService media asset seam
  ✔ creates a playlist cover through MediaAssetStore and cleans it on delete (499.820167ms)
  ✔ deletes the previous cover only after a successful cover replacement (479.779875ms)
✔ playlistService media asset seam (980.026875ms)
▶ PluginBrowserCapabilityModule
  ✔ uses action-specific result budgets (0.470375ms)
  ✔ inlines complete small page-fact sections instead of keeping an oversized snapshot (32.710417ms)
  ✔ omits an oversized page-fact section as a whole and never returns a prefix (24.880125ms)
  ✔ returns an omitted artifact section through bounded cursor pages (82.810583ms)
  ✔ keeps every omitted delta section readable from the same artifact (51.924667ms)
  ✔ returns valid artifact sections and a catalog recovery action for an unknown section (21.900625ms)
  ✔ rejects read-section paths outside the browser artifact directory (7.863583ms)
  ✔ keeps a small localeLinks section when snapshot and content links are omitted (31.255875ms)
  ✔ hides oversized artifact string segments behind read-section pagination (46.905084ms)
  ✔ returns every captured page-fact item when the complete observation fits (24.870041ms)
  ✔ keeps the hard transport limit even when the page has unusually many fact sections (440.183667ms)
  ✔ marks evidence incomplete only when the complete page evidence was actually capped (18.2095ms)
  ✔ returns occurrence-aware ARIA and top-level page-fact deltas for one document (33.607333ms)
  ✔ treats a scroll view revision as a full observation and invalidates prior refs (26.88775ms)
  ✔ records a newly appeared pageFacts section after fill without throwing (23.191666ms)
  ✔ falls back explicitly to the artifact when a complete delta exceeds its budget (45.963375ms)
  ✔ isolates baselines by session and resets them when a lease is released (32.475041ms)
  ✔ unwraps evaluate values that were unnecessarily JSON-stringified (22.983875ms)
  ✔ keeps a successful action pending result successful and compact (18.601333ms)
  ✔ redacts typed text from the stored artifact (24.747083ms)
✔ PluginBrowserCapabilityModule (1013.305125ms)
▶ PluginDeveloper approval and lifecycle stability
  ✔ restores a legacy run with newly-invalid field ids as a repairable workspace (138.181542ms)
  ✔ clears every durable plugin-development history without touching other Agent use cases (45.642125ms)
  ✔ refuses to clear history while a plugin-development operation is running (0.56325ms)
  ✔ discards unrecoverable plugin-development history without touching recoverable runs (83.252291ms)
  ✔ waits for a slow terminal release before an immediate continuation reopens the run (1.420125ms)
  ✔ materializes a terminal workspace before lazy continuation projects native file tools (132.542792ms)
  ✔ projects Pi native file tools into the durable product timeline (103.846791ms)
  ✔ records exactly one domain error when a runtime fault transitions the run to failed (0.286292ms)
  ✔ surfaces an unpersistable runtime fault and resolves the active operation (0.202125ms)
  ✔ publishes the reduced active context immediately after Pi compaction (0.222625ms)
  ✔ keeps a transient invalid workspace recoverable and resyncs after a valid rewrite (139.283167ms)
  ✔ streams provider reasoning and answer while persisting each only once per completed turn (71.216583ms)
  ✔ bounds one displayed reasoning block and reports the original character count (2.063458ms)
  ✔ revokes an approved permit when Pi rejects the approval continuation (0.2505ms)
  ✔ does not consume an approval while the operation that emitted waiting_user is still settling (0.095791ms)
  ✔ binds a typed choice to the exact request without treating it as user feedback (456.359875ms)
  ✔ resumes a typed browser interaction without turning completion into defect feedback (0.15275ms)
  ✔ keeps a mechanically ready artifact waiting for user after Pi settles (106.845875ms)
  ✔ requires real feedback before continuing a mechanically ready artifact (140.788875ms)
  ✔ keeps readiness for dev-notes edits but invalidates it for package edits (171.226875ms)
  ✔ does not run hidden production execution when Pi settles without a current artifact (133.055917ms)
  ✔ projects a model-turn limit into waiting_user/working without running a hidden check (120.802917ms)
  ✔ allows installation only for the exact full production execution artifact (0.646208ms)
  ✔ marks the session completed only after the accepted artifact is installed (0.349667ms)
  ✔ adopts the installed display name when install renames to avoid a conflict (135.932625ms)
  ✔ persists the renamed installed package onto settled product state (122.888584ms)
  ✔ releases only PluginDeveloper-owned runs during application disposal (0.277708ms)
✔ PluginDeveloper approval and lifecycle stability (2109.537208ms)
✔ uses the indexed journal cursor for active and persisted plugin snapshots (0.389708ms)
✔ preserves incremental logs across stale-runtime cancellation, cold snapshot, restore and export (1389.060792ms)
✔ keeps the migrated work log reference when runtime reopen fails during recovery (360.902166ms)
✔ retries closed workspaces with intact or corrupted state without rewriting diagnostic data (377.270833ms)
✔ serializes cleanup admission and drains safely: {"initial":"clear","fail":false,"dispose":true} (364.8515ms)
✔ serializes cleanup admission and drains safely: {"initial":"discard","fail":true,"dispose":true} (433.975667ms)
✔ serializes cleanup admission and drains safely: {"initial":"clear","fail":true,"dispose":false} (523.874292ms)
▶ PluginExecutionModule
  ✔ passes only the typed actress runtime identity and preserves production facts (16.383875ms)
  ✔ records rejected production results without adding semantic issue classifications (10.335375ms)
  ✔ does not accept undefined or runtime-only output as a material production result (16.78625ms)
  ✔ does not accept a video source link without any material scraped field (19.471625ms)
  ✔ treats a full empty contract return as unmatched targets, not a broken shape (0.146042ms)
✔ PluginExecutionModule (63.605625ms)
▶ PluginRunAcceptanceModule
  ✔ accepts an exact full production artifact without judging content or manifest coverage (1.637291ms)
  ✔ keeps readiness when only the plugin display name changes (0.166958ms)
  ✔ rejects targeted, stale package, stale target, stale runtime, and failed execution artifacts (0.33225ms)
  ✔ never accepts a vacuous full execution with no session targets or cases (0.116083ms)
  ✔ treats a successful proper-subset run as wrong_scope, not execution_failed (0.073459ms)
  ✔ keeps execution_failed when a targeted subset itself failed (0.08875ms)
✔ PluginRunAcceptanceModule (3.042291ms)
▶ PluginWorkspaceModule
  ✔ starts create mode without a requested or predeclared field set (1.365792ms)
  ✔ materializes a Pi-native file workspace and rebuilds a normalized package (106.71225ms)
  ✔ treats workspace files as authoritative and changes the artifact hash after an edit (100.991583ms)
  ✔ keeps Pi dev notes outside the plugin artifact and preserves them across instruction refreshes (157.072583ms)
  ✔ atomically records completed execution facts and the current acceptance projection (146.058041ms)
  ✔ updates current acceptance without overwriting the latest execution facts (149.616708ms)
  ✔ does not reinterpret a removed workspace field declaration as all fields (103.910375ms)
  ✔ refreshes v4 host resources without overwriting the draft or decisions (211.009667ms)
  ✔ preserves same-kind legacy targets only when current input has none (239.266208ms)
  ✔ keeps current instruction resources frozen when the workspace is reopened (127.634791ms)
  ✔ preserves an older frozen instruction set while restoring an existing run (134.076875ms)
✔ PluginWorkspaceModule (1478.489917ms)
✔ awaits asynchronous removal without recursively deleting through the synchronous API (23.6755ms)
▶ PluginDevInstructionModule
  ✔ keeps the system prompt limited to identity, workspace and host boundaries (0.509666ms)
  ✔ makes javdex-plugin-dev the only owner of the development workflow (3.100166ms)
  ✔ orders page-level search and detail code checkpoints for video and actress skills (0.558792ms)
  ✔ generates isolated result contracts and workflow examples for each plugin kind (0.420875ms)
  ✔ marks field documentation as a query table rather than an implementation checklist (0.1025ms)
  ✔ preserves a resolved choice and reassesses the remaining blocker (0.069875ms)
  ✔ resumes a completed browser handoff from the interrupted location (0.040417ms)
  ✔ uses the host initial dry-run in debug mode without requesting a duplicate run (0.118167ms)
  ✔ starts create from the Skill instead of a five-file reading ritual (0.120708ms)
  ✔ generates stable v1 resources for identical inputs (0.440625ms)
  ✔ applies user feedback without manufacturing an extra development round (0.126875ms)
  ✔ treats the resume button as continuation rather than new defect feedback (0.055875ms)
  ✔ exposes only dry-run, typed user input and the browser adapter tools (0.191167ms)
✔ PluginDevInstructionModule (6.419042ms)
▶ PluginDeveloper v1 tool executor
  ✔ rejects removed domain tools (109.45525ms)
  ✔ rejects URL-shaped targets without replacing the initial dry-run state (120.56775ms)
  ✔ preserves the prior latest facts while the workspace is temporarily invalid (164.585875ms)
  ✔ adopts the first legal explicit targets immediately and exposes runtime facts (171.322917ms)
  ✔ emits adopted targets before the production runner settles (153.683125ms)
  ✔ replaces session targets after a full unmatched execution (171.072583ms)
  ✔ keeps later explicit targets targeted when the last full run was not an empty miss (115.041041ms)
  ✔ uses later explicit targets only for targeted diagnostics (138.414709ms)
  ✔ treats explicit targets that cover the session set as a full run (125.015542ms)
  ✔ allows the fourth and tenth real executions without an attempt limit (204.30475ms)
  ✔ reads an artifact section without acquiring the live browser lease (123.8545ms)
  ✔ maps bounded scroll arguments to the shared browser command (153.7625ms)
  ✔ terminates on browser busy without replacing the initial dry-run state (108.461625ms)
  ✔ does not replace the initial dry-run state when Cloudflare interrupts the run (138.922916ms)
  ✔ preserves the prior latest facts when a real execution is cancelled (133.589083ms)
✔ PluginDeveloper v1 tool executor (2132.933ms)
▶ plugin developer Cloudflare handoff
  ✔ retains the browser only for browser interaction handoff requests (0.343708ms)
  ✔ recognizes the typed browser challenge signal (0.068708ms)
  ✔ turns browser action=open challenge into an immediate waiting_user handoff (129.892209ms)
  ✔ presents the helper and creates a typed login handoff without running a Playwright action (123.632042ms)
  ✔ returns typed recovery errors for uncertain actions and pending explicit observations (117.1125ms)
✔ plugin developer Cloudflare handoff (371.565042ms)
▶ PluginDeveloper ToolPack v1
  ✔ matches the compact Pi-native schema in stable order (0.79125ms)
  ✔ classifies dry-run, browser reads/interactions and secret typing explicitly (0.116375ms)
  ✔ governs every remaining host capability through permission, abort and ledger (7.813583ms)
✔ PluginDeveloper ToolPack v1 (9.329542ms)
▶ pluginDevAgent workLog
  ✔ records full tool detail and builds an exportable timeline (11.575584ms)
  ✔ never exports a failed terminal state without an error event (0.198125ms)
✔ pluginDevAgent workLog (12.107833ms)
✔ migrates a legacy log once, preserves message/event order, and reads only its committed journal interval (15.881584ms)
✔ rolls back journal appends when product state commit fails and retries without duplicates (1.152833ms)
✔ rejects changed legacy prefixes, shrinking histories, missing rows and malformed references without rewriting data (0.649334ms)
✔ keeps logical state+journal writes linear for 1k, 10k and 100k log entries (4952.5825ms)
ℹ {"results":[{"entries":1000,"stateBytes":110786,"journalBytes":131780},{"entries":10000,"stateBytes":1127788,"journalBytes":1337780},{"entries":100000,"stateBytes":11477790,"journalBytes":13577780}],"scope":"In-memory SQLite logical JSON bytes; outer transaction amortizes test setup. Not WAL/device bytes, fsync latency, UI or cold recovery memory acceptance."}
▶ pluginDevCodeEdit
  ✔ replace_snippet swaps a unique fragment (0.854875ms)
  ✔ replace_snippet rejects non-unique oldText (0.13875ms)
  ✔ replace_snippet picks match nearest nearLine (0.241709ms)
  ✔ replace_function can replace a top-level helper (0.333333ms)
  ✔ replace_function rejects re-declaring helper inside parseActress block (0.180625ms)
  ✔ listTopLevelFunctions returns names with line ranges (0.747333ms)
  ✔ findDuplicateTopLevelBindings detects duplicate function names (0.056084ms)
✔ pluginDevCodeEdit (3.014333ms)
▶ pluginDevPageFormat
  ✔ formats definition lists and dom regions for prompts (0.454291ms)
  ✔ formats inspect locale anchors without treating them as a language API (0.06725ms)
  ✔ includes link region markers (0.102583ms)
  ✔ builds full page insight prompt (0.250542ms)
  ✔ keeps forms and prioritized links when raw DOM regions are very large (0.440959ms)
✔ pluginDevPageFormat (1.808042ms)
▶ pluginDevService
  ✔ preserves an explicit empty supportedFields list for an undiscovered create draft (5.798833ms)
  ✔ rejects parse result keys used as supportedFields instead of silently dropping them (5.408125ms)
  ✔ wraps generated bare parseVideo functions before dry-run (67.057584ms)
  ✔ reports unrecognized raw result keys before normalization without suggestions (61.085125ms)
  ✔ preserves every normalized video candidate during dry-run (59.653416ms)
  ✔ rejects a video result whose code does not match the requested target (64.850458ms)
  ✔ wraps generated bare parseActress functions before dry-run (63.1135ms)
  ✔ reports legal manifest field ids even when the compatibility projection accepts an empty declaration (66.94425ms)
  ✔ coerces actress numeric and date strings during dry-run (69.0005ms)
  ✔ returns actress identity facts without adding a semantic target rejection (64.784083ms)
✔ pluginDevService (528.680625ms)
✔ coalesces a large burst and flushes the final value without leaking a timer (3.566542ms)
✔ limits continuous progress to ten updates per second plus the final flush (0.486208ms)
✔ replaces pending progress with an immediate state and can publish the next state (0.132708ms)
✔ normalizeProxyUrl accepts common proxy schemes (0.412417ms)
✔ normalizeProxyUrl rejects empty and invalid values (0.169417ms)
▶ public HTTP fetch
  ✔ rejects private literals and hostnames resolving to private addresses (3.042959ms)
  ✔ connects to the validated address while preserving the logical host (21.382584ms)
  ✔ validates redirect destinations and caps streamed response bytes (0.790834ms)
  ✔ applies one timeout budget to URL validation and the request (31.565917ms)
  ✔ closes a pending SOCKS connection when the request deadline expires (63.239083ms)
✔ public HTTP fetch (120.674333ms)
▶ resourceLessVideoCleanupService
  ✔ deletes only zero-resource videos and removes their relations and owned images (407.381875ms)
  ✔ protects zero-resource videos while any playlist still references them (301.598875ms)
  ✔ counts and cleans assets only after the final guarded delete succeeds (321.748083ms)
✔ resourceLessVideoCleanupService (1031.222625ms)
✔ reuses one index and releases it before changes, revision failures and disposal (0.829916ms)
✔ expires an idle index, resets the deadline on use and cancels expiry on disposal (0.363375ms)
✔ pages every section with stable ordinal, filtered totals and independent results (315.123917ms)
✔ holds an immutable copied snapshot across writer changes and leaves main schema/data unchanged (309.543125ms)
✔ rejects source/index/page budget overflows without truncation and can rebuild after failure (251.919208ms)
✔ rejects wrong scope, mismatched versions/identity, malformed collections and non-object entries (441.977959ms)
✔ copies all collections from one read snapshot when the writer commits during construction (301.701083ms)
▶ ScrapeJobController
  ✔ flushes and detaches UI progress on rejection before accepting another batch (4.975208ms)
  ✔ coalesces video UI progress while preserving checkpoints and done delivery (22.9435ms)
  ✔ coalesces video UI progress while preserving checkpoints and paused delivery (18.050416ms)
  ✔ coalesces video UI progress while preserving checkpoints and cancelled delivery (19.598375ms)
  ✔ coalesces actress UI progress while preserving checkpoints and done delivery (15.892291ms)
  ✔ coalesces actress UI progress while preserving checkpoints and paused delivery (18.57225ms)
  ✔ coalesces actress UI progress while preserving checkpoints and cancelled delivery (15.045375ms)
  ✔ preserves media-library scope through batch count and start orchestration (0.365458ms)
  ✔ rejects a single-video scrape outside the requesting active media library (0.358166ms)
  ✔ forwards an explicit director choice and returns structured classification outcomes (0.148042ms)
  ✔ serializes single video and actress scrape runs (0.185834ms)
  ✔ pauses an interrupted persisted job during initialization (0.162375ms)
  ✔ recovers an on-disk running checkpoint as paused after restart (87.315417ms)
  ✔ publishes progress and supports pause, resume, and discard for persisted batches (0.780541ms)
  ✔ prevents starting a scrape batch while automatic crop owns the batch lock (0.111125ms)
✔ ScrapeJobController (205.455666ms)
▶ ScraperDelayController
  ✔ starts the next same-site interval after the previous access finishes (25.766209ms)
✔ ScraperDelayController (26.14025ms)
▶ ScraperPluginCatalog
  ✔ restores the configured default after deleting a selected plugin (0.893041ms)
✔ ScraperPluginCatalog (1.325ms)
▶ ScraperServiceConfiguration
  ✔ keeps scraper service IPC policy behind one application boundary (1.176709ms)
✔ ScraperServiceConfiguration (1.528083ms)
▶ SequentialBatchQueue
  ✔ counts success, pending, and failure as disjoint processed outcomes (1.340208ms)
  ✔ pauses after the current target and resumes from checkpoint (0.226459ms)
✔ SequentialBatchQueue (1.925167ms)
▶ seriesMergeService
  ✔ merges an explicit source into the target and transfers videos and direct children (409.041209ms)
  ✔ adopts the source cover only when the target has no formal cover (299.623375ms)
  ✔ rejects a merged name collision in the final owner scope without changing relations (378.850291ms)
  ✔ rejects a merge that would move an ancestor branch below its descendant (416.090167ms)
  ✔ collapses a direct source-to-target hierarchy without making the target its own parent (541.039375ms)
  ✔ rolls back profile, video, and child changes when the database transaction fails (390.776958ms)
  ✔ commits the merge and reports an obsolete source cover cleanup failure (358.623334ms)
  ✔ rejects using the same series as target and source (426.046875ms)
✔ seriesMergeService (3221.285ms)
✔ reuses canonical query pages, isolates caller mutations, and invalidates local and external writes (382.247958ms)
✔ bypasses cached pages inside transactions and never publishes data that is rolled back (314.059ms)
✔ evicts least recently used pages and validates raw search before cache lookup (402.171458ms)
✔ evicts by serialized byte budget before eight large pages accumulate (519.128083ms)
✔ observes an external commit during a read and refreshes on the next call (498.7405ms)
✔ does not cache a failed read and allows the same query to retry (403.886792ms)
✔ separates connections even when their revision counters match (818.338625ms)
✔ binds a separate cache and repository to a readonly connection, without using the writer getter (254.835167ms)
▶ videoBatchScrapeQueue feedback
  ✔ identifies scoped and global target sets in batch status text (0.361208ms)
  ✔ preserves and revalidates the original library scope when resuming a checkpoint (1.177666ms)
  ✔ revalidates every frozen scoped target immediately before scraping (0.273917ms)
  ✔ formats success, skip, and partial-warning outcomes distinctly (0.305792ms)
  ✔ counts a persisted multi-candidate result as pending instead of success or failure (0.125ms)
✔ videoBatchScrapeQueue feedback (3.08125ms)
▶ video lifecycle service
  ✔ cleans app-owned and pending assets while never receiving source media paths (0.927209ms)
  ✔ retries cleanup safely when the repository replays an idempotent result (0.100625ms)
  ✔ deletes managed source files before committing the global video record (0.1005ms)
✔ video lifecycle service (1.685958ms)
Staged video file remains queued for deletion: /var/folders/h4/zxrt6zwx6dv1n16kwxzltqgh0000gn/T/javdex-video-maintenance-policy-dGXezj/media-root/IPX-535.mp4.javdex-delete-2ddc902f-d973-4192-bca7-51a6bf991d82 Error: file is busy
    at unlinkSync (/Users/nut/Project/JavdexLabs/Javdex/src/main/services/videoMaintenanceService.test.ts:1053:15)
    at finalizeStagedLocalFiles (/Users/nut/Project/JavdexLabs/Javdex/src/main/services/videoMaintenanceService.ts:389:9)
    at withStagedLocalFileDeletion (/Users/nut/Project/JavdexLabs/Javdex/src/main/services/videoMaintenanceService.ts:414:7)
    at <anonymous> (/Users/nut/Project/JavdexLabs/Javdex/src/main/services/videoMaintenanceService.ts:486:7)
    at <anonymous> (/Users/nut/Project/JavdexLabs/Javdex/src/main/services/mediaAssetStore.ts:506:24)
    at AsyncLocalStorage.run (node:internal/async_local_storage/async_context_frame:63:14)
    at MediaAssetStore.runCoordinatedChange (/Users/nut/Project/JavdexLabs/Javdex/src/main/services/mediaAssetStore.ts:504:31)
    at MediaAssetStore.coordinateDatabaseChange (/Users/nut/Project/JavdexLabs/Javdex/src/main/services/mediaAssetStore.ts:465:17)
    at MediaAssetStore.runInCoordinatedChange (/Users/nut/Project/JavdexLabs/Javdex/src/main/services/mediaAssetStore.ts:475:17)
    at removeResource (/Users/nut/Project/JavdexLabs/Javdex/src/main/services/videoMaintenanceService.ts:468:5)
Staged video file remains queued for deletion: /var/folders/h4/zxrt6zwx6dv1n16kwxzltqgh0000gn/T/javdex-video-maintenance-policy-CnsGdk/media-root/IPX-535.mp4.javdex-delete-4c74e2f0-4543-4325-af52-5a43f37ef1d8 Error: 只能操作身份有效的启用媒体库根目录内文件
    at rejectManagedRootFile (/Users/nut/Project/JavdexLabs/Javdex/src/main/services/mediaLibraryRootFileGuard.ts:32:9)
    at requireCurrentRootIdentity (/Users/nut/Project/JavdexLabs/Javdex/src/main/services/mediaLibraryRootFileGuard.ts:86:5)
    at assertRootFile (/Users/nut/Project/JavdexLabs/Javdex/src/main/services/mediaLibraryRootFileGuard.ts:98:27)
    at assertMediaLibraryRootDeletionTarget (/Users/nut/Project/JavdexLabs/Javdex/src/main/services/mediaLibraryRootFileGuard.ts:182:3)
    at assertDeletionAllowed (/Users/nut/Project/JavdexLabs/Javdex/src/main/services/videoMaintenanceService.ts:484:9)
    at finalizeStagedLocalFiles (/Users/nut/Project/JavdexLabs/Javdex/src/main/services/videoMaintenanceService.ts:388:9)
    at withStagedLocalFileDeletion (/Users/nut/Project/JavdexLabs/Javdex/src/main/services/videoMaintenanceService.ts:414:7)
    at <anonymous> (/Users/nut/Project/JavdexLabs/Javdex/src/main/services/videoMaintenanceService.ts:486:7)
    at <anonymous> (/Users/nut/Project/JavdexLabs/Javdex/src/main/services/mediaAssetStore.ts:506:24)
    at AsyncLocalStorage.run (node:internal/async_local_storage/async_context_frame:63:14)
Failed to recover pending local file deletion: /var/folders/h4/zxrt6zwx6dv1n16kwxzltqgh0000gn/T/javdex-video-maintenance-policy-ie33OD/offline-volume/movie.mp4.javdex-delete-interrupted Error: 暂存文件所在存储当前不可用
    at recoverPendingLocalFileDeletions (/Users/nut/Project/JavdexLabs/Javdex/src/main/services/pendingLocalFileDeletionService.ts:48:46)
    at TestContext.<anonymous> (/Users/nut/Project/JavdexLabs/Javdex/src/main/services/videoMaintenanceService.test.ts:1243:22)
    at Test.runInAsyncScope (node:async_hooks:227:14)
    at Test.run (node:internal/test_runner/test:1325:25)
    at Suite.processPendingSubtests (node:internal/test_runner/test:911:18)
    at Test.postRun (node:internal/test_runner/test:1465:19)
    at Test.run (node:internal/test_runner/test:1390:12)
    at async Suite.processPendingSubtests (node:internal/test_runner/test:911:7)
Failed to recover pending local file deletion: /var/folders/h4/zxrt6zwx6dv1n16kwxzltqgh0000gn/T/javdex-video-maintenance-policy-grpali/media-root/IPX-535.mp4.javdex-delete-before-rename Error: 原文件所在存储当前不可用
    at recoverPendingLocalFileDeletions (/Users/nut/Project/JavdexLabs/Javdex/src/main/services/pendingLocalFileDeletionService.ts:40:19)
    at TestContext.<anonymous> (/Users/nut/Project/JavdexLabs/Javdex/src/main/services/videoMaintenanceService.test.ts:1289:22)
    at Test.runInAsyncScope (node:async_hooks:227:14)
    at Test.run (node:internal/test_runner/test:1325:25)
    at Suite.processPendingSubtests (node:internal/test_runner/test:911:18)
    at Test.postRun (node:internal/test_runner/test:1465:19)
    at Test.run (node:internal/test_runner/test:1390:12)
    at async Suite.processPendingSubtests (node:internal/test_runner/test:911:7)
Failed to recover pending local file deletion: /var/folders/h4/zxrt6zwx6dv1n16kwxzltqgh0000gn/T/javdex-video-maintenance-policy-QKnPi8/media-root/missing.mp4.javdex-delete-missing Error: 暂存文件和原文件均不存在
    at recoverPendingLocalFileDeletions (/Users/nut/Project/JavdexLabs/Javdex/src/main/services/pendingLocalFileDeletionService.ts:40:19)
    at TestContext.<anonymous> (/Users/nut/Project/JavdexLabs/Javdex/src/main/services/videoMaintenanceService.test.ts:1321:22)
    at Test.runInAsyncScope (node:async_hooks:227:14)
    at Test.run (node:internal/test_runner/test:1325:25)
    at Suite.processPendingSubtests (node:internal/test_runner/test:911:18)
    at Test.postRun (node:internal/test_runner/test:1465:19)
    at Test.run (node:internal/test_runner/test:1390:12)
    at async Suite.processPendingSubtests (node:internal/test_runner/test:911:7)
▶ VideoMaintenanceService
  ✔ creates and reuses organization identities while editing video metadata (439.711625ms)
  ✔ rolls back video fields when organization assignment fails (433.441958ms)
  ✔ creates or appends HTTP resources without scraping and keeps one primary resource (561.212334ms)
  ✔ normalizes a manually entered code before attaching a resource (400.110875ms)
  ✔ attaches a normalized link to an existing legacy lowercase code (465.881459ms)
  ✔ reports the owning video when a normalized HTTP resource already exists (392.29425ms)
  ✔ imports Magnet and ED2K resources and deduplicates their protocol identities (335.890084ms)
  ✔ keeps STRM targets read-only while editing metadata and safely deletes the source file (388.074ms)
  ✔ restores a staged STRM source and rolls back removal when primary promotion fails (303.485291ms)
  ✔ refuses to remove an active-root STRM source after the root path is replaced (313.892667ms)
  ✔ edits metadata, status, rating, poster, and manual tags (301.139917ms)
  ✔ attaches the exact selected long-name tag, promotes scraped origin, and rejects deleted selections (310.101125ms)
  ✔ rolls back tag creation or origin promotion when updating the video fails (280.749125ms)
  ✔ imports and deletes a local sample in the temporary media directory (308.956833ms)
  ✔ switches the primary resource and deletes only the selected local resource (329.308292ms)
  ✔ restores a staged local file and rolls back resource removal when promotion fails (314.536ms)
  ✔ sets any resource as primary and promotes deterministic fallbacks after removal (430.030583ms)
  ✔ does not promote an inaccessible local resource over an available web link (360.728875ms)
  ✔ requires an explicit decision when manually removing the last resource (333.337ms)
  ✔ never turns last-resource removal into a global deletion (352.52275ms)
  ✔ rejects every resource mutation for missing or archived media libraries (295.310917ms)
  ✔ updates only the display label of a local resource (269.109834ms)
  ✔ removes a symbolic-link resource without deleting its target file (280.753416ms)
  ✔ refuses to remove a disabled-root resource after the root path is replaced (253.045208ms)
  ✔ rejects local source deletion for every non-active root state before staging (212.01225ms)
  ✔ rejects physical source deletion when the resource has no root ownership (254.121292ms)
  ✔ skips unmanaged source files when deleting a video globally (260.825375ms)
  ✔ corrects an imported code (242.860292ms)
  ✔ persists a committed cleanup task when resource-file deletion must be retried (295.744417ms)
  ✔ revalidates the root identity before unlinking an already staged source (320.051209ms)
  ✔ does not delete resource records when the file storage cannot be audited (297.215042ms)
  ✔ adopts an interrupted prepared task when resource removal is retried (283.046042ms)
  ✔ does not adopt a prepared resource-removal task when the original path was replaced (268.930167ms)
  ✔ restores an interrupted pre-commit file staging task (289.854792ms)
  ✔ keeps a cleanup task queued while its original storage is unavailable (273.227917ms)
  ✔ finishes cleanup after a storage remount changes its device id (295.735917ms)
  ✔ retains a pre-rename prepared task when another device occupies the original path (299.162042ms)
  ✔ retains prepared state and database records when both file paths are missing (276.791875ms)
  ✔ keeps the prepared task when storage disappears during resource-removal rollback (337.963625ms)
  ✔ clears scraped metadata and relations but keeps manual tags (298.283833ms)
  ✔ corrects to an already used code without implicitly merging videos (369.76775ms)
  ✔ explicitly merges same-code videos while preserving the chosen id and primary resource (366.078709ms)
  ✔ unions manual tags but keeps the retained scraped-tag field as a whole (373.83525ms)
  ✔ unions cast, playlists, sources, and ratings while preserving retained conflicts and scrape history (392.229458ms)
  ✔ merges cover, poster, and sample fields as whole sets and reclaims only unused media (410.834334ms)
  ✔ rejects a merge whose combined identity belongs to a third video (354.346917ms)
  ✔ rolls back an ordinary merge when deleting the source record fails (296.6645ms)
  ✔ rejects merging videos with different normalized codes (318.923917ms)
  ✔ uses the normal availability-aware promotion rule when neither merged video has a primary (387.331167ms)
  ✔ splits a non-primary resource into a metadata-empty pending-identity video (362.523166ms)
  ✔ blocks primary splitting and rolls back a failed non-primary split (326.9195ms)
  ✔ locks metadata while a video scrape result is pending but still allows resource splitting (303.794625ms)
  ✔ requires confirmation before correcting a pending video and clears staging atomically (270.08975ms)
  ✔ rolls back the whole edit when it would create a complete business identity conflict (293.278ms)
  ✔ stores related links on a video and returns them on detail (253.233334ms)
  ✔ rejects invalid related links and keeps the previous list (82.169125ms)
  ✔ keeps related links when clearing scraped metadata (77.675917ms)
  ✔ allows related-link edits while a video scrape result is pending (74.624875ms)
  ✔ unions related links on merge with the retained video first (74.728625ms)
  ✔ leaves related links on the original video when splitting a resource (65.980917ms)
✔ VideoMaintenanceService (18416.807959ms)
▶ VideoQueryService
  ✔ lists videos and reads their detail without mutating library state (387.460916ms)
  ✔ redacts external resource locators in detail projections until explicitly requested (516.172334ms)
  ✔ projects a STRM source path while keeping its complete target main-process only (474.313709ms)
✔ VideoQueryService (1378.382792ms)
▶ VideoResourceLinkService
  ✔ tests a direct link and returns Content-Length when available (0.808041ms)
  ✔ returns a non-throwing failure without echoing a sensitive query (0.132959ms)
  ✔ routes checks through the hardened public HEAD transport (0.075375ms)
✔ VideoResourceLinkService (1.361041ms)
▶ videoScrapeApplyService.resolveEffectiveScrapeFields
  ✔ fillEmpty keeps only empty scalar fields (670.4495ms)
  ✔ fillEmpty evaluates female and male cast independently (603.492ms)
  ✔ replaceIfPresent keeps all selected fields regardless of current values (577.066625ms)
  ✔ fillEmpty includes cast fields when video has no performers (471.955916ms)
✔ videoScrapeApplyService.resolveEffectiveScrapeFields (2323.435667ms)
▶ videoScrapeApplyService.planVideoScrapeResult update matrix
  ✔ title follows fillEmpty semantics for every current and scraped value state (460.723167ms)
  ✔ title follows replaceIfPresent semantics for every current and scraped value state (404.03775ms)
  ✔ title follows replace semantics for every current and scraped value state (402.967291ms)
  ✔ summary follows fillEmpty semantics for every current and scraped value state (401.939791ms)
  ✔ summary follows replaceIfPresent semantics for every current and scraped value state (336.949416ms)
  ✔ summary follows replace semantics for every current and scraped value state (437.72975ms)
  ✔ cover follows fillEmpty semantics for every current and scraped value state (425.266917ms)
  ✔ cover follows replaceIfPresent semantics for every current and scraped value state (456.927042ms)
  ✔ cover follows replace semantics for every current and scraped value state (487.734792ms)
  ✔ releaseDate follows fillEmpty semantics for every current and scraped value state (429.321542ms)
  ✔ releaseDate follows replaceIfPresent semantics for every current and scraped value state (421.702875ms)
  ✔ releaseDate follows replace semantics for every current and scraped value state (405.889709ms)
  ✔ maker follows fillEmpty semantics for every current and scraped value state (382.919542ms)
  ✔ maker follows replaceIfPresent semantics for every current and scraped value state (365.1655ms)
  ✔ maker follows replace semantics for every current and scraped value state (330.8675ms)
  ✔ publisher follows fillEmpty semantics for every current and scraped value state (353.7995ms)
  ✔ publisher follows replaceIfPresent semantics for every current and scraped value state (366.151167ms)
  ✔ publisher follows replace semantics for every current and scraped value state (378.820792ms)
  ✔ series follows fillEmpty semantics for every current and scraped value state (349.238ms)
  ✔ series follows replaceIfPresent semantics for every current and scraped value state (381.760459ms)
  ✔ series follows replace semantics for every current and scraped value state (362.896166ms)
  ✔ director follows fillEmpty semantics for every current and scraped value state (374.159042ms)
  ✔ director follows replaceIfPresent semantics for every current and scraped value state (390.826417ms)
  ✔ director follows replace semantics for every current and scraped value state (404.064583ms)
  ✔ duration follows fillEmpty semantics for every current and scraped value state (383.889708ms)
  ✔ duration follows replaceIfPresent semantics for every current and scraped value state (394.034792ms)
  ✔ duration follows replace semantics for every current and scraped value state (381.121167ms)
  ✔ actressesFemale follows fillEmpty semantics for every current and scraped value state (405.764875ms)
  ✔ actressesFemale follows replaceIfPresent semantics for every current and scraped value state (421.87425ms)
  ✔ actressesFemale follows replace semantics for every current and scraped value state (429.205ms)
  ✔ actressesMale follows fillEmpty semantics for every current and scraped value state (374.960333ms)
  ✔ actressesMale follows replaceIfPresent semantics for every current and scraped value state (366.205875ms)
  ✔ actressesMale follows replace semantics for every current and scraped value state (383.97875ms)
  ✔ tags follows fillEmpty semantics for every current and scraped value state (413.576583ms)
  ✔ tags follows replaceIfPresent semantics for every current and scraped value state (432.303583ms)
  ✔ tags follows replace semantics for every current and scraped value state (393.002792ms)
  ✔ source follows fillEmpty semantics for every current and scraped value state (334.820167ms)
  ✔ source follows replaceIfPresent semantics for every current and scraped value state (312.479959ms)
  ✔ source follows replace semantics for every current and scraped value state (225.096875ms)
  ✔ rating follows fillEmpty semantics for every current and scraped value state (104.579ms)
  ✔ rating follows replaceIfPresent semantics for every current and scraped value state (90.112875ms)
  ✔ rating follows replace semantics for every current and scraped value state (66.665083ms)
  ✔ samples follows fillEmpty semantics for every current and scraped value state (80.818ms)
  ✔ samples follows replaceIfPresent semantics for every current and scraped value state (55.31125ms)
  ✔ samples follows replace semantics for every current and scraped value state (62.01775ms)
✔ videoScrapeApplyService.planVideoScrapeResult update matrix (15625.54175ms)
▶ videoScrapeApplyService.applyScrapeResult
  ✔ builds a read-only plan before applying field changes (61.011208ms)
  ✔ applies scalar fields consistently across the three update modes (113.093125ms)
  ✔ does not record a successful scrape when no selected field can be written (114.954208ms)
  ✔ clears only the selected source site metadata in replace mode (134.979208ms)
  ✔ preserves existing cover and warns when a returned image is unavailable (111.979833ms)
  ✔ keeps the complete old sample set when any returned sample is unavailable (129.912375ms)
  ✔ replaces selected relation sets while preserving manual tags and the other cast gender (134.067875ms)
  ✔ keeps a committed scrape successful when post-commit library cleanup fails (123.745583ms)
  ✔ does not roll back scraped tags when orphan-tag cleanup fails after commit (121.777166ms)
  ✔ reuses the unique name owner for canonically equivalent scraped cast names (132.666417ms)
  ✔ does not create or link an actress for a migrated pending cast name (119.1115ms)
  ✔ replaceIfPresent updates existing scalars when scrape has values and keeps null scrape values (111.091ms)
  ✔ stores external stats under ratingSourceName when provided (102.2565ms)
  ✔ leaves downloaded cast avatars untouched for application-layer adoption (88.188125ms)
✔ videoScrapeApplyService.applyScrapeResult (1600.002583ms)
▶ videoScrapeApplyService classification entity resolution
  ✔ preserves entity update semantics across fillEmpty, replaceIfPresent, and replace (114.262459ms)
  ✔ matches main names, aliases, and normalized equivalents without overwriting profiles (119.03625ms)
  ✔ creates only basic entities, reuses one organization across roles, and leaves series unowned (77.680292ms)
  ✔ rolls back scalar writes and newly created entities when a classification assignment fails (116.85425ms)
  ✔ keeps the current director when its alias is one of multiple candidates without updating the video (107.397ms)
  ✔ pauses a single scrape for director choice and applies the selected candidate on retry (110.526ms)
  ✔ preserves an ambiguous director in batch mode while applying safe fields with an actionable warning (134.028833ms)
  ✔ reports an invalid classification name structurally while applying safe fields (135.874084ms)
  ✔ treats same-name series in different owner scopes as ambiguous and never infers an owner (167.893292ms)
✔ videoScrapeApplyService classification entity resolution (1084.287041ms)
▶ videoScrapeApplyService.resolveVideoBatchTargets
  ✔ keeps active media-library batch targets inside their membership scope (137.949917ms)
  ✔ returns no targets for an archived media-library scope while preserving global compatibility (131.869666ms)
  ✔ excludes videos that already have a pending scrape decision (119.943583ms)
  ✔ filters by videos missing any selected metadata field (128.304458ms)
  ✔ combines status and missing-field filters (109.298958ms)
  ✔ treats a stored cover path as present even when the file is unreadable (120.926583ms)
✔ videoScrapeApplyService.resolveVideoBatchTargets (748.939959ms)
▶ videoScrapeApplyService tags emptiness
  ✔ fillEmpty ignores manual tags when deciding whether tags are empty (123.987792ms)
✔ videoScrapeApplyService tags emptiness (124.158708ms)
▶ llmSecretStore
  ✔ persists encrypted values and reports a degraded Linux-style backend (16.649542ms)
  ✔ removes a provider secret without affecting the remaining entries (28.726833ms)
  ✔ does not treat an unreadable secret path as an empty store (9.971959ms)
✔ llmSecretStore (55.842917ms)
▶ scraperServiceSecretStore
  ✔ persists an encrypted MetaTube token without exposing plaintext (17.691875ms)
  ✔ clears the token and rejects unavailable encryption (27.796584ms)
✔ scraperServiceSecretStore (45.975459ms)
▶ settingsStore avatar composition defaults
  ✔ uses the relaxed face-centered composition for settings without legacy values (12.288125ms)
  ✔ keeps legacy presets and explicit user values during migration (19.899125ms)
✔ settingsStore avatar composition defaults (32.980334ms)
▶ settingsStore video card preferences
  ✔ keeps resource type badges disabled for new and existing users by default (15.945292ms)
  ✔ preserves an explicit resource type badge preference (21.085375ms)
  ✔ defaults video cards to portrait and preserves an explicit landscape preference (16.274625ms)
✔ settingsStore video card preferences (53.527208ms)
▶ settingsStore NFO export preferences
  ✔ uses safe defaults and normalizes remembered selections without persisting overwrite (22.205ms)
✔ settingsStore NFO export preferences (22.294375ms)
▶ settingsStore plugin developer model-turn budget
  ✔ retires the old implicit step limit instead of carrying 24 into the new setting (11.770792ms)
  ✔ defaults to unlimited and preserves an explicit zero limit (22.765125ms)
  ✔ persists a positive limit through the settings interface (14.00575ms)
  ✔ stops rewriting legacy model fields after schema v2 exists (18.214959ms)
  ✔ does not resurrect legacy model fields when the v2 document is unreadable (27.054667ms)
✔ settingsStore plugin developer model-turn budget (93.980375ms)
▶ settingsStore deferred library path cleanup
  ✔ normalizes unique non-empty roots and preserves them across cache resets (14.512583ms)
✔ settingsStore deferred library path cleanup (14.56325ms)
▶ settingsStore persistence
  ✔ does not update the cache when the settings file cannot be replaced (26.227584ms)
✔ settingsStore persistence (26.289209ms)
▶ settingsStore recovery
  ✔ backs up malformed JSON, writes defaults, and exposes one recovery notice (19.051208ms)
  ✔ does not replace a settings path that fails with an I/O error (10.949417ms)
✔ settingsStore recovery (30.095959ms)
▶ settingsStore LLM secret migration
  ✔ moves legacy API keys out of settings.json without exposing them publicly (45.98425ms)
  ✔ keeps the original plaintext file and blocks later writes when migration fails (13.942542ms)
✔ settingsStore LLM secret migration (60.035583ms)
▶ settingsStore scan cleanup defaults
  ✔ keeps automatic deletion disabled and has no summary for new and existing users (17.70725ms)
  ✔ preserves an explicit automatic deletion preference (12.792333ms)
  ✔ normalizes and sanitizes the persisted latest scan summary (8.232542ms)
  ✔ normalizes the retired unrecognized-file snapshot for migration (11.836833ms)
✔ settingsStore scan cleanup defaults (50.720958ms)
▶ settingsStore automatic scan defaults
  ✔ keeps automatic scans disabled and defaults to one hour (5.7175ms)
  ✔ accepts only supported automatic scan intervals (35.377208ms)
✔ settingsStore automatic scan defaults (41.220375ms)
▶ settingsStore retired actress scrapers
  ✔ rewrites the retired idol archive default to Xslist (18.101292ms)
  ✔ rewrites composite actress field mappings that pointed at the idol archive (16.326667ms)
✔ settingsStore retired actress scrapers (34.499125ms)
▶ settingsStore retired video scrapers
  ✔ rewrites the retired JAV8 default to JavDB (21.4405ms)
  ✔ rewrites JAV8 composite mappings and removes its delay (35.724917ms)
✔ settingsStore retired video scrapers (57.242917ms)
▶ settingsStore privacy mode
  ✔ defaults to disabled with every image scope selected (11.090042ms)
  ✔ keeps valid unique scopes and discards unknown values (14.871084ms)
  ✔ keeps samples and actress galleries independently selectable (16.395208ms)
  ✔ allows all privacy scopes to be cleared explicitly (15.527916ms)
✔ settingsStore privacy mode (58.031541ms)
▶ close-to-tray setting
  ✔ defaults off and persists an explicit choice across reloads (42.110083ms)
  ✔ does not enable tray hiding from malformed legacy values (20.889792ms)
✔ close-to-tray setting (63.070708ms)
▶ Web read-only catalog scope
  ✔ rechecks image authorization after async work when hidden changes (476.895041ms)
  ✔ rechecks image authorization after async work when archived changes (314.840084ms)
  ✔ rechecks image authorization after async work when cover changes (278.64225ms)
  ✔ rechecks image authorization after async work when cast changes (319.221292ms)
  ✔ rechecks image authorization after async work when sample changes (273.988ms)
  ✔ reads only the authorized image path before and after serving, without full details (275.705333ms)
  ✔ forwards thumbnail size through the real catalog while preserving original requests (197.01925ms)
  ✔ forwards the caller signal to the async Store and drops a cancelled result (243.701625ms)
  ✔ filters archived/hidden memberships for lists, details, images, and media (346.299417ms)
  ✔ describes local resources without exposing their directory (282.06075ms)
  ✔ uses the cover rather than the background for browse, detail and image requests (161.13175ms)
  ✔ queries with parameters, paginates stably and filters clear membership scopes (866.530209ms)
  ✔ uses stable desktop discovery and respects library home participation (792.592708ms)
  ✔ exposes cast display metadata and only serves avatars linked to visible videos (265.234333ms)
  ✔ downloads non-playable files and exposes only supported external links (299.167166ms)
  ✔ resolves only authorized files and refuses symlink escapes and disabled roots (338.096959ms)
✔ Web read-only catalog scope (5732.079417ms)
▶ Desktop-approved browser pairing
  ✔ requires an open window, a desktop decision and a separate secret, consumes only once (1.181625ms)
  ✔ expires requests, bounds polling, rejection, restart and approvals (0.17ms)
  ✔ bounds the total pending requests (0.211458ms)
✔ Desktop-approved browser pairing (1.91125ms)
▶ Remembered browser lifecycle
  ✔ persists only remembered hashes, retains authorization over restart and revokes individual devices (203.443167ms)
✔ Remembered browser lifecycle (203.538833ms)
▶ Pairing HTTP boundary
  ✔ binds exchange to a private cookie, keeps approval desktop-only and remembers across server restarts (277.427833ms)
✔ Pairing HTTP boundary (277.578416ms)
▶ Device record recovery
  ✔ keeps valid sessions usable during activity write failures and retries persistence (255.99675ms)
  ✔ keeps disk and memory consistent after failed revoke, clear, rename and create (63.9905ms)
  ✔ resets a damaged snapshot without parsing it or retaining old authorization (21.127083ms)
  ✔ restores remaining pairing time from server and retains approval on issuance failure (0.160333ms)
✔ Device record recovery (341.503958ms)
▶ Per-device streaming revocation
  ✔ interrupts the revoked stream while another browser finishes its stream (60.656709ms)
✔ Per-device streaming revocation (60.791375ms)
✔ keeps the running service on staging failure and restores it after publish failure (103.662916ms)
✔ preserves remembered devices on runtime server errors, including failed state persistence (5.390458ms)
▶ Web authentication and streaming
  ✔ keeps image responses private and reports read queue overload as 503 (7.916708ms)
  ✔ forwards finite thumbnail sizes and rejects invalid sizes before image work (3.636084ms)
  ✔ reports oversized images as 413 without caching or a HEAD body (7.9735ms)
  ✔ rechecks an expired session after image work while the connection remains open (44.076834ms)
  ✔ cancels pending image work on logout and never sends its completed bytes (46.298166ms)
  ✔ cancels pending image work on disconnect and never sends its completed bytes (43.23825ms)
  ✔ stores salted password hashes and enforces minimum length (120.431ms)
  ✔ requires a session for catalog, artwork, and video, with no credential data in failures (14.619458ms)
  ✔ serves brand and favicon PNGs without login with the correct MIME and bytes (12.85775ms)
  ✔ rejects bad credentials; issues HttpOnly SameSite cookies on login (87.197125ms)
  ✔ blocks cross-origin, missing-origin POSTs, DNS rebinding, and desktop mutation routes (12.417959ms)
  ✔ streams byte ranges, suffixes and HEAD; rejects invalid or multiple ranges (12.910125ms)
  ✔ downloads authenticated resources as attachments (4.504334ms)
  ✔ logout invalidates the cookie; desktop revocation invalidates all browsers (50.892167ms)
✔ Web authentication and streaming (611.339083ms)
▶ Session lifetimes and request limits
  ✔ expires idle and absolute sessions and limits attempts (0.1845ms)
  ✔ accepts only local peer ranges and handles byte-range edge cases (0.142625ms)
✔ Session lifetimes and request limits (0.390166ms)
▶ actress face scan cache
  ✔ reuses a result only while the avatar fingerprint is unchanged (0.571708ms)
  ✔ filters only cached no-face avatars and ignores missing or unscanned entries (0.561333ms)
  ✔ combines a minimal full-library manifest with current session results (0.070542ms)
✔ actress face scan cache (1.656958ms)
▶ actress face scan cache identity
  ✔ only changes when a current row has no reusable result (0.459542ms)
✔ actress face scan cache identity (0.792208ms)
▶ actress face detection outcome mapping
  ✔ maps the detector zero-face message to the no-face domain state (0.327042ms)
✔ actress face detection outcome mapping (0.641ms)
▶ actress face scan queue
  ✔ reports total detection failure without confusing partial or empty results with failure (0.509459ms)
  ✔ reuses cached face statuses and does not invoke detection for them (0.556084ms)
  ✔ finishes the current target before honoring cancellation (0.096209ms)
  ✔ does not cache detector failures so a later run can retry them (0.060625ms)
✔ actress face scan queue (1.621667ms)
▶ actress face scan session
  ✔ notifies remounted consumers when an earlier scan finishes (0.363208ms)
✔ actress face scan session (0.677125ms)
▶ avatar auto-crop geometry
  ✔ rejects invalid boxes and clamps valid detector bounds (0.839083ms)
  ✔ merges overlapping tiled detections and preserves the strongest result (0.101708ms)
  ✔ requires an explicit choice when two faces have similar prominence (0.140792ms)
  ✔ accepts mid-confidence faces only when the presence floor is used (0.047083ms)
  ✔ maps ROI landmarks back to full-image normalized coordinates (0.055917ms)
  ✔ uses the hair component attached to the face for visible head bounds (0.938083ms)
✔ avatar auto-crop geometry (2.521834ms)
✔ requests CORS before loading a media avatar so its bitmap can cross the Worker boundary (0.506625ms)
✔ keeps only recent log previews after 100000 entries while counting omissions (21.417208ms)
✔ bounds oversized fields without splitting surrogate pairs or mutating prior state (0.136875ms)
▶ avatar composition preview cache
  ✔ persists and restores the complete normalized face analysis (1.066667ms)
✔ avatar composition preview cache (1.578791ms)
▶ ActressAvatarEditor
  ✔ keeps rendering when the current avatar enters crop editing (58.626708ms)
  ✔ keeps rendering when a legacy avatar without its original enters crop editing (17.782583ms)
✔ ActressAvatarEditor (76.874584ms)
✔ pages associated covers without loading an actress detail or accumulating tiles (14.155708ms)
✔ does not replace a user-selected source tab when the first cover page arrives late (5.32075ms)
✔ pages photo sources with global labels and retries without fetching complete metadata (4.615291ms)
✔ keeps local selection when the user opens a file picker before photos arrive (1.226208ms)
▶ ActressDeleteModal confirmation model
  ✔ uses ordinary deletion only when the current impact has no video links (0.366708ms)
  ✔ requires the dedicated acknowledgement action and explains resource preservation (0.092792ms)
  ✔ does not let the dedicated high-risk action bypass the safe path (0.047208ms)
✔ ActressDeleteModal confirmation model (0.870625ms)
✔ bounds grid and preview windows, crosses both page edges and preserves one history entry (256.172167ms)
✔ retains the current photo on page failure, retries, and discards a response after close (42.894625ms)
✔ refreshes by stable ID after reorder and closes a removed preview without selecting its replacement (48.78025ms)
✔ deletes the last photo on a page and refreshes imported photos through the actual panel callbacks (35.365708ms)
▶ ActressProfileMeta scrape record
  ✔ hides scrape record for successful actresses and keeps attention states (0.876459ms)
  ✔ offers the manual success mark only for unscraped and failed records (0.074625ms)
✔ ActressProfileMeta scrape record (1.354083ms)
▶ Button
  ✔ loads its CSS Module and preserves native button semantics (3.927583ms)
✔ Button (4.379833ms)
▶ ClassificationDeleteModal
  ✔ shows associated video and child impacts before confirming deletion (8.565166ms)
  ✔ allows a zero-impact deletion and keeps a failed confirmation open with refreshed impact (6.066042ms)
  ✔ does not report or re-preview a completed deletion when page cleanup fails (1.478708ms)
✔ ClassificationDeleteModal (16.696708ms)
✔ loads only the video source and retains the chosen original across 60/60/5 and error retry (179.075584ms)
✔ clamps a shrunken last page and ignores a response after an entity switch (6.665ms)
✔ does not close or refresh a new entity editor when an old save settles (3.526334ms)
✔ does not replace a chosen video cover with a late URL preview after switching sources (3.873375ms)
▶ classification picker
  ✔ keeps candidates hidden until the field is used (4.136708ms)
  ✔ shows candidates once the user types (1.860041ms)
  ✔ walks candidates with the arrow keys and commits with Enter (1.112458ms)
  ✔ shows candidates once the field is focused (0.27075ms)
  ✔ shows candidates on focus even when the field is empty (0.657166ms)
  ✔ does not commit a candidate with Enter until one is active (0.294333ms)
  ✔ closes candidates on Escape without letting the dialog see the key (0.587375ms)
  ✔ closes candidates when focus leaves the field (0.432542ms)
  ✔ keeps candidates open when the pointer is in the list (0.460042ms)
  ✔ closes candidates after picking one with the pointer (0.232458ms)
  ✔ hides the create hint when the typed name already exists (0.265125ms)
✔ classification picker (11.238042ms)
▶ video detail library context layout
  ✔ shares the compact detail header row with the back action (3.181333ms)
  ✔ keeps membership badges on one bounded line (0.704709ms)
✔ video detail library context layout (4.432416ms)
▶ DirectorScrapeChoiceModal
  ✔ requires an explicit candidate and submits its stable director id (9.19775ms)
✔ DirectorScrapeChoiceModal (9.6935ms)
▶ DisplayModeProvider
  ✔ loads and exposes the application-wide cover mode (21.468958ms)
✔ DisplayModeProvider (21.924666ms)
▶ form hint styles
  ✔ keeps entity-edit and settings field hints muted and caption-sized (4.223584ms)
  ✔ routes entity-edit helper copy through EditFormField instead of a bare hint class (0.617417ms)
✔ form hint styles (5.501833ms)
▶ image preview history marker
  ✔ preserves router state when adding a unique preview marker (0.854583ms)
  ✔ reads only valid image preview markers (0.08275ms)
✔ image preview history marker (1.297375ms)
✔ uses a 320 thumbnail for actress cards (154.844084ms)
✔ uses thumbnails for local video gallery tiles and original preview sources (118.14925ms)
✔ uses thumbnails for local actress gallery tiles and original preview sources (5.804875ms)
▶ LegacyLibraryRedirect
  ✔ preserves the settings return context while replacing a legacy video URL (74.387375ms)
✔ LegacyLibraryRedirect (75.098ms)
▶ MediaLibraryCreateModal
  ✔ validates in place and exposes a keyboard-submit four-step flow (200.627375ms)
  ✔ deduplicates selected roots, submits independent config, and returns root errors to their step (7.618875ms)
✔ MediaLibraryCreateModal (208.881ms)
▶ MediaLibraryCreateModal control style
  ✔ keeps all workflow steps at one viewport-safe dialog height (2.70475ms)
  ✔ reserves a visible gutter for the left edge of the focus ring (1.591875ms)
✔ MediaLibraryCreateModal control style (5.00275ms)
▶ MediaLibraryNav name style
  ✔ keeps visible library names on one ellipsized line (3.562ms)
  ✔ presents media libraries as one compact navigation surface (0.747834ms)
  ✔ keeps global navigation unlabeled in the visible sidebar (0.319209ms)
✔ MediaLibraryNav name style (5.082291ms)
✔ pages40 candidates and preserves selection and name plan across pages and search (643.59875ms)
✔ retries page failures without losing the selected merge plan (93.411709ms)
✔ ignores old page responses while a changed search is debouncing (423.517792ms)
✔ locks a captured merge against duplicate submission and retains plan on failure (161.248667ms)
✔ resets session on keep identity change and ignores old page and merge completion (153.697625ms)
✔ resets the name plan only when choosing a different merge candidate or clearing selection (91.328417ms)
▶ OrganizationDeleteModal
  ✔ previews and removes only the selected role (11.892ms)
  ✔ blocks removing the final role and directs the user to full deletion (4.033708ms)
  ✔ shows both role counts and hierarchy impacts for a full deletion (1.583125ms)
✔ OrganizationDeleteModal (18.179042ms)
▶ OrganizationMergeModal interaction
  ✔ selects a cross-role source and submits the explicit source-to-target direction (150.512375ms)
  ✔ keeps the modal open and shows an actionable error when the merge is rejected (4.069833ms)
✔ OrganizationMergeModal interaction (155.197083ms)
▶ recent text input style contract
  ✔ uses the shared text-input treatment for every recent text-like input (2.421083ms)
✔ recent text input style contract (2.747333ms)
▶ Switch
  ✔ loads its CSS Module and preserves native checkbox semantics (3.008375ms)
✔ Switch (3.331084ms)
✔ loads on open only, pages without full catalog reads and preserves cross-page selection (53.0545ms)
✔ debounces and resets search, rejecting stale page/search responses (272.92425ms)
✔ shows failure with explicit retry and enforces 100 selections while allowing removal (1.512333ms)
✔ unmounts candidates with the actual parent popover and ignores late responses on reopen (2.855959ms)
▶ VideoDeleteImpact
  ✔ shows every affected domain without a duplicate source-file section (2.707541ms)
  ✔ names the current library when previewing a membership removal (0.233209ms)
✔ VideoDeleteImpact (3.327167ms)
▶ video primary metadata classification navigation
  ✔ dispatches entity-backed organizations by stable id (1.015083ms)
  ✔ does not expose a name-only organization route (0.06975ms)
  ✔ uses only the stable director id (0.063166ms)
  ✔ uses only the stable series id (0.0595ms)
✔ video primary metadata classification navigation (1.61825ms)
▶ video detail resource actions
  ✔ shows copy and external-open actions instead of play for link resources (4.450666ms)
  ✔ keeps the play action for local resources (0.512291ms)
  ✔ shows actual link kind, STRM hosting, masked target, and source path together (1.196875ms)
  ✔ exposes the cross-library move command for both links and root-managed resources (2.1775ms)
✔ video detail resource actions (8.89375ms)
▶ VideoLibraryMembershipBadges
  ✔ puts the active resource scope first and names the other memberships accessibly (2.955417ms)
  ✔ bounds the visible badges and exposes hidden library names in the overflow title (0.37325ms)
✔ VideoLibraryMembershipBadges (3.667709ms)
▶ VideoResourceImportModal
  ✔ keeps a STRM target read-only while allowing metadata edits and HTTP checks (130.255292ms)
✔ VideoResourceImportModal (130.60325ms)
✔ loads only on open, renders at most one page, and selects an existing tag by ID (16.840917ms)
✔ debounces search, resets the page, and discards earlier search responses (548.879167ms)
✔ shows errors with retry and discards closed-modal results before reopening (2.259833ms)
✔ creates from the full draft and prevents an old write completion from closing another video modal (1.696625ms)
✔ refreshes stale candidates after a failed selection without retrying the write (1.326584ms)
✔ does not inherit an open picker or issue a hidden request when switching videos (1.078666ms)
▶ actress virtual grid layout
  ✔ derives responsive columns without shrinking cards below their minimum width (0.363125ms)
  ✔ places load state on a dedicated row after an incomplete item row (0.5345ms)
✔ actress virtual grid layout (1.250834ms)
▶ AgentMetadataActivityFeed
  ✔ keeps live model thinking open and shows semantic actions (4.397583ms)
  ✔ collapses completed thinking into an expandable preview (1.4635ms)
  ✔ moves a finished live thought back into collapsed history (0.805375ms)
  ✔ caps the thinking box height and still shows the full streamed text (2.611584ms)
✔ AgentMetadataActivityFeed (9.698833ms)
▶ Agent metadata collector intro
  ✔ explains how this flow differs from regular matching (0.440167ms)
  ✔ keeps the setup steps compact and muted (2.803959ms)
✔ Agent metadata collector intro (3.63975ms)
▶ alias editor state
  ✔ promotes an alias to main name and keeps the previous main as an alias (0.801292ms)
  ✔ does not duplicate the previous main name when it is already an alias (0.054167ms)
✔ alias editor state (1.181166ms)
▶ classification image interaction state
  ✔ distinguishes formal images from dynamic fallback images (0.768666ms)
  ✔ builds explicit file, URL, and video-cover commands (0.075666ms)
✔ classification image interaction state (1.175083ms)
▶ classification merge interaction state
  ✔ keeps the selected source identity when refreshed candidates reorder (0.776083ms)
  ✔ keeps a selected source through a narrower search and rejects invalid commands (0.049292ms)
✔ classification merge interaction state (1.156666ms)
▶ classification picker state
  ✔ stays closed until the user asks for candidates (0.833458ms)
  ✔ hides candidates when the result set is empty (0.060375ms)
  ✔ opens on arrow navigation and wraps around the candidate list (0.053708ms)
  ✔ never navigates into an empty candidate list (0.036834ms)
  ✔ drops the active candidate when typing or when the result set shrinks (0.041375ms)
  ✔ closes on dismiss (0.035709ms)
  ✔ hides the create hint when the query already names an existing option (0.0395ms)
✔ classification picker state (1.496375ms)
▶ director form state
  ✔ defaults to preserving a changed main name and converts profile fields (0.906292ms)
✔ director form state (1.22625ms)
▶ director picker state
  ✔ keeps typed same-name input as an explicit inline-create request (0.787334ms)
  ✔ shows stable candidate differences rather than silently choosing by name (0.280583ms)
✔ director picker state (1.468417ms)
▶ image preview swipe gesture
  ✔ switches to the previous image when dragging right past the threshold (0.437167ms)
  ✔ switches to the next image when dragging left past the threshold (0.06425ms)
  ✔ ignores clicks, short drags, and vertical drags (0.05475ms)
  ✔ distinguishes a drag from a click even when movement is vertical (0.057209ms)
✔ image preview swipe gesture (1.214917ms)
▶ mediaLibraryIdentityStyle
  ✔ maps every domain color to one semantic CSS custom property (0.962875ms)
  ✔ keeps the established palette mapping stable (0.084584ms)
✔ mediaLibraryIdentityStyle (1.438625ms)
▶ organization form state
  ✔ defaults to preserving the previous main name while retaining ordered aliases and links (1.311625ms)
  ✔ moves links without mutating the current form state (0.086666ms)
  ✔ retains a selected parent while search results change (0.111209ms)
✔ organization form state (1.90125ms)
▶ organization merge presentation
  ✔ shows cross-role candidate statistics without collapsing the two roles (0.652083ms)
  ✔ reports each transferred relation after a successful merge (0.07275ms)
✔ organization merge presentation (1.11225ms)
▶ organization picker state
  ✔ resolves main names and aliases to stable ids (1.09175ms)
  ✔ uses unmatched text as an explicit inline create request (0.056083ms)
  ✔ uses an empty value to remove the organization relation (0.051584ms)
  ✔ describes candidates by stable id, roles, and aliases (0.0555ms)
✔ organization picker state (1.652791ms)
▶ PlaylistImportProvider workspace
  ✔ uses the Agent scrape two-pane workspace with live activity and result preview (1.086958ms)
  ✔ offers one confirmed termination action in running and waiting-user footers (0.204292ms)
  ✔ closes the import workspace after the host confirms task termination (0.137542ms)
  ✔ closes only through the actions rendered inside the import dialog (0.107083ms)
  ✔ closes the import dialog before navigating to the imported playlist (0.15275ms)
  ✔ offers frozen write options with source-playlist linking disabled by default (0.177667ms)
  ✔ selects the active default media library when opening the importer (0.237959ms)
  ✔ explains the Agent name and host-date fallback for an empty new-playlist name (0.168666ms)
  ✔ invalidates global video projections and discards stale identity choices (0.130208ms)
  ✔ broadcasts completion so recovered imports refresh mounted playlist surfaces (1.502958ms)
  ✔ renders the complete release summary instead of only aggregate reuse counts (0.249625ms)
  ✔ keeps preview rows dense and long text truncation stable (3.066917ms)
  ✔ shows enough candidate identity evidence and opens links through the app shell (0.419125ms)
✔ PlaylistImportProvider workspace (8.384375ms)
▶ PluginDevConfigRail ready actions
  ✔ makes Install primary and disables empty continuation until feedback is entered (7.545583ms)
✔ PluginDevConfigRail ready actions (8.065042ms)
▶ PluginDevConversation history controls
  ✔ presents a ready settlement as normal state and requires feedback to continue (6.47475ms)
  ✔ renders model reasoning as a quiet collapsed diagnostic block (17.411834ms)
  ✔ keeps live reasoning open and marks the answer as streaming (3.795875ms)
  ✔ renders agent answers as markdown (2.501542ms)
  ✔ renders compact context metrics with the cache-hit ratio (0.7785ms)
  ✔ exposes an explicit clear-session action for a restored historical run (0.739167ms)
  ✔ keeps typed choice, browser challenge and freeform requests as distinct controls (1.941708ms)
✔ PluginDevConversation history controls (34.3565ms)
✔ pages40/40/21, resolves full names and retains selected long identities when returning (287.286459ms)
✔ retries page failures and isolates a stale page during raw search debounce (385.486292ms)
✔ ignores choice completion after search or close and suppresses same-tick duplicate clicks (385.4495ms)
✔ reports missing or unrepresentable names without adding incorrect targets (81.228333ms)
✔ enforces existing eight-target limit and preserves video query behavior after kind switch (56.549042ms)
✔ recognizes existing long targets on a fresh mount without confusing a common preview prefix (68.185166ms)
✔ ignores a held actress choice after switching to video (69.616959ms)
✔ bounds long-label reconciliation concurrency and stops scheduling after kind switch (35.449084ms)
✔ retries failed long-label selection reconciliation (45.805166ms)
✔ guides a configured model user to the missing website, then enables development (273.690166ms)
✔ keeps the actual model readiness reason when a named model cannot run (3.730667ms)
▶ PluginDevResultPanel manifest coverage
  ✔ separates actionable field ids from runtime-only information (4.569875ms)
  ✔ renders each exact-match candidate when the plugin returns an array (0.979333ms)
  ✔ labels a targeted execution as a local diagnostic even when the saved full run is ready (0.351667ms)
  ✔ explains null and empty array plugin returns instead of hiding the section (0.233083ms)
✔ PluginDevResultPanel manifest coverage (6.533791ms)
▶ plugin dev Agent UI state
  ✔ requires feedback before continuing a mechanically ready Agent (0.64375ms)
  ✔ presents a normal Agent settlement without an error toast (0.627875ms)
  ✔ coalesces streaming reasoning and answer into their final model-turn items (0.161792ms)
  ✔ enables the existing Install button only for a current mechanical acceptance (0.058125ms)
  ✔ allows clearing restored history only when its Agent is not running or busy (0.048917ms)
  ✔ auto-applies only unfinished history and leaves terminal editor state untouched (0.061125ms)
  ✔ keeps non-debuggable built-ins out of the plugin-development selector (3.8775ms)
  ✔ does not treat a loaded built-in fork as the already-selected new-plugin option (0.120083ms)
  ✔ rejects session B events while continuing session A (0.079542ms)
  ✔ binds an unbound start once and rejects later events from another session (0.069958ms)
  ✔ invalidates a snapshot after any newer live mutation (0.086375ms)
  ✔ releases restored busy state on settle but keeps a local API dispatch busy (0.072292ms)
  ✔ projects live workspace drafts from package_updated, not terminal done (0.078875ms)
  ✔ blocks ordinary messages until the exact pending approval is decided (0.073958ms)
  ✔ does not dispatch a stale approval after the request disappeared (0.056125ms)
✔ plugin dev Agent UI state (6.9965ms)
▶ series form state
  ✔ defaults a rename to retaining the previous main name (0.360792ms)
  ✔ trims text and converts optional numeric selections (0.557916ms)
✔ series form state (1.27675ms)
▶ series picker state
  ✔ keeps typed creation separate from selecting an existing stable identity (0.849042ms)
  ✔ always distinguishes same-name candidates by stable id and owner scope (0.100042ms)
✔ series picker state (1.302625ms)
✔ shows bounded log preview with explicit omission notice and full task counters (26.60725ms)
✔ applies supported fields, preserves other mappings, allows overrides and only persists on save (13.58875ms)
✔ rejects unavailable saved sources and keeps missing references visible for repair (0.862959ms)
✔ excludes nested and other-kind plugins and prevents applying unconfigured sources (0.7125ms)
✔ uses video field capabilities for bulk assignment (0.988875ms)
▶ LibraryScanAuditPanel
  ✔ defaults to the attention tab even when the latest scan has no issues (283.052375ms)
  ✔ keeps cached unrecognized files visible with their root-scoped resolution controls (3.659292ms)
  ✔ does not describe current scan failures as resolved (1.288584ms)
  ✔ offers a processing jump for cached unrecognized rows in the all-files tab (3.08175ms)
  ✔ shows an NFO identity conflict as a secondary scan disposition and opens the pending center (2.918292ms)
  ✔ routes a current NFO candidate to its scrape pending item (1.520333ms)
  ✔ shows historical NFO pending dispositions as resolved when their current rows are gone (1.06775ms)
  ✔ keeps the attention badge equal to the visible list when only an NFO warning exists (1.46825ms)
✔ LibraryScanAuditPanel (298.651042ms)
✔ limits a large failed audit to100 visible rows and queries only their pending IDs (21.899542ms)
✔ routes all three kinds from one mixed pending presence response (2.184791ms)
✔ keeps a stable audit anchor when a historical group is no longer pending (1.158333ms)
▶ MetaTube plugin settings
  ✔ shows pending status and blocks setting an unconfigured plugin as default (6.16725ms)
  ✔ keeps a blank token and supports explicit token clearing (3.876792ms)
  ✔ requires confirmation before saving a token over remote HTTP (3.402834ms)
  ✔ tests the current draft without changing the token mode (7.602625ms)
✔ MetaTube plugin settings (21.607125ms)
▶ Model management v2 panels
  ✔ keeps workload edits local until the explicit save action (11.327084ms)
  ✔ shows configured providers first and keeps unconfigured built-ins collapsed (1.400709ms)
  ✔ limits the default advanced view to models referenced by workloads (7.054375ms)
✔ Model management v2 panels (20.39825ms)
✔ saves proxy address and mode only on explicit commit; testing stays independent (249.800583ms)
▶ NFO export foreground modal
  ✔ vetoes full-page unload while the foreground modal is active (228.210916ms)
  ✔ is an aria-modal task surface with an explicit terminate action and no dismiss action (7.463334ms)
  ✔ keeps the terminal report open until the user confirms it (1.479708ms)
  ✔ renders a returned plan and enters blocking state before foreground execution (13.534042ms)
  ✔ discards a plan that returns after the storage panel has unmounted (2.524916ms)
  ✔ terminates an export whose start result returns after unmount (3.292291ms)
✔ NFO export foreground modal (257.380125ms)
▶ NFO export preview details
  ✔ counts only new and replaced artwork in the writing breakdown (0.760459ms)
  ✔ distinguishes stopped, partial and empty reports and exposes stop errors in the dialog (1.817292ms)
  ✔ mounts only the opened page of a large warning list and keeps every warning reachable (3.27275ms)
✔ NFO export preview details (5.986625ms)
▶ SettingsPrimitives
  ✔ retains an invalid value with an accessible error instead of silently clamping it (6.245208ms)
  ✔ keeps a multi-digit number local until the edit is committed (2.0675ms)
  ✔ supports keyboard activation of increment and does not treat empty input as zero (0.620334ms)
  ✔ renders a semantic card without losing its accessible name (0.258959ms)
  ✔ exposes status as data rather than a behavior-bearing class name (0.202875ms)
✔ SettingsPrimitives (10.153833ms)
✔ renames with no manual code or target and refreshes the pending row after failed recognition (164.283125ms)
✔ retries a failed service with saved configuration, and prevents submitting unsaved drafts via retry (3457.536959ms)
▶ library scan audit row layout
  ✔ uses compact rows only when the skipped tab also uses compact virtual slots (1.02725ms)
  ✔ keeps the variable-height attention list out of fixed-size virtualization (0.190917ms)
  ✔ keeps CSS row geometry aligned with virtual item sizes (0.814125ms)
✔ library scan audit row layout (2.683959ms)
▶ video resource card badges
  ✔ keeps primary-first order, deduplicates kinds, and limits visible labels to two (0.812583ms)
  ✔ returns no card decoration when a video has no resources (0.071334ms)
  ✔ shares full resource labels across detail and filter surfaces (0.089292ms)
✔ video resource card badges (1.386875ms)
▶ video resource import form
  ✔ shares auto detection, normalization, and size conversion across entry points (1.8505ms)
  ✔ auto-detects Magnet and keeps its protocol-derived default name (0.228584ms)
  ✔ treats blank matching input as absent without invoking strict code validation (0.072292ms)
✔ video resource import form (2.70475ms)
▶ video resource import layout
  ✔ gives the size value the fluid column and keeps its unit compact (8.770458ms)
✔ video resource import layout (9.649041ms)
▶ shared workbench primitives
  ✔ composes feature classes without replacing the neutral structure (1.466917ms)
  ✔ connects tabs to their panels with a single keyboard tab stop (0.427583ms)
✔ shared workbench primitives (2.261959ms)
✔ counts avatars through the scalar API without loading targets and propagates failures (39.992083ms)
✔ consumes pages on demand and stops safely across page failure, cancellation and unmount (67.033666ms)
✔ serializes startup before target loading and releases ownership on empty, failed or unmounted startup (50.011208ms)
▶ isBatchScrapeActive
  ✔ treats only running and paused batches as active (0.315375ms)
✔ isBatchScrapeActive (0.620375ms)
▶ poster grid row height
  ✔ reserves the complete membership strip without changing ordinary library rows (0.322292ms)
✔ poster grid row height (0.630667ms)
▶ facet route contracts
  ✔ only permits each entity detail under its matching facet (0.625625ms)
✔ facet route contracts (1.27475ms)
▶ global search shortcut
  ✔ accepts Cmd/Ctrl+K and rejects unrelated key combinations (0.4985ms)
  ✔ focuses and selects the Home input after two render frames (0.558125ms)
✔ global search shortcut (1.47675ms)
▶ useLatestAsyncLabel
  ✔ ignores an older request that finishes after the latest request (5.81425ms)
✔ useLatestAsyncLabel (6.2595ms)
✔ does not load hidden scan history, including manual refresh and invalidation, and releases completed data (65.6235ms)
✔ discards pending results after leaving and re-entering or switching libraries (37.633917ms)
✔ exposes history load errors and retries without treating failure as an empty history (24.906083ms)
▶ media-library scan event scope
  ✔ accepts only the current library and, once known, the current run (0.322416ms)
✔ media-library scan event scope (0.63375ms)
✔ sends no empty lookup, deduplicates IDs and rejects a stale page response (10.982375ms)
✔ distinguishes a failed lookup from processed items and retries the same page (1.396291ms)
✔ does not reuse old ready state when a page is revisited before another lookup finishes (0.946709ms)
✔ does not fetch empty/inactive selections and resolves only unique selected IDs (7.19725ms)
✔ ignores responses for previous filters and refreshes on returning from detail (1.481792ms)
✔ does not loop on a rejected lookup and discards in-flight results after deactivation (1.10425ms)
▶ isLibraryListSurfacePath
  ✔ matches list roots only (0.979042ms)
  ✔ does not match detail or stack routes (0.3525ms)
✔ isLibraryListSurfacePath (2.050917ms)
▶ shouldRefetchLibraryOnRouteChange
  ✔ refetches when entering a list root from outside (0.124541ms)
  ✔ does not refetch when opening detail stacks or hopping between list roots (0.079917ms)
✔ shouldRefetchLibraryOnRouteChange (0.272792ms)
▶ global search URL state
  ✔ normalizes positive media-library ids in stable order (0.893667ms)
  ✔ canonicalizes owned state without stripping detail-only lib (0.182584ms)
  ✔ builds an explicit, paged cross-library search input and identity (0.129417ms)
✔ global search URL state (1.591542ms)
▶ library resource filter URL contract
  ✔ parses valid unique values in canonical order and ignores invalid values (1.130833ms)
  ✔ omits the default all-resources state and canonicalizes copied URLs (0.247333ms)
  ✔ removes a resource parameter containing only invalid values (0.060541ms)
  ✔ includes applied resource filters in the query and scroll-memory hash (0.114584ms)
  ✔ keeps pending scrape as an independent canonical filter dimension (0.066708ms)
  ✔ resolves omitted sort state from each media library configuration (0.112625ms)
✔ library resource filter URL contract (2.153208ms)
▶ multi-library route builders and parsers
  ✔ round-trips the home video detail stack (1.829084ms)
  ✔ round-trips the global-search video detail stack (0.275833ms)
  ✔ round-trips media-library list, detail, nested actress and settings routes (0.658917ms)
  ✔ rejects malformed, non-positive, fractional and unsafe route ids (0.348334ms)
  ✔ accepts digit-only positive ids and builders emit their canonical form (0.065167ms)
✔ multi-library route builders and parsers (3.731333ms)
▶ detail-only active-library query contract
  ✔ parses only positive safe-integer library ids (0.099375ms)
  ✔ canonicalizes the first lib value without changing other list query state (0.129125ms)
  ✔ sets, replaces and strips the detail-only library parameter immutably (0.090542ms)
  ✔ derives a single detail context and gives a library path precedence over lib (0.290667ms)
  ✔ keeps lib only where the route needs query-owned detail scope (0.228625ms)
  ✔ respects a valid legacy lib hint and falls back when that membership is unavailable (0.174542ms)
✔ detail-only active-library query contract (1.128125ms)
▶ recent media-library memory
  ✔ stores only positive safe library ids and ignores malformed persisted state (0.375625ms)
✔ recent media-library memory (0.677417ms)
▶ route builders and parsers
  ✔ round-trips library detail stacks (1.737333ms)
  ✔ round-trips actress detail stacks (0.204833ms)
  ✔ round-trips playlist and classification entity detail stacks (0.33725ms)
  ✔ rejects malformed detail ids (0.185709ms)
  ✔ builds pending-center locations without page-level query concatenation (0.65825ms)
✔ route builders and parsers (3.677792ms)
▶ classification list query contract
  ✔ accepts only video count and update time sorting with video count descending by default (0.091292ms)
  ✔ includes organization search and sorting in the shareable query identity (0.142042ms)
  ✔ keeps series release sorting separate from classification-list sorting (0.072209ms)
✔ classification list query contract (0.384583ms)
▶ actress avatar filter query contract
  ✔ normalizes avatar filter values and omits the all default (0.116791ms)
  ✔ returns to the actress list without losing its query state (0.173375ms)
  ✔ keeps avatar filters distinct in the actress query hash (0.118042ms)
✔ actress avatar filter query contract (0.46825ms)
▶ actress status filter query contract
  ✔ parses the canonical status values and treats anything else as all (0.052958ms)
  ✔ omits the param for all and writes the canonical value otherwise (0.078584ms)
  ✔ includes status in the list query identity and ignores invalid values (0.037958ms)
  ✔ keeps search, gender and sort identity while only the status changes (0.056167ms)
  ✔ round-trips the status query through actress detail and back (0.114792ms)
  ✔ remembers the actress status filter across primary navigation (0.416209ms)
✔ actress status filter query contract (0.840875ms)
▶ primary navigation memory
  ✔ restores query state per list and removes unrelated nested query keys (0.322417ms)
  ✔ persists search only when leaving a list root (0.125208ms)
  ✔ forgets a root so cross-nav no longer restores it (0.037042ms)
  ✔ resolves same-section vs cross-section sidebar targets (0.115ms)
  ✔ builds nav link href from current search when active (0.092666ms)
✔ primary navigation memory (0.72975ms)
▶ navigation helpers
  ✔ removes playlist-detail resource filters when returning to the playlist list (0.074542ms)
  ✔ keeps home, search and media-library detail stacks scoped and reversible (0.533708ms)
  ✔ closes nested actress details back to their parent video context (0.38325ms)
  ✔ keeps stable series identity and release direction through its detail stack (0.111625ms)
  ✔ keeps director identity and query state through its stable detail stack (0.085084ms)
  ✔ opens an organization by stable id while preserving its role-list query (0.078625ms)
  ✔ keeps classification query only inside the same classification stack (0.062333ms)
  ✔ keeps video and actress navigation inside the stable organization stack (0.096958ms)
  ✔ keeps video and actress navigation inside the pending workbench stack (0.073625ms)
  ✔ opens actress detail from the pending inbox and returns to it (0.050625ms)
✔ navigation helpers (1.629292ms)
▶ settings route contract
  ✔ builds canonical settings paths and resolves valid sections (0.150209ms)
✔ settings route contract (0.167708ms)
▶ media-library settings state
  ✔ builds a trimmed create command, deduplicates roots and still allows an empty library (1.459375ms)
  ✔ builds minimal identity and section-scoped config patches (0.413917ms)
  ✔ normalizes an empty scraper and validates numeric scan boundaries (0.10925ms)
  ✔ gates destructive lifecycle commands (0.11925ms)
  ✔ allows cleanup-only scans but rejects a library with no work (0.080834ms)
  ✔ routes every root-owned record through cleanup before direct deletion (0.100208ms)
  ✔ reports partial root additions explicitly (0.065ms)
  ✔ shows a terminal query error even before form drafts exist (0.073708ms)
✔ media-library settings state (3.088ms)
✔ loads metadata once while paging 60/60/5 works and preserving the full count (461.085291ms)
✔ retries page errors, clamps a removed last page, and rejects late actor results (8.768042ms)
✔ does not invalidate the new actor metadata when the old editor save settles late (9.196125ms)
✔ retains an open merge plan and its full count while the visible works refresh (11.116667ms)
✔ does not reuse the prior actor page when an intervening actor request is still pending (4.820833ms)
▶ series real list page
  ✔ renders 60/60/5 with server total and bounded page cache (1269.065084ms)
  ✔ clears old cards while loading and supports failed-page retry (28.650083ms)
  ✔ clamps a shrinking total to its last page, including zero (52.105ms)
  ✔ resets search/sort to page one and rejects late search data (838.592542ms)
  ✔ invalidates uncommitted input across A → B → A history navigation (316.135167ms)
  ✔ invalidates pending input when opening detail without changing search (618.552125ms)
  ✔ retains page, active observer and scroll through nested detail and return (9.732ms)
✔ series real list page (3209.847709ms)
▶ maker real list page
  ✔ renders 60/60/5 with server total and bounded page cache (1241.074417ms)
  ✔ clears old cards while loading and supports failed-page retry (38.550417ms)
  ✔ clamps a shrinking total to its last page, including zero (61.402791ms)
  ✔ resets search/sort to page one and rejects late search data (833.161792ms)
  ✔ invalidates uncommitted input across A → B → A history navigation (324.776334ms)
  ✔ invalidates pending input when opening detail without changing search (628.797792ms)
  ✔ retains page, active observer and scroll through nested detail and return (26.366959ms)
✔ maker real list page (3154.86325ms)
▶ director real list page
  ✔ renders 60/60/5 with server total and bounded page cache (1358.573083ms)
  ✔ clears old cards while loading and supports failed-page retry (37.894167ms)
  ✔ clamps a shrinking total to its last page, including zero (63.0835ms)
  ✔ resets search/sort to page one and rejects late search data (843.197542ms)
  ✔ invalidates uncommitted input across A → B → A history navigation (322.791917ms)
  ✔ invalidates pending input when opening detail without changing search (625.513166ms)
  ✔ retains page, active observer and scroll through nested detail and return (25.849334ms)
✔ director real list page (3277.726875ms)
✔ organization role change discards old filters and pending search (319.182833ms)
✔ normalizes URL offsets safely and keys distinct pages (4.56225ms)
▶ video detail section order
  ✔ renders a titled related-links section after video resources (0.385666ms)
✔ video detail section order (0.692458ms)
▶ HomePage
  ✔ searches in place while typing and restores discovery when cleared (881.971375ms)
  ✔ keeps discovery stable through refreshes and remounts until replaced (13.921875ms)
✔ HomePage (896.333417ms)
▶ HomePage search layout
  ✔ reserves shared toolbar-search padding for the icon and keyboard shortcut (2.289917ms)
  ✔ centers the search icon inside the shared input control (0.30325ms)
  ✔ keeps the keyboard shortcut on the same vertical center line (0.90375ms)
✔ HomePage search layout (4.002333ms)
✔ uses the shared switch for home discovery and keeps changes in the settings draft (244.393375ms)
▶ MediaLibrarySettingsPage layout
  ✔ uses the application settings width token and stays left aligned (3.220458ms)
  ✔ keeps compact library context above the old-style import workspace (9.344208ms)
✔ MediaLibrarySettingsPage layout (12.934625ms)
▶ ScanSettingsTab
  ✔ builds domain-correct deep links for scan identities and scrape candidates (231.076709ms)
  ✔ renders automatic local NFO import enabled by default and persists a switch change immediately (7.847791ms)
✔ ScanSettingsTab (239.32ms)
✔ distinguishes scan history loading, failure with retry and an empty result (4.03075ms)
✔ locates a deep actor group and loads only its detail before paging (359.550416ms)
✔ keeps page and detail failures distinct and retries without a full list (193.663375ms)
✔ ignores a late old detail after selecting another group (153.068416ms)
✔ preserves an explicit decision across a category switch and detail overlay (228.39825ms)
✔ applies an ownership decision then clamps a deleted last page (155.904292ms)
✔ does not let a completed old mutation reset a newer group decision (264.237542ms)
✔ keeps actor paging in the all-domain view even when a scan item comes first (131.01425ms)
✔ asks the server about names outside the current page before editing (378.931375ms)
✔ keeps a stale resolution on the same group and requires a renewed decision (160.975333ms)
✔ isolates an old completion after navigating A to B and back to A (334.672042ms)
✔ stays on the deep-linked page after its selected group is resolved (155.598ms)
✔ does not close a new discard dialog when an old A-B-A discard fails (270.516625ms)
✔ pages owner candidates and preserves a selected actor outside the current page (217.033167ms)
✔ retries picker failures and invalidates old page replies immediately while search debounces (468.653875ms)
✔ ignores an old actor choice after closing and reopening the same picker (182.911875ms)
✔ keeps the newest actor choice when earlier detail reads finish later (171.502625ms)
✔ keeps a direct group-owner decision after an older external-owner detail returns (190.909708ms)
✔ invalidates a pending external-owner choice when a decision is submitted (256.959875ms)
✔ ignores a picker choice after navigating group A-B-A (255.966542ms)
✔ locates a deep-linked pending item, pages with a bounded cache and ignores a late detail (322.559875ms)
✔ shows an explicit page error and retries without fetching the full inbox (67.634875ms)
✔ recovers the last page after deletion and selects the surviving first item (88.401041ms)
✔ does not block a different queue when scrape count fails or reuse its disabled page total (85.960542ms)
✔ ignores an old page that resolves after navigation to a newer page (104.951042ms)
▶ PendingCenterPage scrape resolution
  ✔ carries an explicit director through merge-and-apply without stacking prompts (213.984ms)
  ✔ previews either persisted identity and submits only after explicit confirmation (39.429584ms)
  ✔ shows the library filter only for scan decisions (27.648ms)
  ✔ clears the library filter from the scoped empty state and keeps the scan tab selected (27.283292ms)
✔ PendingCenterPage scrape resolution (308.913958ms)
✔ locates scan anchors, reads only selected details and ignores late details after paging (353.862917ms)
✔ reports page errors and missing selected records without treating them as an empty queue (111.233084ms)
✔ clamps the deleted last page and does not show an old library page (180.270292ms)
✔ uses only count on another category and count failure does not block that category (46.912916ms)
✔ does not block scrape on a library listing failure (43.521459ms)
✔ resolves identity deep links to the scoped identity pane without group detail reads (47.964709ms)
✔ retries rejected selected detail without reloading full queues (129.801708ms)
✔ loads actor details only in its category and keeps inactive summary counts current (180.313417ms)
✔ shows unknown actor count without blocking scan when summary fails (45.717375ms)
✔ ignores an old playlist response arriving after navigation (212.769292ms)
✔ requests a bounded thumbnail for a playlist card (3.285291ms)
✔ does not refresh an old playlist when its removal finishes after navigation (6.368917ms)
✔ returns to the previous page when deleting the only item on the last page (5.496791ms)
✔ keeps the existing grid mounted during refresh after closing a nested video (2.802375ms)
✔ keeps the latest sort response when requests for the same playlist finish out of order (2.385666ms)
✔ reuses metadata while paging but refreshes it after a playlist mutation (5.141042ms)
✔ does not reuse stale metadata when filtering interrupts a forced refresh (3.192875ms)
✔ shows not found when a refreshed metadata read reports a deleted playlist (0.941958ms)
✔ refreshes the fallback cover with the new sort instead of reusing the old metadata (2.834583ms)
▶ PlaylistDetailPage resource filter feedback
  ✔ keeps the compact toolbar count without rendering an applied-filter bar (0.788208ms)
  ✔ uses an import action icon instead of a download icon (0.070583ms)
✔ PlaylistDetailPage resource filter feedback (1.402625ms)
▶ actress conflict review state
  ✔ keeps every action tied to its explicit user-visible scope (0.85925ms)
  ✔ expands changed impacts and keeps unchanged impacts collapsed initially (0.074792ms)
  ✔ uses the candidate-owned impact plan only when that candidate is the proposed owner (0.060375ms)
  ✔ sections groups by task state and sorts each section by display name (3.810625ms)
  ✔ selects the first source for viewing without preselecting a proposed owner (0.091458ms)
  ✔ explains empty, unchanged, moved, and conflict-free name edits (0.402959ms)
  ✔ builds the exact owner, pending, and actress versions shown to the user (0.070833ms)
  ✔ requires a replacement only when assigning away a current main name (0.061459ms)
  ✔ enables illegal-name confirmation only after every required replacement is valid (0.058834ms)
  ✔ requires an explicit partner, keeper, and final main name for conflict merges (0.161375ms)
  ✔ allows a pending-name-ownership pair to be merged (0.097791ms)
  ✔ keeps the current group or selects its next neighbor after refresh (0.155042ms)
✔ actress conflict review state (6.415083ms)
▶ conflictReviewRemote
  ✔ resolves ownership/merge/illegal and surfaces stale refresh (0.517917ms)
  ✔ discards a candidate and refreshes the queue (0.100542ms)
  ✔ validates replacement main names (0.168291ms)
  ✔ ignores an older live name inspection after a newer request wins (3.272875ms)
  ✔ invalidates an in-flight inspection cleanup (0.131834ms)
✔ conflictReviewRemote (4.716583ms)
▶ conflictReviewSession
  ✔ resets decision draft when switching groups (0.590459ms)
  ✔ opens ownership replacement dialog when claimants need new main names (4.076875ms)
  ✔ applies refresh focus and stale message (0.120458ms)
  ✔ syncSelectedGroup initializes selection for the first available group (0.040708ms)
✔ conflictReviewSession (5.274917ms)
▶ conflict review latest request gate
  ✔ accepts only the newest async validation result (0.334084ms)
  ✔ invalidates an in-flight result when the workflow closes (0.043708ms)
  ✔ does not let stale cleanup invalidate the current request (0.036125ms)
✔ conflict review latest request gate (0.7575ms)
▶ media-library list surface state
  ✔ keeps archived libraries out of the writable catalog surface (0.319792ms)
✔ media-library list surface state (0.642292ms)
▶ pending center resolution state
  ✔ requires every scan resource to have an explicit valid target (0.466709ms)
  ✔ serializes scan targets only at the select-control boundary (0.662875ms)
  ✔ starts scrape candidates unselected and rejects stale candidate ids (0.075292ms)
  ✔ shows the same deterministic default primary ordering as persisted resolution (0.142291ms)
  ✔ labels scan decisions with their owning media library (0.087708ms)
  ✔ shows resource identity conflicts in the scan queue without exposing a local path (0.051666ms)
✔ pending center resolution state (1.90375ms)
▶ matchesPlaylistResourceFilter
  ✔ uses OR semantics and treats none as global zero resources (0.334625ms)
✔ matchesPlaylistResourceFilter (0.713917ms)
▶ useConflictReviewController
  ✔ wires queue selection and resets dialog draft when switching groups (44.963625ms)
  ✔ routes resolve through the nested view-model commands (1.956542ms)
✔ useConflictReviewController (47.32625ms)
✔ preserves an explicit ownership decision while detail reads are disabled and reenabled (152.240458ms)
▶ video business identity conflict presentation
  ✔ recognizes domain and database-boundary conflict messages (0.351958ms)
✔ video business identity conflict presentation (0.755917ms)
▶ video detail scraper selection
  ✔ prefers the active media-library default over the global default (0.457125ms)
  ✔ does not retain the previous library default when the active library switches (0.056791ms)
  ✔ falls back to the global default when the active library has no override (0.047542ms)
✔ video detail scraper selection (0.93375ms)
▶ pending inbox state
  ✔ sums the aggregate media-library projection without per-library item reads (0.3275ms)
✔ pending inbox state (0.694416ms)
✔ keeps loading and failed inbox counts distinct from an empty inbox (0.169125ms)
▶ actress list renderer behavior
  ✔ does not load the full face-scan manifest for an ordinary actress page (1.66475ms)
  ✔ isolates cached pages when any query condition changes (0.7775ms)
  ✔ recombines the same session face-result subset for list filter changes (0.100292ms)
  ✔ keeps loaded pages after a failure and retries the same next-page offset (0.987042ms)
  ✔ keeps selected ids when later pages append more actresses (0.102959ms)
  ✔ restores scroll after detail return and resets it for a changed query (0.106083ms)
  ✔ clears every pending rail scroll scope on same-section primary navigation (0.715834ms)
✔ actress list renderer behavior (4.957875ms)
▶ actress infinite list pages
  ✔ keeps loaded pages while requesting the next offset (0.795417ms)
  ✔ stops after every matching actress has loaded (0.069959ms)
✔ actress infinite list pages (1.212917ms)
▶ scoped video query keys
  ✔ keeps media-library caches isolated (1.009458ms)
  ✔ canonicalizes filtered all-library scopes (0.090875ms)
✔ scoped video query keys (1.45ms)
▶ useInfiniteVideoList
  ✔ loads a library larger than the IPC page limit in bounded pages (26.850792ms)
✔ useInfiniteVideoList (27.32475ms)
✔ blocks route changes with a draft and saves before continuing through the real router (31.959583ms)
✔ keeps edits through unrelated refreshes and explicitly resets to the latest saved value (3.748792ms)
✔ preserves edits made while an earlier value is being saved (0.432ms)
▶ renderer avatarCrop
  ✔ falls back to the standard preset for invalid stored values (0.430917ms)
  ✔ falls back to face centering for invalid stored values (0.05725ms)
  ✔ keeps landmark-based faces at the same visual size across source images (0.266917ms)
  ✔ reports when a tight source cannot reach the requested face size (0.049833ms)
  ✔ applies the continuous face ratio consistently (0.07075ms)
  ✔ centers the estimated crown-to-chin region in head mode (0.052875ms)
  ✔ centers segmented visible head bounds instead of the facial axis (0.053417ms)
  ✔ keeps zoom identical across centering modes (0.077542ms)
  ✔ keeps face-ratio changes effective when full-head protection is disabled (0.127875ms)
  ✔ keeps legacy near-square avatars aligned with cover preview layout (0.692875ms)
  ✔ detects the native cover-compatible default transform (0.042792ms)
  ✔ does not let a tainted canvas export crash the editor (0.113208ms)
✔ renderer avatarCrop (2.616ms)
▶ video batch request scope
  ✔ requires and preserves the current library on library-surface requests (0.905958ms)
  ✔ keeps application-settings requests in explicit global compatibility mode (0.057917ms)
✔ video batch request scope (1.310333ms)
▶ avatarCrop
  ✔ round-trips a valid v1 crop (1.030334ms)
  ✔ rejects crop when fingerprint mismatches (0.081458ms)
  ✔ scales offsets when viewSize changes (0.077458ms)
✔ avatarCrop (1.585ms)
▶ normalizeClassificationName
  ✔ uses the shared identity normalization without collapsing meaningful script differences (0.891375ms)
  ✔ rejects names that become empty after normalization (0.1635ms)
✔ normalizeClassificationName (1.436792ms)
✔ only accepts finite thumbnail variants and preserves preview URL components (0.651625ms)
▶ buildLibraryScanNotification
  ✔ keeps a no-change successful scan quiet (0.471333ms)
  ✔ notifies for changes and reports each destructive count separately (0.110958ms)
  ✔ reports a metadata-only resource refresh as an update (0.523916ms)
  ✔ reports pending scan groups and their resource count before ordinary changes (0.04625ms)
  ✔ prioritizes offline and error outcomes over ordinary change notices (0.037542ms)
  ✔ reports isolated STRM failures without exposing target content (0.074459ms)
  ✔ reports a blocking processing failure before isolated STRM failures (0.051125ms)
✔ buildLibraryScanNotification (1.75375ms)
▶ sanitizeLibraryScanError
  ✔ removes HTTP credentials, query parameters, Magnet data, and ED2K targets (0.514333ms)
  ✔ bounds arbitrary errors and never throws while formatting them (0.102458ms)
✔ sanitizeLibraryScanError (0.976666ms)
▶ normalizeLibraryScanSummary
  ✔ persists completed STRM failures with safe messages and a 50-item bound (0.679ms)
✔ normalizeLibraryScanSummary (0.730375ms)
▶ NFO export foreground shortcut guard
  ✔ blocks reload, history, close, and application navigation shortcuts (0.334792ms)
  ✔ leaves modal controls and copy shortcuts usable (0.049ms)
✔ NFO export foreground shortcut guard (0.717208ms)
▶ selectDefaultPendingScanPrimary
  ✔ prefers local resources and keeps duration, size, and path ordering (0.385292ms)
  ✔ orders STRM resources by actual target kind and then source path (0.067333ms)
✔ selectDefaultPendingScanPrimary (0.826125ms)
▶ pluginDevKindProfile
  ✔ normalizes testTarget and testTargets (0.967833ms)
  ✔ splits test targets only on commas or newlines and trims each group (0.114542ms)
  ✔ uses typed explicit targets as a diagnostic subset (0.683833ms)
  ✔ rejects URL/path targets and wrong-kind arguments (0.180292ms)
  ✔ testTargetsFromDryRun extracts identity from dry-run result (0.080792ms)
  ✔ profiles expose kind-specific labels and field helpers (0.08425ms)
✔ pluginDevKindProfile (2.537333ms)
▶ plugin field semantics registry
  ✔ covers every video and actress field with valid symmetric conflicts (0.552ms)
  ✔ generates the Agent glossary from the selected registry fields (0.227291ms)
  ✔ projects female and male performers independently (0.578833ms)
  ✔ projects composite rating and measurements without collapsing their parts (0.062ms)
✔ plugin field semantics registry (1.847125ms)
▶ PluginResultContractModule
  ✔ classifies every structural and selectable result key by kind (0.872292ms)
  ✔ projects every manifest field through at least one standard result key (0.072791ms)
  ✔ lists unknown raw keys once without guessing a field mapping (0.090666ms)
  ✔ keeps actress identity and source metadata informational (0.162167ms)
  ✔ detects field-level partial cast projection and legacy female default (0.075458ms)
  ✔ maps composite measurements and rating to their legal manifest fields (0.061959ms)
  ✔ rejects empty and identity-only effective results mechanically (0.132459ms)
✔ PluginResultContractModule (1.883041ms)
▶ file scan audit presentation
  ✔ added new video (1.196ms)
  ✔ added existing video (0.060708ms)
  ✔ updated relocated (0.049208ms)
  ✔ updated metadata (0.0435ms)
  ✔ updated STRM (0.060834ms)
  ✔ pending new local (0.04525ms)
  ✔ pending retained STRM (0.04375ms)
  ✔ pending empty code and zero group (0.032041ms)
  ✔ skipped unchanged with video (0.059792ms)
  ✔ skipped short without video (0.073792ms)
  ✔ skipped duplicate with zero video (0.036125ms)
  ✔ unrecognized (0.051083ms)
  ✔ STRM failure (0.034125ms)
  ✔ processing failure (0.044875ms)
  ✔ preserves caller indices, path fallback and explicit undefined fields (0.105375ms)
✔ file scan audit presentation (2.435875ms)
▶ NFO secondary presentation
  ✔ imported: every primary outcome, warnings and attention (0.268ms)
  ✔ skipped: every primary outcome, warnings and attention (0.117ms)
  ✔ warning: every primary outcome, warnings and attention (0.127542ms)
  ✔ pending-candidate: every primary outcome, warnings and attention (0.118375ms)
  ✔ identity-conflict: every primary outcome, warnings and attention (0.102792ms)
  ✔ uses only the disposition-specific non-null pending id, including zero (0.077667ms)
✔ NFO secondary presentation (0.869958ms)
▶ resource scan audit presentation
  ✔ missing: full fields, source/title/display fallback and kinds (0.336792ms)
  ✔ removed_library_path: full fields, source/title/display fallback and kinds (0.325208ms)
  ✔ promoted_after_removal: full fields, source/title/display fallback and kinds (0.439458ms)
✔ resource scan audit presentation (1.134041ms)
✔ keeps optional enrichment fields structurally available without enriching raw views (0.046416ms)
▶ video resource source identity
  ✔ normalizes local file paths (0.33675ms)
  ✔ uses the STRM source file instead of its external target (0.05775ms)
  ✔ does not claim ownership of ordinary external resources (0.042208ms)
✔ video resource source identity (0.820542ms)
▶ videoResourceLinks
  ✔ normalizes HTTP identity without reordering query parameters or changing the path (0.799875ms)
  ✔ rejects local and executable protocols (0.145417ms)
  ✔ infers common video extensions as direct links and otherwise uses web links (0.061417ms)
  ✔ masks query parameters in normal display text (0.057708ms)
  ✔ converts optional MB, GB, and TB values to integer bytes (0.053459ms)
  ✔ uses the Magnet xt identity while preserving the original link and deriving a name (0.184709ms)
  ✔ uses the ED2K file hash identity while deriving its file name (0.046083ms)
✔ videoResourceLinks (1.724041ms)
ℹ tests 2411
ℹ suites 355
ℹ pass 2410
ℹ fail 0
ℹ cancelled 0
ℹ skipped 1
ℹ todo 0
ℹ duration_ms 49366.668291
