
> Javdex@0.6.2 pretest
> npm run check:actress-boundaries && npm run check:media-asset-store-boundaries && npm run check:metadata-source-boundaries && npm run check:classification-entity-boundaries && npm run check:agent-platform-boundaries && npm run lint && npm run check:css-architecture && npm run check:ui-controls


> Javdex@0.6.2 check:actress-boundaries
> node scripts/check-actress-boundaries.mjs

Domain IPC, shared types, and process dependency boundaries are valid.

> Javdex@0.6.2 check:media-asset-store-boundaries
> node scripts/check-media-asset-store-boundaries.mjs

MediaAssetStore implementation boundaries are valid.

> Javdex@0.6.2 check:metadata-source-boundaries
> node scripts/check-metadata-source-boundaries.mjs

Video metadata source boundaries are valid.

> Javdex@0.6.2 check:classification-entity-boundaries
> node scripts/check-classification-entity-boundaries.mjs

Classification entity storage and routing boundaries are valid.

> Javdex@0.6.2 check:agent-platform-boundaries
> node scripts/check-agent-platform-boundaries.mjs

Agent platform boundaries OK

> Javdex@0.6.2 lint
> npm run lint:ts && npm run lint:css


> Javdex@0.6.2 lint:ts
> eslint "src/**/*.{ts,tsx}" "electron.vite.config.ts"


> Javdex@0.6.2 lint:css
> stylelint "src/renderer/src/**/*.module.css" --allow-empty-input


> Javdex@0.6.2 check:css-architecture
> node scripts/check-css-architecture.mjs

CSS architecture checks passed.
┌─────────────────────────────────┬────────┐
│ (index)                         │ Values │
├─────────────────────────────────┼────────┤
│ cssFileCount                    │ 90     │
│ globalClassCount                │ 1155   │
│ crossFileDuplicateClassCount    │ 143    │
│ descendantSelectorCount         │ 803    │
│ importantDeclarationCount       │ 12     │
│ hardcodedColorDeclarationCount  │ 166    │
│ globalStateClassCount           │ 88     │
│ rawButtonClassOccurrenceCount   │ 3      │
│ classNameBehaviorInferenceCount │ 0      │
└─────────────────────────────────┴────────┘

> Javdex@0.6.2 check:ui-controls
> node scripts/check-ui-controls.mjs

UI control checks passed: shared Switch / Checkbox only.

> Javdex@0.6.2 test
> npm run typecheck && npm run test:packaging && node scripts/run-electron-tests.mjs


> Javdex@0.6.2 typecheck
> npm run typecheck:node && npm run typecheck:web


> Javdex@0.6.2 typecheck:node
> tsc --noEmit -p tsconfig.node.json --composite false


> Javdex@0.6.2 typecheck:web
> tsc --noEmit -p tsconfig.web.json --composite false && tsc --noEmit -p tsconfig.browser.json


> Javdex@0.6.2 test:packaging
> node --test scripts/packaging-runtime.test.mjs

TAP version 13
# Subtest: pruneBetterSqlitePrebuilds retains only the current platform and arch
ok 1 - pruneBetterSqlitePrebuilds retains only the current platform and arch
  ---
  duration_ms: 1.683833
  type: 'test'
  ...
# Subtest: pruneBetterSqliteBuildFiles removes sources but preserves runtime files
ok 2 - pruneBetterSqliteBuildFiles removes sources but preserves runtime files
  ---
  duration_ms: 1.50925
  type: 'test'
  ...
# Subtest: better-sqlite3 prebuild selection covers every configured packaging platform
ok 3 - better-sqlite3 prebuild selection covers every configured packaging platform
  ---
  duration_ms: 0.089333
  type: 'test'
  ...
# Subtest: pruneElectronFrameworkLocales keeps English and Chinese locale variants
ok 4 - pruneElectronFrameworkLocales keeps English and Chinese locale variants
  ---
  duration_ms: 2.124833
  type: 'test'
  ...
# Subtest: mac packaging selects a node-gyp compatible Python unless the caller chose one
ok 5 - mac packaging selects a node-gyp compatible Python unless the caller chose one
  ---
  duration_ms: 0.12475
  type: 'test'
  ...
# Subtest: packaged runtime smoke runs only for a host-compatible macOS executable
ok 6 - packaged runtime smoke runs only for a host-compatible macOS executable
  ---
  duration_ms: 0.330208
  type: 'test'
  ...
# Subtest: packaging retains the complete Cheerio runtime dependency chain
ok 7 - packaging retains the complete Cheerio runtime dependency chain
  ---
  duration_ms: 0.199625
  type: 'test'
  ...
# Subtest: mac packaging explicitly enables ad-hoc signing before invoking its custom signer
ok 8 - mac packaging explicitly enables ad-hoc signing before invoking its custom signer
  ---
  duration_ms: 0.078792
  type: 'test'
  ...
1..8
# tests 8
# suites 0
# pass 8
# fail 0
# cancelled 0
# skipped 0
# todo 0
# duration_ms 78.491167
▶ createAgentBrowserSchema
  ✔ exposes strict bounded vertical scroll branches without enabling input actions (1.074292ms)
  ✔ explains the evaluate restrictions and their supported alternatives before invocation (0.139417ms)
✔ createAgentBrowserSchema (1.608958ms)
▶ AgentConfiguration
  ✔ projects code-owned tools and permissions while injecting workload compaction (1.012916ms)
  ✔ binds metadata collection to the curator workload and explicit staging capabilities (0.084708ms)
  ✔ registers playlist import as an independent least-privilege use case (0.082333ms)
✔ AgentConfiguration (1.546708ms)
▶ AgentExecution
  ✔ runs the persistence hook before the runtime can commit its bootstrap observation (9.833292ms)
  ✔ opens one runtime session and delegates ten operations without a loop or second queue (4.833625ms)
  ✔ authorizes and records Pi native tools without persisting their output (2.637667ms)
  ✔ fails closed when a Pi native tool lacks a frozen capability grant (0.78625ms)
  ✔ restores a normal checkpoint without reading ExecutionHistory (0.777375ms)
  ✔ rebuilds only for typed checkpoint corruption and only once per generation (1.185917ms)
  ✔ releases runtime resources without closing the durable run (0.7205ms)
  ✔ closes a durable run after its runtime was already released (0.566667ms)
✔ AgentExecution (21.860209ms)
✔ preserves newer product log references when aborting after a domain-only state update (0.67725ms)
✔ preserves append-only plugin history during checkpoint recovery: success (28.331125ms)
✔ preserves append-only plugin history during checkpoint recovery: hash-failure (28.460291ms)
✔ preserves append-only plugin history during checkpoint recovery: rebuild-failure (21.1235ms)
✔ preserves append-only plugin history during checkpoint recovery: unreconciled-tool (12.395708ms)
▶ AgentRunStore
  ✔ returns every durable non-closed run so each use case can apply its recovery policy (6.602125ms)
  ✔ persists a frozen config without serializing credentials or functions (1.031083ms)
  ✔ encrypts recovery payloads and fails closed on integrity damage (3.347041ms)
  ✔ accepts an idempotent operation once and settles only named command ids (1.624916ms)
  ✔ keeps repeated product events from the same operation in append order (1.439083ms)
  ✔ does not overwrite a terminal runtime fault when the runtime subsequently settles (1.419125ms)
  ✔ allows one rebuild attempt per recovery generation (1.18925ms)
  ✔ records artifact refs in the product journal and fails closed on damaged refs (2.556084ms)
✔ AgentRunStore (20.225667ms)
▶ Agent product journal pagination
  ✔ reads the last cursor through the run/seq index without parsing any payload in a 100k journal (213.244583ms)
  ✔ pages with a strict size cap and no cross-run, duplicate or skipped events despite sequence gaps (28.504083ms)
✔ Agent product journal pagination (241.875375ms)
▶ Agent recovery enumeration
  ✔ filters use case and status before parsing, lazily loads one product, and releases temporary ID pages (88.9375ms)
  ✔ keeps the original recovery order across pages while timestamps change and excludes runs created mid-iteration (39.29875ms)
  ✔ drops the temporary snapshot if an owned payload cannot be parsed (0.618333ms)
✔ Agent recovery enumeration (128.940167ms)
▶ cache affinity
  ✔ is stable, role-separated and does not expose source identifiers (1.194375ms)
✔ cache affinity (1.695583ms)
▶ resolveEffectiveMaxTokens
  ✔ uses the model maximum when the preset limit is zero (0.548042ms)
  ✔ uses the lower positive limit (0.108875ms)
  ✔ rejects invalid limits instead of forwarding zero to the provider (0.168667ms)
  ✔ restores a zero sentinel as one frozen positive provider limit (2.167333ms)
  ✔ resolves live models only by workload (1.965625ms)
✔ resolveEffectiveMaxTokens (7.303583ms)
▶ ModelInvocation
  ✔ uses injected frozen verifier access and forwards preset limits and cancellation (4.197708ms)
✔ ModelInvocation (4.740416ms)
▶ ModelManagementModule
  ✔ builds the migration backup from a strict non-secret provider whitelist (0.701708ms)
  ✔ migrates released settings once and then reads the same v2 revision (10.790541ms)
  ✔ fails closed for an invalid v2 document (0.515042ms)
  ✔ fails closed for malformed nested v2 data and embedding catalog entries (2.905917ms)
  ✔ saving a provider never changes workload assignments (7.935292ms)
  ✔ refreshes protocol-derived model metadata when a connection contract changes (2.079416ms)
  ✔ never exposes credentials or Base URL query secrets in renderer snapshots (2.035375ms)
  ✔ changing the default affects inherited workloads but preserves an explicit plugin model (6.353209ms)
  ✔ freezes the workload context limit into resolved model access (4.5495ms)
  ✔ rejects removing an in-use model and reports the exact workload (3.922375ms)
  ✔ restores the previous credential when configuration persistence fails (1.234084ms)
  ✔ does not touch credentials or storage on a stale revision (2.03425ms)
  ✔ keeps discovery ephemeral and reset removes manual overrides (6.151333ms)
  ✔ rejects non-tool Agent models and unsupported long cache (5.204ms)
✔ ModelManagementModule (57.521417ms)
▶ ToolHost
  ✔ records capability denials before failing closed (16.004709ms)
  ✔ requires a one-use approval permit for install effects (5.73225ms)
  ✔ stores only bounded hashes for tool output and errors (1.754ms)
  ✔ approves only the selected request when multiple approvals are pending (2.580709ms)
  ✔ keeps only the latest pending approval for single-card product flows (3.299417ms)
  ✔ revokes a persisted approval when the continuation dispatch fails (3.045667ms)
  ✔ discards pending and approved permits during terminal cleanup (2.348083ms)
  ✔ binds an approval permit to mutable domain scope as well as visible tool args (2.469458ms)
  ✔ serializes calls sharing a resource without scheduling batches (34.606791ms)
  ✔ marks interrupted writes uncertain and blocks callbacks after waiting or terminal state (2.21425ms)
  ✔ does not start an unkeyed handler when its signal is already aborted (1.231291ms)
  ✔ enforces deadlines even when a handler ignores AbortSignal (23.092167ms)
  ✔ does not let a late handler result overwrite an uncertain timeout (22.625417ms)
  ✔ keeps the resource locked until a timed-out non-cooperative handler really settles (62.515666ms)
  ✔ keeps a queued cancellation from letting a third call bypass the active resource holder (12.141459ms)
✔ ToolHost (197.21875ms)
▶ PiRuntime contract
  ✔ allows workspace reads and dev notes but keeps host-owned facts read-only (2.117667ms)
  ✔ loads only frozen workspace Skills and exposes the selected Pi native file tools (2140.395375ms)
  ✔ rejects a workspace Skill that differs from the frozen run configuration (4.284916ms)
  ✔ keeps one long-lived session for ten turns with controlled resources and stable affinity (56.696333ms)
  ✔ keeps the run healthy when Pi recovers from a transient provider error (23.0425ms)
  ✔ emits one terminal runtime fault after provider retries are exhausted (20.26825ms)
  ✔ does not turn a user-cancelled provider retry into a runtime fault (12.538833ms)
  ✔ exposes only the resolved custom allowlist and crosses the durable tool-result barrier (13.681291ms)
  ✔ releases the runtime after durable persistence fails during a tool call (10.2015ms)
  ✔ honors a terminating control result even when the domain tool reports failure (14.435125ms)
  ✔ starts a new turn when a follow-up is dispatched after a terminating handoff settled (14.2215ms)
  ✔ does not compact or inject a host recovery prompt after a length stop (17.992875ms)
  ✔ does not start a host continuation after the model-turn budget stops the operation (15.444917ms)
  ✔ enforces the configured per-operation model-turn budget (11.616458ms)
✔ PiRuntime contract (2357.911459ms)
✔ counts the same all-gender avatar targets without projecting profiles or joining works (16.882375ms)
✔ pages a fixed target set and bounds labels after live insert, delete and rename (215.177583ms)
✔ handles empty sets and connection closure without recreating a database (18.971792ms)
✔ rolls back the temporary table if snapshot population fails (13.200625ms)
✔ returns only target identity in ID order without counting works with all path and gender semantics (23.197958ms)
✔ matches the complete renderer gallery order across source, ratio and nullable-position boundaries (35.890166ms)
✔ returns empty versus missing actors and validates finite safe page bounds (19.188542ms)
✔ keeps count and ordered page together while another connection removes a display source (11.225083ms)
✔ returns profile counts and the global first picture without loading complete works or gallery rows (39.916166ms)
✔ keeps profile fields, physical/display counts and first picture on one read snapshot (10.833125ms)
✔ locates a stable photo after reordering, before paging and within the requested actor/source scope (11.920584ms)
✔ matches merge gender and owned search semantics while paging by full name (32.822584ms)
✔ counts each visible video once across overlapping libraries and excludes hidden/archived/orphaned videos (27.032583ms)
✔ counts only returned candidates, excluding lookahead, and skips counts for an empty page (10.597ms)
✔ keeps candidate rows and counts on the same snapshot when another connection writes (17.569667ms)
✔ bounds labels/avatars and validates inputs and missing keep actors (31.727458ms)
✔ pages narrow labels from 10000 actors without catalog statistics or profile data (210.515917ms)
✔ preserves owned-name search matching and includes all genders (11.603375ms)
✔ sorts full names before shortening labels and bounds escaped JSON payloads (16.219625ms)
✔ rejects invalid limits, offsets and overlong search before reading (7.473375ms)
✔ bounds labels containing embedded NUL without losing the valid prefix (15.47325ms)
✔ keeps a full page below512KiB even with worst-case JSON escaping (15.070541ms)
✔ reads current picker identity by ID without hydrating actor works or profile (15.129041ms)
▶ actressRepo actress name ownership
  ✔ changes the main-name row and ownership together when an actress is renamed (18.189292ms)
  ✔ keeps ownership while another name type still declares the same normalized name (10.606041ms)
  ✔ rolls back the complete manual edit when any declared name has another owner (16.454791ms)
  ✔ rolls back profile changes and compensates new avatar files when the database write fails (34.332375ms)
✔ actressRepo actress name ownership (80.463583ms)
▶ actressRepo.listActresses
  ✔ excludes migrated pending names from search and exact identity lookup (14.468583ms)
  ✔ does not match a replaced main name that is not kept as an explicit alias (12.757208ms)
  ✔ matches main name, alias, and typed names (10.253083ms)
  ✔ treats SQL LIKE metacharacters as literal search text (10.190834ms)
  ✔ ignores stored names that are not visible name types (9.5165ms)
  ✔ sorts by video count descending by default (10.108333ms)
  ✔ projects only videos that remain reachable through an active visible library membership (10.548166ms)
✔ actressRepo.listActresses (78.13625ms)
▶ actressRepo.listActressPage
  ✔ returns a stable slice with the total number of matching actresses (14.632334ms)
  ✔ pages an explicit renderer-session actress subset with complete totals (15.094959ms)
  ✔ returns the cumulative status of every actress with per-status counts (12.277292ms)
  ✔ filters by each status while keeping the counts of the unfiltered scope (12.452584ms)
  ✔ combines the status filter with search, gender and sort (13.448084ms)
  ✔ counts statuses within the current search and gender scope (10.887458ms)
  ✔ treats a missing status as all statuses (11.875ms)
  ✔ keeps avatar file health outside the pure database query (7.833875ms)
  ✔ does not derive avatar fingerprints during a database list query (7.886875ms)
  ✔ returns minimal avatar path candidates without inspecting files (9.369917ms)
✔ actressRepo.listActressPage (116.0805ms)
▶ actressRepo.clearActressMetadataRecord
  ✔ clears scraped profile fields while keeping main name and video links (10.431125ms)
  ✔ clears non-name metadata without claiming a migrated pending main name (13.770708ms)
  ✔ resets every cumulative state to unscraped and drops the success time (9.366875ms)
  ✔ keeps related links when clearing actress metadata (11.41175ms)
✔ actressRepo.clearActressMetadataRecord (45.102708ms)
▶ actress related links
  ✔ stores related links on an actress and returns them on detail (12.592667ms)
  ✔ unions related links on merge with the keeper first (14.615166ms)
✔ actress related links (27.272125ms)
▶ actressRepo.deleteUnlinkedActresses
  ✔ deletes every selected unlinked actress and returns its stored assets for cleanup (8.084ms)
  ✔ rejects the whole batch when any selected actress still has a linked video (8.27ms)
✔ actressRepo.deleteUnlinkedActresses (16.422166ms)
▶ actressRepo.mergeActresses
  ✔ merges videos, aliases, and gallery into the keeper (10.757125ms)
  ✔ rejects merging actresses with different genders (9.426042ms)
  ✔ can adopt the merged actress main name (9.204583ms)
  ✔ rolls back the whole merge when final main-name reconstruction fails (11.037042ms)
  ✔ rolls back the whole merge when alias reconstruction fails (13.059084ms)
  ✔ rejects the whole merge when any resulting name belongs to a third actress (25.100375ms)
  ✔ rejects the whole merge when the selected final main name belongs to a third actress (11.563959ms)
  ✔ resolves a migrated pending name claimed only by the two merged actresses (11.630291ms)
  ✔ preserves existing aliases without reapplying scraped-value heuristics (10.245792ms)
  ✔ deletes unusable keeper avatar assets after adopting the merged actress avatar (22.70425ms)
  ✔ keeps 未刮削 when merging 未刮削 into 未刮削 (11.275458ms)
  ✔ keeps 刮削失败 when merging 刮削失败 into 未刮削 (10.076875ms)
  ✔ keeps 刮削成功 when merging 刮削成功 into 未刮削 (11.59675ms)
  ✔ keeps 刮削失败 when merging 未刮削 into 刮削失败 (10.021458ms)
  ✔ keeps 刮削失败 when merging 刮削失败 into 刮削失败 (8.301042ms)
  ✔ keeps 刮削成功 when merging 刮削成功 into 刮削失败 (7.613833ms)
  ✔ keeps 刮削成功 when merging 未刮削 into 刮削成功 (8.883708ms)
  ✔ keeps 刮削成功 when merging 刮削失败 into 刮削成功 (7.962625ms)
  ✔ keeps 刮削成功 when merging 刮削成功 into 刮削成功 (7.848167ms)
  ✔ keeps the newer success time when the keeper succeeded more recently (8.36575ms)
  ✔ ignores a success time left on a record that is not scraped successfully (7.672584ms)
✔ actressRepo.mergeActresses (234.915584ms)
▶ actressRepo.listActressesForBatchScrape
  ✔ filters by scope and missing fields (6.72675ms)
  ✔ filters actresses by cumulative scrape status (6.938583ms)
  ✔ combines gender and scrape status filters (7.002ms)
  ✔ matches actresses missing any selected profile field (8.654458ms)
  ✔ limits batch targets to the explicitly selected actress ids (9.118125ms)
✔ actressRepo.listActressesForBatchScrape (38.563708ms)
▶ actressRepo.resolveEffectiveActressScrapeFields
  ✔ fillEmpty keeps only currently missing fields (8.79275ms)
  ✔ fillEmpty treats broken avatar files as missing without mutating during planning (12.029042ms)
✔ actressRepo.resolveEffectiveActressScrapeFields (21.385292ms)
▶ actressRepo.clearBrokenActressAvatarIfNeeded
  ✔ includes broken avatars in batch missing-avatar targets (7.446625ms)
  ✔ clears broken avatar source and crop while keeping a usable display avatar (8.681917ms)
✔ actressRepo.clearBrokenActressAvatarIfNeeded (16.197958ms)
▶ actressRepo.getActressAvatarSourceInfo
  ✔ uses a legacy display avatar as the source without renderer fetch (11.828ms)
  ✔ prefers the saved original source after an avatar bundle is created (11.091ms)
✔ actressRepo.getActressAvatarSourceInfo (22.981375ms)
▶ actressRepo.setActressAvatarBundle
  ✔ persists avatar source, display, and crop; recrops without replacing the source (9.218833ms)
  ✔ adopts recognized legacy image bytes when native dimension probing is unavailable (12.369208ms)
  ✔ repairs an existing source whose stored extension does not match its bytes (9.900125ms)
  ✔ rejects invalid display bytes before writing the avatar bundle (9.971916ms)
  ✔ keeps source paths distinct for equal-length Chinese names with identical bytes (9.395875ms)
✔ actressRepo.setActressAvatarBundle (50.989834ms)
▶ actressRepo cumulative scrape status
  ✔ keeps an actress created by video scraping unscraped and exposes the status in detail (10.480041ms)
✔ actressRepo cumulative scrape status (10.519792ms)
▶ actressRepo cumulative scrape status maintenance invariants
  ✔ keeps 未刮削 and its success time through manual maintenance (12.699583ms)
  ✔ keeps 刮削成功 and its success time through manual maintenance (10.212375ms)
  ✔ keeps 刮削失败 and its success time through manual maintenance (12.490959ms)
✔ actressRepo cumulative scrape status maintenance invariants (35.477375ms)
▶ actressRepo.upsertActressFromScrape avatar adopt
  ✔ adopts a downloaded avatar into source+display+crop and drops the temp path (10.165833ms)
  ✔ gives equal-length Chinese names distinct avatar files from the same download bytes (9.142ms)
  ✔ does not replace an existing usable avatar (11.523875ms)
✔ actressRepo.upsertActressFromScrape avatar adopt (30.909208ms)
▶ actressRepo.backfillActressGalleryAssetDimensions
  ✔ probes stored local files and fills missing gallery dimensions (13.372834ms)
✔ actressRepo.backfillActressGalleryAssetDimensions (13.413875ms)
▶ actressRepo query purity
  ✔ does not change database rows or stored resources when listing and reading details (12.2295ms)
✔ actressRepo query purity (12.26275ms)
▶ actressRepo.posterPath
  ✔ clears the poster when the referenced gallery image is deleted (10.533459ms)
✔ actressRepo.posterPath (10.589ms)
▶ actressRepo.replaceActressGalleryAssets
  ✔ keeps local paths that remain in the replaced asset set (12.858125ms)
✔ actressRepo.replaceActressGalleryAssets (12.892416ms)
▶ actressRepo.recordActressScrapeFailure
  ✔ records failure without writing a success time or changing profile fields (12.167917ms)
✔ actressRepo.recordActressScrapeFailure (12.204708ms)
▶ actressRepo.markActressScrapeSucceeded
  ✔ promotes an unscraped actress and stamps the missing success time (11.9095ms)
  ✔ promotes a failed actress and stamps the missing success time (12.820708ms)
  ✔ keeps an existing success time instead of restamping it (12.671333ms)
  ✔ stamps a success time over a blank stored time (10.036042ms)
  ✔ rejects marking an actress that does not exist (8.84875ms)
✔ actressRepo.markActressScrapeSucceeded (56.417375ms)
▶ actressRepo.applyActressScrapeResult
  ✔ keeps every selected field plan aligned with the replace database result (42.430084ms)
  ✔ keeps every selected field plan aligned with the fillEmpty database result (13.320166ms)
  ✔ keeps every selected field plan aligned with the replaceIfPresent database result (11.100625ms)
  ✔ does not backfill gallery metadata while building a read-only plan (10.517833ms)
  ✔ plans and applies a fillEmpty avatar over a broken stored path consistently (10.779292ms)
  ✔ previews replace clears without changing the actress or deleting assets (7.516625ms)
  ✔ does not claim a scrape was applied when every returned alias is unusable (12.324333ms)
  ✔ rolls back profile data and cumulative success when gallery persistence fails (11.644875ms)
  ✔ skips invalid downloaded avatars while applying other profile fields (18.575958ms)
  ✔ replace keeps manual crop when scraped avatar bytes match existing source (15.851291ms)
  ✔ replace adopts a new avatar when scraped bytes differ from existing source (18.539ms)
  ✔ replace clears an existing avatar when the source returns no avatar (20.646084ms)
  ✔ replace preserves an existing avatar when a returned avatar fails to download (13.879375ms)
  ✔ fillEmpty preserves existing measurement values while filling missing ones (10.763042ms)
  ✔ replaceIfPresent updates existing profile values while preserving null scrape results (10.86725ms)
  ✔ replace clears every selected non-avatar field when the matched source returns no values (12.189083ms)
  ✔ replaceIfPresent rejects all fields when every returned alias conflicts (9.771542ms)
  ✔ fillEmpty does not report success when measurements only repeat a filled component (8.3165ms)
  ✔ rejects the whole scraped result when any alias has another owner (11.419541ms)
  ✔ treats canonically equivalent scraped aliases as conflicts (10.398125ms)
✔ actressRepo.applyActressScrapeResult (281.339125ms)
✔ pages female test choices by full name and retains owned alias search without wide data (115.062ms)
✔ resolves the complete current runtime identity rather than its shortened display label (9.426375ms)
✔ pages the same visible works once across libraries with stable date ties and narrow cards (113.990375ms)
✔ distinguishes missing and empty actors and rejects unbounded or invalid page arguments (10.741959ms)
✔ keeps count and cards on the same read snapshot during an external visibility change (12.053292ms)
✔ reads complete profile metadata without querying any associated works (9.422667ms)
✔ filters covers before counting and paging, retaining the old truthy-path semantics (15.495917ms)
▶ AgentMetadataDraftRepo
  ✔ keeps one ready draft per target and returns superseded staging paths (10.593667ms)
  ✔ advances review revisions and stores an idempotent terminal outcome (7.929833ms)
  ✔ fails closed when a stored draft uses an unsupported adapter version (6.78875ms)
✔ AgentMetadataDraftRepo (26.208583ms)
✔ detects local writes, external commits and connection replacement without changing schema (21.22275ms)
▶ home discovery repo
  ✔ returns one bounded status summary for every visible media library (24.781167ms)
  ✔ uses membership time for recent additions and deduplicates shared videos (13.070708ms)
  ✔ keeps a discovery batch stable until the seed changes (19.077541ms)
  ✔ does not recommend a membership that has no playable resource in an eligible library (15.341291ms)
  ✔ does not recommend a local-only membership whose media-library root is disabled (13.199125ms)
  ✔ excludes managed resources owned by pending-removal or archived roots (15.230875ms)
  ✔ keeps rootless external links and active-root local or STRM resources eligible (12.569958ms)
  ✔ does not accept a managed resource whose root belongs to another library (5.067666ms)
  ✔ binds a shared recommendation to the source membership that has its playable resource (10.294834ms)
  ✔ searches globally without duplicates and honors an explicit library filter (9.34075ms)
  ✔ excludes libraries disabled for home discovery (9.458458ms)
  ✔ matches global ranking across cursor wrap, equal keys and hidden shared memberships (8888.568334ms)
  ✔ keeps large recent and discovery loads bounded and index-backed (42.578416ms)
  ✔ paginates a large global search without duplicates or per-row queries (84.109458ms)
✔ home discovery repo (9165.913ms)
▶ libraryCleanup
  ✔ collects actress hints from a video (15.059333ms)
  ✔ prunes stub actresses after video links are removed (19.2595ms)
  ✔ does not prune an actress with meaningful profile data (17.306875ms)
  ✔ deletes tags that are no longer linked to any video (11.983875ms)
✔ libraryCleanup (64.438833ms)
▶ library membership repo
  ✔ creates an idempotent explicit membership with a stable discovery key (11.640083ms)
  ✔ removes only the selected library membership (4.697667ms)
  ✔ rejects archived or missing libraries (4.450583ms)
  ✔ recognizes only visible memberships in an active library surface (3.629ms)
  ✔ does not automatically remove a resource-less membership referenced by a playlist (5.604917ms)
✔ library membership repo (31.455333ms)
▶ libraryScanRepo latest snapshot
  ✔ updates the pending path after a rename without rewriting the original scan audit (18.276167ms)
  ✔ returns summary, audit, and unrecognized files only from the requested library (18.519709ms)
  ✔ transactionally settles scan runs abandoned by the previous process (16.578208ms)
  ✔ releases archive and root-migration busy gates after restart recovery (12.351708ms)
  ✔ returns an empty snapshot before the first run and rejects an unknown library (11.018833ms)
✔ libraryScanRepo latest snapshot (77.86425ms)
▶ mediaLibraryRepo
  ✔ creates a library, typed config, and canonical root projection atomically (18.90325ms)
  ✔ projects pending scan counts once per library without multiplying across roots (14.99075ms)
  ✔ keeps library and config revisions independent and rejects stale writes (10.469958ms)
  ✔ rejects same, parent, child, and realpath-alias roots across active libraries (16.2575ms)
  ✔ lets disabled roots release paths and revalidates them before enabling (13.858292ms)
  ✔ preserves continuity-owned root identities while allowing empty roots to rebind (14.816625ms)
  ✔ rejects archived-library restore when any continuity-owned root changed identity (13.549625ms)
  ✔ rejects ordinary edits while a root is pending removal or archived (8.029208ms)
  ✔ requires explicit migration or cleanup before changing a root-owned path (15.166708ms)
  ✔ archives roots atomically, releases their paths, and rechecks on restore (23.071125ms)
  ✔ scopes local and STRM source identity while disabled and archived roots release paths (14.584208ms)
  ✔ protects the default library and refuses to archive pending root cleanup (13.7095ms)
  ✔ requires a non-default library to be archived before preview or permanent deletion (15.96525ms)
  ✔ deletes roots and non-default libraries using the current library revision (18.177667ms)
  ✔ blocks archiving and deletion while root cleanup is active (12.5715ms)
  ✔ blocks archiving and deletion while a scan run is active (10.008125ms)
  ✔ rejects a deletion preview made stale by global video lifecycle changes (17.467666ms)
  ✔ invalidates deletion impact when another library changes the exclusive-video count (11.436959ms)
  ✔ previews all owned data and permanently deletes only database ownership (23.501708ms)
  ✔ returns a frozen scan snapshot containing only active roots (11.690416ms)
  ✔ projects independently configured automatic scan state in stable library order (14.479958ms)
  ✔ accepts offline absolute roots but rejects relative paths and files (11.628375ms)
  ✔ does not let direct disabled-root deletion cascade diagnostic records (9.770708ms)
  ✔ atomically freezes the filesystem identity when an offline root first comes online (9.272292ms)
  ✔ rejects scan-time identity binding for an identity-less root with resource ownership (13.460208ms)
  ✔ rejects scan-time identity binding for an identity-less root with pending ownership (13.970958ms)
  ✔ rejects scan-time identity binding for an identity-less root with unrecognized ownership (9.1275ms)
  ✔ rejects activation of an identity-less disabled root with owned resources (13.423958ms)
  ✔ rejects restore of an identity-less archived root with owned resources (9.664291ms)
  ✔ rejects a newly-online alias of another active root without partially binding it (7.435875ms)
✔ mediaLibraryRepo (412.362042ms)
▶ media-library root migration repo
  ✔ previews and atomically migrates root-owned state without touching disk or global videos (22.883917ms)
  ✔ uses the shared availability-aware promotion rule within the source library and video (18.575708ms)
  ✔ rejects stale previews and rolls the entire migration back (13.356333ms)
  ✔ rejects resource or pending changes made after preview even when library revisions are unchanged (10.157208ms)
  ✔ moves terminal cleanup history to the replacement root during preview-confirmed migration (15.178958ms)
  ✔ rejects a stale migration preview when terminal cleanup history changes (20.592834ms)
  ✔ rolls back every dataset when a late migration write fails (19.957375ms)
  ✔ fails closed while either library has an active scan or cleanup job (9.308042ms)
  ✔ treats a failed legacy cleanup waiting marker as active work in preview and commit (10.495875ms)
  ✔ rejects target resource conflicts before mutation (17.115ms)
  ✔ rejects target unrecognized-file conflicts before mutation (8.781333ms)
  ✔ rejects target pending-scan path conflicts during preview (7.896792ms)
  ✔ moves a disabled root without enabling it in the target library (16.3835ms)
✔ media-library root migration repo (192.182792ms)
▶ database schema
  ✔ adds STRM source identity without changing existing resource identity or link deduplication (14.1525ms)
  ✔ allows duplicate codes while enforcing complete video business identity (5.354125ms)
  ✔ upgrades video identity without changing ids, resources, or site sources (8.893958ms)
  ✔ leaves a v10 database untouched when normalized business identities conflict (1.51475ms)
  ✔ migrates legacy classification text into stable entities and retires legacy storage (19.351125ms)
  ✔ retires v8 text storage without changing video metadata, entity ids, or child resources (36.486667ms)
  ✔ stores classification profiles, hierarchy, roles, links, and video references (6.005875ms)
  ✔ rolls back the complete classification migration when entity creation fails (1.312541ms)
  ✔ rolls back classification entities when retiring legacy storage fails (4.045625ms)
  ✔ migrates uncontested names to ownership and preserves cross-actress collisions for review (21.861167ms)
  ✔ rolls back name ownership data and schema version when migration fails (17.645417ms)
  ✔ creates the current schema and records user_version (6.038833ms)
  ✔ migrates v6 video files to local resources without losing data (7.706875ms)
  ✔ migrates released v1 inline video files and removes the obsolete write constraint (13.086458ms)
  ✔ rejects databases newer than the supported schema version (1.957375ms)
  ✔ upgrades v1 actresses table with avatar source columns (9.636917ms)
  ✔ upgrades v2 actress names to one current primary name without removing visible names (7.598ms)
  ✔ leaves current-version databases unchanged (0.249333ms)
  ✔ classifies v3 actresses only when a success time has actual profile evidence (6.769875ms)
  ✔ keeps the migrated classification unchanged when migration is run again (11.657875ms)
  ✔ rolls back the whole actress status migration when classification fails (1.380709ms)
✔ database schema (204.313792ms)
▶ V14 unreleased feature consolidation migration
  ✔ creates a fresh database with one active default media library (12.837625ms)
  ✔ upgrades released V13 data while keeping playlist import sessions out of the schema (7.889834ms)
  ✔ scopes pending path identity to each library in the final V14 schema (4.662875ms)
  ✔ enforces one primary per membership while archived sources can be adopted by another library (3.241417ms)
  ✔ rolls back V14 when released source paths normalize to the same identity (1.196875ms)
✔ V14 unreleased feature consolidation migration (30.913375ms)
▶ V15 local NFO import migration
  ✔ creates fresh V15 databases with automatic import enabled and identity constraints (5.29775ms)
  ✔ upgrades V14 rows, preserves the default, and enforces minimal pending identity snapshots (0.864917ms)
  ✔ rolls the migration back and leaves user_version at V14 on schema conflict (0.531583ms)
✔ V15 local NFO import migration (7.190667ms)
✔ adds the cleanup queue and later indexes when upgrading V15 and preserves old business data and damaged diagnostic state (15.297417ms)
✔ rolls back both DDL and version when V16 fails after table creation, then upgrades on retry (5.686375ms)
✔ upgrades V16 without changing any business rows or other schema and matches fresh V17 (29.361334ms)
✔ rolls back index DDL and version after drop failure, then retries (11.992875ms)
✔ rolls back index DDL and version after create failure, then retries (10.227792ms)
▶ getLibraryOverviewStats
  ✔ returns aggregate library counts (16.333042ms)
  ✔ counts actress cumulative status from scraped_status, not last_scraped_at (12.657583ms)
✔ getLibraryOverviewStats (29.848417ms)
✔ scopes scan identities and groups while returning only requested IDs from a large catalog (77.957042ms)
▶ pending resource identity repository
  ✔ persists the minimum conflict snapshot while exposing only safe presentation fields (19.774458ms)
  ✔ upserts one conflict per library path and enforces revision when deleting (15.030333ms)
  ✔ rejects paths outside the root, equal identities, and malformed STRM snapshots (15.57825ms)
  ✔ removes missing conflicts only under roots proven accessible by a safe scan (13.015666ms)
✔ pending resource identity repository (64.133417ms)
✔ pages10k scan decisions in legacy order, scopes active libraries and exposes no resource snapshots (75.982625ms)
▶ pendingScanRepo media-library scope
  ✔ keeps same-code groups and resource lookups isolated between libraries (21.432375ms)
  ✔ allows the same normalized path in different libraries while deduplicating inside each library (20.374416ms)
  ✔ rejects a root or group that belongs to another library (9.358667ms)
  ✔ increments revision on upsert and rejects a stale resolution atomically (9.946459ms)
  ✔ can assign the same global video in two libraries without crossing resources (15.628625ms)
  ✔ reconciles only selected roots in the selected library and bumps surviving groups (15.865833ms)
  ✔ refreshes a changed STRM snapshot and forces the caller to review the new revision (11.876875ms)
  ✔ moves an already-pending path to the new same-library code without leaving an empty group (11.837084ms)
  ✔ rolls back resources, memberships, and videos if final group deletion fails (12.885125ms)
✔ pendingScanRepo media-library scope (130.280167ms)
✔ counts a large pending inbox without decoding its snapshots and follows deletions (84.293958ms)
✔ pages a 10k inbox without materializing snapshots, locates deep links and clamps deleted pages (142.77975ms)
▶ playlistRepo
  ✔ paginates and filters identically to the full playlist without losing zero-resource rows (42.644583ms)
  ✔ limits a large playlist before returning card details (164.761334ms)
  ✔ keeps metadata out of subsequent video-page queries (9.544916ms)
  ✔ creates playlists with required name and optional fields (10.259667ms)
  ✔ adds videos once per playlist and lists detail videos (9.823042ms)
  ✔ keeps playlist references visible across hidden, archived and missing memberships (7.33675ms)
  ✔ updates playlist metadata and custom cover (9.495791ms)
  ✔ reports video membership and removes videos (9.070792ms)
  ✔ allows one video in multiple playlists without duplicates in one playlist (9.836125ms)
  ✔ rejects blank playlist names (7.630875ms)
  ✔ stores related links on create and update (7.210667ms)
✔ playlistRepo (288.292792ms)
✔ opens a separate read-only WAL connection with matching SQL functions and no migration (17.701958ms)
✔ keeps a read snapshot while the writer commits and observes it on the next transaction (7.603459ms)
✔ rejects missing, old, newer and non-WAL catalogs without initializing or migrating them (3.442417ms)
✔ does not publish an unsuccessfully initialized writer and permits a subsequent valid initialization (11.1215ms)
▶ scoped video catalog repo
  ✔ keeps list resources and membership time inside one library (9.89875ms)
  ✔ loads detail from the injected database and projects only the active library resources (6.318292ms)
  ✔ deduplicates global results and selects the newest eligible membership (7.316584ms)
  ✔ interprets the none resource filter within the selected scope (5.0625ms)
  ✔ treats an archived media-library scope as unavailable (6.976125ms)
  ✔ rejects invalid scope ids before building SQL (6.658792ms)
  ✔ keeps fixed actor and tag filters unique across shared and hidden memberships (12.069042ms)
  ✔ normalizes a single active library and serves no-count pages with identical ordering (15.496833ms)
  ✔ uses bounded indexed queries for a large scoped page (21.304125ms)
✔ scoped video catalog repo (92.540708ms)
▶ tagRepo.pruneUnusedTags
  ✔ deletes tags with no video links and keeps tags still used by a video (10.862375ms)
✔ tagRepo.pruneUnusedTags (11.510417ms)
▶ tagRepo selected labels
  ✔ looks up only selected IDs through the tag primary key and omits deleted IDs (14.946416ms)
  ✔ bounds display labels and JSON bytes without changing full stored names (11.196875ms)
  ✔ rejects invalid or oversized requests and does no SQL work for an empty selection (7.204625ms)
✔ tagRepo selected labels (33.530583ms)
▶ tagRepo manual candidates
  ✔ pages alphabetically without counts and retains hidden/manual-only associations (30.140333ms)
  ✔ preserves Unicode/literal substring matching and searches beyond display truncation (10.302792ms)
  ✔ uses tag-key existence checks under skewed statistics and validates its work limits (17.093167ms)
✔ tagRepo manual candidates (57.669875ms)
▶ tagRepo active catalog projection
  ✔ matches manual association and visibility semantics before and after statistics maintenance (30.277ms)
  ✔ deduplicates shared memberships and preserves manual origin and zero-count tags (6.831541ms)
  ✔ counts only videos that can be opened through the active visible catalog (7.28525ms)
✔ tagRepo active catalog projection (44.482875ms)
▶ tagRepo filter candidates
  ✔ paginates names before counts and matches global visibility counts with shared and archived members (12.643417ms)
  ✔ keeps Unicode literal search, bounded labels and page-only count parameters (31.0755ms)
✔ tagRepo filter candidates (43.790167ms)
▶ video lifecycle repo
  ✔ removes only one library membership and replays the same operation idempotently (9.253708ms)
  ✔ moves one external resource and keeps each library primary isolated (7.014375ms)
  ✔ promotes an available source fallback by kind and add time without crossing ownership scope (11.675666ms)
  ✔ rejects moving a local or STRM-managed source without transferring its root (6.292041ms)
  ✔ treats archived source libraries as read-only (3.882208ms)
  ✔ rejects a stale preview and globally deletes only after a fresh explicit preview (8.003875ms)
  ✔ invalidates a global-delete preview when any displayed relationship changes (5.239ms)
✔ video lifecycle repo (52.293791ms)
▶ videoRepo.scrapeStatus
  ✔ does not downgrade an already scraped video when a later scrape fails (11.718083ms)
  ✔ can manually mark an unscraped or failed video as scraped (8.582ms)
✔ videoRepo.scrapeStatus (21.179625ms)
▶ videoRepo.listVideos
  ✔ rejects attempts to restore classification text storage through generic updates (10.73975ms)
  ✔ sorts and paginates videos (8.642291ms)
  ✔ sorts facet videos by release date desc with missing dates last (12.992583ms)
  ✔ filters by status, year and facet fields (7.910917ms)
  ✔ applies multi-tag AND filters (8.188542ms)
  ✔ filters resource kinds with OR semantics and treats no-resource as zero rows (8.357167ms)
  ✔ projects resource count and primary-first deduplicated resource kinds (10.155334ms)
  ✔ searches videos by actress alias (11.602542ms)
  ✔ preserves SQL LIKE pattern matching in the video search actress branch (9.423334ms)
  ✔ excludes migrated pending actress names from video search (10.386625ms)
✔ videoRepo.listVideos (98.756458ms)
▶ videoRepo.getVideoDetail
  ✔ lists female cast before male cast (12.968334ms)
  ✔ includes external rating stats (7.81225ms)
✔ videoRepo.getVideoDetail (20.854875ms)
▶ videoRepo.setPrimaryVideoResource
  ✔ automatically marks the first resource as primary (12.016292ms)
  ✔ keeps the current primary when a requested primary insert is a duplicate (8.603208ms)
  ✔ marks one resource as primary and clears the previous primary (9.268042ms)
✔ videoRepo.setPrimaryVideoResource (29.974ms)
▶ videoRepo.posterPath
  ✔ clears the poster when the referenced sample is deleted (10.420917ms)
✔ videoRepo.posterPath (10.475917ms)
▶ videoRepo.listVideosForBatchScrape
  ✔ filters by scrape status (10.290084ms)
  ✔ can constrain batch targets to explicit selected video ids (10.392625ms)
  ✔ filters missing fields by stored path or link, not file health (11.242458ms)
✔ videoRepo.listVideosForBatchScrape (32.035708ms)
▶ videoRepo tags by origin
  ✔ orders scraped tags before manual tags in detail (9.127209ms)
  ✔ editVideoRecord only replaces scraped tags (8.516708ms)
  ✔ editVideoRecord drops unused scraped tags while keeping tags still used elsewhere (7.901542ms)
  ✔ clearVideoMetadataRecord deletes unused scraped tags and keeps manual tags (11.395667ms)
  ✔ editVideoRecord replaces female and male cast separately (11.478667ms)
  ✔ removeManualVideoTag only removes manual tags (8.512208ms)
  ✔ removeManualVideoTag keeps tag when scraped associations remain (10.629375ms)
  ✔ promotes scraped tag to manual when adding the same name (8.767666ms)
✔ videoRepo tags by origin (76.519666ms)
▶ classification IPC contract
  ✔ registers every command and forwards typed arguments to the public services (1.974625ms)
✔ classification IPC contract (2.327333ms)
▶ IPC path guards
  ✔ rejects a rename that contains a path component (0.452292ms)
  ✔ authorizes only files under the selected active root (1.224209ms)
  ✔ rejects a path when the persisted root has been replaced (0.6155ms)
  ✔ rejects a file that escapes a configured root through a symbolic link (1.077375ms)
✔ IPC path guards (3.839916ms)
▶ IPC sender security
  ✔ accepts the configured main window and main frame (0.551875ms)
  ✔ rejects another webContents, a child frame, and an untrusted URL (0.309583ms)
  ✔ matches dev origins but requires the exact production file (0.082083ms)
✔ IPC sender security (1.367042ms)
▶ media-library IPC schemas
  ✔ accepts the complete default config sent by the create wizard, including local NFO import (3.687666ms)
  ✔ accepts boolean local NFO settings on update and rejects malformed values on both paths (1.081667ms)
  ✔ accepts exact management commands and rejects loose object shapes (1.198541ms)
  ✔ rejects invalid ids and revisions on every optimistic command shape (0.364584ms)
  ✔ strictly validates home discovery and global-search inputs (0.420209ms)
✔ media-library IPC schemas (7.601333ms)
▶ media-library IPC handlers
  ✔ registers the complete contract and forwards validated arguments (0.403708ms)
  ✔ rejects malformed calls before a dependency is invoked (0.308125ms)
  ✔ preserves root continuity domain errors across validated IPC handlers (0.150083ms)
✔ media-library IPC handlers (0.937667ms)
▶ NFO export IPC schemas
  ✔ accepts the complete closed plan request and rejects missing or extra state (2.541708ms)
✔ NFO export IPC schemas (3.252ms)
▶ playlist import renderer lifecycle
  ✔ binds every recreated renderer once and cancels only on full navigation or loss (0.827334ms)
  ✔ cancels a non-terminal foreground import when its renderer disconnects (0.662125ms)
  ✔ leaves terminal imports untouched (0.092ms)
✔ playlist import renderer lifecycle (2.272042ms)
▶ scan latest IPC handler
  ✔ validates libraryId and forwards the scoped latest snapshot (1.424541ms)
✔ scan latest IPC handler (1.953959ms)
✔ bounds the combined audit presence request and validates its library (0.869792ms)
✔ bounds scan pages and validates scoped detail and anchor inputs (0.526709ms)
▶ scrape IPC schemas
  ✔ strictly validates media-library-scoped video batch scrape commands (1.611959ms)
  ✔ validates the optional media-library scope on single-video scrape commands (0.155916ms)
✔ scrape IPC schemas (2.139792ms)
✔ bounds pending scrape pages and details at the IPC boundary (0.447625ms)
✔ bounds audit pending presence lookups (0.846042ms)
✔ validates token and safe nonnegative avatar snapshot cursor (0.371708ms)
✔ validates manual tag candidate bounds and existing-tag identities (1.958583ms)
✔ bounds selected tag label IPC requests before repository access (0.766709ms)
▶ typed IPC adapter
  ✔ does not expose the legacy unreviewed video deletion command (0.332917ms)
  ✔ forwards command arguments and returns the application result (0.244333ms)
  ✔ rejects malformed arguments before invoking the application handler (0.400292ms)
  ✔ accepts link-resource updates without an import-only target (0.62575ms)
  ✔ only accepts metadata retention when removing a last video resource (0.21925ms)
  ✔ accepts one exact plugin approval decision and rejects malformed decisions (0.723292ms)
  ✔ accepts only explicit plugin continuation kinds (0.191166ms)
  ✔ accepts only typed plugin user responses with request-bound actions (1.460334ms)
  ✔ accepts plugin history clearing only without renderer-supplied run ids (0.070875ms)
  ✔ accepts unrecoverable plugin-session discard only without renderer-supplied run ids (0.041125ms)
  ✔ keeps legacy model limits out of the generic settings mutation contract (0.29625ms)
  ✔ validates playlist import start and identity controls at the IPC boundary (0.52025ms)
  ✔ requires the path-removal impact revision at the settings boundary (0.128041ms)
  ✔ accepts only the structured model-management command vocabulary (0.484458ms)
  ✔ serializes successful results and thrown errors (0.756334ms)
  ✔ sends the contracted event payload unchanged (0.056375ms)
✔ typed IPC adapter (7.078333ms)
✔ bounds actress conflict summary pages and keeps detail identities exact (0.172459ms)
✔ validates bounded actress picker requests (0.144458ms)
✔ validates narrow actress identity IDs (0.068416ms)
✔ validates merge candidate paging and keep identity (0.146208ms)
✔ accepts only zero arguments for avatar crop count (0.022041ms)
✔ accepts only zero arguments for avatar crop target enumeration (0.022083ms)
✔ validates plugin actress test picker bounds and identities (0.128041ms)
✔ validates actress works page bounds and rejects unexpected filter fields (0.136208ms)
✔ validates metadata IDs and the optional cover-only actor works filter (0.062416ms)
✔ validates bounded actress gallery pages (0.217375ms)
✔ validates a profile header identity without optional wide-data flags (0.043417ms)
✔ validates the optional local photo source filter (0.039459ms)
▶ video query IPC schemas
  ✔ accepts and normalizes a complete list query at every VideoQuery boundary (2.162375ms)
  ✔ rejects malformed fields consistently for lists and global search (2.204834ms)
  ✔ strictly validates catalog scopes and video detail identifiers (0.44675ms)
✔ video query IPC schemas (5.218625ms)
▶ main window asset paths
  ✔ resolves preload and renderer from the app root when appMain is emitted as a chunk (0.360875ms)
✔ main window asset paths (0.868375ms)
▶ LocalNfoSourceAdapter
  ✔ reads its own exported samples with a separate background (portable-v1) (5.795917ms)
  ✔ reads its own exported samples with a separate background (jellyfin-current) (1.886875ms)
  ✔ reads its own exported samples with a separate background (emby-kodi-conservative) (1.385875ms)
  ✔ reads its own exported samples with a separate background (plex-nfo-1.43.1+) (2.185ms)
  ✔ reads its own exported samples with a separate background (infuse-current) (1.463625ms)
  ✔ keeps explicit and discovered samples scoped to their video in a shared directory (1.620291ms)
  ✔ collects one candidate per physical NFO with local asset capabilities and no paths (3.688834ms)
  ✔ uses explicit gender, then existing actor gender, then dialect default (1.214708ms)
  ✔ keeps actress avatar positions aligned after gender field projection (1.24875ms)
  ✔ reads legacy and Kodi actor filenames and follows explicit references for repeated spaces (2.597833ms)
  ✔ treats no sidecar as a quiet no-match and excludes mismatched NFO identity (0.599875ms)
✔ LocalNfoSourceAdapter (24.224209ms)
▶ videoMetadataCandidateStager
  ✔ stages remote and managed-root assets without persisting host paths (10.43475ms)
✔ videoMetadataCandidateStager (10.927834ms)
▶ WebScraperSourceAdapter
  ✔ passes the stored code to legacy plugins unchanged while comparing normalized identities (0.75675ms)
  ✔ collects exact candidates with declared remote assets and source evidence (0.8025ms)
✔ WebScraperSourceAdapter (1.955208ms)
▶ VideoMetadataSourceRegistry
  ✔ resolves stable source ids while preserving legacy plugin-name lookup (0.138209ms)
✔ VideoMetadataSourceRegistry (0.189834ms)
✔ exports oriented/cropped artwork with the shipped Electron codec and encrypted asset store (439.852542ms)
▶ NfoExportModule
  ✔ inspects each plan anchor once and reuses the returned canonical directory (7.0665ms)
  ﹣ accepts alternate Windows path spellings for the same physical export directory (0.095ms) # Windows path aliases are case-insensitive
  ✔ reads selected images linearly and isolates assets that fail or change after planning (408.8615ms)
  ✔ shares identical actor avatars across videos and removes references to conflicting content (47.95975ms)
  ✔ plans without writing and applies an exact-stem NFO plus portable cover (19.958ms)
  ✔ keeps the default skip policy and rejects a changed target under replace (10.651667ms)
  ✔ marks every planned file stale when source metadata changes (2.137416ms)
  ✔ exports a local STRM source anchor and counts resources without anchors separately (1.941166ms)
  ✔ terminates only between files and leaves completed atomic writes intact (9.650584ms)
  ✔ isolates an image conversion failure from the NFO write (15.411834ms)
  ✔ reports an atomic write failure per item and continues later files (2.117458ms)
  ✔ exports samples as separate attachments and reads them back without background images (54.069125ms)
  ✔ marks colliding sanitized actor avatar targets and omits ambiguous NFO references (19.218ms)
  ✔ treats case, Unicode and space-to-underscore actor targets as collisions (2.037375ms)
  ✔ makes Windows device actor names portable before planning their target (1.678ms)
  ✔ keeps unreadable selected images as unavailable plan items without blocking NFO (10.211666ms)
  ✔ warns about requested missing artwork, avatars, and populated fields omitted by a profile (2.393208ms)
  ✔ uses the video stem itself for Infuse cover output and local reference (16.59575ms)
  ✔ plans each physical resource, deduplicates identical targets, and warns only on same-directory identity collisions (2.80275ms)
  ✔ reports real read-only directory failures without leaving temporary files (2.415541ms)
  ✔ rejects a sample-directory symlink introduced after planning (15.462708ms)
  ✔ does not fingerprint a nested export target through a pre-existing symlink (2.264583ms)
  ✔ revalidates a skip target parent before following a newly introduced symlink (21.421834ms)
  ✔ creates consumer-readable sidecars and preserves an existing target mode on replace (19.013084ms)
✔ NfoExportModule (697.089625ms)
▶ NFO export profiles
  ✔ renders all public profiles as valid movie XML without database identities (11.989416ms)
  ✔ applies profile-specific conservative fields and keeps background separate from samples (0.935292ms)
  ✔ canonicalizes and deduplicates Plex rating source aliases (0.82425ms)
  ✔ reports populated fields that the selected profile cannot represent (0.669583ms)
✔ NFO export profiles (15.356375ms)
▶ SqliteNfoExportRepository
  ✔ projects exportable metadata while excluding personal rating and watch state (18.188167ms)
✔ SqliteNfoExportRepository (19.098209ms)
▶ NFO export renderer diagnostics
  ✔ redacts POSIX and Windows absolute paths while preserving the reason (1.304542ms)
✔ NFO export renderer diagnostics (1.968542ms)
▶ NfoExportTaskController
  ✔ keeps planning leases until an asynchronous plan settles, including disposal and failures (2.765708ms)
  ✔ holds both leases from plan through apply and releases them at terminal state (3.148708ms)
  ✔ releases leases when a plan is discarded or planning fails (0.182917ms)
  ✔ requests termination and waits for apply before process disposal releases leases (0.319625ms)
  ✔ does not acquire an asset lease when another maintenance task owns the gate (0.106291ms)
✔ NfoExportTaskController (7.383208ms)
▶ NFO export main-window guard
  ✔ binds recreated windows and disposes a foreground task when their renderer is lost (0.463334ms)
  ✔ prevents navigation while a plan or task owns the foreground (0.104333ms)
  ✔ keeps the window open during a running export but allows the coordinated quit path (0.059208ms)
  ✔ releases a held preview plan and allows navigation instead of treating it as a running task (0.053875ms)
✔ NFO export main-window guard (1.083042ms)
▶ NFO artifact codec
  ✔ accepts the four synthetic third-party dialect fixtures (4.367209ms)
  ✔ round-trips five canonical Javdex fixtures with stable UTF-8 and LF output (5.5545ms)
  ✔ normalizes the MDC dialect and prefers structured ratings over its scalar duplicate (0.398167ms)
  ✔ normalizes MDCx, Javinizer, and JavSP field variants (0.298125ms)
  ✔ reports unknown legal tags and remote artwork without retaining remote URLs as assets (0.158708ms)
  ✔ rejects DTD, entities, oversized input, excessive depth, node count, and field size (17.509333ms)
✔ NFO artifact codec (28.99475ms)
▶ NFO sidecar locator
  ✔ prefers exact stem and reports a differing movie.nfo without exposing either path (14.341917ms)
  ✔ uses movie.nfo only for one anchor or one logical code and rejects mixed directories (6.870083ms)
  ✔ deduplicates physical sidecars and rejects symlink escapes at issue and read time (10.942417ms)
✔ NFO sidecar locator (32.817875ms)
▶ parseCode
  ✔ parses standard codes (1.36225ms)
  ✔ parses 規格品番 ADV-R and ADV-SR (0.072042ms)
  ✔ does not mis-parse ADV-R0484 as R0-484 (0.049958ms)
  ✔ parses FC2 and Heyzo (0.049292ms)
  ✔ parses DMM h_ prefix (0.042ms)
  ✔ parses date-based uncensored ids (0.032792ms)
  ✔ extracts code after @ in filename (0.041416ms)
  ✔ returns null for noise-only names (0.040583ms)
  ✔ rejects no-hyphen and short-prefix patterns (0.074459ms)
✔ parseCode (2.387958ms)
▶ libraryScanAuditStore
  ✔ atomically replaces and restores the complete latest audit (6.637083ms)
  ✔ fails closed for malformed audit documents (0.551125ms)
  ✔ reads schema 2 NFO dispositions while retaining schema 1 compatibility (4.921542ms)
✔ libraryScanAuditStore (12.694583ms)
▶ ScanCoordinator
  ✔ coalesces display progress while preserving per-file callbacks and the final event (14.457375ms)
  ✔ flushes pending progress before a failure without delaying the failure event (1.115ms)
  ✔ binds an offline-created root identity and refreshes the frozen snapshot before scanning (1.569084ms)
  ✔ persists matching complete audit details with the latest summary (0.313541ms)
  ✔ publishes scan lifecycle events for every trigger (0.260875ms)
  ✔ uses one frozen configuration snapshot for the complete run (0.160125ms)
  ✔ reconciles resource identity pending rows only under roots proven safe after traversal (0.18075ms)
  ✔ preserves offline roots and removes only missing local resources under accessible roots (0.390833ms)
  ✔ aborts cleanup when a local path cannot be audited (0.319875ms)
  ✔ treats a root that becomes unreadable after traversal as offline (0.331459ms)
  ✔ rechecks the frozen root identity immediately before cleanup writes (0.131791ms)
  ✔ does not run cleanup after cancellation and releases the mutual-exclusion lease (0.188125ms)
  ✔ keeps resources after a coordinator-level failure (0.146792ms)
  ✔ skips every destructive cleanup after a file processing failure (0.084667ms)
  ✔ replaces the unrecognized-file snapshot after every safe completed scan (0.110125ms)
  ✔ completes safe cleanup with errors when failures are isolated to STRM files (0.106417ms)
  ✔ consumes deferred path cleanup only after a successful uncancelled scan (0.066584ms)
  ✔ keeps deferred path cleanup queued after a partial folder scan (0.077125ms)
  ✔ allows a full cleanup-only scan after the final configured folder was removed (0.054ms)
  ✔ preserves all three cleanup audit sequences above the argument limit (385.281458ms)
  ✔ removes resource-less memberships after deferred cleanup on a safe full scan (0.299833ms)
  ✔ persists a sanitized failed summary without running destructive cleanup (0.188458ms)
  ✔ rolls back resource cleanup and keeps pending roots when auto-delete fails (0.151958ms)
  ✔ keeps pending roots when the cleanup transaction cannot commit (0.109875ms)
  ✔ rejects duplicate scans and scans blocked by resource maintenance (9.181958ms)
✔ ScanCoordinator (416.773292ms)
▶ scanFolders
  ✔ rejects an archived library atomically when manual import resumes after probing (15.673ms)
  ✔ rejects manual import when the root is physically replaced while duration probing is suspended (13.685209ms)
Scan error for /var/folders/h4/zxrt6zwx6dv1n16kwxzltqgh0000gn/T/javdex-scan-p7tuUT/scan-replaced-root/RACE-003.mp4 Error: 只能操作身份有效的启用媒体库根目录内文件
    at rejectManagedRootFile (/Users/nut/Project/JavdexLabs/Javdex/src/main/services/mediaLibraryRootFileGuard.ts:32:9)
    at requireCurrentRootIdentity (/Users/nut/Project/JavdexLabs/Javdex/src/main/services/mediaLibraryRootFileGuard.ts:86:5)
    at assertRootFile (/Users/nut/Project/JavdexLabs/Javdex/src/main/services/mediaLibraryRootFileGuard.ts:98:27)
    at assertMediaLibraryRootFile (/Users/nut/Project/JavdexLabs/Javdex/src/main/services/mediaLibraryRootFileGuard.ts:170:3)
    at authorizeMediaLibraryRootFile (/Users/nut/Project/JavdexLabs/Javdex/src/main/services/mediaLibraryRootFileGuard.ts:230:3)
    at authorizeFileWrite (/Users/nut/Project/JavdexLabs/Javdex/src/main/scanner/scanner.ts:656:7)
    at scanFolders (/Users/nut/Project/JavdexLabs/Javdex/src/main/scanner/scanner.ts:1142:7)
    at async TestContext.<anonymous> (/Users/nut/Project/JavdexLabs/Javdex/src/main/scanner/scanner.test.ts:447:20)
    at async Test.run (node:internal/test_runner/test:1332:7)
    at async Suite.processPendingSubtests (node:internal/test_runner/test:911:7)
  ✔ keeps scan state unchanged when a frozen root is physically replaced during probing (19.788125ms)
Scan error for /var/folders/h4/zxrt6zwx6dv1n16kwxzltqgh0000gn/T/javdex-scan-9JEuGh/rename-import-replaced-root/RACE-004.mp4 Error: 只能操作身份有效的启用媒体库根目录内文件
    at rejectManagedRootFile (/Users/nut/Project/JavdexLabs/Javdex/src/main/services/mediaLibraryRootFileGuard.ts:32:9)
    at requireCurrentRootIdentity (/Users/nut/Project/JavdexLabs/Javdex/src/main/services/mediaLibraryRootFileGuard.ts:86:5)
    at assertRootFile (/Users/nut/Project/JavdexLabs/Javdex/src/main/services/mediaLibraryRootFileGuard.ts:98:27)
    at assertMediaLibraryRootFile (/Users/nut/Project/JavdexLabs/Javdex/src/main/services/mediaLibraryRootFileGuard.ts:170:3)
    at authorizeMediaLibraryRootFile (/Users/nut/Project/JavdexLabs/Javdex/src/main/services/mediaLibraryRootFileGuard.ts:230:3)
    at authorizeFileWrite (/Users/nut/Project/JavdexLabs/Javdex/src/main/scanner/scanner.ts:656:7)
    at scanFolders (/Users/nut/Project/JavdexLabs/Javdex/src/main/scanner/scanner.ts:1074:9)
    at async renameAndImport (/Users/nut/Project/JavdexLabs/Javdex/src/main/scanner/scanner.ts:1444:20)
    at async TestContext.<anonymous> (/Users/nut/Project/JavdexLabs/Javdex/src/main/scanner/scanner.test.ts:536:19)
    at async Test.run (node:internal/test_runner/test:1332:7)
  ✔ does not commit or rename a replacement-root file when rename-import resumes after probing (15.495208ms)
  ✔ rejects a disabled target root at the resource transaction boundary (8.560292ms)
  ✔ reuses archived local and STRM source paths without crossing library ownership (14.198958ms)
  ✔ imports mixed local and STRM resources into one video and keeps the local file primary (12.586208ms)
  ✔ chooses the scan primary independently of directory entry order (13.437084ms)
  ✔ reselects the primary when scanning into an existing resource-less video (12.686ms)
  ✔ keeps mixed local and STRM resources in one masked pending group (14.498125ms)
  ✔ rejects a stale pending STRM assignment, refreshes its snapshot, then accepts it (10.255542ms)
  ✔ removes an invalidated STRM snapshot from the pending group on a later scan (11.356625ms)
  ✔ syncs a changed STRM target in place while preserving primary and user-maintained fields (11.5565ms)
  ✔ isolates invalid STRM files and retries them without replacing a bound target (24.10675ms)
  ✔ relocates STRM only when the complete filename and target identify one missing source (13.4665ms)
  ✔ loads STRM candidates once per scan across imports, moves and pending writes (284.493375ms)
  ✔ relocates a bound STRM after its video code has been corrected (13.677375ms)
  ✔ holds new resources for confirmation when several videos already use the code (8.4735ms)
  ✔ keeps an already-pending path out of relocation and refreshes its pending snapshot (8.260958ms)
  ✔ holds a same-scan multi-file code together when automatic assignment is disabled (8.329416ms)
  ✔ does not let an invalid STRM force a valid same-code video into confirmation (9.147083ms)
  ✔ persists a pending scan group across database reopen and assigns it atomically (15.746667ms)
  ✔ rolls back every scan assignment when final pending-group deletion fails (9.08475ms)
  ✔ imports one unambiguous file normally when automatic assignment is disabled (8.405542ms)
  ✔ holds a new resource that matches one existing video when automatic assignment is disabled (9.424916ms)
  ✔ promotes the available resource when assigning into an existing video without a primary (8.799958ms)
  ✔ normalizes a manual code and attaches to an existing case-insensitive identity (109.748583ms)
  ✔ aborts when a nested directory cannot be audited (8.693375ms)
  ✔ imports a symbolic-link video by its link path and file name (12.893542ms)
  ✔ does not follow symbolic-link directories (8.414417ms)
  ✔ silently skips a broken symbolic-link video (7.501708ms)
  ✔ leaves missing-resource cleanup to the high-level scan coordinator (11.274708ms)
  ✔ keeps distinct symbolic-link paths that point to the same target (16.87625ms)
  ✔ keeps a resource under an unavailable root when the same code appears online (12.260333ms)
  ✔ relocates one same-code video by a unique file-size match without requiring the old name (11.214708ms)
  ✔ uses full file name and size to relocate safely when several videos share a code (9.308166ms)
  ✔ does not relocate when full file name and size match more than one duplicate-code video (8.844041ms)
  ✔ treats a new file normally when an old same-code path cannot be audited (16.065625ms)
  ✔ keeps an unrecognized rename and only rediscovers the renamed file (17.078708ms)
  ✔ uses the scan same-code pending flow when automatic merging is disabled (17.285666ms)
  ✔ renames and discovers the code without a manual code or target (12.416583ms)
  ✔ renames and imports an unrecognized STRM as a source-managed link (11.315834ms)
  ✔ imports recognized videos and reports unrecognized files (12.583291ms)
  ✔ reuses scanned directory entries when checking a directory without NFO files (55.878041ms)
  ✔ refreshes a changed local identity snapshot on rescan before user confirmation (18.861ms)
  ✔ refreshes a changed strm identity snapshot on rescan before user confirmation (10.515042ms)
  ✔ uses NFO identity only for newly discovered resources when automatic import is enabled (17.875375ms)
  ✔ handles cancellation during the only or first NFO application and preserves committed file audits (24.22075ms)
  ✔ aggregates first-discovery NFO candidates once per video after all resources are assigned (14.539625ms)
  ✔ does not count an existing pending resource identity as a new same-code file (17.19275ms)
  ✔ keeps distinct local NFO candidates in the existing confirmation workflow (14.947583ms)
  ✔ persists a filename/NFO identity conflict without creating formal library records (7.670917ms)
  ✔ persists only a masked STRM target projection for an NFO identity conflict (8.006417ms)
  ✔ keeps a valid filename import when its NFO is invalid and records only a secondary warning (12.540584ms)
  ✔ uses NFO identity across libraries but never overwrites a globally scraped-success video (13.704416ms)
  ✔ applies local NFO with fill-empty semantics for new and failed videos (15.147292ms)
  ✔ reattaches a scanned file to an existing no-resource video without replacing metadata (9.10725ms)
  ✔ yields while scanning large batches (102.235791ms)
  ✔ collects a very large root without overflowing call arguments before cancellation (1784.628958ms)
  ✔ stops when cancelled (69.091084ms)
  ✔ skips new imports shorter than 30 minutes (17.026334ms)
  ✔ skips short files before unrecognized handling (7.333792ms)
  ✔ stores probed duration on import (17.364459ms)
  ✔ refreshes duration when the file changes on rescan (19.989084ms)
  ✔ skips duration probe on rescan when file is unchanged (29.827041ms)
  ✔ emits one final audit outcome for every processed file (12.057208ms)
✔ scanFolders (3202.856166ms)
▶ STRM parser
  ✔ matches the STRM extension without case sensitivity (0.590041ms)
  ✔ accepts one HTTP target after BOM, blank lines, comments, and Kodi properties (1.398583ms)
  ✔ normalizes supported HTTP, Magnet, and ED2K targets through the resource contract (0.468625ms)
  ✔ rejects empty, multiple-target, invalid UTF-8, and unsupported-protocol content (0.483166ms)
  ✔ accepts exactly 1 MiB and rejects larger input without truncation (0.577667ms)
✔ STRM parser (4.208041ms)
✔ matches unique missing sources and retains filename, target, root and uncertainty rules (0.773708ms)
✔ incrementally tracks same-scan insertions and target/path changes, but invalidates unknown writes (0.214042ms)
✔ does not acknowledge unrelated writes or a failed mutation as a complete cache update (0.172333ms)
✔ retains the cache for known pending writes but cannot hide an intervening external write (0.080958ms)
✔ examines one matching candidate per lookup in a 10000-resource relocation (79.59ms)
✔ examines one matching candidate per lookup in a 20000-resource relocation (99.437166ms)
✔ examines one matching candidate per lookup in a 300382-resource relocation (1929.828791ms)
✔ examines one matching candidate per lookup in a 600764-resource relocation (4481.886667ms)
✔ indexes target keys as well as filenames when many directories use the same filename (71.528667ms)
▶ videoDuration
  ✔ resolves configured minutes to seconds (0.82875ms)
  ✔ treats unknown duration as not below minimum (0.127ms)
  ✔ flags durations shorter than threshold (0.097166ms)
  ✔ prefers scraped duration over primary resource duration (0.110792ms)
  ✔ uses primary resource duration when scraped duration is missing (0.048917ms)
  ✔ returns null when both durations are missing (0.040833ms)
  ✔ only refreshes stored local resource duration when probe value changed (0.048875ms)
  ✔ only probes when duration is missing or file fingerprint changed (0.063584ms)
✔ videoDuration (2.2015ms)
▶ actressScraperManager
  ✔ returns a pending outcome without partially applying a conflicting profile (118.518167ms)
  ✔ clears the selected avatar in replace mode when the matched source has no avatar (108.1205ms)
  ✔ promotes an unscraped actress to scrape success when a profile field is applied (102.271375ms)
  ✔ records a failed scrape without a success time when no profile matches (113.341417ms)
  ✔ records a failed scrape without a success time when the source throws (99.928958ms)
  ✔ records failure in replace-if-present mode when a matched profile has no selected value (99.536291ms)
  ✔ promotes a previously failed actress when a later scrape applies valid data (98.358334ms)
  ✔ skips fill-empty scraping without changing cumulative status when no selected field is missing (57.865208ms)
  ✔ skips fillEmpty when a matched profile has no new values for remaining empty fields (95.112417ms)
  ✔ still fails fillEmpty when a matched profile has no usable field values (86.64825ms)
  ✔ keeps cumulative success and its timestamp when a later scrape fails (78.183083ms)
  ✔ lets Gfriends try stored aliases after the main name without enabling global alias search (53.4145ms)
  ✔ applies successful field sources when another source fails (193.091958ms)
  ✔ preserves a field in replace mode when its composite source fails (182.539166ms)
  ✔ clears a field in replace mode when its composite source matched with no value (187.863833ms)
  ✔ records failure when every configured composite source fails (188.992917ms)
  ✔ warns when a composite avatar source cannot download its result (168.161375ms)
  ✔ preserves the existing gallery when every returned image is unusable (85.472084ms)
✔ actressScraperManager (2118.792416ms)
▶ bundled video candidate plugins
  ✔ normalizes year-month values through the documented sandbox helper (60.391167ms)
  ✔ JavDB fetches every first-page exact match and never falls back to a fuzzy item (53.301667ms)
  ✔ JavDB fails the complete scrape when any exact-match detail fails (49.71675ms)
  ✔ JavLibrary returns all exact cards and ignores title containment or first-item fallback (62.797334ms)
✔ bundled video candidate plugins (227.097084ms)
▶ isCloudflareChallengeText
  ✔ trusts the official cf-mitigated challenge response header signal (0.959208ms)
  ✔ detects classic JS challenge interstitial markers (0.142167ms)
  ✔ ignores passive challenge-platform scripts on normal JavDB detail pages (0.537208ms)
  ✔ detects managed challenge markers (0.045792ms)
  ✔ detects body copy only with Cloudflare co-signals (0.083708ms)
  ✔ detects turnstile-only shells but not embedded widgets on content pages (0.045667ms)
  ✔ does not treat normal pages, helper copy, or vague phrases as Cloudflare (0.145916ms)
✔ isCloudflareChallengeText (2.385583ms)
▶ buildPluginRegistry
  ✔ lets user scrapers override bundled names (0.337584ms)
✔ buildPluginRegistry (0.66525ms)
▶ runCompositeFieldGroups
  ✔ groups fields, picks, and merges across plugins (0.626917ms)
  ✔ aborts on the first plugin error when policy is abort (0.573333ms)
  ✔ collects per-plugin warnings and continues when policy is collect (0.282375ms)
  ✔ throws when every grouped source fails under collect policy (0.218792ms)
  ✔ returns a null result when every plugin yields no match (0.173542ms)
✔ runCompositeFieldGroups (2.123208ms)
▶ configuredScraperService
  ✔ normalizes legacy settings without a service config and drops an unusable MetaTube default (7.430125ms)
  ✔ normalizes origins and path prefixes while rejecting unsafe base URLs (0.514416ms)
  ✔ stores only public configuration in settings and requires acknowledgement for remote HTTP tokens (1.224292ms)
  ✔ blocks clearing while MetaTube is referenced and clears address plus token otherwise (2.5215ms)
  ✔ keeps bearer credentials on the configured origin and preserves a base path (1.403333ms)
  ✔ snapshots the address, proxy choice, and token for an in-flight scrape (1.127292ms)
  ✔ rejects cross-origin redirects before sending credentials to the target (0.524583ms)
  ✔ rejects HTTPS downgrade redirects (0.420875ms)
  ✔ classifies authentication, rate-limit, server, malformed, and oversized responses (2.520417ms)
  ✔ tests draft configuration without persisting its token (0.690292ms)
✔ configuredScraperService (19.1145ms)
▶ Gfriends bundled actress plugin
  ✔ prefers the main name and selects its last quality-ordered avatar candidate (53.275625ms)
  ✔ uses the first exact alias only when the main name has no candidate (53.321833ms)
  ✔ does not return a fuzzy name match (49.471041ms)
  ✔ uses the current jsDelivr namespace when the primary index is unavailable (56.74625ms)
  ✔ reserves Gfriends as a built-in actress plugin name (0.124416ms)
✔ Gfriends bundled actress plugin (213.810916ms)
▶ MetaTube bundled video plugin
  ✔ keeps exact providers in search order and maps the documented fields (59.93475ms)
  ✔ returns no candidates for search 404 or fuzzy-only search results (83.659417ms)
  ✔ rejects a detail whose exact code differs from its search item (49.350417ms)
  ✔ rejects too many exact providers before requesting details (48.696333ms)
  ✔ fails the entire scrape if one exact detail request fails (56.835875ms)
[scraper:MetaTube] MetaTube 样张超过 40 张，已截断
  ✔ caps public sample proxy URLs at forty without putting credentials in them (47.309542ms)
  ✔ rejects incompatible known fields and caps detail concurrency at four (103.287042ms)
✔ MetaTube bundled video plugin (450.395959ms)
▶ MetaTube service integration
  ✔ runs connection checks and the bundled worker against a local fake HTTP service (104.948709ms)
✔ MetaTube service integration (105.812ms)
▶ action network capture
  ✔ keeps http(s) query strings and strips credentials (1.010584ms)
  ✔ redacts credential-bearing query values before exposing recent requests (0.189417ms)
  ✔ omits sensitive post bodies (0.15275ms)
  ✔ records only an active action window and does not label search (0.624ms)
  ✔ keeps the newest requests when the action window overflows (0.158125ms)
✔ action network capture (2.817208ms)
▶ browser evaluate policy
  ✔ allows forbidden API names inside diagnostic strings, comments and regular expressions (4.127125ms)
  ✔ still rejects executable references and computed access to forbidden APIs (0.440834ms)
  ✔ rejects credential, storage and sensitive form access (0.349ms)
  ✔ rejects live-page mutation and computed property access (0.321459ms)
  ✔ rejects destructuring aliases that recover live-realm capabilities (0.28925ms)
  ✔ names the forbidden API and points markup reads to html (1.851625ms)
  ✔ uses one normalized evaluator and drains timeout cleanup before rejecting (3.975375ms)
✔ browser evaluate policy (12.068125ms)
▶ ScrapeBrowserHost leases
  ✔ reuses the same owner and rejects a competing owner immediately (1.10725ms)
  ✔ freezes proxy and stops the helper as soon as a scrape lease is released (0.619375ms)
  ✔ closes the active helper session with the main window and remains reusable (0.214084ms)
  ✔ presents the helper through the lease without exposing it as a plugin browser action (0.112375ms)
  ✔ invalidates all lease actions when its operation signal is cancelled (0.107708ms)
  ✔ terminates the helper when an in-flight Playwright action is cancelled (0.236959ms)
  ✔ terminates the helper before reporting an evaluate timeout (504.402458ms)
  ✔ keeps oversized ARIA complete for the artifact layer (1.42125ms)
  ✔ sends cancel, ignores a late response and kills a non-cooperative helper after 500ms (1045.010833ms)
  ✔ keeps one click successful while transient post-action observation recovers (1.395625ms)
  ✔ blocks a disallowed main-frame navigation before an agent action sends it (0.296125ms)
  ✔ returns bounded scroll metrics and invalidates refs without changing the document revision (0.302167ms)
  ✔ extracts a host-owned load-more availability signal with the candidate snapshot (0.208083ms)
  ✔ returns the host-owned terminal proof result with the candidate snapshot (0.089334ms)
  ✔ returns pending after a successful action but makes explicit snapshot pending retryable (0.256917ms)
  ✔ classifies a failed state action with a changed revision as uncertain without replaying it (0.113708ms)
  ✔ keeps selector uniqueness failures as ordinary action failures (0.052167ms)
  ✔ reports zero matches separately from multiple matches (0.038792ms)
✔ ScrapeBrowserHost leases (1556.986916ms)
▶ normalizeNetworkUrl
  ✔ strips hash and lowercases host (0.408041ms)
  ✔ returns null for invalid URLs (0.108708ms)
✔ normalizeNetworkUrl (0.877958ms)
▶ networkUrlPathKey
  ✔ drops search and hash (0.080125ms)
✔ networkUrlPathKey (0.131375ms)
▶ isImageNetworkResource
  ✔ accepts Image resource type (0.091ms)
  ✔ accepts image mime types (0.047542ms)
  ✔ rejects non-images and error statuses (0.044666ms)
✔ isImageNetworkResource (0.260125ms)
▶ hasImageMagicBytes
  ✔ detects jpeg and rejects html (0.10375ms)
✔ hasImageMagicBytes (0.164833ms)
▶ ImageBodyLruCache
  ✔ returns exact and aliased URLs (0.212417ms)
  ✔ matches unique path when query differs (0.116208ms)
  ✔ does not path-match when multiple distinct bodies share a path (0.149584ms)
  ✔ evicts oldest entries by count (0.088708ms)
  ✔ clears all state (0.081416ms)
✔ ImageBodyLruCache (0.719459ms)
▶ prioritizeInspectLinks
  ✔ keeps a main result card when more than maxLinks navigation links precede it (0.884584ms)
  ✔ preserves DOM order within priority groups and deduplicates after prioritizing (1.060166ms)
✔ prioritizeInspectLinks (2.703958ms)
▶ selectInspectLocaleLinks
  ✔ keeps locale anchors in document order and always allows an empty result (0.098583ms)
  ✔ caps locale anchors without mixing them back into content ranking (0.0765ms)
✔ selectInspectLocaleLinks (0.307917ms)
▶ selectInspectScriptSrcs
  ✔ keeps document order, deduplicates, and allows an empty result (0.233916ms)
✔ selectInspectScriptSrcs (0.359042ms)
▶ inspectLinkRawHref
  ✔ omits rawHref when the HTML attribute already matches the resolved href (0.141708ms)
  ✔ keeps protocol-relative and path-only attributes that cheerio will see (0.074791ms)
✔ inspectLinkRawHref (0.338334ms)
▶ ScrapeBrowserFramedSocket
  ✔ rejects the wrong token, parent pid, protocol version or CDP port (1.307666ms)
  ✔ round-trips authenticated hello frames and native Buffers (4.63625ms)
  ✔ rejects an oversized incoming frame before allocating its body (1.239833ms)
✔ ScrapeBrowserFramedSocket (8.27525ms)
▶ scrape browser readiness
  ✔ does not resolve an intermediate verification page even when it has matching content (0.333958ms)
  ✔ does not accept selectors found on a verification page (0.055416ms)
✔ scrape browser readiness (0.73425ms)
▶ ScrapeBrowserWaitBudget
  ✔ does not consume the page timeout while Cloudflare verification is active (0.104666ms)
  ✔ still enforces the page timeout while no challenge is active (0.047625ms)
  ✔ caps manual verification independently from the page timeout (0.044167ms)
  ✔ accumulates the verification cap across repeated challenge periods (0.039833ms)
✔ ScrapeBrowserWaitBudget (0.324ms)
✔ buildScrapeUserAgent drops Electron and app product tokens (0.435041ms)
✔ derivePlatformFromOsToken maps Windows, macOS and Linux (0.143792ms)
✔ resetScrapeUaProfileCache clears memoized profile (0.136792ms)
▶ scraperManager plugin availability gates
  ✔ publishes the built-in local NFO source as runnable but not editable or exportable (2.977834ms)
  ✔ lists MetaTube for configuration but excludes it from executable names until configured (4.10925ms)
  ✔ rejects unconfigured service plugins as new composite field sources (1.915542ms)
✔ scraperManager plugin availability gates (9.431666ms)
▶ scraperPluginSandbox
  ✔ loads cheerio/slim so packaged scrapers do not need undici (43.79725ms)
  ✔ terminates a non-returning plugin worker when the caller aborts (27.690125ms)
  ✔ does not report an aborted run as settled while a started host RPC is still running (123.917959ms)
  ✔ serves repeated persistent fetchBuffer calls from the plugin resource cache (50.427709ms)
✔ scraperPluginSandbox (246.746584ms)
▶ scraperPluginService
  ✔ describes bundled video scraper fields from shipped manifests (8.199125ms)
  ✔ describes bundled actress scraper fields from shipped manifests (3.638417ms)
  ✔ drops unknown actress supported field ids from packages (50.313ms)
  ✔ lists bundled plugins shipped with the app (0.791542ms)
  ✔ reads bundled plugin packages for export and AI debug (0.774959ms)
  ✔ keeps MetaTube visible but unavailable until configured (0.548084ms)
  ✔ rejects a user package that tries to declare a trusted service binding (0.318833ms)
  ✔ does not assign a standalone delay to composite scrapers (1.343958ms)
  ✔ imports and executes a custom video plugin through the BaseScraper adapter (74.044958ms)
  ✔ normalizes video ratings to valid 5-point records only (0.522083ms)
  ✔ reads an installed custom plugin package for AI debugging (50.577917ms)
  ✔ imports and executes a custom actress plugin through the BaseActressScraper adapter (74.3075ms)
  ✔ rejects custom plugins that reuse a built-in name (0.7865ms)
  ✔ renames legacy user plugins that override built-in names to -custom (5.92225ms)
  ✔ preserves settings for a legacy user plugin named after retired JAV8 (1.513208ms)
  ✔ uses -custom-2 when -custom is already taken (3.28825ms)
  ✔ keeps bundled plugins visible after rejecting a same-name custom install (2.048917ms)
  ✔ rejects duplicate custom plugin names (40.409167ms)
  ✔ atomically replaces a user plugin without leaving staging or backup directories (87.095917ms)
  ✔ rejects plugin names that collide after filename sanitization (42.492125ms)
  ✔ rejects packages without kind (0.407667ms)
  ✔ exports packages with kind (40.88525ms)
✔ scraperPluginService (491.297958ms)
▶ ScraperResourceCache
  ✔ reuses a fresh plugin resource without another network request (3.486875ms)
  ✔ reuses a fresh plugin resource after the cache is recreated (2.767291ms)
  ✔ revalidates an expired resource with its ETag and retains a 304 body (3.686208ms)
  ✔ returns an expired resource when revalidation fails and stale fallback is enabled (2.464292ms)
  ✔ rejects a resource larger than the host entry quota (0.424ms)
  ✔ rejects writes beyond the host quota for one plugin (1.180417ms)
  ✔ enforces the plugin quota across concurrent resource commits (0.927041ms)
✔ ScraperResourceCache (15.675875ms)
▶ trusted scraper service sandbox bridge
  ✔ exposes service methods only to a trusted binding while keeping the token in main (93.258167ms)
  ✔ fails before starting a trusted worker when the service is not configured (0.668625ms)
✔ trusted scraper service sandbox bridge (94.534875ms)
▶ scraperManager.scrapeVideo
  ✔ uses the built-in local NFO source for manual, composite, and default runs without network fallback (28.922541ms)
  ✔ treats a missing local NFO as a normal no-match without marking scrape failure (8.213167ms)
  ✔ uses only the effective composite field sources to classify a quiet local NFO no-match (69.783209ms)
  ✔ delivers actress avatars to the merged cast positions across local and web composite sources (100.207083ms)
  ✔ persists exact multi-candidate results without selecting or applying one by default (98.069333ms)
  ✔ stages every declared candidate image even when the field was not selected (124.162542ms)
  ✔ confirms a candidate from the local snapshot without visiting the remote site again (111.982291ms)
  ✔ discards pending candidates, cleans staging, and preserves cumulative success (122.6185ms)
  ✔ replaces pending staging and removes the replacement after a later unique success (323.767917ms)
  ✔ startup cleanup removes only old unreferenced video staging directories (93.677667ms)
  ✔ filters exact-code mismatches and conservatively deduplicates normalized source urls (109.448584ms)
  ✔ rejects an invalid candidate array atomically and preserves an older pending decision (197.437125ms)
  ✔ keeps the old pending snapshot and staging when a valid replacement fails mid-transaction (194.500459ms)
  ✔ returns every exact-code exclusion warning when no candidate remains (100.829833ms)
  ✔ applies the only exact candidate after exclusions without creating pending state (87.258875ms)
  ✔ normalizes a year-month release date to the first day of that month (91.500708ms)
  ✔ keeps a unique candidate pending when applying it would duplicate a business identity (108.588833ms)
  ✔ rolls back a conflict merge and candidate apply when pending deletion fails (94.713833ms)
  ✔ returns director candidates before writes and applies an explicit choice on retry (150.185458ms)
  ✔ keeps an ambiguous director during batch-style scraping and applies safe fields (104.0865ms)
  ✔ reports a matched result as skipped when no selected value can be applied (99.906708ms)
  ✔ stores composite source links and ratings under their actual field plugins (259.4095ms)
  ✔ persists and confirms composite candidates independently per source (433.155916ms)
  ✔ ignores unsupported fields before validating and applying the selected plugin result (462.550708ms)
  ✔ still rejects a malformed field when the plugin declares it as supported (527.482792ms)
  ✔ preserves a composite field when its source does not match but another source succeeds (562.029416ms)
downloadCover failed: TEST-001 https://cover.example/broken.jpg response is not a usable image
  ✔ applies text data but preserves an old cover when the returned image is unusable (452.366ms)
downloadSamples failed: TEST-001 1 https://sample.example/two.jpg response is not a usable image
  ✔ discards the whole sample set when any sample download fails but still applies text (553.039791ms)
  ✔ compensates downloaded assets when the apply phase throws after downloads commit (513.052917ms)
  ✔ discards a downloaded cast avatar when the actress already has a usable avatar (639.038083ms)
✔ scraperManager.scrapeVideo (6823.724959ms)
▶ Xslist bundled actress plugin
  ✔ treats the site anonymous image as no avatar (57.241333ms)
  ✔ keeps a real profile avatar (48.669291ms)
✔ Xslist bundled actress plugin (106.860625ms)
▶ actress batch scrape persistence lifecycle
  ✔ persists one stable job id and advances pending targets across restart (309.838ms)
  ✔ loads a legacy task without tri-state fields using a stable fallback job id (102.170083ms)
  ✔ clears a cancelled task file without deleting its completed pending result (173.912292ms)
  ✔ persists only a canonical status and the start-time target snapshot (206.964125ms)
  ✔ recovers a paused checkpoint after an application restart cache reset (115.976041ms)
  ✔ normalizes a legacy scraped paused job without rewriting progress (99.924375ms)
  ✔ normalizes an omitted scrapeStatus to all while preserving the snapshot (105.705042ms)
  ✔ marks an unknown status job unrecoverable without falling back to all (108.81675ms)
  ✔ blocks resume for an unknown status job but still allows discard (103.295458ms)
  ✔ resumes from the saved snapshot without re-applying current filters (159.839125ms)
  ✔ resumes a normalized legacy scraped job with unified scrape result semantics (164.592625ms)
✔ actress batch scrape persistence lifecycle (1652.064208ms)
▶ actressBatchScrapeTargets status normalization
  ✔ keeps the four canonical cumulative-status scopes (1.279458ms)
  ✔ normalizes the legacy scraped scope to 刮削成功 (0.249042ms)
  ✔ normalizes an omitted scope to 全部 (0.060292ms)
  ✔ rejects an unknown scope instead of widening the batch (0.17275ms)
  ✔ reports unknown scopes without throwing for persisted job snapshots (0.582834ms)
  ✔ never produces the legacy scope in a normalized request (0.270333ms)
✔ actressBatchScrapeTargets status normalization (3.377083ms)
▶ reconcilePersistedActressBatchJob
  ✔ rewrites scraped to success and omitted to all without touching progress (0.378666ms)
  ✔ keeps unrecognized scopes unrecoverable and does not widen to all (0.182708ms)
✔ reconcilePersistedActressBatchJob (0.719041ms)
▶ actressBatchScrapeTargets resolution
  ✔ resolves each canonical cumulative-status scope (11.818583ms)
  ✔ resolves the legacy scraped scope as 刮削成功 and an omitted scope as 全部 (8.658917ms)
  ✔ intersects gender, cumulative status and missing fields (8.900667ms)
  ✔ treats explicit ids as the whole target set, ignoring the other filters (7.154667ms)
  ✔ deduplicates explicit ids and drops ids without a stored actress (6.694042ms)
  ✔ treats an empty explicit id list as zero targets (7.268709ms)
✔ actressBatchScrapeTargets resolution (51.018667ms)
▶ actressBatchScrapeTargets estimate and start
  ✔ estimates the count the start would resolve from the same request (9.98725ms)
  ✔ resolves targets again on start, so the total may differ from an earlier estimate (6.548708ms)
  ✔ freezes target ids, display names and total when the batch starts (7.213333ms)
✔ actressBatchScrapeTargets estimate and start (23.829542ms)
▶ ActressIdentityConflictWorkflow
  ✔ inspects live ownership even when the name is not yet in a review group (18.369333ms)
  ✔ summarizes the same aggregated name groups returned by the review list (9.922625ms)
  ✔ keeps summary counts exact for mixed, multi-result, and multi-conflict groups (35.653959ms)
  ✔ lists pending name ownership without inventing a pending scrape (8.067292ms)
  ✔ rejects an unsupported pending name type instead of silently reclassifying it (11.124084ms)
  ✔ rejects a pending-name-ownership decision when the shown claim row changed (14.749667ms)
  ✔ assigns pending name ownership without creating or applying scrape data (15.017458ms)
  ✔ edits one pending name claim and resolves both resulting unique owners (9.163292ms)
  ✔ moves an edited pending name claim into another normalized-name group (11.812708ms)
  ✔ merges actresses directly from pending name ownership (13.290875ms)
  ✔ removes an illegal pending name without persisting a blacklist (12.489708ms)
  ✔ reassigns the only pending scrape to the explicit keeper after a merge (20.2895ms)
  ✔ keeps a usable keeper avatar while clearing its missing source and crop state (14.172792ms)
  ✔ uses the explicitly selected pending actress as keeper and the other current main name (14.567333ms)
  ✔ rejects merging when both actresses own pending scrape snapshots (24.317417ms)
  ✔ does not treat another conflict between the same actress pair as a merge blocker (8.3445ms)
  ✔ rejects the whole workbench merge when a resulting name belongs to a third actress (15.884709ms)
  ✔ rejects the whole merge when the pending scrape also conflicts with a third actress (28.137375ms)
  ✔ rejects merging a persisted name claimed by a third actress pending scrape (28.448792ms)
  ✔ returns stale without merging when either actress changed after confirmation was shown (9.252417ms)
  ✔ rolls back the actress merge when pending reassociation fails (11.343ms)
  ✔ edits only the selected conflicting name and applies the unlocked scrape atomically (11.889375ms)
  ✔ moves only the edited item when its new name conflicts in another dynamic group (17.066ms)
  ✔ moves an edited name into a group claimed by another naturally unlocked pending result (22.47875ms)
  ✔ transfers complete ownership to the pending actress only with a replacement main name (14.385958ms)
  ✔ previews and applies an assigned conflicting alias in a fill-empty alias collection (9.072875ms)
  ✔ keeps earlier ownership decisions in the final fill-empty alias preview and apply (11.939125ms)
  ✔ validates and removes every legacy claimant when assigning to the pending actress (16.407041ms)
  ✔ assigns a whole conflict group to an existing actress while applying profiles to original targets (10.037334ms)
  ✔ keeps confirmed ownership when the chosen existing actress is also a replace candidate (15.69575ms)
  ✔ removes an illegal normalized name from the whole group and applies unlocked profiles (10.862917ms)
  ✔ requires a valid replacement for every main-name claimant before illegal-name removal (19.793875ms)
  ✔ validates illegal-name replacement main names against the live conflict snapshot (9.092166ms)
  ✔ does not reconcile newly active conflicts while rejecting a stale illegal-name decision (8.64875ms)
  ✔ removes only the current illegal group and does not remember a blacklist rule (37.920875ms)
  ✔ applies a result when its other recorded conflict has already become inactive (9.707083ms)
  ✔ rolls back illegal-name handling when name deletion fails (9.398708ms)
  ✔ rolls back illegal-name handling when main replacement fails (9.44025ms)
  ✔ rolls back illegal-name handling when profile application fails (21.396083ms)
  ✔ rolls back illegal-name handling when pending cleanup fails (10.384875ms)
  ✔ keeps the whole illegal-name group pending when any resource preparation fails (18.326125ms)
  ✔ requires a replacement when assigning a current main name to a third existing actress (10.077917ms)
  ✔ finishes name-only results and preserves the original fill-empty update mode (24.286667ms)
  ✔ promotes staged resources when a name edit unlocks a pending scrape (16.022417ms)
  ✔ keeps a naturally unlocked result pending until the user explicitly applies it (9.0465ms)
  ✔ returns a stale outcome without writes when an involved actress changed (8.054584ms)
  ✔ rolls back every profile and promoted resource when a group apply fails (32.338584ms)
  ✔ freezes the complete scrape when one selected name belongs to another actress (11.409292ms)
  ✔ applies a complete result when equivalent names only belong to the target actress (7.431583ms)
  ✔ atomically replaces one actress current snapshot and removes its old staged resources (10.384542ms)
  ✔ rolls back a conflict-free apply when removing the previous snapshot fails (8.727042ms)
  ✔ does not delete an existing same-url gallery file when a later apply rolls back (12.105042ms)
  ✔ discards only the selected wrong match, records cumulative failure, and cleans staging (24.740875ms)
  ✔ startup cleanup removes only old unreferenced staging directories (13.42ms)
  ✔ deleting a target actress also removes its staged pending resources (10.493959ms)
  ✔ removes prepared formal resources when profile application rolls back (9.251084ms)
✔ ActressIdentityConflictWorkflow (838.410625ms)
✔ reuses maintenance only until local writes, schema changes or external commits (33.338458ms)
✔ does not publish rolled-back maintenance or skip checks inside a caller transaction (8.916459ms)
✔ retries failed maintenance and invalidates after reopening the same catalog (18.8395ms)
✔ does not publish a maintenance stamp if an external commit occurs during the check (8.077125ms)
✔ rechecks earlier candidates after a later candidate introduces a new conflict (9.150666ms)
✔ bounds a 10k legacy-claim queue without hydrating candidates after maintenance (41.967291ms)
✔ does not hydrate unrelated candidate results for a selected name group (8.638917ms)
✔ sorts full conflict names before truncating display captions and preserves exact anchors (9.921667ms)
✔ keeps legacy equal-caption order across pages and clamps missing anchors in a nonempty queue (12.209708ms)
✔ bounds name normalization when merged actors have many third pending conflicts (19.892334ms)
Failed to clean deleted actress asset: avatar_sources/alpha.jpg Error: file is locked
    at deleteStoredAsset (/Users/nut/Project/JavdexLabs/Javdex/src/main/services/actressMaintenanceService.test.ts:122:61)
    at Object.deleteActresses (/Users/nut/Project/JavdexLabs/Javdex/src/main/services/actressMaintenanceService.ts:87:11)
    at TestContext.<anonymous> (/Users/nut/Project/JavdexLabs/Javdex/src/main/services/actressMaintenanceService.test.ts:126:28)
    at Test.runInAsyncScope (node:async_hooks:227:14)
    at Test.run (node:internal/test_runner/test:1325:25)
    at Suite.processPendingSubtests (node:internal/test_runner/test:911:18)
    at Test.postRun (node:internal/test_runner/test:1465:19)
    at Test.run (node:internal/test_runner/test:1390:12)
    at async Suite.processPendingSubtests (node:internal/test_runner/test:911:7)
▶ actressMaintenanceService.importGalleryImage
  ✔ runs legacy dimension repair as part of the explicit gallery write flow (2.051459ms)
✔ actressMaintenanceService.importGalleryImage (2.773708ms)
▶ actressMaintenanceService.deleteActresses
  ✔ deletes the complete batch and cleans stored resources (22.167125ms)
  ✔ rejects the whole batch when an actress is linked to a video (8.464291ms)
  ✔ reports resource cleanup failures after the database transaction commits (10.1585ms)
  ✔ rolls back the complete batch when a later record fails to delete (9.850583ms)
  ✔ previews current linked-actress and affected-video counts (13.660792ms)
  ✔ explicitly unlinks videos, deletes a mixed batch, and preserves video records and files (11.976917ms)
  ✔ rolls back removed video links when a later actress delete fails (9.051666ms)
  ✔ removes only the deleted actress ownership and pending result (8.922792ms)
  ✔ rejects an unknown delete mode instead of falling through to a destructive path (9.459708ms)
✔ actressMaintenanceService.deleteActresses (104.135583ms)
▶ actressQueryService.listActresses
  ✔ returns a stable page and the full matching total from the real database (12.716541ms)
  ✔ reuses one exact avatar-filter snapshot across subsequent pages (0.247208ms)
  ✔ refreshes the avatar-filter snapshot whenever the first page reloads (0.131667ms)
  ✔ inspects avatar health and fingerprints outside the database repository (12.500458ms)
✔ actressQueryService.listActresses (26.099708ms)
▶ actressQueryService.listFaceScanManifest
  ✔ exposes the dedicated minimal manifest through the query seam (0.165292ms)
✔ actressQueryService.listFaceScanManifest (0.217208ms)
✔ delegates avatar count without reading the legacy list or inspecting images (0.099417ms)
▶ actressScrapeQueue.start target resolution
  ✔ scrapes exactly the targets the estimate reported for the same request (4554.269625ms)
  ✔ starts a legacy scraped request against 刮削成功 targets (569.8685ms)
  ✔ starts explicitly selected actresses regardless of the other filters (567.939333ms)
  ✔ starts no target for an empty explicit id list (425.872708ms)
  ✔ refuses to start a request with an unknown cumulative-status scope (417.10525ms)
✔ actressScrapeQueue.start target resolution (6535.952916ms)
▶ AgentMetadataActivityTimeline
  ✔ projects streaming reasoning into one bounded completed turn (1.228084ms)
  ✔ retains up to 64,000 reasoning characters and reports overflow (5.924916ms)
  ✔ uses semantic browser actions while retaining safe completion summaries (0.717791ms)
  ✔ keeps direct metadata submission distinct from browser inspection (0.056709ms)
  ✔ describes playlist page checkpoints as result-producing actions (0.224167ms)
  ✔ describes browser scroll without exposing tool arguments (0.163042ms)
  ✔ retains earlier reasoning across browser-heavy runs (3.407291ms)
✔ AgentMetadataActivityTimeline (12.493916ms)
✔ uses the indexed journal cursor without loading history for a metadata snapshot (1.123709ms)
▶ Agent metadata browser URL policy
  ✔ allows a public hostname when a system proxy maps it to the RFC 2544 fake-IP range (2.189083ms)
  ✔ still rejects direct benchmark-range IPs and hostnames resolving to private networks (1.262625ms)
  ✔ keeps identity query parameters while removing credentials and fragments from display URLs (0.377541ms)
✔ Agent metadata browser URL policy (4.235166ms)
▶ Agent metadata browser evidence binding
  ✔ accepts a production artifact only for its captured document and view (1.4175ms)
  ✔ rejects incomplete, tampered, and corrupt segmented production artifacts (8.523125ms)
✔ Agent metadata browser evidence binding (10.04125ms)
▶ AgentMetadataDraftService
  ✔ rejects a preview when a staged resource no longer matches its manifest (16.067292ms)
  ✔ rechecks staged resource bytes when applying an already reviewed draft (11.0475ms)
  ✔ cleans newly staged resources when persistence fails (23.71025ms)
  ✔ routes actress name ownership conflicts to the existing pending workflow (15.568875ms)
  ✔ routes duplicate video business identities to the existing pending workflow (17.546ms)
  ✔ requires explicit user confirmation when actress names do not match (10.075ms)
✔ AgentMetadataDraftService (94.584958ms)
▶ app release service
  ✔ parses and compares stable release versions numerically (1.093833ms)
  ✔ accepts only trusted published GitHub releases (0.395833ms)
  ✔ validates cached update state before exposing it to the renderer (0.129291ms)
✔ app release service (2.005458ms)
▶ asset byte cache
  ✔ separates variants and invalidates all variants of only the changed asset (1.277958ms)
  ✔ checks every file identity field and isolates callers from cached mutable buffers (0.475125ms)
  ✔ enforces the entry cap while retaining recently read and replaced entries (0.8845ms)
  ✔ enforces the 96MiB byte cap and skips oversized entries without flushing other images (23.761542ms)
✔ asset byte cache (27.273625ms)
▶ image asset inspection cache
  ✔ loads an unchanged image once and reloads it when its file signature changes (0.380959ms)
  ✔ reloads an image after explicit asset invalidation (0.209708ms)
  ✔ evicts the least recently used inspection after reaching capacity (1.393875ms)
✔ image asset inspection cache (2.169625ms)
✔ retries after the first scrypt failure (100.496584ms)
✔ retries after the first importKey failure (100.998916ms)
✔ keeps the new cache when a pre-reset KDF later succeeds (93.598583ms)
✔ keeps the new cache when a pre-reset KDF later fails (101.56875ms)
✔ waits for cold key derivation on cancellation and never starts decryption (46.200834ms)
✔ reads the existing AVPK format through synchronous and asynchronous crypto (81.279417ms)
✔ coalesces cold key derivation and never uses synchronous crypto in the async reader (113.689583ms)
✔ rejects invalid or tampered encrypted bodies without returning plaintext (54.081417ms)
✔ waits for an active native job before discarding its cancelled result (59.774416ms)
▶ assetLocationMigration
  ✔ moves plain and encrypted files including alias store (79.706375ms)
  ✔ maps default path setting when relocating back to userData (16.033333ms)
  ✔ allows relocating back to default when only empty asset subfolders remain (29.398625ms)
  ✔ rolls back copied files without touching the active root (12.776791ms)
  ✔ rejects migration while the configured source root is unavailable (9.165959ms)
  ✔ rejects targets nested inside the active media root (8.116375ms)
  ✔ rejects a target that resolves to the source through a symlinked parent (8.692833ms)
  ✔ rejects a differently-cased path that resolves to the same directory (8.255ms)
  ✔ resumes when the target contains matching files from an interrupted copy (32.41525ms)
  ✔ preserves pre-existing matching copies when a resumed migration rolls back (11.904291ms)
  ✔ keeps source files when the prepared target disappears before commit (10.897084ms)
  ✔ preserves a copied target that was replaced before a failed commit rolls back (8.912375ms)
  ✔ rejects an interrupted target whose file contents do not match the source (7.639792ms)
  ✔ rejects directory symlinks without reading or deleting files outside the asset root (7.524042ms)
  ✔ rejects a symlinked asset root without touching its external target (21.654334ms)
✔ assetLocationMigration (274.253625ms)
▶ assetMigration opaque paths
  ✔ encrypts to opaque paths and restores readable paths on decrypt (109.561458ms)
✔ assetMigration opaque paths (110.085209ms)
✔ reads legacy without rewriting and migrates on mutation preserving all entries (71.574958ms)
✔ does not reread a warm map or append unchanged values; reloads deletions (77.24175ms)
✔ preserves a legacy file when snapshot rename fails (72.990333ms)
✔ recovers an interrupted tail and truncates it before retry (80.994291ms)
✔ rejects corrupted complete ciphertext and preserves it on attempted mutation (78.477291ms)
✔ rejects missing or incomplete first snapshots (63.436917ms)
✔ reloads the actual committed record after an uncertain fsync failure (74.526208ms)
✔ compacts after sustained updates and reloads the latest values (29675.782083ms)
✔ preserves the appended result when compaction rename fails (135.581584ms)
✔ invalidates the cached map after external replacement (55.666333ms)
▶ assetPathNaming
  ✔ builds readable bases with seed and url hash (0.895ms)
  ✔ sanitizes non-ascii seeds and truncates overly long values (0.134542ms)
  ✔ keeps equal-length Chinese actress names on distinct asset seeds (0.102167ms)
  ✔ scopes asset seeds by actress id when provided (0.067625ms)
  ✔ keeps actress id prefix when the readable label is long (0.068167ms)
  ✔ builds distinct gallery paths for equal-length Chinese names and the same url (0.068292ms)
  ✔ builds opaque bases without embedding seed text (0.066708ms)
  ✔ detects opaque encrypted filenames (0.084917ms)
  ✔ derives stable opaque names from plaintext relative paths (0.08925ms)
✔ assetPathNaming (2.309542ms)
▶ AutomaticScanScheduler
  ✔ runs every due library in stable order from independent persisted state (1.394459ms)
  ✔ runs an already-enabled library with no scan history after the startup delay (0.24625ms)
  ✔ calculates each library due time from its own interval and last finished time (0.200459ms)
  ✔ waits one full interval after a library is newly enabled (0.3585ms)
  ✔ skips disabled, rootless and not-yet-due libraries (0.15475ms)
  ✔ runs a due rootless library when it still has deferred cleanup work (0.091292ms)
  ✔ defers while maintenance is busy and rechecks on the next poll (0.100334ms)
  ✔ isolates one library failure and continues the serial due queue (0.226708ms)
  ✔ keeps startup, resume, and every due library globally serial (0.147959ms)
  ✔ uses the resume delay and clears all scheduled work on stop (0.122417ms)
✔ AutomaticScanScheduler (5.349792ms)
▶ AvatarAutoCropMediator
  ✔ resolves automatic crop requests and rejects stale replies (1.621ms)
  ✔ fails pending automatic crop requests after renderer disconnects (0.259875ms)
  ✔ times out automatic crop requests without accepting a late response (1.732542ms)
  ✔ owns the crop batch token until matching end or disconnect (0.147875ms)
  ✔ rejects a second begin while a crop batch is active (0.171208ms)
✔ AvatarAutoCropMediator (4.573833ms)
✔ creates one lazy snapshot per batch and disposes only its owning token (0.136167ms)
✔ retries failed snapshot creation without poisoning the batch and clears on reinitialization (0.175042ms)
✔ settles disconnected requests despite cleanup failure and retries before allowing another snapshot (0.47925ms)
✔ writes the definition once and keeps total checkpoint bytes near-linear (37677.03675ms)
ℹ {"targets":[1000,2000],"totalWrittenBytes":[409049,822049],"definitionWritesPerJob":1}
✔ reads legacy checkpoints and migrates on the next save without losing targets (19.018042ms)
✔ preserves the last checkpoint when write fails and retries safely (28.579125ms)
✔ preserves the last checkpoint when sync fails and retries safely (27.422167ms)
✔ preserves the last checkpoint when rename fails and retries safely (30.202583ms)
✔ keeps the old definition on failed replacement and prunes unused manifests after commit (51.444667ms)
✔ refuses missing, tampered or mismatched manifests instead of treating the job as absent (20.006583ms)
✔ stops the queue on checkpoint failure and resumes from the durable cursor without skipping work (38.660125ms)
✔ rejects damaged cursor and total fields without deleting the checkpoint (19.973709ms)
✔ reloads actual disk state and retains the manifest after replace directory-sync failure (23.446792ms)
✔ reloads actual disk state and retains the manifest after clear directory-sync failure (18.65ms)
✔ does not report committed saves or clears as failed when manifest cleanup cannot enumerate (23.784833ms)
✔ executes real read-only tag queries and observes writes through the worker cache (180.717458ms)
✔ rejects a changed catalog version at worker startup without migration (189.387375ms)
✔ settles in-flight initialization and queued requests when disposed (394.560291ms)
✔ executes all classification cover pages on the readonly worker and observes committed writes (1077.080417ms)
✔ rejects image initialization against an incompatible schema without rewriting it (435.143084ms)
✔ counts merged subscribers toward capacity, normalizes keys, and clones each successful result (2.136083ms)
✔ serializes different revisions and keeps a folded expanding query valid in the payload (0.188417ms)
✔ rejects old generation on identity change and waits for termination (4.335875ms)
✔ rejects old generation on path change and waits for termination (0.572667ms)
✔ removes queued aborts but retains an executing slot after all subscribers abort (0.467375ms)
✔ one subscriber abort does not cancel another or retain its signal listener (0.159583ms)
✔ rejects all accepted on startup timeout, without retry or overlapping workers (16.2645ms)
✔ rejects all accepted on query timeout, without retry or overlapping workers (18.334708ms)
✔ rejects all accepted on exit, without retry or overlapping workers (0.4755ms)
✔ rejects all accepted on error, without retry or overlapping workers (0.380542ms)
✔ rejects all accepted on protocol error, without retry or overlapping workers (0.259708ms)
✔ dispose closes admission immediately and waits for a running termination (0.380042ms)
✔ fails closed if termination rejects and rejects requests waiting for replacement (0.228209ms)
✔ rejects invalid queries before creating a worker and contains factory/post failures (0.348083ms)
✔ bounds subscribers while termination is pending and supersedes a waiting generation (0.567708ms)
✔ does not launch work after repeated queued cancellations before ready (1.145834ms)
✔ contains unexpected messages and dispose drains an already-started replacement barrier (0.078ms)
✔ expires waiting subscribers and frees capacity while native termination remains pending (0.854292ms)
✔ keeps independent waiting deadlines for coalesced subscribers and clears them at execution (0.250458ms)
✔ never executes a page whose only subscriber expired before ready (0.330166ms)
✔ shares admission across tag/image requests, keys entity kinds separately and copies caller inputs (0.338ms)
✔ retains the executing image slot after cancellation and retires it before switching databases (0.432042ms)
✔ validates image requests before allocating a reader (0.156459ms)
▶ CheckpointedSequentialBatchQueue
  ✔ persists checkpoints, pauses, and resumes from the next index (1.535458ms)
  ✔ discards a paused job without running (0.188291ms)
  ✔ cancels a running job and clears the checkpoint (3.221625ms)
  ✔ recycles the scrape browser after each configured target interval (7.091667ms)
  ✔ rejects an invalid run plan without leaving a resumable checkpoint (0.341084ms)
  ✔ discards a corrupt checkpoint when run planning throws (0.109ms)
✔ CheckpointedSequentialBatchQueue (13.037ms)
▶ classificationDeletionService
  ✔ previews and deletes a director while recalculating links and preserving videos/resources (435.144334ms)
  ✔ deletes an unlinked director with a zero impact (434.334417ms)
  ✔ rolls back director unlinking and skips image cleanup when deletion fails (419.092083ms)
  ✔ previews and deletes a series while recalculating videos and detaching direct children (484.889458ms)
  ✔ deletes an unlinked childless series with a zero impact (344.014542ms)
  ✔ rolls back series relations and reports image cleanup failure only after commit (462.533417ms)
✔ classificationDeletionService (2580.730792ms)
▶ classification director query and maintenance services
  ✔ keeps real same-name directors as separate stable identities and exposes candidate differences (376.987375ms)
  ✔ maintains the complete profile without changing identity or video relations (421.706042ms)
  ✔ validates calendar dates and career ranges transactionally (377.773917ms)
  ✔ searches aliases and supports only count or update sorting in both directions (380.839125ms)
✔ classification director query and maintenance services (1557.926042ms)
✔ matches all candidate fields/order and deduplicates dual-role organization links before LIMIT (1071.8225ms)
✔ holds count and candidate rows in the same snapshot across a cover removal (388.790375ms)
✔ rejects unsafe entity IDs, unsupported page flags and excessive pages (405.510458ms)
▶ classificationImageService
  ✔ imports local and remote images as owned assets and cleans a replaced image after commit (511.213625ms)
  ✔ copies an associated video cover instead of adopting the video asset (486.016042ms)
  ✔ stores a director portrait and compensates its replacement when the database update fails (444.448458ms)
  ✔ keeps the stored image when a remote download fails (387.286583ms)
  ✔ cleans the latest replaced image when a remote update finishes after another edit (476.973875ms)
  ✔ commits replacement and reports a post-commit cleanup failure (498.893791ms)
✔ classificationImageService (2805.738ms)
✔ matches every old list field and global ordering over pages, aliases, roles and cover boundaries (1209.602417ms)
✔ keeps count and page in one read snapshot across another connection changing the role (449.689666ms)
✔ validates page boundaries in the service and typed IPC without changing complete-list APIs (413.086167ms)
▶ classification organization query and maintenance services
  ✔ shares one organization profile across role lists and searches its aliases (473.124292ms)
  ✔ sorts only by video count or update time in either direction (353.20675ms)
  ✔ treats SQL LIKE metacharacters in organization searches as literal text (467.164958ms)
  ✔ keeps stable identity and video links when editing the complete profile (463.116584ms)
  ✔ rejects parent cycles without partially changing the profile (341.146959ms)
  ✔ creates an organization inline, registers the role, and retains zero-video roles (394.837125ms)
  ✔ rolls back profile fields when a name is owned by another organization (341.923458ms)
✔ classification organization query and maintenance services (2835.089333ms)
▶ classification series query and maintenance services
  ✔ maintains a stable complete profile and projects its local video coverage (511.9775ms)
  ✔ enforces normalized name ownership inside the owner scope only (454.205625ms)
  ✔ preflights every name when moving to another owner scope and rolls back on conflict (500.219625ms)
  ✔ rejects self and descendant parents without partially changing the series (386.980125ms)
  ✔ searches aliases, identifies same-name candidates, and sorts in either direction (482.750917ms)
  ✔ creates an unowned series inline and validates lifecycle years (401.040541ms)
✔ classification series query and maintenance services (2737.70675ms)
▶ directorMergeService
  ✔ merges source data into an explicit target while preserving target conflicts (458.399292ms)
  ✔ adopts the source portrait only when the target has no formal portrait (420.596084ms)
  ✔ rolls back target fields and video relations when the database transaction fails (369.937458ms)
  ✔ commits the merge and reports source portrait cleanup failure (325.77125ms)
  ✔ rejects using the same director as target and source (376.7785ms)
✔ directorMergeService (1952.280667ms)
▶ external link service
  ✔ accepts only bounded HTTP and HTTPS links (0.327584ms)
✔ external link service (0.608292ms)
▶ legacy media-library settings bootstrap
  ✔ keeps native V14 config defaults when a fresh database has no legacy evidence (6.091709ms)
  ✔ imports roots, cleanup work, and typed configuration into the default library once (3.271791ms)
  ✔ freezes an online legacy cleanup root identity before making the work active (4.598792ms)
  ✔ keeps parent and child legacy paths but enables only the first non-overlapping set (11.07025ms)
  ✔ keeps realpath aliases but enables only one physical legacy root (17.3275ms)
  ✔ keeps app-level scraper and cover preferences after import and repeated startup cleanup (3.271375ms)
  ✔ keeps inferred roots and links source-managed resources to the deepest matching root (3.302959ms)
  ✔ imports the last scan summary and its managed unrecognized-file snapshot (2.853167ms)
  ✔ preserves a standalone unrecognized snapshot through a synthetic legacy scan run (2.708334ms)
  ✔ keeps an older safe snapshot separate from a newer failed scan summary (3.116875ms)
  ✔ retries JSON cleanup without importing database rows twice (2.846084ms)
  ✔ rolls back every database change and skips JSON cleanup when import fails (3.059792ms)
✔ legacy media-library settings bootstrap (64.142875ms)
▶ LibraryCurator lifecycle
  ✔ releases its own runs without disposing the application AgentExecution (1.080875ms)
✔ LibraryCurator lifecycle (1.59025ms)
✔ uses the indexed journal cursor for a curator snapshot (0.489375ms)
▶ libraryPathCleanupService
  ✔ previews only resources owned by the selected library and root (564.312ms)
  ✔ previews and safely cleans a disabled root including pending and diagnostic rows (245.295833ms)
  ✔ confirms with the current revision and queues an identity snapshot without deleting data (147.923458ms)
  ✔ rejects a confirmation when scan-owned resources changed after preview without a revision bump (326.821292ms)
  ✔ removes and promotes resources only inside the confirmed library and root (602.439167ms)
  ✔ lets a cleanup-only scan consume the last removed root without touching another library (529.094666ms)
  ✔ recovers an offline legacy cleanup intent when a later full scan sees the root online (415.044583ms)
  ✔ keeps an overlapping legacy cleanup root waiting during a later full scan (387.56775ms)
  ✔ keeps an overlapping parent legacy cleanup root waiting during a later full scan (365.128458ms)
  ✔ keeps a realpath-alias legacy cleanup root waiting across libraries (274.116958ms)
  ✔ fails closed when a confirmed root is offline (289.476125ms)
  ✔ fails closed when the path now resolves to a replacement directory (413.452625ms)
  ✔ cancels a failed removal into a disabled, archiveable root without deleting records (423.802208ms)
  ✔ completes a confirmed cleanup after an unrelated library configuration edit (368.715292ms)
  ✔ rolls back resource removal, promotion, root state, and job completion together (326.143416ms)
✔ libraryPathCleanupService (5680.304417ms)
▶ normalizeTranslationOutput
  ✔ strips fenced and quoted model output (0.38025ms)
✔ normalizeTranslationOutput (0.688917ms)
▶ MediaAssetStore
  ✔ coalesces encrypted thumbnails, isolates size variants and preserves original preview bytes (140.9455ms)
  ✔ checks plain and decrypted image pixels before caching and recovers after replacement (103.849333ms)
  ✔ retains cancelled active slots until file read settles (71.639125ms)
  ✔ retains cancelled active slots until file close settles (76.68475ms)
  ✔ retains cancelled active slots until file metadata settles (84.091209ms)
  ✔ rejects oversized plain and encrypted files before opening or decrypting them (55.508083ms)
  ✔ does not merge a post-invalidation request into the old pending read (38.264541ms)
  ✔ shares a cold encrypted read and decryption across concurrent requests without sharing cancellation (55.045292ms)
  ✔ does not return cached bytes when cancelled while the hot-path stat is pending (42.905583ms)
  ✔ does not reuse the same relative cache key after the asset root changes (65.927167ms)
  ✔ rejects a changed file during reading without caching its old bytes (41.739084ms)
  ✔ serves hot plaintext and encrypted images without rereading or decrypting their bytes (72.190458ms)
  ✔ reloads replaced files even with restored mtime and rejects deleted files before using cache (48.77275ms)
  ✔ does not repopulate explicitly invalidated cache from a pending read (22.133083ms)
  ✔ retains read slots while cancelled encrypted requests wait for native crypto completion (91.215708ms)
  ✔ cancels queued reads before opening files and keeps active slots until reads settle (74.31325ms)
downloadAvatar failed: Bad Avatar https://example.test/avatar.html response is not a usable image
Failed to delete media asset: covers/TEST-002_06e5a988.jpg Error: file is locked
    at FailingCleanupStore.delete (/Users/nut/Project/JavdexLabs/Javdex/src/main/services/mediaAssetStore.test.ts:936:15)
    at FailingCleanupStore.deleteImmediateBestEffort (/Users/nut/Project/JavdexLabs/Javdex/src/main/services/mediaAssetStore.ts:449:12)
    at FailingCleanupStore.finishCoordinatedChange (/Users/nut/Project/JavdexLabs/Javdex/src/main/services/mediaAssetStore.ts:561:52)
    at <anonymous> (/Users/nut/Project/JavdexLabs/Javdex/src/main/services/mediaAssetStore.ts:527:14)
    at AsyncLocalStorage.run (node:internal/async_local_storage/async_context_frame:63:14)
    at FailingCleanupStore.runCoordinatedChange (/Users/nut/Project/JavdexLabs/Javdex/src/main/services/mediaAssetStore.ts:504:31)
    at FailingCleanupStore.coordinateDatabaseChange (/Users/nut/Project/JavdexLabs/Javdex/src/main/services/mediaAssetStore.ts:465:17)
    at <anonymous> (/Users/nut/Project/JavdexLabs/Javdex/src/main/services/mediaAssetStore.test.ts:941:37)
    at getActual (node:assert:611:5)
    at strict.doesNotThrow (node:assert:779:32)
  ✔ serves plain and encrypted images asynchronously without synchronous file reads (139.228ms)
  ✔ reads plain and encrypted images and reports a stable plaintext fingerprint (81.842916ms)
  ✔ rejects stored paths that escape the media root (3.072417ms)
  ✔ exposes bootstrap and layout paths under the media root (35.216791ms)
  ✔ encrypts a stored plain asset and lists it under stable subdirectories (118.912792ms)
  ✔ decrypts a stored encrypted asset back to its plain relative path (136.95075ms)
  ✔ compensates newly-created resources when the database operation fails (50.43775ms)
  ✔ compensates newly imported cover and sample files when a database operation fails (56.813541ms)
  ✔ compensates newly imported playlist covers when a database operation fails (51.909166ms)
  ✔ compensates async downloads when the database operation fails (29.236333ms)
  ✔ rejects unusable local image imports instead of storing them (15.449375ms)
  ✔ rejects unusable avatar downloads instead of storing them (6.977417ms)
  ✔ keeps an existing download when replacing the same URL later rolls back (56.848209ms)
  ✔ keeps an existing avatar source when importing the same bytes later rolls back (55.02225ms)
  ✔ deletes obsolete resources only after the database operation succeeds (45.086709ms)
  ✔ uses distinct paths for avatar display replacements created in the same millisecond (51.046375ms)
  ✔ discards newly created resources marked obsolete in the same coordinated change (46.616ms)
  ✔ promotes nested created resources so a parent rollback can compensate them (32.283083ms)
  ✔ defers nested obsolete deletes of pre-existing files until the parent commits (52.682917ms)
  ✔ keeps nested obsolete pre-existing files when the parent rolls back (54.082667ms)
  ✔ does not leak nested create-then-obsolete files when the parent rolls back (30.992125ms)
  ✔ runInCoordinatedChange joins an active parent instead of nesting (42.855416ms)
  ✔ keeps isolated coordinated creates when an outer parent later rolls back (33.738625ms)
  ✔ keeps independent root work when an awaited outer coordinated change fails (44.341167ms)
  ✔ keeps relocation exclusive with coordinated and direct media mutations (41.8615ms)
  ✔ keeps relocation exclusive with a stable read lease (4.043334ms)
  ✔ keeps caller registrations off an un-awaited nested async coordinated change (49.873792ms)
  ✔ does not turn a post-commit cleanup failure into a database failure (51.062ms)
✔ MediaAssetStore (2505.800209ms)
✔ reads empty, exact-budget and multi-chunk files without using readFile (23.742792ms)
✔ rejects oversize before reading and closes the opened handle (13.695458ms)
✔ rejects grow during reading and closes the handle (13.873792ms)
✔ rejects truncate during reading and closes the handle (18.647084ms)
✔ rejects cancel during reading and closes the handle (15.027167ms)
✔ rejects io-error during reading and closes the handle (11.153542ms)
✔ does not open an already cancelled request (15.090625ms)
✔ closes the handle on cancel-after-open before allocating body bytes (11.186417ms)
✔ closes the handle on stat-error before allocating body bytes (14.258167ms)
✔ closes the handle on directory before allocating body bytes (15.06575ms)
✔ reads PNG/WebP metadata and never follows TIFF offsets outside its chunk (0.783167ms)
✔ inspects all served formats without decoding pixels (21.8935ms)
✔ rejects a tiny encoded image with an oversized canvas and accepts the exact boundary (1.485584ms)
✔ rejects corrupt and unsupported image headers (10.895542ms)
✔ inspects the single-frame canvas of real animated GIF and WebP inputs (1.879875ms)
✔ waits for metadata completion when cancelled and destroys the reader (0.70625ms)
✔ shares a read while one consumer cancels and preserves independent result buffers (1.09975ms)
✔ drains the last cancelled consumer without deleting a newer flight under the same key (0.213208ms)
✔ fans out failures and permits a fresh attempt (0.106792ms)
✔ aborts the underlying work only after all consumers cancel and drains the final slot (0.135625ms)
✔ defaults to four active reads and 256 queued requests with reusable cancellation capacity (3.517ms)
✔ bounds active and queued reads, removes cancelled work and releases capacity after failures (0.18175ms)
✔ does not free an active slot before an aborted reader actually settles (0.108208ms)
✔ preserves aspect ratio, respects orientation and does not enlarge small images (29.006042ms)
✔ makes a single static thumbnail from an animated image (2.422625ms)
✔ retains two decode slots until native work settles after cancellation (3.9865ms)
▶ media-library service
  ✔ validates an explicitly configured create-time video scraper before persistence (1.019792ms)
  ✔ allows unrelated config edits with a stale stored scraper but validates explicit changes (0.183625ms)
  ✔ runs the root-migration commit through the shared resource-maintenance gate (0.100625ms)
  ✔ runs every root mutation through the scan-shared maintenance gate (0.154875ms)
  ✔ preserves root continuity validation errors through service mutation gates (0.241958ms)
  ✔ serializes library and config lifecycle mutations with resource writes (0.179917ms)
  ✔ cannot archive through the service while an asynchronous resource write owns the gate (0.250166ms)
✔ media-library service (2.68025ms)
▶ mediaProtocol
  ✔ forwards a finite variant and rejects invalid size without reading (20.229667ms)
  ✔ returns 413 for oversized images with an empty HEAD body (0.8145ms)
  ✔ awaits the image reader and forwards cancellation while serving GET and HEAD (0.336334ms)
  ✔ skips reads for preflight and forbidden paths, and distinguishes busy from missing (0.449042ms)
  ✔ resolves media URLs under the asset root (0.075959ms)
  ✔ rejects path traversal outside the asset root (0.031875ms)
✔ mediaProtocol (22.607584ms)
▶ organizationDeletionService
  ✔ removes only the selected role and recalculates its linked videos at execution time (395.155042ms)
  ✔ rejects removing the final role and leaves all relations unchanged (391.618583ms)
  ✔ blocks role removal and full deletion when they would rewrite a pending video (412.888459ms)
  ✔ fully deletes an organization and detaches every supported relation after a fresh preview (524.998834ms)
  ✔ rejects full deletion when owned series names conflict in the unowned scope (410.963292ms)
  ✔ rolls back full deletion relations and skips image cleanup when deletion fails (321.856333ms)
  ✔ commits full deletion while reporting post-commit image cleanup failures (321.04075ms)
✔ organizationDeletionService (2779.242ms)
▶ organizationMergeService
  ✔ merges cross-role records and transfers role-specific videos, children, and series (464.3ms)
  ✔ adopts the source brand image only when the target has none (383.781208ms)
  ✔ preflights publisher transfer business identity collisions before writing (448.624667ms)
  ✔ blocks a merge that would rewrite a pending video relation (432.427541ms)
  ✔ rejects a series name collision in the target scope without changing any relation (391.267666ms)
  ✔ rejects merging an ancestor into a deep descendant (349.379417ms)
  ✔ collapses a direct source-to-target hierarchy and transfers source siblings (324.863ms)
  ✔ rolls back the profile and every relation when the transaction fails (339.782375ms)
  ✔ commits the merge and reports a brand image cleanup failure (412.187167ms)
  ✔ rejects using the same organization as target and source (360.104917ms)
✔ organizationMergeService (3907.60675ms)
▶ pending resource identity service
  ✔ uses the persisted choice, assigns the resource atomically, and applies only a matching current NFO (457.530708ms)
  ✔ completes resource ownership but does not apply metadata when the current NFO no longer matches (450.790458ms)
  ✔ finishes resource ownership when the current NFO cannot be inspected safely (490.39375ms)
  ✔ keeps the identity pending and creates no formal record when the source fingerprint is stale (370.915708ms)
  ✔ rechecks a STRM target snapshot and leaves the conflict intact when it changes (310.966417ms)
✔ pending resource identity service (2081.162042ms)
▶ PlayerService
  ✔ opens and reveals a local resource through system file operations (1.150583ms)
  ✔ opens a STRM target externally but reveals its local source file (0.102042ms)
  ✔ opens the primary direct resource with the system URL handler (0.090333ms)
  ✔ reports a system open failure and does not try another resource (0.13675ms)
  ✔ hands Magnet resources to the registered system protocol handler (0.062625ms)
  ✔ rejects every playback and reveal entry point before reading an archived or missing library (0.06125ms)
  ✔ opens and reveals only resources that belong to the selected library (5.738666ms)
✔ PlayerService (7.854125ms)
▶ playlist import browser navigation guard
  ✔ requires DOM-backed terminal reasons to carry a selector and pass host verification (1.064917ms)
  ✔ accepts known-total terminal evidence only when the checkpoint declares a total (0.130959ms)
  ✔ accepts a virtual first window only after a settled host-owned reset to the top (0.202584ms)
  ✔ revalidates terminal or link evidence in the final dynamic window before sealing (0.105292ms)
  ✔ alternates virtual scrolling with frozen load-more actions before sealing (0.055292ms)
  ✔ defers bottom-only advance validation until a virtual page reaches its terminal view (0.066833ms)
  ✔ waits for a quiet window after every asynchronous load-more change (0.071125ms)
  ✔ restarts the quiet window when a temporary dynamic expansion rolls back (0.039208ms)
  ✔ classifies foreground retry failures without treating them as restart recovery (0.25075ms)
✔ playlist import browser navigation guard (2.542792ms)
▶ playlist importer browser guidance
  ✔ prefers structured reads while leaving page semantics and interaction to the agent (0.420208ms)
  ✔ hands page semantics to the agent and prioritizes user-only blockers (0.304125ms)
  ✔ extracts a first-page playlist name only from reliable page evidence (0.1985ms)
  ✔ requires every newly opened static page to be inspected and checkpointed before advancing again (0.074583ms)
  ✔ distinguishes checkpoint evidence from status artifacts and explains terminal selectors (0.096625ms)
✔ playlist importer browser guidance (1.566208ms)
▶ PlaylistImportModule interface
  ✔ returns an initial browser handoff projected during the first agent dispatch (6.640584ms)
  ✔ persists the import job before the run driver can project bootstrap observations (3.772292ms)
  ✔ returns immediately after accepting one run and replays the same start idempotently (4.148875ms)
  ✔ allows only one foreground import session at a time (4.298708ms)
  ✔ rejects invalid start targets before creating an Agent run (3.374625ms)
  ✔ includes write options in the idempotent frozen input (3.686334ms)
  ✔ rejects one idempotency key reused for different frozen input (4.3165ms)
  ✔ cancels pre-apply work without creating an empty playlist (4.116625ms)
  ✔ preserves a retryable recovery failure when apply invalidates after identity review (8.73275ms)
  ✔ retries a recoverable apply error after the target library becomes active again (5.678167ms)
  ✔ dispatches a same-session retry for a retryable discovery checkpoint (4.305958ms)
  ✔ clears a missing page checkpoint before dispatching a same-session retry (4.102333ms)
  ✔ coalesces concurrent retries with the same idempotency key before recovery side effects (3.869ms)
  ✔ keeps discovery retry state in the foreground session instead of the durable product journal (4.427084ms)
  ✔ applies a foreground retry atomically without reserving a durable retry result (4.576417ms)
  ✔ discards a browser session when driver creation fails before persistence (3.455416ms)
✔ PlaylistImportModule interface (74.3845ms)
▶ PlaylistImportRepository
  ✔ keeps all import staging in the current SQLite connection only (5.945542ms)
  ✔ rejects credential-bearing source and detail URLs before staging them (0.514458ms)
  ✔ removes sensitive detail URL credentials and requires explicit user identity handling (6.490709ms)
  ✔ accepts a checkpoint after a source redirects between www and apex host variants (3.878625ms)
  ✔ fails an empty external list without creating an empty playlist (3.42325ms)
  ✔ fails discovery when the frozen run exceeds its wall-clock safety budget (3.392959ms)
  ✔ checkpoints every page before atomically creating/reusing videos and a new playlist (5.175458ms)
  ✔ assigns stable unique page order when numbered pagination rediscoveries overlap (4.545541ms)
  ✔ fails self-referential and A-to-B-to-A static pagination as PAGINATION_LOOP (4.602458ms)
  ✔ keeps legal duplicate pages when their concrete pagination frontiers differ (4.384042ms)
  ✔ fails a sealed dynamic page whose next URL only loops to an existing frontier (4.336292ms)
  ✔ keeps a declared page-total mismatch retryable and accepts a corrected checkpoint (4.200375ms)
  ✔ rejects a conflicting nonterminal page before sealing it and completes after correction (4.522666ms)
  ✔ restarts from the source when only the terminal page proves earlier totals wrong (8.962125ms)
  ✔ uses the first-page Agent suggestion when the user leaves the new playlist name empty (4.12275ms)
  ✔ keeps existing playlist links and deduplicates the source playlist URL when enabled (4.223167ms)
  ✔ falls back to the existing host-and-date name when the Agent returns no name (4.535209ms)
  ✔ does not let an Agent suggestion rename an append target (3.764959ms)
  ✔ skips unmatched items and omits detail links when both write options are disabled (4.474333ms)
  ✔ reuses a unique code match created after an auto-create-disabled preview (4.589625ms)
  ✔ persists target-library and target-playlist failures instead of leaving apply retry loops (6.445667ms)
  ✔ counts external convergence separately from videos already present before apply (6.184542ms)
  ✔ keeps multiple global code matches in the detail phase even when one is in the target library (3.920542ms)
  ✔ reuses a unique exact code discovered only on the detail page (4.646792ms)
  ✔ sends conflicting list and detail codes to user review without discarding list candidates (5.916167ms)
  ✔ rejects a stale direct-code decision when a duplicate appears before apply (4.285208ms)
  ✔ reopens identity resolution when another video claims the detail URL before apply (5.527583ms)
  ✔ returns target-library tiebreaks to identity review when memberships become stale (4.254334ms)
  ✔ persists an unexpected transactional apply failure and retries it atomically (5.226667ms)
  ✔ lets a unique strong detail match override the target library preference (4.6065ms)
  ✔ uses a canonical www detail link as a strong owner signal without duplicating it (4.462917ms)
  ✔ requires user review when independent strong detail signals conflict (5.158458ms)
  ✔ keeps a source owner outside the code candidates and blocks target-library tiebreaking (4.271584ms)
  ✔ invalidates the preview when a new source owner appears before apply (5.590584ms)
  ✔ treats source external-code and source-URL evidence as independent signals (6.291083ms)
  ✔ does not use the target library when complete business identity contradicts known candidates (4.324584ms)
  ✔ waits for the user when detail signals leave multiple cross-library candidates (4.906125ms)
  ✔ replays an identical page checkpoint and makes changed content recoverable (4.431917ms)
  ✔ makes a changed replay of a dynamic operation recoverable without duplicating the batch (4.951459ms)
  ✔ rolls a changed sealed dynamic page back with downstream frontiers and orphan items (84.76475ms)
  ✔ rejects a playlist name submitted after the first logical page (3.96125ms)
  ✔ persists and resumes a browser handoff without losing the current list frontier (4.363584ms)
  ✔ fails an expired browser handoff before persisting a resume checkpoint (4.039542ms)
  ✔ checkpoints overlapping virtual windows before sealing a continuous list (5.825333ms)
  ✔ persists host-owned load-more batches and seals only after the control disappears (4.67175ms)
  ✔ persists load-more no-progress and fails instead of retrying the same action (4.355167ms)
  ✔ fails the run instead of truncating a source that declares totals above the safety budget (4.08925ms)
  ✔ fails and rolls back a dynamic window above the per-batch candidate budget (4.994708ms)
✔ PlaylistImportRepository (307.646125ms)
▶ PlaylistImportAgentRunDriver scripted browser integration
  ✔ dispatches the conversation before the agent opens the frozen source page (7.274792ms)
  ✔ hands an initial challenge to the user through the agent browser tool (4.492667ms)
  ✔ requires the domain advance tool to claim a pending page before checkpointing it (8.35625ms)
  ✔ lets the agent choose how to return to frozen work after a handoff (4.504667ms)
  ✔ lets the agent hand a login page to the user immediately (3.543875ms)
  ✔ pauses for human verification when host-owned detail navigation hits a challenge (4.575625ms)
  ✔ replays a committed static page checkpoint after its response is lost (4.6165ms)
  ✔ replays a committed detail checkpoint after its response is lost (6.557458ms)
  ✔ restarts the changed dynamic page from its inbound frontier on product retry (5.910209ms)
  ✔ restarts a dynamic page with corrected declared totals after one product retry (8.565167ms)
  ✔ records an evidence-backed unsupported pagination report as an explicit terminal error (3.579792ms)
  ✔ requires a page checkpoint before advancing away from the current list page (4.463125ms)
  ✔ keeps a missing page checkpoint agent-correctable instead of locking the tool host (4.524875ms)
  ✔ does not expose status artifacts as eligible page-checkpoint evidence (3.386375ms)
  ✔ inspects an automatic login redirect but still rejects a checkpoint from it (3.389875ms)
  ✔ checkpoints a finite recycled virtual list without gaps and binds evidence to every view (7.221ms)
  ✔ normalizes a one-based stable position attribute into a continuous virtual list (6.76425ms)
  ✔ backtracks to the last anchor and halves the step when variable heights skip a window (7.032292ms)
  ✔ combines virtual scrolling with host-owned load-more and checkpoints the expanded window (1006.4915ms)
  ✔ retries a stalled virtual window once, then fails when it still cannot progress (4.514916ms)
✔ PlaylistImportAgentRunDriver scripted browser integration (1110.63825ms)
▶ playlistImportRecoverableToolFailure
  ✔ keeps only same-session timeout and changed-source failures retryable (0.144125ms)
✔ playlistImportRecoverableToolFailure (0.17375ms)
▶ PlaylistImporter ToolPack
  ✔ exposes static-page, virtual-window and detail checkpoints through one least-privilege pack (0.845875ms)
  ✔ lets the agent inspect and operate the same-site browser (0.260042ms)
  ✔ binds every declaration to a production handler (0.082125ms)
  ✔ accepts one optional page-evidenced name on the page checkpoint (0.061542ms)
  ✔ requires a mechanically verifiable terminal contract (0.055167ms)
  ✔ describes static pagination as navigation followed by a new page checkpoint (0.065291ms)
  ✔ makes checkpoint evidence eligibility and terminal selector semantics explicit (0.21975ms)
✔ PlaylistImporter ToolPack (2.015834ms)
▶ playlistService media asset seam
  ✔ creates a playlist cover through MediaAssetStore and cleans it on delete (447.514125ms)
  ✔ deletes the previous cover only after a successful cover replacement (446.39925ms)
✔ playlistService media asset seam (894.304083ms)
▶ PluginBrowserCapabilityModule
  ✔ uses action-specific result budgets (0.473625ms)
  ✔ inlines complete small page-fact sections instead of keeping an oversized snapshot (32.874292ms)
  ✔ omits an oversized page-fact section as a whole and never returns a prefix (24.274625ms)
  ✔ returns an omitted artifact section through bounded cursor pages (75.852833ms)
  ✔ keeps every omitted delta section readable from the same artifact (44.660042ms)
  ✔ returns valid artifact sections and a catalog recovery action for an unknown section (22.280709ms)
  ✔ rejects read-section paths outside the browser artifact directory (6.010125ms)
  ✔ keeps a small localeLinks section when snapshot and content links are omitted (36.735209ms)
  ✔ hides oversized artifact string segments behind read-section pagination (38.228583ms)
  ✔ returns every captured page-fact item when the complete observation fits (18.843667ms)
  ✔ keeps the hard transport limit even when the page has unusually many fact sections (457.653042ms)
  ✔ marks evidence incomplete only when the complete page evidence was actually capped (22.323208ms)
  ✔ returns occurrence-aware ARIA and top-level page-fact deltas for one document (30.054708ms)
  ✔ treats a scroll view revision as a full observation and invalidates prior refs (32.797375ms)
  ✔ records a newly appeared pageFacts section after fill without throwing (35.205875ms)
  ✔ falls back explicitly to the artifact when a complete delta exceeds its budget (38.759292ms)
  ✔ isolates baselines by session and resets them when a lease is released (38.877167ms)
  ✔ unwraps evaluate values that were unnecessarily JSON-stringified (18.83925ms)
  ✔ keeps a successful action pending result successful and compact (18.075792ms)
  ✔ redacts typed text from the stored artifact (27.278167ms)
✔ PluginBrowserCapabilityModule (1021.132166ms)
▶ PluginDeveloper approval and lifecycle stability
  ✔ restores a legacy run with newly-invalid field ids as a repairable workspace (128.902584ms)
  ✔ clears every durable plugin-development history without touching other Agent use cases (35.527875ms)
  ✔ refuses to clear history while a plugin-development operation is running (0.512541ms)
  ✔ discards unrecoverable plugin-development history without touching recoverable runs (73.902958ms)
  ✔ waits for a slow terminal release before an immediate continuation reopens the run (1.167875ms)
  ✔ materializes a terminal workspace before lazy continuation projects native file tools (134.948167ms)
  ✔ projects Pi native file tools into the durable product timeline (103.008042ms)
  ✔ records exactly one domain error when a runtime fault transitions the run to failed (0.328667ms)
  ✔ surfaces an unpersistable runtime fault and resolves the active operation (0.40925ms)
  ✔ publishes the reduced active context immediately after Pi compaction (0.415ms)
  ✔ keeps a transient invalid workspace recoverable and resyncs after a valid rewrite (114.8295ms)
  ✔ streams provider reasoning and answer while persisting each only once per completed turn (70.94675ms)
  ✔ bounds one displayed reasoning block and reports the original character count (2.075166ms)
  ✔ revokes an approved permit when Pi rejects the approval continuation (0.3425ms)
  ✔ does not consume an approval while the operation that emitted waiting_user is still settling (0.142708ms)
  ✔ binds a typed choice to the exact request without treating it as user feedback (492.515958ms)
  ✔ resumes a typed browser interaction without turning completion into defect feedback (0.157ms)
  ✔ keeps a mechanically ready artifact waiting for user after Pi settles (121.619416ms)
  ✔ requires real feedback before continuing a mechanically ready artifact (140.000667ms)
  ✔ keeps readiness for dev-notes edits but invalidates it for package edits (164.143083ms)
  ✔ does not run hidden production execution when Pi settles without a current artifact (131.929417ms)
  ✔ projects a model-turn limit into waiting_user/working without running a hidden check (135.870166ms)
  ✔ allows installation only for the exact full production execution artifact (0.623333ms)
  ✔ marks the session completed only after the accepted artifact is installed (0.375334ms)
  ✔ adopts the installed display name when install renames to avoid a conflict (130.789208ms)
  ✔ persists the renamed installed package onto settled product state (131.085125ms)
  ✔ releases only PluginDeveloper-owned runs during application disposal (0.285167ms)
✔ PluginDeveloper approval and lifecycle stability (2118.06425ms)
✔ uses the indexed journal cursor for active and persisted plugin snapshots (0.4275ms)
✔ preserves incremental logs across stale-runtime cancellation, cold snapshot, restore and export (1345.980458ms)
✔ keeps the migrated work log reference when runtime reopen fails during recovery (267.164208ms)
✔ retries closed workspaces with intact or corrupted state without rewriting diagnostic data (421.799458ms)
✔ serializes cleanup admission and drains safely: {"initial":"clear","fail":false,"dispose":true} (434.805583ms)
✔ serializes cleanup admission and drains safely: {"initial":"discard","fail":true,"dispose":true} (435.172459ms)
✔ serializes cleanup admission and drains safely: {"initial":"clear","fail":true,"dispose":false} (409.89925ms)
▶ PluginExecutionModule
  ✔ passes only the typed actress runtime identity and preserves production facts (18.736375ms)
  ✔ records rejected production results without adding semantic issue classifications (13.338291ms)
  ✔ does not accept undefined or runtime-only output as a material production result (14.951ms)
  ✔ does not accept a video source link without any material scraped field (15.095833ms)
  ✔ treats a full empty contract return as unmatched targets, not a broken shape (0.254ms)
✔ PluginExecutionModule (63.007416ms)
▶ PluginRunAcceptanceModule
  ✔ accepts an exact full production artifact without judging content or manifest coverage (1.603708ms)
  ✔ keeps readiness when only the plugin display name changes (0.129666ms)
  ✔ rejects targeted, stale package, stale target, stale runtime, and failed execution artifacts (0.435459ms)
  ✔ never accepts a vacuous full execution with no session targets or cases (0.1625ms)
  ✔ treats a successful proper-subset run as wrong_scope, not execution_failed (0.088166ms)
  ✔ keeps execution_failed when a targeted subset itself failed (0.072625ms)
✔ PluginRunAcceptanceModule (2.957334ms)
▶ PluginWorkspaceModule
  ✔ starts create mode without a requested or predeclared field set (0.996583ms)
  ✔ materializes a Pi-native file workspace and rebuilds a normalized package (114.105167ms)
  ✔ treats workspace files as authoritative and changes the artifact hash after an edit (104.709333ms)
  ✔ keeps Pi dev notes outside the plugin artifact and preserves them across instruction refreshes (167.07725ms)
  ✔ atomically records completed execution facts and the current acceptance projection (133.054583ms)
  ✔ updates current acceptance without overwriting the latest execution facts (140.272292ms)
  ✔ does not reinterpret a removed workspace field declaration as all fields (131.367ms)
  ✔ refreshes v4 host resources without overwriting the draft or decisions (207.201417ms)
  ✔ preserves same-kind legacy targets only when current input has none (233.93ms)
  ✔ keeps current instruction resources frozen when the workspace is reopened (119.005959ms)
  ✔ preserves an older frozen instruction set while restoring an existing run (148.8705ms)
✔ PluginWorkspaceModule (1501.34325ms)
✔ awaits asynchronous removal without recursively deleting through the synchronous API (25.7585ms)
▶ PluginDevInstructionModule
  ✔ keeps the system prompt limited to identity, workspace and host boundaries (0.533833ms)
  ✔ makes javdex-plugin-dev the only owner of the development workflow (2.679709ms)
  ✔ orders page-level search and detail code checkpoints for video and actress skills (0.553042ms)
  ✔ generates isolated result contracts and workflow examples for each plugin kind (0.391584ms)
  ✔ marks field documentation as a query table rather than an implementation checklist (0.103833ms)
  ✔ preserves a resolved choice and reassesses the remaining blocker (0.060416ms)
  ✔ resumes a completed browser handoff from the interrupted location (0.031416ms)
  ✔ uses the host initial dry-run in debug mode without requesting a duplicate run (0.097666ms)
  ✔ starts create from the Skill instead of a five-file reading ritual (0.092875ms)
  ✔ generates stable v1 resources for identical inputs (0.403ms)
  ✔ applies user feedback without manufacturing an extra development round (0.044791ms)
  ✔ treats the resume button as continuation rather than new defect feedback (0.04325ms)
  ✔ exposes only dry-run, typed user input and the browser adapter tools (0.100208ms)
✔ PluginDevInstructionModule (5.658ms)
▶ PluginDeveloper v1 tool executor
  ✔ rejects removed domain tools (130.146583ms)
  ✔ rejects URL-shaped targets without replacing the initial dry-run state (129.386209ms)
  ✔ preserves the prior latest facts while the workspace is temporarily invalid (146.998291ms)
  ✔ adopts the first legal explicit targets immediately and exposes runtime facts (151.111209ms)
  ✔ emits adopted targets before the production runner settles (167.756667ms)
  ✔ replaces session targets after a full unmatched execution (170.893791ms)
  ✔ keeps later explicit targets targeted when the last full run was not an empty miss (127.538875ms)
  ✔ uses later explicit targets only for targeted diagnostics (147.454791ms)
  ✔ treats explicit targets that cover the session set as a full run (128.943333ms)
  ✔ allows the fourth and tenth real executions without an attempt limit (200.113041ms)
  ✔ reads an artifact section without acquiring the live browser lease (143.450917ms)
  ✔ maps bounded scroll arguments to the shared browser command (145.417834ms)
  ✔ terminates on browser busy without replacing the initial dry-run state (150.664917ms)
  ✔ does not replace the initial dry-run state when Cloudflare interrupts the run (116.290791ms)
  ✔ preserves the prior latest facts when a real execution is cancelled (140.883042ms)
✔ PluginDeveloper v1 tool executor (2197.873917ms)
▶ plugin developer Cloudflare handoff
  ✔ retains the browser only for browser interaction handoff requests (0.499625ms)
  ✔ recognizes the typed browser challenge signal (0.232125ms)
  ✔ turns browser action=open challenge into an immediate waiting_user handoff (129.524375ms)
  ✔ presents the helper and creates a typed login handoff without running a Playwright action (121.756917ms)
  ✔ returns typed recovery errors for uncertain actions and pending explicit observations (118.269333ms)
✔ plugin developer Cloudflare handoff (370.978542ms)
▶ PluginDeveloper ToolPack v1
  ✔ matches the compact Pi-native schema in stable order (1.043542ms)
  ✔ classifies dry-run, browser reads/interactions and secret typing explicitly (0.090417ms)
  ✔ governs every remaining host capability through permission, abort and ledger (7.7335ms)
✔ PluginDeveloper ToolPack v1 (9.353083ms)
▶ pluginDevAgent workLog
  ✔ records full tool detail and builds an exportable timeline (17.532709ms)
  ✔ never exports a failed terminal state without an error event (0.17475ms)
✔ pluginDevAgent workLog (18.01625ms)
✔ migrates a legacy log once, preserves message/event order, and reads only its committed journal interval (15.575125ms)
✔ rolls back journal appends when product state commit fails and retries without duplicates (1.054917ms)
✔ rejects changed legacy prefixes, shrinking histories, missing rows and malformed references without rewriting data (0.601625ms)
✔ keeps logical state+journal writes linear for 1k, 10k and 100k log entries (4854.20125ms)
ℹ {"results":[{"entries":1000,"stateBytes":110786,"journalBytes":131780},{"entries":10000,"stateBytes":1127788,"journalBytes":1337780},{"entries":100000,"stateBytes":11477790,"journalBytes":13577780}],"scope":"In-memory SQLite logical JSON bytes; outer transaction amortizes test setup. Not WAL/device bytes, fsync latency, UI or cold recovery memory acceptance."}
▶ pluginDevCodeEdit
  ✔ replace_snippet swaps a unique fragment (0.903708ms)
  ✔ replace_snippet rejects non-unique oldText (0.1395ms)
  ✔ replace_snippet picks match nearest nearLine (0.240959ms)
  ✔ replace_function can replace a top-level helper (0.342583ms)
  ✔ replace_function rejects re-declaring helper inside parseActress block (0.169334ms)
  ✔ listTopLevelFunctions returns names with line ranges (0.689584ms)
  ✔ findDuplicateTopLevelBindings detects duplicate function names (0.040917ms)
✔ pluginDevCodeEdit (3.183375ms)
▶ pluginDevPageFormat
  ✔ formats definition lists and dom regions for prompts (0.412375ms)
  ✔ formats inspect locale anchors without treating them as a language API (0.060667ms)
  ✔ includes link region markers (0.06075ms)
  ✔ builds full page insight prompt (0.19425ms)
  ✔ keeps forms and prioritized links when raw DOM regions are very large (0.4165ms)
✔ pluginDevPageFormat (1.540792ms)
▶ pluginDevService
  ✔ preserves an explicit empty supportedFields list for an undiscovered create draft (6.32875ms)
  ✔ rejects parse result keys used as supportedFields instead of silently dropping them (4.585208ms)
  ✔ wraps generated bare parseVideo functions before dry-run (69.06125ms)
  ✔ reports unrecognized raw result keys before normalization without suggestions (59.876167ms)
  ✔ preserves every normalized video candidate during dry-run (59.878292ms)
  ✔ rejects a video result whose code does not match the requested target (57.770666ms)
  ✔ wraps generated bare parseActress functions before dry-run (67.051666ms)
  ✔ reports legal manifest field ids even when the compatibility projection accepts an empty declaration (73.528959ms)
  ✔ coerces actress numeric and date strings during dry-run (71.494375ms)
  ✔ returns actress identity facts without adding a semantic target rejection (61.784291ms)
✔ pluginDevService (532.266542ms)
✔ coalesces a large burst and flushes the final value without leaking a timer (3.632292ms)
✔ limits continuous progress to ten updates per second plus the final flush (0.447917ms)
✔ replaces pending progress with an immediate state and can publish the next state (0.20375ms)
✔ normalizeProxyUrl accepts common proxy schemes (0.391833ms)
✔ normalizeProxyUrl rejects empty and invalid values (0.162375ms)
▶ public HTTP fetch
  ✔ rejects private literals and hostnames resolving to private addresses (3.382084ms)
  ✔ connects to the validated address while preserving the logical host (20.992833ms)
  ✔ validates redirect destinations and caps streamed response bytes (1.62425ms)
  ✔ applies one timeout budget to URL validation and the request (31.486166ms)
  ✔ closes a pending SOCKS connection when the request deadline expires (62.736209ms)
✔ public HTTP fetch (120.781333ms)
▶ resourceLessVideoCleanupService
  ✔ deletes only zero-resource videos and removes their relations and owned images (402.441042ms)
  ✔ protects zero-resource videos while any playlist still references them (228.647083ms)
  ✔ counts and cleans assets only after the final guarded delete succeeds (242.789583ms)
✔ resourceLessVideoCleanupService (874.352084ms)
▶ ScrapeJobController
  ✔ flushes and detaches UI progress on rejection before accepting another batch (5.329791ms)
  ✔ coalesces video UI progress while preserving checkpoints and done delivery (22.407667ms)
  ✔ coalesces video UI progress while preserving checkpoints and paused delivery (18.286916ms)
  ✔ coalesces video UI progress while preserving checkpoints and cancelled delivery (15.75575ms)
  ✔ coalesces actress UI progress while preserving checkpoints and done delivery (16.492416ms)
  ✔ coalesces actress UI progress while preserving checkpoints and paused delivery (15.974333ms)
  ✔ coalesces actress UI progress while preserving checkpoints and cancelled delivery (16.471791ms)
  ✔ preserves media-library scope through batch count and start orchestration (0.946417ms)
  ✔ rejects a single-video scrape outside the requesting active media library (0.294333ms)
  ✔ forwards an explicit director choice and returns structured classification outcomes (0.097041ms)
  ✔ serializes single video and actress scrape runs (0.08525ms)
  ✔ pauses an interrupted persisted job during initialization (0.0905ms)
  ✔ recovers an on-disk running checkpoint as paused after restart (64.401417ms)
  ✔ publishes progress and supports pause, resume, and discard for persisted batches (1.130125ms)
  ✔ prevents starting a scrape batch while automatic crop owns the batch lock (0.1805ms)
✔ ScrapeJobController (178.788542ms)
▶ ScraperDelayController
  ✔ starts the next same-site interval after the previous access finishes (20.710167ms)
✔ ScraperDelayController (21.278666ms)
▶ ScraperPluginCatalog
  ✔ restores the configured default after deleting a selected plugin (0.937833ms)
✔ ScraperPluginCatalog (1.30825ms)
▶ ScraperServiceConfiguration
  ✔ keeps scraper service IPC policy behind one application boundary (0.893208ms)
✔ ScraperServiceConfiguration (1.225708ms)
▶ SequentialBatchQueue
  ✔ counts success, pending, and failure as disjoint processed outcomes (1.436208ms)
  ✔ pauses after the current target and resumes from checkpoint (0.257542ms)
✔ SequentialBatchQueue (2.112958ms)
▶ seriesMergeService
  ✔ merges an explicit source into the target and transfers videos and direct children (274.804084ms)
  ✔ adopts the source cover only when the target has no formal cover (315.3655ms)
  ✔ rejects a merged name collision in the final owner scope without changing relations (454.277792ms)
  ✔ rejects a merge that would move an ancestor branch below its descendant (447.712834ms)
  ✔ collapses a direct source-to-target hierarchy without making the target its own parent (485.206833ms)
  ✔ rolls back profile, video, and child changes when the database transaction fails (389.614292ms)
  ✔ commits the merge and reports an obsolete source cover cleanup failure (421.440041ms)
  ✔ rejects using the same series as target and source (383.892084ms)
✔ seriesMergeService (3173.009291ms)
✔ reuses canonical query pages, isolates caller mutations, and invalidates local and external writes (259.226459ms)
✔ bypasses cached pages inside transactions and never publishes data that is rolled back (240.373834ms)
✔ evicts least recently used pages and validates raw search before cache lookup (330.288334ms)
✔ evicts by serialized byte budget before eight large pages accumulate (521.907125ms)
✔ observes an external commit during a read and refreshes on the next call (461.959167ms)
✔ does not cache a failed read and allows the same query to retry (421.669375ms)
✔ separates connections even when their revision counters match (819.099375ms)
✔ binds a separate cache and repository to a readonly connection, without using the writer getter (285.186833ms)
▶ videoBatchScrapeQueue feedback
  ✔ identifies scoped and global target sets in batch status text (0.439542ms)
  ✔ preserves and revalidates the original library scope when resuming a checkpoint (0.725917ms)
  ✔ revalidates every frozen scoped target immediately before scraping (0.089125ms)
  ✔ formats success, skip, and partial-warning outcomes distinctly (0.092417ms)
  ✔ counts a persisted multi-candidate result as pending instead of success or failure (0.037417ms)
✔ videoBatchScrapeQueue feedback (1.852625ms)
▶ video lifecycle service
  ✔ cleans app-owned and pending assets while never receiving source media paths (0.924167ms)
  ✔ retries cleanup safely when the repository replays an idempotent result (0.100708ms)
  ✔ deletes managed source files before committing the global video record (0.12175ms)
✔ video lifecycle service (1.506917ms)
Staged video file remains queued for deletion: /var/folders/h4/zxrt6zwx6dv1n16kwxzltqgh0000gn/T/javdex-video-maintenance-policy-Ig0rJX/media-root/IPX-535.mp4.javdex-delete-72835d1e-a137-4d4f-8aea-cf626a85caf9 Error: file is busy
    at unlinkSync (/Users/nut/Project/JavdexLabs/Javdex/src/main/services/videoMaintenanceService.test.ts:1053:15)
    at finalizeStagedLocalFiles (/Users/nut/Project/JavdexLabs/Javdex/src/main/services/videoMaintenanceService.ts:389:9)
    at withStagedLocalFileDeletion (/Users/nut/Project/JavdexLabs/Javdex/src/main/services/videoMaintenanceService.ts:414:7)
    at <anonymous> (/Users/nut/Project/JavdexLabs/Javdex/src/main/services/videoMaintenanceService.ts:486:7)
    at <anonymous> (/Users/nut/Project/JavdexLabs/Javdex/src/main/services/mediaAssetStore.ts:506:24)
    at AsyncLocalStorage.run (node:internal/async_local_storage/async_context_frame:63:14)
    at MediaAssetStore.runCoordinatedChange (/Users/nut/Project/JavdexLabs/Javdex/src/main/services/mediaAssetStore.ts:504:31)
    at MediaAssetStore.coordinateDatabaseChange (/Users/nut/Project/JavdexLabs/Javdex/src/main/services/mediaAssetStore.ts:465:17)
    at MediaAssetStore.runInCoordinatedChange (/Users/nut/Project/JavdexLabs/Javdex/src/main/services/mediaAssetStore.ts:475:17)
    at removeResource (/Users/nut/Project/JavdexLabs/Javdex/src/main/services/videoMaintenanceService.ts:468:5)
Staged video file remains queued for deletion: /var/folders/h4/zxrt6zwx6dv1n16kwxzltqgh0000gn/T/javdex-video-maintenance-policy-iIRigv/media-root/IPX-535.mp4.javdex-delete-341add18-22fa-4c58-84a5-9c2934373933 Error: 只能操作身份有效的启用媒体库根目录内文件
    at rejectManagedRootFile (/Users/nut/Project/JavdexLabs/Javdex/src/main/services/mediaLibraryRootFileGuard.ts:32:9)
    at requireCurrentRootIdentity (/Users/nut/Project/JavdexLabs/Javdex/src/main/services/mediaLibraryRootFileGuard.ts:86:5)
    at assertRootFile (/Users/nut/Project/JavdexLabs/Javdex/src/main/services/mediaLibraryRootFileGuard.ts:98:27)
    at assertMediaLibraryRootDeletionTarget (/Users/nut/Project/JavdexLabs/Javdex/src/main/services/mediaLibraryRootFileGuard.ts:182:3)
    at assertDeletionAllowed (/Users/nut/Project/JavdexLabs/Javdex/src/main/services/videoMaintenanceService.ts:484:9)
    at finalizeStagedLocalFiles (/Users/nut/Project/JavdexLabs/Javdex/src/main/services/videoMaintenanceService.ts:388:9)
    at withStagedLocalFileDeletion (/Users/nut/Project/JavdexLabs/Javdex/src/main/services/videoMaintenanceService.ts:414:7)
    at <anonymous> (/Users/nut/Project/JavdexLabs/Javdex/src/main/services/videoMaintenanceService.ts:486:7)
    at <anonymous> (/Users/nut/Project/JavdexLabs/Javdex/src/main/services/mediaAssetStore.ts:506:24)
    at AsyncLocalStorage.run (node:internal/async_local_storage/async_context_frame:63:14)
Failed to recover pending local file deletion: /var/folders/h4/zxrt6zwx6dv1n16kwxzltqgh0000gn/T/javdex-video-maintenance-policy-yCjKRg/offline-volume/movie.mp4.javdex-delete-interrupted Error: 暂存文件所在存储当前不可用
    at recoverPendingLocalFileDeletions (/Users/nut/Project/JavdexLabs/Javdex/src/main/services/pendingLocalFileDeletionService.ts:48:46)
    at TestContext.<anonymous> (/Users/nut/Project/JavdexLabs/Javdex/src/main/services/videoMaintenanceService.test.ts:1243:22)
    at Test.runInAsyncScope (node:async_hooks:227:14)
    at Test.run (node:internal/test_runner/test:1325:25)
    at Suite.processPendingSubtests (node:internal/test_runner/test:911:18)
    at Test.postRun (node:internal/test_runner/test:1465:19)
    at Test.run (node:internal/test_runner/test:1390:12)
    at async Suite.processPendingSubtests (node:internal/test_runner/test:911:7)
Failed to recover pending local file deletion: /var/folders/h4/zxrt6zwx6dv1n16kwxzltqgh0000gn/T/javdex-video-maintenance-policy-UzOJ1t/media-root/IPX-535.mp4.javdex-delete-before-rename Error: 原文件所在存储当前不可用
    at recoverPendingLocalFileDeletions (/Users/nut/Project/JavdexLabs/Javdex/src/main/services/pendingLocalFileDeletionService.ts:40:19)
    at TestContext.<anonymous> (/Users/nut/Project/JavdexLabs/Javdex/src/main/services/videoMaintenanceService.test.ts:1289:22)
    at Test.runInAsyncScope (node:async_hooks:227:14)
    at Test.run (node:internal/test_runner/test:1325:25)
    at Suite.processPendingSubtests (node:internal/test_runner/test:911:18)
    at Test.postRun (node:internal/test_runner/test:1465:19)
    at Test.run (node:internal/test_runner/test:1390:12)
    at async Suite.processPendingSubtests (node:internal/test_runner/test:911:7)
Failed to recover pending local file deletion: /var/folders/h4/zxrt6zwx6dv1n16kwxzltqgh0000gn/T/javdex-video-maintenance-policy-GineFJ/media-root/missing.mp4.javdex-delete-missing Error: 暂存文件和原文件均不存在
    at recoverPendingLocalFileDeletions (/Users/nut/Project/JavdexLabs/Javdex/src/main/services/pendingLocalFileDeletionService.ts:40:19)
    at TestContext.<anonymous> (/Users/nut/Project/JavdexLabs/Javdex/src/main/services/videoMaintenanceService.test.ts:1321:22)
    at Test.runInAsyncScope (node:async_hooks:227:14)
    at Test.run (node:internal/test_runner/test:1325:25)
    at Suite.processPendingSubtests (node:internal/test_runner/test:911:18)
    at Test.postRun (node:internal/test_runner/test:1465:19)
    at Test.run (node:internal/test_runner/test:1390:12)
    at async Suite.processPendingSubtests (node:internal/test_runner/test:911:7)
▶ VideoMaintenanceService
  ✔ creates and reuses organization identities while editing video metadata (461.088ms)
  ✔ rolls back video fields when organization assignment fails (443.69625ms)
  ✔ creates or appends HTTP resources without scraping and keeps one primary resource (477.672917ms)
  ✔ normalizes a manually entered code before attaching a resource (425.240625ms)
  ✔ attaches a normalized link to an existing legacy lowercase code (431.573041ms)
  ✔ reports the owning video when a normalized HTTP resource already exists (471.437542ms)
  ✔ imports Magnet and ED2K resources and deduplicates their protocol identities (358.373542ms)
  ✔ keeps STRM targets read-only while editing metadata and safely deletes the source file (424.415666ms)
  ✔ restores a staged STRM source and rolls back removal when primary promotion fails (361.551208ms)
  ✔ refuses to remove an active-root STRM source after the root path is replaced (317.653875ms)
  ✔ edits metadata, status, rating, poster, and manual tags (287.570583ms)
  ✔ attaches the exact selected long-name tag, promotes scraped origin, and rejects deleted selections (282.928875ms)
  ✔ rolls back tag creation or origin promotion when updating the video fails (262.263209ms)
  ✔ imports and deletes a local sample in the temporary media directory (293.722875ms)
  ✔ switches the primary resource and deletes only the selected local resource (362.568084ms)
  ✔ restores a staged local file and rolls back resource removal when promotion fails (337.407917ms)
  ✔ sets any resource as primary and promotes deterministic fallbacks after removal (388.975625ms)
  ✔ does not promote an inaccessible local resource over an available web link (316.7535ms)
  ✔ requires an explicit decision when manually removing the last resource (328.395958ms)
  ✔ never turns last-resource removal into a global deletion (267.722709ms)
  ✔ rejects every resource mutation for missing or archived media libraries (294.950417ms)
  ✔ updates only the display label of a local resource (165.00625ms)
  ✔ removes a symbolic-link resource without deleting its target file (244.476333ms)
  ✔ refuses to remove a disabled-root resource after the root path is replaced (262.59675ms)
  ✔ rejects local source deletion for every non-active root state before staging (220.04075ms)
  ✔ rejects physical source deletion when the resource has no root ownership (212.811875ms)
  ✔ skips unmanaged source files when deleting a video globally (225.075333ms)
  ✔ corrects an imported code (187.730958ms)
  ✔ persists a committed cleanup task when resource-file deletion must be retried (308.939375ms)
  ✔ revalidates the root identity before unlinking an already staged source (243.973375ms)
  ✔ does not delete resource records when the file storage cannot be audited (210.183541ms)
  ✔ adopts an interrupted prepared task when resource removal is retried (251.420667ms)
  ✔ does not adopt a prepared resource-removal task when the original path was replaced (304.864ms)
  ✔ restores an interrupted pre-commit file staging task (363.527917ms)
  ✔ keeps a cleanup task queued while its original storage is unavailable (252.167792ms)
  ✔ finishes cleanup after a storage remount changes its device id (303.672334ms)
  ✔ retains a pre-rename prepared task when another device occupies the original path (298.482916ms)
  ✔ retains prepared state and database records when both file paths are missing (292.393ms)
  ✔ keeps the prepared task when storage disappears during resource-removal rollback (344.112208ms)
  ✔ clears scraped metadata and relations but keeps manual tags (369.961417ms)
  ✔ corrects to an already used code without implicitly merging videos (370.537125ms)
  ✔ explicitly merges same-code videos while preserving the chosen id and primary resource (366.379375ms)
  ✔ unions manual tags but keeps the retained scraped-tag field as a whole (322.21675ms)
  ✔ unions cast, playlists, sources, and ratings while preserving retained conflicts and scrape history (367.742167ms)
  ✔ merges cover, poster, and sample fields as whole sets and reclaims only unused media (372.935709ms)
  ✔ rejects a merge whose combined identity belongs to a third video (389.064958ms)
  ✔ rolls back an ordinary merge when deleting the source record fails (337.072833ms)
  ✔ rejects merging videos with different normalized codes (335.219625ms)
  ✔ uses the normal availability-aware promotion rule when neither merged video has a primary (286.747084ms)
  ✔ splits a non-primary resource into a metadata-empty pending-identity video (281.173458ms)
  ✔ blocks primary splitting and rolls back a failed non-primary split (274.701875ms)
  ✔ locks metadata while a video scrape result is pending but still allows resource splitting (313.2025ms)
  ✔ requires confirmation before correcting a pending video and clears staging atomically (286.27375ms)
  ✔ rolls back the whole edit when it would create a complete business identity conflict (320.900084ms)
  ✔ stores related links on a video and returns them on detail (263.30075ms)
  ✔ rejects invalid related links and keeps the previous list (99.378084ms)
  ✔ keeps related links when clearing scraped metadata (77.4015ms)
  ✔ allows related-link edits while a video scrape result is pending (74.425375ms)
  ✔ unions related links on merge with the retained video first (61.164833ms)
  ✔ leaves related links on the original video when splitting a resource (60.141625ms)
✔ VideoMaintenanceService (17919.874583ms)
▶ VideoQueryService
  ✔ lists videos and reads their detail without mutating library state (401.327167ms)
  ✔ redacts external resource locators in detail projections until explicitly requested (443.435417ms)
  ✔ projects a STRM source path while keeping its complete target main-process only (490.992083ms)
✔ VideoQueryService (1336.270833ms)
▶ VideoResourceLinkService
  ✔ tests a direct link and returns Content-Length when available (0.823208ms)
  ✔ returns a non-throwing failure without echoing a sensitive query (0.143ms)
  ✔ routes checks through the hardened public HEAD transport (0.097917ms)
✔ VideoResourceLinkService (1.418292ms)
▶ videoScrapeApplyService.resolveEffectiveScrapeFields
  ✔ fillEmpty keeps only empty scalar fields (599.296208ms)
  ✔ fillEmpty evaluates female and male cast independently (610.52025ms)
  ✔ replaceIfPresent keeps all selected fields regardless of current values (532.445542ms)
  ✔ fillEmpty includes cast fields when video has no performers (597.797125ms)
✔ videoScrapeApplyService.resolveEffectiveScrapeFields (2340.557166ms)
▶ videoScrapeApplyService.planVideoScrapeResult update matrix
  ✔ title follows fillEmpty semantics for every current and scraped value state (479.909125ms)
  ✔ title follows replaceIfPresent semantics for every current and scraped value state (408.85075ms)
  ✔ title follows replace semantics for every current and scraped value state (449.506542ms)
  ✔ summary follows fillEmpty semantics for every current and scraped value state (418.360625ms)
  ✔ summary follows replaceIfPresent semantics for every current and scraped value state (397.06975ms)
  ✔ summary follows replace semantics for every current and scraped value state (373.498375ms)
  ✔ cover follows fillEmpty semantics for every current and scraped value state (471.2985ms)
  ✔ cover follows replaceIfPresent semantics for every current and scraped value state (449.159792ms)
  ✔ cover follows replace semantics for every current and scraped value state (462.764ms)
  ✔ releaseDate follows fillEmpty semantics for every current and scraped value state (396.638208ms)
  ✔ releaseDate follows replaceIfPresent semantics for every current and scraped value state (77.934375ms)
  ✔ releaseDate follows replace semantics for every current and scraped value state (415.4935ms)
  ✔ maker follows fillEmpty semantics for every current and scraped value state (339.7995ms)
  ✔ maker follows replaceIfPresent semantics for every current and scraped value state (308.99275ms)
  ✔ maker follows replace semantics for every current and scraped value state (319.905792ms)
  ✔ publisher follows fillEmpty semantics for every current and scraped value state (289.643792ms)
  ✔ publisher follows replaceIfPresent semantics for every current and scraped value state (206.961209ms)
  ✔ publisher follows replace semantics for every current and scraped value state (367.065792ms)
  ✔ series follows fillEmpty semantics for every current and scraped value state (332.74925ms)
  ✔ series follows replaceIfPresent semantics for every current and scraped value state (340.228584ms)
  ✔ series follows replace semantics for every current and scraped value state (369.80925ms)
  ✔ director follows fillEmpty semantics for every current and scraped value state (352.981125ms)
  ✔ director follows replaceIfPresent semantics for every current and scraped value state (397.040333ms)
  ✔ director follows replace semantics for every current and scraped value state (383.826792ms)
  ✔ duration follows fillEmpty semantics for every current and scraped value state (384.82925ms)
  ✔ duration follows replaceIfPresent semantics for every current and scraped value state (358.397417ms)
  ✔ duration follows replace semantics for every current and scraped value state (421.679542ms)
  ✔ actressesFemale follows fillEmpty semantics for every current and scraped value state (405.655667ms)
  ✔ actressesFemale follows replaceIfPresent semantics for every current and scraped value state (394.45825ms)
  ✔ actressesFemale follows replace semantics for every current and scraped value state (390.994458ms)
  ✔ actressesMale follows fillEmpty semantics for every current and scraped value state (389.012709ms)
  ✔ actressesMale follows replaceIfPresent semantics for every current and scraped value state (414.799792ms)
  ✔ actressesMale follows replace semantics for every current and scraped value state (428.011083ms)
  ✔ tags follows fillEmpty semantics for every current and scraped value state (366.064917ms)
  ✔ tags follows replaceIfPresent semantics for every current and scraped value state (355.873708ms)
  ✔ tags follows replace semantics for every current and scraped value state (335.902875ms)
  ✔ source follows fillEmpty semantics for every current and scraped value state (362.310667ms)
  ✔ source follows replaceIfPresent semantics for every current and scraped value state (367.71975ms)
  ✔ source follows replace semantics for every current and scraped value state (375.571958ms)
  ✔ rating follows fillEmpty semantics for every current and scraped value state (379.196916ms)
  ✔ rating follows replaceIfPresent semantics for every current and scraped value state (115.0105ms)
  ✔ rating follows replace semantics for every current and scraped value state (99.528833ms)
  ✔ samples follows fillEmpty semantics for every current and scraped value state (75.261292ms)
  ✔ samples follows replaceIfPresent semantics for every current and scraped value state (65.1905ms)
  ✔ samples follows replace semantics for every current and scraped value state (59.502458ms)
✔ videoScrapeApplyService.planVideoScrapeResult update matrix (15356.567458ms)
▶ videoScrapeApplyService.applyScrapeResult
  ✔ builds a read-only plan before applying field changes (47.655292ms)
  ✔ applies scalar fields consistently across the three update modes (51.784083ms)
  ✔ does not record a successful scrape when no selected field can be written (49.320792ms)
  ✔ clears only the selected source site metadata in replace mode (62.027416ms)
  ✔ preserves existing cover and warns when a returned image is unavailable (72.199708ms)
  ✔ keeps the complete old sample set when any returned sample is unavailable (59.676166ms)
  ✔ replaces selected relation sets while preserving manual tags and the other cast gender (110.473208ms)
  ✔ keeps a committed scrape successful when post-commit library cleanup fails (105.939417ms)
  ✔ does not roll back scraped tags when orphan-tag cleanup fails after commit (95.973125ms)
  ✔ reuses the unique name owner for canonically equivalent scraped cast names (79.698083ms)
  ✔ does not create or link an actress for a migrated pending cast name (81.848208ms)
  ✔ replaceIfPresent updates existing scalars when scrape has values and keeps null scrape values (82.02675ms)
  ✔ stores external stats under ratingSourceName when provided (78.630167ms)
  ✔ leaves downloaded cast avatars untouched for application-layer adoption (95.848083ms)
✔ videoScrapeApplyService.applyScrapeResult (1073.815834ms)
▶ videoScrapeApplyService classification entity resolution
  ✔ preserves entity update semantics across fillEmpty, replaceIfPresent, and replace (65.274375ms)
  ✔ matches main names, aliases, and normalized equivalents without overwriting profiles (91.788333ms)
  ✔ creates only basic entities, reuses one organization across roles, and leaves series unowned (68.175166ms)
  ✔ rolls back scalar writes and newly created entities when a classification assignment fails (80.844083ms)
  ✔ keeps the current director when its alias is one of multiple candidates without updating the video (102.74375ms)
  ✔ pauses a single scrape for director choice and applies the selected candidate on retry (103.493416ms)
  ✔ preserves an ambiguous director in batch mode while applying safe fields with an actionable warning (110.127709ms)
  ✔ reports an invalid classification name structurally while applying safe fields (74.550834ms)
  ✔ treats same-name series in different owner scopes as ambiguous and never infers an owner (102.5625ms)
✔ videoScrapeApplyService classification entity resolution (800.140958ms)
▶ videoScrapeApplyService.resolveVideoBatchTargets
  ✔ keeps active media-library batch targets inside their membership scope (64.085917ms)
  ✔ returns no targets for an archived media-library scope while preserving global compatibility (110.848958ms)
  ✔ excludes videos that already have a pending scrape decision (103.182292ms)
  ✔ filters by videos missing any selected metadata field (71.24825ms)
  ✔ combines status and missing-field filters (47.16925ms)
  ✔ treats a stored cover path as present even when the file is unreadable (74.132291ms)
✔ videoScrapeApplyService.resolveVideoBatchTargets (470.983916ms)
▶ videoScrapeApplyService tags emptiness
  ✔ fillEmpty ignores manual tags when deciding whether tags are empty (90.015833ms)
✔ videoScrapeApplyService tags emptiness (90.110834ms)
▶ llmSecretStore
  ✔ persists encrypted values and reports a degraded Linux-style backend (12.595625ms)
  ✔ removes a provider secret without affecting the remaining entries (22.176ms)
  ✔ does not treat an unreadable secret path as an empty store (12.416917ms)
✔ llmSecretStore (47.650583ms)
▶ scraperServiceSecretStore
  ✔ persists an encrypted MetaTube token without exposing plaintext (11.134792ms)
  ✔ clears the token and rejects unavailable encryption (25.536166ms)
✔ scraperServiceSecretStore (37.090833ms)
▶ settingsStore avatar composition defaults
  ✔ uses the relaxed face-centered composition for settings without legacy values (17.420416ms)
  ✔ keeps legacy presets and explicit user values during migration (20.487584ms)
✔ settingsStore avatar composition defaults (38.347459ms)
▶ settingsStore video card preferences
  ✔ keeps resource type badges disabled for new and existing users by default (11.8895ms)
  ✔ preserves an explicit resource type badge preference (10.950458ms)
  ✔ defaults video cards to portrait and preserves an explicit landscape preference (21.595667ms)
✔ settingsStore video card preferences (44.586ms)
▶ settingsStore NFO export preferences
  ✔ uses safe defaults and normalizes remembered selections without persisting overwrite (11.421916ms)
✔ settingsStore NFO export preferences (11.481625ms)
▶ settingsStore plugin developer model-turn budget
  ✔ retires the old implicit step limit instead of carrying 24 into the new setting (13.880625ms)
  ✔ defaults to unlimited and preserves an explicit zero limit (15.805666ms)
  ✔ persists a positive limit through the settings interface (19.046916ms)
  ✔ stops rewriting legacy model fields after schema v2 exists (22.816292ms)
  ✔ does not resurrect legacy model fields when the v2 document is unreadable (26.131958ms)
✔ settingsStore plugin developer model-turn budget (97.886875ms)
▶ settingsStore deferred library path cleanup
  ✔ normalizes unique non-empty roots and preserves them across cache resets (13.697375ms)
✔ settingsStore deferred library path cleanup (13.79175ms)
▶ settingsStore persistence
  ✔ does not update the cache when the settings file cannot be replaced (29.656541ms)
✔ settingsStore persistence (29.859916ms)
▶ settingsStore recovery
  ✔ backs up malformed JSON, writes defaults, and exposes one recovery notice (22.179542ms)
  ✔ does not replace a settings path that fails with an I/O error (10.945291ms)
✔ settingsStore recovery (33.24275ms)
▶ settingsStore LLM secret migration
  ✔ moves legacy API keys out of settings.json without exposing them publicly (24.875084ms)
  ✔ keeps the original plaintext file and blocks later writes when migration fails (15.589625ms)
✔ settingsStore LLM secret migration (40.671625ms)
▶ settingsStore scan cleanup defaults
  ✔ keeps automatic deletion disabled and has no summary for new and existing users (8.170084ms)
  ✔ preserves an explicit automatic deletion preference (13.872458ms)
  ✔ normalizes and sanitizes the persisted latest scan summary (17.000458ms)
  ✔ normalizes the retired unrecognized-file snapshot for migration (8.830541ms)
✔ settingsStore scan cleanup defaults (48.002792ms)
▶ settingsStore automatic scan defaults
  ✔ keeps automatic scans disabled and defaults to one hour (14.999834ms)
  ✔ accepts only supported automatic scan intervals (42.900416ms)
✔ settingsStore automatic scan defaults (57.962792ms)
▶ settingsStore retired actress scrapers
  ✔ rewrites the retired idol archive default to Xslist (14.211125ms)
  ✔ rewrites composite actress field mappings that pointed at the idol archive (14.031958ms)
✔ settingsStore retired actress scrapers (28.305708ms)
▶ settingsStore retired video scrapers
  ✔ rewrites the retired JAV8 default to JavDB (19.460084ms)
  ✔ rewrites JAV8 composite mappings and removes its delay (30.229041ms)
✔ settingsStore retired video scrapers (49.808875ms)
▶ settingsStore privacy mode
  ✔ defaults to disabled with every image scope selected (16.931208ms)
  ✔ keeps valid unique scopes and discards unknown values (10.892667ms)
  ✔ keeps samples and actress galleries independently selectable (7.01675ms)
  ✔ allows all privacy scopes to be cleared explicitly (15.698333ms)
✔ settingsStore privacy mode (50.711208ms)
▶ close-to-tray setting
  ✔ defaults off and persists an explicit choice across reloads (28.239875ms)
  ✔ does not enable tray hiding from malformed legacy values (18.87925ms)
✔ close-to-tray setting (47.226416ms)
▶ Web read-only catalog scope
  ✔ rechecks image authorization after async work when hidden changes (450.910666ms)
  ✔ rechecks image authorization after async work when archived changes (398.458ms)
  ✔ rechecks image authorization after async work when cover changes (291.195167ms)
  ✔ rechecks image authorization after async work when cast changes (335.633ms)
  ✔ rechecks image authorization after async work when sample changes (306.003583ms)
  ✔ reads only the authorized image path before and after serving, without full details (332.190125ms)
  ✔ forwards thumbnail size through the real catalog while preserving original requests (249.89475ms)
  ✔ forwards the caller signal to the async Store and drops a cancelled result (250.760125ms)
  ✔ filters archived/hidden memberships for lists, details, images, and media (246.774583ms)
  ✔ describes local resources without exposing their directory (271.725666ms)
  ✔ uses the cover rather than the background for browse, detail and image requests (278.431292ms)
  ✔ queries with parameters, paginates stably and filters clear membership scopes (893.739125ms)
  ✔ uses stable desktop discovery and respects library home participation (618.540209ms)
  ✔ exposes cast display metadata and only serves avatars linked to visible videos (98.040042ms)
  ✔ downloads non-playable files and exposes only supported external links (229.904708ms)
  ✔ resolves only authorized files and refuses symlink escapes and disabled roots (285.611417ms)
✔ Web read-only catalog scope (5538.904041ms)
▶ Desktop-approved browser pairing
  ✔ requires an open window, a desktop decision and a separate secret, consumes only once (1.381084ms)
  ✔ expires requests, bounds polling, rejection, restart and approvals (0.180917ms)
  ✔ bounds the total pending requests (0.207167ms)
✔ Desktop-approved browser pairing (2.104792ms)
▶ Remembered browser lifecycle
  ✔ persists only remembered hashes, retains authorization over restart and revokes individual devices (241.597875ms)
✔ Remembered browser lifecycle (241.742042ms)
▶ Pairing HTTP boundary
  ✔ binds exchange to a private cookie, keeps approval desktop-only and remembers across server restarts (292.781042ms)
✔ Pairing HTTP boundary (292.974375ms)
▶ Device record recovery
  ✔ keeps valid sessions usable during activity write failures and retries persistence (243.009625ms)
  ✔ keeps disk and memory consistent after failed revoke, clear, rename and create (77.7405ms)
  ✔ resets a damaged snapshot without parsing it or retaining old authorization (43.967958ms)
  ✔ restores remaining pairing time from server and retains approval on issuance failure (0.152208ms)
✔ Device record recovery (365.002041ms)
▶ Per-device streaming revocation
  ✔ interrupts the revoked stream while another browser finishes its stream (59.883291ms)
✔ Per-device streaming revocation (60.018791ms)
✔ keeps the running service on staging failure and restores it after publish failure (121.617666ms)
✔ preserves remembered devices on runtime server errors, including failed state persistence (4.902166ms)
▶ Web authentication and streaming
  ✔ keeps image responses private and reports read queue overload as 503 (5.778708ms)
  ✔ forwards finite thumbnail sizes and rejects invalid sizes before image work (2.797333ms)
  ✔ reports oversized images as 413 without caching or a HEAD body (6.485167ms)
  ✔ rechecks an expired session after image work while the connection remains open (44.255583ms)
  ✔ cancels pending image work on logout and never sends its completed bytes (44.556ms)
  ✔ cancels pending image work on disconnect and never sends its completed bytes (41.9805ms)
  ✔ stores salted password hashes and enforces minimum length (117.540917ms)
  ✔ requires a session for catalog, artwork, and video, with no credential data in failures (12.993875ms)
  ✔ serves brand and favicon PNGs without login with the correct MIME and bytes (11.763584ms)
  ✔ rejects bad credentials; issues HttpOnly SameSite cookies on login (91.301292ms)
  ✔ blocks cross-origin, missing-origin POSTs, DNS rebinding, and desktop mutation routes (13.285125ms)
  ✔ streams byte ranges, suffixes and HEAD; rejects invalid or multiple ranges (11.494666ms)
  ✔ downloads authenticated resources as attachments (3.19975ms)
  ✔ logout invalidates the cookie; desktop revocation invalidates all browsers (48.562042ms)
✔ Web authentication and streaming (595.128125ms)
▶ Session lifetimes and request limits
  ✔ expires idle and absolute sessions and limits attempts (0.1995ms)
  ✔ accepts only local peer ranges and handles byte-range edge cases (0.269833ms)
✔ Session lifetimes and request limits (0.540333ms)
▶ actress face scan cache
  ✔ reuses a result only while the avatar fingerprint is unchanged (0.351584ms)
  ✔ filters only cached no-face avatars and ignores missing or unscanned entries (0.564708ms)
  ✔ combines a minimal full-library manifest with current session results (0.08475ms)
✔ actress face scan cache (1.39ms)
▶ actress face scan cache identity
  ✔ only changes when a current row has no reusable result (0.325167ms)
✔ actress face scan cache identity (0.612166ms)
▶ actress face detection outcome mapping
  ✔ maps the detector zero-face message to the no-face domain state (0.352667ms)
✔ actress face detection outcome mapping (0.717583ms)
▶ actress face scan queue
  ✔ reports total detection failure without confusing partial or empty results with failure (0.488292ms)
  ✔ reuses cached face statuses and does not invoke detection for them (0.5725ms)
  ✔ finishes the current target before honoring cancellation (0.074583ms)
  ✔ does not cache detector failures so a later run can retry them (0.059333ms)
✔ actress face scan queue (1.590208ms)
▶ actress face scan session
  ✔ notifies remounted consumers when an earlier scan finishes (0.390125ms)
✔ actress face scan session (0.8355ms)
▶ avatar auto-crop geometry
  ✔ rejects invalid boxes and clamps valid detector bounds (0.825125ms)
  ✔ merges overlapping tiled detections and preserves the strongest result (0.098917ms)
  ✔ requires an explicit choice when two faces have similar prominence (0.134625ms)
  ✔ accepts mid-confidence faces only when the presence floor is used (0.053875ms)
  ✔ maps ROI landmarks back to full-image normalized coordinates (0.055166ms)
  ✔ uses the hair component attached to the face for visible head bounds (1.324917ms)
✔ avatar auto-crop geometry (2.895833ms)
✔ requests CORS before loading a media avatar so its bitmap can cross the Worker boundary (0.434834ms)
✔ keeps only recent log previews after 100000 entries while counting omissions (22.383416ms)
✔ bounds oversized fields without splitting surrogate pairs or mutating prior state (0.11125ms)
▶ avatar composition preview cache
  ✔ persists and restores the complete normalized face analysis (0.708125ms)
✔ avatar composition preview cache (1.033167ms)
▶ ActressAvatarEditor
  ✔ keeps rendering when the current avatar enters crop editing (56.585ms)
  ✔ keeps rendering when a legacy avatar without its original enters crop editing (14.939333ms)
✔ ActressAvatarEditor (71.963417ms)
✔ pages associated covers without loading an actress detail or accumulating tiles (8.331083ms)
✔ does not replace a user-selected source tab when the first cover page arrives late (1.819417ms)
✔ pages photo sources with global labels and retries without fetching complete metadata (8.218083ms)
✔ keeps local selection when the user opens a file picker before photos arrive (1.542333ms)
▶ ActressDeleteModal confirmation model
  ✔ uses ordinary deletion only when the current impact has no video links (0.383209ms)
  ✔ requires the dedicated acknowledgement action and explains resource preservation (0.091542ms)
  ✔ does not let the dedicated high-risk action bypass the safe path (0.055958ms)
✔ ActressDeleteModal confirmation model (0.904542ms)
✔ bounds grid and preview windows, crosses both page edges and preserves one history entry (225.471125ms)
✔ retains the current photo on page failure, retries, and discards a response after close (38.67225ms)
✔ refreshes by stable ID after reorder and closes a removed preview without selecting its replacement (55.25725ms)
✔ deletes the last photo on a page and refreshes imported photos through the actual panel callbacks (38.530708ms)
▶ ActressProfileMeta scrape record
  ✔ hides scrape record for successful actresses and keeps attention states (0.88075ms)
  ✔ offers the manual success mark only for unscraped and failed records (0.086958ms)
✔ ActressProfileMeta scrape record (1.343416ms)
▶ Button
  ✔ loads its CSS Module and preserves native button semantics (2.622583ms)
✔ Button (3.047667ms)
▶ ClassificationDeleteModal
  ✔ shows associated video and child impacts before confirming deletion (9.40675ms)
  ✔ allows a zero-impact deletion and keeps a failed confirmation open with refreshed impact (5.94975ms)
  ✔ does not report or re-preview a completed deletion when page cleanup fails (1.613ms)
✔ ClassificationDeleteModal (17.527625ms)
✔ loads only the video source and retains the chosen original across 60/60/5 and error retry (164.860584ms)
✔ clamps a shrunken last page and ignores a response after an entity switch (5.546042ms)
✔ does not close or refresh a new entity editor when an old save settles (3.667625ms)
✔ does not replace a chosen video cover with a late URL preview after switching sources (3.602292ms)
▶ classification picker
  ✔ keeps candidates hidden until the field is used (3.639083ms)
  ✔ shows candidates once the user types (1.726083ms)
  ✔ walks candidates with the arrow keys and commits with Enter (1.338583ms)
  ✔ shows candidates once the field is focused (0.264667ms)
  ✔ shows candidates on focus even when the field is empty (0.230875ms)
  ✔ does not commit a candidate with Enter until one is active (0.203208ms)
  ✔ closes candidates on Escape without letting the dialog see the key (0.229584ms)
  ✔ closes candidates when focus leaves the field (0.4035ms)
  ✔ keeps candidates open when the pointer is in the list (0.454292ms)
  ✔ closes candidates after picking one with the pointer (0.235333ms)
  ✔ hides the create hint when the typed name already exists (0.294125ms)
✔ classification picker (9.609166ms)
▶ video detail library context layout
  ✔ shares the compact detail header row with the back action (2.826042ms)
  ✔ keeps membership badges on one bounded line (0.723ms)
✔ video detail library context layout (3.905792ms)
▶ DirectorScrapeChoiceModal
  ✔ requires an explicit candidate and submits its stable director id (5.638916ms)
✔ DirectorScrapeChoiceModal (6.142292ms)
▶ DisplayModeProvider
  ✔ loads and exposes the application-wide cover mode (24.339459ms)
✔ DisplayModeProvider (24.799875ms)
▶ form hint styles
  ✔ keeps entity-edit and settings field hints muted and caption-sized (3.540709ms)
  ✔ routes entity-edit helper copy through EditFormField instead of a bare hint class (0.765041ms)
✔ form hint styles (4.988416ms)
▶ image preview history marker
  ✔ preserves router state when adding a unique preview marker (1.709292ms)
  ✔ reads only valid image preview markers (0.100667ms)
✔ image preview history marker (2.179625ms)
✔ uses a 320 thumbnail for actress cards (140.892292ms)
✔ uses thumbnails for local video gallery tiles and original preview sources (110.218833ms)
✔ uses thumbnails for local actress gallery tiles and original preview sources (3.262334ms)
▶ LegacyLibraryRedirect
  ✔ preserves the settings return context while replacing a legacy video URL (68.306375ms)
✔ LegacyLibraryRedirect (68.757542ms)
▶ MediaLibraryCreateModal
  ✔ validates in place and exposes a keyboard-submit four-step flow (184.063292ms)
  ✔ deduplicates selected roots, submits independent config, and returns root errors to their step (6.747ms)
✔ MediaLibraryCreateModal (191.461917ms)
▶ MediaLibraryCreateModal control style
  ✔ keeps all workflow steps at one viewport-safe dialog height (2.922875ms)
  ✔ reserves a visible gutter for the left edge of the focus ring (0.675667ms)
✔ MediaLibraryCreateModal control style (3.963959ms)
▶ MediaLibraryNav name style
  ✔ keeps visible library names on one ellipsized line (2.38125ms)
  ✔ presents media libraries as one compact navigation surface (0.782667ms)
  ✔ keeps global navigation unlabeled in the visible sidebar (0.2835ms)
✔ MediaLibraryNav name style (3.931833ms)
✔ pages40 candidates and preserves selection and name plan across pages and search (640.365333ms)
✔ retries page failures without losing the selected merge plan (93.878125ms)
✔ ignores old page responses while a changed search is debouncing (420.207917ms)
✔ locks a captured merge against duplicate submission and retains plan on failure (163.641ms)
✔ resets session on keep identity change and ignores old page and merge completion (158.283917ms)
✔ resets the name plan only when choosing a different merge candidate or clearing selection (91.758625ms)
▶ OrganizationDeleteModal
  ✔ previews and removes only the selected role (11.19775ms)
  ✔ blocks removing the final role and directs the user to full deletion (3.711542ms)
  ✔ shows both role counts and hierarchy impacts for a full deletion (1.434208ms)
✔ OrganizationDeleteModal (16.831333ms)
▶ OrganizationMergeModal interaction
  ✔ selects a cross-role source and submits the explicit source-to-target direction (139.319541ms)
  ✔ keeps the modal open and shows an actionable error when the merge is rejected (3.93325ms)
✔ OrganizationMergeModal interaction (143.931625ms)
▶ recent text input style contract
  ✔ uses the shared text-input treatment for every recent text-like input (1.972083ms)
✔ recent text input style contract (2.294959ms)
▶ Switch
  ✔ loads its CSS Module and preserves native checkbox semantics (2.811ms)
✔ Switch (3.308ms)
✔ loads on open only, pages without full catalog reads and preserves cross-page selection (53.776ms)
✔ debounces and resets search, rejecting stale page/search responses (274.258166ms)
✔ shows failure with explicit retry and enforces 100 selections while allowing removal (1.67375ms)
✔ unmounts candidates with the actual parent popover and ignores late responses on reopen (3.064125ms)
▶ VideoDeleteImpact
  ✔ shows every affected domain without a duplicate source-file section (2.549959ms)
  ✔ names the current library when previewing a membership removal (0.239083ms)
✔ VideoDeleteImpact (3.154959ms)
▶ video primary metadata classification navigation
  ✔ dispatches entity-backed organizations by stable id (0.862042ms)
  ✔ does not expose a name-only organization route (0.053416ms)
  ✔ uses only the stable director id (0.060542ms)
  ✔ uses only the stable series id (0.057709ms)
✔ video primary metadata classification navigation (1.433833ms)
▶ video detail resource actions
  ✔ shows copy and external-open actions instead of play for link resources (4.380625ms)
  ✔ keeps the play action for local resources (0.483875ms)
  ✔ shows actual link kind, STRM hosting, masked target, and source path together (1.114959ms)
  ✔ exposes the cross-library move command for both links and root-managed resources (2.337375ms)
✔ video detail resource actions (8.750083ms)
▶ VideoLibraryMembershipBadges
  ✔ puts the active resource scope first and names the other memberships accessibly (3.658875ms)
  ✔ bounds the visible badges and exposes hidden library names in the overflow title (0.459875ms)
✔ VideoLibraryMembershipBadges (4.481542ms)
▶ VideoResourceImportModal
  ✔ keeps a STRM target read-only while allowing metadata edits and HTTP checks (132.443416ms)
✔ VideoResourceImportModal (132.750833ms)
✔ loads only on open, renders at most one page, and selects an existing tag by ID (16.176125ms)
✔ debounces search, resets the page, and discards earlier search responses (548.488459ms)
✔ shows errors with retry and discards closed-modal results before reopening (1.797334ms)
✔ creates from the full draft and prevents an old write completion from closing another video modal (2.12625ms)
✔ refreshes stale candidates after a failed selection without retrying the write (1.760708ms)
✔ does not inherit an open picker or issue a hidden request when switching videos (1.470417ms)
▶ actress virtual grid layout
  ✔ derives responsive columns without shrinking cards below their minimum width (0.684042ms)
  ✔ places load state on a dedicated row after an incomplete item row (0.624625ms)
✔ actress virtual grid layout (1.873083ms)
▶ AgentMetadataActivityFeed
  ✔ keeps live model thinking open and shows semantic actions (4.440125ms)
  ✔ collapses completed thinking into an expandable preview (1.385333ms)
  ✔ moves a finished live thought back into collapsed history (0.858667ms)
  ✔ caps the thinking box height and still shows the full streamed text (2.748208ms)
✔ AgentMetadataActivityFeed (9.921792ms)
▶ Agent metadata collector intro
  ✔ explains how this flow differs from regular matching (0.526583ms)
  ✔ keeps the setup steps compact and muted (2.657167ms)
✔ Agent metadata collector intro (3.668708ms)
▶ alias editor state
  ✔ promotes an alias to main name and keeps the previous main as an alias (0.989792ms)
  ✔ does not duplicate the previous main name when it is already an alias (0.067875ms)
✔ alias editor state (1.4105ms)
▶ classification image interaction state
  ✔ distinguishes formal images from dynamic fallback images (0.764459ms)
  ✔ builds explicit file, URL, and video-cover commands (0.075459ms)
✔ classification image interaction state (1.176875ms)
▶ classification merge interaction state
  ✔ keeps the selected source identity when refreshed candidates reorder (0.772583ms)
  ✔ keeps a selected source through a narrower search and rejects invalid commands (0.04925ms)
✔ classification merge interaction state (1.167417ms)
▶ classification picker state
  ✔ stays closed until the user asks for candidates (1.053208ms)
  ✔ hides candidates when the result set is empty (0.074417ms)
  ✔ opens on arrow navigation and wraps around the candidate list (0.065459ms)
  ✔ never navigates into an empty candidate list (0.04025ms)
  ✔ drops the active candidate when typing or when the result set shrinks (0.040541ms)
  ✔ closes on dismiss (0.035833ms)
  ✔ hides the create hint when the query already names an existing option (0.043333ms)
✔ classification picker state (1.796583ms)
▶ director form state
  ✔ defaults to preserving a changed main name and converts profile fields (0.839292ms)
✔ director form state (1.152041ms)
▶ director picker state
  ✔ keeps typed same-name input as an explicit inline-create request (0.799417ms)
  ✔ shows stable candidate differences rather than silently choosing by name (0.085375ms)
✔ director picker state (1.322916ms)
▶ image preview swipe gesture
  ✔ switches to the previous image when dragging right past the threshold (0.33075ms)
  ✔ switches to the next image when dragging left past the threshold (0.160958ms)
  ✔ ignores clicks, short drags, and vertical drags (0.078125ms)
  ✔ distinguishes a drag from a click even when movement is vertical (0.060625ms)
✔ image preview swipe gesture (1.233292ms)
▶ mediaLibraryIdentityStyle
  ✔ maps every domain color to one semantic CSS custom property (0.953917ms)
  ✔ keeps the established palette mapping stable (0.068208ms)
✔ mediaLibraryIdentityStyle (1.380125ms)
▶ organization form state
  ✔ defaults to preserving the previous main name while retaining ordered aliases and links (1.278333ms)
  ✔ moves links without mutating the current form state (0.201708ms)
  ✔ retains a selected parent while search results change (0.260541ms)
✔ organization form state (2.222709ms)
▶ organization merge presentation
  ✔ shows cross-role candidate statistics without collapsing the two roles (0.334625ms)
  ✔ reports each transferred relation after a successful merge (0.062125ms)
✔ organization merge presentation (0.7395ms)
▶ organization picker state
  ✔ resolves main names and aliases to stable ids (1.054709ms)
  ✔ uses unmatched text as an explicit inline create request (0.063208ms)
  ✔ uses an empty value to remove the organization relation (0.051667ms)
  ✔ describes candidates by stable id, roles, and aliases (0.058333ms)
✔ organization picker state (1.616ms)
▶ PlaylistImportProvider workspace
  ✔ uses the Agent scrape two-pane workspace with live activity and result preview (1.156583ms)
  ✔ offers one confirmed termination action in running and waiting-user footers (0.214917ms)
  ✔ closes the import workspace after the host confirms task termination (0.1495ms)
  ✔ closes only through the actions rendered inside the import dialog (0.113125ms)
  ✔ closes the import dialog before navigating to the imported playlist (0.150084ms)
  ✔ offers frozen write options with source-playlist linking disabled by default (0.195667ms)
  ✔ selects the active default media library when opening the importer (0.129042ms)
  ✔ explains the Agent name and host-date fallback for an empty new-playlist name (0.095916ms)
  ✔ invalidates global video projections and discards stale identity choices (0.125083ms)
  ✔ broadcasts completion so recovered imports refresh mounted playlist surfaces (1.779667ms)
  ✔ renders the complete release summary instead of only aggregate reuse counts (0.164458ms)
  ✔ keeps preview rows dense and long text truncation stable (2.781958ms)
  ✔ shows enough candidate identity evidence and opens links through the app shell (0.326333ms)
✔ PlaylistImportProvider workspace (8.203ms)
▶ PluginDevConfigRail ready actions
  ✔ makes Install primary and disables empty continuation until feedback is entered (6.405333ms)
✔ PluginDevConfigRail ready actions (6.721334ms)
▶ PluginDevConversation history controls
  ✔ presents a ready settlement as normal state and requires feedback to continue (5.836875ms)
  ✔ renders model reasoning as a quiet collapsed diagnostic block (18.185167ms)
  ✔ keeps live reasoning open and marks the answer as streaming (3.249792ms)
  ✔ renders agent answers as markdown (2.871833ms)
  ✔ renders compact context metrics with the cache-hit ratio (0.7275ms)
  ✔ exposes an explicit clear-session action for a restored historical run (0.72425ms)
  ✔ keeps typed choice, browser challenge and freeform requests as distinct controls (1.834333ms)
✔ PluginDevConversation history controls (33.895209ms)
✔ pages40/40/21, resolves full names and retains selected long identities when returning (294.521375ms)
✔ retries page failures and isolates a stale page during raw search debounce (386.16175ms)
✔ ignores choice completion after search or close and suppresses same-tick duplicate clicks (386.634583ms)
✔ reports missing or unrepresentable names without adding incorrect targets (78.540708ms)
✔ enforces existing eight-target limit and preserves video query behavior after kind switch (55.14225ms)
✔ recognizes existing long targets on a fresh mount without confusing a common preview prefix (67.245708ms)
✔ ignores a held actress choice after switching to video (72.431792ms)
✔ bounds long-label reconciliation concurrency and stops scheduling after kind switch (37.275042ms)
✔ retries failed long-label selection reconciliation (40.548125ms)
✔ guides a configured model user to the missing website, then enables development (279.472333ms)
✔ keeps the actual model readiness reason when a named model cannot run (3.920667ms)
▶ PluginDevResultPanel manifest coverage
  ✔ separates actionable field ids from runtime-only information (4.001958ms)
  ✔ renders each exact-match candidate when the plugin returns an array (0.758541ms)
  ✔ labels a targeted execution as a local diagnostic even when the saved full run is ready (0.314916ms)
  ✔ explains null and empty array plugin returns instead of hiding the section (0.204417ms)
✔ PluginDevResultPanel manifest coverage (5.872875ms)
▶ plugin dev Agent UI state
  ✔ requires feedback before continuing a mechanically ready Agent (0.413583ms)
  ✔ presents a normal Agent settlement without an error toast (0.551ms)
  ✔ coalesces streaming reasoning and answer into their final model-turn items (0.128667ms)
  ✔ enables the existing Install button only for a current mechanical acceptance (0.0455ms)
  ✔ allows clearing restored history only when its Agent is not running or busy (0.03925ms)
  ✔ auto-applies only unfinished history and leaves terminal editor state untouched (0.042583ms)
  ✔ keeps non-debuggable built-ins out of the plugin-development selector (3.826125ms)
  ✔ does not treat a loaded built-in fork as the already-selected new-plugin option (0.100042ms)
  ✔ rejects session B events while continuing session A (0.071875ms)
  ✔ binds an unbound start once and rejects later events from another session (0.083792ms)
  ✔ invalidates a snapshot after any newer live mutation (0.136416ms)
  ✔ releases restored busy state on settle but keeps a local API dispatch busy (0.141583ms)
  ✔ projects live workspace drafts from package_updated, not terminal done (0.073917ms)
  ✔ blocks ordinary messages until the exact pending approval is decided (0.06175ms)
  ✔ does not dispatch a stale approval after the request disappeared (0.051959ms)
✔ plugin dev Agent UI state (6.334833ms)
▶ series form state
  ✔ defaults a rename to retaining the previous main name (0.348667ms)
  ✔ trims text and converts optional numeric selections (0.562375ms)
✔ series form state (1.253375ms)
▶ series picker state
  ✔ keeps typed creation separate from selecting an existing stable identity (0.947958ms)
  ✔ always distinguishes same-name candidates by stable id and owner scope (0.0995ms)
✔ series picker state (1.424584ms)
✔ shows bounded log preview with explicit omission notice and full task counters (23.593084ms)
✔ applies supported fields, preserves other mappings, allows overrides and only persists on save (13.111917ms)
✔ rejects unavailable saved sources and keeps missing references visible for repair (2.169ms)
✔ excludes nested and other-kind plugins and prevents applying unconfigured sources (1.082667ms)
✔ uses video field capabilities for bulk assignment (0.91825ms)
▶ LibraryScanAuditPanel
  ✔ defaults to the attention tab even when the latest scan has no issues (287.840083ms)
  ✔ keeps cached unrecognized files visible with their root-scoped resolution controls (4.398042ms)
  ✔ does not describe current scan failures as resolved (1.4975ms)
  ✔ offers a processing jump for cached unrecognized rows in the all-files tab (2.534333ms)
  ✔ shows an NFO identity conflict as a secondary scan disposition and opens the pending center (3.397ms)
  ✔ routes a current NFO candidate to its scrape pending item (2.206041ms)
  ✔ shows historical NFO pending dispositions as resolved when their current rows are gone (1.231125ms)
  ✔ keeps the attention badge equal to the visible list when only an NFO warning exists (1.568167ms)
✔ LibraryScanAuditPanel (305.368292ms)
✔ limits a large failed audit to100 visible rows and queries only their pending IDs (31.06375ms)
✔ routes all three kinds from one mixed pending presence response (2.726459ms)
✔ keeps a stable audit anchor when a historical group is no longer pending (1.604375ms)
▶ MetaTube plugin settings
  ✔ shows pending status and blocks setting an unconfigured plugin as default (5.416208ms)
  ✔ keeps a blank token and supports explicit token clearing (6.055084ms)
  ✔ requires confirmation before saving a token over remote HTTP (4.511791ms)
  ✔ tests the current draft without changing the token mode (6.264416ms)
✔ MetaTube plugin settings (22.824625ms)
▶ Model management v2 panels
  ✔ keeps workload edits local until the explicit save action (11.818708ms)
  ✔ shows configured providers first and keeps unconfigured built-ins collapsed (1.152ms)
  ✔ limits the default advanced view to models referenced by workloads (9.896792ms)
✔ Model management v2 panels (23.551ms)
✔ saves proxy address and mode only on explicit commit; testing stays independent (270.348042ms)
▶ NFO export foreground modal
  ✔ vetoes full-page unload while the foreground modal is active (241.339458ms)
  ✔ is an aria-modal task surface with an explicit terminate action and no dismiss action (9.355375ms)
  ✔ keeps the terminal report open until the user confirms it (1.920541ms)
  ✔ renders a returned plan and enters blocking state before foreground execution (11.741417ms)
  ✔ discards a plan that returns after the storage panel has unmounted (3.581375ms)
  ✔ terminates an export whose start result returns after unmount (2.546291ms)
✔ NFO export foreground modal (271.54925ms)
▶ NFO export preview details
  ✔ counts only new and replaced artwork in the writing breakdown (1.406792ms)
  ✔ distinguishes stopped, partial and empty reports and exposes stop errors in the dialog (2.028167ms)
  ✔ mounts only the opened page of a large warning list and keeps every warning reachable (3.075667ms)
✔ NFO export preview details (6.634041ms)
▶ SettingsPrimitives
  ✔ retains an invalid value with an accessible error instead of silently clamping it (5.123ms)
  ✔ keeps a multi-digit number local until the edit is committed (1.379208ms)
  ✔ supports keyboard activation of increment and does not treat empty input as zero (0.529542ms)
  ✔ renders a semantic card without losing its accessible name (0.626ms)
  ✔ exposes status as data rather than a behavior-bearing class name (0.383083ms)
✔ SettingsPrimitives (8.641583ms)
✔ renames with no manual code or target and refreshes the pending row after failed recognition (162.269ms)
✔ retries a failed service with saved configuration, and prevents submitting unsaved drafts via retry (3443.199875ms)
▶ library scan audit row layout
  ✔ uses compact rows only when the skipped tab also uses compact virtual slots (0.357709ms)
  ✔ keeps the variable-height attention list out of fixed-size virtualization (0.059209ms)
  ✔ keeps CSS row geometry aligned with virtual item sizes (0.6325ms)
✔ library scan audit row layout (1.42375ms)
▶ video resource card badges
  ✔ keeps primary-first order, deduplicates kinds, and limits visible labels to two (1.175791ms)
  ✔ returns no card decoration when a video has no resources (0.073125ms)
  ✔ shares full resource labels across detail and filter surfaces (0.063292ms)
✔ video resource card badges (1.695417ms)
▶ video resource import form
  ✔ shares auto detection, normalization, and size conversion across entry points (0.928416ms)
  ✔ auto-detects Magnet and keeps its protocol-derived default name (0.147375ms)
  ✔ treats blank matching input as absent without invoking strict code validation (0.049958ms)
✔ video resource import form (1.492583ms)
▶ video resource import layout
  ✔ gives the size value the fluid column and keeps its unit compact (9.93125ms)
✔ video resource import layout (10.581084ms)
▶ shared workbench primitives
  ✔ composes feature classes without replacing the neutral structure (2.060375ms)
  ✔ connects tabs to their panels with a single keyboard tab stop (0.717041ms)
✔ shared workbench primitives (3.326167ms)
✔ counts avatars through the scalar API without loading targets and propagates failures (53.389125ms)
✔ consumes pages on demand and stops safely across page failure, cancellation and unmount (69.860666ms)
✔ serializes startup before target loading and releases ownership on empty, failed or unmounted startup (53.718667ms)
▶ isBatchScrapeActive
  ✔ treats only running and paused batches as active (0.613375ms)
✔ isBatchScrapeActive (1.196208ms)
▶ poster grid row height
  ✔ reserves the complete membership strip without changing ordinary library rows (0.328125ms)
✔ poster grid row height (0.644083ms)
▶ facet route contracts
  ✔ only permits each entity detail under its matching facet (0.448916ms)
✔ facet route contracts (0.746709ms)
▶ global search shortcut
  ✔ accepts Cmd/Ctrl+K and rejects unrelated key combinations (0.32475ms)
  ✔ focuses and selects the Home input after two render frames (0.541708ms)
✔ global search shortcut (1.223167ms)
▶ useLatestAsyncLabel
  ✔ ignores an older request that finishes after the latest request (5.071417ms)
✔ useLatestAsyncLabel (5.5265ms)
▶ media-library scan event scope
  ✔ accepts only the current library and, once known, the current run (0.324166ms)
✔ media-library scan event scope (0.631583ms)
✔ sends no empty lookup, deduplicates IDs and rejects a stale page response (13.13575ms)
✔ distinguishes a failed lookup from processed items and retries the same page (1.84225ms)
✔ does not reuse old ready state when a page is revisited before another lookup finishes (1.737375ms)
✔ does not fetch empty/inactive selections and resolves only unique selected IDs (7.215125ms)
✔ ignores responses for previous filters and refreshes on returning from detail (1.416375ms)
✔ does not loop on a rejected lookup and discards in-flight results after deactivation (0.924375ms)
▶ isLibraryListSurfacePath
  ✔ matches list roots only (0.911875ms)
  ✔ does not match detail or stack routes (0.179375ms)
✔ isLibraryListSurfacePath (1.648917ms)
▶ shouldRefetchLibraryOnRouteChange
  ✔ refetches when entering a list root from outside (0.123292ms)
  ✔ does not refetch when opening detail stacks or hopping between list roots (0.068ms)
✔ shouldRefetchLibraryOnRouteChange (0.255667ms)
▶ global search URL state
  ✔ normalizes positive media-library ids in stable order (0.887084ms)
  ✔ canonicalizes owned state without stripping detail-only lib (0.169083ms)
  ✔ builds an explicit, paged cross-library search input and identity (0.129125ms)
✔ global search URL state (1.626709ms)
▶ library resource filter URL contract
  ✔ parses valid unique values in canonical order and ignores invalid values (1.47375ms)
  ✔ omits the default all-resources state and canonicalizes copied URLs (0.553ms)
  ✔ removes a resource parameter containing only invalid values (0.093125ms)
  ✔ includes applied resource filters in the query and scroll-memory hash (0.128583ms)
  ✔ keeps pending scrape as an independent canonical filter dimension (0.069042ms)
  ✔ resolves omitted sort state from each media library configuration (0.092292ms)
✔ library resource filter URL contract (3.053583ms)
▶ multi-library route builders and parsers
  ✔ round-trips the home video detail stack (1.288334ms)
  ✔ round-trips the global-search video detail stack (0.158792ms)
  ✔ round-trips media-library list, detail, nested actress and settings routes (0.612834ms)
  ✔ rejects malformed, non-positive, fractional and unsafe route ids (0.31725ms)
  ✔ accepts digit-only positive ids and builders emit their canonical form (0.063792ms)
✔ multi-library route builders and parsers (2.851708ms)
▶ detail-only active-library query contract
  ✔ parses only positive safe-integer library ids (0.088916ms)
  ✔ canonicalizes the first lib value without changing other list query state (0.097083ms)
  ✔ sets, replaces and strips the detail-only library parameter immutably (0.080542ms)
  ✔ derives a single detail context and gives a library path precedence over lib (0.161917ms)
  ✔ keeps lib only where the route needs query-owned detail scope (0.159084ms)
  ✔ respects a valid legacy lib hint and falls back when that membership is unavailable (0.200208ms)
✔ detail-only active-library query contract (0.907125ms)
▶ recent media-library memory
  ✔ stores only positive safe library ids and ignores malformed persisted state (0.382958ms)
✔ recent media-library memory (0.691583ms)
▶ route builders and parsers
  ✔ round-trips library detail stacks (1.593792ms)
  ✔ round-trips actress detail stacks (0.386542ms)
  ✔ round-trips playlist and classification entity detail stacks (0.695916ms)
  ✔ rejects malformed detail ids (0.239667ms)
  ✔ builds pending-center locations without page-level query concatenation (0.441459ms)
✔ route builders and parsers (4.018834ms)
▶ classification list query contract
  ✔ accepts only video count and update time sorting with video count descending by default (0.069834ms)
  ✔ includes organization search and sorting in the shareable query identity (0.112791ms)
  ✔ keeps series release sorting separate from classification-list sorting (0.057959ms)
✔ classification list query contract (0.316083ms)
▶ actress avatar filter query contract
  ✔ normalizes avatar filter values and omits the all default (0.109458ms)
  ✔ returns to the actress list without losing its query state (0.157625ms)
  ✔ keeps avatar filters distinct in the actress query hash (0.123333ms)
✔ actress avatar filter query contract (0.458292ms)
▶ actress status filter query contract
  ✔ parses the canonical status values and treats anything else as all (0.077458ms)
  ✔ omits the param for all and writes the canonical value otherwise (0.121042ms)
  ✔ includes status in the list query identity and ignores invalid values (0.041625ms)
  ✔ keeps search, gender and sort identity while only the status changes (0.129416ms)
  ✔ round-trips the status query through actress detail and back (0.169ms)
  ✔ remembers the actress status filter across primary navigation (0.495583ms)
✔ actress status filter query contract (1.129042ms)
▶ primary navigation memory
  ✔ restores query state per list and removes unrelated nested query keys (0.33425ms)
  ✔ persists search only when leaving a list root (0.131542ms)
  ✔ forgets a root so cross-nav no longer restores it (0.038625ms)
  ✔ resolves same-section vs cross-section sidebar targets (0.113875ms)
  ✔ builds nav link href from current search when active (0.091667ms)
✔ primary navigation memory (0.754875ms)
▶ navigation helpers
  ✔ removes playlist-detail resource filters when returning to the playlist list (0.080125ms)
  ✔ keeps home, search and media-library detail stacks scoped and reversible (0.547417ms)
  ✔ closes nested actress details back to their parent video context (0.346042ms)
  ✔ keeps stable series identity and release direction through its detail stack (0.09875ms)
  ✔ keeps director identity and query state through its stable detail stack (0.078042ms)
  ✔ opens an organization by stable id while preserving its role-list query (0.070458ms)
  ✔ keeps classification query only inside the same classification stack (0.063833ms)
  ✔ keeps video and actress navigation inside the stable organization stack (0.116417ms)
  ✔ keeps video and actress navigation inside the pending workbench stack (0.0775ms)
  ✔ opens actress detail from the pending inbox and returns to it (0.048042ms)
✔ navigation helpers (1.598542ms)
▶ settings route contract
  ✔ builds canonical settings paths and resolves valid sections (0.18225ms)
✔ settings route contract (0.200584ms)
▶ media-library settings state
  ✔ builds a trimmed create command, deduplicates roots and still allows an empty library (1.365459ms)
  ✔ builds minimal identity and section-scoped config patches (0.241583ms)
  ✔ normalizes an empty scraper and validates numeric scan boundaries (0.065291ms)
  ✔ gates destructive lifecycle commands (0.068625ms)
  ✔ allows cleanup-only scans but rejects a library with no work (0.050625ms)
  ✔ routes every root-owned record through cleanup before direct deletion (0.051833ms)
  ✔ reports partial root additions explicitly (0.041625ms)
  ✔ shows a terminal query error even before form drafts exist (0.045416ms)
✔ media-library settings state (2.550625ms)
✔ loads metadata once while paging 60/60/5 works and preserving the full count (461.043459ms)
✔ retries page errors, clamps a removed last page, and rejects late actor results (10.979167ms)
✔ does not invalidate the new actor metadata when the old editor save settles late (10.605375ms)
✔ retains an open merge plan and its full count while the visible works refresh (10.603709ms)
✔ does not reuse the prior actor page when an intervening actor request is still pending (5.499334ms)
▶ series real list page
  ✔ renders 60/60/5 with server total and bounded page cache (1271.909167ms)
  ✔ clears old cards while loading and supports failed-page retry (36.099584ms)
  ✔ clamps a shrinking total to its last page, including zero (62.552708ms)
  ✔ resets search/sort to page one and rejects late search data (838.5645ms)
  ✔ invalidates uncommitted input across A → B → A history navigation (305.311166ms)
  ✔ invalidates pending input when opening detail without changing search (619.813583ms)
  ✔ retains page, active observer and scroll through nested detail and return (18.095542ms)
✔ series real list page (3235.430084ms)
▶ maker real list page
  ✔ renders 60/60/5 with server total and bounded page cache (1262.958834ms)
  ✔ clears old cards while loading and supports failed-page retry (27.043167ms)
  ✔ clamps a shrinking total to its last page, including zero (61.42175ms)
  ✔ resets search/sort to page one and rejects late search data (838.173208ms)
  ✔ invalidates uncommitted input across A → B → A history navigation (310.524875ms)
  ✔ invalidates pending input when opening detail without changing search (633.181667ms)
  ✔ retains page, active observer and scroll through nested detail and return (27.125959ms)
✔ maker real list page (3161.337125ms)
▶ director real list page
  ✔ renders 60/60/5 with server total and bounded page cache (1317.509875ms)
  ✔ clears old cards while loading and supports failed-page retry (38.173333ms)
  ✔ clamps a shrinking total to its last page, including zero (62.161416ms)
  ✔ resets search/sort to page one and rejects late search data (835.583666ms)
  ✔ invalidates uncommitted input across A → B → A history navigation (319.870708ms)
  ✔ invalidates pending input when opening detail without changing search (614.632458ms)
  ✔ retains page, active observer and scroll through nested detail and return (9.347584ms)
✔ director real list page (3197.753417ms)
✔ organization role change discards old filters and pending search (329.273042ms)
✔ normalizes URL offsets safely and keys distinct pages (2.440333ms)
▶ video detail section order
  ✔ renders a titled related-links section after video resources (0.393417ms)
✔ video detail section order (0.721458ms)
▶ HomePage
  ✔ searches in place while typing and restores discovery when cleared (862.459708ms)
  ✔ keeps discovery stable through refreshes and remounts until replaced (14.742709ms)
✔ HomePage (877.81825ms)
▶ HomePage search layout
  ✔ reserves shared toolbar-search padding for the icon and keyboard shortcut (3.016958ms)
  ✔ centers the search icon inside the shared input control (0.377375ms)
  ✔ keeps the keyboard shortcut on the same vertical center line (0.455708ms)
✔ HomePage search layout (4.648584ms)
✔ uses the shared switch for home discovery and keeps changes in the settings draft (237.917333ms)
▶ MediaLibrarySettingsPage layout
  ✔ uses the application settings width token and stays left aligned (3.518708ms)
  ✔ keeps compact library context above the old-style import workspace (9.676541ms)
✔ MediaLibrarySettingsPage layout (13.563458ms)
▶ ScanSettingsTab
  ✔ builds domain-correct deep links for scan identities and scrape candidates (224.327167ms)
  ✔ renders automatic local NFO import enabled by default and persists a switch change immediately (8.153209ms)
✔ ScanSettingsTab (232.905958ms)
✔ locates a deep actor group and loads only its detail before paging (362.704334ms)
✔ keeps page and detail failures distinct and retries without a full list (196.773833ms)
✔ ignores a late old detail after selecting another group (156.779542ms)
✔ preserves an explicit decision across a category switch and detail overlay (226.329209ms)
✔ applies an ownership decision then clamps a deleted last page (157.183834ms)
✔ does not let a completed old mutation reset a newer group decision (271.094875ms)
✔ keeps actor paging in the all-domain view even when a scan item comes first (133.205375ms)
✔ asks the server about names outside the current page before editing (379.448084ms)
✔ keeps a stale resolution on the same group and requires a renewed decision (158.964ms)
✔ isolates an old completion after navigating A to B and back to A (334.158292ms)
✔ stays on the deep-linked page after its selected group is resolved (161.544834ms)
✔ does not close a new discard dialog when an old A-B-A discard fails (273.903667ms)
✔ pages owner candidates and preserves a selected actor outside the current page (213.71975ms)
✔ retries picker failures and invalidates old page replies immediately while search debounces (468.953458ms)
✔ ignores an old actor choice after closing and reopening the same picker (186.206542ms)
✔ keeps the newest actor choice when earlier detail reads finish later (167.468ms)
✔ keeps a direct group-owner decision after an older external-owner detail returns (188.370959ms)
✔ invalidates a pending external-owner choice when a decision is submitted (248.767208ms)
✔ ignores a picker choice after navigating group A-B-A (247.399875ms)
✔ locates a deep-linked pending item, pages with a bounded cache and ignores a late detail (328.372208ms)
✔ shows an explicit page error and retries without fetching the full inbox (69.268416ms)
✔ recovers the last page after deletion and selects the surviving first item (88.510042ms)
✔ does not block a different queue when scrape count fails or reuse its disabled page total (85.875584ms)
✔ ignores an old page that resolves after navigation to a newer page (103.595792ms)
▶ PendingCenterPage scrape resolution
  ✔ carries an explicit director through merge-and-apply without stacking prompts (211.329959ms)
  ✔ previews either persisted identity and submits only after explicit confirmation (39.361209ms)
  ✔ shows the library filter only for scan decisions (26.190584ms)
  ✔ clears the library filter from the scoped empty state and keeps the scan tab selected (25.787584ms)
✔ PendingCenterPage scrape resolution (303.233458ms)
✔ locates scan anchors, reads only selected details and ignores late details after paging (331.19625ms)
✔ reports page errors and missing selected records without treating them as an empty queue (112.988333ms)
✔ clamps the deleted last page and does not show an old library page (182.927834ms)
✔ uses only count on another category and count failure does not block that category (45.363875ms)
✔ does not block scrape on a library listing failure (44.839833ms)
✔ resolves identity deep links to the scoped identity pane without group detail reads (48.840292ms)
✔ retries rejected selected detail without reloading full queues (128.502416ms)
✔ loads actor details only in its category and keeps inactive summary counts current (177.3555ms)
✔ shows unknown actor count without blocking scan when summary fails (45.530916ms)
✔ ignores an old playlist response arriving after navigation (213.586833ms)
✔ requests a bounded thumbnail for a playlist card (3.818708ms)
✔ does not refresh an old playlist when its removal finishes after navigation (6.392084ms)
✔ returns to the previous page when deleting the only item on the last page (5.033583ms)
✔ keeps the existing grid mounted during refresh after closing a nested video (3.030958ms)
✔ keeps the latest sort response when requests for the same playlist finish out of order (2.4295ms)
✔ reuses metadata while paging but refreshes it after a playlist mutation (3.908583ms)
✔ does not reuse stale metadata when filtering interrupts a forced refresh (2.818208ms)
✔ shows not found when a refreshed metadata read reports a deleted playlist (0.8565ms)
✔ refreshes the fallback cover with the new sort instead of reusing the old metadata (2.307042ms)
▶ PlaylistDetailPage resource filter feedback
  ✔ keeps the compact toolbar count without rendering an applied-filter bar (0.344792ms)
  ✔ uses an import action icon instead of a download icon (0.050291ms)
✔ PlaylistDetailPage resource filter feedback (0.72975ms)
▶ actress conflict review state
  ✔ keeps every action tied to its explicit user-visible scope (0.833125ms)
  ✔ expands changed impacts and keeps unchanged impacts collapsed initially (0.072875ms)
  ✔ uses the candidate-owned impact plan only when that candidate is the proposed owner (0.053708ms)
  ✔ sections groups by task state and sorts each section by display name (4.120083ms)
  ✔ selects the first source for viewing without preselecting a proposed owner (0.1065ms)
  ✔ explains empty, unchanged, moved, and conflict-free name edits (0.413208ms)
  ✔ builds the exact owner, pending, and actress versions shown to the user (0.071667ms)
  ✔ requires a replacement only when assigning away a current main name (0.102583ms)
  ✔ enables illegal-name confirmation only after every required replacement is valid (0.087666ms)
  ✔ requires an explicit partner, keeper, and final main name for conflict merges (0.185333ms)
  ✔ allows a pending-name-ownership pair to be merged (0.04675ms)
  ✔ keeps the current group or selects its next neighbor after refresh (0.221791ms)
✔ actress conflict review state (6.810875ms)
▶ conflictReviewRemote
  ✔ resolves ownership/merge/illegal and surfaces stale refresh (0.539041ms)
  ✔ discards a candidate and refreshes the queue (0.108084ms)
  ✔ validates replacement main names (0.173583ms)
  ✔ ignores an older live name inspection after a newer request wins (3.6225ms)
  ✔ invalidates an in-flight inspection cleanup (0.120208ms)
✔ conflictReviewRemote (4.9955ms)
▶ conflictReviewSession
  ✔ resets decision draft when switching groups (0.436375ms)
  ✔ opens ownership replacement dialog when claimants need new main names (4.309625ms)
  ✔ applies refresh focus and stale message (0.131375ms)
  ✔ syncSelectedGroup initializes selection for the first available group (0.043917ms)
✔ conflictReviewSession (5.304625ms)
▶ conflict review latest request gate
  ✔ accepts only the newest async validation result (0.3335ms)
  ✔ invalidates an in-flight result when the workflow closes (0.048041ms)
  ✔ does not let stale cleanup invalidate the current request (0.088209ms)
✔ conflict review latest request gate (0.821791ms)
▶ media-library list surface state
  ✔ keeps archived libraries out of the writable catalog surface (0.305083ms)
✔ media-library list surface state (0.661792ms)
▶ pending center resolution state
  ✔ requires every scan resource to have an explicit valid target (0.365208ms)
  ✔ serializes scan targets only at the select-control boundary (0.518167ms)
  ✔ starts scrape candidates unselected and rejects stale candidate ids (0.067958ms)
  ✔ shows the same deterministic default primary ordering as persisted resolution (0.133833ms)
  ✔ labels scan decisions with their owning media library (0.081667ms)
  ✔ shows resource identity conflicts in the scan queue without exposing a local path (0.049791ms)
✔ pending center resolution state (1.597708ms)
▶ matchesPlaylistResourceFilter
  ✔ uses OR semantics and treats none as global zero resources (0.326958ms)
✔ matchesPlaylistResourceFilter (0.628375ms)
▶ useConflictReviewController
  ✔ wires queue selection and resets dialog draft when switching groups (39.895708ms)
  ✔ routes resolve through the nested view-model commands (15.018541ms)
✔ useConflictReviewController (55.4245ms)
✔ preserves an explicit ownership decision while detail reads are disabled and reenabled (154.260459ms)
▶ video business identity conflict presentation
  ✔ recognizes domain and database-boundary conflict messages (0.40075ms)
✔ video business identity conflict presentation (0.716375ms)
▶ video detail scraper selection
  ✔ prefers the active media-library default over the global default (0.363292ms)
  ✔ does not retain the previous library default when the active library switches (0.049833ms)
  ✔ falls back to the global default when the active library has no override (0.036875ms)
✔ video detail scraper selection (0.829333ms)
▶ pending inbox state
  ✔ sums the aggregate media-library projection without per-library item reads (0.361834ms)
✔ pending inbox state (0.861875ms)
✔ keeps loading and failed inbox counts distinct from an empty inbox (0.071625ms)
▶ actress list renderer behavior
  ✔ does not load the full face-scan manifest for an ordinary actress page (1.77975ms)
  ✔ isolates cached pages when any query condition changes (0.89425ms)
  ✔ recombines the same session face-result subset for list filter changes (0.091ms)
  ✔ keeps loaded pages after a failure and retries the same next-page offset (1.0435ms)
  ✔ keeps selected ids when later pages append more actresses (0.107333ms)
  ✔ restores scroll after detail return and resets it for a changed query (0.106041ms)
  ✔ clears every pending rail scroll scope on same-section primary navigation (0.458208ms)
✔ actress list renderer behavior (4.934792ms)
▶ actress infinite list pages
  ✔ keeps loaded pages while requesting the next offset (0.93525ms)
  ✔ stops after every matching actress has loaded (0.0785ms)
✔ actress infinite list pages (1.574417ms)
▶ scoped video query keys
  ✔ keeps media-library caches isolated (0.922209ms)
  ✔ canonicalizes filtered all-library scopes (0.084583ms)
✔ scoped video query keys (1.376625ms)
▶ useInfiniteVideoList
  ✔ loads a library larger than the IPC page limit in bounded pages (22.880708ms)
✔ useInfiniteVideoList (23.2965ms)
✔ blocks route changes with a draft and saves before continuing through the real router (32.282584ms)
✔ keeps edits through unrelated refreshes and explicitly resets to the latest saved value (3.270959ms)
✔ preserves edits made while an earlier value is being saved (0.356834ms)
▶ renderer avatarCrop
  ✔ falls back to the standard preset for invalid stored values (0.492792ms)
  ✔ falls back to face centering for invalid stored values (0.053083ms)
  ✔ keeps landmark-based faces at the same visual size across source images (0.4465ms)
  ✔ reports when a tight source cannot reach the requested face size (0.064084ms)
  ✔ applies the continuous face ratio consistently (0.079333ms)
  ✔ centers the estimated crown-to-chin region in head mode (0.066875ms)
  ✔ centers segmented visible head bounds instead of the facial axis (0.078792ms)
  ✔ keeps zoom identical across centering modes (0.099416ms)
  ✔ keeps face-ratio changes effective when full-head protection is disabled (0.09975ms)
  ✔ keeps legacy near-square avatars aligned with cover preview layout (0.609583ms)
  ✔ detects the native cover-compatible default transform (0.03625ms)
  ✔ does not let a tainted canvas export crash the editor (0.106166ms)
✔ renderer avatarCrop (2.71875ms)
▶ video batch request scope
  ✔ requires and preserves the current library on library-surface requests (1.049042ms)
  ✔ keeps application-settings requests in explicit global compatibility mode (0.165542ms)
✔ video batch request scope (1.913166ms)
▶ avatarCrop
  ✔ round-trips a valid v1 crop (0.861208ms)
  ✔ rejects crop when fingerprint mismatches (0.062ms)
  ✔ scales offsets when viewSize changes (0.058292ms)
✔ avatarCrop (1.379416ms)
▶ normalizeClassificationName
  ✔ uses the shared identity normalization without collapsing meaningful script differences (0.907167ms)
  ✔ rejects names that become empty after normalization (0.162875ms)
✔ normalizeClassificationName (1.459333ms)
✔ only accepts finite thumbnail variants and preserves preview URL components (0.677375ms)
▶ buildLibraryScanNotification
  ✔ keeps a no-change successful scan quiet (0.450917ms)
  ✔ notifies for changes and reports each destructive count separately (0.101208ms)
  ✔ reports a metadata-only resource refresh as an update (0.703416ms)
  ✔ reports pending scan groups and their resource count before ordinary changes (0.044458ms)
  ✔ prioritizes offline and error outcomes over ordinary change notices (0.037333ms)
  ✔ reports isolated STRM failures without exposing target content (0.139834ms)
  ✔ reports a blocking processing failure before isolated STRM failures (0.059292ms)
✔ buildLibraryScanNotification (2.031208ms)
▶ sanitizeLibraryScanError
  ✔ removes HTTP credentials, query parameters, Magnet data, and ED2K targets (0.514708ms)
  ✔ bounds arbitrary errors and never throws while formatting them (0.075417ms)
✔ sanitizeLibraryScanError (0.951083ms)
▶ normalizeLibraryScanSummary
  ✔ persists completed STRM failures with safe messages and a 50-item bound (0.651833ms)
✔ normalizeLibraryScanSummary (0.697375ms)
▶ NFO export foreground shortcut guard
  ✔ blocks reload, history, close, and application navigation shortcuts (0.372167ms)
  ✔ leaves modal controls and copy shortcuts usable (0.06075ms)
✔ NFO export foreground shortcut guard (0.892958ms)
▶ selectDefaultPendingScanPrimary
  ✔ prefers local resources and keeps duration, size, and path ordering (0.374208ms)
  ✔ orders STRM resources by actual target kind and then source path (0.085416ms)
✔ selectDefaultPendingScanPrimary (0.839ms)
▶ pluginDevKindProfile
  ✔ normalizes testTarget and testTargets (1.190125ms)
  ✔ splits test targets only on commas or newlines and trims each group (0.152541ms)
  ✔ uses typed explicit targets as a diagnostic subset (0.732792ms)
  ✔ rejects URL/path targets and wrong-kind arguments (0.195125ms)
  ✔ testTargetsFromDryRun extracts identity from dry-run result (0.090583ms)
  ✔ profiles expose kind-specific labels and field helpers (0.095083ms)
✔ pluginDevKindProfile (2.978125ms)
▶ plugin field semantics registry
  ✔ covers every video and actress field with valid symmetric conflicts (0.634083ms)
  ✔ generates the Agent glossary from the selected registry fields (0.197667ms)
  ✔ projects female and male performers independently (0.61375ms)
  ✔ projects composite rating and measurements without collapsing their parts (0.067458ms)
✔ plugin field semantics registry (1.925375ms)
▶ PluginResultContractModule
  ✔ classifies every structural and selectable result key by kind (0.852875ms)
  ✔ projects every manifest field through at least one standard result key (0.076166ms)
  ✔ lists unknown raw keys once without guessing a field mapping (0.103541ms)
  ✔ keeps actress identity and source metadata informational (0.180541ms)
  ✔ detects field-level partial cast projection and legacy female default (0.099ms)
  ✔ maps composite measurements and rating to their legal manifest fields (0.15ms)
  ✔ rejects empty and identity-only effective results mechanically (0.137417ms)
✔ PluginResultContractModule (2.085208ms)
▶ video resource source identity
  ✔ normalizes local file paths (0.364166ms)
  ✔ uses the STRM source file instead of its external target (0.059708ms)
  ✔ does not claim ownership of ordinary external resources (0.170292ms)
✔ video resource source identity (0.99025ms)
▶ videoResourceLinks
  ✔ normalizes HTTP identity without reordering query parameters or changing the path (1.055375ms)
  ✔ rejects local and executable protocols (0.177375ms)
  ✔ infers common video extensions as direct links and otherwise uses web links (0.072708ms)
  ✔ masks query parameters in normal display text (0.064917ms)
  ✔ converts optional MB, GB, and TB values to integer bytes (0.059625ms)
  ✔ uses the Magnet xt identity while preserving the original link and deriving a name (0.198292ms)
  ✔ uses the ED2K file hash identity while deriving its file name (0.050083ms)
✔ videoResourceLinks (2.094416ms)
ℹ tests 2364
ℹ suites 352
ℹ pass 2363
ℹ fail 0
ℹ cancelled 0
ℹ skipped 1
ℹ todo 0
ℹ duration_ms 48904.635708
