
> Javdex@0.6.2 pretest
> npm run check:actress-boundaries && npm run check:media-asset-store-boundaries && npm run check:metadata-source-boundaries && npm run check:classification-entity-boundaries && npm run check:agent-platform-boundaries && npm run lint && npm run check:css-architecture && npm run check:ui-controls


> Javdex@0.6.2 check:actress-boundaries
> node scripts/check-actress-boundaries.mjs

Domain IPC, shared types, and process dependency boundaries are valid.

> Javdex@0.6.2 check:media-asset-store-boundaries
> node scripts/check-media-asset-store-boundaries.mjs

MediaAssetStore implementation boundaries are valid.

> Javdex@0.6.2 check:metadata-source-boundaries
> node scripts/check-metadata-source-boundaries.mjs

Video metadata source boundaries are valid.

> Javdex@0.6.2 check:classification-entity-boundaries
> node scripts/check-classification-entity-boundaries.mjs

Classification entity storage and routing boundaries are valid.

> Javdex@0.6.2 check:agent-platform-boundaries
> node scripts/check-agent-platform-boundaries.mjs

Agent platform boundaries OK

> Javdex@0.6.2 lint
> npm run lint:ts && npm run lint:css


> Javdex@0.6.2 lint:ts
> eslint "src/**/*.{ts,tsx}" "electron.vite.config.ts"


> Javdex@0.6.2 lint:css
> stylelint "src/renderer/src/**/*.module.css" --allow-empty-input


> Javdex@0.6.2 check:css-architecture
> node scripts/check-css-architecture.mjs

CSS architecture checks passed.
┌─────────────────────────────────┬────────┐
│ (index)                         │ Values │
├─────────────────────────────────┼────────┤
│ cssFileCount                    │ 90     │
│ globalClassCount                │ 1155   │
│ crossFileDuplicateClassCount    │ 143    │
│ descendantSelectorCount         │ 803    │
│ importantDeclarationCount       │ 12     │
│ hardcodedColorDeclarationCount  │ 166    │
│ globalStateClassCount           │ 88     │
│ rawButtonClassOccurrenceCount   │ 3      │
│ classNameBehaviorInferenceCount │ 0      │
└─────────────────────────────────┴────────┘

> Javdex@0.6.2 check:ui-controls
> node scripts/check-ui-controls.mjs

UI control checks passed: shared Switch / Checkbox only.

> Javdex@0.6.2 test
> npm run typecheck && npm run test:packaging && node scripts/run-electron-tests.mjs


> Javdex@0.6.2 typecheck
> npm run typecheck:node && npm run typecheck:web


> Javdex@0.6.2 typecheck:node
> tsc --noEmit -p tsconfig.node.json --composite false


> Javdex@0.6.2 typecheck:web
> tsc --noEmit -p tsconfig.web.json --composite false && tsc --noEmit -p tsconfig.browser.json


> Javdex@0.6.2 test:packaging
> node --test scripts/packaging-runtime.test.mjs

TAP version 13
# Subtest: pruneBetterSqlitePrebuilds retains only the current platform and arch
ok 1 - pruneBetterSqlitePrebuilds retains only the current platform and arch
  ---
  duration_ms: 1.800583
  type: 'test'
  ...
# Subtest: pruneBetterSqliteBuildFiles removes sources but preserves runtime files
ok 2 - pruneBetterSqliteBuildFiles removes sources but preserves runtime files
  ---
  duration_ms: 1.529458
  type: 'test'
  ...
# Subtest: better-sqlite3 prebuild selection covers every configured packaging platform
ok 3 - better-sqlite3 prebuild selection covers every configured packaging platform
  ---
  duration_ms: 0.091709
  type: 'test'
  ...
# Subtest: pruneElectronFrameworkLocales keeps English and Chinese locale variants
ok 4 - pruneElectronFrameworkLocales keeps English and Chinese locale variants
  ---
  duration_ms: 2.263208
  type: 'test'
  ...
# Subtest: mac packaging selects a node-gyp compatible Python unless the caller chose one
ok 5 - mac packaging selects a node-gyp compatible Python unless the caller chose one
  ---
  duration_ms: 0.141167
  type: 'test'
  ...
# Subtest: packaged runtime smoke runs only for a host-compatible macOS executable
ok 6 - packaged runtime smoke runs only for a host-compatible macOS executable
  ---
  duration_ms: 0.34125
  type: 'test'
  ...
# Subtest: packaging retains the complete Cheerio runtime dependency chain
ok 7 - packaging retains the complete Cheerio runtime dependency chain
  ---
  duration_ms: 0.220042
  type: 'test'
  ...
# Subtest: mac packaging explicitly enables ad-hoc signing before invoking its custom signer
ok 8 - mac packaging explicitly enables ad-hoc signing before invoking its custom signer
  ---
  duration_ms: 0.078375
  type: 'test'
  ...
1..8
# tests 8
# suites 0
# pass 8
# fail 0
# cancelled 0
# skipped 0
# todo 0
# duration_ms 72.756834
▶ createAgentBrowserSchema
  ✔ exposes strict bounded vertical scroll branches without enabling input actions (1.009708ms)
  ✔ explains the evaluate restrictions and their supported alternatives before invocation (0.117709ms)
✔ createAgentBrowserSchema (1.527125ms)
▶ AgentConfiguration
  ✔ projects code-owned tools and permissions while injecting workload compaction (0.998334ms)
  ✔ binds metadata collection to the curator workload and explicit staging capabilities (0.081916ms)
  ✔ registers playlist import as an independent least-privilege use case (0.071167ms)
✔ AgentConfiguration (1.514792ms)
▶ AgentExecution
  ✔ runs the persistence hook before the runtime can commit its bootstrap observation (7.096458ms)
  ✔ opens one runtime session and delegates ten operations without a loop or second queue (5.295834ms)
  ✔ authorizes and records Pi native tools without persisting their output (1.982792ms)
  ✔ fails closed when a Pi native tool lacks a frozen capability grant (0.743708ms)
  ✔ restores a normal checkpoint without reading ExecutionHistory (0.783709ms)
  ✔ rebuilds only for typed checkpoint corruption and only once per generation (1.080958ms)
  ✔ releases runtime resources without closing the durable run (0.5135ms)
  ✔ closes a durable run after its runtime was already released (0.432542ms)
✔ AgentExecution (18.630834ms)
✔ preserves newer product log references when aborting after a domain-only state update (0.575667ms)
✔ preserves append-only plugin history during checkpoint recovery: success (29.22675ms)
✔ preserves append-only plugin history during checkpoint recovery: hash-failure (17.716667ms)
✔ preserves append-only plugin history during checkpoint recovery: rebuild-failure (13.239584ms)
✔ preserves append-only plugin history during checkpoint recovery: unreconciled-tool (9.551958ms)
▶ AgentRunStore
  ✔ returns every durable non-closed run so each use case can apply its recovery policy (11.006375ms)
  ✔ persists a frozen config without serializing credentials or functions (0.830667ms)
  ✔ encrypts recovery payloads and fails closed on integrity damage (1.213084ms)
  ✔ accepts an idempotent operation once and settles only named command ids (0.778333ms)
  ✔ keeps repeated product events from the same operation in append order (0.556459ms)
  ✔ does not overwrite a terminal runtime fault when the runtime subsequently settles (0.511792ms)
  ✔ allows one rebuild attempt per recovery generation (1.909833ms)
  ✔ records artifact refs in the product journal and fails closed on damaged refs (1.143667ms)
✔ AgentRunStore (18.654333ms)
▶ Agent product journal pagination
  ✔ reads the last cursor through the run/seq index without parsing any payload in a 100k journal (130.8545ms)
  ✔ pages with a strict size cap and no cross-run, duplicate or skipped events despite sequence gaps (48.890583ms)
✔ Agent product journal pagination (179.907042ms)
▶ Agent recovery enumeration
  ✔ filters use case and status before parsing, lazily loads one product, and releases temporary ID pages (123.98775ms)
  ✔ keeps the original recovery order across pages while timestamps change and excludes runs created mid-iteration (28.951167ms)
  ✔ drops the temporary snapshot if an owned payload cannot be parsed (0.589167ms)
✔ Agent recovery enumeration (153.591125ms)
▶ cache affinity
  ✔ is stable, role-separated and does not expose source identifiers (1.255459ms)
✔ cache affinity (1.885333ms)
▶ resolveEffectiveMaxTokens
  ✔ uses the model maximum when the preset limit is zero (0.334ms)
  ✔ uses the lower positive limit (0.053ms)
  ✔ rejects invalid limits instead of forwarding zero to the provider (0.414375ms)
  ✔ restores a zero sentinel as one frozen positive provider limit (0.3195ms)
  ✔ resolves live models only by workload (1.35825ms)
✔ resolveEffectiveMaxTokens (3.066458ms)
▶ ModelInvocation
  ✔ uses injected frozen verifier access and forwards preset limits and cancellation (2.294292ms)
✔ ModelInvocation (3.085458ms)
▶ ModelManagementModule
  ✔ builds the migration backup from a strict non-secret provider whitelist (1.48075ms)
  ✔ migrates released settings once and then reads the same v2 revision (21.115625ms)
  ✔ fails closed for an invalid v2 document (0.252083ms)
  ✔ fails closed for malformed nested v2 data and embedding catalog entries (1.557667ms)
  ✔ saving a provider never changes workload assignments (6.553917ms)
  ✔ refreshes protocol-derived model metadata when a connection contract changes (4.8105ms)
  ✔ never exposes credentials or Base URL query secrets in renderer snapshots (2.437083ms)
  ✔ changing the default affects inherited workloads but preserves an explicit plugin model (10.333417ms)
  ✔ freezes the workload context limit into resolved model access (7.933625ms)
  ✔ rejects removing an in-use model and reports the exact workload (7.177ms)
  ✔ restores the previous credential when configuration persistence fails (2.381916ms)
  ✔ does not touch credentials or storage on a stale revision (1.91925ms)
  ✔ keeps discovery ephemeral and reset removes manual overrides (6.925875ms)
  ✔ rejects non-tool Agent models and unsupported long cache (5.636333ms)
✔ ModelManagementModule (81.682333ms)
▶ ToolHost
  ✔ records capability denials before failing closed (13.563125ms)
  ✔ requires a one-use approval permit for install effects (4.166583ms)
  ✔ stores only bounded hashes for tool output and errors (2.03125ms)
  ✔ approves only the selected request when multiple approvals are pending (2.368458ms)
  ✔ keeps only the latest pending approval for single-card product flows (0.962125ms)
  ✔ revokes a persisted approval when the continuation dispatch fails (4.068042ms)
  ✔ discards pending and approved permits during terminal cleanup (2.34875ms)
  ✔ binds an approval permit to mutable domain scope as well as visible tool args (3.867917ms)
  ✔ serializes calls sharing a resource without scheduling batches (38.993666ms)
  ✔ marks interrupted writes uncertain and blocks callbacks after waiting or terminal state (2.113166ms)
  ✔ does not start an unkeyed handler when its signal is already aborted (0.658792ms)
  ✔ enforces deadlines even when a handler ignores AbortSignal (22.854209ms)
  ✔ does not let a late handler result overwrite an uncertain timeout (24.008792ms)
  ✔ keeps the resource locked until a timed-out non-cooperative handler really settles (65.236208ms)
  ✔ keeps a queued cancellation from letting a third call bypass the active resource holder (13.380625ms)
✔ ToolHost (202.009709ms)
▶ PiRuntime contract
  ✔ allows workspace reads and dev notes but keeps host-owned facts read-only (2.150417ms)
  ✔ loads only frozen workspace Skills and exposes the selected Pi native file tools (3981.696917ms)
  ✔ rejects a workspace Skill that differs from the frozen run configuration (2.908584ms)
  ✔ keeps one long-lived session for ten turns with controlled resources and stable affinity (55.572458ms)
  ✔ keeps the run healthy when Pi recovers from a transient provider error (38.131208ms)
  ✔ emits one terminal runtime fault after provider retries are exhausted (18.755875ms)
  ✔ does not turn a user-cancelled provider retry into a runtime fault (12.348042ms)
  ✔ exposes only the resolved custom allowlist and crosses the durable tool-result barrier (17.238125ms)
  ✔ releases the runtime after durable persistence fails during a tool call (13.009042ms)
  ✔ honors a terminating control result even when the domain tool reports failure (18.005125ms)
  ✔ starts a new turn when a follow-up is dispatched after a terminating handoff settled (14.275875ms)
  ✔ does not compact or inject a host recovery prompt after a length stop (17.741167ms)
  ✔ does not start a host continuation after the model-turn budget stops the operation (21.91925ms)
  ✔ enforces the configured per-operation model-turn budget (10.913709ms)
✔ PiRuntime contract (4225.737709ms)
✔ counts the same all-gender avatar targets without projecting profiles or joining works (14.979833ms)
✔ pages a fixed target set and bounds labels after live insert, delete and rename (226.551833ms)
✔ handles empty sets and connection closure without recreating a database (8.014459ms)
✔ rolls back the temporary table if snapshot population fails (8.105208ms)
✔ returns only target identity in ID order without counting works with all path and gender semantics (28.193125ms)
✔ matches the complete renderer gallery order across source, ratio and nullable-position boundaries (32.268458ms)
✔ returns empty versus missing actors and validates finite safe page bounds (12.368625ms)
✔ keeps count and ordered page together while another connection removes a display source (12.521709ms)
✔ returns profile counts and the global first picture without loading complete works or gallery rows (37.440583ms)
✔ keeps profile fields, physical/display counts and first picture on one read snapshot (14.79925ms)
✔ matches merge gender and owned search semantics while paging by full name (33.4185ms)
✔ counts each visible video once across overlapping libraries and excludes hidden/archived/orphaned videos (14.573125ms)
✔ counts only returned candidates, excluding lookahead, and skips counts for an empty page (14.148375ms)
✔ keeps candidate rows and counts on the same snapshot when another connection writes (10.661625ms)
✔ bounds labels/avatars and validates inputs and missing keep actors (18.536167ms)
✔ pages narrow labels from 10000 actors without catalog statistics or profile data (166.615167ms)
✔ preserves owned-name search matching and includes all genders (10.516ms)
✔ sorts full names before shortening labels and bounds escaped JSON payloads (14.222084ms)
✔ rejects invalid limits, offsets and overlong search before reading (8.195833ms)
✔ bounds labels containing embedded NUL without losing the valid prefix (13.08675ms)
✔ keeps a full page below512KiB even with worst-case JSON escaping (10.12975ms)
✔ reads current picker identity by ID without hydrating actor works or profile (17.359458ms)
▶ actressRepo actress name ownership
  ✔ changes the main-name row and ownership together when an actress is renamed (12.370625ms)
  ✔ keeps ownership while another name type still declares the same normalized name (11.678792ms)
  ✔ rolls back the complete manual edit when any declared name has another owner (12.45975ms)
  ✔ rolls back profile changes and compensates new avatar files when the database write fails (21.876ms)
✔ actressRepo actress name ownership (58.937167ms)
▶ actressRepo.listActresses
  ✔ excludes migrated pending names from search and exact identity lookup (12.802292ms)
  ✔ does not match a replaced main name that is not kept as an explicit alias (14.428875ms)
  ✔ matches main name, alias, and typed names (15.685375ms)
  ✔ treats SQL LIKE metacharacters as literal search text (19.996375ms)
  ✔ ignores stored names that are not visible name types (11.165375ms)
  ✔ sorts by video count descending by default (9.358958ms)
  ✔ projects only videos that remain reachable through an active visible library membership (11.656209ms)
✔ actressRepo.listActresses (95.350292ms)
▶ actressRepo.listActressPage
  ✔ returns a stable slice with the total number of matching actresses (7.164583ms)
  ✔ pages an explicit renderer-session actress subset with complete totals (8.244916ms)
  ✔ returns the cumulative status of every actress with per-status counts (7.920916ms)
  ✔ filters by each status while keeping the counts of the unfiltered scope (9.728708ms)
  ✔ combines the status filter with search, gender and sort (8.096167ms)
  ✔ counts statuses within the current search and gender scope (9.828083ms)
  ✔ treats a missing status as all statuses (8.551167ms)
  ✔ keeps avatar file health outside the pure database query (9.219875ms)
  ✔ does not derive avatar fingerprints during a database list query (10.703417ms)
  ✔ returns minimal avatar path candidates without inspecting files (7.166917ms)
✔ actressRepo.listActressPage (86.874541ms)
▶ actressRepo.clearActressMetadataRecord
  ✔ clears scraped profile fields while keeping main name and video links (8.124708ms)
  ✔ clears non-name metadata without claiming a migrated pending main name (7.364917ms)
  ✔ resets every cumulative state to unscraped and drops the success time (9.957834ms)
  ✔ keeps related links when clearing actress metadata (7.752542ms)
✔ actressRepo.clearActressMetadataRecord (33.302167ms)
▶ actress related links
  ✔ stores related links on an actress and returns them on detail (8.828625ms)
  ✔ unions related links on merge with the keeper first (9.078541ms)
✔ actress related links (17.968042ms)
▶ actressRepo.deleteUnlinkedActresses
  ✔ deletes every selected unlinked actress and returns its stored assets for cleanup (8.4335ms)
  ✔ rejects the whole batch when any selected actress still has a linked video (7.572834ms)
✔ actressRepo.deleteUnlinkedActresses (16.06525ms)
▶ actressRepo.mergeActresses
  ✔ merges videos, aliases, and gallery into the keeper (14.03225ms)
  ✔ rejects merging actresses with different genders (12.368833ms)
  ✔ can adopt the merged actress main name (7.915041ms)
  ✔ rolls back the whole merge when final main-name reconstruction fails (16.740792ms)
  ✔ rolls back the whole merge when alias reconstruction fails (9.735416ms)
  ✔ rejects the whole merge when any resulting name belongs to a third actress (19.635833ms)
  ✔ rejects the whole merge when the selected final main name belongs to a third actress (14.513542ms)
  ✔ resolves a migrated pending name claimed only by the two merged actresses (8.764208ms)
  ✔ preserves existing aliases without reapplying scraped-value heuristics (9.015959ms)
  ✔ deletes unusable keeper avatar assets after adopting the merged actress avatar (9.339875ms)
  ✔ keeps 未刮削 when merging 未刮削 into 未刮削 (9.032875ms)
  ✔ keeps 刮削失败 when merging 刮削失败 into 未刮削 (10.344042ms)
  ✔ keeps 刮削成功 when merging 刮削成功 into 未刮削 (8.281ms)
  ✔ keeps 刮削失败 when merging 未刮削 into 刮削失败 (8.446875ms)
  ✔ keeps 刮削失败 when merging 刮削失败 into 刮削失败 (7.5035ms)
  ✔ keeps 刮削成功 when merging 刮削成功 into 刮削失败 (8.717792ms)
  ✔ keeps 刮削成功 when merging 未刮削 into 刮削成功 (7.618708ms)
  ✔ keeps 刮削成功 when merging 刮削失败 into 刮削成功 (9.301042ms)
  ✔ keeps 刮削成功 when merging 刮削成功 into 刮削成功 (11.88225ms)
  ✔ keeps the newer success time when the keeper succeeded more recently (9.282ms)
  ✔ ignores a success time left on a record that is not scraped successfully (8.258042ms)
✔ actressRepo.mergeActresses (221.2095ms)
▶ actressRepo.listActressesForBatchScrape
  ✔ filters by scope and missing fields (8.463291ms)
  ✔ filters actresses by cumulative scrape status (7.782ms)
  ✔ combines gender and scrape status filters (7.728166ms)
  ✔ matches actresses missing any selected profile field (7.147667ms)
  ✔ limits batch targets to the explicitly selected actress ids (10.189084ms)
✔ actressRepo.listActressesForBatchScrape (41.43475ms)
▶ actressRepo.resolveEffectiveActressScrapeFields
  ✔ fillEmpty keeps only currently missing fields (7.334792ms)
  ✔ fillEmpty treats broken avatar files as missing without mutating during planning (8.711417ms)
✔ actressRepo.resolveEffectiveActressScrapeFields (16.134875ms)
▶ actressRepo.clearBrokenActressAvatarIfNeeded
  ✔ includes broken avatars in batch missing-avatar targets (8.708458ms)
  ✔ clears broken avatar source and crop while keeping a usable display avatar (10.748083ms)
✔ actressRepo.clearBrokenActressAvatarIfNeeded (19.515042ms)
▶ actressRepo.getActressAvatarSourceInfo
  ✔ uses a legacy display avatar as the source without renderer fetch (7.1415ms)
  ✔ prefers the saved original source after an avatar bundle is created (13.904333ms)
✔ actressRepo.getActressAvatarSourceInfo (21.105458ms)
▶ actressRepo.setActressAvatarBundle
  ✔ persists avatar source, display, and crop; recrops without replacing the source (10.138084ms)
  ✔ adopts recognized legacy image bytes when native dimension probing is unavailable (8.747792ms)
  ✔ repairs an existing source whose stored extension does not match its bytes (11.070917ms)
  ✔ rejects invalid display bytes before writing the avatar bundle (7.99075ms)
  ✔ keeps source paths distinct for equal-length Chinese names with identical bytes (9.135542ms)
✔ actressRepo.setActressAvatarBundle (47.215083ms)
▶ actressRepo cumulative scrape status
  ✔ keeps an actress created by video scraping unscraped and exposes the status in detail (9.686041ms)
✔ actressRepo cumulative scrape status (9.721417ms)
▶ actressRepo cumulative scrape status maintenance invariants
  ✔ keeps 未刮削 and its success time through manual maintenance (9.007208ms)
  ✔ keeps 刮削成功 and its success time through manual maintenance (10.104042ms)
  ✔ keeps 刮削失败 and its success time through manual maintenance (14.044875ms)
✔ actressRepo cumulative scrape status maintenance invariants (33.247833ms)
▶ actressRepo.upsertActressFromScrape avatar adopt
  ✔ adopts a downloaded avatar into source+display+crop and drops the temp path (8.127875ms)
  ✔ gives equal-length Chinese names distinct avatar files from the same download bytes (10.37975ms)
  ✔ does not replace an existing usable avatar (7.45275ms)
✔ actressRepo.upsertActressFromScrape avatar adopt (26.043208ms)
▶ actressRepo.backfillActressGalleryAssetDimensions
  ✔ probes stored local files and fills missing gallery dimensions (8.183708ms)
✔ actressRepo.backfillActressGalleryAssetDimensions (8.225416ms)
▶ actressRepo query purity
  ✔ does not change database rows or stored resources when listing and reading details (7.845458ms)
✔ actressRepo query purity (7.894084ms)
▶ actressRepo.posterPath
  ✔ clears the poster when the referenced gallery image is deleted (7.758791ms)
✔ actressRepo.posterPath (7.809791ms)
▶ actressRepo.replaceActressGalleryAssets
  ✔ keeps local paths that remain in the replaced asset set (7.143791ms)
✔ actressRepo.replaceActressGalleryAssets (7.1815ms)
▶ actressRepo.recordActressScrapeFailure
  ✔ records failure without writing a success time or changing profile fields (7.240917ms)
✔ actressRepo.recordActressScrapeFailure (7.28075ms)
▶ actressRepo.markActressScrapeSucceeded
  ✔ promotes an unscraped actress and stamps the missing success time (7.402833ms)
  ✔ promotes a failed actress and stamps the missing success time (7.916958ms)
  ✔ keeps an existing success time instead of restamping it (11.296834ms)
  ✔ stamps a success time over a blank stored time (9.664084ms)
  ✔ rejects marking an actress that does not exist (6.959708ms)
✔ actressRepo.markActressScrapeSucceeded (43.376417ms)
▶ actressRepo.applyActressScrapeResult
  ✔ keeps every selected field plan aligned with the replace database result (17.45825ms)
  ✔ keeps every selected field plan aligned with the fillEmpty database result (24.126583ms)
  ✔ keeps every selected field plan aligned with the replaceIfPresent database result (11.957292ms)
  ✔ does not backfill gallery metadata while building a read-only plan (9.580208ms)
  ✔ plans and applies a fillEmpty avatar over a broken stored path consistently (12.484458ms)
  ✔ previews replace clears without changing the actress or deleting assets (10.997375ms)
  ✔ does not claim a scrape was applied when every returned alias is unusable (17.212708ms)
  ✔ rolls back profile data and cumulative success when gallery persistence fails (15.671875ms)
  ✔ skips invalid downloaded avatars while applying other profile fields (10.225417ms)
  ✔ replace keeps manual crop when scraped avatar bytes match existing source (12.503917ms)
  ✔ replace adopts a new avatar when scraped bytes differ from existing source (10.593542ms)
  ✔ replace clears an existing avatar when the source returns no avatar (11.527917ms)
  ✔ replace preserves an existing avatar when a returned avatar fails to download (7.953958ms)
  ✔ fillEmpty preserves existing measurement values while filling missing ones (8.117458ms)
  ✔ replaceIfPresent updates existing profile values while preserving null scrape results (8.777042ms)
  ✔ replace clears every selected non-avatar field when the matched source returns no values (12.703667ms)
  ✔ replaceIfPresent rejects all fields when every returned alias conflicts (15.26825ms)
  ✔ fillEmpty does not report success when measurements only repeat a filled component (11.161125ms)
  ✔ rejects the whole scraped result when any alias has another owner (13.756417ms)
  ✔ treats canonically equivalent scraped aliases as conflicts (10.455042ms)
✔ actressRepo.applyActressScrapeResult (253.071208ms)
✔ pages female test choices by full name and retains owned alias search without wide data (102.3565ms)
✔ resolves the complete current runtime identity rather than its shortened display label (15.705291ms)
✔ pages the same visible works once across libraries with stable date ties and narrow cards (87.873709ms)
✔ distinguishes missing and empty actors and rejects unbounded or invalid page arguments (12.8285ms)
✔ keeps count and cards on the same read snapshot during an external visibility change (12.794917ms)
✔ reads complete profile metadata without querying any associated works (8.333208ms)
✔ filters covers before counting and paging, retaining the old truthy-path semantics (14.581833ms)
▶ AgentMetadataDraftRepo
  ✔ keeps one ready draft per target and returns superseded staging paths (6.301667ms)
  ✔ advances review revisions and stores an idempotent terminal outcome (6.561833ms)
  ✔ fails closed when a stored draft uses an unsupported adapter version (12.049125ms)
✔ AgentMetadataDraftRepo (25.63325ms)
✔ detects local writes, external commits and connection replacement without changing schema (13.736583ms)
▶ home discovery repo
  ✔ returns one bounded status summary for every visible media library (9.192958ms)
  ✔ uses membership time for recent additions and deduplicates shared videos (4.848458ms)
  ✔ keeps a discovery batch stable until the seed changes (9.506542ms)
  ✔ does not recommend a membership that has no playable resource in an eligible library (8.920291ms)
  ✔ does not recommend a local-only membership whose media-library root is disabled (7.566375ms)
  ✔ excludes managed resources owned by pending-removal or archived roots (7.174208ms)
  ✔ keeps rootless external links and active-root local or STRM resources eligible (8.735167ms)
  ✔ does not accept a managed resource whose root belongs to another library (7.373792ms)
  ✔ binds a shared recommendation to the source membership that has its playable resource (7.249083ms)
  ✔ searches globally without duplicates and honors an explicit library filter (7.317083ms)
  ✔ excludes libraries disabled for home discovery (12.193666ms)
  ✔ matches global ranking across cursor wrap, equal keys and hidden shared memberships (7645.752208ms)
  ✔ keeps large recent and discovery loads bounded and index-backed (35.127042ms)
  ✔ paginates a large global search without duplicates or per-row queries (44.651125ms)
✔ home discovery repo (7816.889625ms)
▶ libraryCleanup
  ✔ collects actress hints from a video (11.271375ms)
  ✔ prunes stub actresses after video links are removed (8.504958ms)
  ✔ does not prune an actress with meaningful profile data (9.725167ms)
  ✔ deletes tags that are no longer linked to any video (11.968292ms)
✔ libraryCleanup (42.269209ms)
▶ library membership repo
  ✔ creates an idempotent explicit membership with a stable discovery key (6.751875ms)
  ✔ removes only the selected library membership (6.832416ms)
  ✔ rejects archived or missing libraries (7.282958ms)
  ✔ recognizes only visible memberships in an active library surface (5.660625ms)
  ✔ does not automatically remove a resource-less membership referenced by a playlist (4.041ms)
✔ library membership repo (31.56ms)
▶ libraryScanRepo latest snapshot
  ✔ updates the pending path after a rename without rewriting the original scan audit (17.896667ms)
  ✔ returns summary, audit, and unrecognized files only from the requested library (9.954666ms)
  ✔ transactionally settles scan runs abandoned by the previous process (9.956916ms)
  ✔ releases archive and root-migration busy gates after restart recovery (12.923791ms)
  ✔ returns an empty snapshot before the first run and rejects an unknown library (9.699791ms)
✔ libraryScanRepo latest snapshot (60.931333ms)
▶ mediaLibraryRepo
  ✔ creates a library, typed config, and canonical root projection atomically (18.907667ms)
  ✔ projects pending scan counts once per library without multiplying across roots (12.855291ms)
  ✔ keeps library and config revisions independent and rejects stale writes (9.325042ms)
  ✔ rejects same, parent, child, and realpath-alias roots across active libraries (8.598791ms)
  ✔ lets disabled roots release paths and revalidates them before enabling (14.022917ms)
  ✔ preserves continuity-owned root identities while allowing empty roots to rebind (22.856334ms)
  ✔ rejects archived-library restore when any continuity-owned root changed identity (18.051625ms)
  ✔ rejects ordinary edits while a root is pending removal or archived (18.51225ms)
  ✔ requires explicit migration or cleanup before changing a root-owned path (11.602792ms)
  ✔ archives roots atomically, releases their paths, and rechecks on restore (19.628583ms)
  ✔ scopes local and STRM source identity while disabled and archived roots release paths (15.194042ms)
  ✔ protects the default library and refuses to archive pending root cleanup (13.656417ms)
  ✔ requires a non-default library to be archived before preview or permanent deletion (13.712334ms)
  ✔ deletes roots and non-default libraries using the current library revision (14.444917ms)
  ✔ blocks archiving and deletion while root cleanup is active (8.535292ms)
  ✔ blocks archiving and deletion while a scan run is active (10.465459ms)
  ✔ rejects a deletion preview made stale by global video lifecycle changes (11.226666ms)
  ✔ invalidates deletion impact when another library changes the exclusive-video count (10.352417ms)
  ✔ previews all owned data and permanently deletes only database ownership (16.436875ms)
  ✔ returns a frozen scan snapshot containing only active roots (7.910042ms)
  ✔ projects independently configured automatic scan state in stable library order (12.0215ms)
  ✔ accepts offline absolute roots but rejects relative paths and files (8.251708ms)
  ✔ does not let direct disabled-root deletion cascade diagnostic records (7.85175ms)
  ✔ atomically freezes the filesystem identity when an offline root first comes online (7.797458ms)
  ✔ rejects scan-time identity binding for an identity-less root with resource ownership (7.754791ms)
  ✔ rejects scan-time identity binding for an identity-less root with pending ownership (12.445ms)
  ✔ rejects scan-time identity binding for an identity-less root with unrecognized ownership (14.454458ms)
  ✔ rejects activation of an identity-less disabled root with owned resources (9.289125ms)
  ✔ rejects restore of an identity-less archived root with owned resources (11.083792ms)
  ✔ rejects a newly-online alias of another active root without partially binding it (10.942584ms)
✔ mediaLibraryRepo (379.461292ms)
▶ media-library root migration repo
  ✔ previews and atomically migrates root-owned state without touching disk or global videos (7.916208ms)
  ✔ uses the shared availability-aware promotion rule within the source library and video (10.946333ms)
  ✔ rejects stale previews and rolls the entire migration back (8.459125ms)
  ✔ rejects resource or pending changes made after preview even when library revisions are unchanged (5.673041ms)
  ✔ moves terminal cleanup history to the replacement root during preview-confirmed migration (6.764666ms)
  ✔ rejects a stale migration preview when terminal cleanup history changes (4.6ms)
  ✔ rolls back every dataset when a late migration write fails (10.0115ms)
  ✔ fails closed while either library has an active scan or cleanup job (6.686625ms)
  ✔ treats a failed legacy cleanup waiting marker as active work in preview and commit (5.68175ms)
  ✔ rejects target resource conflicts before mutation (3.549792ms)
  ✔ rejects target unrecognized-file conflicts before mutation (3.673125ms)
  ✔ rejects target pending-scan path conflicts during preview (4.670959ms)
  ✔ moves a disabled root without enabling it in the target library (5.723667ms)
✔ media-library root migration repo (86.25575ms)
▶ database schema
  ✔ adds STRM source identity without changing existing resource identity or link deduplication (10.590208ms)
  ✔ allows duplicate codes while enforcing complete video business identity (3.755ms)
  ✔ upgrades video identity without changing ids, resources, or site sources (9.58025ms)
  ✔ leaves a v10 database untouched when normalized business identities conflict (0.556541ms)
  ✔ migrates legacy classification text into stable entities and retires legacy storage (7.424292ms)
  ✔ retires v8 text storage without changing video metadata, entity ids, or child resources (17.842083ms)
  ✔ stores classification profiles, hierarchy, roles, links, and video references (3.499833ms)
  ✔ rolls back the complete classification migration when entity creation fails (1.435834ms)
  ✔ rolls back classification entities when retiring legacy storage fails (6.247917ms)
  ✔ migrates uncontested names to ownership and preserves cross-actress collisions for review (18.85725ms)
  ✔ rolls back name ownership data and schema version when migration fails (21.8455ms)
  ✔ creates the current schema and records user_version (4.222959ms)
  ✔ migrates v6 video files to local resources without losing data (6.35275ms)
  ✔ migrates released v1 inline video files and removes the obsolete write constraint (16.05625ms)
  ✔ rejects databases newer than the supported schema version (0.160791ms)
  ✔ upgrades v1 actresses table with avatar source columns (8.661667ms)
  ✔ upgrades v2 actress names to one current primary name without removing visible names (9.867125ms)
  ✔ leaves current-version databases unchanged (0.26275ms)
  ✔ classifies v3 actresses only when a success time has actual profile evidence (15.524875ms)
  ✔ keeps the migrated classification unchanged when migration is run again (9.78925ms)
  ✔ rolls back the whole actress status migration when classification fails (1.958958ms)
✔ database schema (176.1585ms)
▶ V14 unreleased feature consolidation migration
  ✔ creates a fresh database with one active default media library (5.554167ms)
  ✔ upgrades released V13 data while keeping playlist import sessions out of the schema (9.047583ms)
  ✔ scopes pending path identity to each library in the final V14 schema (3.248ms)
  ✔ enforces one primary per membership while archived sources can be adopted by another library (4.889791ms)
  ✔ rolls back V14 when released source paths normalize to the same identity (1.505125ms)
✔ V14 unreleased feature consolidation migration (24.723583ms)
▶ V15 local NFO import migration
  ✔ creates fresh V15 databases with automatic import enabled and identity constraints (10.887042ms)
  ✔ upgrades V14 rows, preserves the default, and enforces minimal pending identity snapshots (3.278709ms)
  ✔ rolls the migration back and leaves user_version at V14 on schema conflict (3.539667ms)
✔ V15 local NFO import migration (19.097417ms)
✔ adds the cleanup queue and later indexes when upgrading V15 and preserves old business data and damaged diagnostic state (12.404125ms)
✔ rolls back both DDL and version when V16 fails after table creation, then upgrades on retry (6.91825ms)
✔ upgrades V16 without changing any business rows or other schema and matches fresh V17 (18.357875ms)
✔ rolls back index DDL and version after drop failure, then retries (6.452458ms)
✔ rolls back index DDL and version after create failure, then retries (5.339542ms)
▶ getLibraryOverviewStats
  ✔ returns aggregate library counts (17.398625ms)
  ✔ counts actress cumulative status from scraped_status, not last_scraped_at (11.519834ms)
✔ getLibraryOverviewStats (29.306875ms)
✔ scopes scan identities and groups while returning only requested IDs from a large catalog (78.793541ms)
▶ pending resource identity repository
  ✔ persists the minimum conflict snapshot while exposing only safe presentation fields (17.057166ms)
  ✔ upserts one conflict per library path and enforces revision when deleting (12.343667ms)
  ✔ rejects paths outside the root, equal identities, and malformed STRM snapshots (12.885833ms)
  ✔ removes missing conflicts only under roots proven accessible by a safe scan (10.065125ms)
✔ pending resource identity repository (52.826792ms)
✔ pages10k scan decisions in legacy order, scopes active libraries and exposes no resource snapshots (59.41925ms)
▶ pendingScanRepo media-library scope
  ✔ keeps same-code groups and resource lookups isolated between libraries (17.862583ms)
  ✔ allows the same normalized path in different libraries while deduplicating inside each library (14.51875ms)
  ✔ rejects a root or group that belongs to another library (9.699667ms)
  ✔ increments revision on upsert and rejects a stale resolution atomically (10.101625ms)
  ✔ can assign the same global video in two libraries without crossing resources (14.630416ms)
  ✔ reconciles only selected roots in the selected library and bumps surviving groups (11.280333ms)
  ✔ refreshes a changed STRM snapshot and forces the caller to review the new revision (11.714375ms)
  ✔ moves an already-pending path to the new same-library code without leaving an empty group (10.802417ms)
  ✔ rolls back resources, memberships, and videos if final group deletion fails (9.461625ms)
✔ pendingScanRepo media-library scope (110.696208ms)
✔ counts a large pending inbox without decoding its snapshots and follows deletions (72.590333ms)
✔ pages a 10k inbox without materializing snapshots, locates deep links and clamps deleted pages (106.202458ms)
▶ playlistRepo
  ✔ paginates and filters identically to the full playlist without losing zero-resource rows (34.619791ms)
  ✔ limits a large playlist before returning card details (156.736042ms)
  ✔ keeps metadata out of subsequent video-page queries (13.352833ms)
  ✔ creates playlists with required name and optional fields (9.374208ms)
  ✔ adds videos once per playlist and lists detail videos (11.832083ms)
  ✔ keeps playlist references visible across hidden, archived and missing memberships (9.628625ms)
  ✔ updates playlist metadata and custom cover (9.016708ms)
  ✔ reports video membership and removes videos (9.759667ms)
  ✔ allows one video in multiple playlists without duplicates in one playlist (8.883167ms)
  ✔ rejects blank playlist names (7.330083ms)
  ✔ stores related links on create and update (11.441042ms)
✔ playlistRepo (282.633958ms)
✔ opens a separate read-only WAL connection with matching SQL functions and no migration (23.064666ms)
✔ keeps a read snapshot while the writer commits and observes it on the next transaction (9.055542ms)
✔ rejects missing, old, newer and non-WAL catalogs without initializing or migrating them (4.457875ms)
✔ does not publish an unsuccessfully initialized writer and permits a subsequent valid initialization (6.802125ms)
▶ scoped video catalog repo
  ✔ keeps list resources and membership time inside one library (10.461959ms)
  ✔ loads detail from the injected database and projects only the active library resources (3.541334ms)
  ✔ deduplicates global results and selects the newest eligible membership (5.579708ms)
  ✔ interprets the none resource filter within the selected scope (4.729458ms)
  ✔ treats an archived media-library scope as unavailable (3.563417ms)
  ✔ rejects invalid scope ids before building SQL (2.874042ms)
  ✔ keeps fixed actor and tag filters unique across shared and hidden memberships (5.347833ms)
  ✔ normalizes a single active library and serves no-count pages with identical ordering (7.081209ms)
  ✔ uses bounded indexed queries for a large scoped page (25.649792ms)
✔ scoped video catalog repo (70.018375ms)
▶ tagRepo.pruneUnusedTags
  ✔ deletes tags with no video links and keeps tags still used by a video (13.185ms)
✔ tagRepo.pruneUnusedTags (13.552833ms)
▶ tagRepo selected labels
  ✔ looks up only selected IDs through the tag primary key and omits deleted IDs (17.160583ms)
  ✔ bounds display labels and JSON bytes without changing full stored names (11.462792ms)
  ✔ rejects invalid or oversized requests and does no SQL work for an empty selection (7.005166ms)
✔ tagRepo selected labels (35.858ms)
▶ tagRepo manual candidates
  ✔ pages alphabetically without counts and retains hidden/manual-only associations (23.161ms)
  ✔ preserves Unicode/literal substring matching and searches beyond display truncation (9.154875ms)
  ✔ uses tag-key existence checks under skewed statistics and validates its work limits (16.807083ms)
✔ tagRepo manual candidates (49.255584ms)
▶ tagRepo active catalog projection
  ✔ matches manual association and visibility semantics before and after statistics maintenance (41.351875ms)
  ✔ deduplicates shared memberships and preserves manual origin and zero-count tags (9.780917ms)
  ✔ counts only videos that can be opened through the active visible catalog (7.502209ms)
✔ tagRepo active catalog projection (58.729208ms)
▶ tagRepo filter candidates
  ✔ paginates names before counts and matches global visibility counts with shared and archived members (14.168291ms)
  ✔ keeps Unicode literal search, bounded labels and page-only count parameters (33.19825ms)
✔ tagRepo filter candidates (47.441125ms)
▶ video lifecycle repo
  ✔ removes only one library membership and replays the same operation idempotently (10.710875ms)
  ✔ moves one external resource and keeps each library primary isolated (4.155959ms)
  ✔ promotes an available source fallback by kind and add time without crossing ownership scope (14.724791ms)
  ✔ rejects moving a local or STRM-managed source without transferring its root (6.230708ms)
  ✔ treats archived source libraries as read-only (5.917209ms)
  ✔ rejects a stale preview and globally deletes only after a fresh explicit preview (10.755667ms)
  ✔ invalidates a global-delete preview when any displayed relationship changes (7.853542ms)
✔ video lifecycle repo (61.177ms)
▶ videoRepo.scrapeStatus
  ✔ does not downgrade an already scraped video when a later scrape fails (15.937458ms)
  ✔ can manually mark an unscraped or failed video as scraped (10.474833ms)
✔ videoRepo.scrapeStatus (27.140042ms)
▶ videoRepo.listVideos
  ✔ rejects attempts to restore classification text storage through generic updates (11.646042ms)
  ✔ sorts and paginates videos (12.654625ms)
  ✔ sorts facet videos by release date desc with missing dates last (16.655208ms)
  ✔ filters by status, year and facet fields (9.513ms)
  ✔ applies multi-tag AND filters (7.939875ms)
  ✔ filters resource kinds with OR semantics and treats no-resource as zero rows (13.418167ms)
  ✔ projects resource count and primary-first deduplicated resource kinds (11.075333ms)
  ✔ searches videos by actress alias (14.977667ms)
  ✔ preserves SQL LIKE pattern matching in the video search actress branch (8.415291ms)
  ✔ excludes migrated pending actress names from video search (10.922542ms)
✔ videoRepo.listVideos (117.651625ms)
▶ videoRepo.getVideoDetail
  ✔ lists female cast before male cast (8.349667ms)
  ✔ includes external rating stats (11.501ms)
✔ videoRepo.getVideoDetail (19.922167ms)
▶ videoRepo.setPrimaryVideoResource
  ✔ automatically marks the first resource as primary (8.609042ms)
  ✔ keeps the current primary when a requested primary insert is a duplicate (7.595541ms)
  ✔ marks one resource as primary and clears the previous primary (8.295208ms)
✔ videoRepo.setPrimaryVideoResource (24.608583ms)
▶ videoRepo.posterPath
  ✔ clears the poster when the referenced sample is deleted (7.6885ms)
✔ videoRepo.posterPath (7.737625ms)
▶ videoRepo.listVideosForBatchScrape
  ✔ filters by scrape status (7.566917ms)
  ✔ can constrain batch targets to explicit selected video ids (11.511125ms)
  ✔ filters missing fields by stored path or link, not file health (8.553334ms)
✔ videoRepo.listVideosForBatchScrape (27.717708ms)
▶ videoRepo tags by origin
  ✔ orders scraped tags before manual tags in detail (7.999708ms)
  ✔ editVideoRecord only replaces scraped tags (9.065541ms)
  ✔ editVideoRecord drops unused scraped tags while keeping tags still used elsewhere (7.740625ms)
  ✔ clearVideoMetadataRecord deletes unused scraped tags and keeps manual tags (8.758875ms)
  ✔ editVideoRecord replaces female and male cast separately (10.182667ms)
  ✔ removeManualVideoTag only removes manual tags (8.957375ms)
  ✔ removeManualVideoTag keeps tag when scraped associations remain (8.225792ms)
  ✔ promotes scraped tag to manual when adding the same name (11.772458ms)
✔ videoRepo tags by origin (72.897333ms)
▶ classification IPC contract
  ✔ registers every command and forwards typed arguments to the public services (1.367ms)
✔ classification IPC contract (1.705458ms)
▶ IPC path guards
  ✔ rejects a rename that contains a path component (0.469833ms)
  ✔ authorizes only files under the selected active root (1.185959ms)
  ✔ rejects a path when the persisted root has been replaced (1.511333ms)
  ✔ rejects a file that escapes a configured root through a symbolic link (1.38275ms)
✔ IPC path guards (5.005666ms)
▶ IPC sender security
  ✔ accepts the configured main window and main frame (0.512958ms)
  ✔ rejects another webContents, a child frame, and an untrusted URL (0.258875ms)
  ✔ matches dev origins but requires the exact production file (0.082625ms)
✔ IPC sender security (1.222458ms)
▶ media-library IPC schemas
  ✔ accepts the complete default config sent by the create wizard, including local NFO import (1.825125ms)
  ✔ accepts boolean local NFO settings on update and rejects malformed values on both paths (0.774333ms)
  ✔ accepts exact management commands and rejects loose object shapes (1.207958ms)
  ✔ rejects invalid ids and revisions on every optimistic command shape (0.360791ms)
  ✔ strictly validates home discovery and global-search inputs (0.509ms)
✔ media-library IPC schemas (5.080541ms)
▶ media-library IPC handlers
  ✔ registers the complete contract and forwards validated arguments (1.256167ms)
  ✔ rejects malformed calls before a dependency is invoked (0.753708ms)
  ✔ preserves root continuity domain errors across validated IPC handlers (0.326459ms)
✔ media-library IPC handlers (2.524459ms)
▶ NFO export IPC schemas
  ✔ accepts the complete closed plan request and rejects missing or extra state (2.191959ms)
✔ NFO export IPC schemas (2.894208ms)
▶ playlist import renderer lifecycle
  ✔ binds every recreated renderer once and cancels only on full navigation or loss (0.393375ms)
  ✔ cancels a non-terminal foreground import when its renderer disconnects (0.61175ms)
  ✔ leaves terminal imports untouched (0.087417ms)
✔ playlist import renderer lifecycle (1.716291ms)
▶ scan latest IPC handler
  ✔ validates libraryId and forwards the scoped latest snapshot (1.305584ms)
✔ scan latest IPC handler (1.641708ms)
✔ bounds the combined audit presence request and validates its library (1.647541ms)
✔ bounds scan pages and validates scoped detail and anchor inputs (1.091083ms)
▶ scrape IPC schemas
  ✔ strictly validates media-library-scoped video batch scrape commands (1.950334ms)
  ✔ validates the optional media-library scope on single-video scrape commands (0.563833ms)
✔ scrape IPC schemas (4.287458ms)
✔ bounds pending scrape pages and details at the IPC boundary (0.492667ms)
✔ bounds audit pending presence lookups (0.50275ms)
✔ validates token and safe nonnegative avatar snapshot cursor (0.173084ms)
✔ validates manual tag candidate bounds and existing-tag identities (2.913667ms)
✔ bounds selected tag label IPC requests before repository access (0.773541ms)
▶ typed IPC adapter
  ✔ does not expose the legacy unreviewed video deletion command (0.358542ms)
  ✔ forwards command arguments and returns the application result (0.274083ms)
  ✔ rejects malformed arguments before invoking the application handler (0.419334ms)
  ✔ accepts link-resource updates without an import-only target (0.44625ms)
  ✔ only accepts metadata retention when removing a last video resource (0.087291ms)
  ✔ accepts one exact plugin approval decision and rejects malformed decisions (0.298083ms)
  ✔ accepts only explicit plugin continuation kinds (0.072375ms)
  ✔ accepts only typed plugin user responses with request-bound actions (0.899792ms)
  ✔ accepts plugin history clearing only without renderer-supplied run ids (0.112083ms)
  ✔ accepts unrecoverable plugin-session discard only without renderer-supplied run ids (0.2185ms)
  ✔ keeps legacy model limits out of the generic settings mutation contract (0.858083ms)
  ✔ validates playlist import start and identity controls at the IPC boundary (1.150625ms)
  ✔ requires the path-removal impact revision at the settings boundary (0.288541ms)
  ✔ accepts only the structured model-management command vocabulary (1.077375ms)
  ✔ serializes successful results and thrown errors (1.1875ms)
  ✔ sends the contracted event payload unchanged (0.134708ms)
✔ typed IPC adapter (8.517083ms)
✔ bounds actress conflict summary pages and keeps detail identities exact (0.482916ms)
✔ validates bounded actress picker requests (0.403791ms)
✔ validates narrow actress identity IDs (0.183625ms)
✔ validates merge candidate paging and keep identity (0.42075ms)
✔ accepts only zero arguments for avatar crop count (0.095125ms)
✔ accepts only zero arguments for avatar crop target enumeration (0.059334ms)
✔ validates plugin actress test picker bounds and identities (0.32375ms)
✔ validates actress works page bounds and rejects unexpected filter fields (0.361708ms)
✔ validates metadata IDs and the optional cover-only actor works filter (0.203625ms)
✔ validates bounded actress gallery pages (0.308584ms)
✔ validates a profile header identity without optional wide-data flags (0.153625ms)
▶ video query IPC schemas
  ✔ accepts and normalizes a complete list query at every VideoQuery boundary (2.3805ms)
  ✔ rejects malformed fields consistently for lists and global search (2.918334ms)
  ✔ strictly validates catalog scopes and video detail identifiers (0.489958ms)
✔ video query IPC schemas (6.527583ms)
▶ main window asset paths
  ✔ resolves preload and renderer from the app root when appMain is emitted as a chunk (0.346125ms)
✔ main window asset paths (0.655584ms)
▶ LocalNfoSourceAdapter
  ✔ reads its own exported samples with a separate background (portable-v1) (10.722792ms)
  ✔ reads its own exported samples with a separate background (jellyfin-current) (4.711042ms)
  ✔ reads its own exported samples with a separate background (emby-kodi-conservative) (5.378375ms)
  ✔ reads its own exported samples with a separate background (plex-nfo-1.43.1+) (3.520542ms)
  ✔ reads its own exported samples with a separate background (infuse-current) (1.572708ms)
  ✔ keeps explicit and discovered samples scoped to their video in a shared directory (1.722708ms)
  ✔ collects one candidate per physical NFO with local asset capabilities and no paths (5.070875ms)
  ✔ uses explicit gender, then existing actor gender, then dialect default (0.923917ms)
  ✔ keeps actress avatar positions aligned after gender field projection (3.77125ms)
  ✔ reads legacy and Kodi actor filenames and follows explicit references for repeated spaces (3.44325ms)
  ✔ treats no sidecar as a quiet no-match and excludes mismatched NFO identity (0.796042ms)
✔ LocalNfoSourceAdapter (42.236667ms)
▶ videoMetadataCandidateStager
  ✔ stages remote and managed-root assets without persisting host paths (10.569583ms)
✔ videoMetadataCandidateStager (11.077791ms)
▶ WebScraperSourceAdapter
  ✔ passes the stored code to legacy plugins unchanged while comparing normalized identities (1.374209ms)
  ✔ collects exact candidates with declared remote assets and source evidence (1.738333ms)
✔ WebScraperSourceAdapter (3.885459ms)
▶ VideoMetadataSourceRegistry
  ✔ resolves stable source ids while preserving legacy plugin-name lookup (0.333959ms)
✔ VideoMetadataSourceRegistry (0.435792ms)
✔ exports oriented/cropped artwork with the shipped Electron codec and encrypted asset store (518.137584ms)
▶ NfoExportModule
  ✔ inspects each plan anchor once and reuses the returned canonical directory (6.217ms)
  ﹣ accepts alternate Windows path spellings for the same physical export directory (0.075958ms) # Windows path aliases are case-insensitive
  ✔ reads selected images linearly and isolates assets that fail or change after planning (450.284917ms)
  ✔ shares identical actor avatars across videos and removes references to conflicting content (46.543292ms)
  ✔ plans without writing and applies an exact-stem NFO plus portable cover (20.224709ms)
  ✔ keeps the default skip policy and rejects a changed target under replace (12.523041ms)
  ✔ marks every planned file stale when source metadata changes (1.459791ms)
  ✔ exports a local STRM source anchor and counts resources without anchors separately (1.890584ms)
  ✔ terminates only between files and leaves completed atomic writes intact (10.820375ms)
  ✔ isolates an image conversion failure from the NFO write (10.686417ms)
  ✔ reports an atomic write failure per item and continues later files (3.563959ms)
  ✔ exports samples as separate attachments and reads them back without background images (58.818583ms)
  ✔ marks colliding sanitized actor avatar targets and omits ambiguous NFO references (20.291209ms)
  ✔ treats case, Unicode and space-to-underscore actor targets as collisions (2.355292ms)
  ✔ makes Windows device actor names portable before planning their target (2.043708ms)
  ✔ keeps unreadable selected images as unavailable plan items without blocking NFO (10.317375ms)
  ✔ warns about requested missing artwork, avatars, and populated fields omitted by a profile (1.467875ms)
  ✔ uses the video stem itself for Infuse cover output and local reference (17.659958ms)
  ✔ plans each physical resource, deduplicates identical targets, and warns only on same-directory identity collisions (5.175417ms)
  ✔ reports real read-only directory failures without leaving temporary files (3.184166ms)
  ✔ rejects a sample-directory symlink introduced after planning (19.887084ms)
  ✔ does not fingerprint a nested export target through a pre-existing symlink (2.948916ms)
  ✔ revalidates a skip target parent before following a newly introduced symlink (20.755709ms)
  ✔ creates consumer-readable sidecars and preserves an existing target mode on replace (20.57875ms)
✔ NfoExportModule (751.572458ms)
▶ NFO export profiles
  ✔ renders all public profiles as valid movie XML without database identities (9.524542ms)
  ✔ applies profile-specific conservative fields and keeps background separate from samples (0.439542ms)
  ✔ canonicalizes and deduplicates Plex rating source aliases (2.406208ms)
  ✔ reports populated fields that the selected profile cannot represent (0.1165ms)
✔ NFO export profiles (13.323708ms)
▶ SqliteNfoExportRepository
  ✔ projects exportable metadata while excluding personal rating and watch state (23.4235ms)
✔ SqliteNfoExportRepository (24.011875ms)
▶ NFO export renderer diagnostics
  ✔ redacts POSIX and Windows absolute paths while preserving the reason (1.273833ms)
✔ NFO export renderer diagnostics (1.969625ms)
▶ NfoExportTaskController
  ✔ keeps planning leases until an asynchronous plan settles, including disposal and failures (1.151375ms)
  ✔ holds both leases from plan through apply and releases them at terminal state (2.772541ms)
  ✔ releases leases when a plan is discarded or planning fails (0.187916ms)
  ✔ requests termination and waits for apply before process disposal releases leases (0.611084ms)
  ✔ does not acquire an asset lease when another maintenance task owns the gate (0.118667ms)
✔ NfoExportTaskController (5.348667ms)
▶ NFO export main-window guard
  ✔ binds recreated windows and disposes a foreground task when their renderer is lost (0.441708ms)
  ✔ prevents navigation while a plan or task owns the foreground (0.123167ms)
  ✔ keeps the window open during a running export but allows the coordinated quit path (0.084875ms)
  ✔ releases a held preview plan and allows navigation instead of treating it as a running task (0.0725ms)
✔ NFO export main-window guard (1.108875ms)
▶ NFO artifact codec
  ✔ accepts the four synthetic third-party dialect fixtures (4.324042ms)
  ✔ round-trips five canonical Javdex fixtures with stable UTF-8 and LF output (5.039042ms)
  ✔ normalizes the MDC dialect and prefers structured ratings over its scalar duplicate (0.26275ms)
  ✔ normalizes MDCx, Javinizer, and JavSP field variants (0.296209ms)
  ✔ reports unknown legal tags and remote artwork without retaining remote URLs as assets (0.180709ms)
  ✔ rejects DTD, entities, oversized input, excessive depth, node count, and field size (16.07475ms)
✔ NFO artifact codec (26.877541ms)
▶ NFO sidecar locator
  ✔ prefers exact stem and reports a differing movie.nfo without exposing either path (6.478125ms)
  ✔ uses movie.nfo only for one anchor or one logical code and rejects mixed directories (4.282334ms)
  ✔ deduplicates physical sidecars and rejects symlink escapes at issue and read time (12.505208ms)
✔ NFO sidecar locator (23.707208ms)
▶ parseCode
  ✔ parses standard codes (1.164417ms)
  ✔ parses 規格品番 ADV-R and ADV-SR (0.081916ms)
  ✔ does not mis-parse ADV-R0484 as R0-484 (0.070083ms)
  ✔ parses FC2 and Heyzo (0.060667ms)
  ✔ parses DMM h_ prefix (0.03625ms)
  ✔ parses date-based uncensored ids (0.045041ms)
  ✔ extracts code after @ in filename (0.157708ms)
  ✔ returns null for noise-only names (0.132292ms)
  ✔ rejects no-hyphen and short-prefix patterns (0.136041ms)
✔ parseCode (2.478042ms)
▶ libraryScanAuditStore
  ✔ atomically replaces and restores the complete latest audit (11.378667ms)
  ✔ fails closed for malformed audit documents (3.6405ms)
  ✔ reads schema 2 NFO dispositions while retaining schema 1 compatibility (3.865042ms)
✔ libraryScanAuditStore (19.640917ms)
▶ ScanCoordinator
  ✔ coalesces display progress while preserving per-file callbacks and the final event (17.250417ms)
  ✔ flushes pending progress before a failure without delaying the failure event (0.506833ms)
  ✔ binds an offline-created root identity and refreshes the frozen snapshot before scanning (1.365167ms)
  ✔ persists matching complete audit details with the latest summary (0.622042ms)
  ✔ publishes scan lifecycle events for every trigger (0.237208ms)
  ✔ uses one frozen configuration snapshot for the complete run (0.148458ms)
  ✔ reconciles resource identity pending rows only under roots proven safe after traversal (0.222833ms)
  ✔ preserves offline roots and removes only missing local resources under accessible roots (0.495375ms)
  ✔ aborts cleanup when a local path cannot be audited (0.473542ms)
  ✔ treats a root that becomes unreadable after traversal as offline (0.196458ms)
  ✔ rechecks the frozen root identity immediately before cleanup writes (0.171917ms)
  ✔ does not run cleanup after cancellation and releases the mutual-exclusion lease (0.233417ms)
  ✔ keeps resources after a coordinator-level failure (0.14575ms)
  ✔ skips every destructive cleanup after a file processing failure (0.079542ms)
  ✔ replaces the unrecognized-file snapshot after every safe completed scan (0.104917ms)
  ✔ completes safe cleanup with errors when failures are isolated to STRM files (0.131375ms)
  ✔ consumes deferred path cleanup only after a successful uncancelled scan (0.078833ms)
  ✔ keeps deferred path cleanup queued after a partial folder scan (0.077792ms)
  ✔ allows a full cleanup-only scan after the final configured folder was removed (0.052792ms)
  ✔ preserves all three cleanup audit sequences above the argument limit (324.783416ms)
  ✔ removes resource-less memberships after deferred cleanup on a safe full scan (0.293792ms)
  ✔ persists a sanitized failed summary without running destructive cleanup (0.37625ms)
  ✔ rolls back resource cleanup and keeps pending roots when auto-delete fails (1.957917ms)
  ✔ keeps pending roots when the cleanup transaction cannot commit (0.655334ms)
  ✔ rejects duplicate scans and scans blocked by resource maintenance (16.476042ms)
✔ ScanCoordinator (368.147917ms)
▶ scanFolders
  ✔ rejects an archived library atomically when manual import resumes after probing (13.131083ms)
  ✔ rejects manual import when the root is physically replaced while duration probing is suspended (10.052542ms)
Scan error for /var/folders/h4/zxrt6zwx6dv1n16kwxzltqgh0000gn/T/javdex-scan-kB2JJC/scan-replaced-root/RACE-003.mp4 Error: 只能操作身份有效的启用媒体库根目录内文件
    at rejectManagedRootFile (/Users/nut/Project/JavdexLabs/Javdex/src/main/services/mediaLibraryRootFileGuard.ts:32:9)
    at requireCurrentRootIdentity (/Users/nut/Project/JavdexLabs/Javdex/src/main/services/mediaLibraryRootFileGuard.ts:86:5)
    at assertRootFile (/Users/nut/Project/JavdexLabs/Javdex/src/main/services/mediaLibraryRootFileGuard.ts:98:27)
    at assertMediaLibraryRootFile (/Users/nut/Project/JavdexLabs/Javdex/src/main/services/mediaLibraryRootFileGuard.ts:170:3)
    at authorizeMediaLibraryRootFile (/Users/nut/Project/JavdexLabs/Javdex/src/main/services/mediaLibraryRootFileGuard.ts:230:3)
    at authorizeFileWrite (/Users/nut/Project/JavdexLabs/Javdex/src/main/scanner/scanner.ts:656:7)
    at scanFolders (/Users/nut/Project/JavdexLabs/Javdex/src/main/scanner/scanner.ts:1142:7)
    at async TestContext.<anonymous> (/Users/nut/Project/JavdexLabs/Javdex/src/main/scanner/scanner.test.ts:447:20)
    at async Test.run (node:internal/test_runner/test:1332:7)
    at async Suite.processPendingSubtests (node:internal/test_runner/test:911:7)
  ✔ keeps scan state unchanged when a frozen root is physically replaced during probing (20.9235ms)
Scan error for /var/folders/h4/zxrt6zwx6dv1n16kwxzltqgh0000gn/T/javdex-scan-QCyP2r/rename-import-replaced-root/RACE-004.mp4 Error: 只能操作身份有效的启用媒体库根目录内文件
    at rejectManagedRootFile (/Users/nut/Project/JavdexLabs/Javdex/src/main/services/mediaLibraryRootFileGuard.ts:32:9)
    at requireCurrentRootIdentity (/Users/nut/Project/JavdexLabs/Javdex/src/main/services/mediaLibraryRootFileGuard.ts:86:5)
    at assertRootFile (/Users/nut/Project/JavdexLabs/Javdex/src/main/services/mediaLibraryRootFileGuard.ts:98:27)
    at assertMediaLibraryRootFile (/Users/nut/Project/JavdexLabs/Javdex/src/main/services/mediaLibraryRootFileGuard.ts:170:3)
    at authorizeMediaLibraryRootFile (/Users/nut/Project/JavdexLabs/Javdex/src/main/services/mediaLibraryRootFileGuard.ts:230:3)
    at authorizeFileWrite (/Users/nut/Project/JavdexLabs/Javdex/src/main/scanner/scanner.ts:656:7)
    at scanFolders (/Users/nut/Project/JavdexLabs/Javdex/src/main/scanner/scanner.ts:1074:9)
    at async renameAndImport (/Users/nut/Project/JavdexLabs/Javdex/src/main/scanner/scanner.ts:1444:20)
    at async TestContext.<anonymous> (/Users/nut/Project/JavdexLabs/Javdex/src/main/scanner/scanner.test.ts:536:19)
    at async Test.run (node:internal/test_runner/test:1332:7)
  ✔ does not commit or rename a replacement-root file when rename-import resumes after probing (15.752333ms)
  ✔ rejects a disabled target root at the resource transaction boundary (7.1585ms)
  ✔ reuses archived local and STRM source paths without crossing library ownership (19.351292ms)
  ✔ imports mixed local and STRM resources into one video and keeps the local file primary (13.561959ms)
  ✔ chooses the scan primary independently of directory entry order (13.823291ms)
  ✔ reselects the primary when scanning into an existing resource-less video (10.02975ms)
  ✔ keeps mixed local and STRM resources in one masked pending group (15.08325ms)
  ✔ rejects a stale pending STRM assignment, refreshes its snapshot, then accepts it (9.572417ms)
  ✔ removes an invalidated STRM snapshot from the pending group on a later scan (10.535ms)
  ✔ syncs a changed STRM target in place while preserving primary and user-maintained fields (11.052333ms)
  ✔ isolates invalid STRM files and retries them without replacing a bound target (12.494292ms)
  ✔ relocates STRM only when the complete filename and target identify one missing source (18.239416ms)
  ✔ loads STRM candidates once per scan across imports, moves and pending writes (253.0595ms)
  ✔ relocates a bound STRM after its video code has been corrected (16.172ms)
  ✔ holds new resources for confirmation when several videos already use the code (8.654916ms)
  ✔ keeps an already-pending path out of relocation and refreshes its pending snapshot (11.444458ms)
  ✔ holds a same-scan multi-file code together when automatic assignment is disabled (8.319667ms)
  ✔ does not let an invalid STRM force a valid same-code video into confirmation (11.490583ms)
  ✔ persists a pending scan group across database reopen and assigns it atomically (11.708291ms)
  ✔ rolls back every scan assignment when final pending-group deletion fails (10.129333ms)
  ✔ imports one unambiguous file normally when automatic assignment is disabled (9.491791ms)
  ✔ holds a new resource that matches one existing video when automatic assignment is disabled (7.642042ms)
  ✔ promotes the available resource when assigning into an existing video without a primary (11.139ms)
  ✔ normalizes a manual code and attaches to an existing case-insensitive identity (131.080625ms)
  ✔ aborts when a nested directory cannot be audited (7.542084ms)
  ✔ imports a symbolic-link video by its link path and file name (9.976584ms)
  ✔ does not follow symbolic-link directories (7.096292ms)
  ✔ silently skips a broken symbolic-link video (7.25125ms)
  ✔ leaves missing-resource cleanup to the high-level scan coordinator (11.378666ms)
  ✔ keeps distinct symbolic-link paths that point to the same target (11.888042ms)
  ✔ keeps a resource under an unavailable root when the same code appears online (11.500334ms)
  ✔ relocates one same-code video by a unique file-size match without requiring the old name (8.255667ms)
  ✔ uses full file name and size to relocate safely when several videos share a code (10.177584ms)
  ✔ does not relocate when full file name and size match more than one duplicate-code video (9.645959ms)
  ✔ treats a new file normally when an old same-code path cannot be audited (17.122583ms)
  ✔ keeps an unrecognized rename and only rediscovers the renamed file (13.994834ms)
  ✔ uses the scan same-code pending flow when automatic merging is disabled (17.069083ms)
  ✔ renames and discovers the code without a manual code or target (10.775458ms)
  ✔ renames and imports an unrecognized STRM as a source-managed link (11.788917ms)
  ✔ imports recognized videos and reports unrecognized files (13.461208ms)
  ✔ reuses scanned directory entries when checking a directory without NFO files (53.301708ms)
  ✔ refreshes a changed local identity snapshot on rescan before user confirmation (10.930209ms)
  ✔ refreshes a changed strm identity snapshot on rescan before user confirmation (16.959916ms)
  ✔ uses NFO identity only for newly discovered resources when automatic import is enabled (20.540042ms)
  ✔ handles cancellation during the only or first NFO application and preserves committed file audits (23.649667ms)
  ✔ aggregates first-discovery NFO candidates once per video after all resources are assigned (20.441958ms)
  ✔ does not count an existing pending resource identity as a new same-code file (13.465292ms)
  ✔ keeps distinct local NFO candidates in the existing confirmation workflow (15.009583ms)
  ✔ persists a filename/NFO identity conflict without creating formal library records (9.2675ms)
  ✔ persists only a masked STRM target projection for an NFO identity conflict (10.994167ms)
  ✔ keeps a valid filename import when its NFO is invalid and records only a secondary warning (10.34675ms)
  ✔ uses NFO identity across libraries but never overwrites a globally scraped-success video (12.947208ms)
  ✔ applies local NFO with fill-empty semantics for new and failed videos (13.494959ms)
  ✔ reattaches a scanned file to an existing no-resource video without replacing metadata (9.914542ms)
  ✔ yields while scanning large batches (108.832833ms)
  ✔ collects a very large root without overflowing call arguments before cancellation (1472.924417ms)
  ✔ stops when cancelled (46.2035ms)
  ✔ skips new imports shorter than 30 minutes (7.874791ms)
  ✔ skips short files before unrecognized handling (9.046167ms)
  ✔ stores probed duration on import (8.212458ms)
  ✔ refreshes duration when the file changes on rescan (11.057833ms)
  ✔ skips duration probe on rescan when file is unchanged (13.726042ms)
  ✔ emits one final audit outcome for every processed file (9.107208ms)
✔ scanFolders (2801.129875ms)
▶ STRM parser
  ✔ matches the STRM extension without case sensitivity (0.390416ms)
  ✔ accepts one HTTP target after BOM, blank lines, comments, and Kodi properties (0.661875ms)
  ✔ normalizes supported HTTP, Magnet, and ED2K targets through the resource contract (0.218625ms)
  ✔ rejects empty, multiple-target, invalid UTF-8, and unsupported-protocol content (0.297375ms)
  ✔ accepts exactly 1 MiB and rejects larger input without truncation (0.542792ms)
✔ STRM parser (2.556583ms)
✔ matches unique missing sources and retains filename, target, root and uncertainty rules (0.842083ms)
✔ incrementally tracks same-scan insertions and target/path changes, but invalidates unknown writes (0.18825ms)
✔ does not acknowledge unrelated writes or a failed mutation as a complete cache update (0.187709ms)
✔ retains the cache for known pending writes but cannot hide an intervening external write (0.091167ms)
✔ examines one matching candidate per lookup in a 10000-resource relocation (57.460792ms)
✔ examines one matching candidate per lookup in a 20000-resource relocation (113.14225ms)
✔ examines one matching candidate per lookup in a 300382-resource relocation (1821.9175ms)
✔ examines one matching candidate per lookup in a 600764-resource relocation (3578.80375ms)
✔ indexes target keys as well as filenames when many directories use the same filename (104.886375ms)
▶ videoDuration
  ✔ resolves configured minutes to seconds (0.667208ms)
  ✔ treats unknown duration as not below minimum (0.052875ms)
  ✔ flags durations shorter than threshold (0.0415ms)
  ✔ prefers scraped duration over primary resource duration (0.056708ms)
  ✔ uses primary resource duration when scraped duration is missing (0.039209ms)
  ✔ returns null when both durations are missing (0.026875ms)
  ✔ only refreshes stored local resource duration when probe value changed (0.050459ms)
  ✔ only probes when duration is missing or file fingerprint changed (0.062292ms)
✔ videoDuration (1.692667ms)
▶ actressScraperManager
  ✔ returns a pending outcome without partially applying a conflicting profile (109.855083ms)
  ✔ clears the selected avatar in replace mode when the matched source has no avatar (91.655375ms)
  ✔ promotes an unscraped actress to scrape success when a profile field is applied (95.481709ms)
  ✔ records a failed scrape without a success time when no profile matches (83.726625ms)
  ✔ records a failed scrape without a success time when the source throws (93.686709ms)
  ✔ records failure in replace-if-present mode when a matched profile has no selected value (98.654084ms)
  ✔ promotes a previously failed actress when a later scrape applies valid data (92.278708ms)
  ✔ skips fill-empty scraping without changing cumulative status when no selected field is missing (50.976875ms)
  ✔ skips fillEmpty when a matched profile has no new values for remaining empty fields (78.178125ms)
  ✔ still fails fillEmpty when a matched profile has no usable field values (88.689417ms)
  ✔ keeps cumulative success and its timestamp when a later scrape fails (83.943625ms)
  ✔ lets Gfriends try stored aliases after the main name without enabling global alias search (59.794333ms)
  ✔ applies successful field sources when another source fails (164.679625ms)
  ✔ preserves a field in replace mode when its composite source fails (159.321333ms)
  ✔ clears a field in replace mode when its composite source matched with no value (182.246792ms)
  ✔ records failure when every configured composite source fails (194.887708ms)
  ✔ warns when a composite avatar source cannot download its result (164.505334ms)
  ✔ preserves the existing gallery when every returned image is unusable (95.092458ms)
✔ actressScraperManager (1988.870042ms)
▶ bundled video candidate plugins
  ✔ normalizes year-month values through the documented sandbox helper (63.715209ms)
  ✔ JavDB fetches every first-page exact match and never falls back to a fuzzy item (50.69925ms)
  ✔ JavDB fails the complete scrape when any exact-match detail fails (33.885292ms)
  ✔ JavLibrary returns all exact cards and ignores title containment or first-item fallback (41.092833ms)
✔ bundled video candidate plugins (190.005583ms)
▶ isCloudflareChallengeText
  ✔ trusts the official cf-mitigated challenge response header signal (0.952ms)
  ✔ detects classic JS challenge interstitial markers (0.140417ms)
  ✔ ignores passive challenge-platform scripts on normal JavDB detail pages (0.565708ms)
  ✔ detects managed challenge markers (0.042958ms)
  ✔ detects body copy only with Cloudflare co-signals (0.082333ms)
  ✔ detects turnstile-only shells but not embedded widgets on content pages (0.045875ms)
  ✔ does not treat normal pages, helper copy, or vague phrases as Cloudflare (0.134709ms)
✔ isCloudflareChallengeText (2.388459ms)
▶ buildPluginRegistry
  ✔ lets user scrapers override bundled names (0.361958ms)
✔ buildPluginRegistry (0.715833ms)
▶ runCompositeFieldGroups
  ✔ groups fields, picks, and merges across plugins (0.668167ms)
  ✔ aborts on the first plugin error when policy is abort (0.259542ms)
  ✔ collects per-plugin warnings and continues when policy is collect (0.09525ms)
  ✔ throws when every grouped source fails under collect policy (0.095916ms)
  ✔ returns a null result when every plugin yields no match (0.078917ms)
✔ runCompositeFieldGroups (1.308709ms)
▶ configuredScraperService
  ✔ normalizes legacy settings without a service config and drops an unusable MetaTube default (10.860125ms)
  ✔ normalizes origins and path prefixes while rejecting unsafe base URLs (1.631625ms)
  ✔ stores only public configuration in settings and requires acknowledgement for remote HTTP tokens (3.10875ms)
  ✔ blocks clearing while MetaTube is referenced and clears address plus token otherwise (2.246375ms)
  ✔ keeps bearer credentials on the configured origin and preserves a base path (1.620334ms)
  ✔ snapshots the address, proxy choice, and token for an in-flight scrape (1.16ms)
  ✔ rejects cross-origin redirects before sending credentials to the target (0.546708ms)
  ✔ rejects HTTPS downgrade redirects (0.467833ms)
  ✔ classifies authentication, rate-limit, server, malformed, and oversized responses (1.749792ms)
  ✔ tests draft configuration without persisting its token (0.5465ms)
✔ configuredScraperService (24.76375ms)
▶ Gfriends bundled actress plugin
  ✔ prefers the main name and selects its last quality-ordered avatar candidate (48.066125ms)
  ✔ uses the first exact alias only when the main name has no candidate (43.261333ms)
  ✔ does not return a fuzzy name match (44.459083ms)
  ✔ uses the current jsDelivr namespace when the primary index is unavailable (41.417125ms)
  ✔ reserves Gfriends as a built-in actress plugin name (0.160459ms)
✔ Gfriends bundled actress plugin (178.257125ms)
▶ MetaTube bundled video plugin
  ✔ keeps exact providers in search order and maps the documented fields (57.451ms)
  ✔ returns no candidates for search 404 or fuzzy-only search results (79.991917ms)
  ✔ rejects a detail whose exact code differs from its search item (42.37ms)
  ✔ rejects too many exact providers before requesting details (48.505ms)
  ✔ fails the entire scrape if one exact detail request fails (53.119791ms)
[scraper:MetaTube] MetaTube 样张超过 40 张，已截断
  ✔ caps public sample proxy URLs at forty without putting credentials in them (56.636834ms)
  ✔ rejects incompatible known fields and caps detail concurrency at four (95.12075ms)
✔ MetaTube bundled video plugin (434.635208ms)
▶ MetaTube service integration
  ✔ runs connection checks and the bundled worker against a local fake HTTP service (86.55525ms)
✔ MetaTube service integration (87.34575ms)
▶ action network capture
  ✔ keeps http(s) query strings and strips credentials (0.597ms)
  ✔ redacts credential-bearing query values before exposing recent requests (0.206208ms)
  ✔ omits sensitive post bodies (0.132042ms)
  ✔ records only an active action window and does not label search (0.590125ms)
  ✔ keeps the newest requests when the action window overflows (0.185042ms)
✔ action network capture (2.177292ms)
▶ browser evaluate policy
  ✔ allows forbidden API names inside diagnostic strings, comments and regular expressions (4.07275ms)
  ✔ still rejects executable references and computed access to forbidden APIs (0.466958ms)
  ✔ rejects credential, storage and sensitive form access (0.379708ms)
  ✔ rejects live-page mutation and computed property access (0.321667ms)
  ✔ rejects destructuring aliases that recover live-realm capabilities (0.33475ms)
  ✔ names the forbidden API and points markup reads to html (0.914333ms)
  ✔ uses one normalized evaluator and drains timeout cleanup before rejecting (3.660583ms)
✔ browser evaluate policy (11.229375ms)
▶ ScrapeBrowserHost leases
  ✔ reuses the same owner and rejects a competing owner immediately (1.80175ms)
  ✔ freezes proxy and stops the helper as soon as a scrape lease is released (1.302666ms)
  ✔ closes the active helper session with the main window and remains reusable (0.453083ms)
  ✔ presents the helper through the lease without exposing it as a plugin browser action (0.288917ms)
  ✔ invalidates all lease actions when its operation signal is cancelled (0.45825ms)
  ✔ terminates the helper when an in-flight Playwright action is cancelled (0.503916ms)
  ✔ terminates the helper before reporting an evaluate timeout (504.95375ms)
  ✔ keeps oversized ARIA complete for the artifact layer (1.184708ms)
  ✔ sends cancel, ignores a late response and kills a non-cooperative helper after 500ms (1042.816625ms)
  ✔ keeps one click successful while transient post-action observation recovers (1.487209ms)
  ✔ blocks a disallowed main-frame navigation before an agent action sends it (0.470791ms)
  ✔ returns bounded scroll metrics and invalidates refs without changing the document revision (0.568917ms)
  ✔ extracts a host-owned load-more availability signal with the candidate snapshot (0.456583ms)
  ✔ returns the host-owned terminal proof result with the candidate snapshot (0.217334ms)
  ✔ returns pending after a successful action but makes explicit snapshot pending retryable (0.5225ms)
  ✔ classifies a failed state action with a changed revision as uncertain without replaying it (0.354458ms)
  ✔ keeps selector uniqueness failures as ordinary action failures (0.161542ms)
  ✔ reports zero matches separately from multiple matches (0.115917ms)
✔ ScrapeBrowserHost leases (1559.719958ms)
▶ normalizeNetworkUrl
  ✔ strips hash and lowercases host (0.610459ms)
  ✔ returns null for invalid URLs (0.074ms)
✔ normalizeNetworkUrl (1.233125ms)
▶ networkUrlPathKey
  ✔ drops search and hash (0.067458ms)
✔ networkUrlPathKey (0.118208ms)
▶ isImageNetworkResource
  ✔ accepts Image resource type (0.08475ms)
  ✔ accepts image mime types (0.047667ms)
  ✔ rejects non-images and error statuses (0.049459ms)
✔ isImageNetworkResource (0.25425ms)
▶ hasImageMagicBytes
  ✔ detects jpeg and rejects html (0.128334ms)
✔ hasImageMagicBytes (0.181541ms)
▶ ImageBodyLruCache
  ✔ returns exact and aliased URLs (0.182083ms)
  ✔ matches unique path when query differs (0.129917ms)
  ✔ does not path-match when multiple distinct bodies share a path (0.1465ms)
  ✔ evicts oldest entries by count (0.104084ms)
  ✔ clears all state (0.10575ms)
✔ ImageBodyLruCache (0.772958ms)
▶ prioritizeInspectLinks
  ✔ keeps a main result card when more than maxLinks navigation links precede it (0.431625ms)
  ✔ preserves DOM order within priority groups and deduplicates after prioritizing (0.521875ms)
✔ prioritizeInspectLinks (1.327542ms)
▶ selectInspectLocaleLinks
  ✔ keeps locale anchors in document order and always allows an empty result (0.098792ms)
  ✔ caps locale anchors without mixing them back into content ranking (0.062041ms)
✔ selectInspectLocaleLinks (0.224375ms)
▶ selectInspectScriptSrcs
  ✔ keeps document order, deduplicates, and allows an empty result (0.100167ms)
✔ selectInspectScriptSrcs (0.233875ms)
▶ inspectLinkRawHref
  ✔ omits rawHref when the HTML attribute already matches the resolved href (0.064792ms)
  ✔ keeps protocol-relative and path-only attributes that cheerio will see (0.041584ms)
✔ inspectLinkRawHref (0.167ms)
▶ ScrapeBrowserFramedSocket
  ✔ rejects the wrong token, parent pid, protocol version or CDP port (0.605833ms)
  ✔ round-trips authenticated hello frames and native Buffers (5.708541ms)
  ✔ rejects an oversized incoming frame before allocating its body (0.899875ms)
✔ ScrapeBrowserFramedSocket (7.773916ms)
▶ scrape browser readiness
  ✔ does not resolve an intermediate verification page even when it has matching content (0.682875ms)
  ✔ does not accept selectors found on a verification page (0.118875ms)
✔ scrape browser readiness (1.551958ms)
▶ ScrapeBrowserWaitBudget
  ✔ does not consume the page timeout while Cloudflare verification is active (0.179084ms)
  ✔ still enforces the page timeout while no challenge is active (0.0905ms)
  ✔ caps manual verification independently from the page timeout (0.084792ms)
  ✔ accumulates the verification cap across repeated challenge periods (0.144792ms)
✔ ScrapeBrowserWaitBudget (0.695459ms)
✔ buildScrapeUserAgent drops Electron and app product tokens (0.889291ms)
✔ derivePlatformFromOsToken maps Windows, macOS and Linux (0.193584ms)
✔ resetScrapeUaProfileCache clears memoized profile (0.100709ms)
▶ scraperManager plugin availability gates
  ✔ publishes the built-in local NFO source as runnable but not editable or exportable (2.716292ms)
  ✔ lists MetaTube for configuration but excludes it from executable names until configured (2.243875ms)
  ✔ rejects unconfigured service plugins as new composite field sources (2.851792ms)
✔ scraperManager plugin availability gates (8.229083ms)
▶ scraperPluginSandbox
  ✔ loads cheerio/slim so packaged scrapers do not need undici (46.122708ms)
  ✔ terminates a non-returning plugin worker when the caller aborts (29.230041ms)
  ✔ does not report an aborted run as settled while a started host RPC is still running (118.709041ms)
  ✔ serves repeated persistent fetchBuffer calls from the plugin resource cache (57.978ms)
✔ scraperPluginSandbox (252.64575ms)
▶ scraperPluginService
  ✔ describes bundled video scraper fields from shipped manifests (10.037792ms)
  ✔ describes bundled actress scraper fields from shipped manifests (3.671167ms)
  ✔ drops unknown actress supported field ids from packages (46.377458ms)
  ✔ lists bundled plugins shipped with the app (0.744542ms)
  ✔ reads bundled plugin packages for export and AI debug (0.828833ms)
  ✔ keeps MetaTube visible but unavailable until configured (0.5605ms)
  ✔ rejects a user package that tries to declare a trusted service binding (0.329167ms)
  ✔ does not assign a standalone delay to composite scrapers (1.188333ms)
  ✔ imports and executes a custom video plugin through the BaseScraper adapter (78.977875ms)
  ✔ normalizes video ratings to valid 5-point records only (0.511875ms)
  ✔ reads an installed custom plugin package for AI debugging (43.961625ms)
  ✔ imports and executes a custom actress plugin through the BaseActressScraper adapter (75.553209ms)
  ✔ rejects custom plugins that reuse a built-in name (2.589458ms)
  ✔ renames legacy user plugins that override built-in names to -custom (8.549ms)
  ✔ preserves settings for a legacy user plugin named after retired JAV8 (1.420584ms)
  ✔ uses -custom-2 when -custom is already taken (1.766917ms)
  ✔ keeps bundled plugins visible after rejecting a same-name custom install (0.744292ms)
  ✔ rejects duplicate custom plugin names (34.098375ms)
  ✔ atomically replaces a user plugin without leaving staging or backup directories (78.929166ms)
  ✔ rejects plugin names that collide after filename sanitization (42.161625ms)
  ✔ rejects packages without kind (0.423875ms)
  ✔ exports packages with kind (58.223375ms)
✔ scraperPluginService (492.988542ms)
▶ ScraperResourceCache
  ✔ reuses a fresh plugin resource without another network request (4.219958ms)
  ✔ reuses a fresh plugin resource after the cache is recreated (4.1895ms)
  ✔ revalidates an expired resource with its ETag and retains a 304 body (1.641667ms)
  ✔ returns an expired resource when revalidation fails and stale fallback is enabled (0.926667ms)
  ✔ rejects a resource larger than the host entry quota (0.353667ms)
  ✔ rejects writes beyond the host quota for one plugin (0.965042ms)
  ✔ enforces the plugin quota across concurrent resource commits (2.189375ms)
✔ ScraperResourceCache (15.227792ms)
▶ trusted scraper service sandbox bridge
  ✔ exposes service methods only to a trusted binding while keeping the token in main (99.026167ms)
  ✔ fails before starting a trusted worker when the service is not configured (0.6275ms)
✔ trusted scraper service sandbox bridge (100.247917ms)
▶ scraperManager.scrapeVideo
  ✔ uses the built-in local NFO source for manual, composite, and default runs without network fallback (28.408708ms)
  ✔ treats a missing local NFO as a normal no-match without marking scrape failure (9.134542ms)
  ✔ uses only the effective composite field sources to classify a quiet local NFO no-match (54.880917ms)
  ✔ delivers actress avatars to the merged cast positions across local and web composite sources (114.010833ms)
  ✔ persists exact multi-candidate results without selecting or applying one by default (100.343375ms)
  ✔ stages every declared candidate image even when the field was not selected (110.819458ms)
  ✔ confirms a candidate from the local snapshot without visiting the remote site again (107.22225ms)
  ✔ discards pending candidates, cleans staging, and preserves cumulative success (90.182083ms)
  ✔ replaces pending staging and removes the replacement after a later unique success (253.407791ms)
  ✔ startup cleanup removes only old unreferenced video staging directories (86.67225ms)
  ✔ filters exact-code mismatches and conservatively deduplicates normalized source urls (99.695958ms)
  ✔ rejects an invalid candidate array atomically and preserves an older pending decision (165.738792ms)
  ✔ keeps the old pending snapshot and staging when a valid replacement fails mid-transaction (156.240375ms)
  ✔ returns every exact-code exclusion warning when no candidate remains (78.212125ms)
  ✔ applies the only exact candidate after exclusions without creating pending state (93.489292ms)
  ✔ normalizes a year-month release date to the first day of that month (103.176666ms)
  ✔ keeps a unique candidate pending when applying it would duplicate a business identity (103.366417ms)
  ✔ rolls back a conflict merge and candidate apply when pending deletion fails (105.2215ms)
  ✔ returns director candidates before writes and applies an explicit choice on retry (169.740417ms)
  ✔ keeps an ambiguous director during batch-style scraping and applies safe fields (90.427833ms)
  ✔ reports a matched result as skipped when no selected value can be applied (95.526791ms)
  ✔ stores composite source links and ratings under their actual field plugins (265.646416ms)
  ✔ persists and confirms composite candidates independently per source (568.660125ms)
  ✔ ignores unsupported fields before validating and applying the selected plugin result (595.762542ms)
  ✔ still rejects a malformed field when the plugin declares it as supported (568.130125ms)
  ✔ preserves a composite field when its source does not match but another source succeeds (810.489291ms)
downloadCover failed: TEST-001 https://cover.example/broken.jpg response is not a usable image
  ✔ applies text data but preserves an old cover when the returned image is unusable (593.735917ms)
downloadSamples failed: TEST-001 1 https://sample.example/two.jpg response is not a usable image
  ✔ discards the whole sample set when any sample download fails but still applies text (602.878958ms)
  ✔ compensates downloaded assets when the apply phase throws after downloads commit (587.09675ms)
  ✔ discards a downloaded cast avatar when the actress already has a usable avatar (595.659708ms)
✔ scraperManager.scrapeVideo (7405.845791ms)
▶ Xslist bundled actress plugin
  ✔ treats the site anonymous image as no avatar (48.245125ms)
  ✔ keeps a real profile avatar (36.45475ms)
✔ Xslist bundled actress plugin (85.202ms)
▶ actress batch scrape persistence lifecycle
  ✔ persists one stable job id and advances pending targets across restart (280.906875ms)
  ✔ loads a legacy task without tri-state fields using a stable fallback job id (107.578292ms)
  ✔ clears a cancelled task file without deleting its completed pending result (183.493833ms)
  ✔ persists only a canonical status and the start-time target snapshot (190.11175ms)
  ✔ recovers a paused checkpoint after an application restart cache reset (104.671875ms)
  ✔ normalizes a legacy scraped paused job without rewriting progress (100.15325ms)
  ✔ normalizes an omitted scrapeStatus to all while preserving the snapshot (100.361875ms)
  ✔ marks an unknown status job unrecoverable without falling back to all (96.195291ms)
  ✔ blocks resume for an unknown status job but still allows discard (89.29425ms)
  ✔ resumes from the saved snapshot without re-applying current filters (155.663584ms)
  ✔ resumes a normalized legacy scraped job with unified scrape result semantics (158.242667ms)
✔ actress batch scrape persistence lifecycle (1567.977958ms)
▶ actressBatchScrapeTargets status normalization
  ✔ keeps the four canonical cumulative-status scopes (0.545708ms)
  ✔ normalizes the legacy scraped scope to 刮削成功 (0.09075ms)
  ✔ normalizes an omitted scope to 全部 (0.07625ms)
  ✔ rejects an unknown scope instead of widening the batch (0.224417ms)
  ✔ reports unknown scopes without throwing for persisted job snapshots (0.564625ms)
  ✔ never produces the legacy scope in a normalized request (0.111459ms)
✔ actressBatchScrapeTargets status normalization (2.0305ms)
▶ reconcilePersistedActressBatchJob
  ✔ rewrites scraped to success and omitted to all without touching progress (0.191291ms)
  ✔ keeps unrecognized scopes unrecoverable and does not widen to all (0.518333ms)
✔ reconcilePersistedActressBatchJob (0.832041ms)
▶ actressBatchScrapeTargets resolution
  ✔ resolves each canonical cumulative-status scope (10.486625ms)
  ✔ resolves the legacy scraped scope as 刮削成功 and an omitted scope as 全部 (6.676458ms)
  ✔ intersects gender, cumulative status and missing fields (10.697708ms)
  ✔ treats explicit ids as the whole target set, ignoring the other filters (7.150833ms)
  ✔ deduplicates explicit ids and drops ids without a stored actress (6.510875ms)
  ✔ treats an empty explicit id list as zero targets (6.510708ms)
✔ actressBatchScrapeTargets resolution (48.185291ms)
▶ actressBatchScrapeTargets estimate and start
  ✔ estimates the count the start would resolve from the same request (7.032875ms)
  ✔ resolves targets again on start, so the total may differ from an earlier estimate (11.0295ms)
  ✔ freezes target ids, display names and total when the batch starts (7.286542ms)
✔ actressBatchScrapeTargets estimate and start (25.430625ms)
▶ ActressIdentityConflictWorkflow
  ✔ inspects live ownership even when the name is not yet in a review group (11.798459ms)
  ✔ summarizes the same aggregated name groups returned by the review list (7.647167ms)
  ✔ keeps summary counts exact for mixed, multi-result, and multi-conflict groups (25.838625ms)
  ✔ lists pending name ownership without inventing a pending scrape (7.5365ms)
  ✔ rejects an unsupported pending name type instead of silently reclassifying it (9.725833ms)
  ✔ rejects a pending-name-ownership decision when the shown claim row changed (9.23425ms)
  ✔ assigns pending name ownership without creating or applying scrape data (8.757167ms)
  ✔ edits one pending name claim and resolves both resulting unique owners (8.409042ms)
  ✔ moves an edited pending name claim into another normalized-name group (10.655709ms)
  ✔ merges actresses directly from pending name ownership (8.865083ms)
  ✔ removes an illegal pending name without persisting a blacklist (8.550375ms)
  ✔ reassigns the only pending scrape to the explicit keeper after a merge (10.482542ms)
  ✔ keeps a usable keeper avatar while clearing its missing source and crop state (23.838209ms)
  ✔ uses the explicitly selected pending actress as keeper and the other current main name (14.00775ms)
  ✔ rejects merging when both actresses own pending scrape snapshots (14.940375ms)
  ✔ does not treat another conflict between the same actress pair as a merge blocker (7.986375ms)
  ✔ rejects the whole workbench merge when a resulting name belongs to a third actress (12.82625ms)
  ✔ rejects the whole merge when the pending scrape also conflicts with a third actress (10.391416ms)
  ✔ rejects merging a persisted name claimed by a third actress pending scrape (9.287583ms)
  ✔ returns stale without merging when either actress changed after confirmation was shown (12.135083ms)
  ✔ rolls back the actress merge when pending reassociation fails (34.382042ms)
  ✔ edits only the selected conflicting name and applies the unlocked scrape atomically (9.755625ms)
  ✔ moves only the edited item when its new name conflicts in another dynamic group (10.760542ms)
  ✔ moves an edited name into a group claimed by another naturally unlocked pending result (11.271292ms)
  ✔ transfers complete ownership to the pending actress only with a replacement main name (15.955834ms)
  ✔ previews and applies an assigned conflicting alias in a fill-empty alias collection (31.589417ms)
  ✔ keeps earlier ownership decisions in the final fill-empty alias preview and apply (17.531792ms)
  ✔ validates and removes every legacy claimant when assigning to the pending actress (11.460375ms)
  ✔ assigns a whole conflict group to an existing actress while applying profiles to original targets (10.109875ms)
  ✔ keeps confirmed ownership when the chosen existing actress is also a replace candidate (24.346084ms)
  ✔ removes an illegal normalized name from the whole group and applies unlocked profiles (14.366292ms)
  ✔ requires a valid replacement for every main-name claimant before illegal-name removal (11.359042ms)
  ✔ validates illegal-name replacement main names against the live conflict snapshot (10.226375ms)
  ✔ does not reconcile newly active conflicts while rejecting a stale illegal-name decision (8.116ms)
  ✔ removes only the current illegal group and does not remember a blacklist rule (11.667ms)
  ✔ applies a result when its other recorded conflict has already become inactive (14.138167ms)
  ✔ rolls back illegal-name handling when name deletion fails (8.586833ms)
  ✔ rolls back illegal-name handling when main replacement fails (9.567166ms)
  ✔ rolls back illegal-name handling when profile application fails (13.925875ms)
  ✔ rolls back illegal-name handling when pending cleanup fails (16.229583ms)
  ✔ keeps the whole illegal-name group pending when any resource preparation fails (12.154333ms)
  ✔ requires a replacement when assigning a current main name to a third existing actress (11.182833ms)
  ✔ finishes name-only results and preserves the original fill-empty update mode (12.691791ms)
  ✔ promotes staged resources when a name edit unlocks a pending scrape (11.439834ms)
  ✔ keeps a naturally unlocked result pending until the user explicitly applies it (9.518625ms)
  ✔ returns a stale outcome without writes when an involved actress changed (9.456833ms)
  ✔ rolls back every profile and promoted resource when a group apply fails (11.992542ms)
  ✔ freezes the complete scrape when one selected name belongs to another actress (10.56275ms)
  ✔ applies a complete result when equivalent names only belong to the target actress (8.786542ms)
  ✔ atomically replaces one actress current snapshot and removes its old staged resources (27.165791ms)
  ✔ rolls back a conflict-free apply when removing the previous snapshot fails (10.179041ms)
  ✔ does not delete an existing same-url gallery file when a later apply rolls back (9.030416ms)
  ✔ discards only the selected wrong match, records cumulative failure, and cleans staging (31.77475ms)
  ✔ startup cleanup removes only old unreferenced staging directories (12.107083ms)
  ✔ deleting a target actress also removes its staged pending resources (9.960791ms)
  ✔ removes prepared formal resources when profile application rolls back (9.756542ms)
✔ ActressIdentityConflictWorkflow (737.722708ms)
✔ reuses maintenance only until local writes, schema changes or external commits (9.700791ms)
✔ does not publish rolled-back maintenance or skip checks inside a caller transaction (7.807834ms)
✔ retries failed maintenance and invalidates after reopening the same catalog (12.477875ms)
✔ does not publish a maintenance stamp if an external commit occurs during the check (7.690208ms)
✔ rechecks earlier candidates after a later candidate introduces a new conflict (7.888ms)
✔ bounds a 10k legacy-claim queue without hydrating candidates after maintenance (50.029416ms)
✔ does not hydrate unrelated candidate results for a selected name group (9.494333ms)
✔ sorts full conflict names before truncating display captions and preserves exact anchors (14.8985ms)
✔ keeps legacy equal-caption order across pages and clamps missing anchors in a nonempty queue (18.689375ms)
✔ bounds name normalization when merged actors have many third pending conflicts (26.490208ms)
Failed to clean deleted actress asset: avatar_sources/alpha.jpg Error: file is locked
    at deleteStoredAsset (/Users/nut/Project/JavdexLabs/Javdex/src/main/services/actressMaintenanceService.test.ts:122:61)
    at Object.deleteActresses (/Users/nut/Project/JavdexLabs/Javdex/src/main/services/actressMaintenanceService.ts:87:11)
    at TestContext.<anonymous> (/Users/nut/Project/JavdexLabs/Javdex/src/main/services/actressMaintenanceService.test.ts:126:28)
    at Test.runInAsyncScope (node:async_hooks:227:14)
    at Test.run (node:internal/test_runner/test:1325:25)
    at Suite.processPendingSubtests (node:internal/test_runner/test:911:18)
    at Test.postRun (node:internal/test_runner/test:1465:19)
    at Test.run (node:internal/test_runner/test:1390:12)
    at async Suite.processPendingSubtests (node:internal/test_runner/test:911:7)
▶ actressMaintenanceService.importGalleryImage
  ✔ runs legacy dimension repair as part of the explicit gallery write flow (0.972958ms)
✔ actressMaintenanceService.importGalleryImage (1.282167ms)
▶ actressMaintenanceService.deleteActresses
  ✔ deletes the complete batch and cleans stored resources (15.691ms)
  ✔ rejects the whole batch when an actress is linked to a video (9.766625ms)
  ✔ reports resource cleanup failures after the database transaction commits (10.102834ms)
  ✔ rolls back the complete batch when a later record fails to delete (12.644542ms)
  ✔ previews current linked-actress and affected-video counts (10.063458ms)
  ✔ explicitly unlinks videos, deletes a mixed batch, and preserves video records and files (12.837333ms)
  ✔ rolls back removed video links when a later actress delete fails (10.421958ms)
  ✔ removes only the deleted actress ownership and pending result (12.049083ms)
  ✔ rejects an unknown delete mode instead of falling through to a destructive path (7.497084ms)
✔ actressMaintenanceService.deleteActresses (101.400667ms)
▶ actressQueryService.listActresses
  ✔ returns a stable page and the full matching total from the real database (18.547292ms)
  ✔ reuses one exact avatar-filter snapshot across subsequent pages (0.209583ms)
  ✔ refreshes the avatar-filter snapshot whenever the first page reloads (0.101875ms)
  ✔ inspects avatar health and fingerprints outside the database repository (13.857917ms)
✔ actressQueryService.listActresses (33.223542ms)
▶ actressQueryService.listFaceScanManifest
  ✔ exposes the dedicated minimal manifest through the query seam (0.160458ms)
✔ actressQueryService.listFaceScanManifest (0.216667ms)
✔ delegates avatar count without reading the legacy list or inspecting images (0.092666ms)
▶ actressScrapeQueue.start target resolution
  ✔ scrapes exactly the targets the estimate reported for the same request (5134.86225ms)
  ✔ starts a legacy scraped request against 刮削成功 targets (502.480417ms)
  ✔ starts explicitly selected actresses regardless of the other filters (577.531458ms)
  ✔ starts no target for an empty explicit id list (411.247875ms)
  ✔ refuses to start a request with an unknown cumulative-status scope (466.974459ms)
✔ actressScrapeQueue.start target resolution (7094.114625ms)
▶ AgentMetadataActivityTimeline
  ✔ projects streaming reasoning into one bounded completed turn (1.170208ms)
  ✔ retains up to 64,000 reasoning characters and reports overflow (9.21075ms)
  ✔ uses semantic browser actions while retaining safe completion summaries (1.290667ms)
  ✔ keeps direct metadata submission distinct from browser inspection (0.165958ms)
  ✔ describes playlist page checkpoints as result-producing actions (0.502125ms)
  ✔ describes browser scroll without exposing tool arguments (0.16875ms)
  ✔ retains earlier reasoning across browser-heavy runs (2.330292ms)
✔ AgentMetadataActivityTimeline (15.839667ms)
✔ uses the indexed journal cursor without loading history for a metadata snapshot (1.063083ms)
▶ Agent metadata browser URL policy
  ✔ allows a public hostname when a system proxy maps it to the RFC 2544 fake-IP range (1.594041ms)
  ✔ still rejects direct benchmark-range IPs and hostnames resolving to private networks (1.213666ms)
  ✔ keeps identity query parameters while removing credentials and fragments from display URLs (0.392167ms)
✔ Agent metadata browser URL policy (3.569333ms)
▶ Agent metadata browser evidence binding
  ✔ accepts a production artifact only for its captured document and view (1.721667ms)
  ✔ rejects incomplete, tampered, and corrupt segmented production artifacts (7.44175ms)
✔ Agent metadata browser evidence binding (9.323709ms)
▶ AgentMetadataDraftService
  ✔ rejects a preview when a staged resource no longer matches its manifest (15.185209ms)
  ✔ rechecks staged resource bytes when applying an already reviewed draft (19.759791ms)
  ✔ cleans newly staged resources when persistence fails (15.801666ms)
  ✔ routes actress name ownership conflicts to the existing pending workflow (10.598709ms)
  ✔ routes duplicate video business identities to the existing pending workflow (10.193375ms)
  ✔ requires explicit user confirmation when actress names do not match (8.926833ms)
✔ AgentMetadataDraftService (80.9715ms)
▶ app release service
  ✔ parses and compares stable release versions numerically (0.866084ms)
  ✔ accepts only trusted published GitHub releases (0.117792ms)
  ✔ validates cached update state before exposing it to the renderer (0.119583ms)
✔ app release service (1.463417ms)
▶ asset byte cache
  ✔ separates variants and invalidates all variants of only the changed asset (0.561125ms)
  ✔ checks every file identity field and isolates callers from cached mutable buffers (0.142542ms)
  ✔ enforces the entry cap while retaining recently read and replaced entries (0.355167ms)
  ✔ enforces the 96MiB byte cap and skips oversized entries without flushing other images (19.198292ms)
✔ asset byte cache (20.719917ms)
▶ image asset inspection cache
  ✔ loads an unchanged image once and reloads it when its file signature changes (0.179292ms)
  ✔ reloads an image after explicit asset invalidation (0.085083ms)
  ✔ evicts the least recently used inspection after reaching capacity (1.825ms)
✔ image asset inspection cache (2.221084ms)
✔ retries after the first scrypt failure (99.014166ms)
✔ retries after the first importKey failure (96.853541ms)
✔ keeps the new cache when a pre-reset KDF later succeeds (89.487416ms)
✔ keeps the new cache when a pre-reset KDF later fails (95.080333ms)
✔ waits for cold key derivation on cancellation and never starts decryption (48.013084ms)
✔ reads the existing AVPK format through synchronous and asynchronous crypto (60.864292ms)
✔ coalesces cold key derivation and never uses synchronous crypto in the async reader (88.852584ms)
✔ rejects invalid or tampered encrypted bodies without returning plaintext (54.248834ms)
✔ waits for an active native job before discarding its cancelled result (44.024084ms)
▶ assetLocationMigration
  ✔ moves plain and encrypted files including alias store (94.883417ms)
  ✔ maps default path setting when relocating back to userData (11.072083ms)
  ✔ allows relocating back to default when only empty asset subfolders remain (12.034542ms)
  ✔ rolls back copied files without touching the active root (9.561083ms)
  ✔ rejects migration while the configured source root is unavailable (7.247375ms)
  ✔ rejects targets nested inside the active media root (8.031333ms)
  ✔ rejects a target that resolves to the source through a symlinked parent (33.86075ms)
  ✔ rejects a differently-cased path that resolves to the same directory (7.200542ms)
  ✔ resumes when the target contains matching files from an interrupted copy (11.970291ms)
  ✔ preserves pre-existing matching copies when a resumed migration rolls back (13.91125ms)
  ✔ keeps source files when the prepared target disappears before commit (39.667292ms)
  ✔ preserves a copied target that was replaced before a failed commit rolls back (12.123916ms)
  ✔ rejects an interrupted target whose file contents do not match the source (10.083375ms)
  ✔ rejects directory symlinks without reading or deleting files outside the asset root (7.867125ms)
  ✔ rejects a symlinked asset root without touching its external target (7.191ms)
✔ assetLocationMigration (287.578208ms)
▶ assetMigration opaque paths
  ✔ encrypts to opaque paths and restores readable paths on decrypt (112.874875ms)
✔ assetMigration opaque paths (113.374667ms)
✔ reads legacy without rewriting and migrates on mutation preserving all entries (64.982416ms)
✔ does not reread a warm map or append unchanged values; reloads deletions (83.276417ms)
✔ preserves a legacy file when snapshot rename fails (68.021708ms)
✔ recovers an interrupted tail and truncates it before retry (67.906333ms)
✔ rejects corrupted complete ciphertext and preserves it on attempted mutation (62.668541ms)
✔ rejects missing or incomplete first snapshots (50.656708ms)
✔ reloads the actual committed record after an uncertain fsync failure (51.874375ms)
✔ compacts after sustained updates and reloads the latest values (34751.013125ms)
✔ preserves the appended result when compaction rename fails (171.850209ms)
✔ invalidates the cached map after external replacement (66.585834ms)
▶ assetPathNaming
  ✔ builds readable bases with seed and url hash (0.837916ms)
  ✔ sanitizes non-ascii seeds and truncates overly long values (0.128ms)
  ✔ keeps equal-length Chinese actress names on distinct asset seeds (0.231875ms)
  ✔ scopes asset seeds by actress id when provided (0.079083ms)
  ✔ keeps actress id prefix when the readable label is long (0.069166ms)
  ✔ builds distinct gallery paths for equal-length Chinese names and the same url (0.068958ms)
  ✔ builds opaque bases without embedding seed text (0.059667ms)
  ✔ detects opaque encrypted filenames (0.087417ms)
  ✔ derives stable opaque names from plaintext relative paths (0.097125ms)
✔ assetPathNaming (2.219459ms)
▶ AutomaticScanScheduler
  ✔ runs every due library in stable order from independent persisted state (1.168875ms)
  ✔ runs an already-enabled library with no scan history after the startup delay (0.084875ms)
  ✔ calculates each library due time from its own interval and last finished time (0.078166ms)
  ✔ waits one full interval after a library is newly enabled (0.134709ms)
  ✔ skips disabled, rootless and not-yet-due libraries (0.095208ms)
  ✔ runs a due rootless library when it still has deferred cleanup work (0.082542ms)
  ✔ defers while maintenance is busy and rechecks on the next poll (0.074417ms)
  ✔ isolates one library failure and continues the serial due queue (0.161666ms)
  ✔ keeps startup, resume, and every due library globally serial (0.15025ms)
  ✔ uses the resume delay and clears all scheduled work on stop (0.106833ms)
✔ AutomaticScanScheduler (2.600125ms)
▶ AvatarAutoCropMediator
  ✔ resolves automatic crop requests and rejects stale replies (1.139291ms)
  ✔ fails pending automatic crop requests after renderer disconnects (0.103833ms)
  ✔ times out automatic crop requests without accepting a late response (2.502208ms)
  ✔ owns the crop batch token until matching end or disconnect (0.28975ms)
  ✔ rejects a second begin while a crop batch is active (0.342792ms)
✔ AvatarAutoCropMediator (5.07175ms)
✔ creates one lazy snapshot per batch and disposes only its owning token (0.27825ms)
✔ retries failed snapshot creation without poisoning the batch and clears on reinitialization (0.254291ms)
✔ settles disconnected requests despite cleanup failure and retries before allowing another snapshot (0.365541ms)
✔ writes the definition once and keeps total checkpoint bytes near-linear (43299.015208ms)
ℹ {"targets":[1000,2000],"totalWrittenBytes":[409049,822049],"definitionWritesPerJob":1}
✔ reads legacy checkpoints and migrates on the next save without losing targets (19.58975ms)
✔ preserves the last checkpoint when write fails and retries safely (29.000375ms)
✔ preserves the last checkpoint when sync fails and retries safely (28.278041ms)
✔ preserves the last checkpoint when rename fails and retries safely (33.908792ms)
✔ keeps the old definition on failed replacement and prunes unused manifests after commit (56.363917ms)
✔ refuses missing, tampered or mismatched manifests instead of treating the job as absent (20.13625ms)
✔ stops the queue on checkpoint failure and resumes from the durable cursor without skipping work (37.673833ms)
✔ rejects damaged cursor and total fields without deleting the checkpoint (20.538ms)
✔ reloads actual disk state and retains the manifest after replace directory-sync failure (25.126833ms)
✔ reloads actual disk state and retains the manifest after clear directory-sync failure (18.419083ms)
✔ does not report committed saves or clears as failed when manifest cleanup cannot enumerate (22.935375ms)
✔ executes real read-only tag queries and observes writes through the worker cache (233.466416ms)
✔ rejects a changed catalog version at worker startup without migration (451.939ms)
✔ settles in-flight initialization and queued requests when disposed (464.804292ms)
✔ counts merged subscribers toward capacity, normalizes keys, and clones each successful result (2.579709ms)
✔ serializes different revisions and keeps a folded expanding query valid in the payload (0.214292ms)
✔ rejects old generation on identity change and waits for termination (4.601834ms)
✔ rejects old generation on path change and waits for termination (0.423667ms)
✔ removes queued aborts but retains an executing slot after all subscribers abort (0.37825ms)
✔ one subscriber abort does not cancel another or retain its signal listener (0.1755ms)
✔ rejects all accepted on startup timeout, without retry or overlapping workers (14.962416ms)
✔ rejects all accepted on query timeout, without retry or overlapping workers (16.502709ms)
✔ rejects all accepted on exit, without retry or overlapping workers (0.353167ms)
✔ rejects all accepted on error, without retry or overlapping workers (0.498916ms)
✔ rejects all accepted on protocol error, without retry or overlapping workers (0.653667ms)
✔ dispose closes admission immediately and waits for a running termination (0.750042ms)
✔ fails closed if termination rejects and rejects requests waiting for replacement (0.635542ms)
✔ rejects invalid queries before creating a worker and contains factory/post failures (0.281125ms)
✔ bounds subscribers while termination is pending and supersedes a waiting generation (1.5735ms)
✔ does not launch work after repeated queued cancellations before ready (1.463541ms)
✔ contains unexpected messages and dispose drains an already-started replacement barrier (0.146209ms)
✔ expires waiting subscribers and frees capacity while native termination remains pending (0.983917ms)
✔ keeps independent waiting deadlines for coalesced subscribers and clears them at execution (0.128625ms)
✔ never executes a page whose only subscriber expired before ready (0.063458ms)
▶ CheckpointedSequentialBatchQueue
  ✔ persists checkpoints, pauses, and resumes from the next index (1.846625ms)
  ✔ discards a paused job without running (0.192083ms)
  ✔ cancels a running job and clears the checkpoint (3.419375ms)
  ✔ recycles the scrape browser after each configured target interval (6.736166ms)
  ✔ rejects an invalid run plan without leaving a resumable checkpoint (0.344167ms)
  ✔ discards a corrupt checkpoint when run planning throws (0.136875ms)
✔ CheckpointedSequentialBatchQueue (13.215458ms)
▶ classificationDeletionService
  ✔ previews and deletes a director while recalculating links and preserving videos/resources (333.883208ms)
  ✔ deletes an unlinked director with a zero impact (491.828875ms)
  ✔ rolls back director unlinking and skips image cleanup when deletion fails (488.880875ms)
  ✔ previews and deletes a series while recalculating videos and detaching direct children (523.21975ms)
  ✔ deletes an unlinked childless series with a zero impact (641.930125ms)
  ✔ rolls back series relations and reports image cleanup failure only after commit (497.655667ms)
✔ classificationDeletionService (2978.140333ms)
▶ classification director query and maintenance services
  ✔ keeps real same-name directors as separate stable identities and exposes candidate differences (436.480916ms)
  ✔ maintains the complete profile without changing identity or video relations (455.665625ms)
  ✔ validates calendar dates and career ranges transactionally (398.910917ms)
  ✔ searches aliases and supports only count or update sorting in both directions (443.751709ms)
✔ classification director query and maintenance services (1736.031042ms)
▶ classificationImageService
  ✔ imports local and remote images as owned assets and cleans a replaced image after commit (507.655084ms)
  ✔ copies an associated video cover instead of adopting the video asset (551.285833ms)
  ✔ stores a director portrait and compensates its replacement when the database update fails (546.500666ms)
  ✔ keeps the stored image when a remote download fails (683.727209ms)
  ✔ cleans the latest replaced image when a remote update finishes after another edit (477.242208ms)
  ✔ commits replacement and reports a post-commit cleanup failure (496.211625ms)
✔ classificationImageService (3263.401542ms)
▶ classification organization query and maintenance services
  ✔ shares one organization profile across role lists and searches its aliases (506.773459ms)
  ✔ sorts only by video count or update time in either direction (519.34975ms)
  ✔ treats SQL LIKE metacharacters in organization searches as literal text (472.171417ms)
  ✔ keeps stable identity and video links when editing the complete profile (594.271917ms)
  ✔ rejects parent cycles without partially changing the profile (470.310166ms)
  ✔ creates an organization inline, registers the role, and retains zero-video roles (472.723334ms)
  ✔ rolls back profile fields when a name is owned by another organization (459.373625ms)
✔ classification organization query and maintenance services (3495.926333ms)
▶ classification series query and maintenance services
  ✔ maintains a stable complete profile and projects its local video coverage (505.38975ms)
  ✔ enforces normalized name ownership inside the owner scope only (658.410708ms)
  ✔ preflights every name when moving to another owner scope and rolls back on conflict (482.16275ms)
  ✔ rejects self and descendant parents without partially changing the series (422.476083ms)
  ✔ searches aliases, identifies same-name candidates, and sorts in either direction (511.0345ms)
  ✔ creates an unowned series inline and validates lifecycle years (445.670458ms)
✔ classification series query and maintenance services (3026.134375ms)
▶ directorMergeService
  ✔ merges source data into an explicit target while preserving target conflicts (592.874292ms)
  ✔ adopts the source portrait only when the target has no formal portrait (428.291083ms)
  ✔ rolls back target fields and video relations when the database transaction fails (482.183042ms)
  ✔ commits the merge and reports source portrait cleanup failure (317.678333ms)
  ✔ rejects using the same director as target and source (507.510791ms)
✔ directorMergeService (2329.482584ms)
▶ external link service
  ✔ accepts only bounded HTTP and HTTPS links (0.309ms)
✔ external link service (0.592167ms)
▶ legacy media-library settings bootstrap
  ✔ keeps native V14 config defaults when a fresh database has no legacy evidence (5.439958ms)
  ✔ imports roots, cleanup work, and typed configuration into the default library once (3.2765ms)
  ✔ freezes an online legacy cleanup root identity before making the work active (9.538916ms)
  ✔ keeps parent and child legacy paths but enables only the first non-overlapping set (21.7415ms)
  ✔ keeps realpath aliases but enables only one physical legacy root (16.383917ms)
  ✔ keeps app-level scraper and cover preferences after import and repeated startup cleanup (2.993958ms)
  ✔ keeps inferred roots and links source-managed resources to the deepest matching root (3.625542ms)
  ✔ imports the last scan summary and its managed unrecognized-file snapshot (3.076375ms)
  ✔ preserves a standalone unrecognized snapshot through a synthetic legacy scan run (2.943417ms)
  ✔ keeps an older safe snapshot separate from a newer failed scan summary (2.699208ms)
  ✔ retries JSON cleanup without importing database rows twice (2.9565ms)
  ✔ rolls back every database change and skips JSON cleanup when import fails (3.787166ms)
✔ legacy media-library settings bootstrap (79.012958ms)
▶ LibraryCurator lifecycle
  ✔ releases its own runs without disposing the application AgentExecution (1.472167ms)
✔ LibraryCurator lifecycle (1.847208ms)
✔ uses the indexed journal cursor for a curator snapshot (0.486ms)
▶ libraryPathCleanupService
  ✔ previews only resources owned by the selected library and root (680.335667ms)
  ✔ previews and safely cleans a disabled root including pending and diagnostic rows (437.802292ms)
  ✔ confirms with the current revision and queues an identity snapshot without deleting data (416.934625ms)
  ✔ rejects a confirmation when scan-owned resources changed after preview without a revision bump (554.834917ms)
  ✔ removes and promotes resources only inside the confirmed library and root (620.193042ms)
  ✔ lets a cleanup-only scan consume the last removed root without touching another library (630.846083ms)
  ✔ recovers an offline legacy cleanup intent when a later full scan sees the root online (429.06675ms)
  ✔ keeps an overlapping legacy cleanup root waiting during a later full scan (370.312375ms)
  ✔ keeps an overlapping parent legacy cleanup root waiting during a later full scan (395.457791ms)
  ✔ keeps a realpath-alias legacy cleanup root waiting across libraries (450.86925ms)
  ✔ fails closed when a confirmed root is offline (468.846666ms)
  ✔ fails closed when the path now resolves to a replacement directory (436.844542ms)
  ✔ cancels a failed removal into a disabled, archiveable root without deleting records (361.1515ms)
  ✔ completes a confirmed cleanup after an unrelated library configuration edit (386.782292ms)
  ✔ rolls back resource removal, promotion, root state, and job completion together (389.025875ms)
✔ libraryPathCleanupService (7030.279ms)
▶ normalizeTranslationOutput
  ✔ strips fenced and quoted model output (0.359709ms)
✔ normalizeTranslationOutput (0.693542ms)
▶ MediaAssetStore
  ✔ coalesces encrypted thumbnails, isolates size variants and preserves original preview bytes (152.539875ms)
  ✔ checks plain and decrypted image pixels before caching and recovers after replacement (108.496292ms)
  ✔ retains cancelled active slots until file read settles (88.59425ms)
  ✔ retains cancelled active slots until file close settles (97.801333ms)
  ✔ retains cancelled active slots until file metadata settles (128.017542ms)
  ✔ rejects oversized plain and encrypted files before opening or decrypting them (62.932625ms)
  ✔ does not merge a post-invalidation request into the old pending read (32.276625ms)
  ✔ shares a cold encrypted read and decryption across concurrent requests without sharing cancellation (67.287209ms)
  ✔ does not return cached bytes when cancelled while the hot-path stat is pending (36.482834ms)
  ✔ does not reuse the same relative cache key after the asset root changes (69.965916ms)
  ✔ rejects a changed file during reading without caching its old bytes (47.839792ms)
  ✔ serves hot plaintext and encrypted images without rereading or decrypting their bytes (101.523292ms)
  ✔ reloads replaced files even with restored mtime and rejects deleted files before using cache (68.305125ms)
  ✔ does not repopulate explicitly invalidated cache from a pending read (39.950125ms)
  ✔ retains read slots while cancelled encrypted requests wait for native crypto completion (111.946ms)
  ✔ cancels queued reads before opening files and keeps active slots until reads settle (94.936625ms)
downloadAvatar failed: Bad Avatar https://example.test/avatar.html response is not a usable image
Failed to delete media asset: covers/TEST-002_677b21cc.jpg Error: file is locked
    at FailingCleanupStore.delete (/Users/nut/Project/JavdexLabs/Javdex/src/main/services/mediaAssetStore.test.ts:936:15)
    at FailingCleanupStore.deleteImmediateBestEffort (/Users/nut/Project/JavdexLabs/Javdex/src/main/services/mediaAssetStore.ts:449:12)
    at FailingCleanupStore.finishCoordinatedChange (/Users/nut/Project/JavdexLabs/Javdex/src/main/services/mediaAssetStore.ts:561:52)
    at <anonymous> (/Users/nut/Project/JavdexLabs/Javdex/src/main/services/mediaAssetStore.ts:527:14)
    at AsyncLocalStorage.run (node:internal/async_local_storage/async_context_frame:63:14)
    at FailingCleanupStore.runCoordinatedChange (/Users/nut/Project/JavdexLabs/Javdex/src/main/services/mediaAssetStore.ts:504:31)
    at FailingCleanupStore.coordinateDatabaseChange (/Users/nut/Project/JavdexLabs/Javdex/src/main/services/mediaAssetStore.ts:465:17)
    at <anonymous> (/Users/nut/Project/JavdexLabs/Javdex/src/main/services/mediaAssetStore.test.ts:941:37)
    at getActual (node:assert:611:5)
    at strict.doesNotThrow (node:assert:779:32)
  ✔ serves plain and encrypted images asynchronously without synchronous file reads (134.043ms)
  ✔ reads plain and encrypted images and reports a stable plaintext fingerprint (87.934333ms)
  ✔ rejects stored paths that escape the media root (7.763375ms)
  ✔ exposes bootstrap and layout paths under the media root (34.1595ms)
  ✔ encrypts a stored plain asset and lists it under stable subdirectories (99.94625ms)
  ✔ decrypts a stored encrypted asset back to its plain relative path (137.934667ms)
  ✔ compensates newly-created resources when the database operation fails (41.108542ms)
  ✔ compensates newly imported cover and sample files when a database operation fails (78.741708ms)
  ✔ compensates newly imported playlist covers when a database operation fails (57.1145ms)
  ✔ compensates async downloads when the database operation fails (55.749375ms)
  ✔ rejects unusable local image imports instead of storing them (15.771ms)
  ✔ rejects unusable avatar downloads instead of storing them (4.364209ms)
  ✔ keeps an existing download when replacing the same URL later rolls back (56.003959ms)
  ✔ keeps an existing avatar source when importing the same bytes later rolls back (54.516167ms)
  ✔ deletes obsolete resources only after the database operation succeeds (54.416125ms)
  ✔ uses distinct paths for avatar display replacements created in the same millisecond (64.105125ms)
  ✔ discards newly created resources marked obsolete in the same coordinated change (53.926416ms)
  ✔ promotes nested created resources so a parent rollback can compensate them (46.683833ms)
  ✔ defers nested obsolete deletes of pre-existing files until the parent commits (72.922667ms)
  ✔ keeps nested obsolete pre-existing files when the parent rolls back (40.056792ms)
  ✔ does not leak nested create-then-obsolete files when the parent rolls back (44.237959ms)
  ✔ runInCoordinatedChange joins an active parent instead of nesting (49.061083ms)
  ✔ keeps isolated coordinated creates when an outer parent later rolls back (52.85175ms)
  ✔ keeps independent root work when an awaited outer coordinated change fails (47.966917ms)
  ✔ keeps relocation exclusive with coordinated and direct media mutations (50.78875ms)
  ✔ keeps relocation exclusive with a stable read lease (3.76525ms)
  ✔ keeps caller registrations off an un-awaited nested async coordinated change (71.296791ms)
  ✔ does not turn a post-commit cleanup failure into a database failure (57.959584ms)
✔ MediaAssetStore (2886.169084ms)
✔ reads empty, exact-budget and multi-chunk files without using readFile (32.889625ms)
✔ rejects oversize before reading and closes the opened handle (17.672083ms)
✔ rejects grow during reading and closes the handle (25.969125ms)
✔ rejects truncate during reading and closes the handle (20.785583ms)
✔ rejects cancel during reading and closes the handle (16.318958ms)
✔ rejects io-error during reading and closes the handle (11.222958ms)
✔ does not open an already cancelled request (15.69875ms)
✔ closes the handle on cancel-after-open before allocating body bytes (16.423584ms)
✔ closes the handle on stat-error before allocating body bytes (16.296583ms)
✔ closes the handle on directory before allocating body bytes (15.815417ms)
✔ reads PNG/WebP metadata and never follows TIFF offsets outside its chunk (0.801083ms)
✔ inspects all served formats without decoding pixels (30.298292ms)
✔ rejects a tiny encoded image with an oversized canvas and accepts the exact boundary (1.390167ms)
✔ rejects corrupt and unsupported image headers (13.278084ms)
✔ inspects the single-frame canvas of real animated GIF and WebP inputs (2.486458ms)
✔ waits for metadata completion when cancelled and destroys the reader (1.087833ms)
✔ shares a read while one consumer cancels and preserves independent result buffers (1.153125ms)
✔ drains the last cancelled consumer without deleting a newer flight under the same key (0.258625ms)
✔ fans out failures and permits a fresh attempt (0.186708ms)
✔ aborts the underlying work only after all consumers cancel and drains the final slot (0.165084ms)
✔ defaults to four active reads and 256 queued requests with reusable cancellation capacity (3.1495ms)
✔ bounds active and queued reads, removes cancelled work and releases capacity after failures (0.181916ms)
✔ does not free an active slot before an aborted reader actually settles (0.137875ms)
✔ preserves aspect ratio, respects orientation and does not enlarge small images (28.286542ms)
✔ makes a single static thumbnail from an animated image (2.222875ms)
✔ retains two decode slots until native work settles after cancellation (3.195125ms)
▶ media-library service
  ✔ validates an explicitly configured create-time video scraper before persistence (1.046583ms)
  ✔ allows unrelated config edits with a stale stored scraper but validates explicit changes (0.089166ms)
  ✔ runs the root-migration commit through the shared resource-maintenance gate (0.064208ms)
  ✔ runs every root mutation through the scan-shared maintenance gate (0.1395ms)
  ✔ preserves root continuity validation errors through service mutation gates (0.074209ms)
  ✔ serializes library and config lifecycle mutations with resource writes (0.117834ms)
  ✔ cannot archive through the service while an asynchronous resource write owns the gate (0.128792ms)
✔ media-library service (2.217458ms)
▶ mediaProtocol
  ✔ forwards a finite variant and rejects invalid size without reading (19.804916ms)
  ✔ returns 413 for oversized images with an empty HEAD body (0.744166ms)
  ✔ awaits the image reader and forwards cancellation while serving GET and HEAD (0.332ms)
  ✔ skips reads for preflight and forbidden paths, and distinguishes busy from missing (0.465875ms)
  ✔ resolves media URLs under the asset root (0.072625ms)
  ✔ rejects path traversal outside the asset root (0.036041ms)
✔ mediaProtocol (21.895334ms)
▶ organizationDeletionService
  ✔ removes only the selected role and recalculates its linked videos at execution time (440.814875ms)
  ✔ rejects removing the final role and leaves all relations unchanged (425.530708ms)
  ✔ blocks role removal and full deletion when they would rewrite a pending video (516.886667ms)
  ✔ fully deletes an organization and detaches every supported relation after a fresh preview (598.642583ms)
  ✔ rejects full deletion when owned series names conflict in the unowned scope (456.144084ms)
  ✔ rolls back full deletion relations and skips image cleanup when deletion fails (357.293041ms)
  ✔ commits full deletion while reporting post-commit image cleanup failures (384.42225ms)
✔ organizationDeletionService (3180.350125ms)
▶ organizationMergeService
  ✔ merges cross-role records and transfers role-specific videos, children, and series (598.205917ms)
  ✔ adopts the source brand image only when the target has none (485.862833ms)
  ✔ preflights publisher transfer business identity collisions before writing (430.403833ms)
  ✔ blocks a merge that would rewrite a pending video relation (542.566125ms)
  ✔ rejects a series name collision in the target scope without changing any relation (482.570459ms)
  ✔ rejects merging an ancestor into a deep descendant (360.759417ms)
  ✔ collapses a direct source-to-target hierarchy and transfers source siblings (297.738208ms)
  ✔ rolls back the profile and every relation when the transaction fails (528.3955ms)
  ✔ commits the merge and reports a brand image cleanup failure (409.220625ms)
  ✔ rejects using the same organization as target and source (428.623584ms)
✔ organizationMergeService (4565.323458ms)
▶ pending resource identity service
  ✔ uses the persisted choice, assigns the resource atomically, and applies only a matching current NFO (511.281834ms)
  ✔ completes resource ownership but does not apply metadata when the current NFO no longer matches (550.232708ms)
  ✔ finishes resource ownership when the current NFO cannot be inspected safely (521.376333ms)
  ✔ keeps the identity pending and creates no formal record when the source fingerprint is stale (428.0275ms)
  ✔ rechecks a STRM target snapshot and leaves the conflict intact when it changes (429.099875ms)
✔ pending resource identity service (2440.649667ms)
▶ PlayerService
  ✔ opens and reveals a local resource through system file operations (2.432667ms)
  ✔ opens a STRM target externally but reveals its local source file (0.110625ms)
  ✔ opens the primary direct resource with the system URL handler (0.109333ms)
  ✔ reports a system open failure and does not try another resource (0.149792ms)
  ✔ hands Magnet resources to the registered system protocol handler (0.072959ms)
  ✔ rejects every playback and reveal entry point before reading an archived or missing library (0.077041ms)
  ✔ opens and reveals only resources that belong to the selected library (5.783584ms)
✔ PlayerService (9.177166ms)
▶ playlist import browser navigation guard
  ✔ requires DOM-backed terminal reasons to carry a selector and pass host verification (0.934666ms)
  ✔ accepts known-total terminal evidence only when the checkpoint declares a total (0.070416ms)
  ✔ accepts a virtual first window only after a settled host-owned reset to the top (0.057292ms)
  ✔ revalidates terminal or link evidence in the final dynamic window before sealing (0.075125ms)
  ✔ alternates virtual scrolling with frozen load-more actions before sealing (0.046209ms)
  ✔ defers bottom-only advance validation until a virtual page reaches its terminal view (0.042834ms)
  ✔ waits for a quiet window after every asynchronous load-more change (0.051166ms)
  ✔ restarts the quiet window when a temporary dynamic expansion rolls back (0.038417ms)
  ✔ classifies foreground retry failures without treating them as restart recovery (0.201292ms)
✔ playlist import browser navigation guard (1.916208ms)
▶ playlist importer browser guidance
  ✔ prefers structured reads while leaving page semantics and interaction to the agent (0.364292ms)
  ✔ hands page semantics to the agent and prioritizes user-only blockers (0.086875ms)
  ✔ extracts a first-page playlist name only from reliable page evidence (0.082458ms)
  ✔ requires every newly opened static page to be inspected and checkpointed before advancing again (0.056708ms)
  ✔ distinguishes checkpoint evidence from status artifacts and explains terminal selectors (0.09575ms)
✔ playlist importer browser guidance (1.07175ms)
▶ PlaylistImportModule interface
  ✔ returns an initial browser handoff projected during the first agent dispatch (6.4505ms)
  ✔ persists the import job before the run driver can project bootstrap observations (3.610958ms)
  ✔ returns immediately after accepting one run and replays the same start idempotently (4.413625ms)
  ✔ allows only one foreground import session at a time (3.963625ms)
  ✔ rejects invalid start targets before creating an Agent run (2.927292ms)
  ✔ includes write options in the idempotent frozen input (3.117625ms)
  ✔ rejects one idempotency key reused for different frozen input (2.992916ms)
  ✔ cancels pre-apply work without creating an empty playlist (4.213666ms)
  ✔ preserves a retryable recovery failure when apply invalidates after identity review (7.010917ms)
  ✔ retries a recoverable apply error after the target library becomes active again (5.572125ms)
  ✔ dispatches a same-session retry for a retryable discovery checkpoint (4.444083ms)
  ✔ clears a missing page checkpoint before dispatching a same-session retry (3.864209ms)
  ✔ coalesces concurrent retries with the same idempotency key before recovery side effects (3.809917ms)
  ✔ keeps discovery retry state in the foreground session instead of the durable product journal (3.835084ms)
  ✔ applies a foreground retry atomically without reserving a durable retry result (5.231208ms)
  ✔ discards a browser session when driver creation fails before persistence (2.823458ms)
✔ PlaylistImportModule interface (68.903375ms)
▶ PlaylistImportRepository
  ✔ keeps all import staging in the current SQLite connection only (5.8025ms)
  ✔ rejects credential-bearing source and detail URLs before staging them (0.489208ms)
  ✔ removes sensitive detail URL credentials and requires explicit user identity handling (6.949833ms)
  ✔ accepts a checkpoint after a source redirects between www and apex host variants (4.33925ms)
  ✔ fails an empty external list without creating an empty playlist (4.07375ms)
  ✔ fails discovery when the frozen run exceeds its wall-clock safety budget (4.090083ms)
  ✔ checkpoints every page before atomically creating/reusing videos and a new playlist (5.861042ms)
  ✔ assigns stable unique page order when numbered pagination rediscoveries overlap (4.421375ms)
  ✔ fails self-referential and A-to-B-to-A static pagination as PAGINATION_LOOP (5.245084ms)
  ✔ keeps legal duplicate pages when their concrete pagination frontiers differ (4.62175ms)
  ✔ fails a sealed dynamic page whose next URL only loops to an existing frontier (4.165041ms)
  ✔ keeps a declared page-total mismatch retryable and accepts a corrected checkpoint (4.231167ms)
  ✔ rejects a conflicting nonterminal page before sealing it and completes after correction (5.262125ms)
  ✔ restarts from the source when only the terminal page proves earlier totals wrong (8.500958ms)
  ✔ uses the first-page Agent suggestion when the user leaves the new playlist name empty (4.386042ms)
  ✔ keeps existing playlist links and deduplicates the source playlist URL when enabled (4.543666ms)
  ✔ falls back to the existing host-and-date name when the Agent returns no name (4.842416ms)
  ✔ does not let an Agent suggestion rename an append target (3.995666ms)
  ✔ skips unmatched items and omits detail links when both write options are disabled (3.884542ms)
  ✔ reuses a unique code match created after an auto-create-disabled preview (4.944167ms)
  ✔ persists target-library and target-playlist failures instead of leaving apply retry loops (5.962958ms)
  ✔ counts external convergence separately from videos already present before apply (4.917167ms)
  ✔ keeps multiple global code matches in the detail phase even when one is in the target library (4.264791ms)
  ✔ reuses a unique exact code discovered only on the detail page (4.352583ms)
  ✔ sends conflicting list and detail codes to user review without discarding list candidates (5.28425ms)
  ✔ rejects a stale direct-code decision when a duplicate appears before apply (4.914834ms)
  ✔ reopens identity resolution when another video claims the detail URL before apply (5.307917ms)
  ✔ returns target-library tiebreaks to identity review when memberships become stale (4.881875ms)
  ✔ persists an unexpected transactional apply failure and retries it atomically (6.411ms)
  ✔ lets a unique strong detail match override the target library preference (4.300416ms)
  ✔ uses a canonical www detail link as a strong owner signal without duplicating it (4.18775ms)
  ✔ requires user review when independent strong detail signals conflict (4.368125ms)
  ✔ keeps a source owner outside the code candidates and blocks target-library tiebreaking (4.974375ms)
  ✔ invalidates the preview when a new source owner appears before apply (5.330667ms)
  ✔ treats source external-code and source-URL evidence as independent signals (5.441ms)
  ✔ does not use the target library when complete business identity contradicts known candidates (4.8815ms)
  ✔ waits for the user when detail signals leave multiple cross-library candidates (4.791ms)
  ✔ replays an identical page checkpoint and makes changed content recoverable (4.01ms)
  ✔ makes a changed replay of a dynamic operation recoverable without duplicating the batch (4.461ms)
  ✔ rolls a changed sealed dynamic page back with downstream frontiers and orphan items (96.769375ms)
  ✔ rejects a playlist name submitted after the first logical page (3.229292ms)
  ✔ persists and resumes a browser handoff without losing the current list frontier (4.528042ms)
  ✔ fails an expired browser handoff before persisting a resume checkpoint (2.988375ms)
  ✔ checkpoints overlapping virtual windows before sealing a continuous list (5.489667ms)
  ✔ persists host-owned load-more batches and seals only after the control disappears (4.5015ms)
  ✔ persists load-more no-progress and fails instead of retrying the same action (4.369125ms)
  ✔ fails the run instead of truncating a source that declares totals above the safety budget (3.33525ms)
  ✔ fails and rolls back a dynamic window above the per-batch candidate budget (4.33ms)
✔ PlaylistImportRepository (318.327666ms)
▶ PlaylistImportAgentRunDriver scripted browser integration
  ✔ dispatches the conversation before the agent opens the frozen source page (6.222833ms)
  ✔ hands an initial challenge to the user through the agent browser tool (4.028542ms)
  ✔ requires the domain advance tool to claim a pending page before checkpointing it (8.070208ms)
  ✔ lets the agent choose how to return to frozen work after a handoff (3.759167ms)
  ✔ lets the agent hand a login page to the user immediately (3.178208ms)
  ✔ pauses for human verification when host-owned detail navigation hits a challenge (4.312833ms)
  ✔ replays a committed static page checkpoint after its response is lost (4.7325ms)
  ✔ replays a committed detail checkpoint after its response is lost (5.186667ms)
  ✔ restarts the changed dynamic page from its inbound frontier on product retry (4.856084ms)
  ✔ restarts a dynamic page with corrected declared totals after one product retry (7.993209ms)
  ✔ records an evidence-backed unsupported pagination report as an explicit terminal error (3.383708ms)
  ✔ requires a page checkpoint before advancing away from the current list page (3.9715ms)
  ✔ keeps a missing page checkpoint agent-correctable instead of locking the tool host (4.50825ms)
  ✔ does not expose status artifacts as eligible page-checkpoint evidence (3.294625ms)
  ✔ inspects an automatic login redirect but still rejects a checkpoint from it (3.235083ms)
  ✔ checkpoints a finite recycled virtual list without gaps and binds evidence to every view (6.044875ms)
  ✔ normalizes a one-based stable position attribute into a continuous virtual list (6.562ms)
  ✔ backtracks to the last anchor and halves the step when variable heights skip a window (6.261792ms)
  ✔ combines virtual scrolling with host-owned load-more and checkpoints the expanded window (1006.818458ms)
  ✔ retries a stalled virtual window once, then fails when it still cannot progress (4.700458ms)
✔ PlaylistImportAgentRunDriver scripted browser integration (1101.806875ms)
▶ playlistImportRecoverableToolFailure
  ✔ keeps only same-session timeout and changed-source failures retryable (0.153583ms)
✔ playlistImportRecoverableToolFailure (0.18575ms)
▶ PlaylistImporter ToolPack
  ✔ exposes static-page, virtual-window and detail checkpoints through one least-privilege pack (1.054542ms)
  ✔ lets the agent inspect and operate the same-site browser (0.244708ms)
  ✔ binds every declaration to a production handler (0.081916ms)
  ✔ accepts one optional page-evidenced name on the page checkpoint (0.060125ms)
  ✔ requires a mechanically verifiable terminal contract (0.053792ms)
  ✔ describes static pagination as navigation followed by a new page checkpoint (0.069083ms)
  ✔ makes checkpoint evidence eligibility and terminal selector semantics explicit (0.21025ms)
✔ PlaylistImporter ToolPack (2.152917ms)
▶ playlistService media asset seam
  ✔ creates a playlist cover through MediaAssetStore and cleans it on delete (541.874292ms)
  ✔ deletes the previous cover only after a successful cover replacement (496.373542ms)
✔ playlistService media asset seam (1038.701709ms)
▶ PluginBrowserCapabilityModule
  ✔ uses action-specific result budgets (0.709541ms)
  ✔ inlines complete small page-fact sections instead of keeping an oversized snapshot (43.113959ms)
  ✔ omits an oversized page-fact section as a whole and never returns a prefix (29.501791ms)
  ✔ returns an omitted artifact section through bounded cursor pages (87.981417ms)
  ✔ keeps every omitted delta section readable from the same artifact (47.5385ms)
  ✔ returns valid artifact sections and a catalog recovery action for an unknown section (27.790125ms)
  ✔ rejects read-section paths outside the browser artifact directory (4.066541ms)
  ✔ keeps a small localeLinks section when snapshot and content links are omitted (41.964209ms)
  ✔ hides oversized artifact string segments behind read-section pagination (50.920792ms)
  ✔ returns every captured page-fact item when the complete observation fits (20.076333ms)
  ✔ keeps the hard transport limit even when the page has unusually many fact sections (456.982125ms)
  ✔ marks evidence incomplete only when the complete page evidence was actually capped (23.994625ms)
  ✔ returns occurrence-aware ARIA and top-level page-fact deltas for one document (31.933833ms)
  ✔ treats a scroll view revision as a full observation and invalidates prior refs (44.045209ms)
  ✔ records a newly appeared pageFacts section after fill without throwing (43.152792ms)
  ✔ falls back explicitly to the artifact when a complete delta exceeds its budget (60.756166ms)
  ✔ isolates baselines by session and resets them when a lease is released (30.049125ms)
  ✔ unwraps evaluate values that were unnecessarily JSON-stringified (21.800708ms)
  ✔ keeps a successful action pending result successful and compact (33.946583ms)
  ✔ redacts typed text from the stored artifact (25.045542ms)
✔ PluginBrowserCapabilityModule (1126.696958ms)
▶ PluginDeveloper approval and lifecycle stability
  ✔ restores a legacy run with newly-invalid field ids as a repairable workspace (174.441667ms)
  ✔ clears every durable plugin-development history without touching other Agent use cases (48.848125ms)
  ✔ refuses to clear history while a plugin-development operation is running (0.576709ms)
  ✔ discards unrecoverable plugin-development history without touching recoverable runs (95.584167ms)
  ✔ waits for a slow terminal release before an immediate continuation reopens the run (1.332208ms)
  ✔ materializes a terminal workspace before lazy continuation projects native file tools (153.361917ms)
  ✔ projects Pi native file tools into the durable product timeline (143.326917ms)
  ✔ records exactly one domain error when a runtime fault transitions the run to failed (0.850542ms)
  ✔ surfaces an unpersistable runtime fault and resolves the active operation (0.426292ms)
  ✔ publishes the reduced active context immediately after Pi compaction (0.247583ms)
  ✔ keeps a transient invalid workspace recoverable and resyncs after a valid rewrite (144.877042ms)
  ✔ streams provider reasoning and answer while persisting each only once per completed turn (70.85125ms)
  ✔ bounds one displayed reasoning block and reports the original character count (2.072167ms)
  ✔ revokes an approved permit when Pi rejects the approval continuation (0.224959ms)
  ✔ does not consume an approval while the operation that emitted waiting_user is still settling (0.146541ms)
  ✔ binds a typed choice to the exact request without treating it as user feedback (614.409083ms)
  ✔ resumes a typed browser interaction without turning completion into defect feedback (0.315709ms)
  ✔ keeps a mechanically ready artifact waiting for user after Pi settles (146.703667ms)
  ✔ requires real feedback before continuing a mechanically ready artifact (171.9275ms)
  ✔ keeps readiness for dev-notes edits but invalidates it for package edits (197.669917ms)
  ✔ does not run hidden production execution when Pi settles without a current artifact (176.888334ms)
  ✔ projects a model-turn limit into waiting_user/working without running a hidden check (166.462375ms)
  ✔ allows installation only for the exact full production execution artifact (0.417334ms)
  ✔ marks the session completed only after the accepted artifact is installed (0.284333ms)
  ✔ adopts the installed display name when install renames to avoid a conflict (149.268292ms)
  ✔ persists the renamed installed package onto settled product state (163.815625ms)
  ✔ releases only PluginDeveloper-owned runs during application disposal (0.234209ms)
✔ PluginDeveloper approval and lifecycle stability (2626.707667ms)
✔ uses the indexed journal cursor for active and persisted plugin snapshots (0.407292ms)
✔ preserves incremental logs across stale-runtime cancellation, cold snapshot, restore and export (1461.828583ms)
✔ keeps the migrated work log reference when runtime reopen fails during recovery (323.585583ms)
✔ retries closed workspaces with intact or corrupted state without rewriting diagnostic data (482.705542ms)
✔ serializes cleanup admission and drains safely: {"initial":"clear","fail":false,"dispose":true} (436.26775ms)
✔ serializes cleanup admission and drains safely: {"initial":"discard","fail":true,"dispose":true} (549.863167ms)
✔ serializes cleanup admission and drains safely: {"initial":"clear","fail":true,"dispose":false} (464.72525ms)
▶ PluginExecutionModule
  ✔ passes only the typed actress runtime identity and preserves production facts (19.823917ms)
  ✔ records rejected production results without adding semantic issue classifications (12.913125ms)
  ✔ does not accept undefined or runtime-only output as a material production result (21.136791ms)
  ✔ does not accept a video source link without any material scraped field (15.856167ms)
  ✔ treats a full empty contract return as unmatched targets, not a broken shape (0.149917ms)
✔ PluginExecutionModule (70.590917ms)
▶ PluginRunAcceptanceModule
  ✔ accepts an exact full production artifact without judging content or manifest coverage (1.915042ms)
  ✔ keeps readiness when only the plugin display name changes (0.147ms)
  ✔ rejects targeted, stale package, stale target, stale runtime, and failed execution artifacts (0.276334ms)
  ✔ never accepts a vacuous full execution with no session targets or cases (0.083084ms)
  ✔ treats a successful proper-subset run as wrong_scope, not execution_failed (0.069166ms)
  ✔ keeps execution_failed when a targeted subset itself failed (0.067292ms)
✔ PluginRunAcceptanceModule (2.982167ms)
▶ PluginWorkspaceModule
  ✔ starts create mode without a requested or predeclared field set (0.9595ms)
  ✔ materializes a Pi-native file workspace and rebuilds a normalized package (132.908292ms)
  ✔ treats workspace files as authoritative and changes the artifact hash after an edit (166.080375ms)
  ✔ keeps Pi dev notes outside the plugin artifact and preserves them across instruction refreshes (225.069583ms)
  ✔ atomically records completed execution facts and the current acceptance projection (166.445042ms)
  ✔ updates current acceptance without overwriting the latest execution facts (162.387166ms)
  ✔ does not reinterpret a removed workspace field declaration as all fields (130.804541ms)
  ✔ refreshes v4 host resources without overwriting the draft or decisions (239.697667ms)
  ✔ preserves same-kind legacy targets only when current input has none (253.417917ms)
  ✔ keeps current instruction resources frozen when the workspace is reopened (165.792291ms)
  ✔ preserves an older frozen instruction set while restoring an existing run (163.660417ms)
✔ PluginWorkspaceModule (1807.890791ms)
✔ awaits asynchronous removal without recursively deleting through the synchronous API (24.533541ms)
▶ PluginDevInstructionModule
  ✔ keeps the system prompt limited to identity, workspace and host boundaries (0.53625ms)
  ✔ makes javdex-plugin-dev the only owner of the development workflow (2.261209ms)
  ✔ orders page-level search and detail code checkpoints for video and actress skills (0.520458ms)
  ✔ generates isolated result contracts and workflow examples for each plugin kind (0.586041ms)
  ✔ marks field documentation as a query table rather than an implementation checklist (0.12275ms)
  ✔ preserves a resolved choice and reassesses the remaining blocker (0.0655ms)
  ✔ resumes a completed browser handoff from the interrupted location (0.034625ms)
  ✔ uses the host initial dry-run in debug mode without requesting a duplicate run (0.112375ms)
  ✔ starts create from the Skill instead of a five-file reading ritual (0.089083ms)
  ✔ generates stable v1 resources for identical inputs (0.386667ms)
  ✔ applies user feedback without manufacturing an extra development round (0.043042ms)
  ✔ treats the resume button as continuation rather than new defect feedback (0.04075ms)
  ✔ exposes only dry-run, typed user input and the browser adapter tools (0.107334ms)
✔ PluginDevInstructionModule (5.454167ms)
▶ PluginDeveloper v1 tool executor
  ✔ rejects removed domain tools (181.997ms)
  ✔ rejects URL-shaped targets without replacing the initial dry-run state (145.162792ms)
  ✔ preserves the prior latest facts while the workspace is temporarily invalid (165.645792ms)
  ✔ adopts the first legal explicit targets immediately and exposes runtime facts (183.859542ms)
  ✔ emits adopted targets before the production runner settles (195.090583ms)
  ✔ replaces session targets after a full unmatched execution (203.785ms)
  ✔ keeps later explicit targets targeted when the last full run was not an empty miss (162.832708ms)
  ✔ uses later explicit targets only for targeted diagnostics (188.252625ms)
  ✔ treats explicit targets that cover the session set as a full run (155.950125ms)
  ✔ allows the fourth and tenth real executions without an attempt limit (246.986792ms)
  ✔ reads an artifact section without acquiring the live browser lease (128.741625ms)
  ✔ maps bounded scroll arguments to the shared browser command (145.6215ms)
  ✔ terminates on browser busy without replacing the initial dry-run state (122.676041ms)
  ✔ does not replace the initial dry-run state when Cloudflare interrupts the run (146.113708ms)
  ✔ preserves the prior latest facts when a real execution is cancelled (142.467334ms)
✔ PluginDeveloper v1 tool executor (2516.1645ms)
▶ plugin developer Cloudflare handoff
  ✔ retains the browser only for browser interaction handoff requests (0.348833ms)
  ✔ recognizes the typed browser challenge signal (0.068875ms)
  ✔ turns browser action=open challenge into an immediate waiting_user handoff (164.402291ms)
  ✔ presents the helper and creates a typed login handoff without running a Playwright action (145.7715ms)
  ✔ returns typed recovery errors for uncertain actions and pending explicit observations (135.953375ms)
✔ plugin developer Cloudflare handoff (447.026667ms)
▶ PluginDeveloper ToolPack v1
  ✔ matches the compact Pi-native schema in stable order (1.108041ms)
  ✔ classifies dry-run, browser reads/interactions and secret typing explicitly (0.093084ms)
  ✔ governs every remaining host capability through permission, abort and ledger (7.540209ms)
✔ PluginDeveloper ToolPack v1 (9.384959ms)
▶ pluginDevAgent workLog
  ✔ records full tool detail and builds an exportable timeline (16.914375ms)
  ✔ never exports a failed terminal state without an error event (0.185458ms)
✔ pluginDevAgent workLog (17.423125ms)
✔ migrates a legacy log once, preserves message/event order, and reads only its committed journal interval (15.494958ms)
✔ rolls back journal appends when product state commit fails and retries without duplicates (1.102959ms)
✔ rejects changed legacy prefixes, shrinking histories, missing rows and malformed references without rewriting data (0.57725ms)
✔ keeps logical state+journal writes linear for 1k, 10k and 100k log entries (4575.06375ms)
ℹ {"results":[{"entries":1000,"stateBytes":110786,"journalBytes":131780},{"entries":10000,"stateBytes":1127788,"journalBytes":1337780},{"entries":100000,"stateBytes":11477790,"journalBytes":13577780}],"scope":"In-memory SQLite logical JSON bytes; outer transaction amortizes test setup. Not WAL/device bytes, fsync latency, UI or cold recovery memory acceptance."}
▶ pluginDevCodeEdit
  ✔ replace_snippet swaps a unique fragment (1.108084ms)
  ✔ replace_snippet rejects non-unique oldText (0.13725ms)
  ✔ replace_snippet picks match nearest nearLine (0.250625ms)
  ✔ replace_function can replace a top-level helper (0.336ms)
  ✔ replace_function rejects re-declaring helper inside parseActress block (0.175625ms)
  ✔ listTopLevelFunctions returns names with line ranges (0.69775ms)
  ✔ findDuplicateTopLevelBindings detects duplicate function names (0.04525ms)
✔ pluginDevCodeEdit (3.143ms)
▶ pluginDevPageFormat
  ✔ formats definition lists and dom regions for prompts (0.412584ms)
  ✔ formats inspect locale anchors without treating them as a language API (0.063083ms)
  ✔ includes link region markers (0.05725ms)
  ✔ builds full page insight prompt (0.173792ms)
  ✔ keeps forms and prioritized links when raw DOM regions are very large (0.467708ms)
✔ pluginDevPageFormat (1.557042ms)
▶ pluginDevService
  ✔ preserves an explicit empty supportedFields list for an undiscovered create draft (5.878916ms)
  ✔ rejects parse result keys used as supportedFields instead of silently dropping them (9.260459ms)
  ✔ wraps generated bare parseVideo functions before dry-run (60.461167ms)
  ✔ reports unrecognized raw result keys before normalization without suggestions (55.863625ms)
  ✔ preserves every normalized video candidate during dry-run (58.488209ms)
  ✔ rejects a video result whose code does not match the requested target (50.02825ms)
  ✔ wraps generated bare parseActress functions before dry-run (52.433708ms)
  ✔ reports legal manifest field ids even when the compatibility projection accepts an empty declaration (59.454583ms)
  ✔ coerces actress numeric and date strings during dry-run (54.464417ms)
  ✔ returns actress identity facts without adding a semantic target rejection (59.504333ms)
✔ pluginDevService (466.976083ms)
✔ coalesces a large burst and flushes the final value without leaking a timer (3.362417ms)
✔ limits continuous progress to ten updates per second plus the final flush (0.42ms)
✔ replaces pending progress with an immediate state and can publish the next state (0.117458ms)
✔ normalizeProxyUrl accepts common proxy schemes (0.407375ms)
✔ normalizeProxyUrl rejects empty and invalid values (0.1635ms)
▶ public HTTP fetch
  ✔ rejects private literals and hostnames resolving to private addresses (3.572125ms)
  ✔ connects to the validated address while preserving the logical host (21.24375ms)
  ✔ validates redirect destinations and caps streamed response bytes (0.771459ms)
  ✔ applies one timeout budget to URL validation and the request (31.651833ms)
  ✔ closes a pending SOCKS connection when the request deadline expires (64.007666ms)
✔ public HTTP fetch (121.870375ms)
▶ resourceLessVideoCleanupService
  ✔ deletes only zero-resource videos and removes their relations and owned images (414.412ms)
  ✔ protects zero-resource videos while any playlist still references them (368.497125ms)
  ✔ counts and cleans assets only after the final guarded delete succeeds (310.976ms)
✔ resourceLessVideoCleanupService (1094.35225ms)
▶ ScrapeJobController
  ✔ flushes and detaches UI progress on rejection before accepting another batch (4.712042ms)
  ✔ coalesces video UI progress while preserving checkpoints and done delivery (22.685375ms)
  ✔ coalesces video UI progress while preserving checkpoints and paused delivery (19.275542ms)
  ✔ coalesces video UI progress while preserving checkpoints and cancelled delivery (16.572334ms)
  ✔ coalesces actress UI progress while preserving checkpoints and done delivery (15.874041ms)
  ✔ coalesces actress UI progress while preserving checkpoints and paused delivery (17.549208ms)
  ✔ coalesces actress UI progress while preserving checkpoints and cancelled delivery (15.485208ms)
  ✔ preserves media-library scope through batch count and start orchestration (0.323208ms)
  ✔ rejects a single-video scrape outside the requesting active media library (0.302792ms)
  ✔ forwards an explicit director choice and returns structured classification outcomes (0.150416ms)
  ✔ serializes single video and actress scrape runs (0.099083ms)
  ✔ pauses an interrupted persisted job during initialization (0.083375ms)
  ✔ recovers an on-disk running checkpoint as paused after restart (77.465042ms)
  ✔ publishes progress and supports pause, resume, and discard for persisted batches (0.605916ms)
  ✔ prevents starting a scrape batch while automatic crop owns the batch lock (0.085917ms)
✔ ScrapeJobController (192.162083ms)
▶ ScraperDelayController
  ✔ starts the next same-site interval after the previous access finishes (23.672166ms)
✔ ScraperDelayController (24.013584ms)
▶ ScraperPluginCatalog
  ✔ restores the configured default after deleting a selected plugin (1.023083ms)
✔ ScraperPluginCatalog (1.651417ms)
▶ ScraperServiceConfiguration
  ✔ keeps scraper service IPC policy behind one application boundary (1.135541ms)
✔ ScraperServiceConfiguration (1.664417ms)
▶ SequentialBatchQueue
  ✔ counts success, pending, and failure as disjoint processed outcomes (1.062333ms)
  ✔ pauses after the current target and resumes from checkpoint (0.214792ms)
✔ SequentialBatchQueue (1.6285ms)
▶ seriesMergeService
  ✔ merges an explicit source into the target and transfers videos and direct children (382.573959ms)
  ✔ adopts the source cover only when the target has no formal cover (368.603541ms)
  ✔ rejects a merged name collision in the final owner scope without changing relations (537.202791ms)
  ✔ rejects a merge that would move an ancestor branch below its descendant (544.426458ms)
  ✔ collapses a direct source-to-target hierarchy without making the target its own parent (522.083125ms)
  ✔ rolls back profile, video, and child changes when the database transaction fails (403.497042ms)
  ✔ commits the merge and reports an obsolete source cover cleanup failure (512.032375ms)
  ✔ rejects using the same series as target and source (527.475917ms)
✔ seriesMergeService (3798.630958ms)
✔ reuses canonical query pages, isolates caller mutations, and invalidates local and external writes (425.839208ms)
✔ bypasses cached pages inside transactions and never publishes data that is rolled back (376.107167ms)
✔ evicts least recently used pages and validates raw search before cache lookup (451.095542ms)
✔ evicts by serialized byte budget before eight large pages accumulate (642.954583ms)
✔ observes an external commit during a read and refreshes on the next call (509.604875ms)
✔ does not cache a failed read and allows the same query to retry (419.157417ms)
✔ separates connections even when their revision counters match (1000.054375ms)
✔ binds a separate cache and repository to a readonly connection, without using the writer getter (264.853166ms)
▶ videoBatchScrapeQueue feedback
  ✔ identifies scoped and global target sets in batch status text (0.372083ms)
  ✔ preserves and revalidates the original library scope when resuming a checkpoint (0.673709ms)
  ✔ revalidates every frozen scoped target immediately before scraping (0.0875ms)
  ✔ formats success, skip, and partial-warning outcomes distinctly (0.091917ms)
  ✔ counts a persisted multi-candidate result as pending instead of success or failure (0.036209ms)
✔ videoBatchScrapeQueue feedback (1.675125ms)
▶ video lifecycle service
  ✔ cleans app-owned and pending assets while never receiving source media paths (0.948916ms)
  ✔ retries cleanup safely when the repository replays an idempotent result (0.137625ms)
  ✔ deletes managed source files before committing the global video record (0.210167ms)
✔ video lifecycle service (1.672167ms)
Staged video file remains queued for deletion: /var/folders/h4/zxrt6zwx6dv1n16kwxzltqgh0000gn/T/javdex-video-maintenance-policy-s5lOn7/media-root/IPX-535.mp4.javdex-delete-26d17201-4bf6-4de7-9c70-cf300c88cf5c Error: file is busy
    at unlinkSync (/Users/nut/Project/JavdexLabs/Javdex/src/main/services/videoMaintenanceService.test.ts:1053:15)
    at finalizeStagedLocalFiles (/Users/nut/Project/JavdexLabs/Javdex/src/main/services/videoMaintenanceService.ts:389:9)
    at withStagedLocalFileDeletion (/Users/nut/Project/JavdexLabs/Javdex/src/main/services/videoMaintenanceService.ts:414:7)
    at <anonymous> (/Users/nut/Project/JavdexLabs/Javdex/src/main/services/videoMaintenanceService.ts:486:7)
    at <anonymous> (/Users/nut/Project/JavdexLabs/Javdex/src/main/services/mediaAssetStore.ts:506:24)
    at AsyncLocalStorage.run (node:internal/async_local_storage/async_context_frame:63:14)
    at MediaAssetStore.runCoordinatedChange (/Users/nut/Project/JavdexLabs/Javdex/src/main/services/mediaAssetStore.ts:504:31)
    at MediaAssetStore.coordinateDatabaseChange (/Users/nut/Project/JavdexLabs/Javdex/src/main/services/mediaAssetStore.ts:465:17)
    at MediaAssetStore.runInCoordinatedChange (/Users/nut/Project/JavdexLabs/Javdex/src/main/services/mediaAssetStore.ts:475:17)
    at removeResource (/Users/nut/Project/JavdexLabs/Javdex/src/main/services/videoMaintenanceService.ts:468:5)
Staged video file remains queued for deletion: /var/folders/h4/zxrt6zwx6dv1n16kwxzltqgh0000gn/T/javdex-video-maintenance-policy-fH6VhG/media-root/IPX-535.mp4.javdex-delete-8cb4cfb4-9cfc-4a11-8e47-c2c0492e6c7e Error: 只能操作身份有效的启用媒体库根目录内文件
    at rejectManagedRootFile (/Users/nut/Project/JavdexLabs/Javdex/src/main/services/mediaLibraryRootFileGuard.ts:32:9)
    at requireCurrentRootIdentity (/Users/nut/Project/JavdexLabs/Javdex/src/main/services/mediaLibraryRootFileGuard.ts:86:5)
    at assertRootFile (/Users/nut/Project/JavdexLabs/Javdex/src/main/services/mediaLibraryRootFileGuard.ts:98:27)
    at assertMediaLibraryRootDeletionTarget (/Users/nut/Project/JavdexLabs/Javdex/src/main/services/mediaLibraryRootFileGuard.ts:182:3)
    at assertDeletionAllowed (/Users/nut/Project/JavdexLabs/Javdex/src/main/services/videoMaintenanceService.ts:484:9)
    at finalizeStagedLocalFiles (/Users/nut/Project/JavdexLabs/Javdex/src/main/services/videoMaintenanceService.ts:388:9)
    at withStagedLocalFileDeletion (/Users/nut/Project/JavdexLabs/Javdex/src/main/services/videoMaintenanceService.ts:414:7)
    at <anonymous> (/Users/nut/Project/JavdexLabs/Javdex/src/main/services/videoMaintenanceService.ts:486:7)
    at <anonymous> (/Users/nut/Project/JavdexLabs/Javdex/src/main/services/mediaAssetStore.ts:506:24)
    at AsyncLocalStorage.run (node:internal/async_local_storage/async_context_frame:63:14)
Failed to recover pending local file deletion: /var/folders/h4/zxrt6zwx6dv1n16kwxzltqgh0000gn/T/javdex-video-maintenance-policy-Q37KwT/offline-volume/movie.mp4.javdex-delete-interrupted Error: 暂存文件所在存储当前不可用
    at recoverPendingLocalFileDeletions (/Users/nut/Project/JavdexLabs/Javdex/src/main/services/pendingLocalFileDeletionService.ts:48:46)
    at TestContext.<anonymous> (/Users/nut/Project/JavdexLabs/Javdex/src/main/services/videoMaintenanceService.test.ts:1243:22)
    at Test.runInAsyncScope (node:async_hooks:227:14)
    at Test.run (node:internal/test_runner/test:1325:25)
    at Suite.processPendingSubtests (node:internal/test_runner/test:911:18)
    at Test.postRun (node:internal/test_runner/test:1465:19)
    at Test.run (node:internal/test_runner/test:1390:12)
    at async Suite.processPendingSubtests (node:internal/test_runner/test:911:7)
Failed to recover pending local file deletion: /var/folders/h4/zxrt6zwx6dv1n16kwxzltqgh0000gn/T/javdex-video-maintenance-policy-9OxFWc/media-root/IPX-535.mp4.javdex-delete-before-rename Error: 原文件所在存储当前不可用
    at recoverPendingLocalFileDeletions (/Users/nut/Project/JavdexLabs/Javdex/src/main/services/pendingLocalFileDeletionService.ts:40:19)
    at TestContext.<anonymous> (/Users/nut/Project/JavdexLabs/Javdex/src/main/services/videoMaintenanceService.test.ts:1289:22)
    at Test.runInAsyncScope (node:async_hooks:227:14)
    at Test.run (node:internal/test_runner/test:1325:25)
    at Suite.processPendingSubtests (node:internal/test_runner/test:911:18)
    at Test.postRun (node:internal/test_runner/test:1465:19)
    at Test.run (node:internal/test_runner/test:1390:12)
    at async Suite.processPendingSubtests (node:internal/test_runner/test:911:7)
Failed to recover pending local file deletion: /var/folders/h4/zxrt6zwx6dv1n16kwxzltqgh0000gn/T/javdex-video-maintenance-policy-QpHBPQ/media-root/missing.mp4.javdex-delete-missing Error: 暂存文件和原文件均不存在
    at recoverPendingLocalFileDeletions (/Users/nut/Project/JavdexLabs/Javdex/src/main/services/pendingLocalFileDeletionService.ts:40:19)
    at TestContext.<anonymous> (/Users/nut/Project/JavdexLabs/Javdex/src/main/services/videoMaintenanceService.test.ts:1321:22)
    at Test.runInAsyncScope (node:async_hooks:227:14)
    at Test.run (node:internal/test_runner/test:1325:25)
    at Suite.processPendingSubtests (node:internal/test_runner/test:911:18)
    at Test.postRun (node:internal/test_runner/test:1465:19)
    at Test.run (node:internal/test_runner/test:1390:12)
    at async Suite.processPendingSubtests (node:internal/test_runner/test:911:7)
▶ VideoMaintenanceService
  ✔ creates and reuses organization identities while editing video metadata (539.703333ms)
  ✔ rolls back video fields when organization assignment fails (514.496ms)
  ✔ creates or appends HTTP resources without scraping and keeps one primary resource (589.032709ms)
  ✔ normalizes a manually entered code before attaching a resource (400.00375ms)
  ✔ attaches a normalized link to an existing legacy lowercase code (535.516584ms)
  ✔ reports the owning video when a normalized HTTP resource already exists (572.310625ms)
  ✔ imports Magnet and ED2K resources and deduplicates their protocol identities (454.842917ms)
  ✔ keeps STRM targets read-only while editing metadata and safely deletes the source file (365.023583ms)
  ✔ restores a staged STRM source and rolls back removal when primary promotion fails (384.562167ms)
  ✔ refuses to remove an active-root STRM source after the root path is replaced (378.424584ms)
  ✔ edits metadata, status, rating, poster, and manual tags (341.692959ms)
  ✔ attaches the exact selected long-name tag, promotes scraped origin, and rejects deleted selections (367.109416ms)
  ✔ rolls back tag creation or origin promotion when updating the video fails (374.043ms)
  ✔ imports and deletes a local sample in the temporary media directory (421.991833ms)
  ✔ switches the primary resource and deletes only the selected local resource (382.545791ms)
  ✔ restores a staged local file and rolls back resource removal when promotion fails (335.440875ms)
  ✔ sets any resource as primary and promotes deterministic fallbacks after removal (369.924041ms)
  ✔ does not promote an inaccessible local resource over an available web link (385.040083ms)
  ✔ requires an explicit decision when manually removing the last resource (385.172ms)
  ✔ never turns last-resource removal into a global deletion (375.89325ms)
  ✔ rejects every resource mutation for missing or archived media libraries (260.622958ms)
  ✔ updates only the display label of a local resource (328.177292ms)
  ✔ removes a symbolic-link resource without deleting its target file (332.023583ms)
  ✔ refuses to remove a disabled-root resource after the root path is replaced (305.436083ms)
  ✔ rejects local source deletion for every non-active root state before staging (247.453625ms)
  ✔ rejects physical source deletion when the resource has no root ownership (214.2695ms)
  ✔ skips unmanaged source files when deleting a video globally (351.183458ms)
  ✔ corrects an imported code (260.283875ms)
  ✔ persists a committed cleanup task when resource-file deletion must be retried (359.192625ms)
  ✔ revalidates the root identity before unlinking an already staged source (336.004208ms)
  ✔ does not delete resource records when the file storage cannot be audited (346.808125ms)
  ✔ adopts an interrupted prepared task when resource removal is retried (411.074792ms)
  ✔ does not adopt a prepared resource-removal task when the original path was replaced (354.001292ms)
  ✔ restores an interrupted pre-commit file staging task (296.514959ms)
  ✔ keeps a cleanup task queued while its original storage is unavailable (303.456667ms)
  ✔ finishes cleanup after a storage remount changes its device id (369.024833ms)
  ✔ retains a pre-rename prepared task when another device occupies the original path (403.222792ms)
  ✔ retains prepared state and database records when both file paths are missing (304.09575ms)
  ✔ keeps the prepared task when storage disappears during resource-removal rollback (280.184959ms)
  ✔ clears scraped metadata and relations but keeps manual tags (290.326292ms)
  ✔ corrects to an already used code without implicitly merging videos (307.111375ms)
  ✔ explicitly merges same-code videos while preserving the chosen id and primary resource (337.722584ms)
  ✔ unions manual tags but keeps the retained scraped-tag field as a whole (368.883125ms)
  ✔ unions cast, playlists, sources, and ratings while preserving retained conflicts and scrape history (381.704792ms)
  ✔ merges cover, poster, and sample fields as whole sets and reclaims only unused media (371.310458ms)
  ✔ rejects a merge whose combined identity belongs to a third video (347.5605ms)
  ✔ rolls back an ordinary merge when deleting the source record fails (311.936917ms)
  ✔ rejects merging videos with different normalized codes (306.455375ms)
  ✔ uses the normal availability-aware promotion rule when neither merged video has a primary (341.716125ms)
  ✔ splits a non-primary resource into a metadata-empty pending-identity video (319.502375ms)
  ✔ blocks primary splitting and rolls back a failed non-primary split (287.668834ms)
  ✔ locks metadata while a video scrape result is pending but still allows resource splitting (305.713542ms)
  ✔ requires confirmation before correcting a pending video and clears staging atomically (334.75ms)
  ✔ rolls back the whole edit when it would create a complete business identity conflict (322.43875ms)
  ✔ stores related links on a video and returns them on detail (273.751167ms)
  ✔ rejects invalid related links and keeps the previous list (273.117041ms)
  ✔ keeps related links when clearing scraped metadata (349.78425ms)
  ✔ allows related-link edits while a video scrape result is pending (293.403625ms)
  ✔ unions related links on merge with the retained video first (348.340167ms)
  ✔ leaves related links on the original video when splitting a resource (428.306458ms)
✔ VideoMaintenanceService (21440.620625ms)
▶ VideoQueryService
  ✔ lists videos and reads their detail without mutating library state (468.506333ms)
  ✔ redacts external resource locators in detail projections until explicitly requested (508.079708ms)
  ✔ projects a STRM source path while keeping its complete target main-process only (550.3715ms)
✔ VideoQueryService (1527.470084ms)
▶ VideoResourceLinkService
  ✔ tests a direct link and returns Content-Length when available (0.834792ms)
  ✔ returns a non-throwing failure without echoing a sensitive query (0.138042ms)
  ✔ routes checks through the hardened public HEAD transport (0.087ms)
✔ VideoResourceLinkService (1.405208ms)
▶ videoScrapeApplyService.resolveEffectiveScrapeFields
  ✔ fillEmpty keeps only empty scalar fields (666.309125ms)
  ✔ fillEmpty evaluates female and male cast independently (736.184959ms)
  ✔ replaceIfPresent keeps all selected fields regardless of current values (569.242041ms)
  ✔ fillEmpty includes cast fields when video has no performers (776.527625ms)
✔ videoScrapeApplyService.resolveEffectiveScrapeFields (2748.758083ms)
▶ videoScrapeApplyService.planVideoScrapeResult update matrix
  ✔ title follows fillEmpty semantics for every current and scraped value state (587.179542ms)
  ✔ title follows replaceIfPresent semantics for every current and scraped value state (462.07375ms)
  ✔ title follows replace semantics for every current and scraped value state (498.738625ms)
  ✔ summary follows fillEmpty semantics for every current and scraped value state (431.103917ms)
  ✔ summary follows replaceIfPresent semantics for every current and scraped value state (505.798917ms)
  ✔ summary follows replace semantics for every current and scraped value state (498.057833ms)
  ✔ cover follows fillEmpty semantics for every current and scraped value state (525.1715ms)
  ✔ cover follows replaceIfPresent semantics for every current and scraped value state (466.803083ms)
  ✔ cover follows replace semantics for every current and scraped value state (449.978375ms)
  ✔ releaseDate follows fillEmpty semantics for every current and scraped value state (497.011083ms)
  ✔ releaseDate follows replaceIfPresent semantics for every current and scraped value state (479.027292ms)
  ✔ releaseDate follows replace semantics for every current and scraped value state (431.276167ms)
  ✔ maker follows fillEmpty semantics for every current and scraped value state (430.468333ms)
  ✔ maker follows replaceIfPresent semantics for every current and scraped value state (385.927416ms)
  ✔ maker follows replace semantics for every current and scraped value state (297.194875ms)
  ✔ publisher follows fillEmpty semantics for every current and scraped value state (394.85225ms)
  ✔ publisher follows replaceIfPresent semantics for every current and scraped value state (406.084625ms)
  ✔ publisher follows replace semantics for every current and scraped value state (410.973ms)
  ✔ series follows fillEmpty semantics for every current and scraped value state (453.822125ms)
  ✔ series follows replaceIfPresent semantics for every current and scraped value state (476.372583ms)
  ✔ series follows replace semantics for every current and scraped value state (461.616292ms)
  ✔ director follows fillEmpty semantics for every current and scraped value state (308.341625ms)
  ✔ director follows replaceIfPresent semantics for every current and scraped value state (444.750834ms)
  ✔ director follows replace semantics for every current and scraped value state (484.1475ms)
  ✔ duration follows fillEmpty semantics for every current and scraped value state (431.348458ms)
  ✔ duration follows replaceIfPresent semantics for every current and scraped value state (365.037208ms)
  ✔ duration follows replace semantics for every current and scraped value state (330.469084ms)
  ✔ actressesFemale follows fillEmpty semantics for every current and scraped value state (397.582583ms)
  ✔ actressesFemale follows replaceIfPresent semantics for every current and scraped value state (354.320042ms)
  ✔ actressesFemale follows replace semantics for every current and scraped value state (392.59ms)
  ✔ actressesMale follows fillEmpty semantics for every current and scraped value state (380.64025ms)
  ✔ actressesMale follows replaceIfPresent semantics for every current and scraped value state (427.956083ms)
  ✔ actressesMale follows replace semantics for every current and scraped value state (392.458541ms)
  ✔ tags follows fillEmpty semantics for every current and scraped value state (373.046792ms)
  ✔ tags follows replaceIfPresent semantics for every current and scraped value state (366.765833ms)
  ✔ tags follows replace semantics for every current and scraped value state (387.643333ms)
  ✔ source follows fillEmpty semantics for every current and scraped value state (403.315875ms)
  ✔ source follows replaceIfPresent semantics for every current and scraped value state (416.741041ms)
  ✔ source follows replace semantics for every current and scraped value state (381.127875ms)
  ✔ rating follows fillEmpty semantics for every current and scraped value state (342.55375ms)
  ✔ rating follows replaceIfPresent semantics for every current and scraped value state (413.051041ms)
  ✔ rating follows replace semantics for every current and scraped value state (386.540084ms)
  ✔ samples follows fillEmpty semantics for every current and scraped value state (472.578125ms)
  ✔ samples follows replaceIfPresent semantics for every current and scraped value state (421.501292ms)
  ✔ samples follows replace semantics for every current and scraped value state (377.466791ms)
✔ videoScrapeApplyService.planVideoScrapeResult update matrix (19003.976209ms)
▶ videoScrapeApplyService.applyScrapeResult
  ✔ builds a read-only plan before applying field changes (337.003166ms)
  ✔ applies scalar fields consistently across the three update modes (253.802542ms)
  ✔ does not record a successful scrape when no selected field can be written (89.834166ms)
  ✔ clears only the selected source site metadata in replace mode (81.389709ms)
  ✔ preserves existing cover and warns when a returned image is unavailable (72.568ms)
  ✔ keeps the complete old sample set when any returned sample is unavailable (55.779083ms)
  ✔ replaces selected relation sets while preserving manual tags and the other cast gender (77.740666ms)
  ✔ keeps a committed scrape successful when post-commit library cleanup fails (88.592458ms)
  ✔ does not roll back scraped tags when orphan-tag cleanup fails after commit (123.919375ms)
  ✔ reuses the unique name owner for canonically equivalent scraped cast names (139.016ms)
  ✔ does not create or link an actress for a migrated pending cast name (132.178417ms)
  ✔ replaceIfPresent updates existing scalars when scrape has values and keeps null scrape values (127.512125ms)
  ✔ stores external stats under ratingSourceName when provided (137.8345ms)
  ✔ leaves downloaded cast avatars untouched for application-layer adoption (136.9265ms)
✔ videoScrapeApplyService.applyScrapeResult (1855.081208ms)
▶ videoScrapeApplyService classification entity resolution
  ✔ preserves entity update semantics across fillEmpty, replaceIfPresent, and replace (141.139958ms)
  ✔ matches main names, aliases, and normalized equivalents without overwriting profiles (135.967083ms)
  ✔ creates only basic entities, reuses one organization across roles, and leaves series unowned (145.7665ms)
  ✔ rolls back scalar writes and newly created entities when a classification assignment fails (139.652958ms)
  ✔ keeps the current director when its alias is one of multiple candidates without updating the video (121.140458ms)
  ✔ pauses a single scrape for director choice and applies the selected candidate on retry (136.823459ms)
  ✔ preserves an ambiguous director in batch mode while applying safe fields with an actionable warning (137.983958ms)
  ✔ reports an invalid classification name structurally while applying safe fields (124.941708ms)
  ✔ treats same-name series in different owner scopes as ambiguous and never infers an owner (146.452167ms)
✔ videoScrapeApplyService classification entity resolution (1230.752708ms)
▶ videoScrapeApplyService.resolveVideoBatchTargets
  ✔ keeps active media-library batch targets inside their membership scope (157.978208ms)
  ✔ returns no targets for an archived media-library scope while preserving global compatibility (158.089875ms)
  ✔ excludes videos that already have a pending scrape decision (153.543834ms)
  ✔ filters by videos missing any selected metadata field (167.222625ms)
  ✔ combines status and missing-field filters (146.654417ms)
  ✔ treats a stored cover path as present even when the file is unreadable (160.414708ms)
✔ videoScrapeApplyService.resolveVideoBatchTargets (944.287667ms)
▶ videoScrapeApplyService tags emptiness
  ✔ fillEmpty ignores manual tags when deciding whether tags are empty (148.89775ms)
✔ videoScrapeApplyService tags emptiness (149.063709ms)
▶ llmSecretStore
  ✔ persists encrypted values and reports a degraded Linux-style backend (20.570917ms)
  ✔ removes a provider secret without affecting the remaining entries (29.690708ms)
  ✔ does not treat an unreadable secret path as an empty store (11.891667ms)
✔ llmSecretStore (62.639875ms)
▶ scraperServiceSecretStore
  ✔ persists an encrypted MetaTube token without exposing plaintext (15.826708ms)
  ✔ clears the token and rejects unavailable encryption (27.748375ms)
✔ scraperServiceSecretStore (43.937792ms)
▶ settingsStore avatar composition defaults
  ✔ uses the relaxed face-centered composition for settings without legacy values (13.084459ms)
  ✔ keeps legacy presets and explicit user values during migration (18.301583ms)
✔ settingsStore avatar composition defaults (31.865417ms)
▶ settingsStore video card preferences
  ✔ keeps resource type badges disabled for new and existing users by default (20.539958ms)
  ✔ preserves an explicit resource type badge preference (16.080667ms)
  ✔ defaults video cards to portrait and preserves an explicit landscape preference (19.896042ms)
✔ settingsStore video card preferences (56.690834ms)
▶ settingsStore NFO export preferences
  ✔ uses safe defaults and normalizes remembered selections without persisting overwrite (25.690709ms)
✔ settingsStore NFO export preferences (25.759041ms)
▶ settingsStore plugin developer model-turn budget
  ✔ retires the old implicit step limit instead of carrying 24 into the new setting (13.171542ms)
  ✔ defaults to unlimited and preserves an explicit zero limit (20.83325ms)
  ✔ persists a positive limit through the settings interface (19.9885ms)
  ✔ stops rewriting legacy model fields after schema v2 exists (47.256292ms)
  ✔ does not resurrect legacy model fields when the v2 document is unreadable (36.902125ms)
✔ settingsStore plugin developer model-turn budget (138.387167ms)
▶ settingsStore deferred library path cleanup
  ✔ normalizes unique non-empty roots and preserves them across cache resets (16.850041ms)
✔ settingsStore deferred library path cleanup (16.891458ms)
▶ settingsStore persistence
  ✔ does not update the cache when the settings file cannot be replaced (28.017792ms)
✔ settingsStore persistence (28.051583ms)
▶ settingsStore recovery
  ✔ backs up malformed JSON, writes defaults, and exposes one recovery notice (24.025542ms)
  ✔ does not replace a settings path that fails with an I/O error (11.65225ms)
✔ settingsStore recovery (35.732375ms)
▶ settingsStore LLM secret migration
  ✔ moves legacy API keys out of settings.json without exposing them publicly (40.318542ms)
  ✔ keeps the original plaintext file and blocks later writes when migration fails (26.977292ms)
✔ settingsStore LLM secret migration (67.412291ms)
▶ settingsStore scan cleanup defaults
  ✔ keeps automatic deletion disabled and has no summary for new and existing users (12.659583ms)
  ✔ preserves an explicit automatic deletion preference (17.776459ms)
  ✔ normalizes and sanitizes the persisted latest scan summary (15.95575ms)
  ✔ normalizes the retired unrecognized-file snapshot for migration (21.09475ms)
✔ settingsStore scan cleanup defaults (67.863042ms)
▶ settingsStore automatic scan defaults
  ✔ keeps automatic scans disabled and defaults to one hour (16.591833ms)
  ✔ accepts only supported automatic scan intervals (44.118459ms)
✔ settingsStore automatic scan defaults (60.971625ms)
▶ settingsStore retired actress scrapers
  ✔ rewrites the retired idol archive default to Xslist (15.369625ms)
  ✔ rewrites composite actress field mappings that pointed at the idol archive (19.206875ms)
✔ settingsStore retired actress scrapers (34.701709ms)
▶ settingsStore retired video scrapers
  ✔ rewrites the retired JAV8 default to JavDB (20.89725ms)
  ✔ rewrites JAV8 composite mappings and removes its delay (26.59075ms)
✔ settingsStore retired video scrapers (47.569125ms)
▶ settingsStore privacy mode
  ✔ defaults to disabled with every image scope selected (8.108125ms)
  ✔ keeps valid unique scopes and discards unknown values (16.157ms)
  ✔ keeps samples and actress galleries independently selectable (15.744625ms)
  ✔ allows all privacy scopes to be cleared explicitly (12.164375ms)
✔ settingsStore privacy mode (52.358958ms)
▶ close-to-tray setting
  ✔ defaults off and persists an explicit choice across reloads (49.651209ms)
  ✔ does not enable tray hiding from malformed legacy values (22.539042ms)
✔ close-to-tray setting (72.349375ms)
▶ Web read-only catalog scope
  ✔ rechecks image authorization after async work when hidden changes (524.917167ms)
  ✔ rechecks image authorization after async work when archived changes (575.180041ms)
  ✔ rechecks image authorization after async work when cover changes (316.926708ms)
  ✔ rechecks image authorization after async work when cast changes (318.94425ms)
  ✔ rechecks image authorization after async work when sample changes (327.615958ms)
  ✔ reads only the authorized image path before and after serving, without full details (372.043125ms)
  ✔ forwards thumbnail size through the real catalog while preserving original requests (268.901958ms)
  ✔ forwards the caller signal to the async Store and drops a cancelled result (274.95925ms)
  ✔ filters archived/hidden memberships for lists, details, images, and media (383.651291ms)
  ✔ describes local resources without exposing their directory (345.365958ms)
  ✔ uses the cover rather than the background for browse, detail and image requests (345.453167ms)
  ✔ queries with parameters, paginates stably and filters clear membership scopes (930.36525ms)
  ✔ uses stable desktop discovery and respects library home participation (756.943833ms)
  ✔ exposes cast display metadata and only serves avatars linked to visible videos (297.020709ms)
  ✔ downloads non-playable files and exposes only supported external links (279.760458ms)
  ✔ resolves only authorized files and refuses symlink escapes and disabled roots (371.189083ms)
✔ Web read-only catalog scope (6690.583334ms)
▶ Desktop-approved browser pairing
  ✔ requires an open window, a desktop decision and a separate secret, consumes only once (1.095375ms)
  ✔ expires requests, bounds polling, rejection, restart and approvals (0.164792ms)
  ✔ bounds the total pending requests (0.189125ms)
✔ Desktop-approved browser pairing (1.923833ms)
▶ Remembered browser lifecycle
  ✔ persists only remembered hashes, retains authorization over restart and revokes individual devices (271.089542ms)
✔ Remembered browser lifecycle (271.305167ms)
▶ Pairing HTTP boundary
  ✔ binds exchange to a private cookie, keeps approval desktop-only and remembers across server restarts (235.137ms)
✔ Pairing HTTP boundary (235.377709ms)
▶ Device record recovery
  ✔ keeps valid sessions usable during activity write failures and retries persistence (305.688166ms)
  ✔ keeps disk and memory consistent after failed revoke, clear, rename and create (98.771375ms)
  ✔ resets a damaged snapshot without parsing it or retaining old authorization (35.879084ms)
  ✔ restores remaining pairing time from server and retains approval on issuance failure (0.1715ms)
✔ Device record recovery (440.713041ms)
▶ Per-device streaming revocation
  ✔ interrupts the revoked stream while another browser finishes its stream (61.456167ms)
✔ Per-device streaming revocation (61.566708ms)
✔ keeps the running service on staging failure and restores it after publish failure (146.52525ms)
✔ preserves remembered devices on runtime server errors, including failed state persistence (4.749125ms)
▶ Web authentication and streaming
  ✔ keeps image responses private and reports read queue overload as 503 (8.011542ms)
  ✔ forwards finite thumbnail sizes and rejects invalid sizes before image work (2.658583ms)
  ✔ reports oversized images as 413 without caching or a HEAD body (8.271959ms)
  ✔ rechecks an expired session after image work while the connection remains open (45.143417ms)
  ✔ cancels pending image work on logout and never sends its completed bytes (47.972167ms)
  ✔ cancels pending image work on disconnect and never sends its completed bytes (45.269083ms)
  ✔ stores salted password hashes and enforces minimum length (120.024875ms)
  ✔ requires a session for catalog, artwork, and video, with no credential data in failures (14.970042ms)
  ✔ serves brand and favicon PNGs without login with the correct MIME and bytes (12.727084ms)
  ✔ rejects bad credentials; issues HttpOnly SameSite cookies on login (87.951625ms)
  ✔ blocks cross-origin, missing-origin POSTs, DNS rebinding, and desktop mutation routes (11.669417ms)
  ✔ streams byte ranges, suffixes and HEAD; rejects invalid or multiple ranges (12.995167ms)
  ✔ downloads authenticated resources as attachments (4.733083ms)
  ✔ logout invalidates the cookie; desktop revocation invalidates all browsers (48.04325ms)
✔ Web authentication and streaming (615.011917ms)
▶ Session lifetimes and request limits
  ✔ expires idle and absolute sessions and limits attempts (0.2395ms)
  ✔ accepts only local peer ranges and handles byte-range edge cases (0.245459ms)
✔ Session lifetimes and request limits (0.563916ms)
▶ actress face scan cache
  ✔ reuses a result only while the avatar fingerprint is unchanged (0.32525ms)
  ✔ filters only cached no-face avatars and ignores missing or unscanned entries (0.549584ms)
  ✔ combines a minimal full-library manifest with current session results (0.118834ms)
✔ actress face scan cache (1.37475ms)
▶ actress face scan cache identity
  ✔ only changes when a current row has no reusable result (0.3905ms)
✔ actress face scan cache identity (0.717167ms)
▶ actress face detection outcome mapping
  ✔ maps the detector zero-face message to the no-face domain state (0.30875ms)
✔ actress face detection outcome mapping (0.608875ms)
▶ actress face scan queue
  ✔ reports total detection failure without confusing partial or empty results with failure (0.473917ms)
  ✔ reuses cached face statuses and does not invoke detection for them (0.793833ms)
  ✔ finishes the current target before honoring cancellation (0.077167ms)
  ✔ does not cache detector failures so a later run can retry them (0.0575ms)
✔ actress face scan queue (1.804375ms)
▶ actress face scan session
  ✔ notifies remounted consumers when an earlier scan finishes (0.708458ms)
✔ actress face scan session (1.060417ms)
▶ avatar auto-crop geometry
  ✔ rejects invalid boxes and clamps valid detector bounds (0.968125ms)
  ✔ merges overlapping tiled detections and preserves the strongest result (0.106125ms)
  ✔ requires an explicit choice when two faces have similar prominence (0.176125ms)
  ✔ accepts mid-confidence faces only when the presence floor is used (0.054708ms)
  ✔ maps ROI landmarks back to full-image normalized coordinates (0.0595ms)
  ✔ uses the hair component attached to the face for visible head bounds (1.0945ms)
✔ avatar auto-crop geometry (3.033083ms)
✔ requests CORS before loading a media avatar so its bitmap can cross the Worker boundary (0.437584ms)
✔ keeps only recent log previews after 100000 entries while counting omissions (23.352375ms)
✔ bounds oversized fields without splitting surrogate pairs or mutating prior state (0.124416ms)
▶ avatar composition preview cache
  ✔ persists and restores the complete normalized face analysis (0.669667ms)
✔ avatar composition preview cache (0.97925ms)
▶ ActressAvatarEditor
  ✔ keeps rendering when the current avatar enters crop editing (56.572917ms)
  ✔ keeps rendering when a legacy avatar without its original enters crop editing (8.345875ms)
✔ ActressAvatarEditor (65.483625ms)
✔ pages associated covers without loading an actress detail or accumulating tiles (5.025667ms)
✔ does not replace a user-selected source tab when the first cover page arrives late (1.627584ms)
▶ ActressDeleteModal confirmation model
  ✔ uses ordinary deletion only when the current impact has no video links (0.644458ms)
  ✔ requires the dedicated acknowledgement action and explains resource preservation (0.099709ms)
  ✔ does not let the dedicated high-risk action bypass the safe path (0.05ms)
✔ ActressDeleteModal confirmation model (1.239083ms)
▶ ActressProfileMeta scrape record
  ✔ hides scrape record for successful actresses and keeps attention states (0.869958ms)
  ✔ offers the manual success mark only for unscraped and failed records (0.073333ms)
✔ ActressProfileMeta scrape record (1.287334ms)
▶ Button
  ✔ loads its CSS Module and preserves native button semantics (3.845625ms)
✔ Button (4.16225ms)
▶ ClassificationDeleteModal
  ✔ shows associated video and child impacts before confirming deletion (8.314792ms)
  ✔ allows a zero-impact deletion and keeps a failed confirmation open with refreshed impact (1.6455ms)
  ✔ does not report or re-preview a completed deletion when page cleanup fails (5.008667ms)
✔ ClassificationDeleteModal (15.470084ms)
▶ classification picker
  ✔ keeps candidates hidden until the field is used (4.296542ms)
  ✔ shows candidates once the user types (1.209875ms)
  ✔ walks candidates with the arrow keys and commits with Enter (1.325959ms)
  ✔ shows candidates once the field is focused (0.318375ms)
  ✔ shows candidates on focus even when the field is empty (0.271167ms)
  ✔ does not commit a candidate with Enter until one is active (0.210833ms)
  ✔ closes candidates on Escape without letting the dialog see the key (0.253625ms)
  ✔ closes candidates when focus leaves the field (0.267417ms)
  ✔ keeps candidates open when the pointer is in the list (0.302375ms)
  ✔ closes candidates after picking one with the pointer (0.327791ms)
  ✔ hides the create hint when the typed name already exists (0.276709ms)
✔ classification picker (9.787375ms)
▶ video detail library context layout
  ✔ shares the compact detail header row with the back action (2.750292ms)
  ✔ keeps membership badges on one bounded line (1.352166ms)
✔ video detail library context layout (4.460875ms)
▶ DirectorScrapeChoiceModal
  ✔ requires an explicit candidate and submits its stable director id (5.82175ms)
✔ DirectorScrapeChoiceModal (6.151458ms)
▶ DisplayModeProvider
  ✔ loads and exposes the application-wide cover mode (21.846042ms)
✔ DisplayModeProvider (22.288458ms)
▶ form hint styles
  ✔ keeps entity-edit and settings field hints muted and caption-sized (3.351458ms)
  ✔ routes entity-edit helper copy through EditFormField instead of a bare hint class (0.78175ms)
✔ form hint styles (4.761084ms)
▶ image preview history marker
  ✔ preserves router state when adding a unique preview marker (1.182667ms)
  ✔ reads only valid image preview markers (0.0915ms)
✔ image preview history marker (1.879291ms)
✔ uses a 320 thumbnail for actress cards (151.227333ms)
✔ uses thumbnails for local video gallery tiles and original preview sources (112.644417ms)
✔ uses thumbnails for local actress gallery tiles and original preview sources (2.535083ms)
▶ LegacyLibraryRedirect
  ✔ preserves the settings return context while replacing a legacy video URL (76.325834ms)
✔ LegacyLibraryRedirect (76.7695ms)
▶ MediaLibraryCreateModal
  ✔ validates in place and exposes a keyboard-submit four-step flow (188.556209ms)
  ✔ deduplicates selected roots, submits independent config, and returns root errors to their step (5.330834ms)
✔ MediaLibraryCreateModal (194.475ms)
▶ MediaLibraryCreateModal control style
  ✔ keeps all workflow steps at one viewport-safe dialog height (3.134416ms)
  ✔ reserves a visible gutter for the left edge of the focus ring (1.256375ms)
✔ MediaLibraryCreateModal control style (4.969583ms)
▶ MediaLibraryNav name style
  ✔ keeps visible library names on one ellipsized line (2.071542ms)
  ✔ presents media libraries as one compact navigation surface (0.713708ms)
  ✔ keeps global navigation unlabeled in the visible sidebar (0.521417ms)
✔ MediaLibraryNav name style (3.9715ms)
✔ pages40 candidates and preserves selection and name plan across pages and search (633.51525ms)
✔ retries page failures without losing the selected merge plan (91.950625ms)
✔ ignores old page responses while a changed search is debouncing (419.520666ms)
✔ locks a captured merge against duplicate submission and retains plan on failure (159.429709ms)
✔ resets session on keep identity change and ignores old page and merge completion (157.125209ms)
✔ resets the name plan only when choosing a different merge candidate or clearing selection (91.714542ms)
▶ OrganizationDeleteModal
  ✔ previews and removes only the selected role (9.106542ms)
  ✔ blocks removing the final role and directs the user to full deletion (4.982042ms)
  ✔ shows both role counts and hierarchy impacts for a full deletion (1.223166ms)
✔ OrganizationDeleteModal (16.064917ms)
▶ OrganizationMergeModal interaction
  ✔ selects a cross-role source and submits the explicit source-to-target direction (145.536917ms)
  ✔ keeps the modal open and shows an actionable error when the merge is rejected (3.943208ms)
✔ OrganizationMergeModal interaction (149.993875ms)
▶ recent text input style contract
  ✔ uses the shared text-input treatment for every recent text-like input (1.608166ms)
✔ recent text input style contract (1.925583ms)
▶ Switch
  ✔ loads its CSS Module and preserves native checkbox semantics (2.8885ms)
✔ Switch (3.190459ms)
✔ loads on open only, pages without full catalog reads and preserves cross-page selection (51.76925ms)
✔ debounces and resets search, rejecting stale page/search responses (272.868167ms)
✔ shows failure with explicit retry and enforces 100 selections while allowing removal (1.443042ms)
✔ unmounts candidates with the actual parent popover and ignores late responses on reopen (2.833333ms)
▶ VideoDeleteImpact
  ✔ shows every affected domain without a duplicate source-file section (2.476041ms)
  ✔ names the current library when previewing a membership removal (0.224ms)
✔ VideoDeleteImpact (3.060584ms)
▶ video primary metadata classification navigation
  ✔ dispatches entity-backed organizations by stable id (0.835917ms)
  ✔ does not expose a name-only organization route (0.048709ms)
  ✔ uses only the stable director id (0.053833ms)
  ✔ uses only the stable series id (0.051791ms)
✔ video primary metadata classification navigation (1.361541ms)
▶ video detail resource actions
  ✔ shows copy and external-open actions instead of play for link resources (4.368792ms)
  ✔ keeps the play action for local resources (0.526625ms)
  ✔ shows actual link kind, STRM hosting, masked target, and source path together (1.522167ms)
  ✔ exposes the cross-library move command for both links and root-managed resources (2.432416ms)
✔ video detail resource actions (9.271041ms)
▶ VideoLibraryMembershipBadges
  ✔ puts the active resource scope first and names the other memberships accessibly (3.104209ms)
  ✔ bounds the visible badges and exposes hidden library names in the overflow title (0.392833ms)
✔ VideoLibraryMembershipBadges (3.84225ms)
▶ VideoResourceImportModal
  ✔ keeps a STRM target read-only while allowing metadata edits and HTTP checks (131.633208ms)
✔ VideoResourceImportModal (131.983166ms)
✔ loads only on open, renders at most one page, and selects an existing tag by ID (12.664542ms)
✔ debounces search, resets the page, and discards earlier search responses (545.558917ms)
✔ shows errors with retry and discards closed-modal results before reopening (1.696208ms)
✔ creates from the full draft and prevents an old write completion from closing another video modal (1.605042ms)
✔ refreshes stale candidates after a failed selection without retrying the write (2.224917ms)
✔ does not inherit an open picker or issue a hidden request when switching videos (1.017583ms)
▶ actress virtual grid layout
  ✔ derives responsive columns without shrinking cards below their minimum width (0.335334ms)
  ✔ places load state on a dedicated row after an incomplete item row (0.721ms)
✔ actress virtual grid layout (1.41225ms)
▶ AgentMetadataActivityFeed
  ✔ keeps live model thinking open and shows semantic actions (4.456584ms)
  ✔ collapses completed thinking into an expandable preview (1.321042ms)
  ✔ moves a finished live thought back into collapsed history (0.969875ms)
  ✔ caps the thinking box height and still shows the full streamed text (2.181084ms)
✔ AgentMetadataActivityFeed (9.362833ms)
▶ Agent metadata collector intro
  ✔ explains how this flow differs from regular matching (0.505291ms)
  ✔ keeps the setup steps compact and muted (2.947833ms)
✔ Agent metadata collector intro (3.846541ms)
▶ alias editor state
  ✔ promotes an alias to main name and keeps the previous main as an alias (0.88575ms)
  ✔ does not duplicate the previous main name when it is already an alias (0.059292ms)
✔ alias editor state (1.394834ms)
▶ classification image interaction state
  ✔ distinguishes formal images from dynamic fallback images (0.755083ms)
  ✔ builds explicit file, URL, and video-cover commands (0.131042ms)
✔ classification image interaction state (1.224583ms)
▶ classification merge interaction state
  ✔ keeps the selected source identity when refreshed candidates reorder (0.788833ms)
  ✔ keeps a selected source through a narrower search and rejects invalid commands (0.05425ms)
✔ classification merge interaction state (1.183125ms)
▶ classification picker state
  ✔ stays closed until the user asks for candidates (0.7905ms)
  ✔ hides candidates when the result set is empty (0.057583ms)
  ✔ opens on arrow navigation and wraps around the candidate list (0.052292ms)
  ✔ never navigates into an empty candidate list (0.033042ms)
  ✔ drops the active candidate when typing or when the result set shrinks (0.03675ms)
  ✔ closes on dismiss (0.032042ms)
  ✔ hides the create hint when the query already names an existing option (0.038209ms)
✔ classification picker state (1.415667ms)
▶ director form state
  ✔ defaults to preserving a changed main name and converts profile fields (0.798459ms)
✔ director form state (1.092666ms)
▶ director picker state
  ✔ keeps typed same-name input as an explicit inline-create request (0.740458ms)
  ✔ shows stable candidate differences rather than silently choosing by name (0.08125ms)
✔ director picker state (1.154208ms)
▶ image preview swipe gesture
  ✔ switches to the previous image when dragging right past the threshold (0.344792ms)
  ✔ switches to the next image when dragging left past the threshold (0.083166ms)
  ✔ ignores clicks, short drags, and vertical drags (0.150959ms)
  ✔ distinguishes a drag from a click even when movement is vertical (0.06725ms)
✔ image preview swipe gesture (1.116125ms)
▶ mediaLibraryIdentityStyle
  ✔ maps every domain color to one semantic CSS custom property (0.866417ms)
  ✔ keeps the established palette mapping stable (0.063375ms)
✔ mediaLibraryIdentityStyle (1.281083ms)
▶ organization form state
  ✔ defaults to preserving the previous main name while retaining ordered aliases and links (1.128958ms)
  ✔ moves links without mutating the current form state (0.083583ms)
  ✔ retains a selected parent while search results change (0.10575ms)
✔ organization form state (1.699375ms)
▶ organization merge presentation
  ✔ shows cross-role candidate statistics without collapsing the two roles (0.337084ms)
  ✔ reports each transferred relation after a successful merge (0.100667ms)
✔ organization merge presentation (0.786667ms)
▶ organization picker state
  ✔ resolves main names and aliases to stable ids (1.511875ms)
  ✔ uses unmatched text as an explicit inline create request (0.068625ms)
  ✔ uses an empty value to remove the organization relation (0.064333ms)
  ✔ describes candidates by stable id, roles, and aliases (0.066708ms)
✔ organization picker state (2.106416ms)
▶ PlaylistImportProvider workspace
  ✔ uses the Agent scrape two-pane workspace with live activity and result preview (0.924584ms)
  ✔ offers one confirmed termination action in running and waiting-user footers (0.193ms)
  ✔ closes the import workspace after the host confirms task termination (0.151417ms)
  ✔ closes only through the actions rendered inside the import dialog (0.108875ms)
  ✔ closes the import dialog before navigating to the imported playlist (0.146667ms)
  ✔ offers frozen write options with source-playlist linking disabled by default (0.1665ms)
  ✔ selects the active default media library when opening the importer (0.117166ms)
  ✔ explains the Agent name and host-date fallback for an empty new-playlist name (0.10825ms)
  ✔ invalidates global video projections and discards stale identity choices (0.137417ms)
  ✔ broadcasts completion so recovered imports refresh mounted playlist surfaces (1.509375ms)
  ✔ renders the complete release summary instead of only aggregate reuse counts (0.1695ms)
  ✔ keeps preview rows dense and long text truncation stable (3.008541ms)
  ✔ shows enough candidate identity evidence and opens links through the app shell (0.348834ms)
✔ PlaylistImportProvider workspace (7.640542ms)
▶ PluginDevConfigRail ready actions
  ✔ makes Install primary and disables empty continuation until feedback is entered (6.323875ms)
✔ PluginDevConfigRail ready actions (6.638417ms)
▶ PluginDevConversation history controls
  ✔ presents a ready settlement as normal state and requires feedback to continue (4.775542ms)
  ✔ renders model reasoning as a quiet collapsed diagnostic block (18.4795ms)
  ✔ keeps live reasoning open and marks the answer as streaming (3.34225ms)
  ✔ renders agent answers as markdown (2.269916ms)
  ✔ renders compact context metrics with the cache-hit ratio (1.367167ms)
  ✔ exposes an explicit clear-session action for a restored historical run (0.775625ms)
  ✔ keeps typed choice, browser challenge and freeform requests as distinct controls (1.798917ms)
✔ PluginDevConversation history controls (33.321209ms)
✔ pages40/40/21, resolves full names and retains selected long identities when returning (272.240583ms)
✔ retries page failures and isolates a stale page during raw search debounce (386.633417ms)
✔ ignores choice completion after search or close and suppresses same-tick duplicate clicks (389.892375ms)
✔ reports missing or unrepresentable names without adding incorrect targets (77.965ms)
✔ enforces existing eight-target limit and preserves video query behavior after kind switch (57.235375ms)
✔ recognizes existing long targets on a fresh mount without confusing a common preview prefix (61.209584ms)
✔ ignores a held actress choice after switching to video (67.788916ms)
✔ bounds long-label reconciliation concurrency and stops scheduling after kind switch (34.9895ms)
✔ retries failed long-label selection reconciliation (41.001875ms)
✔ guides a configured model user to the missing website, then enables development (275.304709ms)
✔ keeps the actual model readiness reason when a named model cannot run (3.400625ms)
▶ PluginDevResultPanel manifest coverage
  ✔ separates actionable field ids from runtime-only information (3.504125ms)
  ✔ renders each exact-match candidate when the plugin returns an array (0.718375ms)
  ✔ labels a targeted execution as a local diagnostic even when the saved full run is ready (0.2845ms)
  ✔ explains null and empty array plugin returns instead of hiding the section (0.186125ms)
✔ PluginDevResultPanel manifest coverage (5.069209ms)
▶ plugin dev Agent UI state
  ✔ requires feedback before continuing a mechanically ready Agent (0.518917ms)
  ✔ presents a normal Agent settlement without an error toast (0.539125ms)
  ✔ coalesces streaming reasoning and answer into their final model-turn items (0.130167ms)
  ✔ enables the existing Install button only for a current mechanical acceptance (0.044917ms)
  ✔ allows clearing restored history only when its Agent is not running or busy (0.03975ms)
  ✔ auto-applies only unfinished history and leaves terminal editor state untouched (0.056375ms)
  ✔ keeps non-debuggable built-ins out of the plugin-development selector (3.66675ms)
  ✔ does not treat a loaded built-in fork as the already-selected new-plugin option (0.106959ms)
  ✔ rejects session B events while continuing session A (0.0785ms)
  ✔ binds an unbound start once and rejects later events from another session (0.070167ms)
  ✔ invalidates a snapshot after any newer live mutation (0.063375ms)
  ✔ releases restored busy state on settle but keeps a local API dispatch busy (0.123167ms)
  ✔ projects live workspace drafts from package_updated, not terminal done (0.20175ms)
  ✔ blocks ordinary messages until the exact pending approval is decided (0.209292ms)
  ✔ does not dispatch a stale approval after the request disappeared (0.038125ms)
✔ plugin dev Agent UI state (6.450375ms)
▶ series form state
  ✔ defaults a rename to retaining the previous main name (0.343666ms)
  ✔ trims text and converts optional numeric selections (0.626ms)
✔ series form state (1.413375ms)
▶ series picker state
  ✔ keeps typed creation separate from selecting an existing stable identity (0.764292ms)
  ✔ always distinguishes same-name candidates by stable id and owner scope (0.107166ms)
✔ series picker state (1.208416ms)
✔ shows bounded log preview with explicit omission notice and full task counters (23.709542ms)
✔ applies supported fields, preserves other mappings, allows overrides and only persists on save (10.793791ms)
✔ rejects unavailable saved sources and keeps missing references visible for repair (0.844042ms)
✔ excludes nested and other-kind plugins and prevents applying unconfigured sources (0.774875ms)
✔ uses video field capabilities for bulk assignment (0.977208ms)
▶ LibraryScanAuditPanel
  ✔ defaults to the attention tab even when the latest scan has no issues (246.513417ms)
  ✔ keeps cached unrecognized files visible with their root-scoped resolution controls (3.679666ms)
  ✔ does not describe current scan failures as resolved (1.064458ms)
  ✔ offers a processing jump for cached unrecognized rows in the all-files tab (2.961542ms)
  ✔ shows an NFO identity conflict as a secondary scan disposition and opens the pending center (2.4565ms)
  ✔ routes a current NFO candidate to its scrape pending item (1.287083ms)
  ✔ shows historical NFO pending dispositions as resolved when their current rows are gone (1.163959ms)
  ✔ keeps the attention badge equal to the visible list when only an NFO warning exists (1.425417ms)
✔ LibraryScanAuditPanel (261.397875ms)
✔ limits a large failed audit to100 visible rows and queries only their pending IDs (19.4155ms)
✔ routes all three kinds from one mixed pending presence response (1.740125ms)
✔ keeps a stable audit anchor when a historical group is no longer pending (0.882875ms)
▶ MetaTube plugin settings
  ✔ shows pending status and blocks setting an unconfigured plugin as default (4.415667ms)
  ✔ keeps a blank token and supports explicit token clearing (3.878791ms)
  ✔ requires confirmation before saving a token over remote HTTP (2.846708ms)
  ✔ tests the current draft without changing the token mode (5.171ms)
✔ MetaTube plugin settings (16.812167ms)
▶ Model management v2 panels
  ✔ keeps workload edits local until the explicit save action (8.78775ms)
  ✔ shows configured providers first and keeps unconfigured built-ins collapsed (0.999084ms)
  ✔ limits the default advanced view to models referenced by workloads (6.968709ms)
✔ Model management v2 panels (17.397083ms)
✔ saves proxy address and mode only on explicit commit; testing stays independent (220.015792ms)
▶ NFO export foreground modal
  ✔ vetoes full-page unload while the foreground modal is active (235.880208ms)
  ✔ is an aria-modal task surface with an explicit terminate action and no dismiss action (7.188167ms)
  ✔ keeps the terminal report open until the user confirms it (2.203625ms)
  ✔ renders a returned plan and enters blocking state before foreground execution (11.656792ms)
  ✔ discards a plan that returns after the storage panel has unmounted (1.7925ms)
  ✔ terminates an export whose start result returns after unmount (2.795833ms)
✔ NFO export foreground modal (262.219875ms)
▶ NFO export preview details
  ✔ counts only new and replaced artwork in the writing breakdown (0.824458ms)
  ✔ distinguishes stopped, partial and empty reports and exposes stop errors in the dialog (1.753666ms)
  ✔ mounts only the opened page of a large warning list and keeps every warning reachable (2.966083ms)
✔ NFO export preview details (5.684792ms)
▶ SettingsPrimitives
  ✔ retains an invalid value with an accessible error instead of silently clamping it (5.547834ms)
  ✔ keeps a multi-digit number local until the edit is committed (1.410833ms)
  ✔ supports keyboard activation of increment and does not treat empty input as zero (0.491083ms)
  ✔ renders a semantic card without losing its accessible name (0.245416ms)
  ✔ exposes status as data rather than a behavior-bearing class name (0.186375ms)
✔ SettingsPrimitives (8.355792ms)
✔ renames with no manual code or target and refreshes the pending row after failed recognition (152.978584ms)
✔ retries a failed service with saved configuration, and prevents submitting unsaved drafts via retry (3409.57225ms)
▶ library scan audit row layout
  ✔ uses compact rows only when the skipped tab also uses compact virtual slots (0.331833ms)
  ✔ keeps the variable-height attention list out of fixed-size virtualization (0.073416ms)
  ✔ keeps CSS row geometry aligned with virtual item sizes (0.368458ms)
✔ library scan audit row layout (1.336791ms)
▶ video resource card badges
  ✔ keeps primary-first order, deduplicates kinds, and limits visible labels to two (0.813666ms)
  ✔ returns no card decoration when a video has no resources (0.053458ms)
  ✔ shares full resource labels across detail and filter surfaces (0.208791ms)
✔ video resource card badges (1.47375ms)
▶ video resource import form
  ✔ shares auto detection, normalization, and size conversion across entry points (0.88175ms)
  ✔ auto-detects Magnet and keeps its protocol-derived default name (0.167833ms)
  ✔ treats blank matching input as absent without invoking strict code validation (0.197292ms)
✔ video resource import form (1.654541ms)
▶ video resource import layout
  ✔ gives the size value the fluid column and keeps its unit compact (8.155458ms)
✔ video resource import layout (8.986792ms)
▶ shared workbench primitives
  ✔ composes feature classes without replacing the neutral structure (1.957292ms)
  ✔ connects tabs to their panels with a single keyboard tab stop (0.489458ms)
✔ shared workbench primitives (2.838ms)
✔ counts avatars through the scalar API without loading targets and propagates failures (42.974875ms)
✔ consumes pages on demand and stops safely across page failure, cancellation and unmount (66.237084ms)
✔ serializes startup before target loading and releases ownership on empty, failed or unmounted startup (51.655208ms)
▶ isBatchScrapeActive
  ✔ treats only running and paused batches as active (0.755792ms)
✔ isBatchScrapeActive (1.411125ms)
▶ poster grid row height
  ✔ reserves the complete membership strip without changing ordinary library rows (0.321958ms)
✔ poster grid row height (0.655958ms)
▶ facet route contracts
  ✔ only permits each entity detail under its matching facet (0.35975ms)
✔ facet route contracts (0.796209ms)
▶ global search shortcut
  ✔ accepts Cmd/Ctrl+K and rejects unrelated key combinations (0.488916ms)
  ✔ focuses and selects the Home input after two render frames (0.5795ms)
✔ global search shortcut (1.581875ms)
▶ useLatestAsyncLabel
  ✔ ignores an older request that finishes after the latest request (5.826709ms)
✔ useLatestAsyncLabel (6.258375ms)
▶ media-library scan event scope
  ✔ accepts only the current library and, once known, the current run (0.329292ms)
✔ media-library scan event scope (0.797625ms)
✔ sends no empty lookup, deduplicates IDs and rejects a stale page response (13.188541ms)
✔ distinguishes a failed lookup from processed items and retries the same page (1.643667ms)
✔ does not reuse old ready state when a page is revisited before another lookup finishes (1.490542ms)
✔ does not fetch empty/inactive selections and resolves only unique selected IDs (6.987208ms)
✔ ignores responses for previous filters and refreshes on returning from detail (1.399834ms)
✔ does not loop on a rejected lookup and discards in-flight results after deactivation (1.126875ms)
▶ isLibraryListSurfacePath
  ✔ matches list roots only (0.884542ms)
  ✔ does not match detail or stack routes (0.338792ms)
✔ isLibraryListSurfacePath (1.786375ms)
▶ shouldRefetchLibraryOnRouteChange
  ✔ refetches when entering a list root from outside (0.113833ms)
  ✔ does not refetch when opening detail stacks or hopping between list roots (0.075334ms)
✔ shouldRefetchLibraryOnRouteChange (0.26625ms)
▶ global search URL state
  ✔ normalizes positive media-library ids in stable order (0.874667ms)
  ✔ canonicalizes owned state without stripping detail-only lib (0.177667ms)
  ✔ builds an explicit, paged cross-library search input and identity (0.133125ms)
✔ global search URL state (1.563625ms)
▶ library resource filter URL contract
  ✔ parses valid unique values in canonical order and ignores invalid values (0.852916ms)
  ✔ omits the default all-resources state and canonicalizes copied URLs (0.231375ms)
  ✔ removes a resource parameter containing only invalid values (0.062667ms)
  ✔ includes applied resource filters in the query and scroll-memory hash (0.109166ms)
  ✔ keeps pending scrape as an independent canonical filter dimension (0.058917ms)
  ✔ resolves omitted sort state from each media library configuration (0.069459ms)
✔ library resource filter URL contract (1.815834ms)
▶ multi-library route builders and parsers
  ✔ round-trips the home video detail stack (1.364708ms)
  ✔ round-trips the global-search video detail stack (0.148084ms)
  ✔ round-trips media-library list, detail, nested actress and settings routes (1.234291ms)
  ✔ rejects malformed, non-positive, fractional and unsafe route ids (0.524875ms)
  ✔ accepts digit-only positive ids and builders emit their canonical form (0.080375ms)
✔ multi-library route builders and parsers (3.804042ms)
▶ detail-only active-library query contract
  ✔ parses only positive safe-integer library ids (0.095584ms)
  ✔ canonicalizes the first lib value without changing other list query state (0.104583ms)
  ✔ sets, replaces and strips the detail-only library parameter immutably (0.092042ms)
  ✔ derives a single detail context and gives a library path precedence over lib (0.151042ms)
  ✔ keeps lib only where the route needs query-owned detail scope (0.1585ms)
  ✔ respects a valid legacy lib hint and falls back when that membership is unavailable (0.190916ms)
✔ detail-only active-library query contract (0.889417ms)
▶ recent media-library memory
  ✔ stores only positive safe library ids and ignores malformed persisted state (0.368375ms)
✔ recent media-library memory (0.673416ms)
▶ route builders and parsers
  ✔ round-trips library detail stacks (2.081416ms)
  ✔ round-trips actress detail stacks (0.2ms)
  ✔ round-trips playlist and classification entity detail stacks (0.400667ms)
  ✔ rejects malformed detail ids (0.20375ms)
  ✔ builds pending-center locations without page-level query concatenation (0.480417ms)
✔ route builders and parsers (4.059875ms)
▶ classification list query contract
  ✔ accepts only video count and update time sorting with video count descending by default (0.086333ms)
  ✔ includes organization search and sorting in the shareable query identity (0.097459ms)
  ✔ keeps series release sorting separate from classification-list sorting (0.064292ms)
✔ classification list query contract (0.326375ms)
▶ actress avatar filter query contract
  ✔ normalizes avatar filter values and omits the all default (0.097ms)
  ✔ returns to the actress list without losing its query state (0.156041ms)
  ✔ keeps avatar filters distinct in the actress query hash (0.187792ms)
✔ actress avatar filter query contract (0.506709ms)
▶ actress status filter query contract
  ✔ parses the canonical status values and treats anything else as all (0.125375ms)
  ✔ omits the param for all and writes the canonical value otherwise (0.096667ms)
  ✔ includes status in the list query identity and ignores invalid values (0.036333ms)
  ✔ keeps search, gender and sort identity while only the status changes (0.0425ms)
  ✔ round-trips the status query through actress detail and back (0.124041ms)
  ✔ remembers the actress status filter across primary navigation (0.27ms)
✔ actress status filter query contract (0.828667ms)
▶ primary navigation memory
  ✔ restores query state per list and removes unrelated nested query keys (0.367917ms)
  ✔ persists search only when leaving a list root (0.120916ms)
  ✔ forgets a root so cross-nav no longer restores it (0.037834ms)
  ✔ resolves same-section vs cross-section sidebar targets (0.111ms)
  ✔ builds nav link href from current search when active (0.101666ms)
✔ primary navigation memory (0.779875ms)
▶ navigation helpers
  ✔ removes playlist-detail resource filters when returning to the playlist list (0.0765ms)
  ✔ keeps home, search and media-library detail stacks scoped and reversible (0.541833ms)
  ✔ closes nested actress details back to their parent video context (0.518959ms)
  ✔ keeps stable series identity and release direction through its detail stack (0.093541ms)
  ✔ keeps director identity and query state through its stable detail stack (0.079417ms)
  ✔ opens an organization by stable id while preserving its role-list query (0.0695ms)
  ✔ keeps classification query only inside the same classification stack (0.050167ms)
  ✔ keeps video and actress navigation inside the stable organization stack (0.094833ms)
  ✔ keeps video and actress navigation inside the pending workbench stack (0.081833ms)
  ✔ opens actress detail from the pending inbox and returns to it (0.055625ms)
✔ navigation helpers (1.729667ms)
▶ settings route contract
  ✔ builds canonical settings paths and resolves valid sections (0.159667ms)
✔ settings route contract (0.176458ms)
▶ media-library settings state
  ✔ builds a trimmed create command, deduplicates roots and still allows an empty library (2.139333ms)
  ✔ builds minimal identity and section-scoped config patches (0.616125ms)
  ✔ normalizes an empty scraper and validates numeric scan boundaries (0.105416ms)
  ✔ gates destructive lifecycle commands (0.079792ms)
  ✔ allows cleanup-only scans but rejects a library with no work (0.046917ms)
  ✔ routes every root-owned record through cleanup before direct deletion (0.0515ms)
  ✔ reports partial root additions explicitly (0.041958ms)
  ✔ shows a terminal query error even before form drafts exist (0.039875ms)
✔ media-library settings state (3.5875ms)
✔ loads metadata once while paging 60/60/5 works and preserving the full count (482.502292ms)
✔ retries page errors, clamps a removed last page, and rejects late actor results (8.603ms)
✔ does not invalidate the new actor metadata when the old editor save settles late (10.035292ms)
✔ retains an open merge plan and its full count while the visible works refresh (10.725ms)
✔ does not reuse the prior actor page when an intervening actor request is still pending (4.787958ms)
▶ video detail section order
  ✔ renders a titled related-links section after video resources (0.3705ms)
✔ video detail section order (0.672208ms)
▶ HomePage
  ✔ searches in place while typing and restores discovery when cleared (900.424792ms)
  ✔ keeps discovery stable through refreshes and remounts until replaced (16.160417ms)
✔ HomePage (917.029042ms)
▶ HomePage search layout
  ✔ reserves shared toolbar-search padding for the icon and keyboard shortcut (2.543542ms)
  ✔ centers the search icon inside the shared input control (0.424209ms)
  ✔ keeps the keyboard shortcut on the same vertical center line (0.535792ms)
✔ HomePage search layout (3.972834ms)
✔ uses the shared switch for home discovery and keeps changes in the settings draft (259.874458ms)
▶ MediaLibrarySettingsPage layout
  ✔ uses the application settings width token and stays left aligned (3.339959ms)
  ✔ keeps compact library context above the old-style import workspace (11.044792ms)
✔ MediaLibrarySettingsPage layout (14.775083ms)
▶ ScanSettingsTab
  ✔ builds domain-correct deep links for scan identities and scrape candidates (264.876041ms)
  ✔ renders automatic local NFO import enabled by default and persists a switch change immediately (9.216584ms)
✔ ScanSettingsTab (274.584375ms)
✔ locates a deep actor group and loads only its detail before paging (397.481ms)
✔ keeps page and detail failures distinct and retries without a full list (201.278333ms)
✔ ignores a late old detail after selecting another group (153.71525ms)
✔ preserves an explicit decision across a category switch and detail overlay (222.484666ms)
✔ applies an ownership decision then clamps a deleted last page (160.409375ms)
✔ does not let a completed old mutation reset a newer group decision (268.315458ms)
✔ keeps actor paging in the all-domain view even when a scan item comes first (137.02925ms)
✔ asks the server about names outside the current page before editing (377.342541ms)
✔ keeps a stale resolution on the same group and requires a renewed decision (167.01425ms)
✔ isolates an old completion after navigating A to B and back to A (346.623834ms)
✔ stays on the deep-linked page after its selected group is resolved (158.346458ms)
✔ does not close a new discard dialog when an old A-B-A discard fails (272.924042ms)
✔ pages owner candidates and preserves a selected actor outside the current page (233.215625ms)
✔ retries picker failures and invalidates old page replies immediately while search debounces (486.478292ms)
✔ ignores an old actor choice after closing and reopening the same picker (212.53225ms)
✔ keeps the newest actor choice when earlier detail reads finish later (177.220042ms)
✔ keeps a direct group-owner decision after an older external-owner detail returns (201.4265ms)
✔ invalidates a pending external-owner choice when a decision is submitted (263.534458ms)
✔ ignores a picker choice after navigating group A-B-A (256.766208ms)
✔ locates a deep-linked pending item, pages with a bounded cache and ignores a late detail (347.065ms)
✔ shows an explicit page error and retries without fetching the full inbox (65.265042ms)
✔ recovers the last page after deletion and selects the surviving first item (87.501375ms)
✔ does not block a different queue when scrape count fails or reuse its disabled page total (87.14525ms)
✔ ignores an old page that resolves after navigation to a newer page (102.394208ms)
▶ PendingCenterPage scrape resolution
  ✔ carries an explicit director through merge-and-apply without stacking prompts (235.333959ms)
  ✔ previews either persisted identity and submits only after explicit confirmation (40.022458ms)
  ✔ shows the library filter only for scan decisions (27.881584ms)
  ✔ clears the library filter from the scoped empty state and keeps the scan tab selected (23.124334ms)
✔ PendingCenterPage scrape resolution (326.952333ms)
✔ locates scan anchors, reads only selected details and ignores late details after paging (306.347208ms)
✔ reports page errors and missing selected records without treating them as an empty queue (111.521583ms)
✔ clamps the deleted last page and does not show an old library page (175.729292ms)
✔ uses only count on another category and count failure does not block that category (44.758458ms)
✔ does not block scrape on a library listing failure (45.089333ms)
✔ resolves identity deep links to the scoped identity pane without group detail reads (46.047791ms)
✔ retries rejected selected detail without reloading full queues (134.616916ms)
✔ loads actor details only in its category and keeps inactive summary counts current (182.607417ms)
✔ shows unknown actor count without blocking scan when summary fails (47.325667ms)
✔ ignores an old playlist response arriving after navigation (213.089791ms)
✔ requests a bounded thumbnail for a playlist card (2.898458ms)
✔ does not refresh an old playlist when its removal finishes after navigation (5.867625ms)
✔ returns to the previous page when deleting the only item on the last page (5.358458ms)
✔ keeps the existing grid mounted during refresh after closing a nested video (2.621917ms)
✔ keeps the latest sort response when requests for the same playlist finish out of order (2.530416ms)
✔ reuses metadata while paging but refreshes it after a playlist mutation (3.52525ms)
✔ does not reuse stale metadata when filtering interrupts a forced refresh (3.103458ms)
✔ shows not found when a refreshed metadata read reports a deleted playlist (1.319417ms)
✔ refreshes the fallback cover with the new sort instead of reusing the old metadata (2.025375ms)
▶ PlaylistDetailPage resource filter feedback
  ✔ keeps the compact toolbar count without rendering an applied-filter bar (0.346417ms)
  ✔ uses an import action icon instead of a download icon (0.051125ms)
✔ PlaylistDetailPage resource filter feedback (0.737958ms)
▶ actress conflict review state
  ✔ keeps every action tied to its explicit user-visible scope (0.833375ms)
  ✔ expands changed impacts and keeps unchanged impacts collapsed initially (0.073291ms)
  ✔ uses the candidate-owned impact plan only when that candidate is the proposed owner (0.059042ms)
  ✔ sections groups by task state and sorts each section by display name (3.872208ms)
  ✔ selects the first source for viewing without preselecting a proposed owner (0.091625ms)
  ✔ explains empty, unchanged, moved, and conflict-free name edits (0.4005ms)
  ✔ builds the exact owner, pending, and actress versions shown to the user (0.097125ms)
  ✔ requires a replacement only when assigning away a current main name (0.06475ms)
  ✔ enables illegal-name confirmation only after every required replacement is valid (0.069458ms)
  ✔ requires an explicit partner, keeper, and final main name for conflict merges (0.182875ms)
  ✔ allows a pending-name-ownership pair to be merged (0.042042ms)
  ✔ keeps the current group or selects its next neighbor after refresh (0.139417ms)
✔ actress conflict review state (6.411208ms)
▶ conflictReviewRemote
  ✔ resolves ownership/merge/illegal and surfaces stale refresh (0.534333ms)
  ✔ discards a candidate and refreshes the queue (0.102958ms)
  ✔ validates replacement main names (0.168708ms)
  ✔ ignores an older live name inspection after a newer request wins (3.317833ms)
  ✔ invalidates an in-flight inspection cleanup (0.112ms)
✔ conflictReviewRemote (4.813458ms)
▶ conflictReviewSession
  ✔ resets decision draft when switching groups (0.46475ms)
  ✔ opens ownership replacement dialog when claimants need new main names (4.531959ms)
  ✔ applies refresh focus and stale message (0.151334ms)
  ✔ syncSelectedGroup initializes selection for the first available group (0.047458ms)
✔ conflictReviewSession (5.595833ms)
▶ conflict review latest request gate
  ✔ accepts only the newest async validation result (0.33075ms)
  ✔ invalidates an in-flight result when the workflow closes (0.070292ms)
  ✔ does not let stale cleanup invalidate the current request (0.042958ms)
✔ conflict review latest request gate (0.872042ms)
▶ media-library list surface state
  ✔ keeps archived libraries out of the writable catalog surface (0.315125ms)
✔ media-library list surface state (0.625709ms)
▶ pending center resolution state
  ✔ requires every scan resource to have an explicit valid target (0.439917ms)
  ✔ serializes scan targets only at the select-control boundary (0.530667ms)
  ✔ starts scrape candidates unselected and rejects stale candidate ids (0.081ms)
  ✔ shows the same deterministic default primary ordering as persisted resolution (0.143541ms)
  ✔ labels scan decisions with their owning media library (0.087208ms)
  ✔ shows resource identity conflicts in the scan queue without exposing a local path (0.054ms)
✔ pending center resolution state (1.749334ms)
▶ matchesPlaylistResourceFilter
  ✔ uses OR semantics and treats none as global zero resources (0.375333ms)
✔ matchesPlaylistResourceFilter (0.681084ms)
▶ useConflictReviewController
  ✔ wires queue selection and resets dialog draft when switching groups (46.704875ms)
  ✔ routes resolve through the nested view-model commands (16.728708ms)
✔ useConflictReviewController (63.869875ms)
✔ preserves an explicit ownership decision while detail reads are disabled and reenabled (153.664375ms)
▶ video business identity conflict presentation
  ✔ recognizes domain and database-boundary conflict messages (0.331042ms)
✔ video business identity conflict presentation (0.646416ms)
▶ video detail scraper selection
  ✔ prefers the active media-library default over the global default (0.328ms)
  ✔ does not retain the previous library default when the active library switches (0.051166ms)
  ✔ falls back to the global default when the active library has no override (0.041125ms)
✔ video detail scraper selection (0.7735ms)
▶ pending inbox state
  ✔ sums the aggregate media-library projection without per-library item reads (0.312458ms)
✔ pending inbox state (0.726709ms)
✔ keeps loading and failed inbox counts distinct from an empty inbox (0.073667ms)
▶ actress list renderer behavior
  ✔ does not load the full face-scan manifest for an ordinary actress page (1.992958ms)
  ✔ isolates cached pages when any query condition changes (0.563875ms)
  ✔ recombines the same session face-result subset for list filter changes (0.081042ms)
  ✔ keeps loaded pages after a failure and retries the same next-page offset (1.259625ms)
  ✔ keeps selected ids when later pages append more actresses (0.126291ms)
  ✔ restores scroll after detail return and resets it for a changed query (0.08975ms)
  ✔ clears every pending rail scroll scope on same-section primary navigation (0.484375ms)
✔ actress list renderer behavior (5.06ms)
▶ actress infinite list pages
  ✔ keeps loaded pages while requesting the next offset (0.799042ms)
  ✔ stops after every matching actress has loaded (0.076166ms)
✔ actress infinite list pages (1.22175ms)
▶ scoped video query keys
  ✔ keeps media-library caches isolated (0.766917ms)
  ✔ canonicalizes filtered all-library scopes (0.075917ms)
✔ scoped video query keys (1.189958ms)
▶ useInfiniteVideoList
  ✔ loads a library larger than the IPC page limit in bounded pages (27.795042ms)
✔ useInfiniteVideoList (28.278958ms)
✔ blocks route changes with a draft and saves before continuing through the real router (32.664875ms)
✔ keeps edits through unrelated refreshes and explicitly resets to the latest saved value (3.692667ms)
✔ preserves edits made while an earlier value is being saved (0.424792ms)
▶ renderer avatarCrop
  ✔ falls back to the standard preset for invalid stored values (0.491291ms)
  ✔ falls back to face centering for invalid stored values (0.087708ms)
  ✔ keeps landmark-based faces at the same visual size across source images (0.518667ms)
  ✔ reports when a tight source cannot reach the requested face size (0.075875ms)
  ✔ applies the continuous face ratio consistently (0.080625ms)
  ✔ centers the estimated crown-to-chin region in head mode (0.060166ms)
  ✔ centers segmented visible head bounds instead of the facial axis (0.062333ms)
  ✔ keeps zoom identical across centering modes (0.086666ms)
  ✔ keeps face-ratio changes effective when full-head protection is disabled (0.290125ms)
  ✔ keeps legacy near-square avatars aligned with cover preview layout (0.605292ms)
  ✔ detects the native cover-compatible default transform (0.034417ms)
  ✔ does not let a tainted canvas export crash the editor (0.1065ms)
✔ renderer avatarCrop (3.052791ms)
▶ video batch request scope
  ✔ requires and preserves the current library on library-surface requests (0.937625ms)
  ✔ keeps application-settings requests in explicit global compatibility mode (0.065ms)
✔ video batch request scope (1.361708ms)
▶ avatarCrop
  ✔ round-trips a valid v1 crop (0.841041ms)
  ✔ rejects crop when fingerprint mismatches (0.071458ms)
  ✔ scales offsets when viewSize changes (0.06975ms)
✔ avatarCrop (1.359958ms)
▶ normalizeClassificationName
  ✔ uses the shared identity normalization without collapsing meaningful script differences (0.617042ms)
  ✔ rejects names that become empty after normalization (0.151834ms)
✔ normalizeClassificationName (1.122375ms)
✔ only accepts finite thumbnail variants and preserves preview URL components (0.704459ms)
▶ buildLibraryScanNotification
  ✔ keeps a no-change successful scan quiet (0.418958ms)
  ✔ notifies for changes and reports each destructive count separately (0.095042ms)
  ✔ reports a metadata-only resource refresh as an update (0.509208ms)
  ✔ reports pending scan groups and their resource count before ordinary changes (0.042083ms)
  ✔ prioritizes offline and error outcomes over ordinary change notices (0.036084ms)
  ✔ reports isolated STRM failures without exposing target content (0.072333ms)
  ✔ reports a blocking processing failure before isolated STRM failures (0.05525ms)
✔ buildLibraryScanNotification (1.628166ms)
▶ sanitizeLibraryScanError
  ✔ removes HTTP credentials, query parameters, Magnet data, and ED2K targets (0.516ms)
  ✔ bounds arbitrary errors and never throws while formatting them (0.094792ms)
✔ sanitizeLibraryScanError (0.960959ms)
▶ normalizeLibraryScanSummary
  ✔ persists completed STRM failures with safe messages and a 50-item bound (0.674292ms)
✔ normalizeLibraryScanSummary (0.721958ms)
▶ NFO export foreground shortcut guard
  ✔ blocks reload, history, close, and application navigation shortcuts (0.476375ms)
  ✔ leaves modal controls and copy shortcuts usable (0.061584ms)
✔ NFO export foreground shortcut guard (1.143584ms)
▶ selectDefaultPendingScanPrimary
  ✔ prefers local resources and keeps duration, size, and path ordering (0.351666ms)
  ✔ orders STRM resources by actual target kind and then source path (0.082792ms)
✔ selectDefaultPendingScanPrimary (0.780708ms)
▶ pluginDevKindProfile
  ✔ normalizes testTarget and testTargets (0.880708ms)
  ✔ splits test targets only on commas or newlines and trims each group (0.132333ms)
  ✔ uses typed explicit targets as a diagnostic subset (0.728834ms)
  ✔ rejects URL/path targets and wrong-kind arguments (0.194792ms)
  ✔ testTargetsFromDryRun extracts identity from dry-run result (0.088167ms)
  ✔ profiles expose kind-specific labels and field helpers (0.081167ms)
✔ pluginDevKindProfile (2.556166ms)
▶ plugin field semantics registry
  ✔ covers every video and actress field with valid symmetric conflicts (0.546958ms)
  ✔ generates the Agent glossary from the selected registry fields (0.177792ms)
  ✔ projects female and male performers independently (0.597875ms)
  ✔ projects composite rating and measurements without collapsing their parts (0.066375ms)
✔ plugin field semantics registry (1.799084ms)
▶ PluginResultContractModule
  ✔ classifies every structural and selectable result key by kind (0.905666ms)
  ✔ projects every manifest field through at least one standard result key (0.074667ms)
  ✔ lists unknown raw keys once without guessing a field mapping (0.090625ms)
  ✔ keeps actress identity and source metadata informational (0.156667ms)
  ✔ detects field-level partial cast projection and legacy female default (0.0745ms)
  ✔ maps composite measurements and rating to their legal manifest fields (0.063083ms)
  ✔ rejects empty and identity-only effective results mechanically (0.09325ms)
✔ PluginResultContractModule (2.024ms)
▶ video resource source identity
  ✔ normalizes local file paths (0.338458ms)
  ✔ uses the STRM source file instead of its external target (0.0465ms)
  ✔ does not claim ownership of ordinary external resources (0.042084ms)
✔ video resource source identity (0.778667ms)
▶ videoResourceLinks
  ✔ normalizes HTTP identity without reordering query parameters or changing the path (0.791125ms)
  ✔ rejects local and executable protocols (0.141083ms)
  ✔ infers common video extensions as direct links and otherwise uses web links (0.062ms)
  ✔ masks query parameters in normal display text (0.058667ms)
  ✔ converts optional MB, GB, and TB values to integer bytes (0.05275ms)
  ✔ uses the Magnet xt identity while preserving the original link and deriving a name (0.184333ms)
  ✔ uses the ED2K file hash identity while deriving its file name (0.046291ms)
✔ videoResourceLinks (1.714792ms)
ℹ tests 2318
ℹ suites 349
ℹ pass 2317
ℹ fail 0
ℹ cancelled 0
ℹ skipped 1
ℹ todo 0
ℹ duration_ms 54395.935292
